task,split_name,feature_set,normalization_mode,model,n_train,n_test,train_label_counts,test_label_counts,accuracy,weighted_f1,balanced_accuracy,macro_f1,auroc,confusion_matrix,labels
keloid_binary,leave_accession_out_E-MTAB-2509,modules_rank_plus_expanded,quantile_rank,majority,231,27,"{'non_keloid': 140, 'keloid': 91}","{'non_keloid': 18, 'keloid': 9}",0.6666666666666666,0.5333333333333333,0.5,0.4,0.5,"[[0, 9], [0, 18]]","['keloid', 'non_keloid']"
keloid_binary,leave_accession_out_E-MTAB-2509,modules_rank_plus_expanded,quantile_rank,stratified_random,231,27,"{'non_keloid': 140, 'keloid': 91}","{'non_keloid': 18, 'keloid': 9}",0.4074074074074074,0.4242424242424242,0.38888888888888884,0.38636363636363635,0.3888888888888889,"[[3, 6], [10, 8]]","['keloid', 'non_keloid']"
keloid_binary,leave_accession_out_E-MTAB-2509,modules_rank_plus_expanded,quantile_rank,elastic_net_logreg,231,27,"{'non_keloid': 140, 'keloid': 91}","{'non_keloid': 18, 'keloid': 9}",0.7407407407407407,0.7474747474747474,0.75,0.7272727272727273,0.771604938271605,"[[7, 2], [5, 13]]","['keloid', 'non_keloid']"
keloid_binary,leave_accession_out_E-MTAB-2509,modules_rank_plus_expanded,quantile_rank,linear_svm,231,27,"{'non_keloid': 140, 'keloid': 91}","{'non_keloid': 18, 'keloid': 9}",0.7407407407407407,0.7474747474747474,0.75,0.7272727272727273,0.7777777777777779,"[[7, 2], [5, 13]]","['keloid', 'non_keloid']"
keloid_binary,leave_accession_out_E-MTAB-2509,modules_rank_plus_expanded,quantile_rank,random_forest,231,27,"{'non_keloid': 140, 'keloid': 91}","{'non_keloid': 18, 'keloid': 9}",0.6666666666666666,0.6461538461538462,0.5833333333333334,0.5846153846153846,0.7469135802469136,"[[3, 6], [3, 15]]","['keloid', 'non_keloid']"
keloid_binary,leave_accession_out_E-MTAB-2509,modules_rank_plus_expanded,quantile_rank,hist_gradient_boosting,231,27,"{'non_keloid': 140, 'keloid': 91}","{'non_keloid': 18, 'keloid': 9}",0.6296296296296297,0.6162280701754386,0.5555555555555556,0.555921052631579,0.5555555555555555,"[[3, 6], [4, 14]]","['keloid', 'non_keloid']"
keloid_binary,leave_accession_out_E-MTAB-2509,modules_rank_plus_expanded,quantile_rank,knn,231,27,"{'non_keloid': 140, 'keloid': 91}","{'non_keloid': 18, 'keloid': 9}",0.6666666666666666,0.6461538461538462,0.5833333333333334,0.5846153846153846,0.6296296296296298,"[[3, 6], [3, 15]]","['keloid', 'non_keloid']"
keloid_binary,leave_accession_out_E-MTAB-2509,modules_rank_plus_expanded,quantile_rank,small_mlp,231,27,"{'non_keloid': 140, 'keloid': 91}","{'non_keloid': 18, 'keloid': 9}",0.7777777777777778,0.7840909090909092,0.8055555555555556,0.7698863636363636,0.7839506172839505,"[[8, 1], [5, 13]]","['keloid', 'non_keloid']"
keloid_binary,leave_accession_out_E-MTAB-2509,modules_rank_only,quantile_rank,majority,231,27,"{'non_keloid': 140, 'keloid': 91}","{'non_keloid': 18, 'keloid': 9}",0.6666666666666666,0.5333333333333333,0.5,0.4,0.5,"[[0, 9], [0, 18]]","['keloid', 'non_keloid']"
keloid_binary,leave_accession_out_E-MTAB-2509,modules_rank_only,quantile_rank,stratified_random,231,27,"{'non_keloid': 140, 'keloid': 91}","{'non_keloid': 18, 'keloid': 9}",0.4074074074074074,0.4242424242424242,0.38888888888888884,0.38636363636363635,0.3888888888888889,"[[3, 6], [10, 8]]","['keloid', 'non_keloid']"
keloid_binary,leave_accession_out_E-MTAB-2509,modules_rank_only,quantile_rank,elastic_net_logreg,231,27,"{'non_keloid': 140, 'keloid': 91}","{'non_keloid': 18, 'keloid': 9}",0.7407407407407407,0.7474747474747474,0.75,0.7272727272727273,0.771604938271605,"[[7, 2], [5, 13]]","['keloid', 'non_keloid']"
keloid_binary,leave_accession_out_E-MTAB-2509,modules_rank_only,quantile_rank,linear_svm,231,27,"{'non_keloid': 140, 'keloid': 91}","{'non_keloid': 18, 'keloid': 9}",0.7407407407407407,0.7474747474747474,0.75,0.7272727272727273,0.7777777777777779,"[[7, 2], [5, 13]]","['keloid', 'non_keloid']"
keloid_binary,leave_accession_out_E-MTAB-2509,modules_rank_only,quantile_rank,random_forest,231,27,"{'non_keloid': 140, 'keloid': 91}","{'non_keloid': 18, 'keloid': 9}",0.7037037037037037,0.6929824561403508,0.6388888888888888,0.6447368421052632,0.7901234567901234,"[[4, 5], [3, 15]]","['keloid', 'non_keloid']"
keloid_binary,leave_accession_out_E-MTAB-2509,modules_rank_only,quantile_rank,hist_gradient_boosting,231,27,"{'non_keloid': 140, 'keloid': 91}","{'non_keloid': 18, 'keloid': 9}",0.5925925925925926,0.5675213675213675,0.5,0.49230769230769234,0.5925925925925927,"[[2, 7], [4, 14]]","['keloid', 'non_keloid']"
keloid_binary,leave_accession_out_E-MTAB-2509,modules_rank_only,quantile_rank,knn,231,27,"{'non_keloid': 140, 'keloid': 91}","{'non_keloid': 18, 'keloid': 9}",0.6666666666666666,0.6461538461538462,0.5833333333333334,0.5846153846153846,0.6574074074074074,"[[3, 6], [3, 15]]","['keloid', 'non_keloid']"
keloid_binary,leave_accession_out_E-MTAB-2509,modules_rank_only,quantile_rank,small_mlp,231,27,"{'non_keloid': 140, 'keloid': 91}","{'non_keloid': 18, 'keloid': 9}",0.6666666666666666,0.6731034482758621,0.7222222222222222,0.6648275862068966,0.6790123456790124,"[[8, 1], [8, 10]]","['keloid', 'non_keloid']"
keloid_binary,leave_accession_out_E-MTAB-2509,published_markers_only,quantile_rank,majority,231,27,"{'non_keloid': 140, 'keloid': 91}","{'non_keloid': 18, 'keloid': 9}",0.6666666666666666,0.5333333333333333,0.5,0.4,0.5,"[[0, 9], [0, 18]]","['keloid', 'non_keloid']"
keloid_binary,leave_accession_out_E-MTAB-2509,published_markers_only,quantile_rank,stratified_random,231,27,"{'non_keloid': 140, 'keloid': 91}","{'non_keloid': 18, 'keloid': 9}",0.4074074074074074,0.4242424242424242,0.38888888888888884,0.38636363636363635,0.3888888888888889,"[[3, 6], [10, 8]]","['keloid', 'non_keloid']"
keloid_binary,leave_accession_out_E-MTAB-2509,published_markers_only,quantile_rank,elastic_net_logreg,231,27,"{'non_keloid': 140, 'keloid': 91}","{'non_keloid': 18, 'keloid': 9}",0.5925925925925926,0.6031746031746031,0.5833333333333334,0.5714285714285714,0.6790123456790123,"[[5, 4], [7, 11]]","['keloid', 'non_keloid']"
keloid_binary,leave_accession_out_E-MTAB-2509,published_markers_only,quantile_rank,linear_svm,231,27,"{'non_keloid': 140, 'keloid': 91}","{'non_keloid': 18, 'keloid': 9}",0.6296296296296297,0.6372549019607844,0.6111111111111112,0.6029411764705883,0.691358024691358,"[[5, 4], [6, 12]]","['keloid', 'non_keloid']"
keloid_binary,leave_accession_out_E-MTAB-2509,published_markers_only,quantile_rank,random_forest,231,27,"{'non_keloid': 140, 'keloid': 91}","{'non_keloid': 18, 'keloid': 9}",0.7037037037037037,0.7037037037037037,0.6666666666666667,0.6666666666666667,0.7901234567901234,"[[5, 4], [4, 14]]","['keloid', 'non_keloid']"
keloid_binary,leave_accession_out_E-MTAB-2509,published_markers_only,quantile_rank,hist_gradient_boosting,231,27,"{'non_keloid': 140, 'keloid': 91}","{'non_keloid': 18, 'keloid': 9}",0.6296296296296297,0.6372549019607844,0.6111111111111112,0.6029411764705883,0.7716049382716049,"[[5, 4], [6, 12]]","['keloid', 'non_keloid']"
keloid_binary,leave_accession_out_E-MTAB-2509,published_markers_only,quantile_rank,knn,231,27,"{'non_keloid': 140, 'keloid': 91}","{'non_keloid': 18, 'keloid': 9}",0.6296296296296297,0.640151515151515,0.6388888888888888,0.6164772727272727,0.6080246913580247,"[[6, 3], [7, 11]]","['keloid', 'non_keloid']"
keloid_binary,leave_accession_out_E-MTAB-2509,published_markers_only,quantile_rank,small_mlp,231,27,"{'non_keloid': 140, 'keloid': 91}","{'non_keloid': 18, 'keloid': 9}",0.5925925925925926,0.5675213675213675,0.5,0.49230769230769234,0.47530864197530864,"[[2, 7], [4, 14]]","['keloid', 'non_keloid']"
keloid_binary,leave_accession_out_E-MTAB-2509,expanded_profibrotic_only,quantile_rank,majority,231,27,"{'non_keloid': 140, 'keloid': 91}","{'non_keloid': 18, 'keloid': 9}",0.6666666666666666,0.5333333333333333,0.5,0.4,0.5,"[[0, 9], [0, 18]]","['keloid', 'non_keloid']"
keloid_binary,leave_accession_out_E-MTAB-2509,expanded_profibrotic_only,quantile_rank,stratified_random,231,27,"{'non_keloid': 140, 'keloid': 91}","{'non_keloid': 18, 'keloid': 9}",0.4074074074074074,0.4242424242424242,0.38888888888888884,0.38636363636363635,0.3888888888888889,"[[3, 6], [10, 8]]","['keloid', 'non_keloid']"
keloid_binary,leave_accession_out_E-MTAB-2509,expanded_profibrotic_only,quantile_rank,elastic_net_logreg,231,27,"{'non_keloid': 140, 'keloid': 91}","{'non_keloid': 18, 'keloid': 9}",0.6296296296296297,0.640151515151515,0.6388888888888888,0.6164772727272727,0.6728395061728395,"[[6, 3], [7, 11]]","['keloid', 'non_keloid']"
keloid_binary,leave_accession_out_E-MTAB-2509,expanded_profibrotic_only,quantile_rank,linear_svm,231,27,"{'non_keloid': 140, 'keloid': 91}","{'non_keloid': 18, 'keloid': 9}",0.6296296296296297,0.640151515151515,0.6388888888888888,0.6164772727272727,0.6728395061728395,"[[6, 3], [7, 11]]","['keloid', 'non_keloid']"
keloid_binary,leave_accession_out_E-MTAB-2509,expanded_profibrotic_only,quantile_rank,random_forest,231,27,"{'non_keloid': 140, 'keloid': 91}","{'non_keloid': 18, 'keloid': 9}",0.5555555555555556,0.5647058823529412,0.5277777777777778,0.5235294117647059,0.6358024691358024,"[[4, 5], [7, 11]]","['keloid', 'non_keloid']"
keloid_binary,leave_accession_out_E-MTAB-2509,expanded_profibrotic_only,quantile_rank,hist_gradient_boosting,231,27,"{'non_keloid': 140, 'keloid': 91}","{'non_keloid': 18, 'keloid': 9}",0.5555555555555556,0.5142857142857143,0.4444444444444444,0.4214285714285714,0.6049382716049383,"[[1, 8], [4, 14]]","['keloid', 'non_keloid']"
keloid_binary,leave_accession_out_E-MTAB-2509,expanded_profibrotic_only,quantile_rank,knn,231,27,"{'non_keloid': 140, 'keloid': 91}","{'non_keloid': 18, 'keloid': 9}",0.6296296296296297,0.6372549019607844,0.6111111111111112,0.6029411764705883,0.691358024691358,"[[5, 4], [6, 12]]","['keloid', 'non_keloid']"
keloid_binary,leave_accession_out_E-MTAB-2509,expanded_profibrotic_only,quantile_rank,small_mlp,231,27,"{'non_keloid': 140, 'keloid': 91}","{'non_keloid': 18, 'keloid': 9}",0.6296296296296297,0.6388888888888888,0.6666666666666667,0.625,0.6728395061728395,"[[7, 2], [8, 10]]","['keloid', 'non_keloid']"
keloid_binary,leave_accession_out_E-MTAB-2509,shared_genes,quantile_rank,majority,231,27,"{'non_keloid': 140, 'keloid': 91}","{'non_keloid': 18, 'keloid': 9}",0.6666666666666666,0.5333333333333333,0.5,0.4,0.5,"[[0, 9], [0, 18]]","['keloid', 'non_keloid']"
keloid_binary,leave_accession_out_E-MTAB-2509,shared_genes,quantile_rank,stratified_random,231,27,"{'non_keloid': 140, 'keloid': 91}","{'non_keloid': 18, 'keloid': 9}",0.4074074074074074,0.4242424242424242,0.38888888888888884,0.38636363636363635,0.3888888888888889,"[[3, 6], [10, 8]]","['keloid', 'non_keloid']"
keloid_binary,leave_accession_out_E-MTAB-2509,shared_genes,quantile_rank,elastic_net_logreg,231,27,"{'non_keloid': 140, 'keloid': 91}","{'non_keloid': 18, 'keloid': 9}",0.5185185185185185,0.5108638049814521,0.4444444444444444,0.4419713831478538,0.4444444444444445,"[[2, 7], [6, 12]]","['keloid', 'non_keloid']"
keloid_binary,leave_accession_out_E-MTAB-2509,shared_genes,quantile_rank,linear_svm,231,27,"{'non_keloid': 140, 'keloid': 91}","{'non_keloid': 18, 'keloid': 9}",0.4074074074074074,0.4222222222222222,0.41666666666666663,0.4,0.4876543209876543,"[[4, 5], [11, 7]]","['keloid', 'non_keloid']"
keloid_binary,leave_accession_out_E-MTAB-2509,shared_genes,quantile_rank,random_forest,231,27,"{'non_keloid': 140, 'keloid': 91}","{'non_keloid': 18, 'keloid': 9}",0.6666666666666666,0.5333333333333333,0.5,0.4,0.8395061728395062,"[[0, 9], [0, 18]]","['keloid', 'non_keloid']"
keloid_binary,leave_accession_out_E-MTAB-2509,shared_genes,quantile_rank,hist_gradient_boosting,231,27,"{'non_keloid': 140, 'keloid': 91}","{'non_keloid': 18, 'keloid': 9}",0.7777777777777778,0.7840909090909092,0.8055555555555556,0.7698863636363636,0.8580246913580246,"[[8, 1], [5, 13]]","['keloid', 'non_keloid']"
keloid_binary,leave_accession_out_E-MTAB-2509,shared_genes,quantile_rank,knn,231,27,"{'non_keloid': 140, 'keloid': 91}","{'non_keloid': 18, 'keloid': 9}",0.37037037037037035,0.24160401002506263,0.5277777777777778,0.30977443609022554,0.5308641975308641,"[[9, 0], [17, 1]]","['keloid', 'non_keloid']"
keloid_binary,leave_accession_out_E-MTAB-4945,modules_rank_plus_expanded,quantile_rank,majority,315,40,"{'keloid': 176, 'non_keloid': 139}","{'keloid': 27, 'non_keloid': 13}",0.675,0.5440298507462686,0.5,0.40298507462686567,0.5,"[[27, 0], [13, 0]]","['keloid', 'non_keloid']"
keloid_binary,leave_accession_out_E-MTAB-4945,modules_rank_plus_expanded,quantile_rank,stratified_random,315,40,"{'keloid': 176, 'non_keloid': 139}","{'keloid': 27, 'non_keloid': 13}",0.65,0.6609375,0.6609686609686609,0.6354166666666667,0.6609686609686609,"[[17, 10], [4, 9]]","['keloid', 'non_keloid']"
keloid_binary,leave_accession_out_E-MTAB-4945,modules_rank_plus_expanded,quantile_rank,elastic_net_logreg,315,40,"{'keloid': 176, 'non_keloid': 139}","{'keloid': 27, 'non_keloid': 13}",0.65,0.6607416879795396,0.6809116809116809,0.6419437340153453,0.7435897435897436,"[[16, 11], [3, 10]]","['keloid', 'non_keloid']"
keloid_binary,leave_accession_out_E-MTAB-4945,modules_rank_plus_expanded,quantile_rank,linear_svm,315,40,"{'keloid': 176, 'non_keloid': 139}","{'keloid': 27, 'non_keloid': 13}",0.675,0.6852675693101224,0.6994301994301995,0.6647324306898775,0.7521367521367521,"[[17, 10], [3, 10]]","['keloid', 'non_keloid']"
keloid_binary,leave_accession_out_E-MTAB-4945,modules_rank_plus_expanded,quantile_rank,random_forest,315,40,"{'keloid': 176, 'non_keloid': 139}","{'keloid': 27, 'non_keloid': 13}",0.65,0.6607416879795396,0.6809116809116809,0.6419437340153453,0.7065527065527066,"[[16, 11], [3, 10]]","['keloid', 'non_keloid']"
keloid_binary,leave_accession_out_E-MTAB-4945,modules_rank_plus_expanded,quantile_rank,hist_gradient_boosting,315,40,"{'keloid': 176, 'non_keloid': 139}","{'keloid': 27, 'non_keloid': 13}",0.6,0.6125,0.603988603988604,0.5833333333333333,0.6182336182336183,"[[16, 11], [5, 8]]","['keloid', 'non_keloid']"
keloid_binary,leave_accession_out_E-MTAB-4945,modules_rank_plus_expanded,quantile_rank,knn,315,40,"{'keloid': 176, 'non_keloid': 139}","{'keloid': 27, 'non_keloid': 13}",0.575,0.5844827586206897,0.5455840455840456,0.5402298850574713,0.6396011396011396,"[[17, 10], [7, 6]]","['keloid', 'non_keloid']"
keloid_binary,leave_accession_out_E-MTAB-4945,modules_rank_plus_expanded,quantile_rank,small_mlp,315,40,"{'keloid': 176, 'non_keloid': 139}","{'keloid': 27, 'non_keloid': 13}",0.6,0.6,0.5441595441595442,0.5441595441595442,0.6723646723646723,"[[19, 8], [8, 5]]","['keloid', 'non_keloid']"
keloid_binary,leave_accession_out_E-MTAB-4945,modules_rank_only,quantile_rank,majority,315,40,"{'keloid': 176, 'non_keloid': 139}","{'keloid': 27, 'non_keloid': 13}",0.675,0.5440298507462686,0.5,0.40298507462686567,0.5,"[[27, 0], [13, 0]]","['keloid', 'non_keloid']"
keloid_binary,leave_accession_out_E-MTAB-4945,modules_rank_only,quantile_rank,stratified_random,315,40,"{'keloid': 176, 'non_keloid': 139}","{'keloid': 27, 'non_keloid': 13}",0.65,0.6609375,0.6609686609686609,0.6354166666666667,0.6609686609686609,"[[17, 10], [4, 9]]","['keloid', 'non_keloid']"
keloid_binary,leave_accession_out_E-MTAB-4945,modules_rank_only,quantile_rank,elastic_net_logreg,315,40,"{'keloid': 176, 'non_keloid': 139}","{'keloid': 27, 'non_keloid': 13}",0.575,0.5871428571428572,0.6054131054131053,0.5682539682539682,0.6723646723646723,"[[14, 13], [4, 9]]","['keloid', 'non_keloid']"
keloid_binary,leave_accession_out_E-MTAB-4945,modules_rank_only,quantile_rank,linear_svm,315,40,"{'keloid': 176, 'non_keloid': 139}","{'keloid': 27, 'non_keloid': 13}",0.6,0.6122762148337596,0.6239316239316239,0.5907928388746804,0.6752136752136753,"[[15, 12], [4, 9]]","['keloid', 'non_keloid']"
keloid_binary,leave_accession_out_E-MTAB-4945,modules_rank_only,quantile_rank,random_forest,315,40,"{'keloid': 176, 'non_keloid': 139}","{'keloid': 27, 'non_keloid': 13}",0.55,0.556766917293233,0.6068376068376069,0.5488721804511278,0.6951566951566952,"[[12, 15], [3, 10]]","['keloid', 'non_keloid']"
keloid_binary,leave_accession_out_E-MTAB-4945,modules_rank_only,quantile_rank,hist_gradient_boosting,315,40,"{'keloid': 176, 'non_keloid': 139}","{'keloid': 27, 'non_keloid': 13}",0.525,0.540006447453256,0.5284900284900285,0.5099935525467441,0.6353276353276354,"[[14, 13], [6, 7]]","['keloid', 'non_keloid']"
keloid_binary,leave_accession_out_E-MTAB-4945,modules_rank_only,quantile_rank,knn,315,40,"{'keloid': 176, 'non_keloid': 139}","{'keloid': 27, 'non_keloid': 13}",0.55,0.55,0.48717948717948717,0.48717948717948717,0.6125356125356125,"[[18, 9], [9, 4]]","['keloid', 'non_keloid']"
keloid_binary,leave_accession_out_E-MTAB-4945,modules_rank_only,quantile_rank,small_mlp,315,40,"{'keloid': 176, 'non_keloid': 139}","{'keloid': 27, 'non_keloid': 13}",0.625,0.6368471953578336,0.6424501424501424,0.6131528046421664,0.6638176638176638,"[[16, 11], [4, 9]]","['keloid', 'non_keloid']"
keloid_binary,leave_accession_out_E-MTAB-4945,published_markers_only,quantile_rank,majority,315,40,"{'keloid': 176, 'non_keloid': 139}","{'keloid': 27, 'non_keloid': 13}",0.675,0.5440298507462686,0.5,0.40298507462686567,0.5,"[[27, 0], [13, 0]]","['keloid', 'non_keloid']"
keloid_binary,leave_accession_out_E-MTAB-4945,published_markers_only,quantile_rank,stratified_random,315,40,"{'keloid': 176, 'non_keloid': 139}","{'keloid': 27, 'non_keloid': 13}",0.65,0.6609375,0.6609686609686609,0.6354166666666667,0.6609686609686609,"[[17, 10], [4, 9]]","['keloid', 'non_keloid']"
keloid_binary,leave_accession_out_E-MTAB-4945,published_markers_only,quantile_rank,elastic_net_logreg,315,40,"{'keloid': 176, 'non_keloid': 139}","{'keloid': 27, 'non_keloid': 13}",0.45,0.46687979539641944,0.452991452991453,0.4373401534526854,0.5698005698005699,"[[12, 15], [7, 6]]","['keloid', 'non_keloid']"
keloid_binary,leave_accession_out_E-MTAB-4945,published_markers_only,quantile_rank,linear_svm,315,40,"{'keloid': 176, 'non_keloid': 139}","{'keloid': 27, 'non_keloid': 13}",0.5,0.5153452685421994,0.50997150997151,0.48849104859335035,0.5555555555555556,"[[13, 14], [6, 7]]","['keloid', 'non_keloid']"
keloid_binary,leave_accession_out_E-MTAB-4945,published_markers_only,quantile_rank,random_forest,315,40,"{'keloid': 176, 'non_keloid': 139}","{'keloid': 27, 'non_keloid': 13}",0.525,0.5348522941546198,0.5683760683760684,0.5223130106851037,0.5783475783475784,"[[12, 15], [4, 9]]","['keloid', 'non_keloid']"
keloid_binary,leave_accession_out_E-MTAB-4945,published_markers_only,quantile_rank,hist_gradient_boosting,315,40,"{'keloid': 176, 'non_keloid': 139}","{'keloid': 27, 'non_keloid': 13}",0.6,0.61010101010101,0.6438746438746439,0.595959595959596,0.6894586894586895,"[[14, 13], [3, 10]]","['keloid', 'non_keloid']"
keloid_binary,leave_accession_out_E-MTAB-4945,published_markers_only,quantile_rank,knn,315,40,"{'keloid': 176, 'non_keloid': 139}","{'keloid': 27, 'non_keloid': 13}",0.6,0.6065934065934065,0.5641025641025641,0.5604395604395604,0.5384615384615384,"[[18, 9], [7, 6]]","['keloid', 'non_keloid']"
keloid_binary,leave_accession_out_E-MTAB-4945,published_markers_only,quantile_rank,small_mlp,315,40,"{'keloid': 176, 'non_keloid': 139}","{'keloid': 27, 'non_keloid': 13}",0.525,0.5385714285714285,0.5484330484330484,0.5174603174603174,0.6125356125356125,"[[13, 14], [5, 8]]","['keloid', 'non_keloid']"
keloid_binary,leave_accession_out_E-MTAB-4945,expanded_profibrotic_only,quantile_rank,majority,315,40,"{'keloid': 176, 'non_keloid': 139}","{'keloid': 27, 'non_keloid': 13}",0.675,0.5440298507462686,0.5,0.40298507462686567,0.5,"[[27, 0], [13, 0]]","['keloid', 'non_keloid']"
keloid_binary,leave_accession_out_E-MTAB-4945,expanded_profibrotic_only,quantile_rank,stratified_random,315,40,"{'keloid': 176, 'non_keloid': 139}","{'keloid': 27, 'non_keloid': 13}",0.65,0.6609375,0.6609686609686609,0.6354166666666667,0.6609686609686609,"[[17, 10], [4, 9]]","['keloid', 'non_keloid']"
keloid_binary,leave_accession_out_E-MTAB-4945,expanded_profibrotic_only,quantile_rank,elastic_net_logreg,315,40,"{'keloid': 176, 'non_keloid': 139}","{'keloid': 27, 'non_keloid': 13}",0.7,0.7092071611253197,0.7378917378917379,0.6930946291560103,0.7165242165242166,"[[17, 10], [2, 11]]","['keloid', 'non_keloid']"
keloid_binary,leave_accession_out_E-MTAB-4945,expanded_profibrotic_only,quantile_rank,linear_svm,315,40,"{'keloid': 176, 'non_keloid': 139}","{'keloid': 27, 'non_keloid': 13}",0.7,0.7092071611253197,0.7378917378917379,0.6930946291560103,0.7165242165242166,"[[17, 10], [2, 11]]","['keloid', 'non_keloid']"
keloid_binary,leave_accession_out_E-MTAB-4945,expanded_profibrotic_only,quantile_rank,random_forest,315,40,"{'keloid': 176, 'non_keloid': 139}","{'keloid': 27, 'non_keloid': 13}",0.5,0.515625,0.49002849002849,0.4791666666666667,0.5498575498575499,"[[14, 13], [7, 6]]","['keloid', 'non_keloid']"
keloid_binary,leave_accession_out_E-MTAB-4945,expanded_profibrotic_only,quantile_rank,hist_gradient_boosting,315,40,"{'keloid': 176, 'non_keloid': 139}","{'keloid': 27, 'non_keloid': 13}",0.475,0.4915860735009671,0.47150997150997154,0.4584139264990329,0.5455840455840456,"[[13, 14], [7, 6]]","['keloid', 'non_keloid']"
keloid_binary,leave_accession_out_E-MTAB-4945,expanded_profibrotic_only,quantile_rank,knn,315,40,"{'keloid': 176, 'non_keloid': 139}","{'keloid': 27, 'non_keloid': 13}",0.575,0.5875905200789993,0.5655270655270654,0.5523370638578011,0.6054131054131054,"[[16, 11], [6, 7]]","['keloid', 'non_keloid']"
keloid_binary,leave_accession_out_E-MTAB-4945,expanded_profibrotic_only,quantile_rank,small_mlp,315,40,"{'keloid': 176, 'non_keloid': 139}","{'keloid': 27, 'non_keloid': 13}",0.675,0.6779524807826695,0.6396011396011396,0.636617749825297,0.745014245014245,"[[20, 7], [6, 7]]","['keloid', 'non_keloid']"
keloid_binary,leave_accession_out_E-MTAB-4945,shared_genes,quantile_rank,majority,315,40,"{'keloid': 176, 'non_keloid': 139}","{'keloid': 27, 'non_keloid': 13}",0.675,0.5440298507462686,0.5,0.40298507462686567,0.5,"[[27, 0], [13, 0]]","['keloid', 'non_keloid']"
keloid_binary,leave_accession_out_E-MTAB-4945,shared_genes,quantile_rank,stratified_random,315,40,"{'keloid': 176, 'non_keloid': 139}","{'keloid': 27, 'non_keloid': 13}",0.65,0.6609375,0.6609686609686609,0.6354166666666667,0.6609686609686609,"[[17, 10], [4, 9]]","['keloid', 'non_keloid']"
keloid_binary,leave_accession_out_E-MTAB-4945,shared_genes,quantile_rank,elastic_net_logreg,315,40,"{'keloid': 176, 'non_keloid': 139}","{'keloid': 27, 'non_keloid': 13}",0.5,0.515625,0.49002849002849,0.4791666666666667,0.5783475783475784,"[[14, 13], [7, 6]]","['keloid', 'non_keloid']"
keloid_binary,leave_accession_out_E-MTAB-4945,shared_genes,quantile_rank,linear_svm,315,40,"{'keloid': 176, 'non_keloid': 139}","{'keloid': 27, 'non_keloid': 13}",0.425,0.4431656995486783,0.4145299145299145,0.40683430045132174,0.4358974358974359,"[[12, 15], [8, 5]]","['keloid', 'non_keloid']"
keloid_binary,leave_accession_out_E-MTAB-4945,shared_genes,quantile_rank,random_forest,315,40,"{'keloid': 176, 'non_keloid': 139}","{'keloid': 27, 'non_keloid': 13}",0.525,0.5205440900562852,0.6082621082621082,0.5247029393370857,0.4928774928774929,"[[10, 17], [2, 11]]","['keloid', 'non_keloid']"
keloid_binary,leave_accession_out_E-MTAB-4945,shared_genes,quantile_rank,hist_gradient_boosting,315,40,"{'keloid': 176, 'non_keloid': 139}","{'keloid': 27, 'non_keloid': 13}",0.625,0.6280487804878049,0.7022792022792023,0.6247654784240151,0.754985754985755,"[[13, 14], [1, 12]]","['keloid', 'non_keloid']"
keloid_binary,leave_accession_out_E-MTAB-4945,shared_genes,quantile_rank,knn,315,40,"{'keloid': 176, 'non_keloid': 139}","{'keloid': 27, 'non_keloid': 13}",0.575,0.5884268214055448,0.5854700854700855,0.5615731785944552,0.5498575498575499,"[[15, 12], [5, 8]]","['keloid', 'non_keloid']"
keloid_binary,leave_accession_out_GSE145725,modules_rank_plus_expanded,quantile_rank,majority,340,19,"{'non_keloid': 211, 'keloid': 129}","{'non_keloid': 10, 'keloid': 9}",0.5263157894736842,0.3629764065335753,0.5,0.3448275862068966,0.5,"[[0, 9], [0, 10]]","['keloid', 'non_keloid']"
keloid_binary,leave_accession_out_GSE145725,modules_rank_plus_expanded,quantile_rank,stratified_random,340,19,"{'non_keloid': 211, 'keloid': 129}","{'non_keloid': 10, 'keloid': 9}",0.6842105263157895,0.6842105263157895,0.6833333333333333,0.6833333333333333,0.6833333333333335,"[[6, 3], [3, 7]]","['keloid', 'non_keloid']"
keloid_binary,leave_accession_out_GSE145725,modules_rank_plus_expanded,quantile_rank,elastic_net_logreg,340,19,"{'non_keloid': 211, 'keloid': 129}","{'non_keloid': 10, 'keloid': 9}",0.631578947368421,0.631578947368421,0.6333333333333333,0.631578947368421,0.6888888888888889,"[[6, 3], [4, 6]]","['keloid', 'non_keloid']"
keloid_binary,leave_accession_out_GSE145725,modules_rank_plus_expanded,quantile_rank,linear_svm,340,19,"{'non_keloid': 211, 'keloid': 129}","{'non_keloid': 10, 'keloid': 9}",0.631578947368421,0.631578947368421,0.6333333333333333,0.631578947368421,0.7000000000000001,"[[6, 3], [4, 6]]","['keloid', 'non_keloid']"
keloid_binary,leave_accession_out_GSE145725,modules_rank_plus_expanded,quantile_rank,random_forest,340,19,"{'non_keloid': 211, 'keloid': 129}","{'non_keloid': 10, 'keloid': 9}",0.6842105263157895,0.6654135338345865,0.6722222222222223,0.6607142857142857,0.7,"[[4, 5], [1, 9]]","['keloid', 'non_keloid']"
keloid_binary,leave_accession_out_GSE145725,modules_rank_plus_expanded,quantile_rank,hist_gradient_boosting,340,19,"{'non_keloid': 211, 'keloid': 129}","{'non_keloid': 10, 'keloid': 9}",0.631578947368421,0.6187643020594965,0.6222222222222222,0.6144927536231883,0.6666666666666667,"[[4, 5], [2, 8]]","['keloid', 'non_keloid']"
keloid_binary,leave_accession_out_GSE145725,modules_rank_plus_expanded,quantile_rank,knn,340,19,"{'non_keloid': 211, 'keloid': 129}","{'non_keloid': 10, 'keloid': 9}",0.47368421052631576,0.464712918660287,0.4666666666666667,0.4602272727272727,0.5111111111111111,"[[3, 6], [4, 6]]","['keloid', 'non_keloid']"
keloid_binary,leave_accession_out_GSE145725,modules_rank_plus_expanded,quantile_rank,small_mlp,340,19,"{'non_keloid': 211, 'keloid': 129}","{'non_keloid': 10, 'keloid': 9}",0.631578947368421,0.631578947368421,0.6333333333333333,0.631578947368421,0.7666666666666667,"[[6, 3], [4, 6]]","['keloid', 'non_keloid']"
keloid_binary,leave_accession_out_GSE145725,modules_rank_only,quantile_rank,majority,340,19,"{'non_keloid': 211, 'keloid': 129}","{'non_keloid': 10, 'keloid': 9}",0.5263157894736842,0.3629764065335753,0.5,0.3448275862068966,0.5,"[[0, 9], [0, 10]]","['keloid', 'non_keloid']"
keloid_binary,leave_accession_out_GSE145725,modules_rank_only,quantile_rank,stratified_random,340,19,"{'non_keloid': 211, 'keloid': 129}","{'non_keloid': 10, 'keloid': 9}",0.6842105263157895,0.6842105263157895,0.6833333333333333,0.6833333333333333,0.6833333333333335,"[[6, 3], [3, 7]]","['keloid', 'non_keloid']"
keloid_binary,leave_accession_out_GSE145725,modules_rank_only,quantile_rank,elastic_net_logreg,340,19,"{'non_keloid': 211, 'keloid': 129}","{'non_keloid': 10, 'keloid': 9}",0.6842105263157895,0.6842105263157895,0.6833333333333333,0.6833333333333333,0.8555555555555556,"[[6, 3], [3, 7]]","['keloid', 'non_keloid']"
keloid_binary,leave_accession_out_GSE145725,modules_rank_only,quantile_rank,linear_svm,340,19,"{'non_keloid': 211, 'keloid': 129}","{'non_keloid': 10, 'keloid': 9}",0.6842105263157895,0.6842105263157895,0.6833333333333333,0.6833333333333333,0.8444444444444444,"[[6, 3], [3, 7]]","['keloid', 'non_keloid']"
keloid_binary,leave_accession_out_GSE145725,modules_rank_only,quantile_rank,random_forest,340,19,"{'non_keloid': 211, 'keloid': 129}","{'non_keloid': 10, 'keloid': 9}",0.6842105263157895,0.6654135338345865,0.6722222222222223,0.6607142857142857,0.7666666666666667,"[[4, 5], [1, 9]]","['keloid', 'non_keloid']"
keloid_binary,leave_accession_out_GSE145725,modules_rank_only,quantile_rank,hist_gradient_boosting,340,19,"{'non_keloid': 211, 'keloid': 129}","{'non_keloid': 10, 'keloid': 9}",0.7368421052631579,0.7353678313430635,0.7333333333333334,0.7338935574229692,0.6777777777777779,"[[6, 3], [2, 8]]","['keloid', 'non_keloid']"
keloid_binary,leave_accession_out_GSE145725,modules_rank_only,quantile_rank,knn,340,19,"{'non_keloid': 211, 'keloid': 129}","{'non_keloid': 10, 'keloid': 9}",0.631578947368421,0.631578947368421,0.6333333333333333,0.631578947368421,0.5944444444444444,"[[6, 3], [4, 6]]","['keloid', 'non_keloid']"
keloid_binary,leave_accession_out_GSE145725,modules_rank_only,quantile_rank,small_mlp,340,19,"{'non_keloid': 211, 'keloid': 129}","{'non_keloid': 10, 'keloid': 9}",0.631578947368421,0.631578947368421,0.6333333333333333,0.631578947368421,0.788888888888889,"[[6, 3], [4, 6]]","['keloid', 'non_keloid']"
keloid_binary,leave_accession_out_GSE145725,published_markers_only,quantile_rank,majority,340,19,"{'non_keloid': 211, 'keloid': 129}","{'non_keloid': 10, 'keloid': 9}",0.5263157894736842,0.3629764065335753,0.5,0.3448275862068966,0.5,"[[0, 9], [0, 10]]","['keloid', 'non_keloid']"
keloid_binary,leave_accession_out_GSE145725,published_markers_only,quantile_rank,stratified_random,340,19,"{'non_keloid': 211, 'keloid': 129}","{'non_keloid': 10, 'keloid': 9}",0.6842105263157895,0.6842105263157895,0.6833333333333333,0.6833333333333333,0.6833333333333335,"[[6, 3], [3, 7]]","['keloid', 'non_keloid']"
keloid_binary,leave_accession_out_GSE145725,published_markers_only,quantile_rank,elastic_net_logreg,340,19,"{'non_keloid': 211, 'keloid': 129}","{'non_keloid': 10, 'keloid': 9}",0.3157894736842105,0.3119563614919652,0.3111111111111111,0.3081232492997199,0.2,"[[2, 7], [6, 4]]","['keloid', 'non_keloid']"
keloid_binary,leave_accession_out_GSE145725,published_markers_only,quantile_rank,linear_svm,340,19,"{'non_keloid': 211, 'keloid': 129}","{'non_keloid': 10, 'keloid': 9}",0.3157894736842105,0.3119563614919652,0.3111111111111111,0.3081232492997199,0.18888888888888888,"[[2, 7], [6, 4]]","['keloid', 'non_keloid']"
keloid_binary,leave_accession_out_GSE145725,published_markers_only,quantile_rank,random_forest,340,19,"{'non_keloid': 211, 'keloid': 129}","{'non_keloid': 10, 'keloid': 9}",0.5789473684210527,0.5717703349282296,0.5722222222222222,0.5681818181818181,0.7111111111111111,"[[4, 5], [3, 7]]","['keloid', 'non_keloid']"
keloid_binary,leave_accession_out_GSE145725,published_markers_only,quantile_rank,hist_gradient_boosting,340,19,"{'non_keloid': 211, 'keloid': 129}","{'non_keloid': 10, 'keloid': 9}",0.631578947368421,0.6295149638802889,0.6277777777777778,0.6274509803921569,0.6777777777777778,"[[5, 4], [3, 7]]","['keloid', 'non_keloid']"
keloid_binary,leave_accession_out_GSE145725,published_markers_only,quantile_rank,knn,340,19,"{'non_keloid': 211, 'keloid': 129}","{'non_keloid': 10, 'keloid': 9}",0.6842105263157895,0.6654135338345865,0.6722222222222223,0.6607142857142857,0.6,"[[4, 5], [1, 9]]","['keloid', 'non_keloid']"
keloid_binary,leave_accession_out_GSE145725,published_markers_only,quantile_rank,small_mlp,340,19,"{'non_keloid': 211, 'keloid': 129}","{'non_keloid': 10, 'keloid': 9}",0.47368421052631576,0.402834008097166,0.4555555555555556,0.391025641025641,0.4222222222222222,"[[1, 8], [2, 8]]","['keloid', 'non_keloid']"
keloid_binary,leave_accession_out_GSE145725,expanded_profibrotic_only,quantile_rank,majority,340,19,"{'non_keloid': 211, 'keloid': 129}","{'non_keloid': 10, 'keloid': 9}",0.5263157894736842,0.3629764065335753,0.5,0.3448275862068966,0.5,"[[0, 9], [0, 10]]","['keloid', 'non_keloid']"
keloid_binary,leave_accession_out_GSE145725,expanded_profibrotic_only,quantile_rank,stratified_random,340,19,"{'non_keloid': 211, 'keloid': 129}","{'non_keloid': 10, 'keloid': 9}",0.6842105263157895,0.6842105263157895,0.6833333333333333,0.6833333333333333,0.6833333333333335,"[[6, 3], [3, 7]]","['keloid', 'non_keloid']"
keloid_binary,leave_accession_out_GSE145725,expanded_profibrotic_only,quantile_rank,elastic_net_logreg,340,19,"{'non_keloid': 211, 'keloid': 129}","{'non_keloid': 10, 'keloid': 9}",0.631578947368421,0.631578947368421,0.6333333333333333,0.631578947368421,0.7111111111111111,"[[6, 3], [4, 6]]","['keloid', 'non_keloid']"
keloid_binary,leave_accession_out_GSE145725,expanded_profibrotic_only,quantile_rank,linear_svm,340,19,"{'non_keloid': 211, 'keloid': 129}","{'non_keloid': 10, 'keloid': 9}",0.631578947368421,0.631578947368421,0.6333333333333333,0.631578947368421,0.7111111111111111,"[[6, 3], [4, 6]]","['keloid', 'non_keloid']"
keloid_binary,leave_accession_out_GSE145725,expanded_profibrotic_only,quantile_rank,random_forest,340,19,"{'non_keloid': 211, 'keloid': 129}","{'non_keloid': 10, 'keloid': 9}",0.5263157894736842,0.5098398169336384,0.5166666666666666,0.5043478260869565,0.5333333333333333,"[[3, 6], [3, 7]]","['keloid', 'non_keloid']"
keloid_binary,leave_accession_out_GSE145725,expanded_profibrotic_only,quantile_rank,hist_gradient_boosting,340,19,"{'non_keloid': 211, 'keloid': 129}","{'non_keloid': 10, 'keloid': 9}",0.5789473684210527,0.5538847117794485,0.5666666666666667,0.5476190476190476,0.5555555555555556,"[[3, 6], [2, 8]]","['keloid', 'non_keloid']"
keloid_binary,leave_accession_out_GSE145725,expanded_profibrotic_only,quantile_rank,knn,340,19,"{'non_keloid': 211, 'keloid': 129}","{'non_keloid': 10, 'keloid': 9}",0.5789473684210527,0.5222672064777328,0.5611111111111111,0.5128205128205128,0.611111111111111,"[[2, 7], [1, 9]]","['keloid', 'non_keloid']"
keloid_binary,leave_accession_out_GSE145725,expanded_profibrotic_only,quantile_rank,small_mlp,340,19,"{'non_keloid': 211, 'keloid': 129}","{'non_keloid': 10, 'keloid': 9}",0.5263157894736842,0.5183547103051748,0.5333333333333333,0.5210084033613445,0.7777777777777778,"[[6, 3], [6, 4]]","['keloid', 'non_keloid']"
keloid_binary,leave_accession_out_GSE145725,shared_genes,quantile_rank,majority,340,19,"{'non_keloid': 211, 'keloid': 129}","{'non_keloid': 10, 'keloid': 9}",0.5263157894736842,0.3629764065335753,0.5,0.3448275862068966,0.5,"[[0, 9], [0, 10]]","['keloid', 'non_keloid']"
keloid_binary,leave_accession_out_GSE145725,shared_genes,quantile_rank,stratified_random,340,19,"{'non_keloid': 211, 'keloid': 129}","{'non_keloid': 10, 'keloid': 9}",0.6842105263157895,0.6842105263157895,0.6833333333333333,0.6833333333333333,0.6833333333333335,"[[6, 3], [3, 7]]","['keloid', 'non_keloid']"
keloid_binary,leave_accession_out_GSE145725,shared_genes,quantile_rank,elastic_net_logreg,340,19,"{'non_keloid': 211, 'keloid': 129}","{'non_keloid': 10, 'keloid': 9}",0.3157894736842105,0.3119563614919652,0.3111111111111111,0.3081232492997199,0.37777777777777777,"[[2, 7], [6, 4]]","['keloid', 'non_keloid']"
keloid_binary,leave_accession_out_GSE145725,shared_genes,quantile_rank,linear_svm,340,19,"{'non_keloid': 211, 'keloid': 129}","{'non_keloid': 10, 'keloid': 9}",0.47368421052631576,0.47076023391812866,0.4777777777777778,0.4722222222222222,0.6333333333333334,"[[5, 4], [6, 4]]","['keloid', 'non_keloid']"
keloid_binary,leave_accession_out_GSE145725,shared_genes,quantile_rank,random_forest,340,19,"{'non_keloid': 211, 'keloid': 129}","{'non_keloid': 10, 'keloid': 9}",0.5263157894736842,0.3629764065335753,0.5,0.3448275862068966,0.5111111111111112,"[[0, 9], [0, 10]]","['keloid', 'non_keloid']"
keloid_binary,leave_accession_out_GSE145725,shared_genes,quantile_rank,hist_gradient_boosting,340,19,"{'non_keloid': 211, 'keloid': 129}","{'non_keloid': 10, 'keloid': 9}",0.42105263157894735,0.31189083820662766,0.4,0.2962962962962963,0.3666666666666667,"[[0, 9], [2, 8]]","['keloid', 'non_keloid']"
keloid_binary,leave_accession_out_GSE145725,shared_genes,quantile_rank,knn,340,19,"{'non_keloid': 211, 'keloid': 129}","{'non_keloid': 10, 'keloid': 9}",0.5263157894736842,0.3629764065335753,0.5,0.3448275862068966,0.5055555555555555,"[[0, 9], [0, 10]]","['keloid', 'non_keloid']"
keloid_binary,leave_accession_out_GSE158395,modules_rank_plus_expanded,quantile_rank,majority,262,13,"{'non_keloid': 173, 'keloid': 89}","{'keloid': 7, 'non_keloid': 6}",0.46153846153846156,0.291497975708502,0.5,0.3157894736842105,0.5,"[[0, 7], [0, 6]]","['keloid', 'non_keloid']"
keloid_binary,leave_accession_out_GSE158395,modules_rank_plus_expanded,quantile_rank,stratified_random,262,13,"{'non_keloid': 173, 'keloid': 89}","{'keloid': 7, 'non_keloid': 6}",0.46153846153846156,0.46153846153846156,0.4642857142857143,0.46153846153846156,0.4642857142857143,"[[3, 4], [3, 3]]","['keloid', 'non_keloid']"
keloid_binary,leave_accession_out_GSE158395,modules_rank_plus_expanded,quantile_rank,elastic_net_logreg,262,13,"{'non_keloid': 173, 'keloid': 89}","{'keloid': 7, 'non_keloid': 6}",0.7692307692307693,0.7692307692307693,0.7738095238095238,0.7692307692307693,0.7857142857142857,"[[5, 2], [1, 5]]","['keloid', 'non_keloid']"
keloid_binary,leave_accession_out_GSE158395,modules_rank_plus_expanded,quantile_rank,linear_svm,262,13,"{'non_keloid': 173, 'keloid': 89}","{'keloid': 7, 'non_keloid': 6}",0.7692307692307693,0.7692307692307693,0.7738095238095238,0.7692307692307693,0.7857142857142857,"[[5, 2], [1, 5]]","['keloid', 'non_keloid']"
keloid_binary,leave_accession_out_GSE158395,modules_rank_plus_expanded,quantile_rank,random_forest,262,13,"{'non_keloid': 173, 'keloid': 89}","{'keloid': 7, 'non_keloid': 6}",0.6153846153846154,0.6013986013986015,0.6309523809523809,0.606060606060606,0.7142857142857143,"[[3, 4], [1, 5]]","['keloid', 'non_keloid']"
keloid_binary,leave_accession_out_GSE158395,modules_rank_plus_expanded,quantile_rank,hist_gradient_boosting,262,13,"{'non_keloid': 173, 'keloid': 89}","{'keloid': 7, 'non_keloid': 6}",0.6923076923076923,0.6886446886446886,0.7023809523809523,0.6904761904761905,0.7380952380952381,"[[4, 3], [1, 5]]","['keloid', 'non_keloid']"
keloid_binary,leave_accession_out_GSE158395,modules_rank_plus_expanded,quantile_rank,knn,262,13,"{'non_keloid': 173, 'keloid': 89}","{'keloid': 7, 'non_keloid': 6}",0.6923076923076923,0.6807692307692308,0.6785714285714286,0.675,0.7023809523809523,"[[6, 1], [3, 3]]","['keloid', 'non_keloid']"
keloid_binary,leave_accession_out_GSE158395,modules_rank_plus_expanded,quantile_rank,small_mlp,262,13,"{'non_keloid': 173, 'keloid': 89}","{'keloid': 7, 'non_keloid': 6}",0.5384615384615384,0.5211538461538462,0.5238095238095238,0.5125,0.6904761904761905,"[[5, 2], [4, 2]]","['keloid', 'non_keloid']"
keloid_binary,leave_accession_out_GSE158395,modules_rank_only,quantile_rank,majority,262,13,"{'non_keloid': 173, 'keloid': 89}","{'keloid': 7, 'non_keloid': 6}",0.46153846153846156,0.291497975708502,0.5,0.3157894736842105,0.5,"[[0, 7], [0, 6]]","['keloid', 'non_keloid']"
keloid_binary,leave_accession_out_GSE158395,modules_rank_only,quantile_rank,stratified_random,262,13,"{'non_keloid': 173, 'keloid': 89}","{'keloid': 7, 'non_keloid': 6}",0.46153846153846156,0.46153846153846156,0.4642857142857143,0.46153846153846156,0.4642857142857143,"[[3, 4], [3, 3]]","['keloid', 'non_keloid']"
keloid_binary,leave_accession_out_GSE158395,modules_rank_only,quantile_rank,elastic_net_logreg,262,13,"{'non_keloid': 173, 'keloid': 89}","{'keloid': 7, 'non_keloid': 6}",0.7692307692307693,0.7692307692307693,0.7738095238095238,0.7692307692307693,0.7857142857142857,"[[5, 2], [1, 5]]","['keloid', 'non_keloid']"
keloid_binary,leave_accession_out_GSE158395,modules_rank_only,quantile_rank,linear_svm,262,13,"{'non_keloid': 173, 'keloid': 89}","{'keloid': 7, 'non_keloid': 6}",0.7692307692307693,0.7692307692307693,0.7738095238095238,0.7692307692307693,0.7857142857142857,"[[5, 2], [1, 5]]","['keloid', 'non_keloid']"
keloid_binary,leave_accession_out_GSE158395,modules_rank_only,quantile_rank,random_forest,262,13,"{'non_keloid': 173, 'keloid': 89}","{'keloid': 7, 'non_keloid': 6}",0.6923076923076923,0.6692307692307692,0.7142857142857143,0.675,0.6904761904761905,"[[3, 4], [0, 6]]","['keloid', 'non_keloid']"
keloid_binary,leave_accession_out_GSE158395,modules_rank_only,quantile_rank,hist_gradient_boosting,262,13,"{'non_keloid': 173, 'keloid': 89}","{'keloid': 7, 'non_keloid': 6}",0.6923076923076923,0.6886446886446886,0.7023809523809523,0.6904761904761905,0.7380952380952381,"[[4, 3], [1, 5]]","['keloid', 'non_keloid']"
keloid_binary,leave_accession_out_GSE158395,modules_rank_only,quantile_rank,knn,262,13,"{'non_keloid': 173, 'keloid': 89}","{'keloid': 7, 'non_keloid': 6}",0.6153846153846154,0.6153846153846154,0.6190476190476191,0.6153846153846154,0.6547619047619048,"[[4, 3], [2, 4]]","['keloid', 'non_keloid']"
keloid_binary,leave_accession_out_GSE158395,modules_rank_only,quantile_rank,small_mlp,262,13,"{'non_keloid': 173, 'keloid': 89}","{'keloid': 7, 'non_keloid': 6}",0.7692307692307693,0.7608391608391608,0.7857142857142857,0.7636363636363637,0.7857142857142857,"[[4, 3], [0, 6]]","['keloid', 'non_keloid']"
keloid_binary,leave_accession_out_GSE158395,published_markers_only,quantile_rank,majority,262,13,"{'non_keloid': 173, 'keloid': 89}","{'keloid': 7, 'non_keloid': 6}",0.46153846153846156,0.291497975708502,0.5,0.3157894736842105,0.5,"[[0, 7], [0, 6]]","['keloid', 'non_keloid']"
keloid_binary,leave_accession_out_GSE158395,published_markers_only,quantile_rank,stratified_random,262,13,"{'non_keloid': 173, 'keloid': 89}","{'keloid': 7, 'non_keloid': 6}",0.46153846153846156,0.46153846153846156,0.4642857142857143,0.46153846153846156,0.4642857142857143,"[[3, 4], [3, 3]]","['keloid', 'non_keloid']"
keloid_binary,leave_accession_out_GSE158395,published_markers_only,quantile_rank,elastic_net_logreg,262,13,"{'non_keloid': 173, 'keloid': 89}","{'keloid': 7, 'non_keloid': 6}",0.6923076923076923,0.6923076923076923,0.6904761904761905,0.6904761904761905,0.7619047619047619,"[[5, 2], [2, 4]]","['keloid', 'non_keloid']"
keloid_binary,leave_accession_out_GSE158395,published_markers_only,quantile_rank,linear_svm,262,13,"{'non_keloid': 173, 'keloid': 89}","{'keloid': 7, 'non_keloid': 6}",0.6923076923076923,0.6923076923076923,0.6904761904761905,0.6904761904761905,0.738095238095238,"[[5, 2], [2, 4]]","['keloid', 'non_keloid']"
keloid_binary,leave_accession_out_GSE158395,published_markers_only,quantile_rank,random_forest,262,13,"{'non_keloid': 173, 'keloid': 89}","{'keloid': 7, 'non_keloid': 6}",0.6923076923076923,0.6692307692307692,0.7142857142857143,0.675,0.7857142857142857,"[[3, 4], [0, 6]]","['keloid', 'non_keloid']"
keloid_binary,leave_accession_out_GSE158395,published_markers_only,quantile_rank,hist_gradient_boosting,262,13,"{'non_keloid': 173, 'keloid': 89}","{'keloid': 7, 'non_keloid': 6}",0.7692307692307693,0.7692307692307693,0.7738095238095238,0.7692307692307693,0.7619047619047619,"[[5, 2], [1, 5]]","['keloid', 'non_keloid']"
keloid_binary,leave_accession_out_GSE158395,published_markers_only,quantile_rank,knn,262,13,"{'non_keloid': 173, 'keloid': 89}","{'keloid': 7, 'non_keloid': 6}",0.7692307692307693,0.7692307692307693,0.7738095238095238,0.7692307692307693,0.8095238095238095,"[[5, 2], [1, 5]]","['keloid', 'non_keloid']"
keloid_binary,leave_accession_out_GSE158395,published_markers_only,quantile_rank,small_mlp,262,13,"{'non_keloid': 173, 'keloid': 89}","{'keloid': 7, 'non_keloid': 6}",0.46153846153846156,0.441958041958042,0.47619047619047616,0.4484848484848485,0.6190476190476191,"[[2, 5], [2, 4]]","['keloid', 'non_keloid']"
keloid_binary,leave_accession_out_GSE158395,expanded_profibrotic_only,quantile_rank,majority,262,13,"{'non_keloid': 173, 'keloid': 89}","{'keloid': 7, 'non_keloid': 6}",0.46153846153846156,0.291497975708502,0.5,0.3157894736842105,0.5,"[[0, 7], [0, 6]]","['keloid', 'non_keloid']"
keloid_binary,leave_accession_out_GSE158395,expanded_profibrotic_only,quantile_rank,stratified_random,262,13,"{'non_keloid': 173, 'keloid': 89}","{'keloid': 7, 'non_keloid': 6}",0.46153846153846156,0.46153846153846156,0.4642857142857143,0.46153846153846156,0.4642857142857143,"[[3, 4], [3, 3]]","['keloid', 'non_keloid']"
keloid_binary,leave_accession_out_GSE158395,expanded_profibrotic_only,quantile_rank,elastic_net_logreg,262,13,"{'non_keloid': 173, 'keloid': 89}","{'keloid': 7, 'non_keloid': 6}",0.8461538461538461,0.8461538461538461,0.8452380952380952,0.8452380952380952,0.8214285714285714,"[[6, 1], [1, 5]]","['keloid', 'non_keloid']"
keloid_binary,leave_accession_out_GSE158395,expanded_profibrotic_only,quantile_rank,linear_svm,262,13,"{'non_keloid': 173, 'keloid': 89}","{'keloid': 7, 'non_keloid': 6}",0.8461538461538461,0.8461538461538461,0.8452380952380952,0.8452380952380952,0.8214285714285714,"[[6, 1], [1, 5]]","['keloid', 'non_keloid']"
keloid_binary,leave_accession_out_GSE158395,expanded_profibrotic_only,quantile_rank,random_forest,262,13,"{'non_keloid': 173, 'keloid': 89}","{'keloid': 7, 'non_keloid': 6}",0.6153846153846154,0.6013986013986015,0.6309523809523809,0.606060606060606,0.5595238095238095,"[[3, 4], [1, 5]]","['keloid', 'non_keloid']"
keloid_binary,leave_accession_out_GSE158395,expanded_profibrotic_only,quantile_rank,hist_gradient_boosting,262,13,"{'non_keloid': 173, 'keloid': 89}","{'keloid': 7, 'non_keloid': 6}",0.6153846153846154,0.6013986013986015,0.6309523809523809,0.606060606060606,0.6785714285714286,"[[3, 4], [1, 5]]","['keloid', 'non_keloid']"
keloid_binary,leave_accession_out_GSE158395,expanded_profibrotic_only,quantile_rank,knn,262,13,"{'non_keloid': 173, 'keloid': 89}","{'keloid': 7, 'non_keloid': 6}",0.6153846153846154,0.6013986013986015,0.6309523809523809,0.606060606060606,0.5833333333333334,"[[3, 4], [1, 5]]","['keloid', 'non_keloid']"
keloid_binary,leave_accession_out_GSE158395,expanded_profibrotic_only,quantile_rank,small_mlp,262,13,"{'non_keloid': 173, 'keloid': 89}","{'keloid': 7, 'non_keloid': 6}",0.7692307692307693,0.7664335664335665,0.7619047619047619,0.7636363636363637,0.8690476190476191,"[[6, 1], [2, 4]]","['keloid', 'non_keloid']"
keloid_binary,leave_accession_out_GSE158395,shared_genes,quantile_rank,majority,262,13,"{'non_keloid': 173, 'keloid': 89}","{'keloid': 7, 'non_keloid': 6}",0.46153846153846156,0.291497975708502,0.5,0.3157894736842105,0.5,"[[0, 7], [0, 6]]","['keloid', 'non_keloid']"
keloid_binary,leave_accession_out_GSE158395,shared_genes,quantile_rank,stratified_random,262,13,"{'non_keloid': 173, 'keloid': 89}","{'keloid': 7, 'non_keloid': 6}",0.46153846153846156,0.46153846153846156,0.4642857142857143,0.46153846153846156,0.4642857142857143,"[[3, 4], [3, 3]]","['keloid', 'non_keloid']"
keloid_binary,leave_accession_out_GSE158395,shared_genes,quantile_rank,elastic_net_logreg,262,13,"{'non_keloid': 173, 'keloid': 89}","{'keloid': 7, 'non_keloid': 6}",0.5384615384615384,0.47435897435897434,0.5119047619047619,0.4583333333333333,0.4285714285714286,"[[6, 1], [5, 1]]","['keloid', 'non_keloid']"
keloid_binary,leave_accession_out_GSE158395,shared_genes,quantile_rank,linear_svm,262,13,"{'non_keloid': 173, 'keloid': 89}","{'keloid': 7, 'non_keloid': 6}",0.5384615384615384,0.37692307692307686,0.5,0.35,0.33333333333333337,"[[7, 0], [6, 0]]","['keloid', 'non_keloid']"
keloid_binary,leave_accession_out_GSE158395,shared_genes,quantile_rank,random_forest,262,13,"{'non_keloid': 173, 'keloid': 89}","{'keloid': 7, 'non_keloid': 6}",0.6153846153846154,0.5651080945198592,0.6428571428571428,0.5751633986928104,0.7142857142857143,"[[2, 5], [0, 6]]","['keloid', 'non_keloid']"
keloid_binary,leave_accession_out_GSE158395,shared_genes,quantile_rank,hist_gradient_boosting,262,13,"{'non_keloid': 173, 'keloid': 89}","{'keloid': 7, 'non_keloid': 6}",0.5384615384615384,0.4423076923076923,0.5714285714285714,0.4583333333333333,0.5238095238095238,"[[1, 6], [0, 6]]","['keloid', 'non_keloid']"
keloid_binary,leave_accession_out_GSE158395,shared_genes,quantile_rank,knn,262,13,"{'non_keloid': 173, 'keloid': 89}","{'keloid': 7, 'non_keloid': 6}",0.46153846153846156,0.3911513323278029,0.48809523809523814,0.40522875816993464,0.3214285714285715,"[[1, 6], [1, 5]]","['keloid', 'non_keloid']"
keloid_binary,leave_accession_out_GSE163973,modules_rank_plus_expanded,quantile_rank,majority,166,220,"{'keloid': 96, 'non_keloid': 70}","{'keloid': 110, 'non_keloid': 110}",0.5,0.3333333333333333,0.5,0.3333333333333333,0.5,"[[110, 0], [110, 0]]","['keloid', 'non_keloid']"
keloid_binary,leave_accession_out_GSE163973,modules_rank_plus_expanded,quantile_rank,stratified_random,166,220,"{'keloid': 96, 'non_keloid': 70}","{'keloid': 110, 'non_keloid': 110}",0.4954545454545455,0.4898790499467318,0.4954545454545455,0.4898790499467318,0.4954545454545454,"[[66, 44], [67, 43]]","['keloid', 'non_keloid']"
keloid_binary,leave_accession_out_GSE163973,modules_rank_plus_expanded,quantile_rank,elastic_net_logreg,166,220,"{'keloid': 96, 'non_keloid': 70}","{'keloid': 110, 'non_keloid': 110}",0.6545454545454545,0.6540880503144654,0.6545454545454545,0.6540880503144654,0.7207438016528925,"[[76, 34], [42, 68]]","['keloid', 'non_keloid']"
keloid_binary,leave_accession_out_GSE163973,modules_rank_plus_expanded,quantile_rank,linear_svm,166,220,"{'keloid': 96, 'non_keloid': 70}","{'keloid': 110, 'non_keloid': 110}",0.6181818181818182,0.6180555555555556,0.6181818181818182,0.6180555555555556,0.7117355371900826,"[[70, 40], [44, 66]]","['keloid', 'non_keloid']"
keloid_binary,leave_accession_out_GSE163973,modules_rank_plus_expanded,quantile_rank,random_forest,166,220,"{'keloid': 96, 'non_keloid': 70}","{'keloid': 110, 'non_keloid': 110}",0.6090909090909091,0.599525865718398,0.6090909090909091,0.5995258657183982,0.6685123966942148,"[[84, 26], [60, 50]]","['keloid', 'non_keloid']"
keloid_binary,leave_accession_out_GSE163973,modules_rank_plus_expanded,quantile_rank,hist_gradient_boosting,166,220,"{'keloid': 96, 'non_keloid': 70}","{'keloid': 110, 'non_keloid': 110}",0.6136363636363636,0.6122825568617692,0.6136363636363636,0.6122825568617694,0.6550826446280992,"[[74, 36], [49, 61]]","['keloid', 'non_keloid']"
keloid_binary,leave_accession_out_GSE163973,modules_rank_plus_expanded,quantile_rank,knn,166,220,"{'keloid': 96, 'non_keloid': 70}","{'keloid': 110, 'non_keloid': 110}",0.6590909090909091,0.6553236823964405,0.6590909090909092,0.6553236823964403,0.6833884297520663,"[[84, 26], [49, 61]]","['keloid', 'non_keloid']"
keloid_binary,leave_accession_out_GSE163973,modules_rank_plus_expanded,quantile_rank,small_mlp,166,220,"{'keloid': 96, 'non_keloid': 70}","{'keloid': 110, 'non_keloid': 110}",0.6681818181818182,0.6536927223719676,0.6681818181818182,0.6536927223719676,0.7371074380165289,"[[96, 14], [59, 51]]","['keloid', 'non_keloid']"
keloid_binary,leave_accession_out_GSE163973,modules_rank_only,quantile_rank,majority,166,220,"{'keloid': 96, 'non_keloid': 70}","{'keloid': 110, 'non_keloid': 110}",0.5,0.3333333333333333,0.5,0.3333333333333333,0.5,"[[110, 0], [110, 0]]","['keloid', 'non_keloid']"
keloid_binary,leave_accession_out_GSE163973,modules_rank_only,quantile_rank,stratified_random,166,220,"{'keloid': 96, 'non_keloid': 70}","{'keloid': 110, 'non_keloid': 110}",0.4954545454545455,0.4898790499467318,0.4954545454545455,0.4898790499467318,0.4954545454545454,"[[66, 44], [67, 43]]","['keloid', 'non_keloid']"
keloid_binary,leave_accession_out_GSE163973,modules_rank_only,quantile_rank,elastic_net_logreg,166,220,"{'keloid': 96, 'non_keloid': 70}","{'keloid': 110, 'non_keloid': 110}",0.6590909090909091,0.6585194230013038,0.6590909090909091,0.6585194230013038,0.7243801652892562,"[[77, 33], [42, 68]]","['keloid', 'non_keloid']"
keloid_binary,leave_accession_out_GSE163973,modules_rank_only,quantile_rank,linear_svm,166,220,"{'keloid': 96, 'non_keloid': 70}","{'keloid': 110, 'non_keloid': 110}",0.6454545454545455,0.6451906376643785,0.6454545454545455,0.6451906376643785,0.71801652892562,"[[74, 36], [42, 68]]","['keloid', 'non_keloid']"
keloid_binary,leave_accession_out_GSE163973,modules_rank_only,quantile_rank,random_forest,166,220,"{'keloid': 96, 'non_keloid': 70}","{'keloid': 110, 'non_keloid': 110}",0.6545454545454545,0.648,0.6545454545454545,0.6479999999999999,0.6990909090909092,"[[87, 23], [53, 57]]","['keloid', 'non_keloid']"
keloid_binary,leave_accession_out_GSE163973,modules_rank_only,quantile_rank,hist_gradient_boosting,166,220,"{'keloid': 96, 'non_keloid': 70}","{'keloid': 110, 'non_keloid': 110}",0.6409090909090909,0.6396508469656446,0.6409090909090909,0.6396508469656446,0.6867355371900826,"[[77, 33], [46, 64]]","['keloid', 'non_keloid']"
keloid_binary,leave_accession_out_GSE163973,modules_rank_only,quantile_rank,knn,166,220,"{'keloid': 96, 'non_keloid': 70}","{'keloid': 110, 'non_keloid': 110}",0.6863636363636364,0.6808175108812212,0.6863636363636364,0.6808175108812212,0.7043801652892563,"[[90, 20], [49, 61]]","['keloid', 'non_keloid']"
keloid_binary,leave_accession_out_GSE163973,modules_rank_only,quantile_rank,small_mlp,166,220,"{'keloid': 96, 'non_keloid': 70}","{'keloid': 110, 'non_keloid': 110}",0.4590909090909091,0.42837179851088447,0.4590909090909091,0.42837179851088447,0.6139669421487604,"[[76, 34], [85, 25]]","['keloid', 'non_keloid']"
keloid_binary,leave_accession_out_GSE163973,published_markers_only,quantile_rank,majority,166,220,"{'keloid': 96, 'non_keloid': 70}","{'keloid': 110, 'non_keloid': 110}",0.5,0.3333333333333333,0.5,0.3333333333333333,0.5,"[[110, 0], [110, 0]]","['keloid', 'non_keloid']"
keloid_binary,leave_accession_out_GSE163973,published_markers_only,quantile_rank,stratified_random,166,220,"{'keloid': 96, 'non_keloid': 70}","{'keloid': 110, 'non_keloid': 110}",0.4954545454545455,0.4898790499467318,0.4954545454545455,0.4898790499467318,0.4954545454545454,"[[66, 44], [67, 43]]","['keloid', 'non_keloid']"
keloid_binary,leave_accession_out_GSE163973,published_markers_only,quantile_rank,elastic_net_logreg,166,220,"{'keloid': 96, 'non_keloid': 70}","{'keloid': 110, 'non_keloid': 110}",0.6272727272727273,0.6269952857497312,0.6272727272727272,0.6269952857497312,0.6866942148760331,"[[72, 38], [44, 66]]","['keloid', 'non_keloid']"
keloid_binary,leave_accession_out_GSE163973,published_markers_only,quantile_rank,linear_svm,166,220,"{'keloid': 96, 'non_keloid': 70}","{'keloid': 110, 'non_keloid': 110}",0.5772727272727273,0.5752983912817851,0.5772727272727273,0.5752983912817852,0.683801652892562,"[[71, 39], [54, 56]]","['keloid', 'non_keloid']"
keloid_binary,leave_accession_out_GSE163973,published_markers_only,quantile_rank,random_forest,166,220,"{'keloid': 96, 'non_keloid': 70}","{'keloid': 110, 'non_keloid': 110}",0.6818181818181818,0.6749408983451536,0.6818181818181819,0.6749408983451537,0.7603305785123967,"[[91, 19], [51, 59]]","['keloid', 'non_keloid']"
keloid_binary,leave_accession_out_GSE163973,published_markers_only,quantile_rank,hist_gradient_boosting,166,220,"{'keloid': 96, 'non_keloid': 70}","{'keloid': 110, 'non_keloid': 110}",0.6227272727272727,0.6169578989322649,0.6227272727272728,0.6169578989322649,0.6987603305785125,"[[82, 28], [55, 55]]","['keloid', 'non_keloid']"
keloid_binary,leave_accession_out_GSE163973,published_markers_only,quantile_rank,knn,166,220,"{'keloid': 96, 'non_keloid': 70}","{'keloid': 110, 'non_keloid': 110}",0.4772727272727273,0.47149631300787537,0.4772727272727273,0.47149631300787537,0.43421487603305786,"[[64, 46], [69, 41]]","['keloid', 'non_keloid']"
keloid_binary,leave_accession_out_GSE163973,published_markers_only,quantile_rank,small_mlp,166,220,"{'keloid': 96, 'non_keloid': 70}","{'keloid': 110, 'non_keloid': 110}",0.6318181818181818,0.6308954203691046,0.6318181818181818,0.6308954203691046,0.7051239669421487,"[[75, 35], [46, 64]]","['keloid', 'non_keloid']"
keloid_binary,leave_accession_out_GSE163973,expanded_profibrotic_only,quantile_rank,majority,166,220,"{'keloid': 96, 'non_keloid': 70}","{'keloid': 110, 'non_keloid': 110}",0.5,0.3333333333333333,0.5,0.3333333333333333,0.5,"[[110, 0], [110, 0]]","['keloid', 'non_keloid']"
keloid_binary,leave_accession_out_GSE163973,expanded_profibrotic_only,quantile_rank,stratified_random,166,220,"{'keloid': 96, 'non_keloid': 70}","{'keloid': 110, 'non_keloid': 110}",0.4954545454545455,0.4898790499467318,0.4954545454545455,0.4898790499467318,0.4954545454545454,"[[66, 44], [67, 43]]","['keloid', 'non_keloid']"
keloid_binary,leave_accession_out_GSE163973,expanded_profibrotic_only,quantile_rank,elastic_net_logreg,166,220,"{'keloid': 96, 'non_keloid': 70}","{'keloid': 110, 'non_keloid': 110}",0.6363636363636364,0.6363636363636364,0.6363636363636364,0.6363636363636364,0.7394628099173554,"[[70, 40], [40, 70]]","['keloid', 'non_keloid']"
keloid_binary,leave_accession_out_GSE163973,expanded_profibrotic_only,quantile_rank,linear_svm,166,220,"{'keloid': 96, 'non_keloid': 70}","{'keloid': 110, 'non_keloid': 110}",0.6363636363636364,0.6363636363636364,0.6363636363636364,0.6363636363636364,0.7394628099173554,"[[70, 40], [40, 70]]","['keloid', 'non_keloid']"
keloid_binary,leave_accession_out_GSE163973,expanded_profibrotic_only,quantile_rank,random_forest,166,220,"{'keloid': 96, 'non_keloid': 70}","{'keloid': 110, 'non_keloid': 110}",0.5318181818181819,0.5310333409217906,0.5318181818181819,0.5310333409217906,0.5304132231404959,"[[63, 47], [56, 54]]","['keloid', 'non_keloid']"
keloid_binary,leave_accession_out_GSE163973,expanded_profibrotic_only,quantile_rank,hist_gradient_boosting,166,220,"{'keloid': 96, 'non_keloid': 70}","{'keloid': 110, 'non_keloid': 110}",0.6318181818181818,0.6296065348880714,0.6318181818181818,0.6296065348880713,0.6139669421487604,"[[78, 32], [49, 61]]","['keloid', 'non_keloid']"
keloid_binary,leave_accession_out_GSE163973,expanded_profibrotic_only,quantile_rank,knn,166,220,"{'keloid': 96, 'non_keloid': 70}","{'keloid': 110, 'non_keloid': 110}",0.5545454545454546,0.553623188405797,0.5545454545454545,0.5536231884057972,0.5449586776859504,"[[66, 44], [54, 56]]","['keloid', 'non_keloid']"
keloid_binary,leave_accession_out_GSE163973,expanded_profibrotic_only,quantile_rank,small_mlp,166,220,"{'keloid': 96, 'non_keloid': 70}","{'keloid': 110, 'non_keloid': 110}",0.55,0.5284795739429758,0.55,0.528479573942976,0.6761570247933885,"[[84, 26], [73, 37]]","['keloid', 'non_keloid']"
keloid_binary,leave_accession_out_GSE163973,shared_genes,quantile_rank,majority,166,220,"{'keloid': 96, 'non_keloid': 70}","{'keloid': 110, 'non_keloid': 110}",0.5,0.3333333333333333,0.5,0.3333333333333333,0.5,"[[110, 0], [110, 0]]","['keloid', 'non_keloid']"
keloid_binary,leave_accession_out_GSE163973,shared_genes,quantile_rank,stratified_random,166,220,"{'keloid': 96, 'non_keloid': 70}","{'keloid': 110, 'non_keloid': 110}",0.4954545454545455,0.4898790499467318,0.4954545454545455,0.4898790499467318,0.4954545454545454,"[[66, 44], [67, 43]]","['keloid', 'non_keloid']"
keloid_binary,leave_accession_out_GSE163973,shared_genes,quantile_rank,elastic_net_logreg,166,220,"{'keloid': 96, 'non_keloid': 70}","{'keloid': 110, 'non_keloid': 110}",0.5454545454545454,0.5451162021338185,0.5454545454545454,0.5451162021338185,0.6058677685950413,"[[57, 53], [47, 63]]","['keloid', 'non_keloid']"
keloid_binary,leave_accession_out_GSE163973,shared_genes,quantile_rank,linear_svm,166,220,"{'keloid': 96, 'non_keloid': 70}","{'keloid': 110, 'non_keloid': 110}",0.6045454545454545,0.6038825306815123,0.6045454545454545,0.6038825306815124,0.6469421487603306,"[[62, 48], [39, 71]]","['keloid', 'non_keloid']"
keloid_binary,leave_accession_out_GSE163973,shared_genes,quantile_rank,random_forest,166,220,"{'keloid': 96, 'non_keloid': 70}","{'keloid': 110, 'non_keloid': 110}",0.5318181818181819,0.46645946645946645,0.5318181818181819,0.46645946645946645,0.6832231404958677,"[[97, 13], [90, 20]]","['keloid', 'non_keloid']"
keloid_binary,leave_accession_out_GSE163973,shared_genes,quantile_rank,hist_gradient_boosting,166,220,"{'keloid': 96, 'non_keloid': 70}","{'keloid': 110, 'non_keloid': 110}",0.5272727272727272,0.514266304347826,0.5272727272727273,0.514266304347826,0.6037190082644628,"[[76, 34], [70, 40]]","['keloid', 'non_keloid']"
keloid_binary,leave_accession_out_GSE163973,shared_genes,quantile_rank,knn,166,220,"{'keloid': 96, 'non_keloid': 70}","{'keloid': 110, 'non_keloid': 110}",0.39545454545454545,0.3797562268150504,0.39545454545454545,0.3797562268150504,0.40326446280991735,"[[61, 49], [84, 26]]","['keloid', 'non_keloid']"
keloid_binary,leave_accession_out_GSE181297,modules_rank_plus_expanded,quantile_rank,majority,379,7,"{'non_keloid': 210, 'keloid': 169}","{'keloid': 4, 'non_keloid': 3}",0.42857142857142855,0.2571428571428571,0.5,0.3,0.5,"[[0, 4], [0, 3]]","['keloid', 'non_keloid']"
keloid_binary,leave_accession_out_GSE181297,modules_rank_plus_expanded,quantile_rank,stratified_random,379,7,"{'non_keloid': 210, 'keloid': 169}","{'keloid': 4, 'non_keloid': 3}",0.5714285714285714,0.5523809523809524,0.5416666666666666,0.5333333333333333,0.5416666666666666,"[[3, 1], [2, 1]]","['keloid', 'non_keloid']"
keloid_binary,leave_accession_out_GSE181297,modules_rank_plus_expanded,quantile_rank,elastic_net_logreg,379,7,"{'non_keloid': 210, 'keloid': 169}","{'keloid': 4, 'non_keloid': 3}",1.0,1.0,1.0,1.0,1.0,"[[4, 0], [0, 3]]","['keloid', 'non_keloid']"
keloid_binary,leave_accession_out_GSE181297,modules_rank_plus_expanded,quantile_rank,linear_svm,379,7,"{'non_keloid': 210, 'keloid': 169}","{'keloid': 4, 'non_keloid': 3}",1.0,1.0,1.0,1.0,1.0,"[[4, 0], [0, 3]]","['keloid', 'non_keloid']"
keloid_binary,leave_accession_out_GSE181297,modules_rank_plus_expanded,quantile_rank,random_forest,379,7,"{'non_keloid': 210, 'keloid': 169}","{'keloid': 4, 'non_keloid': 3}",1.0,1.0,1.0,1.0,1.0,"[[4, 0], [0, 3]]","['keloid', 'non_keloid']"
keloid_binary,leave_accession_out_GSE181297,modules_rank_plus_expanded,quantile_rank,hist_gradient_boosting,379,7,"{'non_keloid': 210, 'keloid': 169}","{'keloid': 4, 'non_keloid': 3}",0.7142857142857143,0.7142857142857143,0.7083333333333333,0.7083333333333333,0.9166666666666666,"[[3, 1], [1, 2]]","['keloid', 'non_keloid']"
keloid_binary,leave_accession_out_GSE181297,modules_rank_plus_expanded,quantile_rank,knn,379,7,"{'non_keloid': 210, 'keloid': 169}","{'keloid': 4, 'non_keloid': 3}",0.7142857142857143,0.7142857142857143,0.7083333333333333,0.7083333333333333,0.7916666666666666,"[[3, 1], [1, 2]]","['keloid', 'non_keloid']"
keloid_binary,leave_accession_out_GSE181297,modules_rank_plus_expanded,quantile_rank,small_mlp,379,7,"{'non_keloid': 210, 'keloid': 169}","{'keloid': 4, 'non_keloid': 3}",1.0,1.0,1.0,1.0,1.0,"[[4, 0], [0, 3]]","['keloid', 'non_keloid']"
keloid_binary,leave_accession_out_GSE181297,modules_rank_only,quantile_rank,majority,379,7,"{'non_keloid': 210, 'keloid': 169}","{'keloid': 4, 'non_keloid': 3}",0.42857142857142855,0.2571428571428571,0.5,0.3,0.5,"[[0, 4], [0, 3]]","['keloid', 'non_keloid']"
keloid_binary,leave_accession_out_GSE181297,modules_rank_only,quantile_rank,stratified_random,379,7,"{'non_keloid': 210, 'keloid': 169}","{'keloid': 4, 'non_keloid': 3}",0.5714285714285714,0.5523809523809524,0.5416666666666666,0.5333333333333333,0.5416666666666666,"[[3, 1], [2, 1]]","['keloid', 'non_keloid']"
keloid_binary,leave_accession_out_GSE181297,modules_rank_only,quantile_rank,elastic_net_logreg,379,7,"{'non_keloid': 210, 'keloid': 169}","{'keloid': 4, 'non_keloid': 3}",1.0,1.0,1.0,1.0,1.0,"[[4, 0], [0, 3]]","['keloid', 'non_keloid']"
keloid_binary,leave_accession_out_GSE181297,modules_rank_only,quantile_rank,linear_svm,379,7,"{'non_keloid': 210, 'keloid': 169}","{'keloid': 4, 'non_keloid': 3}",1.0,1.0,1.0,1.0,1.0,"[[4, 0], [0, 3]]","['keloid', 'non_keloid']"
keloid_binary,leave_accession_out_GSE181297,modules_rank_only,quantile_rank,random_forest,379,7,"{'non_keloid': 210, 'keloid': 169}","{'keloid': 4, 'non_keloid': 3}",1.0,1.0,1.0,1.0,1.0,"[[4, 0], [0, 3]]","['keloid', 'non_keloid']"
keloid_binary,leave_accession_out_GSE181297,modules_rank_only,quantile_rank,hist_gradient_boosting,379,7,"{'non_keloid': 210, 'keloid': 169}","{'keloid': 4, 'non_keloid': 3}",0.8571428571428571,0.8571428571428571,0.875,0.8571428571428571,0.8333333333333334,"[[3, 1], [0, 3]]","['keloid', 'non_keloid']"
keloid_binary,leave_accession_out_GSE181297,modules_rank_only,quantile_rank,knn,379,7,"{'non_keloid': 210, 'keloid': 169}","{'keloid': 4, 'non_keloid': 3}",0.7142857142857143,0.7142857142857143,0.7083333333333333,0.7083333333333333,0.75,"[[3, 1], [1, 2]]","['keloid', 'non_keloid']"
keloid_binary,leave_accession_out_GSE181297,modules_rank_only,quantile_rank,small_mlp,379,7,"{'non_keloid': 210, 'keloid': 169}","{'keloid': 4, 'non_keloid': 3}",1.0,1.0,1.0,1.0,1.0,"[[4, 0], [0, 3]]","['keloid', 'non_keloid']"
keloid_binary,leave_accession_out_GSE181297,published_markers_only,quantile_rank,majority,379,7,"{'non_keloid': 210, 'keloid': 169}","{'keloid': 4, 'non_keloid': 3}",0.42857142857142855,0.2571428571428571,0.5,0.3,0.5,"[[0, 4], [0, 3]]","['keloid', 'non_keloid']"
keloid_binary,leave_accession_out_GSE181297,published_markers_only,quantile_rank,stratified_random,379,7,"{'non_keloid': 210, 'keloid': 169}","{'keloid': 4, 'non_keloid': 3}",0.5714285714285714,0.5523809523809524,0.5416666666666666,0.5333333333333333,0.5416666666666666,"[[3, 1], [2, 1]]","['keloid', 'non_keloid']"
keloid_binary,leave_accession_out_GSE181297,published_markers_only,quantile_rank,elastic_net_logreg,379,7,"{'non_keloid': 210, 'keloid': 169}","{'keloid': 4, 'non_keloid': 3}",1.0,1.0,1.0,1.0,1.0,"[[4, 0], [0, 3]]","['keloid', 'non_keloid']"
keloid_binary,leave_accession_out_GSE181297,published_markers_only,quantile_rank,linear_svm,379,7,"{'non_keloid': 210, 'keloid': 169}","{'keloid': 4, 'non_keloid': 3}",1.0,1.0,1.0,1.0,1.0,"[[4, 0], [0, 3]]","['keloid', 'non_keloid']"
keloid_binary,leave_accession_out_GSE181297,published_markers_only,quantile_rank,random_forest,379,7,"{'non_keloid': 210, 'keloid': 169}","{'keloid': 4, 'non_keloid': 3}",1.0,1.0,1.0,1.0,1.0,"[[4, 0], [0, 3]]","['keloid', 'non_keloid']"
keloid_binary,leave_accession_out_GSE181297,published_markers_only,quantile_rank,hist_gradient_boosting,379,7,"{'non_keloid': 210, 'keloid': 169}","{'keloid': 4, 'non_keloid': 3}",0.8571428571428571,0.8507936507936508,0.8333333333333333,0.8444444444444444,1.0,"[[4, 0], [1, 2]]","['keloid', 'non_keloid']"
keloid_binary,leave_accession_out_GSE181297,published_markers_only,quantile_rank,knn,379,7,"{'non_keloid': 210, 'keloid': 169}","{'keloid': 4, 'non_keloid': 3}",0.7142857142857143,0.7142857142857143,0.7083333333333333,0.7083333333333333,0.875,"[[3, 1], [1, 2]]","['keloid', 'non_keloid']"
keloid_binary,leave_accession_out_GSE181297,published_markers_only,quantile_rank,small_mlp,379,7,"{'non_keloid': 210, 'keloid': 169}","{'keloid': 4, 'non_keloid': 3}",0.7142857142857143,0.7142857142857143,0.7083333333333333,0.7083333333333333,0.75,"[[3, 1], [1, 2]]","['keloid', 'non_keloid']"
keloid_binary,leave_accession_out_GSE181297,expanded_profibrotic_only,quantile_rank,majority,379,7,"{'non_keloid': 210, 'keloid': 169}","{'keloid': 4, 'non_keloid': 3}",0.42857142857142855,0.2571428571428571,0.5,0.3,0.5,"[[0, 4], [0, 3]]","['keloid', 'non_keloid']"
keloid_binary,leave_accession_out_GSE181297,expanded_profibrotic_only,quantile_rank,stratified_random,379,7,"{'non_keloid': 210, 'keloid': 169}","{'keloid': 4, 'non_keloid': 3}",0.5714285714285714,0.5523809523809524,0.5416666666666666,0.5333333333333333,0.5416666666666666,"[[3, 1], [2, 1]]","['keloid', 'non_keloid']"
keloid_binary,leave_accession_out_GSE181297,expanded_profibrotic_only,quantile_rank,elastic_net_logreg,379,7,"{'non_keloid': 210, 'keloid': 169}","{'keloid': 4, 'non_keloid': 3}",0.7142857142857143,0.7142857142857143,0.7083333333333333,0.7083333333333333,0.875,"[[3, 1], [1, 2]]","['keloid', 'non_keloid']"
keloid_binary,leave_accession_out_GSE181297,expanded_profibrotic_only,quantile_rank,linear_svm,379,7,"{'non_keloid': 210, 'keloid': 169}","{'keloid': 4, 'non_keloid': 3}",0.7142857142857143,0.7142857142857143,0.7083333333333333,0.7083333333333333,0.875,"[[3, 1], [1, 2]]","['keloid', 'non_keloid']"
keloid_binary,leave_accession_out_GSE181297,expanded_profibrotic_only,quantile_rank,random_forest,379,7,"{'non_keloid': 210, 'keloid': 169}","{'keloid': 4, 'non_keloid': 3}",0.7142857142857143,0.7142857142857143,0.7083333333333333,0.7083333333333333,0.625,"[[3, 1], [1, 2]]","['keloid', 'non_keloid']"
keloid_binary,leave_accession_out_GSE181297,expanded_profibrotic_only,quantile_rank,hist_gradient_boosting,379,7,"{'non_keloid': 210, 'keloid': 169}","{'keloid': 4, 'non_keloid': 3}",0.7142857142857143,0.7142857142857143,0.7083333333333333,0.7083333333333333,0.875,"[[3, 1], [1, 2]]","['keloid', 'non_keloid']"
keloid_binary,leave_accession_out_GSE181297,expanded_profibrotic_only,quantile_rank,knn,379,7,"{'non_keloid': 210, 'keloid': 169}","{'keloid': 4, 'non_keloid': 3}",0.5714285714285714,0.5714285714285714,0.5833333333333333,0.5714285714285714,0.5416666666666666,"[[2, 2], [1, 2]]","['keloid', 'non_keloid']"
keloid_binary,leave_accession_out_GSE181297,expanded_profibrotic_only,quantile_rank,small_mlp,379,7,"{'non_keloid': 210, 'keloid': 169}","{'keloid': 4, 'non_keloid': 3}",0.7142857142857143,0.7142857142857143,0.7083333333333333,0.7083333333333333,0.8333333333333333,"[[3, 1], [1, 2]]","['keloid', 'non_keloid']"
keloid_binary,leave_accession_out_GSE181297,shared_genes,quantile_rank,majority,379,7,"{'non_keloid': 210, 'keloid': 169}","{'keloid': 4, 'non_keloid': 3}",0.42857142857142855,0.2571428571428571,0.5,0.3,0.5,"[[0, 4], [0, 3]]","['keloid', 'non_keloid']"
keloid_binary,leave_accession_out_GSE181297,shared_genes,quantile_rank,stratified_random,379,7,"{'non_keloid': 210, 'keloid': 169}","{'keloid': 4, 'non_keloid': 3}",0.5714285714285714,0.5523809523809524,0.5416666666666666,0.5333333333333333,0.5416666666666666,"[[3, 1], [2, 1]]","['keloid', 'non_keloid']"
keloid_binary,leave_accession_out_GSE181297,shared_genes,quantile_rank,elastic_net_logreg,379,7,"{'non_keloid': 210, 'keloid': 169}","{'keloid': 4, 'non_keloid': 3}",0.8571428571428571,0.8571428571428571,0.875,0.8571428571428571,0.9166666666666666,"[[3, 1], [0, 3]]","['keloid', 'non_keloid']"
keloid_binary,leave_accession_out_GSE181297,shared_genes,quantile_rank,linear_svm,379,7,"{'non_keloid': 210, 'keloid': 169}","{'keloid': 4, 'non_keloid': 3}",0.7142857142857143,0.6714285714285715,0.6666666666666666,0.65,0.5,"[[4, 0], [2, 1]]","['keloid', 'non_keloid']"
keloid_binary,leave_accession_out_GSE181297,shared_genes,quantile_rank,random_forest,379,7,"{'non_keloid': 210, 'keloid': 169}","{'keloid': 4, 'non_keloid': 3}",0.7142857142857143,0.7023809523809523,0.75,0.7083333333333333,1.0,"[[2, 2], [0, 3]]","['keloid', 'non_keloid']"
keloid_binary,leave_accession_out_GSE181297,shared_genes,quantile_rank,hist_gradient_boosting,379,7,"{'non_keloid': 210, 'keloid': 169}","{'keloid': 4, 'non_keloid': 3}",0.7142857142857143,0.7142857142857143,0.7083333333333333,0.7083333333333333,0.6666666666666666,"[[3, 1], [1, 2]]","['keloid', 'non_keloid']"
keloid_binary,leave_accession_out_GSE181297,shared_genes,quantile_rank,knn,379,7,"{'non_keloid': 210, 'keloid': 169}","{'keloid': 4, 'non_keloid': 3}",0.7142857142857143,0.7023809523809523,0.75,0.7083333333333333,0.5,"[[2, 2], [0, 3]]","['keloid', 'non_keloid']"
keloid_binary,leave_accession_out_GSE188952,modules_rank_plus_expanded,quantile_rank,majority,333,12,"{'non_keloid': 201, 'keloid': 132}","{'non_keloid': 8, 'keloid': 4}",0.6666666666666666,0.5333333333333333,0.5,0.4,0.5,"[[0, 4], [0, 8]]","['keloid', 'non_keloid']"
keloid_binary,leave_accession_out_GSE188952,modules_rank_plus_expanded,quantile_rank,stratified_random,333,12,"{'non_keloid': 201, 'keloid': 132}","{'non_keloid': 8, 'keloid': 4}",0.5,0.5,0.5625,0.5,0.5625,"[[3, 1], [5, 3]]","['keloid', 'non_keloid']"
keloid_binary,leave_accession_out_GSE188952,modules_rank_plus_expanded,quantile_rank,elastic_net_logreg,333,12,"{'non_keloid': 201, 'keloid': 132}","{'non_keloid': 8, 'keloid': 4}",0.16666666666666666,0.19047619047619047,0.125,0.14285714285714285,0.0625,"[[0, 4], [6, 2]]","['keloid', 'non_keloid']"
keloid_binary,leave_accession_out_GSE188952,modules_rank_plus_expanded,quantile_rank,linear_svm,333,12,"{'non_keloid': 201, 'keloid': 132}","{'non_keloid': 8, 'keloid': 4}",0.16666666666666666,0.19047619047619047,0.125,0.14285714285714285,0.0625,"[[0, 4], [6, 2]]","['keloid', 'non_keloid']"
keloid_binary,leave_accession_out_GSE188952,modules_rank_plus_expanded,quantile_rank,random_forest,333,12,"{'non_keloid': 201, 'keloid': 132}","{'non_keloid': 8, 'keloid': 4}",0.3333333333333333,0.3333333333333333,0.25,0.25,0.125,"[[0, 4], [4, 4]]","['keloid', 'non_keloid']"
keloid_binary,leave_accession_out_GSE188952,modules_rank_plus_expanded,quantile_rank,hist_gradient_boosting,333,12,"{'non_keloid': 201, 'keloid': 132}","{'non_keloid': 8, 'keloid': 4}",0.4166666666666667,0.39215686274509803,0.3125,0.29411764705882354,0.15625,"[[0, 4], [3, 5]]","['keloid', 'non_keloid']"
keloid_binary,leave_accession_out_GSE188952,modules_rank_plus_expanded,quantile_rank,knn,333,12,"{'non_keloid': 201, 'keloid': 132}","{'non_keloid': 8, 'keloid': 4}",0.4166666666666667,0.39215686274509803,0.3125,0.29411764705882354,0.140625,"[[0, 4], [3, 5]]","['keloid', 'non_keloid']"
keloid_binary,leave_accession_out_GSE188952,modules_rank_plus_expanded,quantile_rank,small_mlp,333,12,"{'non_keloid': 201, 'keloid': 132}","{'non_keloid': 8, 'keloid': 4}",0.25,0.2657342657342658,0.25,0.24475524475524477,0.1875,"[[1, 3], [6, 2]]","['keloid', 'non_keloid']"
keloid_binary,leave_accession_out_GSE188952,modules_rank_only,quantile_rank,majority,333,12,"{'non_keloid': 201, 'keloid': 132}","{'non_keloid': 8, 'keloid': 4}",0.6666666666666666,0.5333333333333333,0.5,0.4,0.5,"[[0, 4], [0, 8]]","['keloid', 'non_keloid']"
keloid_binary,leave_accession_out_GSE188952,modules_rank_only,quantile_rank,stratified_random,333,12,"{'non_keloid': 201, 'keloid': 132}","{'non_keloid': 8, 'keloid': 4}",0.5,0.5,0.5625,0.5,0.5625,"[[3, 1], [5, 3]]","['keloid', 'non_keloid']"
keloid_binary,leave_accession_out_GSE188952,modules_rank_only,quantile_rank,elastic_net_logreg,333,12,"{'non_keloid': 201, 'keloid': 132}","{'non_keloid': 8, 'keloid': 4}",0.25,0.2657342657342658,0.25,0.24475524475524477,0.0625,"[[1, 3], [6, 2]]","['keloid', 'non_keloid']"
keloid_binary,leave_accession_out_GSE188952,modules_rank_only,quantile_rank,linear_svm,333,12,"{'non_keloid': 201, 'keloid': 132}","{'non_keloid': 8, 'keloid': 4}",0.25,0.2657342657342658,0.25,0.24475524475524477,0.0625,"[[1, 3], [6, 2]]","['keloid', 'non_keloid']"
keloid_binary,leave_accession_out_GSE188952,modules_rank_only,quantile_rank,random_forest,333,12,"{'non_keloid': 201, 'keloid': 132}","{'non_keloid': 8, 'keloid': 4}",0.3333333333333333,0.3333333333333333,0.25,0.25,0.125,"[[0, 4], [4, 4]]","['keloid', 'non_keloid']"
keloid_binary,leave_accession_out_GSE188952,modules_rank_only,quantile_rank,hist_gradient_boosting,333,12,"{'non_keloid': 201, 'keloid': 132}","{'non_keloid': 8, 'keloid': 4}",0.3333333333333333,0.3333333333333333,0.25,0.25,0.09375,"[[0, 4], [4, 4]]","['keloid', 'non_keloid']"
keloid_binary,leave_accession_out_GSE188952,modules_rank_only,quantile_rank,knn,333,12,"{'non_keloid': 201, 'keloid': 132}","{'non_keloid': 8, 'keloid': 4}",0.4166666666666667,0.39215686274509803,0.3125,0.29411764705882354,0.203125,"[[0, 4], [3, 5]]","['keloid', 'non_keloid']"
keloid_binary,leave_accession_out_GSE188952,modules_rank_only,quantile_rank,small_mlp,333,12,"{'non_keloid': 201, 'keloid': 132}","{'non_keloid': 8, 'keloid': 4}",0.3333333333333333,0.3333333333333333,0.25,0.25,0.125,"[[0, 4], [4, 4]]","['keloid', 'non_keloid']"
keloid_binary,leave_accession_out_GSE188952,published_markers_only,quantile_rank,majority,333,12,"{'non_keloid': 201, 'keloid': 132}","{'non_keloid': 8, 'keloid': 4}",0.6666666666666666,0.5333333333333333,0.5,0.4,0.5,"[[0, 4], [0, 8]]","['keloid', 'non_keloid']"
keloid_binary,leave_accession_out_GSE188952,published_markers_only,quantile_rank,stratified_random,333,12,"{'non_keloid': 201, 'keloid': 132}","{'non_keloid': 8, 'keloid': 4}",0.5,0.5,0.5625,0.5,0.5625,"[[3, 1], [5, 3]]","['keloid', 'non_keloid']"
keloid_binary,leave_accession_out_GSE188952,published_markers_only,quantile_rank,elastic_net_logreg,333,12,"{'non_keloid': 201, 'keloid': 132}","{'non_keloid': 8, 'keloid': 4}",0.5,0.5142857142857142,0.5,0.4857142857142857,0.40625,"[[2, 2], [4, 4]]","['keloid', 'non_keloid']"
keloid_binary,leave_accession_out_GSE188952,published_markers_only,quantile_rank,linear_svm,333,12,"{'non_keloid': 201, 'keloid': 132}","{'non_keloid': 8, 'keloid': 4}",0.4166666666666667,0.4296296296296296,0.375,0.37777777777777777,0.4375,"[[1, 3], [4, 4]]","['keloid', 'non_keloid']"
keloid_binary,leave_accession_out_GSE188952,published_markers_only,quantile_rank,random_forest,333,12,"{'non_keloid': 201, 'keloid': 132}","{'non_keloid': 8, 'keloid': 4}",0.5,0.4444444444444444,0.375,0.3333333333333333,0.125,"[[0, 4], [2, 6]]","['keloid', 'non_keloid']"
keloid_binary,leave_accession_out_GSE188952,published_markers_only,quantile_rank,hist_gradient_boosting,333,12,"{'non_keloid': 201, 'keloid': 132}","{'non_keloid': 8, 'keloid': 4}",0.5833333333333334,0.565826330532213,0.5,0.4957983193277311,0.34375,"[[1, 3], [2, 6]]","['keloid', 'non_keloid']"
keloid_binary,leave_accession_out_GSE188952,published_markers_only,quantile_rank,knn,333,12,"{'non_keloid': 201, 'keloid': 132}","{'non_keloid': 8, 'keloid': 4}",0.4166666666666667,0.4296296296296296,0.375,0.37777777777777777,0.25,"[[1, 3], [4, 4]]","['keloid', 'non_keloid']"
keloid_binary,leave_accession_out_GSE188952,published_markers_only,quantile_rank,small_mlp,333,12,"{'non_keloid': 201, 'keloid': 132}","{'non_keloid': 8, 'keloid': 4}",0.5,0.5,0.4375,0.4375,0.375,"[[1, 3], [3, 5]]","['keloid', 'non_keloid']"
keloid_binary,leave_accession_out_GSE188952,expanded_profibrotic_only,quantile_rank,majority,333,12,"{'non_keloid': 201, 'keloid': 132}","{'non_keloid': 8, 'keloid': 4}",0.6666666666666666,0.5333333333333333,0.5,0.4,0.5,"[[0, 4], [0, 8]]","['keloid', 'non_keloid']"
keloid_binary,leave_accession_out_GSE188952,expanded_profibrotic_only,quantile_rank,stratified_random,333,12,"{'non_keloid': 201, 'keloid': 132}","{'non_keloid': 8, 'keloid': 4}",0.5,0.5,0.5625,0.5,0.5625,"[[3, 1], [5, 3]]","['keloid', 'non_keloid']"
keloid_binary,leave_accession_out_GSE188952,expanded_profibrotic_only,quantile_rank,elastic_net_logreg,333,12,"{'non_keloid': 201, 'keloid': 132}","{'non_keloid': 8, 'keloid': 4}",0.5,0.5142857142857142,0.5,0.4857142857142857,0.40625,"[[2, 2], [4, 4]]","['keloid', 'non_keloid']"
keloid_binary,leave_accession_out_GSE188952,expanded_profibrotic_only,quantile_rank,linear_svm,333,12,"{'non_keloid': 201, 'keloid': 132}","{'non_keloid': 8, 'keloid': 4}",0.5,0.5142857142857142,0.5,0.4857142857142857,0.40625,"[[2, 2], [4, 4]]","['keloid', 'non_keloid']"
keloid_binary,leave_accession_out_GSE188952,expanded_profibrotic_only,quantile_rank,random_forest,333,12,"{'non_keloid': 201, 'keloid': 132}","{'non_keloid': 8, 'keloid': 4}",0.6666666666666666,0.6761904761904761,0.6875,0.6571428571428571,0.53125,"[[3, 1], [3, 5]]","['keloid', 'non_keloid']"
keloid_binary,leave_accession_out_GSE188952,expanded_profibrotic_only,quantile_rank,hist_gradient_boosting,333,12,"{'non_keloid': 201, 'keloid': 132}","{'non_keloid': 8, 'keloid': 4}",0.5,0.5,0.4375,0.4375,0.53125,"[[1, 3], [3, 5]]","['keloid', 'non_keloid']"
keloid_binary,leave_accession_out_GSE188952,expanded_profibrotic_only,quantile_rank,knn,333,12,"{'non_keloid': 201, 'keloid': 132}","{'non_keloid': 8, 'keloid': 4}",0.5,0.5142857142857142,0.5,0.4857142857142857,0.53125,"[[2, 2], [4, 4]]","['keloid', 'non_keloid']"
keloid_binary,leave_accession_out_GSE188952,expanded_profibrotic_only,quantile_rank,small_mlp,333,12,"{'non_keloid': 201, 'keloid': 132}","{'non_keloid': 8, 'keloid': 4}",0.4166666666666667,0.42890442890442887,0.4375,0.4125874125874126,0.4375,"[[2, 2], [5, 3]]","['keloid', 'non_keloid']"
keloid_binary,leave_accession_out_GSE188952,shared_genes,quantile_rank,majority,333,12,"{'non_keloid': 201, 'keloid': 132}","{'non_keloid': 8, 'keloid': 4}",0.6666666666666666,0.5333333333333333,0.5,0.4,0.5,"[[0, 4], [0, 8]]","['keloid', 'non_keloid']"
keloid_binary,leave_accession_out_GSE188952,shared_genes,quantile_rank,stratified_random,333,12,"{'non_keloid': 201, 'keloid': 132}","{'non_keloid': 8, 'keloid': 4}",0.5,0.5,0.5625,0.5,0.5625,"[[3, 1], [5, 3]]","['keloid', 'non_keloid']"
keloid_binary,leave_accession_out_GSE188952,shared_genes,quantile_rank,elastic_net_logreg,333,12,"{'non_keloid': 201, 'keloid': 132}","{'non_keloid': 8, 'keloid': 4}",0.4166666666666667,0.42890442890442887,0.4375,0.4125874125874126,0.4375,"[[2, 2], [5, 3]]","['keloid', 'non_keloid']"
keloid_binary,leave_accession_out_GSE188952,shared_genes,quantile_rank,linear_svm,333,12,"{'non_keloid': 201, 'keloid': 132}","{'non_keloid': 8, 'keloid': 4}",0.5833333333333334,0.5920745920745921,0.625,0.5804195804195804,0.5625,"[[3, 1], [4, 4]]","['keloid', 'non_keloid']"
keloid_binary,leave_accession_out_GSE188952,shared_genes,quantile_rank,random_forest,333,12,"{'non_keloid': 201, 'keloid': 132}","{'non_keloid': 8, 'keloid': 4}",0.4166666666666667,0.3259259259259259,0.5625,0.37777777777777777,0.4375,"[[4, 0], [7, 1]]","['keloid', 'non_keloid']"
keloid_binary,leave_accession_out_GSE188952,shared_genes,quantile_rank,hist_gradient_boosting,333,12,"{'non_keloid': 201, 'keloid': 132}","{'non_keloid': 8, 'keloid': 4}",0.5833333333333334,0.49122807017543857,0.4375,0.3684210526315789,0.3125,"[[0, 4], [1, 7]]","['keloid', 'non_keloid']"
keloid_binary,leave_accession_out_GSE188952,shared_genes,quantile_rank,knn,333,12,"{'non_keloid': 201, 'keloid': 132}","{'non_keloid': 8, 'keloid': 4}",0.6666666666666666,0.5333333333333333,0.5,0.4,0.5625,"[[0, 4], [0, 8]]","['keloid', 'non_keloid']"
keloid_binary,leave_accession_out_GSE44270,modules_rank_plus_expanded,quantile_rank,majority,279,32,"{'non_keloid': 162, 'keloid': 117}","{'keloid': 18, 'non_keloid': 14}",0.4375,0.266304347826087,0.5,0.30434782608695654,0.5,"[[0, 18], [0, 14]]","['keloid', 'non_keloid']"
keloid_binary,leave_accession_out_GSE44270,modules_rank_plus_expanded,quantile_rank,stratified_random,279,32,"{'non_keloid': 162, 'keloid': 117}","{'keloid': 18, 'non_keloid': 14}",0.5625,0.5642156862745098,0.5634920634920635,0.5607843137254902,0.5634920634920635,"[[10, 8], [6, 8]]","['keloid', 'non_keloid']"
keloid_binary,leave_accession_out_GSE44270,modules_rank_plus_expanded,quantile_rank,elastic_net_logreg,279,32,"{'non_keloid': 162, 'keloid': 117}","{'keloid': 18, 'non_keloid': 14}",0.4375,0.266304347826087,0.5,0.30434782608695654,0.5,"[[0, 18], [0, 14]]","['keloid', 'non_keloid']"
keloid_binary,leave_accession_out_GSE44270,modules_rank_plus_expanded,quantile_rank,linear_svm,279,32,"{'non_keloid': 162, 'keloid': 117}","{'keloid': 18, 'non_keloid': 14}",0.4375,0.266304347826087,0.5,0.30434782608695654,0.5,"[[0, 18], [0, 14]]","['keloid', 'non_keloid']"
keloid_binary,leave_accession_out_GSE44270,modules_rank_plus_expanded,quantile_rank,random_forest,279,32,"{'non_keloid': 162, 'keloid': 117}","{'keloid': 18, 'non_keloid': 14}",0.5625,0.40499999999999997,0.5,0.36,0.5,"[[18, 0], [14, 0]]","['keloid', 'non_keloid']"
keloid_binary,leave_accession_out_GSE44270,modules_rank_plus_expanded,quantile_rank,hist_gradient_boosting,279,32,"{'non_keloid': 162, 'keloid': 117}","{'keloid': 18, 'non_keloid': 14}",0.5625,0.40499999999999997,0.5,0.36,0.5,"[[18, 0], [14, 0]]","['keloid', 'non_keloid']"
keloid_binary,leave_accession_out_GSE44270,modules_rank_plus_expanded,quantile_rank,knn,279,32,"{'non_keloid': 162, 'keloid': 117}","{'keloid': 18, 'non_keloid': 14}",0.5625,0.40499999999999997,0.5,0.36,0.5,"[[18, 0], [14, 0]]","['keloid', 'non_keloid']"
keloid_binary,leave_accession_out_GSE44270,modules_rank_plus_expanded,quantile_rank,small_mlp,279,32,"{'non_keloid': 162, 'keloid': 117}","{'keloid': 18, 'non_keloid': 14}",0.4375,0.266304347826087,0.5,0.30434782608695654,0.5,"[[0, 18], [0, 14]]","['keloid', 'non_keloid']"
keloid_binary,leave_accession_out_GSE44270,modules_rank_only,quantile_rank,majority,279,32,"{'non_keloid': 162, 'keloid': 117}","{'keloid': 18, 'non_keloid': 14}",0.4375,0.266304347826087,0.5,0.30434782608695654,0.5,"[[0, 18], [0, 14]]","['keloid', 'non_keloid']"
keloid_binary,leave_accession_out_GSE44270,modules_rank_only,quantile_rank,stratified_random,279,32,"{'non_keloid': 162, 'keloid': 117}","{'keloid': 18, 'non_keloid': 14}",0.5625,0.5642156862745098,0.5634920634920635,0.5607843137254902,0.5634920634920635,"[[10, 8], [6, 8]]","['keloid', 'non_keloid']"
keloid_binary,leave_accession_out_GSE44270,modules_rank_only,quantile_rank,elastic_net_logreg,279,32,"{'non_keloid': 162, 'keloid': 117}","{'keloid': 18, 'non_keloid': 14}",0.4375,0.266304347826087,0.5,0.30434782608695654,0.5,"[[0, 18], [0, 14]]","['keloid', 'non_keloid']"
keloid_binary,leave_accession_out_GSE44270,modules_rank_only,quantile_rank,linear_svm,279,32,"{'non_keloid': 162, 'keloid': 117}","{'keloid': 18, 'non_keloid': 14}",0.4375,0.266304347826087,0.5,0.30434782608695654,0.5,"[[0, 18], [0, 14]]","['keloid', 'non_keloid']"
keloid_binary,leave_accession_out_GSE44270,modules_rank_only,quantile_rank,random_forest,279,32,"{'non_keloid': 162, 'keloid': 117}","{'keloid': 18, 'non_keloid': 14}",0.5625,0.40499999999999997,0.5,0.36,0.5,"[[18, 0], [14, 0]]","['keloid', 'non_keloid']"
keloid_binary,leave_accession_out_GSE44270,modules_rank_only,quantile_rank,hist_gradient_boosting,279,32,"{'non_keloid': 162, 'keloid': 117}","{'keloid': 18, 'non_keloid': 14}",0.5625,0.40499999999999997,0.5,0.36,0.5,"[[18, 0], [14, 0]]","['keloid', 'non_keloid']"
keloid_binary,leave_accession_out_GSE44270,modules_rank_only,quantile_rank,knn,279,32,"{'non_keloid': 162, 'keloid': 117}","{'keloid': 18, 'non_keloid': 14}",0.5625,0.40499999999999997,0.5,0.36,0.5,"[[18, 0], [14, 0]]","['keloid', 'non_keloid']"
keloid_binary,leave_accession_out_GSE44270,modules_rank_only,quantile_rank,small_mlp,279,32,"{'non_keloid': 162, 'keloid': 117}","{'keloid': 18, 'non_keloid': 14}",0.4375,0.266304347826087,0.5,0.30434782608695654,0.5,"[[0, 18], [0, 14]]","['keloid', 'non_keloid']"
keloid_binary,leave_accession_out_GSE44270,published_markers_only,quantile_rank,majority,279,32,"{'non_keloid': 162, 'keloid': 117}","{'keloid': 18, 'non_keloid': 14}",0.4375,0.266304347826087,0.5,0.30434782608695654,0.5,"[[0, 18], [0, 14]]","['keloid', 'non_keloid']"
keloid_binary,leave_accession_out_GSE44270,published_markers_only,quantile_rank,stratified_random,279,32,"{'non_keloid': 162, 'keloid': 117}","{'keloid': 18, 'non_keloid': 14}",0.5625,0.5642156862745098,0.5634920634920635,0.5607843137254902,0.5634920634920635,"[[10, 8], [6, 8]]","['keloid', 'non_keloid']"
keloid_binary,leave_accession_out_GSE44270,published_markers_only,quantile_rank,elastic_net_logreg,279,32,"{'non_keloid': 162, 'keloid': 117}","{'keloid': 18, 'non_keloid': 14}",0.4375,0.266304347826087,0.5,0.30434782608695654,0.5,"[[0, 18], [0, 14]]","['keloid', 'non_keloid']"
keloid_binary,leave_accession_out_GSE44270,published_markers_only,quantile_rank,linear_svm,279,32,"{'non_keloid': 162, 'keloid': 117}","{'keloid': 18, 'non_keloid': 14}",0.4375,0.266304347826087,0.5,0.30434782608695654,0.5,"[[0, 18], [0, 14]]","['keloid', 'non_keloid']"
keloid_binary,leave_accession_out_GSE44270,published_markers_only,quantile_rank,random_forest,279,32,"{'non_keloid': 162, 'keloid': 117}","{'keloid': 18, 'non_keloid': 14}",0.4375,0.266304347826087,0.5,0.30434782608695654,0.5,"[[0, 18], [0, 14]]","['keloid', 'non_keloid']"
keloid_binary,leave_accession_out_GSE44270,published_markers_only,quantile_rank,hist_gradient_boosting,279,32,"{'non_keloid': 162, 'keloid': 117}","{'keloid': 18, 'non_keloid': 14}",0.4375,0.266304347826087,0.5,0.30434782608695654,0.5,"[[0, 18], [0, 14]]","['keloid', 'non_keloid']"
keloid_binary,leave_accession_out_GSE44270,published_markers_only,quantile_rank,knn,279,32,"{'non_keloid': 162, 'keloid': 117}","{'keloid': 18, 'non_keloid': 14}",0.4375,0.266304347826087,0.5,0.30434782608695654,0.5,"[[0, 18], [0, 14]]","['keloid', 'non_keloid']"
keloid_binary,leave_accession_out_GSE44270,published_markers_only,quantile_rank,small_mlp,279,32,"{'non_keloid': 162, 'keloid': 117}","{'keloid': 18, 'non_keloid': 14}",0.5625,0.40499999999999997,0.5,0.36,0.5,"[[18, 0], [14, 0]]","['keloid', 'non_keloid']"
keloid_binary,leave_accession_out_GSE44270,expanded_profibrotic_only,quantile_rank,majority,279,32,"{'non_keloid': 162, 'keloid': 117}","{'keloid': 18, 'non_keloid': 14}",0.4375,0.266304347826087,0.5,0.30434782608695654,0.5,"[[0, 18], [0, 14]]","['keloid', 'non_keloid']"
keloid_binary,leave_accession_out_GSE44270,expanded_profibrotic_only,quantile_rank,stratified_random,279,32,"{'non_keloid': 162, 'keloid': 117}","{'keloid': 18, 'non_keloid': 14}",0.5625,0.5642156862745098,0.5634920634920635,0.5607843137254902,0.5634920634920635,"[[10, 8], [6, 8]]","['keloid', 'non_keloid']"
keloid_binary,leave_accession_out_GSE44270,expanded_profibrotic_only,quantile_rank,elastic_net_logreg,279,32,"{'non_keloid': 162, 'keloid': 117}","{'keloid': 18, 'non_keloid': 14}",0.4375,0.266304347826087,0.5,0.30434782608695654,0.5,"[[0, 18], [0, 14]]","['keloid', 'non_keloid']"
keloid_binary,leave_accession_out_GSE44270,expanded_profibrotic_only,quantile_rank,linear_svm,279,32,"{'non_keloid': 162, 'keloid': 117}","{'keloid': 18, 'non_keloid': 14}",0.5625,0.40499999999999997,0.5,0.36,0.5,"[[18, 0], [14, 0]]","['keloid', 'non_keloid']"
keloid_binary,leave_accession_out_GSE44270,expanded_profibrotic_only,quantile_rank,random_forest,279,32,"{'non_keloid': 162, 'keloid': 117}","{'keloid': 18, 'non_keloid': 14}",0.4375,0.266304347826087,0.5,0.30434782608695654,0.5,"[[0, 18], [0, 14]]","['keloid', 'non_keloid']"
keloid_binary,leave_accession_out_GSE44270,expanded_profibrotic_only,quantile_rank,hist_gradient_boosting,279,32,"{'non_keloid': 162, 'keloid': 117}","{'keloid': 18, 'non_keloid': 14}",0.4375,0.266304347826087,0.5,0.30434782608695654,0.5,"[[0, 18], [0, 14]]","['keloid', 'non_keloid']"
keloid_binary,leave_accession_out_GSE44270,expanded_profibrotic_only,quantile_rank,knn,279,32,"{'non_keloid': 162, 'keloid': 117}","{'keloid': 18, 'non_keloid': 14}",0.4375,0.266304347826087,0.5,0.30434782608695654,0.5,"[[0, 18], [0, 14]]","['keloid', 'non_keloid']"
keloid_binary,leave_accession_out_GSE44270,expanded_profibrotic_only,quantile_rank,small_mlp,279,32,"{'non_keloid': 162, 'keloid': 117}","{'keloid': 18, 'non_keloid': 14}",0.5625,0.40499999999999997,0.5,0.36,0.5,"[[18, 0], [14, 0]]","['keloid', 'non_keloid']"
keloid_binary,leave_accession_out_GSE44270,shared_genes,quantile_rank,majority,279,32,"{'non_keloid': 162, 'keloid': 117}","{'keloid': 18, 'non_keloid': 14}",0.4375,0.266304347826087,0.5,0.30434782608695654,0.5,"[[0, 18], [0, 14]]","['keloid', 'non_keloid']"
keloid_binary,leave_accession_out_GSE44270,shared_genes,quantile_rank,stratified_random,279,32,"{'non_keloid': 162, 'keloid': 117}","{'keloid': 18, 'non_keloid': 14}",0.5625,0.5642156862745098,0.5634920634920635,0.5607843137254902,0.5634920634920635,"[[10, 8], [6, 8]]","['keloid', 'non_keloid']"
keloid_binary,leave_accession_out_GSE44270,shared_genes,quantile_rank,elastic_net_logreg,279,32,"{'non_keloid': 162, 'keloid': 117}","{'keloid': 18, 'non_keloid': 14}",0.4375,0.266304347826087,0.5,0.30434782608695654,0.5,"[[0, 18], [0, 14]]","['keloid', 'non_keloid']"
keloid_binary,leave_accession_out_GSE44270,shared_genes,quantile_rank,linear_svm,279,32,"{'non_keloid': 162, 'keloid': 117}","{'keloid': 18, 'non_keloid': 14}",0.4375,0.266304347826087,0.5,0.30434782608695654,0.5,"[[0, 18], [0, 14]]","['keloid', 'non_keloid']"
keloid_binary,leave_accession_out_GSE44270,shared_genes,quantile_rank,random_forest,279,32,"{'non_keloid': 162, 'keloid': 117}","{'keloid': 18, 'non_keloid': 14}",0.4375,0.266304347826087,0.5,0.30434782608695654,0.5,"[[0, 18], [0, 14]]","['keloid', 'non_keloid']"
keloid_binary,leave_accession_out_GSE44270,shared_genes,quantile_rank,hist_gradient_boosting,279,32,"{'non_keloid': 162, 'keloid': 117}","{'keloid': 18, 'non_keloid': 14}",0.4375,0.266304347826087,0.5,0.30434782608695654,0.5,"[[0, 18], [0, 14]]","['keloid', 'non_keloid']"
keloid_binary,leave_accession_out_GSE44270,shared_genes,quantile_rank,knn,279,32,"{'non_keloid': 162, 'keloid': 117}","{'keloid': 18, 'non_keloid': 14}",0.4375,0.266304347826087,0.5,0.30434782608695654,0.5,"[[0, 18], [0, 14]]","['keloid', 'non_keloid']"
keloid_binary,leave_accession_out_GSE7890,modules_rank_plus_expanded,quantile_rank,majority,315,19,"{'non_keloid': 196, 'keloid': 119}","{'keloid': 10, 'non_keloid': 9}",0.47368421052631576,0.3045112781954888,0.5,0.32142857142857145,0.5,"[[0, 10], [0, 9]]","['keloid', 'non_keloid']"
keloid_binary,leave_accession_out_GSE7890,modules_rank_plus_expanded,quantile_rank,stratified_random,315,19,"{'non_keloid': 196, 'keloid': 119}","{'keloid': 10, 'non_keloid': 9}",0.7368421052631579,0.7368421052631579,0.7388888888888889,0.7368421052631579,0.7388888888888888,"[[7, 3], [2, 7]]","['keloid', 'non_keloid']"
keloid_binary,leave_accession_out_GSE7890,modules_rank_plus_expanded,quantile_rank,elastic_net_logreg,315,19,"{'non_keloid': 196, 'keloid': 119}","{'keloid': 10, 'non_keloid': 9}",0.5263157894736842,0.5263157894736842,0.5277777777777778,0.5263157894736842,0.5444444444444444,"[[5, 5], [4, 5]]","['keloid', 'non_keloid']"
keloid_binary,leave_accession_out_GSE7890,modules_rank_plus_expanded,quantile_rank,linear_svm,315,19,"{'non_keloid': 196, 'keloid': 119}","{'keloid': 10, 'non_keloid': 9}",0.5263157894736842,0.5263157894736842,0.5277777777777778,0.5263157894736842,0.5444444444444444,"[[5, 5], [4, 5]]","['keloid', 'non_keloid']"
keloid_binary,leave_accession_out_GSE7890,modules_rank_plus_expanded,quantile_rank,random_forest,315,19,"{'non_keloid': 196, 'keloid': 119}","{'keloid': 10, 'non_keloid': 9}",0.5789473684210527,0.5413533834586466,0.5944444444444444,0.5476190476190476,0.6333333333333333,"[[3, 7], [1, 8]]","['keloid', 'non_keloid']"
keloid_binary,leave_accession_out_GSE7890,modules_rank_plus_expanded,quantile_rank,hist_gradient_boosting,315,19,"{'non_keloid': 196, 'keloid': 119}","{'keloid': 10, 'non_keloid': 9}",0.5789473684210527,0.5413533834586466,0.5944444444444444,0.5476190476190476,0.7333333333333333,"[[3, 7], [1, 8]]","['keloid', 'non_keloid']"
keloid_binary,leave_accession_out_GSE7890,modules_rank_plus_expanded,quantile_rank,knn,315,19,"{'non_keloid': 196, 'keloid': 119}","{'keloid': 10, 'non_keloid': 9}",0.47368421052631576,0.45574162679425834,0.4833333333333333,0.4602272727272727,0.4888888888888889,"[[3, 7], [3, 6]]","['keloid', 'non_keloid']"
keloid_binary,leave_accession_out_GSE7890,modules_rank_plus_expanded,quantile_rank,small_mlp,315,19,"{'non_keloid': 196, 'keloid': 119}","{'keloid': 10, 'non_keloid': 9}",0.5263157894736842,0.5263157894736842,0.5277777777777778,0.5263157894736842,0.6555555555555556,"[[5, 5], [4, 5]]","['keloid', 'non_keloid']"
keloid_binary,leave_accession_out_GSE7890,modules_rank_only,quantile_rank,majority,315,19,"{'non_keloid': 196, 'keloid': 119}","{'keloid': 10, 'non_keloid': 9}",0.47368421052631576,0.3045112781954888,0.5,0.32142857142857145,0.5,"[[0, 10], [0, 9]]","['keloid', 'non_keloid']"
keloid_binary,leave_accession_out_GSE7890,modules_rank_only,quantile_rank,stratified_random,315,19,"{'non_keloid': 196, 'keloid': 119}","{'keloid': 10, 'non_keloid': 9}",0.7368421052631579,0.7368421052631579,0.7388888888888889,0.7368421052631579,0.7388888888888888,"[[7, 3], [2, 7]]","['keloid', 'non_keloid']"
keloid_binary,leave_accession_out_GSE7890,modules_rank_only,quantile_rank,elastic_net_logreg,315,19,"{'non_keloid': 196, 'keloid': 119}","{'keloid': 10, 'non_keloid': 9}",0.5263157894736842,0.5263157894736842,0.5277777777777778,0.5263157894736842,0.6111111111111112,"[[5, 5], [4, 5]]","['keloid', 'non_keloid']"
keloid_binary,leave_accession_out_GSE7890,modules_rank_only,quantile_rank,linear_svm,315,19,"{'non_keloid': 196, 'keloid': 119}","{'keloid': 10, 'non_keloid': 9}",0.5263157894736842,0.5263157894736842,0.5277777777777778,0.5263157894736842,0.6000000000000001,"[[5, 5], [4, 5]]","['keloid', 'non_keloid']"
keloid_binary,leave_accession_out_GSE7890,modules_rank_only,quantile_rank,random_forest,315,19,"{'non_keloid': 196, 'keloid': 119}","{'keloid': 10, 'non_keloid': 9}",0.5789473684210527,0.5413533834586466,0.5944444444444444,0.5476190476190476,0.6111111111111112,"[[3, 7], [1, 8]]","['keloid', 'non_keloid']"
keloid_binary,leave_accession_out_GSE7890,modules_rank_only,quantile_rank,hist_gradient_boosting,315,19,"{'non_keloid': 196, 'keloid': 119}","{'keloid': 10, 'non_keloid': 9}",0.47368421052631576,0.4266917293233083,0.48888888888888893,0.43452380952380953,0.5333333333333333,"[[2, 8], [2, 7]]","['keloid', 'non_keloid']"
keloid_binary,leave_accession_out_GSE7890,modules_rank_only,quantile_rank,knn,315,19,"{'non_keloid': 196, 'keloid': 119}","{'keloid': 10, 'non_keloid': 9}",0.5789473684210527,0.5645933014354066,0.5888888888888889,0.5681818181818181,0.5333333333333333,"[[4, 6], [2, 7]]","['keloid', 'non_keloid']"
keloid_binary,leave_accession_out_GSE7890,modules_rank_only,quantile_rank,small_mlp,315,19,"{'non_keloid': 196, 'keloid': 119}","{'keloid': 10, 'non_keloid': 9}",0.47368421052631576,0.45574162679425834,0.4833333333333333,0.4602272727272727,0.5666666666666667,"[[3, 7], [3, 6]]","['keloid', 'non_keloid']"
keloid_binary,leave_accession_out_GSE7890,published_markers_only,quantile_rank,majority,315,19,"{'non_keloid': 196, 'keloid': 119}","{'keloid': 10, 'non_keloid': 9}",0.47368421052631576,0.3045112781954888,0.5,0.32142857142857145,0.5,"[[0, 10], [0, 9]]","['keloid', 'non_keloid']"
keloid_binary,leave_accession_out_GSE7890,published_markers_only,quantile_rank,stratified_random,315,19,"{'non_keloid': 196, 'keloid': 119}","{'keloid': 10, 'non_keloid': 9}",0.7368421052631579,0.7368421052631579,0.7388888888888889,0.7368421052631579,0.7388888888888888,"[[7, 3], [2, 7]]","['keloid', 'non_keloid']"
keloid_binary,leave_accession_out_GSE7890,published_markers_only,quantile_rank,elastic_net_logreg,315,19,"{'non_keloid': 196, 'keloid': 119}","{'keloid': 10, 'non_keloid': 9}",0.5789473684210527,0.5766081871345029,0.5833333333333333,0.5777777777777777,0.5444444444444445,"[[5, 5], [3, 6]]","['keloid', 'non_keloid']"
keloid_binary,leave_accession_out_GSE7890,published_markers_only,quantile_rank,linear_svm,315,19,"{'non_keloid': 196, 'keloid': 119}","{'keloid': 10, 'non_keloid': 9}",0.5789473684210527,0.5766081871345029,0.5833333333333333,0.5777777777777777,0.5444444444444445,"[[5, 5], [3, 6]]","['keloid', 'non_keloid']"
keloid_binary,leave_accession_out_GSE7890,published_markers_only,quantile_rank,random_forest,315,19,"{'non_keloid': 196, 'keloid': 119}","{'keloid': 10, 'non_keloid': 9}",0.631578947368421,0.6102212051868802,0.6444444444444444,0.6144927536231883,0.5777777777777777,"[[4, 6], [1, 8]]","['keloid', 'non_keloid']"
keloid_binary,leave_accession_out_GSE7890,published_markers_only,quantile_rank,hist_gradient_boosting,315,19,"{'non_keloid': 196, 'keloid': 119}","{'keloid': 10, 'non_keloid': 9}",0.5789473684210527,0.5645933014354066,0.5888888888888889,0.5681818181818181,0.5,"[[4, 6], [2, 7]]","['keloid', 'non_keloid']"
keloid_binary,leave_accession_out_GSE7890,published_markers_only,quantile_rank,knn,315,19,"{'non_keloid': 196, 'keloid': 119}","{'keloid': 10, 'non_keloid': 9}",0.5263157894736842,0.5183547103051748,0.5333333333333333,0.5210084033613445,0.5277777777777778,"[[4, 6], [3, 6]]","['keloid', 'non_keloid']"
keloid_binary,leave_accession_out_GSE7890,published_markers_only,quantile_rank,small_mlp,315,19,"{'non_keloid': 196, 'keloid': 119}","{'keloid': 10, 'non_keloid': 9}",0.3157894736842105,0.2761250953470633,0.3277777777777778,0.28405797101449276,0.3111111111111111,"[[1, 9], [4, 5]]","['keloid', 'non_keloid']"
keloid_binary,leave_accession_out_GSE7890,expanded_profibrotic_only,quantile_rank,majority,315,19,"{'non_keloid': 196, 'keloid': 119}","{'keloid': 10, 'non_keloid': 9}",0.47368421052631576,0.3045112781954888,0.5,0.32142857142857145,0.5,"[[0, 10], [0, 9]]","['keloid', 'non_keloid']"
keloid_binary,leave_accession_out_GSE7890,expanded_profibrotic_only,quantile_rank,stratified_random,315,19,"{'non_keloid': 196, 'keloid': 119}","{'keloid': 10, 'non_keloid': 9}",0.7368421052631579,0.7368421052631579,0.7388888888888889,0.7368421052631579,0.7388888888888888,"[[7, 3], [2, 7]]","['keloid', 'non_keloid']"
keloid_binary,leave_accession_out_GSE7890,expanded_profibrotic_only,quantile_rank,elastic_net_logreg,315,19,"{'non_keloid': 196, 'keloid': 119}","{'keloid': 10, 'non_keloid': 9}",0.5263157894736842,0.5263157894736842,0.5277777777777778,0.5263157894736842,0.45,"[[5, 5], [4, 5]]","['keloid', 'non_keloid']"
keloid_binary,leave_accession_out_GSE7890,expanded_profibrotic_only,quantile_rank,linear_svm,315,19,"{'non_keloid': 196, 'keloid': 119}","{'keloid': 10, 'non_keloid': 9}",0.5263157894736842,0.5263157894736842,0.5277777777777778,0.5263157894736842,0.45,"[[5, 5], [4, 5]]","['keloid', 'non_keloid']"
keloid_binary,leave_accession_out_GSE7890,expanded_profibrotic_only,quantile_rank,random_forest,315,19,"{'non_keloid': 196, 'keloid': 119}","{'keloid': 10, 'non_keloid': 9}",0.21052631578947367,0.19725785050862452,0.21666666666666667,0.20168067226890757,0.3833333333333333,"[[1, 9], [6, 3]]","['keloid', 'non_keloid']"
keloid_binary,leave_accession_out_GSE7890,expanded_profibrotic_only,quantile_rank,hist_gradient_boosting,315,19,"{'non_keloid': 196, 'keloid': 119}","{'keloid': 10, 'non_keloid': 9}",0.3157894736842105,0.2761250953470633,0.3277777777777778,0.28405797101449276,0.47777777777777775,"[[1, 9], [4, 5]]","['keloid', 'non_keloid']"
keloid_binary,leave_accession_out_GSE7890,expanded_profibrotic_only,quantile_rank,knn,315,19,"{'non_keloid': 196, 'keloid': 119}","{'keloid': 10, 'non_keloid': 9}",0.3157894736842105,0.2761250953470633,0.3277777777777778,0.28405797101449276,0.36111111111111105,"[[1, 9], [4, 5]]","['keloid', 'non_keloid']"
keloid_binary,leave_accession_out_GSE7890,expanded_profibrotic_only,quantile_rank,small_mlp,315,19,"{'non_keloid': 196, 'keloid': 119}","{'keloid': 10, 'non_keloid': 9}",0.5263157894736842,0.5236620964175144,0.5222222222222221,0.5210084033613445,0.4611111111111111,"[[6, 4], [5, 4]]","['keloid', 'non_keloid']"
keloid_binary,leave_accession_out_GSE7890,shared_genes,quantile_rank,majority,315,19,"{'non_keloid': 196, 'keloid': 119}","{'keloid': 10, 'non_keloid': 9}",0.47368421052631576,0.3045112781954888,0.5,0.32142857142857145,0.5,"[[0, 10], [0, 9]]","['keloid', 'non_keloid']"
keloid_binary,leave_accession_out_GSE7890,shared_genes,quantile_rank,stratified_random,315,19,"{'non_keloid': 196, 'keloid': 119}","{'keloid': 10, 'non_keloid': 9}",0.7368421052631579,0.7368421052631579,0.7388888888888889,0.7368421052631579,0.7388888888888888,"[[7, 3], [2, 7]]","['keloid', 'non_keloid']"
keloid_binary,leave_accession_out_GSE7890,shared_genes,quantile_rank,elastic_net_logreg,315,19,"{'non_keloid': 196, 'keloid': 119}","{'keloid': 10, 'non_keloid': 9}",0.5789473684210527,0.5766081871345029,0.5833333333333333,0.5777777777777777,0.5666666666666667,"[[5, 5], [3, 6]]","['keloid', 'non_keloid']"
keloid_binary,leave_accession_out_GSE7890,shared_genes,quantile_rank,linear_svm,315,19,"{'non_keloid': 196, 'keloid': 119}","{'keloid': 10, 'non_keloid': 9}",0.5789473684210527,0.5789473684210527,0.5777777777777777,0.5777777777777777,0.5666666666666667,"[[6, 4], [4, 5]]","['keloid', 'non_keloid']"
keloid_binary,leave_accession_out_GSE7890,shared_genes,quantile_rank,random_forest,315,19,"{'non_keloid': 196, 'keloid': 119}","{'keloid': 10, 'non_keloid': 9}",0.47368421052631576,0.3045112781954888,0.5,0.32142857142857145,0.23333333333333334,"[[0, 10], [0, 9]]","['keloid', 'non_keloid']"
keloid_binary,leave_accession_out_GSE7890,shared_genes,quantile_rank,hist_gradient_boosting,315,19,"{'non_keloid': 196, 'keloid': 119}","{'keloid': 10, 'non_keloid': 9}",0.42105263157894735,0.34623481781376525,0.4388888888888889,0.35692307692307695,0.4,"[[1, 9], [2, 7]]","['keloid', 'non_keloid']"
keloid_binary,leave_accession_out_GSE7890,shared_genes,quantile_rank,knn,315,19,"{'non_keloid': 196, 'keloid': 119}","{'keloid': 10, 'non_keloid': 9}",0.5263157894736842,0.4651012145748988,0.5444444444444444,0.47384615384615386,0.6333333333333333,"[[2, 8], [1, 8]]","['keloid', 'non_keloid']"
keloid_binary,leave_accession_out_Sun_Burns,modules_rank_plus_expanded,quantile_rank,majority,220,25,"{'keloid': 129, 'non_keloid': 91}","{'keloid': 17, 'non_keloid': 8}",0.68,0.5504761904761906,0.5,0.40476190476190477,0.5,"[[17, 0], [8, 0]]","['keloid', 'non_keloid']"
keloid_binary,leave_accession_out_Sun_Burns,modules_rank_plus_expanded,quantile_rank,stratified_random,220,25,"{'keloid': 129, 'non_keloid': 91}","{'keloid': 17, 'non_keloid': 8}",0.68,0.6906666666666667,0.6985294117647058,0.6666666666666666,0.6985294117647058,"[[11, 6], [2, 6]]","['keloid', 'non_keloid']"
keloid_binary,leave_accession_out_Sun_Burns,modules_rank_plus_expanded,quantile_rank,elastic_net_logreg,220,25,"{'keloid': 129, 'non_keloid': 91}","{'keloid': 17, 'non_keloid': 8}",0.68,0.5504761904761906,0.5,0.40476190476190477,0.5,"[[17, 0], [8, 0]]","['keloid', 'non_keloid']"
keloid_binary,leave_accession_out_Sun_Burns,modules_rank_plus_expanded,quantile_rank,linear_svm,220,25,"{'keloid': 129, 'non_keloid': 91}","{'keloid': 17, 'non_keloid': 8}",0.68,0.5504761904761906,0.5,0.40476190476190477,0.5,"[[17, 0], [8, 0]]","['keloid', 'non_keloid']"
keloid_binary,leave_accession_out_Sun_Burns,modules_rank_plus_expanded,quantile_rank,random_forest,220,25,"{'keloid': 129, 'non_keloid': 91}","{'keloid': 17, 'non_keloid': 8}",0.68,0.5504761904761906,0.5,0.40476190476190477,0.5,"[[17, 0], [8, 0]]","['keloid', 'non_keloid']"
keloid_binary,leave_accession_out_Sun_Burns,modules_rank_plus_expanded,quantile_rank,hist_gradient_boosting,220,25,"{'keloid': 129, 'non_keloid': 91}","{'keloid': 17, 'non_keloid': 8}",0.68,0.5504761904761906,0.5,0.40476190476190477,0.5,"[[17, 0], [8, 0]]","['keloid', 'non_keloid']"
keloid_binary,leave_accession_out_Sun_Burns,modules_rank_plus_expanded,quantile_rank,knn,220,25,"{'keloid': 129, 'non_keloid': 91}","{'keloid': 17, 'non_keloid': 8}",0.32,0.15515151515151515,0.5,0.24242424242424243,0.5,"[[0, 17], [0, 8]]","['keloid', 'non_keloid']"
keloid_binary,leave_accession_out_Sun_Burns,modules_rank_plus_expanded,quantile_rank,small_mlp,220,25,"{'keloid': 129, 'non_keloid': 91}","{'keloid': 17, 'non_keloid': 8}",0.68,0.5504761904761906,0.5,0.40476190476190477,0.5,"[[17, 0], [8, 0]]","['keloid', 'non_keloid']"
keloid_binary,leave_accession_out_Sun_Burns,modules_rank_only,quantile_rank,majority,220,25,"{'keloid': 129, 'non_keloid': 91}","{'keloid': 17, 'non_keloid': 8}",0.68,0.5504761904761906,0.5,0.40476190476190477,0.5,"[[17, 0], [8, 0]]","['keloid', 'non_keloid']"
keloid_binary,leave_accession_out_Sun_Burns,modules_rank_only,quantile_rank,stratified_random,220,25,"{'keloid': 129, 'non_keloid': 91}","{'keloid': 17, 'non_keloid': 8}",0.68,0.6906666666666667,0.6985294117647058,0.6666666666666666,0.6985294117647058,"[[11, 6], [2, 6]]","['keloid', 'non_keloid']"
keloid_binary,leave_accession_out_Sun_Burns,modules_rank_only,quantile_rank,elastic_net_logreg,220,25,"{'keloid': 129, 'non_keloid': 91}","{'keloid': 17, 'non_keloid': 8}",0.68,0.5504761904761906,0.5,0.40476190476190477,0.5,"[[17, 0], [8, 0]]","['keloid', 'non_keloid']"
keloid_binary,leave_accession_out_Sun_Burns,modules_rank_only,quantile_rank,linear_svm,220,25,"{'keloid': 129, 'non_keloid': 91}","{'keloid': 17, 'non_keloid': 8}",0.68,0.5504761904761906,0.5,0.40476190476190477,0.47058823529411764,"[[17, 0], [8, 0]]","['keloid', 'non_keloid']"
keloid_binary,leave_accession_out_Sun_Burns,modules_rank_only,quantile_rank,random_forest,220,25,"{'keloid': 129, 'non_keloid': 91}","{'keloid': 17, 'non_keloid': 8}",0.32,0.15515151515151515,0.5,0.24242424242424243,0.5,"[[0, 17], [0, 8]]","['keloid', 'non_keloid']"
keloid_binary,leave_accession_out_Sun_Burns,modules_rank_only,quantile_rank,hist_gradient_boosting,220,25,"{'keloid': 129, 'non_keloid': 91}","{'keloid': 17, 'non_keloid': 8}",0.68,0.5504761904761906,0.5,0.40476190476190477,0.5,"[[17, 0], [8, 0]]","['keloid', 'non_keloid']"
keloid_binary,leave_accession_out_Sun_Burns,modules_rank_only,quantile_rank,knn,220,25,"{'keloid': 129, 'non_keloid': 91}","{'keloid': 17, 'non_keloid': 8}",0.32,0.15515151515151515,0.5,0.24242424242424243,0.5,"[[0, 17], [0, 8]]","['keloid', 'non_keloid']"
keloid_binary,leave_accession_out_Sun_Burns,modules_rank_only,quantile_rank,small_mlp,220,25,"{'keloid': 129, 'non_keloid': 91}","{'keloid': 17, 'non_keloid': 8}",0.68,0.5504761904761906,0.5,0.40476190476190477,0.5,"[[17, 0], [8, 0]]","['keloid', 'non_keloid']"
keloid_binary,leave_accession_out_Sun_Burns,published_markers_only,quantile_rank,majority,220,25,"{'keloid': 129, 'non_keloid': 91}","{'keloid': 17, 'non_keloid': 8}",0.68,0.5504761904761906,0.5,0.40476190476190477,0.5,"[[17, 0], [8, 0]]","['keloid', 'non_keloid']"
keloid_binary,leave_accession_out_Sun_Burns,published_markers_only,quantile_rank,stratified_random,220,25,"{'keloid': 129, 'non_keloid': 91}","{'keloid': 17, 'non_keloid': 8}",0.68,0.6906666666666667,0.6985294117647058,0.6666666666666666,0.6985294117647058,"[[11, 6], [2, 6]]","['keloid', 'non_keloid']"
keloid_binary,leave_accession_out_Sun_Burns,published_markers_only,quantile_rank,elastic_net_logreg,220,25,"{'keloid': 129, 'non_keloid': 91}","{'keloid': 17, 'non_keloid': 8}",0.68,0.5504761904761906,0.5,0.40476190476190477,0.5,"[[17, 0], [8, 0]]","['keloid', 'non_keloid']"
keloid_binary,leave_accession_out_Sun_Burns,published_markers_only,quantile_rank,linear_svm,220,25,"{'keloid': 129, 'non_keloid': 91}","{'keloid': 17, 'non_keloid': 8}",0.68,0.5504761904761906,0.5,0.40476190476190477,0.5294117647058824,"[[17, 0], [8, 0]]","['keloid', 'non_keloid']"
keloid_binary,leave_accession_out_Sun_Burns,published_markers_only,quantile_rank,random_forest,220,25,"{'keloid': 129, 'non_keloid': 91}","{'keloid': 17, 'non_keloid': 8}",0.32,0.15515151515151515,0.5,0.24242424242424243,0.5,"[[0, 17], [0, 8]]","['keloid', 'non_keloid']"
keloid_binary,leave_accession_out_Sun_Burns,published_markers_only,quantile_rank,hist_gradient_boosting,220,25,"{'keloid': 129, 'non_keloid': 91}","{'keloid': 17, 'non_keloid': 8}",0.68,0.5504761904761906,0.5,0.40476190476190477,0.5,"[[17, 0], [8, 0]]","['keloid', 'non_keloid']"
keloid_binary,leave_accession_out_Sun_Burns,published_markers_only,quantile_rank,knn,220,25,"{'keloid': 129, 'non_keloid': 91}","{'keloid': 17, 'non_keloid': 8}",0.68,0.5504761904761906,0.5,0.40476190476190477,0.5,"[[17, 0], [8, 0]]","['keloid', 'non_keloid']"
keloid_binary,leave_accession_out_Sun_Burns,published_markers_only,quantile_rank,small_mlp,220,25,"{'keloid': 129, 'non_keloid': 91}","{'keloid': 17, 'non_keloid': 8}",0.68,0.5504761904761906,0.5,0.40476190476190477,0.5,"[[17, 0], [8, 0]]","['keloid', 'non_keloid']"
keloid_binary,leave_accession_out_Sun_Burns,expanded_profibrotic_only,quantile_rank,majority,220,25,"{'keloid': 129, 'non_keloid': 91}","{'keloid': 17, 'non_keloid': 8}",0.68,0.5504761904761906,0.5,0.40476190476190477,0.5,"[[17, 0], [8, 0]]","['keloid', 'non_keloid']"
keloid_binary,leave_accession_out_Sun_Burns,expanded_profibrotic_only,quantile_rank,stratified_random,220,25,"{'keloid': 129, 'non_keloid': 91}","{'keloid': 17, 'non_keloid': 8}",0.68,0.6906666666666667,0.6985294117647058,0.6666666666666666,0.6985294117647058,"[[11, 6], [2, 6]]","['keloid', 'non_keloid']"
keloid_binary,leave_accession_out_Sun_Burns,expanded_profibrotic_only,quantile_rank,elastic_net_logreg,220,25,"{'keloid': 129, 'non_keloid': 91}","{'keloid': 17, 'non_keloid': 8}",0.68,0.5504761904761906,0.5,0.40476190476190477,0.5,"[[17, 0], [8, 0]]","['keloid', 'non_keloid']"
keloid_binary,leave_accession_out_Sun_Burns,expanded_profibrotic_only,quantile_rank,linear_svm,220,25,"{'keloid': 129, 'non_keloid': 91}","{'keloid': 17, 'non_keloid': 8}",0.68,0.5504761904761906,0.5,0.40476190476190477,0.5,"[[17, 0], [8, 0]]","['keloid', 'non_keloid']"
keloid_binary,leave_accession_out_Sun_Burns,expanded_profibrotic_only,quantile_rank,random_forest,220,25,"{'keloid': 129, 'non_keloid': 91}","{'keloid': 17, 'non_keloid': 8}",0.68,0.5504761904761906,0.5,0.40476190476190477,0.5,"[[17, 0], [8, 0]]","['keloid', 'non_keloid']"
keloid_binary,leave_accession_out_Sun_Burns,expanded_profibrotic_only,quantile_rank,hist_gradient_boosting,220,25,"{'keloid': 129, 'non_keloid': 91}","{'keloid': 17, 'non_keloid': 8}",0.68,0.5504761904761906,0.5,0.40476190476190477,0.5,"[[17, 0], [8, 0]]","['keloid', 'non_keloid']"
keloid_binary,leave_accession_out_Sun_Burns,expanded_profibrotic_only,quantile_rank,knn,220,25,"{'keloid': 129, 'non_keloid': 91}","{'keloid': 17, 'non_keloid': 8}",0.32,0.15515151515151515,0.5,0.24242424242424243,0.5,"[[0, 17], [0, 8]]","['keloid', 'non_keloid']"
keloid_binary,leave_accession_out_Sun_Burns,expanded_profibrotic_only,quantile_rank,small_mlp,220,25,"{'keloid': 129, 'non_keloid': 91}","{'keloid': 17, 'non_keloid': 8}",0.68,0.5504761904761906,0.5,0.40476190476190477,0.5,"[[17, 0], [8, 0]]","['keloid', 'non_keloid']"
keloid_binary,leave_accession_out_Sun_Burns,shared_genes,quantile_rank,majority,220,25,"{'keloid': 129, 'non_keloid': 91}","{'keloid': 17, 'non_keloid': 8}",0.68,0.5504761904761906,0.5,0.40476190476190477,0.5,"[[17, 0], [8, 0]]","['keloid', 'non_keloid']"
keloid_binary,leave_accession_out_Sun_Burns,shared_genes,quantile_rank,stratified_random,220,25,"{'keloid': 129, 'non_keloid': 91}","{'keloid': 17, 'non_keloid': 8}",0.68,0.6906666666666667,0.6985294117647058,0.6666666666666666,0.6985294117647058,"[[11, 6], [2, 6]]","['keloid', 'non_keloid']"
keloid_binary,leave_accession_out_Sun_Burns,shared_genes,quantile_rank,elastic_net_logreg,220,25,"{'keloid': 129, 'non_keloid': 91}","{'keloid': 17, 'non_keloid': 8}",0.32,0.15515151515151515,0.5,0.24242424242424243,0.5,"[[0, 17], [0, 8]]","['keloid', 'non_keloid']"
keloid_binary,leave_accession_out_Sun_Burns,shared_genes,quantile_rank,linear_svm,220,25,"{'keloid': 129, 'non_keloid': 91}","{'keloid': 17, 'non_keloid': 8}",0.68,0.5504761904761906,0.5,0.40476190476190477,0.47058823529411764,"[[17, 0], [8, 0]]","['keloid', 'non_keloid']"
keloid_binary,leave_accession_out_Sun_Burns,shared_genes,quantile_rank,random_forest,220,25,"{'keloid': 129, 'non_keloid': 91}","{'keloid': 17, 'non_keloid': 8}",0.32,0.15515151515151515,0.5,0.24242424242424243,0.5,"[[0, 17], [0, 8]]","['keloid', 'non_keloid']"
keloid_binary,leave_accession_out_Sun_Burns,shared_genes,quantile_rank,hist_gradient_boosting,220,25,"{'keloid': 129, 'non_keloid': 91}","{'keloid': 17, 'non_keloid': 8}",0.68,0.5504761904761906,0.5,0.40476190476190477,0.5,"[[17, 0], [8, 0]]","['keloid', 'non_keloid']"
keloid_binary,leave_accession_out_Sun_Burns,shared_genes,quantile_rank,knn,220,25,"{'keloid': 129, 'non_keloid': 91}","{'keloid': 17, 'non_keloid': 8}",0.68,0.5504761904761906,0.5,0.40476190476190477,0.5,"[[17, 0], [8, 0]]","['keloid', 'non_keloid']"
