task,split_name,feature_set,model,n_train,n_test,train_label_counts,test_label_counts,accuracy,weighted_f1,balanced_accuracy,macro_f1,auroc,confusion_matrix,labels,error
keloid_binary,grouped_seed0_fold0,shared_genes_plus_modules,majority,127,25,"{'non_keloid': 66, 'keloid': 61}","{'keloid': 16, 'non_keloid': 9}",0.36,0.19058823529411764,0.5,0.2647058823529412,0.5,"[[0, 16], [0, 9]]","['keloid', 'non_keloid']",
keloid_binary,grouped_seed0_fold0,shared_genes_plus_modules,stratified_random,127,25,"{'non_keloid': 66, 'keloid': 61}","{'keloid': 16, 'non_keloid': 9}",0.6,0.6077922077922078,0.6145833333333333,0.5941558441558441,0.6145833333333333,"[[9, 7], [3, 6]]","['keloid', 'non_keloid']",
keloid_binary,grouped_seed0_fold0,shared_genes_plus_modules,elastic_net_logreg,127,25,"{'non_keloid': 66, 'keloid': 61}","{'keloid': 16, 'non_keloid': 9}",0.84,0.8431168831168832,0.875,0.8376623376623377,0.875,"[[12, 4], [0, 9]]","['keloid', 'non_keloid']",
keloid_binary,grouped_seed0_fold0,shared_genes_plus_modules,linear_svm,127,25,"{'non_keloid': 66, 'keloid': 61}","{'keloid': 16, 'non_keloid': 9}",0.8,0.8039408866995074,0.8194444444444444,0.7947454844006567,0.8472222222222222,"[[12, 4], [1, 8]]","['keloid', 'non_keloid']",
keloid_binary,grouped_seed0_fold0,shared_genes_plus_modules,random_forest,127,25,"{'non_keloid': 66, 'keloid': 61}","{'keloid': 16, 'non_keloid': 9}",0.52,0.47200000000000003,0.625,0.5,0.8819444444444444,"[[4, 12], [0, 9]]","['keloid', 'non_keloid']",
keloid_binary,grouped_seed0_fold0,shared_genes_plus_modules,hist_gradient_boosting,127,25,"{'non_keloid': 66, 'keloid': 61}","{'keloid': 16, 'non_keloid': 9}",0.76,0.7623076923076922,0.8125,0.7596153846153846,0.8541666666666666,"[[10, 6], [0, 9]]","['keloid', 'non_keloid']",
keloid_binary,grouped_seed0_fold0,shared_genes_plus_modules,knn,127,25,"{'non_keloid': 66, 'keloid': 61}","{'keloid': 16, 'non_keloid': 9}",0.44,0.43282051282051287,0.4895833333333333,0.4391025641025641,0.5208333333333333,"[[5, 11], [3, 6]]","['keloid', 'non_keloid']",
keloid_binary,grouped_seed0_fold0,shared_genes_plus_modules,small_mlp,127,25,"{'non_keloid': 66, 'keloid': 61}","{'keloid': 16, 'non_keloid': 9}",0.68,0.6862337662337663,0.7013888888888888,0.6753246753246753,0.8263888888888888,"[[10, 6], [2, 7]]","['keloid', 'non_keloid']",
keloid_binary,grouped_seed0_fold0,shared_genes,majority,127,25,"{'non_keloid': 66, 'keloid': 61}","{'keloid': 16, 'non_keloid': 9}",0.36,0.19058823529411764,0.5,0.2647058823529412,0.5,"[[0, 16], [0, 9]]","['keloid', 'non_keloid']",
keloid_binary,grouped_seed0_fold0,shared_genes,stratified_random,127,25,"{'non_keloid': 66, 'keloid': 61}","{'keloid': 16, 'non_keloid': 9}",0.6,0.6077922077922078,0.6145833333333333,0.5941558441558441,0.6145833333333333,"[[9, 7], [3, 6]]","['keloid', 'non_keloid']",
keloid_binary,grouped_seed0_fold0,shared_genes,elastic_net_logreg,127,25,"{'non_keloid': 66, 'keloid': 61}","{'keloid': 16, 'non_keloid': 9}",0.84,0.84,0.8263888888888888,0.8263888888888888,0.8402777777777778,"[[14, 2], [2, 7]]","['keloid', 'non_keloid']",
keloid_binary,grouped_seed0_fold0,shared_genes,linear_svm,127,25,"{'non_keloid': 66, 'keloid': 61}","{'keloid': 16, 'non_keloid': 9}",0.76,0.76,0.7395833333333333,0.7395833333333333,0.7638888888888888,"[[13, 3], [3, 6]]","['keloid', 'non_keloid']",
keloid_binary,grouped_seed0_fold0,shared_genes,random_forest,127,25,"{'non_keloid': 66, 'keloid': 61}","{'keloid': 16, 'non_keloid': 9}",0.68,0.6862337662337663,0.7013888888888888,0.6753246753246753,0.7708333333333334,"[[10, 6], [2, 7]]","['keloid', 'non_keloid']",
keloid_binary,grouped_seed0_fold0,shared_genes,hist_gradient_boosting,127,25,"{'non_keloid': 66, 'keloid': 61}","{'keloid': 16, 'non_keloid': 9}",0.72,0.7255172413793103,0.7326388888888888,0.7126436781609196,0.8125,"[[11, 5], [2, 7]]","['keloid', 'non_keloid']",
keloid_binary,grouped_seed0_fold0,shared_genes,knn,127,25,"{'non_keloid': 66, 'keloid': 61}","{'keloid': 16, 'non_keloid': 9}",0.72,0.656037296037296,0.6111111111111112,0.592074592074592,0.6111111111111112,"[[16, 0], [7, 2]]","['keloid', 'non_keloid']",
keloid_binary,grouped_seed0_fold0,modules_only,majority,127,25,"{'non_keloid': 66, 'keloid': 61}","{'keloid': 16, 'non_keloid': 9}",0.36,0.19058823529411764,0.5,0.2647058823529412,0.5,"[[0, 16], [0, 9]]","['keloid', 'non_keloid']",
keloid_binary,grouped_seed0_fold0,modules_only,stratified_random,127,25,"{'non_keloid': 66, 'keloid': 61}","{'keloid': 16, 'non_keloid': 9}",0.6,0.6077922077922078,0.6145833333333333,0.5941558441558441,0.6145833333333333,"[[9, 7], [3, 6]]","['keloid', 'non_keloid']",
keloid_binary,grouped_seed0_fold0,modules_only,elastic_net_logreg,127,25,"{'non_keloid': 66, 'keloid': 61}","{'keloid': 16, 'non_keloid': 9}",0.6,0.6038461538461539,0.6388888888888888,0.5993589743589745,0.7152777777777778,"[[8, 8], [2, 7]]","['keloid', 'non_keloid']",
keloid_binary,grouped_seed0_fold0,modules_only,linear_svm,127,25,"{'non_keloid': 66, 'keloid': 61}","{'keloid': 16, 'non_keloid': 9}",0.64,0.6457971014492753,0.6701388888888888,0.6376811594202898,0.7222222222222222,"[[9, 7], [2, 7]]","['keloid', 'non_keloid']",
keloid_binary,grouped_seed0_fold0,modules_only,random_forest,127,25,"{'non_keloid': 66, 'keloid': 61}","{'keloid': 16, 'non_keloid': 9}",0.56,0.5472463768115943,0.6319444444444444,0.5571658615136876,0.6041666666666666,"[[6, 10], [1, 8]]","['keloid', 'non_keloid']",
keloid_binary,grouped_seed0_fold0,modules_only,hist_gradient_boosting,127,25,"{'non_keloid': 66, 'keloid': 61}","{'keloid': 16, 'non_keloid': 9}",0.56,0.56,0.6076388888888888,0.56,0.6180555555555556,"[[7, 9], [2, 7]]","['keloid', 'non_keloid']",
keloid_binary,grouped_seed0_fold0,modules_only,knn,127,25,"{'non_keloid': 66, 'keloid': 61}","{'keloid': 16, 'non_keloid': 9}",0.48,0.48,0.5208333333333333,0.48,0.5798611111111112,"[[6, 10], [3, 6]]","['keloid', 'non_keloid']",
keloid_binary,grouped_seed0_fold0,modules_only,small_mlp,127,25,"{'non_keloid': 66, 'keloid': 61}","{'keloid': 16, 'non_keloid': 9}",0.72,0.7228522920203736,0.7083333333333333,0.7028862478777589,0.7152777777777778,"[[12, 4], [3, 6]]","['keloid', 'non_keloid']",
keloid_binary,grouped_seed0_fold1,shared_genes_plus_modules,majority,82,13,"{'non_keloid': 45, 'keloid': 37}","{'non_keloid': 11, 'keloid': 2}",0.8461538461538461,0.7756410256410255,0.5,0.4583333333333333,0.5,"[[0, 2], [0, 11]]","['keloid', 'non_keloid']",
keloid_binary,grouped_seed0_fold1,shared_genes_plus_modules,stratified_random,82,13,"{'non_keloid': 45, 'keloid': 37}","{'non_keloid': 11, 'keloid': 2}",0.38461538461538464,0.4538461538461539,0.4318181818181818,0.35,0.4318181818181819,"[[1, 1], [7, 4]]","['keloid', 'non_keloid']",
keloid_binary,grouped_seed0_fold1,shared_genes_plus_modules,elastic_net_logreg,82,13,"{'non_keloid': 45, 'keloid': 37}","{'non_keloid': 11, 'keloid': 2}",0.8461538461538461,0.8641025641025641,0.9090909090909092,0.7833333333333333,1.0,"[[2, 0], [2, 9]]","['keloid', 'non_keloid']",
keloid_binary,grouped_seed0_fold1,shared_genes_plus_modules,linear_svm,82,13,"{'non_keloid': 45, 'keloid': 37}","{'non_keloid': 11, 'keloid': 2}",0.6153846153846154,0.6674378253325621,0.5681818181818181,0.5112781954887218,0.7272727272727273,"[[1, 1], [4, 7]]","['keloid', 'non_keloid']",
keloid_binary,grouped_seed0_fold1,shared_genes_plus_modules,random_forest,82,13,"{'non_keloid': 45, 'keloid': 37}","{'non_keloid': 11, 'keloid': 2}",0.8461538461538461,0.7756410256410255,0.5,0.4583333333333333,0.7727272727272727,"[[0, 2], [0, 11]]","['keloid', 'non_keloid']",
keloid_binary,grouped_seed0_fold1,shared_genes_plus_modules,hist_gradient_boosting,82,13,"{'non_keloid': 45, 'keloid': 37}","{'non_keloid': 11, 'keloid': 2}",0.6923076923076923,0.7282051282051282,0.6136363636363636,0.5666666666666667,0.6818181818181819,"[[1, 1], [3, 8]]","['keloid', 'non_keloid']",
keloid_binary,grouped_seed0_fold1,shared_genes_plus_modules,knn,82,13,"{'non_keloid': 45, 'keloid': 37}","{'non_keloid': 11, 'keloid': 2}",0.8461538461538461,0.7756410256410255,0.5,0.4583333333333333,0.45454545454545453,"[[0, 2], [0, 11]]","['keloid', 'non_keloid']",
keloid_binary,grouped_seed0_fold1,shared_genes_plus_modules,small_mlp,82,13,"{'non_keloid': 45, 'keloid': 37}","{'non_keloid': 11, 'keloid': 2}",0.6153846153846154,0.6656611362493716,0.7727272727272727,0.5751633986928104,0.8636363636363636,"[[2, 0], [5, 6]]","['keloid', 'non_keloid']",
keloid_binary,grouped_seed0_fold1,shared_genes,majority,82,13,"{'non_keloid': 45, 'keloid': 37}","{'non_keloid': 11, 'keloid': 2}",0.8461538461538461,0.7756410256410255,0.5,0.4583333333333333,0.5,"[[0, 2], [0, 11]]","['keloid', 'non_keloid']",
keloid_binary,grouped_seed0_fold1,shared_genes,stratified_random,82,13,"{'non_keloid': 45, 'keloid': 37}","{'non_keloid': 11, 'keloid': 2}",0.38461538461538464,0.4538461538461539,0.4318181818181818,0.35,0.4318181818181819,"[[1, 1], [7, 4]]","['keloid', 'non_keloid']",
keloid_binary,grouped_seed0_fold1,shared_genes,elastic_net_logreg,82,13,"{'non_keloid': 45, 'keloid': 37}","{'non_keloid': 11, 'keloid': 2}",0.7692307692307693,0.8004626951995373,0.8636363636363636,0.706766917293233,1.0,"[[2, 0], [3, 8]]","['keloid', 'non_keloid']",
keloid_binary,grouped_seed0_fold1,shared_genes,linear_svm,82,13,"{'non_keloid': 45, 'keloid': 37}","{'non_keloid': 11, 'keloid': 2}",0.6923076923076923,0.735042735042735,0.8181818181818181,0.6388888888888888,1.0,"[[2, 0], [4, 7]]","['keloid', 'non_keloid']",
keloid_binary,grouped_seed0_fold1,shared_genes,random_forest,82,13,"{'non_keloid': 45, 'keloid': 37}","{'non_keloid': 11, 'keloid': 2}",0.8461538461538461,0.7756410256410255,0.5,0.4583333333333333,1.0,"[[0, 2], [0, 11]]","['keloid', 'non_keloid']",
keloid_binary,grouped_seed0_fold1,shared_genes,hist_gradient_boosting,82,13,"{'non_keloid': 45, 'keloid': 37}","{'non_keloid': 11, 'keloid': 2}",0.6923076923076923,0.6923076923076923,0.4090909090909091,0.4090909090909091,0.6818181818181819,"[[0, 2], [2, 9]]","['keloid', 'non_keloid']",
keloid_binary,grouped_seed0_fold1,shared_genes,knn,82,13,"{'non_keloid': 45, 'keloid': 37}","{'non_keloid': 11, 'keloid': 2}",0.8461538461538461,0.8641025641025641,0.9090909090909092,0.7833333333333333,0.9090909090909092,"[[2, 0], [2, 9]]","['keloid', 'non_keloid']",
keloid_binary,grouped_seed0_fold1,modules_only,majority,82,13,"{'non_keloid': 45, 'keloid': 37}","{'non_keloid': 11, 'keloid': 2}",0.8461538461538461,0.7756410256410255,0.5,0.4583333333333333,0.5,"[[0, 2], [0, 11]]","['keloid', 'non_keloid']",
keloid_binary,grouped_seed0_fold1,modules_only,stratified_random,82,13,"{'non_keloid': 45, 'keloid': 37}","{'non_keloid': 11, 'keloid': 2}",0.38461538461538464,0.4538461538461539,0.4318181818181818,0.35,0.4318181818181819,"[[1, 1], [7, 4]]","['keloid', 'non_keloid']",
keloid_binary,grouped_seed0_fold1,modules_only,elastic_net_logreg,82,13,"{'non_keloid': 45, 'keloid': 37}","{'non_keloid': 11, 'keloid': 2}",0.5384615384615384,0.5923076923076922,0.3181818181818182,0.35,0.40909090909090906,"[[0, 2], [4, 7]]","['keloid', 'non_keloid']",
keloid_binary,grouped_seed0_fold1,modules_only,linear_svm,82,13,"{'non_keloid': 45, 'keloid': 37}","{'non_keloid': 11, 'keloid': 2}",0.5384615384615384,0.5923076923076922,0.3181818181818182,0.35,0.2727272727272727,"[[0, 2], [4, 7]]","['keloid', 'non_keloid']",
keloid_binary,grouped_seed0_fold1,modules_only,random_forest,82,13,"{'non_keloid': 45, 'keloid': 37}","{'non_keloid': 11, 'keloid': 2}",0.6153846153846154,0.6446886446886446,0.36363636363636365,0.38095238095238093,0.5,"[[0, 2], [3, 8]]","['keloid', 'non_keloid']",
keloid_binary,grouped_seed0_fold1,modules_only,hist_gradient_boosting,82,13,"{'non_keloid': 45, 'keloid': 37}","{'non_keloid': 11, 'keloid': 2}",0.6923076923076923,0.7282051282051282,0.6136363636363636,0.5666666666666667,0.6363636363636364,"[[1, 1], [3, 8]]","['keloid', 'non_keloid']",
keloid_binary,grouped_seed0_fold1,modules_only,knn,82,13,"{'non_keloid': 45, 'keloid': 37}","{'non_keloid': 11, 'keloid': 2}",0.8461538461538461,0.7756410256410255,0.5,0.4583333333333333,0.22727272727272727,"[[0, 2], [0, 11]]","['keloid', 'non_keloid']",
keloid_binary,grouped_seed0_fold1,modules_only,small_mlp,82,13,"{'non_keloid': 45, 'keloid': 37}","{'non_keloid': 11, 'keloid': 2}",0.23076923076923078,0.18498168498168496,0.5454545454545454,0.22619047619047616,0.5454545454545454,"[[2, 0], [10, 1]]","['keloid', 'non_keloid']",
keloid_binary,grouped_seed0_fold2,shared_genes_plus_modules,majority,118,31,"{'keloid': 64, 'non_keloid': 54}","{'keloid': 20, 'non_keloid': 11}",0.6451612903225806,0.5060088551549652,0.5,0.39215686274509803,0.5,"[[20, 0], [11, 0]]","['keloid', 'non_keloid']",
keloid_binary,grouped_seed0_fold2,shared_genes_plus_modules,stratified_random,118,31,"{'keloid': 64, 'non_keloid': 54}","{'keloid': 20, 'non_keloid': 11}",0.45161290322580644,0.46321897934801154,0.45227272727272727,0.4423280423280423,0.45227272727272727,"[[9, 11], [6, 5]]","['keloid', 'non_keloid']",
keloid_binary,grouped_seed0_fold2,shared_genes_plus_modules,elastic_net_logreg,118,31,"{'keloid': 64, 'non_keloid': 54}","{'keloid': 20, 'non_keloid': 11}",0.7419354838709677,0.7103786816269284,0.6568181818181817,0.6630434782608696,0.8772727272727272,"[[19, 1], [7, 4]]","['keloid', 'non_keloid']",
keloid_binary,grouped_seed0_fold2,shared_genes_plus_modules,linear_svm,118,31,"{'keloid': 64, 'non_keloid': 54}","{'keloid': 20, 'non_keloid': 11}",0.6774193548387096,0.65623981753014,0.6068181818181818,0.6085858585858586,0.7181818181818183,"[[17, 3], [7, 4]]","['keloid', 'non_keloid']",
keloid_binary,grouped_seed0_fold2,shared_genes_plus_modules,random_forest,118,31,"{'keloid': 64, 'non_keloid': 54}","{'keloid': 20, 'non_keloid': 11}",0.6774193548387096,0.6379733520336606,0.5863636363636364,0.5788043478260869,0.5772727272727273,"[[18, 2], [8, 3]]","['keloid', 'non_keloid']",
keloid_binary,grouped_seed0_fold2,shared_genes_plus_modules,hist_gradient_boosting,118,31,"{'keloid': 64, 'non_keloid': 54}","{'keloid': 20, 'non_keloid': 11}",0.7096774193548387,0.683111954459203,0.6318181818181818,0.6352941176470588,0.6409090909090909,"[[18, 2], [7, 4]]","['keloid', 'non_keloid']",
keloid_binary,grouped_seed0_fold2,shared_genes_plus_modules,knn,118,31,"{'keloid': 64, 'non_keloid': 54}","{'keloid': 20, 'non_keloid': 11}",0.6451612903225806,0.6451612903225806,0.7045454545454546,0.6451612903225806,0.6636363636363636,"[[10, 10], [1, 10]]","['keloid', 'non_keloid']",
keloid_binary,grouped_seed0_fold2,shared_genes_plus_modules,small_mlp,118,31,"{'keloid': 64, 'non_keloid': 54}","{'keloid': 20, 'non_keloid': 11}",0.6774193548387096,0.6689708141321045,0.6272727272727273,0.6309523809523809,0.7727272727272728,"[[16, 4], [6, 5]]","['keloid', 'non_keloid']",
keloid_binary,grouped_seed0_fold2,shared_genes,majority,118,31,"{'keloid': 64, 'non_keloid': 54}","{'keloid': 20, 'non_keloid': 11}",0.6451612903225806,0.5060088551549652,0.5,0.39215686274509803,0.5,"[[20, 0], [11, 0]]","['keloid', 'non_keloid']",
keloid_binary,grouped_seed0_fold2,shared_genes,stratified_random,118,31,"{'keloid': 64, 'non_keloid': 54}","{'keloid': 20, 'non_keloid': 11}",0.45161290322580644,0.46321897934801154,0.45227272727272727,0.4423280423280423,0.45227272727272727,"[[9, 11], [6, 5]]","['keloid', 'non_keloid']",
keloid_binary,grouped_seed0_fold2,shared_genes,elastic_net_logreg,118,31,"{'keloid': 64, 'non_keloid': 54}","{'keloid': 20, 'non_keloid': 11}",0.7096774193548387,0.6358434192535575,0.5909090909090909,0.5620094191522763,0.9045454545454545,"[[20, 0], [9, 2]]","['keloid', 'non_keloid']",
keloid_binary,grouped_seed0_fold2,shared_genes,linear_svm,118,31,"{'keloid': 64, 'non_keloid': 54}","{'keloid': 20, 'non_keloid': 11}",0.6774193548387096,0.575268817204301,0.5454545454545454,0.48333333333333334,0.9090909090909092,"[[20, 0], [10, 1]]","['keloid', 'non_keloid']",
keloid_binary,grouped_seed0_fold2,shared_genes,random_forest,118,31,"{'keloid': 64, 'non_keloid': 54}","{'keloid': 20, 'non_keloid': 11}",0.6451612903225806,0.5887897506291466,0.5409090909090909,0.5163120567375886,0.5318181818181819,"[[18, 2], [9, 2]]","['keloid', 'non_keloid']",
keloid_binary,grouped_seed0_fold2,shared_genes,hist_gradient_boosting,118,31,"{'keloid': 64, 'non_keloid': 54}","{'keloid': 20, 'non_keloid': 11}",0.5806451612903226,0.5422728231077377,0.49090909090909096,0.47320261437908495,0.6318181818181818,"[[16, 4], [9, 2]]","['keloid', 'non_keloid']",
keloid_binary,grouped_seed0_fold2,shared_genes,knn,118,31,"{'keloid': 64, 'non_keloid': 54}","{'keloid': 20, 'non_keloid': 11}",0.6451612903225806,0.554919734643237,0.5204545454545454,0.46467817896389324,0.5431818181818182,"[[19, 1], [10, 1]]","['keloid', 'non_keloid']",
keloid_binary,grouped_seed0_fold2,modules_only,majority,118,31,"{'keloid': 64, 'non_keloid': 54}","{'keloid': 20, 'non_keloid': 11}",0.6451612903225806,0.5060088551549652,0.5,0.39215686274509803,0.5,"[[20, 0], [11, 0]]","['keloid', 'non_keloid']",
keloid_binary,grouped_seed0_fold2,modules_only,stratified_random,118,31,"{'keloid': 64, 'non_keloid': 54}","{'keloid': 20, 'non_keloid': 11}",0.45161290322580644,0.46321897934801154,0.45227272727272727,0.4423280423280423,0.45227272727272727,"[[9, 11], [6, 5]]","['keloid', 'non_keloid']",
keloid_binary,grouped_seed0_fold2,modules_only,elastic_net_logreg,118,31,"{'keloid': 64, 'non_keloid': 54}","{'keloid': 20, 'non_keloid': 11}",0.7419354838709677,0.7351766513056835,0.6977272727272728,0.7047619047619047,0.6772727272727272,"[[17, 3], [5, 6]]","['keloid', 'non_keloid']",
keloid_binary,grouped_seed0_fold2,modules_only,linear_svm,118,31,"{'keloid': 64, 'non_keloid': 54}","{'keloid': 20, 'non_keloid': 11}",0.7096774193548387,0.7063054962346859,0.6727272727272727,0.6759581881533101,0.6681818181818182,"[[16, 4], [5, 6]]","['keloid', 'non_keloid']",
keloid_binary,grouped_seed0_fold2,modules_only,random_forest,118,31,"{'keloid': 64, 'non_keloid': 54}","{'keloid': 20, 'non_keloid': 11}",0.6129032258064516,0.6027649769585254,0.5568181818181819,0.5571428571428572,0.6272727272727273,"[[15, 5], [7, 4]]","['keloid', 'non_keloid']",
keloid_binary,grouped_seed0_fold2,modules_only,hist_gradient_boosting,118,31,"{'keloid': 64, 'non_keloid': 54}","{'keloid': 20, 'non_keloid': 11}",0.5806451612903226,0.5757746056723241,0.5318181818181817,0.5319396051103369,0.6272727272727273,"[[14, 6], [7, 4]]","['keloid', 'non_keloid']",
keloid_binary,grouped_seed0_fold2,modules_only,knn,118,31,"{'keloid': 64, 'non_keloid': 54}","{'keloid': 20, 'non_keloid': 11}",0.5161290322580645,0.5204444923940016,0.4818181818181818,0.4816053511705686,0.5431818181818182,"[[12, 8], [7, 4]]","['keloid', 'non_keloid']",
keloid_binary,grouped_seed0_fold2,modules_only,small_mlp,118,31,"{'keloid': 64, 'non_keloid': 54}","{'keloid': 20, 'non_keloid': 11}",0.7741935483870968,0.7642436925020729,0.7227272727272727,0.7343941248470012,0.6727272727272726,"[[18, 2], [5, 6]]","['keloid', 'non_keloid']",
keloid_binary,grouped_seed0_fold3,shared_genes_plus_modules,majority,148,20,"{'keloid': 82, 'non_keloid': 66}","{'non_keloid': 13, 'keloid': 7}",0.35,0.18148148148148147,0.5,0.25925925925925924,0.5,"[[7, 0], [13, 0]]","['keloid', 'non_keloid']",
keloid_binary,grouped_seed0_fold3,shared_genes_plus_modules,stratified_random,148,20,"{'keloid': 82, 'non_keloid': 66}","{'non_keloid': 13, 'keloid': 7}",0.45,0.46265984654731457,0.44505494505494503,0.4373401534526854,0.44505494505494514,"[[3, 4], [7, 6]]","['keloid', 'non_keloid']",
keloid_binary,grouped_seed0_fold3,shared_genes_plus_modules,elastic_net_logreg,148,20,"{'keloid': 82, 'non_keloid': 66}","{'non_keloid': 13, 'keloid': 7}",0.65,0.6546666666666667,0.6318681318681318,0.6266666666666667,0.7362637362637363,"[[4, 3], [4, 9]]","['keloid', 'non_keloid']",
keloid_binary,grouped_seed0_fold3,shared_genes_plus_modules,linear_svm,148,20,"{'keloid': 82, 'non_keloid': 66}","{'non_keloid': 13, 'keloid': 7}",0.5,0.5,0.45054945054945056,0.45054945054945056,0.5824175824175825,"[[2, 5], [5, 8]]","['keloid', 'non_keloid']",
keloid_binary,grouped_seed0_fold3,shared_genes_plus_modules,random_forest,148,20,"{'keloid': 82, 'non_keloid': 66}","{'non_keloid': 13, 'keloid': 7}",0.45,0.45689223057644107,0.478021978021978,0.44862155388471175,0.5164835164835165,"[[4, 3], [8, 5]]","['keloid', 'non_keloid']",
keloid_binary,grouped_seed0_fold3,shared_genes_plus_modules,hist_gradient_boosting,148,20,"{'keloid': 82, 'non_keloid': 66}","{'non_keloid': 13, 'keloid': 7}",0.55,0.5556390977443609,0.5879120879120879,0.5488721804511278,0.6263736263736264,"[[5, 2], [7, 6]]","['keloid', 'non_keloid']",
keloid_binary,grouped_seed0_fold3,shared_genes_plus_modules,knn,148,20,"{'keloid': 82, 'non_keloid': 66}","{'non_keloid': 13, 'keloid': 7}",0.5,0.5,0.45054945054945056,0.45054945054945056,0.4010989010989011,"[[2, 5], [5, 8]]","['keloid', 'non_keloid']",
keloid_binary,grouped_seed0_fold3,shared_genes_plus_modules,small_mlp,148,20,"{'keloid': 82, 'non_keloid': 66}","{'non_keloid': 13, 'keloid': 7}",0.55,0.5603580562659847,0.554945054945055,0.5396419437340154,0.6263736263736264,"[[4, 3], [6, 7]]","['keloid', 'non_keloid']",
keloid_binary,grouped_seed0_fold3,shared_genes,majority,148,20,"{'keloid': 82, 'non_keloid': 66}","{'non_keloid': 13, 'keloid': 7}",0.35,0.18148148148148147,0.5,0.25925925925925924,0.5,"[[7, 0], [13, 0]]","['keloid', 'non_keloid']",
keloid_binary,grouped_seed0_fold3,shared_genes,stratified_random,148,20,"{'keloid': 82, 'non_keloid': 66}","{'non_keloid': 13, 'keloid': 7}",0.45,0.46265984654731457,0.44505494505494503,0.4373401534526854,0.44505494505494514,"[[3, 4], [7, 6]]","['keloid', 'non_keloid']",
keloid_binary,grouped_seed0_fold3,shared_genes,elastic_net_logreg,148,20,"{'keloid': 82, 'non_keloid': 66}","{'non_keloid': 13, 'keloid': 7}",0.55,0.5556390977443609,0.5879120879120879,0.5488721804511278,0.7802197802197801,"[[5, 2], [7, 6]]","['keloid', 'non_keloid']",
keloid_binary,grouped_seed0_fold3,shared_genes,linear_svm,148,20,"{'keloid': 82, 'non_keloid': 66}","{'non_keloid': 13, 'keloid': 7}",0.7,0.706060606060606,0.7362637362637363,0.696969696969697,0.8021978021978022,"[[6, 1], [5, 8]]","['keloid', 'non_keloid']",
keloid_binary,grouped_seed0_fold3,shared_genes,random_forest,148,20,"{'keloid': 82, 'non_keloid': 66}","{'non_keloid': 13, 'keloid': 7}",0.45,0.4403508771929824,0.510989010989011,0.44862155388471175,0.5494505494505495,"[[5, 2], [9, 4]]","['keloid', 'non_keloid']",
keloid_binary,grouped_seed0_fold3,shared_genes,hist_gradient_boosting,148,20,"{'keloid': 82, 'non_keloid': 66}","{'non_keloid': 13, 'keloid': 7}",0.5,0.5,0.5494505494505495,0.5,0.5714285714285714,"[[5, 2], [8, 5]]","['keloid', 'non_keloid']",
keloid_binary,grouped_seed0_fold3,shared_genes,knn,148,20,"{'keloid': 82, 'non_keloid': 66}","{'non_keloid': 13, 'keloid': 7}",0.55,0.5189258312020459,0.6538461538461539,0.5396419437340154,0.7582417582417583,"[[7, 0], [9, 4]]","['keloid', 'non_keloid']",
keloid_binary,grouped_seed0_fold3,modules_only,majority,148,20,"{'keloid': 82, 'non_keloid': 66}","{'non_keloid': 13, 'keloid': 7}",0.35,0.18148148148148147,0.5,0.25925925925925924,0.5,"[[7, 0], [13, 0]]","['keloid', 'non_keloid']",
keloid_binary,grouped_seed0_fold3,modules_only,stratified_random,148,20,"{'keloid': 82, 'non_keloid': 66}","{'non_keloid': 13, 'keloid': 7}",0.45,0.46265984654731457,0.44505494505494503,0.4373401534526854,0.44505494505494514,"[[3, 4], [7, 6]]","['keloid', 'non_keloid']",
keloid_binary,grouped_seed0_fold3,modules_only,elastic_net_logreg,148,20,"{'keloid': 82, 'non_keloid': 66}","{'non_keloid': 13, 'keloid': 7}",0.65,0.6580562659846547,0.6648351648351649,0.6419437340153453,0.6263736263736264,"[[5, 2], [5, 8]]","['keloid', 'non_keloid']",
keloid_binary,grouped_seed0_fold3,modules_only,linear_svm,148,20,"{'keloid': 82, 'non_keloid': 66}","{'non_keloid': 13, 'keloid': 7}",0.6,0.6083333333333333,0.5934065934065934,0.5833333333333333,0.6043956043956045,"[[4, 3], [5, 8]]","['keloid', 'non_keloid']",
keloid_binary,grouped_seed0_fold3,modules_only,random_forest,148,20,"{'keloid': 82, 'non_keloid': 66}","{'non_keloid': 13, 'keloid': 7}",0.6,0.6,0.5604395604395604,0.5604395604395604,0.6373626373626373,"[[3, 4], [4, 9]]","['keloid', 'non_keloid']",
keloid_binary,grouped_seed0_fold3,modules_only,hist_gradient_boosting,148,20,"{'keloid': 82, 'non_keloid': 66}","{'non_keloid': 13, 'keloid': 7}",0.6,0.6,0.5604395604395604,0.5604395604395604,0.5384615384615385,"[[3, 4], [4, 9]]","['keloid', 'non_keloid']",
keloid_binary,grouped_seed0_fold3,modules_only,knn,148,20,"{'keloid': 82, 'non_keloid': 66}","{'non_keloid': 13, 'keloid': 7}",0.65,0.6580562659846547,0.6648351648351649,0.6419437340153453,0.6538461538461539,"[[5, 2], [5, 8]]","['keloid', 'non_keloid']",
keloid_binary,grouped_seed0_fold3,modules_only,small_mlp,148,20,"{'keloid': 82, 'non_keloid': 66}","{'non_keloid': 13, 'keloid': 7}",0.55,0.5556390977443609,0.5879120879120879,0.5488721804511278,0.7362637362637363,"[[5, 2], [7, 6]]","['keloid', 'non_keloid']",
keloid_binary,grouped_seed0_fold4,shared_genes_plus_modules,majority,55,100,"{'keloid': 30, 'non_keloid': 25}","{'keloid': 61, 'non_keloid': 39}",0.61,0.4622360248447205,0.5,0.37888198757763975,0.5,"[[61, 0], [39, 0]]","['keloid', 'non_keloid']",
keloid_binary,grouped_seed0_fold4,shared_genes_plus_modules,stratified_random,55,100,"{'keloid': 30, 'non_keloid': 25}","{'keloid': 61, 'non_keloid': 39}",0.58,0.5841379310344827,0.5725094577553593,0.5689655172413793,0.5725094577553593,"[[37, 24], [18, 21]]","['keloid', 'non_keloid']",
keloid_binary,grouped_seed0_fold4,shared_genes_plus_modules,elastic_net_logreg,55,100,"{'keloid': 30, 'non_keloid': 25}","{'keloid': 61, 'non_keloid': 39}",0.71,0.6723636363636365,0.6420765027322404,0.6363636363636364,0.7297183690626314,"[[58, 3], [26, 13]]","['keloid', 'non_keloid']",
keloid_binary,grouped_seed0_fold4,shared_genes_plus_modules,linear_svm,55,100,"{'keloid': 30, 'non_keloid': 25}","{'keloid': 61, 'non_keloid': 39}",0.64,0.5401398601398602,0.5430853299705759,0.4755244755244755,0.6679277007145858,"[[60, 1], [35, 4]]","['keloid', 'non_keloid']",
keloid_binary,grouped_seed0_fold4,shared_genes_plus_modules,random_forest,55,100,"{'keloid': 30, 'non_keloid': 25}","{'keloid': 61, 'non_keloid': 39}",0.64,0.6032831471588149,0.5754518705338377,0.5628946090335114,0.5489701555275326,"[[53, 8], [28, 11]]","['keloid', 'non_keloid']",
keloid_binary,grouped_seed0_fold4,shared_genes_plus_modules,hist_gradient_boosting,55,100,"{'keloid': 30, 'non_keloid': 25}","{'keloid': 61, 'non_keloid': 39}",0.64,0.5967857142857143,0.5708280790248004,0.5535714285714286,0.6023539302227827,"[[54, 7], [29, 10]]","['keloid', 'non_keloid']",
keloid_binary,grouped_seed0_fold4,shared_genes_plus_modules,knn,55,100,"{'keloid': 30, 'non_keloid': 25}","{'keloid': 61, 'non_keloid': 39}",0.58,0.5295833333333334,0.5077763766288357,0.4791666666666667,0.537410676754939,"[[51, 10], [32, 7]]","['keloid', 'non_keloid']",
keloid_binary,grouped_seed0_fold4,shared_genes_plus_modules,small_mlp,55,100,"{'keloid': 30, 'non_keloid': 25}","{'keloid': 61, 'non_keloid': 39}",0.66,0.6308571428571429,0.6010928961748634,0.5952380952380952,0.6952501050861707,"[[53, 8], [26, 13]]","['keloid', 'non_keloid']",
keloid_binary,grouped_seed0_fold4,shared_genes,majority,55,100,"{'keloid': 30, 'non_keloid': 25}","{'keloid': 61, 'non_keloid': 39}",0.61,0.4622360248447205,0.5,0.37888198757763975,0.5,"[[61, 0], [39, 0]]","['keloid', 'non_keloid']",
keloid_binary,grouped_seed0_fold4,shared_genes,stratified_random,55,100,"{'keloid': 30, 'non_keloid': 25}","{'keloid': 61, 'non_keloid': 39}",0.58,0.5841379310344827,0.5725094577553593,0.5689655172413793,0.5725094577553593,"[[37, 24], [18, 21]]","['keloid', 'non_keloid']",
keloid_binary,grouped_seed0_fold4,shared_genes,elastic_net_logreg,55,100,"{'keloid': 30, 'non_keloid': 25}","{'keloid': 61, 'non_keloid': 39}",0.69,0.6360284247927359,0.6118116855821774,0.5920515857349651,0.7009247583018076,"[[59, 2], [29, 10]]","['keloid', 'non_keloid']",
keloid_binary,grouped_seed0_fold4,shared_genes,linear_svm,55,100,"{'keloid': 30, 'non_keloid': 25}","{'keloid': 61, 'non_keloid': 39}",0.67,0.5946015853149771,0.5815468684321143,0.541093032957864,0.71416561580496,"[[60, 1], [32, 7]]","['keloid', 'non_keloid']",
keloid_binary,grouped_seed0_fold4,shared_genes,random_forest,55,100,"{'keloid': 30, 'non_keloid': 25}","{'keloid': 61, 'non_keloid': 39}",0.63,0.5953528068277437,0.5672551492223623,0.5552350042072365,0.5256410256410257,"[[52, 9], [28, 11]]","['keloid', 'non_keloid']",
keloid_binary,grouped_seed0_fold4,shared_genes,hist_gradient_boosting,55,100,"{'keloid': 30, 'non_keloid': 25}","{'keloid': 61, 'non_keloid': 39}",0.62,0.5490666666666667,0.5359394703656999,0.49333333333333335,0.5836485918453131,"[[56, 5], [33, 6]]","['keloid', 'non_keloid']",
keloid_binary,grouped_seed0_fold4,shared_genes,knn,55,100,"{'keloid': 30, 'non_keloid': 25}","{'keloid': 61, 'non_keloid': 39}",0.57,0.5141943573667711,0.49495586380832285,0.46081504702194354,0.49558638083228246,"[[51, 10], [33, 6]]","['keloid', 'non_keloid']",
keloid_binary,grouped_seed0_fold4,modules_only,majority,55,100,"{'keloid': 30, 'non_keloid': 25}","{'keloid': 61, 'non_keloid': 39}",0.61,0.4622360248447205,0.5,0.37888198757763975,0.5,"[[61, 0], [39, 0]]","['keloid', 'non_keloid']",
keloid_binary,grouped_seed0_fold4,modules_only,stratified_random,55,100,"{'keloid': 30, 'non_keloid': 25}","{'keloid': 61, 'non_keloid': 39}",0.58,0.5841379310344827,0.5725094577553593,0.5689655172413793,0.5725094577553593,"[[37, 24], [18, 21]]","['keloid', 'non_keloid']",
keloid_binary,grouped_seed0_fold4,modules_only,elastic_net_logreg,55,100,"{'keloid': 30, 'non_keloid': 25}","{'keloid': 61, 'non_keloid': 39}",0.53,0.4979116465863454,0.5962589323245061,0.5160127690248172,0.6569987389659521,"[[18, 43], [4, 35]]","['keloid', 'non_keloid']",
keloid_binary,grouped_seed0_fold4,modules_only,linear_svm,55,100,"{'keloid': 30, 'non_keloid': 25}","{'keloid': 61, 'non_keloid': 39}",0.52,0.4842827614716825,0.5880622110130307,0.5039272426622571,0.6326187473728457,"[[17, 44], [4, 35]]","['keloid', 'non_keloid']",
keloid_binary,grouped_seed0_fold4,modules_only,random_forest,55,100,"{'keloid': 30, 'non_keloid': 25}","{'keloid': 61, 'non_keloid': 39}",0.49,0.44878306878306873,0.5588482555695671,0.4708994708994709,0.617906683480454,"[[15, 46], [5, 34]]","['keloid', 'non_keloid']",
keloid_binary,grouped_seed0_fold4,modules_only,hist_gradient_boosting,55,100,"{'keloid': 30, 'non_keloid': 25}","{'keloid': 61, 'non_keloid': 39}",0.49,0.44878306878306873,0.5588482555695671,0.4708994708994709,0.6204287515762926,"[[15, 46], [5, 34]]","['keloid', 'non_keloid']",
keloid_binary,grouped_seed0_fold4,modules_only,knn,55,100,"{'keloid': 30, 'non_keloid': 25}","{'keloid': 61, 'non_keloid': 39}",0.6,0.571575502571295,0.5426649852879362,0.5324918186068257,0.564312736443884,"[[49, 12], [28, 11]]","['keloid', 'non_keloid']",
keloid_binary,grouped_seed0_fold4,modules_only,small_mlp,55,100,"{'keloid': 30, 'non_keloid': 25}","{'keloid': 61, 'non_keloid': 39}",0.51,0.4765461847389558,0.5752416981925179,0.49541756770672435,0.6473308112652375,"[[17, 44], [5, 34]]","['keloid', 'non_keloid']",
keloid_binary,grouped_seed1_fold0,shared_genes_plus_modules,majority,87,62,"{'keloid': 49, 'non_keloid': 38}","{'keloid': 42, 'non_keloid': 20}",0.6774193548387096,0.5471464019851118,0.5,0.40384615384615385,0.5,"[[42, 0], [20, 0]]","['keloid', 'non_keloid']",
keloid_binary,grouped_seed1_fold0,shared_genes_plus_modules,stratified_random,87,62,"{'keloid': 49, 'non_keloid': 38}","{'keloid': 42, 'non_keloid': 20}",0.532258064516129,0.5458289137081175,0.5107142857142857,0.5031776733904394,0.5107142857142857,"[[24, 18], [11, 9]]","['keloid', 'non_keloid']",
keloid_binary,grouped_seed1_fold0,shared_genes_plus_modules,elastic_net_logreg,87,62,"{'keloid': 49, 'non_keloid': 38}","{'keloid': 42, 'non_keloid': 20}",0.6774193548387096,0.6408144589338823,0.5654761904761905,0.5602836879432624,0.6797619047619048,"[[37, 5], [15, 5]]","['keloid', 'non_keloid']",
keloid_binary,grouped_seed1_fold0,shared_genes_plus_modules,linear_svm,87,62,"{'keloid': 49, 'non_keloid': 38}","{'keloid': 42, 'non_keloid': 20}",0.6774193548387096,0.6284562211981567,0.5523809523809524,0.5386904761904762,0.6702380952380952,"[[38, 4], [16, 4]]","['keloid', 'non_keloid']",
keloid_binary,grouped_seed1_fold0,shared_genes_plus_modules,random_forest,87,62,"{'keloid': 49, 'non_keloid': 38}","{'keloid': 42, 'non_keloid': 20}",0.5645161290322581,0.554369720109431,0.48214285714285715,0.4799627213420317,0.4726190476190476,"[[30, 12], [15, 5]]","['keloid', 'non_keloid']",
keloid_binary,grouped_seed1_fold0,shared_genes_plus_modules,hist_gradient_boosting,87,62,"{'keloid': 49, 'non_keloid': 38}","{'keloid': 42, 'non_keloid': 20}",0.6451612903225806,0.6256799493991145,0.5547619047619048,0.5542483660130719,0.5833333333333334,"[[34, 8], [14, 6]]","['keloid', 'non_keloid']",
keloid_binary,grouped_seed1_fold0,shared_genes_plus_modules,knn,87,62,"{'keloid': 49, 'non_keloid': 38}","{'keloid': 42, 'non_keloid': 20}",0.3870967741935484,0.3024193548387097,0.5345238095238095,0.3541666666666667,0.6369047619047619,"[[5, 37], [1, 19]]","['keloid', 'non_keloid']",
keloid_binary,grouped_seed1_fold0,shared_genes_plus_modules,small_mlp,87,62,"{'keloid': 49, 'non_keloid': 38}","{'keloid': 42, 'non_keloid': 20}",0.6290322580645161,0.5801533868040514,0.5035714285714286,0.4823956442831216,0.6571428571428571,"[[36, 6], [17, 3]]","['keloid', 'non_keloid']",
keloid_binary,grouped_seed1_fold0,shared_genes,majority,87,62,"{'keloid': 49, 'non_keloid': 38}","{'keloid': 42, 'non_keloid': 20}",0.6774193548387096,0.5471464019851118,0.5,0.40384615384615385,0.5,"[[42, 0], [20, 0]]","['keloid', 'non_keloid']",
keloid_binary,grouped_seed1_fold0,shared_genes,stratified_random,87,62,"{'keloid': 49, 'non_keloid': 38}","{'keloid': 42, 'non_keloid': 20}",0.532258064516129,0.5458289137081175,0.5107142857142857,0.5031776733904394,0.5107142857142857,"[[24, 18], [11, 9]]","['keloid', 'non_keloid']",
keloid_binary,grouped_seed1_fold0,shared_genes,elastic_net_logreg,87,62,"{'keloid': 49, 'non_keloid': 38}","{'keloid': 42, 'non_keloid': 20}",0.6451612903225806,0.5913018433179723,0.5154761904761904,0.49255952380952384,0.6321428571428571,"[[37, 5], [17, 3]]","['keloid', 'non_keloid']",
keloid_binary,grouped_seed1_fold0,shared_genes,linear_svm,87,62,"{'keloid': 49, 'non_keloid': 38}","{'keloid': 42, 'non_keloid': 20}",0.6935483870967742,0.6248289345063538,0.5511904761904761,0.5240404040404041,0.7083333333333333,"[[40, 2], [17, 3]]","['keloid', 'non_keloid']",
keloid_binary,grouped_seed1_fold0,shared_genes,random_forest,87,62,"{'keloid': 49, 'non_keloid': 38}","{'keloid': 42, 'non_keloid': 20}",0.5645161290322581,0.535077825400406,0.45595238095238094,0.44255744255744256,0.5428571428571428,"[[32, 10], [17, 3]]","['keloid', 'non_keloid']",
keloid_binary,grouped_seed1_fold0,shared_genes,hist_gradient_boosting,87,62,"{'keloid': 49, 'non_keloid': 38}","{'keloid': 42, 'non_keloid': 20}",0.5645161290322581,0.5456428312535598,0.46904761904761905,0.4626003210272873,0.5630952380952381,"[[31, 11], [16, 4]]","['keloid', 'non_keloid']",
keloid_binary,grouped_seed1_fold0,shared_genes,knn,87,62,"{'keloid': 49, 'non_keloid': 38}","{'keloid': 42, 'non_keloid': 20}",0.4032258064516129,0.32933947772657446,0.5464285714285714,0.37578231292517006,0.569047619047619,"[[6, 36], [1, 19]]","['keloid', 'non_keloid']",
keloid_binary,grouped_seed1_fold0,modules_only,majority,87,62,"{'keloid': 49, 'non_keloid': 38}","{'keloid': 42, 'non_keloid': 20}",0.6774193548387096,0.5471464019851118,0.5,0.40384615384615385,0.5,"[[42, 0], [20, 0]]","['keloid', 'non_keloid']",
keloid_binary,grouped_seed1_fold0,modules_only,stratified_random,87,62,"{'keloid': 49, 'non_keloid': 38}","{'keloid': 42, 'non_keloid': 20}",0.532258064516129,0.5458289137081175,0.5107142857142857,0.5031776733904394,0.5107142857142857,"[[24, 18], [11, 9]]","['keloid', 'non_keloid']",
keloid_binary,grouped_seed1_fold0,modules_only,elastic_net_logreg,87,62,"{'keloid': 49, 'non_keloid': 38}","{'keloid': 42, 'non_keloid': 20}",0.6451612903225806,0.616234221598878,0.5416666666666667,0.5366847826086957,0.6535714285714285,"[[35, 7], [15, 5]]","['keloid', 'non_keloid']",
keloid_binary,grouped_seed1_fold0,modules_only,linear_svm,87,62,"{'keloid': 49, 'non_keloid': 38}","{'keloid': 42, 'non_keloid': 20}",0.6290322580645161,0.6039551846003459,0.5297619047619048,0.5251415251415251,0.6452380952380952,"[[34, 8], [15, 5]]","['keloid', 'non_keloid']",
keloid_binary,grouped_seed1_fold0,modules_only,random_forest,87,62,"{'keloid': 49, 'non_keloid': 38}","{'keloid': 42, 'non_keloid': 20}",0.6612903225806451,0.6285119667013528,0.5535714285714286,0.5483870967741935,0.5523809523809524,"[[36, 6], [15, 5]]","['keloid', 'non_keloid']",
keloid_binary,grouped_seed1_fold0,modules_only,hist_gradient_boosting,87,62,"{'keloid': 49, 'non_keloid': 38}","{'keloid': 42, 'non_keloid': 20}",0.5967741935483871,0.569516505000376,0.4928571428571429,0.48384948384948384,0.5607142857142857,"[[33, 9], [16, 4]]","['keloid', 'non_keloid']",
keloid_binary,grouped_seed1_fold0,modules_only,knn,87,62,"{'keloid': 49, 'non_keloid': 38}","{'keloid': 42, 'non_keloid': 20}",0.5,0.497007546187874,0.5785714285714286,0.49986989331251624,0.6136904761904762,"[[15, 27], [4, 16]]","['keloid', 'non_keloid']",
keloid_binary,grouped_seed1_fold0,modules_only,small_mlp,87,62,"{'keloid': 49, 'non_keloid': 38}","{'keloid': 42, 'non_keloid': 20}",0.6129032258064516,0.5689773507206588,0.4916666666666667,0.4723404255319149,0.605952380952381,"[[35, 7], [17, 3]]","['keloid', 'non_keloid']",
keloid_binary,grouped_seed1_fold1,shared_genes_plus_modules,majority,121,12,"{'keloid': 75, 'non_keloid': 46}","{'non_keloid': 8, 'keloid': 4}",0.3333333333333333,0.16666666666666666,0.5,0.25,0.5,"[[4, 0], [8, 0]]","['keloid', 'non_keloid']",
keloid_binary,grouped_seed1_fold1,shared_genes_plus_modules,stratified_random,121,12,"{'keloid': 75, 'non_keloid': 46}","{'non_keloid': 8, 'keloid': 4}",0.5833333333333334,0.5925925925925926,0.5625,0.5555555555555556,0.5625,"[[2, 2], [3, 5]]","['keloid', 'non_keloid']",
keloid_binary,grouped_seed1_fold1,shared_genes_plus_modules,elastic_net_logreg,121,12,"{'keloid': 75, 'non_keloid': 46}","{'non_keloid': 8, 'keloid': 4}",1.0,1.0,1.0,1.0,1.0,"[[4, 0], [0, 8]]","['keloid', 'non_keloid']",
keloid_binary,grouped_seed1_fold1,shared_genes_plus_modules,linear_svm,121,12,"{'keloid': 75, 'non_keloid': 46}","{'non_keloid': 8, 'keloid': 4}",0.9166666666666666,0.9185185185185185,0.9375,0.9111111111111111,0.96875,"[[4, 0], [1, 7]]","['keloid', 'non_keloid']",
keloid_binary,grouped_seed1_fold1,shared_genes_plus_modules,random_forest,121,12,"{'keloid': 75, 'non_keloid': 46}","{'non_keloid': 8, 'keloid': 4}",0.8333333333333334,0.8380952380952381,0.875,0.8285714285714285,0.9375,"[[4, 0], [2, 6]]","['keloid', 'non_keloid']",
keloid_binary,grouped_seed1_fold1,shared_genes_plus_modules,hist_gradient_boosting,121,12,"{'keloid': 75, 'non_keloid': 46}","{'non_keloid': 8, 'keloid': 4}",0.8333333333333334,0.8380952380952381,0.875,0.8285714285714285,0.9375,"[[4, 0], [2, 6]]","['keloid', 'non_keloid']",
keloid_binary,grouped_seed1_fold1,shared_genes_plus_modules,knn,121,12,"{'keloid': 75, 'non_keloid': 46}","{'non_keloid': 8, 'keloid': 4}",0.4166666666666667,0.3259259259259259,0.5625,0.37777777777777777,1.0,"[[4, 0], [7, 1]]","['keloid', 'non_keloid']",
keloid_binary,grouped_seed1_fold1,shared_genes_plus_modules,small_mlp,121,12,"{'keloid': 75, 'non_keloid': 46}","{'non_keloid': 8, 'keloid': 4}",0.8333333333333334,0.8333333333333334,0.8125,0.8125,0.75,"[[3, 1], [1, 7]]","['keloid', 'non_keloid']",
keloid_binary,grouped_seed1_fold1,shared_genes,majority,121,12,"{'keloid': 75, 'non_keloid': 46}","{'non_keloid': 8, 'keloid': 4}",0.3333333333333333,0.16666666666666666,0.5,0.25,0.5,"[[4, 0], [8, 0]]","['keloid', 'non_keloid']",
keloid_binary,grouped_seed1_fold1,shared_genes,stratified_random,121,12,"{'keloid': 75, 'non_keloid': 46}","{'non_keloid': 8, 'keloid': 4}",0.5833333333333334,0.5925925925925926,0.5625,0.5555555555555556,0.5625,"[[2, 2], [3, 5]]","['keloid', 'non_keloid']",
keloid_binary,grouped_seed1_fold1,shared_genes,elastic_net_logreg,121,12,"{'keloid': 75, 'non_keloid': 46}","{'non_keloid': 8, 'keloid': 4}",0.8333333333333334,0.8148148148148148,0.75,0.7777777777777777,1.0,"[[2, 2], [0, 8]]","['keloid', 'non_keloid']",
keloid_binary,grouped_seed1_fold1,shared_genes,linear_svm,121,12,"{'keloid': 75, 'non_keloid': 46}","{'non_keloid': 8, 'keloid': 4}",1.0,1.0,1.0,1.0,1.0,"[[4, 0], [0, 8]]","['keloid', 'non_keloid']",
keloid_binary,grouped_seed1_fold1,shared_genes,random_forest,121,12,"{'keloid': 75, 'non_keloid': 46}","{'non_keloid': 8, 'keloid': 4}",0.75,0.7552447552447553,0.8125,0.7482517482517483,1.0,"[[4, 0], [3, 5]]","['keloid', 'non_keloid']",
keloid_binary,grouped_seed1_fold1,shared_genes,hist_gradient_boosting,121,12,"{'keloid': 75, 'non_keloid': 46}","{'non_keloid': 8, 'keloid': 4}",0.8333333333333334,0.8380952380952381,0.875,0.8285714285714285,0.9375,"[[4, 0], [2, 6]]","['keloid', 'non_keloid']",
keloid_binary,grouped_seed1_fold1,shared_genes,knn,121,12,"{'keloid': 75, 'non_keloid': 46}","{'non_keloid': 8, 'keloid': 4}",0.4166666666666667,0.3259259259259259,0.5625,0.37777777777777777,1.0,"[[4, 0], [7, 1]]","['keloid', 'non_keloid']",
keloid_binary,grouped_seed1_fold1,modules_only,majority,121,12,"{'keloid': 75, 'non_keloid': 46}","{'non_keloid': 8, 'keloid': 4}",0.3333333333333333,0.16666666666666666,0.5,0.25,0.5,"[[4, 0], [8, 0]]","['keloid', 'non_keloid']",
keloid_binary,grouped_seed1_fold1,modules_only,stratified_random,121,12,"{'keloid': 75, 'non_keloid': 46}","{'non_keloid': 8, 'keloid': 4}",0.5833333333333334,0.5925925925925926,0.5625,0.5555555555555556,0.5625,"[[2, 2], [3, 5]]","['keloid', 'non_keloid']",
keloid_binary,grouped_seed1_fold1,modules_only,elastic_net_logreg,121,12,"{'keloid': 75, 'non_keloid': 46}","{'non_keloid': 8, 'keloid': 4}",0.8333333333333334,0.8333333333333334,0.8125,0.8125,0.875,"[[3, 1], [1, 7]]","['keloid', 'non_keloid']",
keloid_binary,grouped_seed1_fold1,modules_only,linear_svm,121,12,"{'keloid': 75, 'non_keloid': 46}","{'non_keloid': 8, 'keloid': 4}",0.8333333333333334,0.8333333333333334,0.8125,0.8125,0.875,"[[3, 1], [1, 7]]","['keloid', 'non_keloid']",
keloid_binary,grouped_seed1_fold1,modules_only,random_forest,121,12,"{'keloid': 75, 'non_keloid': 46}","{'non_keloid': 8, 'keloid': 4}",0.75,0.7552447552447553,0.8125,0.7482517482517483,0.9375,"[[4, 0], [3, 5]]","['keloid', 'non_keloid']",
keloid_binary,grouped_seed1_fold1,modules_only,hist_gradient_boosting,121,12,"{'keloid': 75, 'non_keloid': 46}","{'non_keloid': 8, 'keloid': 4}",0.75,0.7552447552447553,0.8125,0.7482517482517483,1.0,"[[4, 0], [3, 5]]","['keloid', 'non_keloid']",
keloid_binary,grouped_seed1_fold1,modules_only,knn,121,12,"{'keloid': 75, 'non_keloid': 46}","{'non_keloid': 8, 'keloid': 4}",0.5833333333333334,0.5920745920745921,0.625,0.5804195804195804,0.6875,"[[3, 1], [4, 4]]","['keloid', 'non_keloid']",
keloid_binary,grouped_seed1_fold1,modules_only,small_mlp,121,12,"{'keloid': 75, 'non_keloid': 46}","{'non_keloid': 8, 'keloid': 4}",0.5833333333333334,0.5920745920745921,0.625,0.5804195804195804,0.875,"[[3, 1], [4, 4]]","['keloid', 'non_keloid']",
keloid_binary,grouped_seed1_fold2,shared_genes_plus_modules,majority,124,26,"{'keloid': 72, 'non_keloid': 52}","{'keloid': 13, 'non_keloid': 13}",0.5,0.3333333333333333,0.5,0.3333333333333333,0.5,"[[13, 0], [13, 0]]","['keloid', 'non_keloid']",
keloid_binary,grouped_seed1_fold2,shared_genes_plus_modules,stratified_random,124,26,"{'keloid': 72, 'non_keloid': 52}","{'keloid': 13, 'non_keloid': 13}",0.34615384615384615,0.3451851851851852,0.34615384615384615,0.34518518518518515,0.34615384615384615,"[[5, 8], [9, 4]]","['keloid', 'non_keloid']",
keloid_binary,grouped_seed1_fold2,shared_genes_plus_modules,elastic_net_logreg,124,26,"{'keloid': 72, 'non_keloid': 52}","{'keloid': 13, 'non_keloid': 13}",0.5384615384615384,0.5272727272727272,0.5384615384615384,0.5272727272727272,0.5798816568047337,"[[9, 4], [8, 5]]","['keloid', 'non_keloid']",
keloid_binary,grouped_seed1_fold2,shared_genes_plus_modules,linear_svm,124,26,"{'keloid': 72, 'non_keloid': 52}","{'keloid': 13, 'non_keloid': 13}",0.5384615384615384,0.5357142857142857,0.5384615384615385,0.5357142857142857,0.5621301775147929,"[[8, 5], [7, 6]]","['keloid', 'non_keloid']",
keloid_binary,grouped_seed1_fold2,shared_genes_plus_modules,random_forest,124,26,"{'keloid': 72, 'non_keloid': 52}","{'keloid': 13, 'non_keloid': 13}",0.5384615384615384,0.5125,0.5384615384615385,0.5125,0.5798816568047337,"[[4, 9], [3, 10]]","['keloid', 'non_keloid']",
keloid_binary,grouped_seed1_fold2,shared_genes_plus_modules,hist_gradient_boosting,124,26,"{'keloid': 72, 'non_keloid': 52}","{'keloid': 13, 'non_keloid': 13}",0.5384615384615384,0.5384615384615384,0.5384615384615384,0.5384615384615384,0.591715976331361,"[[7, 6], [6, 7]]","['keloid', 'non_keloid']",
keloid_binary,grouped_seed1_fold2,shared_genes_plus_modules,knn,124,26,"{'keloid': 72, 'non_keloid': 52}","{'keloid': 13, 'non_keloid': 13}",0.5,0.390990990990991,0.5,0.390990990990991,0.4644970414201184,"[[12, 1], [12, 1]]","['keloid', 'non_keloid']",
keloid_binary,grouped_seed1_fold2,shared_genes_plus_modules,small_mlp,124,26,"{'keloid': 72, 'non_keloid': 52}","{'keloid': 13, 'non_keloid': 13}",0.5769230769230769,0.5438596491228069,0.5769230769230769,0.5438596491228069,0.6982248520710059,"[[11, 2], [9, 4]]","['keloid', 'non_keloid']",
keloid_binary,grouped_seed1_fold2,shared_genes,majority,124,26,"{'keloid': 72, 'non_keloid': 52}","{'keloid': 13, 'non_keloid': 13}",0.5,0.3333333333333333,0.5,0.3333333333333333,0.5,"[[13, 0], [13, 0]]","['keloid', 'non_keloid']",
keloid_binary,grouped_seed1_fold2,shared_genes,stratified_random,124,26,"{'keloid': 72, 'non_keloid': 52}","{'keloid': 13, 'non_keloid': 13}",0.34615384615384615,0.3451851851851852,0.34615384615384615,0.34518518518518515,0.34615384615384615,"[[5, 8], [9, 4]]","['keloid', 'non_keloid']",
keloid_binary,grouped_seed1_fold2,shared_genes,elastic_net_logreg,124,26,"{'keloid': 72, 'non_keloid': 52}","{'keloid': 13, 'non_keloid': 13}",0.5,0.43193277310924366,0.5,0.4319327731092437,0.5946745562130178,"[[11, 2], [11, 2]]","['keloid', 'non_keloid']",
keloid_binary,grouped_seed1_fold2,shared_genes,linear_svm,124,26,"{'keloid': 72, 'non_keloid': 52}","{'keloid': 13, 'non_keloid': 13}",0.6153846153846154,0.5751633986928104,0.6153846153846154,0.5751633986928104,0.7366863905325445,"[[12, 1], [9, 4]]","['keloid', 'non_keloid']",
keloid_binary,grouped_seed1_fold2,shared_genes,random_forest,124,26,"{'keloid': 72, 'non_keloid': 52}","{'keloid': 13, 'non_keloid': 13}",0.5,0.43193277310924366,0.5,0.4319327731092437,0.5887573964497042,"[[11, 2], [11, 2]]","['keloid', 'non_keloid']",
keloid_binary,grouped_seed1_fold2,shared_genes,hist_gradient_boosting,124,26,"{'keloid': 72, 'non_keloid': 52}","{'keloid': 13, 'non_keloid': 13}",0.5,0.4609250398724083,0.5,0.4609250398724083,0.5236686390532544,"[[10, 3], [10, 3]]","['keloid', 'non_keloid']",
keloid_binary,grouped_seed1_fold2,shared_genes,knn,124,26,"{'keloid': 72, 'non_keloid': 52}","{'keloid': 13, 'non_keloid': 13}",0.5,0.3333333333333333,0.5,0.3333333333333333,0.5384615384615384,"[[13, 0], [13, 0]]","['keloid', 'non_keloid']",
keloid_binary,grouped_seed1_fold2,modules_only,majority,124,26,"{'keloid': 72, 'non_keloid': 52}","{'keloid': 13, 'non_keloid': 13}",0.5,0.3333333333333333,0.5,0.3333333333333333,0.5,"[[13, 0], [13, 0]]","['keloid', 'non_keloid']",
keloid_binary,grouped_seed1_fold2,modules_only,stratified_random,124,26,"{'keloid': 72, 'non_keloid': 52}","{'keloid': 13, 'non_keloid': 13}",0.34615384615384615,0.3451851851851852,0.34615384615384615,0.34518518518518515,0.34615384615384615,"[[5, 8], [9, 4]]","['keloid', 'non_keloid']",
keloid_binary,grouped_seed1_fold2,modules_only,elastic_net_logreg,124,26,"{'keloid': 72, 'non_keloid': 52}","{'keloid': 13, 'non_keloid': 13}",0.38461538461538464,0.38461538461538464,0.38461538461538464,0.38461538461538464,0.3727810650887574,"[[5, 8], [8, 5]]","['keloid', 'non_keloid']",
keloid_binary,grouped_seed1_fold2,modules_only,linear_svm,124,26,"{'keloid': 72, 'non_keloid': 52}","{'keloid': 13, 'non_keloid': 13}",0.46153846153846156,0.45833333333333337,0.46153846153846156,0.45833333333333337,0.3905325443786982,"[[5, 8], [6, 7]]","['keloid', 'non_keloid']",
keloid_binary,grouped_seed1_fold2,modules_only,random_forest,124,26,"{'keloid': 72, 'non_keloid': 52}","{'keloid': 13, 'non_keloid': 13}",0.34615384615384615,0.3373313343328336,0.34615384615384615,0.3373313343328336,0.39644970414201186,"[[3, 10], [7, 6]]","['keloid', 'non_keloid']",
keloid_binary,grouped_seed1_fold2,modules_only,hist_gradient_boosting,124,26,"{'keloid': 72, 'non_keloid': 52}","{'keloid': 13, 'non_keloid': 13}",0.46153846153846156,0.46153846153846156,0.46153846153846156,0.46153846153846156,0.4230769230769231,"[[6, 7], [7, 6]]","['keloid', 'non_keloid']",
keloid_binary,grouped_seed1_fold2,modules_only,knn,124,26,"{'keloid': 72, 'non_keloid': 52}","{'keloid': 13, 'non_keloid': 13}",0.4230769230769231,0.4222222222222222,0.42307692307692313,0.4222222222222222,0.3609467455621302,"[[5, 8], [7, 6]]","['keloid', 'non_keloid']",
keloid_binary,grouped_seed1_fold2,modules_only,small_mlp,124,26,"{'keloid': 72, 'non_keloid': 52}","{'keloid': 13, 'non_keloid': 13}",0.5384615384615384,0.5384615384615384,0.5384615384615384,0.5384615384615384,0.4615384615384615,"[[7, 6], [6, 7]]","['keloid', 'non_keloid']",
keloid_binary,grouped_seed1_fold3,shared_genes_plus_modules,majority,86,50,"{'keloid': 45, 'non_keloid': 41}","{'keloid': 30, 'non_keloid': 20}",0.6,0.45,0.5,0.375,0.5,"[[30, 0], [20, 0]]","['keloid', 'non_keloid']",
keloid_binary,grouped_seed1_fold3,shared_genes_plus_modules,stratified_random,86,50,"{'keloid': 45, 'non_keloid': 41}","{'keloid': 30, 'non_keloid': 20}",0.5,0.5042839657282742,0.4916666666666667,0.4900040799673603,0.4916666666666667,"[[16, 14], [11, 9]]","['keloid', 'non_keloid']",
keloid_binary,grouped_seed1_fold3,shared_genes_plus_modules,elastic_net_logreg,86,50,"{'keloid': 45, 'non_keloid': 41}","{'keloid': 30, 'non_keloid': 20}",0.74,0.7108305002428363,0.6833333333333333,0.6843127731908694,0.7383333333333334,"[[29, 1], [12, 8]]","['keloid', 'non_keloid']",
keloid_binary,grouped_seed1_fold3,shared_genes_plus_modules,linear_svm,86,50,"{'keloid': 45, 'non_keloid': 41}","{'keloid': 30, 'non_keloid': 20}",0.68,0.6495238095238095,0.625,0.6190476190476191,0.695,"[[27, 3], [13, 7]]","['keloid', 'non_keloid']",
keloid_binary,grouped_seed1_fold3,shared_genes_plus_modules,random_forest,86,50,"{'keloid': 45, 'non_keloid': 41}","{'keloid': 30, 'non_keloid': 20}",0.78,0.7624123422159887,0.7333333333333334,0.7428705002337541,0.72,"[[29, 1], [10, 10]]","['keloid', 'non_keloid']",
keloid_binary,grouped_seed1_fold3,shared_genes_plus_modules,hist_gradient_boosting,86,50,"{'keloid': 45, 'non_keloid': 41}","{'keloid': 30, 'non_keloid': 20}",0.72,0.6933333333333332,0.6666666666666667,0.6666666666666667,0.7666666666666666,"[[28, 2], [12, 8]]","['keloid', 'non_keloid']",
keloid_binary,grouped_seed1_fold3,shared_genes_plus_modules,knn,86,50,"{'keloid': 45, 'non_keloid': 41}","{'keloid': 30, 'non_keloid': 20}",0.64,0.5928571428571429,0.575,0.5535714285714286,0.6375,"[[27, 3], [15, 5]]","['keloid', 'non_keloid']",
keloid_binary,grouped_seed1_fold3,shared_genes_plus_modules,small_mlp,86,50,"{'keloid': 45, 'non_keloid': 41}","{'keloid': 30, 'non_keloid': 20}",0.72,0.6933333333333332,0.6666666666666667,0.6666666666666667,0.7150000000000001,"[[28, 2], [12, 8]]","['keloid', 'non_keloid']",
keloid_binary,grouped_seed1_fold3,shared_genes,majority,86,50,"{'keloid': 45, 'non_keloid': 41}","{'keloid': 30, 'non_keloid': 20}",0.6,0.45,0.5,0.375,0.5,"[[30, 0], [20, 0]]","['keloid', 'non_keloid']",
keloid_binary,grouped_seed1_fold3,shared_genes,stratified_random,86,50,"{'keloid': 45, 'non_keloid': 41}","{'keloid': 30, 'non_keloid': 20}",0.5,0.5042839657282742,0.4916666666666667,0.4900040799673603,0.4916666666666667,"[[16, 14], [11, 9]]","['keloid', 'non_keloid']",
keloid_binary,grouped_seed1_fold3,shared_genes,elastic_net_logreg,86,50,"{'keloid': 45, 'non_keloid': 41}","{'keloid': 30, 'non_keloid': 20}",0.72,0.6833333333333335,0.6583333333333333,0.6527777777777778,0.75,"[[29, 1], [13, 7]]","['keloid', 'non_keloid']",
keloid_binary,grouped_seed1_fold3,shared_genes,linear_svm,86,50,"{'keloid': 45, 'non_keloid': 41}","{'keloid': 30, 'non_keloid': 20}",0.64,0.5578947368421052,0.5583333333333333,0.506578947368421,0.7033333333333334,"[[29, 1], [17, 3]]","['keloid', 'non_keloid']",
keloid_binary,grouped_seed1_fold3,shared_genes,random_forest,86,50,"{'keloid': 45, 'non_keloid': 41}","{'keloid': 30, 'non_keloid': 20}",0.76,0.7441176470588234,0.7166666666666667,0.7242647058823529,0.7416666666666666,"[[28, 2], [10, 10]]","['keloid', 'non_keloid']",
keloid_binary,grouped_seed1_fold3,shared_genes,hist_gradient_boosting,86,50,"{'keloid': 45, 'non_keloid': 41}","{'keloid': 30, 'non_keloid': 20}",0.74,0.7192145862552596,0.6916666666666667,0.6961196820944366,0.76,"[[28, 2], [11, 9]]","['keloid', 'non_keloid']",
keloid_binary,grouped_seed1_fold3,shared_genes,knn,86,50,"{'keloid': 45, 'non_keloid': 41}","{'keloid': 30, 'non_keloid': 20}",0.62,0.4937914406268837,0.525,0.4273658830620856,0.555,"[[30, 0], [19, 1]]","['keloid', 'non_keloid']",
keloid_binary,grouped_seed1_fold3,modules_only,majority,86,50,"{'keloid': 45, 'non_keloid': 41}","{'keloid': 30, 'non_keloid': 20}",0.6,0.45,0.5,0.375,0.5,"[[30, 0], [20, 0]]","['keloid', 'non_keloid']",
keloid_binary,grouped_seed1_fold3,modules_only,stratified_random,86,50,"{'keloid': 45, 'non_keloid': 41}","{'keloid': 30, 'non_keloid': 20}",0.5,0.5042839657282742,0.4916666666666667,0.4900040799673603,0.4916666666666667,"[[16, 14], [11, 9]]","['keloid', 'non_keloid']",
keloid_binary,grouped_seed1_fold3,modules_only,elastic_net_logreg,86,50,"{'keloid': 45, 'non_keloid': 41}","{'keloid': 30, 'non_keloid': 20}",0.74,0.7192145862552596,0.6916666666666667,0.6961196820944366,0.7183333333333334,"[[28, 2], [11, 9]]","['keloid', 'non_keloid']",
keloid_binary,grouped_seed1_fold3,modules_only,linear_svm,86,50,"{'keloid': 45, 'non_keloid': 41}","{'keloid': 30, 'non_keloid': 20}",0.74,0.7108305002428363,0.6833333333333333,0.6843127731908694,0.7183333333333334,"[[29, 1], [12, 8]]","['keloid', 'non_keloid']",
keloid_binary,grouped_seed1_fold3,modules_only,random_forest,86,50,"{'keloid': 45, 'non_keloid': 41}","{'keloid': 30, 'non_keloid': 20}",0.7,0.683853459972863,0.6583333333333333,0.66078697421981,0.6683333333333332,"[[26, 4], [11, 9]]","['keloid', 'non_keloid']",
keloid_binary,grouped_seed1_fold3,modules_only,hist_gradient_boosting,86,50,"{'keloid': 45, 'non_keloid': 41}","{'keloid': 30, 'non_keloid': 20}",0.74,0.7192145862552596,0.6916666666666667,0.6961196820944366,0.7016666666666667,"[[28, 2], [11, 9]]","['keloid', 'non_keloid']",
keloid_binary,grouped_seed1_fold3,modules_only,knn,86,50,"{'keloid': 45, 'non_keloid': 41}","{'keloid': 30, 'non_keloid': 20}",0.7,0.6949806949806949,0.675,0.6782496782496783,0.6733333333333332,"[[24, 6], [9, 11]]","['keloid', 'non_keloid']",
keloid_binary,grouped_seed1_fold3,modules_only,small_mlp,86,50,"{'keloid': 45, 'non_keloid': 41}","{'keloid': 30, 'non_keloid': 20}",0.5,0.4921718185467684,0.5333333333333333,0.4981934965877158,0.5716666666666667,"[[11, 19], [6, 14]]","['keloid', 'non_keloid']",
keloid_binary,grouped_seed1_fold4,shared_genes_plus_modules,majority,86,39,"{'keloid': 43, 'non_keloid': 43}","{'non_keloid': 22, 'keloid': 17}",0.4358974358974359,0.26465201465201466,0.5,0.30357142857142855,0.5,"[[17, 0], [22, 0]]","['keloid', 'non_keloid']",
keloid_binary,grouped_seed1_fold4,shared_genes_plus_modules,stratified_random,86,39,"{'keloid': 43, 'non_keloid': 43}","{'non_keloid': 22, 'keloid': 17}",0.5128205128205128,0.5147473927961733,0.5147058823529411,0.5115359261700725,0.5147058823529412,"[[9, 8], [11, 11]]","['keloid', 'non_keloid']",
keloid_binary,grouped_seed1_fold4,shared_genes_plus_modules,elastic_net_logreg,86,39,"{'keloid': 43, 'non_keloid': 43}","{'non_keloid': 22, 'keloid': 17}",0.6923076923076923,0.6874236874236874,0.713903743315508,0.6904761904761905,0.8903743315508021,"[[15, 2], [10, 12]]","['keloid', 'non_keloid']",
keloid_binary,grouped_seed1_fold4,shared_genes_plus_modules,linear_svm,86,39,"{'keloid': 43, 'non_keloid': 43}","{'non_keloid': 22, 'keloid': 17}",0.6153846153846154,0.5982905982905983,0.6457219251336899,0.606060606060606,0.7566844919786097,"[[15, 2], [13, 9]]","['keloid', 'non_keloid']",
keloid_binary,grouped_seed1_fold4,shared_genes_plus_modules,random_forest,86,39,"{'keloid': 43, 'non_keloid': 43}","{'non_keloid': 22, 'keloid': 17}",0.8205128205128205,0.8141972969559177,0.8008021390374331,0.8078817733990147,0.874331550802139,"[[11, 6], [1, 21]]","['keloid', 'non_keloid']",
keloid_binary,grouped_seed1_fold4,shared_genes_plus_modules,hist_gradient_boosting,86,39,"{'keloid': 43, 'non_keloid': 43}","{'non_keloid': 22, 'keloid': 17}",0.8717948717948718,0.8672837835399412,0.8529411764705883,0.8627726952850105,0.8663101604278074,"[[12, 5], [0, 22]]","['keloid', 'non_keloid']",
keloid_binary,grouped_seed1_fold4,shared_genes_plus_modules,knn,86,39,"{'keloid': 43, 'non_keloid': 43}","{'non_keloid': 22, 'keloid': 17}",0.5641025641025641,0.4788895315211104,0.5133689839572192,0.44611528822055135,0.5534759358288769,"[[2, 15], [2, 20]]","['keloid', 'non_keloid']",
keloid_binary,grouped_seed1_fold4,shared_genes_plus_modules,small_mlp,86,39,"{'keloid': 43, 'non_keloid': 43}","{'non_keloid': 22, 'keloid': 17}",0.7435897435897436,0.7442645074224021,0.7526737967914439,0.743421052631579,0.855614973262032,"[[14, 3], [7, 15]]","['keloid', 'non_keloid']",
keloid_binary,grouped_seed1_fold4,shared_genes,majority,86,39,"{'keloid': 43, 'non_keloid': 43}","{'non_keloid': 22, 'keloid': 17}",0.4358974358974359,0.26465201465201466,0.5,0.30357142857142855,0.5,"[[17, 0], [22, 0]]","['keloid', 'non_keloid']",
keloid_binary,grouped_seed1_fold4,shared_genes,stratified_random,86,39,"{'keloid': 43, 'non_keloid': 43}","{'non_keloid': 22, 'keloid': 17}",0.5128205128205128,0.5147473927961733,0.5147058823529411,0.5115359261700725,0.5147058823529412,"[[9, 8], [11, 11]]","['keloid', 'non_keloid']",
keloid_binary,grouped_seed1_fold4,shared_genes,elastic_net_logreg,86,39,"{'keloid': 43, 'non_keloid': 43}","{'non_keloid': 22, 'keloid': 17}",0.6923076923076923,0.6820238584944468,0.7205882352941176,0.6871657754010696,0.8663101604278074,"[[16, 1], [11, 11]]","['keloid', 'non_keloid']",
keloid_binary,grouped_seed1_fold4,shared_genes,linear_svm,86,39,"{'keloid': 43, 'non_keloid': 43}","{'non_keloid': 22, 'keloid': 17}",0.6666666666666666,0.6518518518518519,0.6978609625668449,0.6585858585858586,0.8716577540106951,"[[16, 1], [12, 10]]","['keloid', 'non_keloid']",
keloid_binary,grouped_seed1_fold4,shared_genes,random_forest,86,39,"{'keloid': 43, 'non_keloid': 43}","{'non_keloid': 22, 'keloid': 17}",0.7948717948717948,0.7948717948717948,0.7914438502673797,0.7914438502673797,0.8235294117647058,"[[13, 4], [4, 18]]","['keloid', 'non_keloid']",
keloid_binary,grouped_seed1_fold4,shared_genes,hist_gradient_boosting,86,39,"{'keloid': 43, 'non_keloid': 43}","{'non_keloid': 22, 'keloid': 17}",0.7948717948717948,0.7948717948717948,0.7914438502673797,0.7914438502673797,0.8636363636363636,"[[13, 4], [4, 18]]","['keloid', 'non_keloid']",
keloid_binary,grouped_seed1_fold4,shared_genes,knn,86,39,"{'keloid': 43, 'non_keloid': 43}","{'non_keloid': 22, 'keloid': 17}",0.48717948717948717,0.45791527313266445,0.5187165775401069,0.4701086956521739,0.5494652406417112,"[[13, 4], [16, 6]]","['keloid', 'non_keloid']",
keloid_binary,grouped_seed1_fold4,modules_only,majority,86,39,"{'keloid': 43, 'non_keloid': 43}","{'non_keloid': 22, 'keloid': 17}",0.4358974358974359,0.26465201465201466,0.5,0.30357142857142855,0.5,"[[17, 0], [22, 0]]","['keloid', 'non_keloid']",
keloid_binary,grouped_seed1_fold4,modules_only,stratified_random,86,39,"{'keloid': 43, 'non_keloid': 43}","{'non_keloid': 22, 'keloid': 17}",0.5128205128205128,0.5147473927961733,0.5147058823529411,0.5115359261700725,0.5147058823529412,"[[9, 8], [11, 11]]","['keloid', 'non_keloid']",
keloid_binary,grouped_seed1_fold4,modules_only,elastic_net_logreg,86,39,"{'keloid': 43, 'non_keloid': 43}","{'non_keloid': 22, 'keloid': 17}",0.6666666666666666,0.6675526024363234,0.6644385026737968,0.6631229235880398,0.7299465240641712,"[[11, 6], [7, 15]]","['keloid', 'non_keloid']",
keloid_binary,grouped_seed1_fold4,modules_only,linear_svm,86,39,"{'keloid': 43, 'non_keloid': 43}","{'non_keloid': 22, 'keloid': 17}",0.6923076923076923,0.6923076923076923,0.6871657754010696,0.6871657754010696,0.7433155080213903,"[[11, 6], [6, 16]]","['keloid', 'non_keloid']",
keloid_binary,grouped_seed1_fold4,modules_only,random_forest,86,39,"{'keloid': 43, 'non_keloid': 43}","{'non_keloid': 22, 'keloid': 17}",0.6923076923076923,0.6778021978021977,0.6671122994652406,0.6657142857142857,0.7112299465240641,"[[8, 9], [3, 19]]","['keloid', 'non_keloid']",
keloid_binary,grouped_seed1_fold4,modules_only,hist_gradient_boosting,86,39,"{'keloid': 43, 'non_keloid': 43}","{'non_keloid': 22, 'keloid': 17}",0.6666666666666666,0.6653198653198654,0.6577540106951871,0.6585858585858586,0.6697860962566845,"[[10, 7], [6, 16]]","['keloid', 'non_keloid']",
keloid_binary,grouped_seed1_fold4,modules_only,knn,86,39,"{'keloid': 43, 'non_keloid': 43}","{'non_keloid': 22, 'keloid': 17}",0.6410256410256411,0.6241025641025642,0.6149732620320856,0.61,0.6002673796791443,"[[7, 10], [4, 18]]","['keloid', 'non_keloid']",
keloid_binary,grouped_seed1_fold4,modules_only,small_mlp,86,39,"{'keloid': 43, 'non_keloid': 43}","{'non_keloid': 22, 'keloid': 17}",0.5641025641025641,0.5536757815827582,0.5868983957219251,0.5594684385382059,0.7486631016042781,"[[13, 4], [13, 9]]","['keloid', 'non_keloid']",
keloid_binary,grouped_seed2_fold0,shared_genes_plus_modules,majority,75,25,"{'keloid': 48, 'non_keloid': 27}","{'non_keloid': 20, 'keloid': 5}",0.2,0.06666666666666667,0.5,0.16666666666666666,0.5,"[[5, 0], [20, 0]]","['keloid', 'non_keloid']",
keloid_binary,grouped_seed2_fold0,shared_genes_plus_modules,stratified_random,75,25,"{'keloid': 48, 'non_keloid': 27}","{'non_keloid': 20, 'keloid': 5}",0.32,0.3823429541595925,0.275,0.2784380305602716,0.27499999999999997,"[[1, 4], [13, 7]]","['keloid', 'non_keloid']",
keloid_binary,grouped_seed2_fold0,shared_genes_plus_modules,elastic_net_logreg,75,25,"{'keloid': 48, 'non_keloid': 27}","{'non_keloid': 20, 'keloid': 5}",0.72,0.740956340956341,0.675,0.6361746361746362,0.78,"[[3, 2], [5, 15]]","['keloid', 'non_keloid']",
keloid_binary,grouped_seed2_fold0,shared_genes_plus_modules,linear_svm,75,25,"{'keloid': 48, 'non_keloid': 27}","{'non_keloid': 20, 'keloid': 5}",0.64,0.6742857142857143,0.625,0.5714285714285714,0.77,"[[3, 2], [7, 13]]","['keloid', 'non_keloid']",
keloid_binary,grouped_seed2_fold0,shared_genes_plus_modules,random_forest,75,25,"{'keloid': 48, 'non_keloid': 27}","{'non_keloid': 20, 'keloid': 5}",0.24,0.29490968801313633,0.225,0.2200328407224959,0.24999999999999994,"[[1, 4], [15, 5]]","['keloid', 'non_keloid']",
keloid_binary,grouped_seed2_fold0,shared_genes_plus_modules,hist_gradient_boosting,75,25,"{'keloid': 48, 'non_keloid': 27}","{'non_keloid': 20, 'keloid': 5}",0.32,0.3823429541595925,0.275,0.2784380305602716,0.285,"[[1, 4], [13, 7]]","['keloid', 'non_keloid']",
keloid_binary,grouped_seed2_fold0,shared_genes_plus_modules,knn,75,25,"{'keloid': 48, 'non_keloid': 27}","{'non_keloid': 20, 'keloid': 5}",0.56,0.5743589743589744,0.35,0.358974358974359,0.325,"[[0, 5], [6, 14]]","['keloid', 'non_keloid']",
keloid_binary,grouped_seed2_fold0,shared_genes_plus_modules,small_mlp,75,25,"{'keloid': 48, 'non_keloid': 27}","{'non_keloid': 20, 'keloid': 5}",0.64,0.6730050933786079,0.775,0.6179966044142615,0.69,"[[5, 0], [9, 11]]","['keloid', 'non_keloid']",
keloid_binary,grouped_seed2_fold0,shared_genes,majority,75,25,"{'keloid': 48, 'non_keloid': 27}","{'non_keloid': 20, 'keloid': 5}",0.2,0.06666666666666667,0.5,0.16666666666666666,0.5,"[[5, 0], [20, 0]]","['keloid', 'non_keloid']",
keloid_binary,grouped_seed2_fold0,shared_genes,stratified_random,75,25,"{'keloid': 48, 'non_keloid': 27}","{'non_keloid': 20, 'keloid': 5}",0.32,0.3823429541595925,0.275,0.2784380305602716,0.27499999999999997,"[[1, 4], [13, 7]]","['keloid', 'non_keloid']",
keloid_binary,grouped_seed2_fold0,shared_genes,elastic_net_logreg,75,25,"{'keloid': 48, 'non_keloid': 27}","{'non_keloid': 20, 'keloid': 5}",0.72,0.7479500891265597,0.825,0.6880570409982174,0.75,"[[5, 0], [7, 13]]","['keloid', 'non_keloid']",
keloid_binary,grouped_seed2_fold0,shared_genes,linear_svm,75,25,"{'keloid': 48, 'non_keloid': 27}","{'non_keloid': 20, 'keloid': 5}",0.68,0.68,0.5,0.5,0.78,"[[1, 4], [4, 16]]","['keloid', 'non_keloid']",
keloid_binary,grouped_seed2_fold0,shared_genes,random_forest,75,25,"{'keloid': 48, 'non_keloid': 27}","{'non_keloid': 20, 'keloid': 5}",0.28,0.34,0.25,0.25,0.33999999999999997,"[[1, 4], [14, 6]]","['keloid', 'non_keloid']",
keloid_binary,grouped_seed2_fold0,shared_genes,hist_gradient_boosting,75,25,"{'keloid': 48, 'non_keloid': 27}","{'non_keloid': 20, 'keloid': 5}",0.24,0.14515599343185548,0.525,0.2200328407224959,0.48,"[[5, 0], [19, 1]]","['keloid', 'non_keloid']",
keloid_binary,grouped_seed2_fold0,shared_genes,knn,75,25,"{'keloid': 48, 'non_keloid': 27}","{'non_keloid': 20, 'keloid': 5}",0.56,0.5743589743589744,0.35,0.358974358974359,0.325,"[[0, 5], [6, 14]]","['keloid', 'non_keloid']",
keloid_binary,grouped_seed2_fold0,modules_only,majority,75,25,"{'keloid': 48, 'non_keloid': 27}","{'non_keloid': 20, 'keloid': 5}",0.2,0.06666666666666667,0.5,0.16666666666666666,0.5,"[[5, 0], [20, 0]]","['keloid', 'non_keloid']",
keloid_binary,grouped_seed2_fold0,modules_only,stratified_random,75,25,"{'keloid': 48, 'non_keloid': 27}","{'non_keloid': 20, 'keloid': 5}",0.32,0.3823429541595925,0.275,0.2784380305602716,0.27499999999999997,"[[1, 4], [13, 7]]","['keloid', 'non_keloid']",
keloid_binary,grouped_seed2_fold0,modules_only,elastic_net_logreg,75,25,"{'keloid': 48, 'non_keloid': 27}","{'non_keloid': 20, 'keloid': 5}",0.52,0.56,0.625,0.5,0.71,"[[4, 1], [11, 9]]","['keloid', 'non_keloid']",
keloid_binary,grouped_seed2_fold0,modules_only,linear_svm,75,25,"{'keloid': 48, 'non_keloid': 27}","{'non_keloid': 20, 'keloid': 5}",0.52,0.56,0.625,0.5,0.6900000000000001,"[[4, 1], [11, 9]]","['keloid', 'non_keloid']",
keloid_binary,grouped_seed2_fold0,modules_only,random_forest,75,25,"{'keloid': 48, 'non_keloid': 27}","{'non_keloid': 20, 'keloid': 5}",0.32,0.2827697262479871,0.575,0.3156199677938808,0.72,"[[5, 0], [17, 3]]","['keloid', 'non_keloid']",
keloid_binary,grouped_seed2_fold0,modules_only,hist_gradient_boosting,75,25,"{'keloid': 48, 'non_keloid': 27}","{'non_keloid': 20, 'keloid': 5}",0.36,0.3435897435897436,0.6,0.358974358974359,0.72,"[[5, 0], [16, 4]]","['keloid', 'non_keloid']",
keloid_binary,grouped_seed2_fold0,modules_only,knn,75,25,"{'keloid': 48, 'non_keloid': 27}","{'non_keloid': 20, 'keloid': 5}",0.6,0.6388888888888888,0.675,0.5659722222222222,0.81,"[[4, 1], [9, 11]]","['keloid', 'non_keloid']",
keloid_binary,grouped_seed2_fold0,modules_only,small_mlp,75,25,"{'keloid': 48, 'non_keloid': 27}","{'non_keloid': 20, 'keloid': 5}",0.4,0.42512077294685996,0.55,0.3961352657004831,0.71,"[[4, 1], [14, 6]]","['keloid', 'non_keloid']",
keloid_binary,grouped_seed2_fold1,shared_genes_plus_modules,majority,83,27,"{'non_keloid': 44, 'keloid': 39}","{'keloid': 23, 'non_keloid': 4}",0.14814814814814814,0.038231780167264036,0.5,0.12903225806451613,0.5,"[[0, 23], [0, 4]]","['keloid', 'non_keloid']",
keloid_binary,grouped_seed2_fold1,shared_genes_plus_modules,stratified_random,83,27,"{'non_keloid': 44, 'keloid': 39}","{'keloid': 23, 'non_keloid': 4}",0.5555555555555556,0.6172839506172839,0.6358695652173914,0.5,0.6358695652173914,"[[12, 11], [1, 3]]","['keloid', 'non_keloid']",
keloid_binary,grouped_seed2_fold1,shared_genes_plus_modules,elastic_net_logreg,83,27,"{'non_keloid': 44, 'keloid': 39}","{'keloid': 23, 'non_keloid': 4}",0.8888888888888888,0.900164435048156,0.9347826086956521,0.8287526427061311,0.9347826086956521,"[[20, 3], [0, 4]]","['keloid', 'non_keloid']",
keloid_binary,grouped_seed2_fold1,shared_genes_plus_modules,linear_svm,83,27,"{'non_keloid': 44, 'keloid': 39}","{'keloid': 23, 'non_keloid': 4}",0.7037037037037037,0.7265993265993267,0.5163043478260869,0.5090909090909091,0.7391304347826086,"[[18, 5], [3, 1]]","['keloid', 'non_keloid']",
keloid_binary,grouped_seed2_fold1,shared_genes_plus_modules,random_forest,83,27,"{'non_keloid': 44, 'keloid': 39}","{'keloid': 23, 'non_keloid': 4}",0.4074074074074074,0.4663299663299663,0.5489130434782609,0.38636363636363635,0.7717391304347827,"[[8, 15], [1, 3]]","['keloid', 'non_keloid']",
keloid_binary,grouped_seed2_fold1,shared_genes_plus_modules,hist_gradient_boosting,83,27,"{'non_keloid': 44, 'keloid': 39}","{'keloid': 23, 'non_keloid': 4}",0.7777777777777778,0.8087301587301587,0.8695652173913043,0.7107142857142856,0.8532608695652174,"[[17, 6], [0, 4]]","['keloid', 'non_keloid']",
keloid_binary,grouped_seed2_fold1,shared_genes_plus_modules,knn,83,27,"{'non_keloid': 44, 'keloid': 39}","{'keloid': 23, 'non_keloid': 4}",0.5185185185185185,0.5817524841915086,0.30434782608695654,0.34146341463414637,0.4130434782608695,"[[14, 9], [4, 0]]","['keloid', 'non_keloid']",
keloid_binary,grouped_seed2_fold1,shared_genes_plus_modules,small_mlp,83,27,"{'non_keloid': 44, 'keloid': 39}","{'keloid': 23, 'non_keloid': 4}",0.7407407407407407,0.774789799180043,0.7445652173913043,0.6454033771106942,0.9021739130434783,"[[17, 6], [1, 3]]","['keloid', 'non_keloid']",
keloid_binary,grouped_seed2_fold1,shared_genes,majority,83,27,"{'non_keloid': 44, 'keloid': 39}","{'keloid': 23, 'non_keloid': 4}",0.14814814814814814,0.038231780167264036,0.5,0.12903225806451613,0.5,"[[0, 23], [0, 4]]","['keloid', 'non_keloid']",
keloid_binary,grouped_seed2_fold1,shared_genes,stratified_random,83,27,"{'non_keloid': 44, 'keloid': 39}","{'keloid': 23, 'non_keloid': 4}",0.5555555555555556,0.6172839506172839,0.6358695652173914,0.5,0.6358695652173914,"[[12, 11], [1, 3]]","['keloid', 'non_keloid']",
keloid_binary,grouped_seed2_fold1,shared_genes,elastic_net_logreg,83,27,"{'non_keloid': 44, 'keloid': 39}","{'keloid': 23, 'non_keloid': 4}",0.8518518518518519,0.8632996632996632,0.8097826086956521,0.7545454545454545,0.9184782608695652,"[[20, 3], [1, 3]]","['keloid', 'non_keloid']",
keloid_binary,grouped_seed2_fold1,shared_genes,linear_svm,83,27,"{'non_keloid': 44, 'keloid': 39}","{'keloid': 23, 'non_keloid': 4}",0.8518518518518519,0.8632996632996632,0.8097826086956521,0.7545454545454545,0.9184782608695652,"[[20, 3], [1, 3]]","['keloid', 'non_keloid']",
keloid_binary,grouped_seed2_fold1,shared_genes,random_forest,83,27,"{'non_keloid': 44, 'keloid': 39}","{'keloid': 23, 'non_keloid': 4}",0.37037037037037035,0.4233546309282634,0.5271739130434783,0.35624123422159887,0.7228260869565217,"[[7, 16], [1, 3]]","['keloid', 'non_keloid']",
keloid_binary,grouped_seed2_fold1,shared_genes,hist_gradient_boosting,83,27,"{'non_keloid': 44, 'keloid': 39}","{'keloid': 23, 'non_keloid': 4}",0.6666666666666666,0.7145299145299147,0.7010869565217391,0.5846153846153846,0.8097826086956521,"[[15, 8], [1, 3]]","['keloid', 'non_keloid']",
keloid_binary,grouped_seed2_fold1,shared_genes,knn,83,27,"{'non_keloid': 44, 'keloid': 39}","{'keloid': 23, 'non_keloid': 4}",0.6296296296296297,0.6582491582491583,0.3695652173913043,0.38636363636363635,0.32608695652173914,"[[17, 6], [4, 0]]","['keloid', 'non_keloid']",
keloid_binary,grouped_seed2_fold1,modules_only,majority,83,27,"{'non_keloid': 44, 'keloid': 39}","{'keloid': 23, 'non_keloid': 4}",0.14814814814814814,0.038231780167264036,0.5,0.12903225806451613,0.5,"[[0, 23], [0, 4]]","['keloid', 'non_keloid']",
keloid_binary,grouped_seed2_fold1,modules_only,stratified_random,83,27,"{'non_keloid': 44, 'keloid': 39}","{'keloid': 23, 'non_keloid': 4}",0.5555555555555556,0.6172839506172839,0.6358695652173914,0.5,0.6358695652173914,"[[12, 11], [1, 3]]","['keloid', 'non_keloid']",
keloid_binary,grouped_seed2_fold1,modules_only,elastic_net_logreg,83,27,"{'non_keloid': 44, 'keloid': 39}","{'keloid': 23, 'non_keloid': 4}",0.7777777777777778,0.794949494949495,0.6630434782608696,0.6318181818181818,0.5434782608695652,"[[19, 4], [2, 2]]","['keloid', 'non_keloid']",
keloid_binary,grouped_seed2_fold1,modules_only,linear_svm,83,27,"{'non_keloid': 44, 'keloid': 39}","{'keloid': 23, 'non_keloid': 4}",0.7777777777777778,0.794949494949495,0.6630434782608696,0.6318181818181818,0.5,"[[19, 4], [2, 2]]","['keloid', 'non_keloid']",
keloid_binary,grouped_seed2_fold1,modules_only,random_forest,83,27,"{'non_keloid': 44, 'keloid': 39}","{'keloid': 23, 'non_keloid': 4}",0.5555555555555556,0.6198830409356725,0.5326086956521738,0.46710526315789475,0.6304347826086957,"[[13, 10], [2, 2]]","['keloid', 'non_keloid']",
keloid_binary,grouped_seed2_fold1,modules_only,hist_gradient_boosting,83,27,"{'non_keloid': 44, 'keloid': 39}","{'keloid': 23, 'non_keloid': 4}",0.8148148148148148,0.8230452674897119,0.6847826086956521,0.6666666666666666,0.49456521739130443,"[[20, 3], [2, 2]]","['keloid', 'non_keloid']",
keloid_binary,grouped_seed2_fold1,modules_only,knn,83,27,"{'non_keloid': 44, 'keloid': 39}","{'keloid': 23, 'non_keloid': 4}",0.4444444444444444,0.5179615705931495,0.46739130434782605,0.39097744360902253,0.5380434782608696,"[[10, 13], [2, 2]]","['keloid', 'non_keloid']",
keloid_binary,grouped_seed2_fold1,modules_only,small_mlp,83,27,"{'non_keloid': 44, 'keloid': 39}","{'keloid': 23, 'non_keloid': 4}",0.8148148148148148,0.8391355708428878,0.8913043478260869,0.7467166979362101,0.9565217391304348,"[[18, 5], [0, 4]]","['keloid', 'non_keloid']",
keloid_binary,grouped_seed2_fold2,shared_genes_plus_modules,majority,71,25,"{'keloid': 37, 'non_keloid': 34}","{'non_keloid': 17, 'keloid': 8}",0.32,0.15515151515151515,0.5,0.24242424242424243,0.5,"[[8, 0], [17, 0]]","['keloid', 'non_keloid']",
keloid_binary,grouped_seed2_fold2,shared_genes_plus_modules,stratified_random,71,25,"{'keloid': 37, 'non_keloid': 34}","{'non_keloid': 17, 'keloid': 8}",0.4,0.41970443349753694,0.39338235294117646,0.3842364532019704,0.3933823529411764,"[[3, 5], [10, 7]]","['keloid', 'non_keloid']",
keloid_binary,grouped_seed2_fold2,shared_genes_plus_modules,elastic_net_logreg,71,25,"{'keloid': 37, 'non_keloid': 34}","{'non_keloid': 17, 'keloid': 8}",0.6,0.6116883116883117,0.6397058823529411,0.5941558441558441,0.7279411764705883,"[[6, 2], [8, 9]]","['keloid', 'non_keloid']",
keloid_binary,grouped_seed2_fold2,shared_genes_plus_modules,linear_svm,71,25,"{'keloid': 37, 'non_keloid': 34}","{'non_keloid': 17, 'keloid': 8}",0.52,0.534025974025974,0.5477941176470589,0.512987012987013,0.625,"[[5, 3], [9, 8]]","['keloid', 'non_keloid']",
keloid_binary,grouped_seed2_fold2,shared_genes_plus_modules,random_forest,71,25,"{'keloid': 37, 'non_keloid': 34}","{'non_keloid': 17, 'keloid': 8}",0.64,0.6518226600985222,0.6691176470588236,0.6305418719211823,0.6764705882352942,"[[6, 2], [7, 10]]","['keloid', 'non_keloid']",
keloid_binary,grouped_seed2_fold2,shared_genes_plus_modules,hist_gradient_boosting,71,25,"{'keloid': 37, 'non_keloid': 34}","{'non_keloid': 17, 'keloid': 8}",0.56,0.5699194847020934,0.6102941176470589,0.5571658615136876,0.6507352941176471,"[[6, 2], [9, 8]]","['keloid', 'non_keloid']",
keloid_binary,grouped_seed2_fold2,shared_genes_plus_modules,knn,71,25,"{'keloid': 37, 'non_keloid': 34}","{'non_keloid': 17, 'keloid': 8}",0.68,0.6080000000000001,0.5330882352941176,0.5,0.5220588235294118,"[[1, 7], [1, 16]]","['keloid', 'non_keloid']",
keloid_binary,grouped_seed2_fold2,shared_genes_plus_modules,small_mlp,71,25,"{'keloid': 37, 'non_keloid': 34}","{'non_keloid': 17, 'keloid': 8}",0.68,0.6877777777777777,0.6654411764705883,0.6527777777777778,0.7352941176470589,"[[5, 3], [5, 12]]","['keloid', 'non_keloid']",
keloid_binary,grouped_seed2_fold2,shared_genes,majority,71,25,"{'keloid': 37, 'non_keloid': 34}","{'non_keloid': 17, 'keloid': 8}",0.32,0.15515151515151515,0.5,0.24242424242424243,0.5,"[[8, 0], [17, 0]]","['keloid', 'non_keloid']",
keloid_binary,grouped_seed2_fold2,shared_genes,stratified_random,71,25,"{'keloid': 37, 'non_keloid': 34}","{'non_keloid': 17, 'keloid': 8}",0.4,0.41970443349753694,0.39338235294117646,0.3842364532019704,0.3933823529411764,"[[3, 5], [10, 7]]","['keloid', 'non_keloid']",
keloid_binary,grouped_seed2_fold2,shared_genes,elastic_net_logreg,71,25,"{'keloid': 37, 'non_keloid': 34}","{'non_keloid': 17, 'keloid': 8}",0.6,0.6051282051282051,0.6727941176470589,0.5993589743589745,0.75,"[[7, 1], [9, 8]]","['keloid', 'non_keloid']",
keloid_binary,grouped_seed2_fold2,shared_genes,linear_svm,71,25,"{'keloid': 37, 'non_keloid': 34}","{'non_keloid': 17, 'keloid': 8}",0.48,0.4615780998389694,0.5845588235294118,0.47665056360708535,0.7058823529411765,"[[7, 1], [12, 5]]","['keloid', 'non_keloid']",
keloid_binary,grouped_seed2_fold2,shared_genes,random_forest,71,25,"{'keloid': 37, 'non_keloid': 34}","{'non_keloid': 17, 'keloid': 8}",0.6,0.6116883116883117,0.6397058823529411,0.5941558441558441,0.6176470588235294,"[[6, 2], [8, 9]]","['keloid', 'non_keloid']",
keloid_binary,grouped_seed2_fold2,shared_genes,hist_gradient_boosting,71,25,"{'keloid': 37, 'non_keloid': 34}","{'non_keloid': 17, 'keloid': 8}",0.52,0.534025974025974,0.5477941176470589,0.512987012987013,0.6617647058823529,"[[5, 3], [9, 8]]","['keloid', 'non_keloid']",
keloid_binary,grouped_seed2_fold2,shared_genes,knn,71,25,"{'keloid': 37, 'non_keloid': 34}","{'non_keloid': 17, 'keloid': 8}",0.32,0.15515151515151515,0.5,0.24242424242424243,0.5,"[[8, 0], [17, 0]]","['keloid', 'non_keloid']",
keloid_binary,grouped_seed2_fold2,modules_only,majority,71,25,"{'keloid': 37, 'non_keloid': 34}","{'non_keloid': 17, 'keloid': 8}",0.32,0.15515151515151515,0.5,0.24242424242424243,0.5,"[[8, 0], [17, 0]]","['keloid', 'non_keloid']",
keloid_binary,grouped_seed2_fold2,modules_only,stratified_random,71,25,"{'keloid': 37, 'non_keloid': 34}","{'non_keloid': 17, 'keloid': 8}",0.4,0.41970443349753694,0.39338235294117646,0.3842364532019704,0.3933823529411764,"[[3, 5], [10, 7]]","['keloid', 'non_keloid']",
keloid_binary,grouped_seed2_fold2,modules_only,elastic_net_logreg,71,25,"{'keloid': 37, 'non_keloid': 34}","{'non_keloid': 17, 'keloid': 8}",0.64,0.6510016977928693,0.6360294117647058,0.6179966044142615,0.6397058823529412,"[[5, 3], [6, 11]]","['keloid', 'non_keloid']",
keloid_binary,grouped_seed2_fold2,modules_only,linear_svm,71,25,"{'keloid': 37, 'non_keloid': 34}","{'non_keloid': 17, 'keloid': 8}",0.64,0.6518226600985222,0.6691176470588236,0.6305418719211823,0.6617647058823529,"[[6, 2], [7, 10]]","['keloid', 'non_keloid']",
keloid_binary,grouped_seed2_fold2,modules_only,random_forest,71,25,"{'keloid': 37, 'non_keloid': 34}","{'non_keloid': 17, 'keloid': 8}",0.56,0.573446519524618,0.5441176470588236,0.5331069609507639,0.5220588235294117,"[[4, 4], [7, 10]]","['keloid', 'non_keloid']",
keloid_binary,grouped_seed2_fold2,modules_only,hist_gradient_boosting,71,25,"{'keloid': 37, 'non_keloid': 34}","{'non_keloid': 17, 'keloid': 8}",0.64,0.6510016977928693,0.6360294117647058,0.6179966044142615,0.6286764705882353,"[[5, 3], [6, 11]]","['keloid', 'non_keloid']",
keloid_binary,grouped_seed2_fold2,modules_only,knn,71,25,"{'keloid': 37, 'non_keloid': 34}","{'non_keloid': 17, 'keloid': 8}",0.4,0.41352657004830917,0.42647058823529416,0.3961352657004831,0.4338235294117647,"[[4, 4], [11, 6]]","['keloid', 'non_keloid']",
keloid_binary,grouped_seed2_fold2,modules_only,small_mlp,71,25,"{'keloid': 37, 'non_keloid': 34}","{'non_keloid': 17, 'keloid': 8}",0.68,0.6841025641025641,0.7647058823529411,0.6794871794871795,0.6176470588235294,"[[8, 0], [8, 9]]","['keloid', 'non_keloid']",
keloid_binary,grouped_seed2_fold3,shared_genes_plus_modules,majority,130,28,"{'keloid': 77, 'non_keloid': 53}","{'non_keloid': 16, 'keloid': 12}",0.42857142857142855,0.2571428571428571,0.5,0.3,0.5,"[[12, 0], [16, 0]]","['keloid', 'non_keloid']",
keloid_binary,grouped_seed2_fold3,shared_genes_plus_modules,stratified_random,130,28,"{'keloid': 77, 'non_keloid': 53}","{'non_keloid': 16, 'keloid': 12}",0.35714285714285715,0.36043956043956044,0.35416666666666663,0.35384615384615387,0.3541666666666667,"[[4, 8], [10, 6]]","['keloid', 'non_keloid']",
keloid_binary,grouped_seed2_fold3,shared_genes_plus_modules,elastic_net_logreg,130,28,"{'keloid': 77, 'non_keloid': 53}","{'non_keloid': 16, 'keloid': 12}",0.8571428571428571,0.8507936507936508,0.8333333333333333,0.8444444444444444,0.828125,"[[8, 4], [0, 16]]","['keloid', 'non_keloid']",
keloid_binary,grouped_seed2_fold3,shared_genes_plus_modules,linear_svm,130,28,"{'keloid': 77, 'non_keloid': 53}","{'non_keloid': 16, 'keloid': 12}",0.5,0.4919786096256685,0.47916666666666663,0.47593582887700536,0.5729166666666667,"[[4, 8], [6, 10]]","['keloid', 'non_keloid']",
keloid_binary,grouped_seed2_fold3,shared_genes_plus_modules,random_forest,130,28,"{'keloid': 77, 'non_keloid': 53}","{'non_keloid': 16, 'keloid': 12}",0.4642857142857143,0.3309631544925663,0.53125,0.36651583710407243,0.6979166666666666,"[[12, 0], [15, 1]]","['keloid', 'non_keloid']",
keloid_binary,grouped_seed2_fold3,shared_genes_plus_modules,hist_gradient_boosting,130,28,"{'keloid': 77, 'non_keloid': 53}","{'non_keloid': 16, 'keloid': 12}",0.39285714285714285,0.24175824175824176,0.4583333333333333,0.28205128205128205,0.6354166666666666,"[[11, 1], [16, 0]]","['keloid', 'non_keloid']",
keloid_binary,grouped_seed2_fold3,shared_genes_plus_modules,knn,130,28,"{'keloid': 77, 'non_keloid': 53}","{'non_keloid': 16, 'keloid': 12}",0.6428571428571429,0.6428571428571429,0.6354166666666667,0.6354166666666667,0.6328125,"[[7, 5], [5, 11]]","['keloid', 'non_keloid']",
keloid_binary,grouped_seed2_fold3,shared_genes_plus_modules,small_mlp,130,28,"{'keloid': 77, 'non_keloid': 53}","{'non_keloid': 16, 'keloid': 12}",0.4642857142857143,0.4497695852534562,0.4895833333333333,0.45806451612903226,0.5885416666666667,"[[8, 4], [11, 5]]","['keloid', 'non_keloid']",
keloid_binary,grouped_seed2_fold3,shared_genes,majority,130,28,"{'keloid': 77, 'non_keloid': 53}","{'non_keloid': 16, 'keloid': 12}",0.42857142857142855,0.2571428571428571,0.5,0.3,0.5,"[[12, 0], [16, 0]]","['keloid', 'non_keloid']",
keloid_binary,grouped_seed2_fold3,shared_genes,stratified_random,130,28,"{'keloid': 77, 'non_keloid': 53}","{'non_keloid': 16, 'keloid': 12}",0.35714285714285715,0.36043956043956044,0.35416666666666663,0.35384615384615387,0.3541666666666667,"[[4, 8], [10, 6]]","['keloid', 'non_keloid']",
keloid_binary,grouped_seed2_fold3,shared_genes,elastic_net_logreg,130,28,"{'keloid': 77, 'non_keloid': 53}","{'non_keloid': 16, 'keloid': 12}",0.7857142857142857,0.7857142857142857,0.78125,0.78125,0.8489583333333333,"[[9, 3], [3, 13]]","['keloid', 'non_keloid']",
keloid_binary,grouped_seed2_fold3,shared_genes,linear_svm,130,28,"{'keloid': 77, 'non_keloid': 53}","{'non_keloid': 16, 'keloid': 12}",0.75,0.7339971550497867,0.71875,0.7211948790896159,0.859375,"[[6, 6], [1, 15]]","['keloid', 'non_keloid']",
keloid_binary,grouped_seed2_fold3,shared_genes,random_forest,130,28,"{'keloid': 77, 'non_keloid': 53}","{'non_keloid': 16, 'keloid': 12}",0.42857142857142855,0.3116123642439432,0.4895833333333333,0.3450292397660819,0.640625,"[[11, 1], [15, 1]]","['keloid', 'non_keloid']",
keloid_binary,grouped_seed2_fold3,shared_genes,hist_gradient_boosting,130,28,"{'keloid': 77, 'non_keloid': 53}","{'non_keloid': 16, 'keloid': 12}",0.42857142857142855,0.2571428571428571,0.5,0.3,0.6145833333333333,"[[12, 0], [16, 0]]","['keloid', 'non_keloid']",
keloid_binary,grouped_seed2_fold3,shared_genes,knn,130,28,"{'keloid': 77, 'non_keloid': 53}","{'non_keloid': 16, 'keloid': 12}",0.42857142857142855,0.2571428571428571,0.5,0.3,0.5,"[[12, 0], [16, 0]]","['keloid', 'non_keloid']",
keloid_binary,grouped_seed2_fold3,modules_only,majority,130,28,"{'keloid': 77, 'non_keloid': 53}","{'non_keloid': 16, 'keloid': 12}",0.42857142857142855,0.2571428571428571,0.5,0.3,0.5,"[[12, 0], [16, 0]]","['keloid', 'non_keloid']",
keloid_binary,grouped_seed2_fold3,modules_only,stratified_random,130,28,"{'keloid': 77, 'non_keloid': 53}","{'non_keloid': 16, 'keloid': 12}",0.35714285714285715,0.36043956043956044,0.35416666666666663,0.35384615384615387,0.3541666666666667,"[[4, 8], [10, 6]]","['keloid', 'non_keloid']",
keloid_binary,grouped_seed2_fold3,modules_only,elastic_net_logreg,130,28,"{'keloid': 77, 'non_keloid': 53}","{'non_keloid': 16, 'keloid': 12}",0.6785714285714286,0.676453980801807,0.6666666666666667,0.6679841897233202,0.7291666666666666,"[[7, 5], [4, 12]]","['keloid', 'non_keloid']",
keloid_binary,grouped_seed2_fold3,modules_only,linear_svm,130,28,"{'keloid': 77, 'non_keloid': 53}","{'non_keloid': 16, 'keloid': 12}",0.6428571428571429,0.6371275783040489,0.625,0.625668449197861,0.7083333333333334,"[[6, 6], [4, 12]]","['keloid', 'non_keloid']",
keloid_binary,grouped_seed2_fold3,modules_only,random_forest,130,28,"{'keloid': 77, 'non_keloid': 53}","{'non_keloid': 16, 'keloid': 12}",0.5,0.3976608187134503,0.5625,0.4269005847953216,0.5885416666666667,"[[12, 0], [14, 2]]","['keloid', 'non_keloid']",
keloid_binary,grouped_seed2_fold3,modules_only,hist_gradient_boosting,130,28,"{'keloid': 77, 'non_keloid': 53}","{'non_keloid': 16, 'keloid': 12}",0.5357142857142857,0.5231336405529954,0.5625,0.5303225806451612,0.625,"[[9, 3], [10, 6]]","['keloid', 'non_keloid']",
keloid_binary,grouped_seed2_fold3,modules_only,knn,130,28,"{'keloid': 77, 'non_keloid': 53}","{'non_keloid': 16, 'keloid': 12}",0.6071428571428571,0.5964976958525346,0.6354166666666667,0.6025806451612903,0.7057291666666667,"[[10, 2], [9, 7]]","['keloid', 'non_keloid']",
keloid_binary,grouped_seed2_fold3,modules_only,small_mlp,130,28,"{'keloid': 77, 'non_keloid': 53}","{'non_keloid': 16, 'keloid': 12}",0.4642857142857143,0.4081632653061224,0.5104166666666667,0.42857142857142855,0.5416666666666666,"[[10, 2], [13, 3]]","['keloid', 'non_keloid']",
keloid_binary,grouped_seed2_fold4,shared_genes_plus_modules,majority,73,84,"{'keloid': 40, 'non_keloid': 33}","{'keloid': 58, 'non_keloid': 26}",0.6904761904761905,0.5640509725016768,0.5,0.4084507042253521,0.5,"[[58, 0], [26, 0]]","['keloid', 'non_keloid']",
keloid_binary,grouped_seed2_fold4,shared_genes_plus_modules,stratified_random,73,84,"{'keloid': 40, 'non_keloid': 33}","{'keloid': 58, 'non_keloid': 26}",0.4880952380952381,0.5069810448451225,0.47015915119363394,0.4604929051530993,0.47015915119363394,"[[30, 28], [15, 11]]","['keloid', 'non_keloid']",
keloid_binary,grouped_seed2_fold4,shared_genes_plus_modules,elastic_net_logreg,73,84,"{'keloid': 40, 'non_keloid': 33}","{'keloid': 58, 'non_keloid': 26}",0.6666666666666666,0.5870098039215685,0.5039787798408488,0.45955882352941174,0.629973474801061,"[[54, 4], [24, 2]]","['keloid', 'non_keloid']",
keloid_binary,grouped_seed2_fold4,shared_genes_plus_modules,linear_svm,73,84,"{'keloid': 40, 'non_keloid': 33}","{'keloid': 58, 'non_keloid': 26}",0.6666666666666666,0.5523809523809524,0.4827586206896552,0.4,0.5974801061007957,"[[56, 2], [26, 0]]","['keloid', 'non_keloid']",
keloid_binary,grouped_seed2_fold4,shared_genes_plus_modules,random_forest,73,84,"{'keloid': 40, 'non_keloid': 33}","{'keloid': 58, 'non_keloid': 26}",0.5595238095238095,0.5529607330373614,0.6704244031830239,0.5589612601106854,0.6717506631299734,"[[22, 36], [1, 25]]","['keloid', 'non_keloid']",
keloid_binary,grouped_seed2_fold4,shared_genes_plus_modules,hist_gradient_boosting,73,84,"{'keloid': 40, 'non_keloid': 33}","{'keloid': 58, 'non_keloid': 26}",0.4642857142857143,0.43594470046082956,0.5908488063660478,0.45806451612903226,0.5722811671087533,"[[15, 43], [2, 24]]","['keloid', 'non_keloid']",
keloid_binary,grouped_seed2_fold4,shared_genes_plus_modules,knn,73,84,"{'keloid': 40, 'non_keloid': 33}","{'keloid': 58, 'non_keloid': 26}",0.5952380952380952,0.5534970238095238,0.46286472148541113,0.4421875,0.4509283819628647,"[[47, 11], [23, 3]]","['keloid', 'non_keloid']",
keloid_binary,grouped_seed2_fold4,shared_genes_plus_modules,small_mlp,73,84,"{'keloid': 40, 'non_keloid': 33}","{'keloid': 58, 'non_keloid': 26}",0.6309523809523809,0.5649122807017543,0.4781167108753316,0.4406015037593985,0.6080901856763926,"[[51, 7], [24, 2]]","['keloid', 'non_keloid']",
keloid_binary,grouped_seed2_fold4,shared_genes,majority,73,84,"{'keloid': 40, 'non_keloid': 33}","{'keloid': 58, 'non_keloid': 26}",0.6904761904761905,0.5640509725016768,0.5,0.4084507042253521,0.5,"[[58, 0], [26, 0]]","['keloid', 'non_keloid']",
keloid_binary,grouped_seed2_fold4,shared_genes,stratified_random,73,84,"{'keloid': 40, 'non_keloid': 33}","{'keloid': 58, 'non_keloid': 26}",0.4880952380952381,0.5069810448451225,0.47015915119363394,0.4604929051530993,0.47015915119363394,"[[30, 28], [15, 11]]","['keloid', 'non_keloid']",
keloid_binary,grouped_seed2_fold4,shared_genes,elastic_net_logreg,73,84,"{'keloid': 40, 'non_keloid': 33}","{'keloid': 58, 'non_keloid': 26}",0.6666666666666666,0.5870098039215685,0.5039787798408488,0.45955882352941174,0.6392572944297081,"[[54, 4], [24, 2]]","['keloid', 'non_keloid']",
keloid_binary,grouped_seed2_fold4,shared_genes,linear_svm,73,84,"{'keloid': 40, 'non_keloid': 33}","{'keloid': 58, 'non_keloid': 26}",0.6547619047619048,0.5796697130030464,0.49535809018567645,0.4531986531986532,0.6405835543766578,"[[53, 5], [24, 2]]","['keloid', 'non_keloid']",
keloid_binary,grouped_seed2_fold4,shared_genes,random_forest,73,84,"{'keloid': 40, 'non_keloid': 33}","{'keloid': 58, 'non_keloid': 26}",0.5714285714285714,0.5626623376623376,0.6896551724137931,0.5704545454545455,0.7055702917771883,"[[22, 36], [0, 26]]","['keloid', 'non_keloid']",
keloid_binary,grouped_seed2_fold4,shared_genes,hist_gradient_boosting,73,84,"{'keloid': 40, 'non_keloid': 33}","{'keloid': 58, 'non_keloid': 26}",0.6904761904761905,0.601656314699793,0.5212201591511937,0.47246376811594204,0.6896551724137931,"[[56, 2], [24, 2]]","['keloid', 'non_keloid']",
keloid_binary,grouped_seed2_fold4,shared_genes,knn,73,84,"{'keloid': 40, 'non_keloid': 33}","{'keloid': 58, 'non_keloid': 26}",0.6904761904761905,0.5640509725016768,0.5,0.4084507042253521,0.5039787798408488,"[[58, 0], [26, 0]]","['keloid', 'non_keloid']",
keloid_binary,grouped_seed2_fold4,modules_only,majority,73,84,"{'keloid': 40, 'non_keloid': 33}","{'keloid': 58, 'non_keloid': 26}",0.6904761904761905,0.5640509725016768,0.5,0.4084507042253521,0.5,"[[58, 0], [26, 0]]","['keloid', 'non_keloid']",
keloid_binary,grouped_seed2_fold4,modules_only,stratified_random,73,84,"{'keloid': 40, 'non_keloid': 33}","{'keloid': 58, 'non_keloid': 26}",0.4880952380952381,0.5069810448451225,0.47015915119363394,0.4604929051530993,0.47015915119363394,"[[30, 28], [15, 11]]","['keloid', 'non_keloid']",
keloid_binary,grouped_seed2_fold4,modules_only,elastic_net_logreg,73,84,"{'keloid': 40, 'non_keloid': 33}","{'keloid': 58, 'non_keloid': 26}",0.5952380952380952,0.5424715635241951,0.45225464190981435,0.42186234817813767,0.5119363395225464,"[[48, 10], [24, 2]]","['keloid', 'non_keloid']",
keloid_binary,grouped_seed2_fold4,modules_only,linear_svm,73,84,"{'keloid': 40, 'non_keloid': 33}","{'keloid': 58, 'non_keloid': 26}",0.6309523809523809,0.5649122807017543,0.4781167108753316,0.4406015037593985,0.5404509283819628,"[[51, 7], [24, 2]]","['keloid', 'non_keloid']",
keloid_binary,grouped_seed2_fold4,modules_only,random_forest,73,84,"{'keloid': 40, 'non_keloid': 33}","{'keloid': 58, 'non_keloid': 26}",0.4880952380952381,0.46101382488479264,0.6187002652519894,0.4821505376344086,0.5702917771883289,"[[16, 42], [1, 25]]","['keloid', 'non_keloid']",
keloid_binary,grouped_seed2_fold4,modules_only,hist_gradient_boosting,73,84,"{'keloid': 40, 'non_keloid': 33}","{'keloid': 58, 'non_keloid': 26}",0.4523809523809524,0.4273182957393483,0.5716180371352785,0.4473684210526316,0.5729442970822282,"[[15, 43], [3, 23]]","['keloid', 'non_keloid']",
keloid_binary,grouped_seed2_fold4,modules_only,knn,73,84,"{'keloid': 40, 'non_keloid': 33}","{'keloid': 58, 'non_keloid': 26}",0.6309523809523809,0.5880398671096346,0.4993368700265252,0.4824090638044126,0.523209549071618,"[[49, 9], [22, 4]]","['keloid', 'non_keloid']",
keloid_binary,grouped_seed2_fold4,modules_only,small_mlp,73,84,"{'keloid': 40, 'non_keloid': 33}","{'keloid': 58, 'non_keloid': 26}",0.6309523809523809,0.5649122807017543,0.4781167108753316,0.4406015037593985,0.5643236074270557,"[[51, 7], [24, 2]]","['keloid', 'non_keloid']",
keloid_binary,leave_accession_out_GSE145725,shared_genes_plus_modules,majority,126,19,"{'keloid': 69, 'non_keloid': 57}","{'non_keloid': 10, 'keloid': 9}",0.47368421052631576,0.3045112781954888,0.5,0.32142857142857145,0.5,"[[9, 0], [10, 0]]","['keloid', 'non_keloid']",
keloid_binary,leave_accession_out_GSE145725,shared_genes_plus_modules,stratified_random,126,19,"{'keloid': 69, 'non_keloid': 57}","{'non_keloid': 10, 'keloid': 9}",0.2631578947368421,0.2631578947368421,0.26111111111111107,0.26111111111111107,0.26111111111111107,"[[2, 7], [7, 3]]","['keloid', 'non_keloid']",
keloid_binary,leave_accession_out_GSE145725,shared_genes_plus_modules,elastic_net_logreg,126,19,"{'keloid': 69, 'non_keloid': 57}","{'non_keloid': 10, 'keloid': 9}",0.3684210526315789,0.34688995215311,0.37777777777777777,0.3522727272727273,0.28888888888888886,"[[5, 4], [8, 2]]","['keloid', 'non_keloid']",
keloid_binary,leave_accession_out_GSE145725,shared_genes_plus_modules,linear_svm,126,19,"{'keloid': 69, 'non_keloid': 57}","{'non_keloid': 10, 'keloid': 9}",0.5263157894736842,0.5183547103051748,0.5333333333333333,0.5210084033613445,0.47777777777777775,"[[6, 3], [6, 4]]","['keloid', 'non_keloid']",
keloid_binary,leave_accession_out_GSE145725,shared_genes_plus_modules,random_forest,126,19,"{'keloid': 69, 'non_keloid': 57}","{'non_keloid': 10, 'keloid': 9}",0.3684210526315789,0.34688995215311,0.37777777777777777,0.3522727272727273,0.30000000000000004,"[[5, 4], [8, 2]]","['keloid', 'non_keloid']",
keloid_binary,leave_accession_out_GSE145725,shared_genes_plus_modules,hist_gradient_boosting,126,19,"{'keloid': 69, 'non_keloid': 57}","{'non_keloid': 10, 'keloid': 9}",0.5263157894736842,0.5263157894736842,0.5277777777777778,0.5263157894736842,0.5444444444444445,"[[5, 4], [5, 5]]","['keloid', 'non_keloid']",
keloid_binary,leave_accession_out_GSE145725,shared_genes_plus_modules,knn,126,19,"{'keloid': 69, 'non_keloid': 57}","{'non_keloid': 10, 'keloid': 9}",0.3684210526315789,0.3684210526315789,0.3666666666666667,0.3666666666666667,0.3166666666666667,"[[3, 6], [6, 4]]","['keloid', 'non_keloid']",
keloid_binary,leave_accession_out_GSE145725,shared_genes_plus_modules,small_mlp,126,19,"{'keloid': 69, 'non_keloid': 57}","{'non_keloid': 10, 'keloid': 9}",0.5263157894736842,0.5183547103051748,0.5333333333333333,0.5210084033613445,0.5444444444444445,"[[6, 3], [6, 4]]","['keloid', 'non_keloid']",
keloid_binary,leave_accession_out_GSE145725,shared_genes,majority,126,19,"{'keloid': 69, 'non_keloid': 57}","{'non_keloid': 10, 'keloid': 9}",0.47368421052631576,0.3045112781954888,0.5,0.32142857142857145,0.5,"[[9, 0], [10, 0]]","['keloid', 'non_keloid']",
keloid_binary,leave_accession_out_GSE145725,shared_genes,stratified_random,126,19,"{'keloid': 69, 'non_keloid': 57}","{'non_keloid': 10, 'keloid': 9}",0.2631578947368421,0.2631578947368421,0.26111111111111107,0.26111111111111107,0.26111111111111107,"[[2, 7], [7, 3]]","['keloid', 'non_keloid']",
keloid_binary,leave_accession_out_GSE145725,shared_genes,elastic_net_logreg,126,19,"{'keloid': 69, 'non_keloid': 57}","{'non_keloid': 10, 'keloid': 9}",0.42105263157894735,0.3874904652936689,0.43333333333333335,0.39420289855072466,0.4,"[[6, 3], [8, 2]]","['keloid', 'non_keloid']",
keloid_binary,leave_accession_out_GSE145725,shared_genes,linear_svm,126,19,"{'keloid': 69, 'non_keloid': 57}","{'non_keloid': 10, 'keloid': 9}",0.42105263157894735,0.3874904652936689,0.43333333333333335,0.39420289855072466,0.34444444444444444,"[[6, 3], [8, 2]]","['keloid', 'non_keloid']",
keloid_binary,leave_accession_out_GSE145725,shared_genes,random_forest,126,19,"{'keloid': 69, 'non_keloid': 57}","{'non_keloid': 10, 'keloid': 9}",0.5263157894736842,0.4651012145748988,0.5444444444444444,0.47384615384615386,0.5555555555555556,"[[8, 1], [8, 2]]","['keloid', 'non_keloid']",
keloid_binary,leave_accession_out_GSE145725,shared_genes,hist_gradient_boosting,126,19,"{'keloid': 69, 'non_keloid': 57}","{'non_keloid': 10, 'keloid': 9}",0.42105263157894735,0.41132242370632466,0.4277777777777778,0.4145658263305322,0.4888888888888889,"[[5, 4], [7, 3]]","['keloid', 'non_keloid']",
keloid_binary,leave_accession_out_GSE145725,shared_genes,knn,126,19,"{'keloid': 69, 'non_keloid': 57}","{'non_keloid': 10, 'keloid': 9}",0.47368421052631576,0.3045112781954888,0.5,0.32142857142857145,0.55,"[[9, 0], [10, 0]]","['keloid', 'non_keloid']",
keloid_binary,leave_accession_out_GSE145725,modules_only,majority,126,19,"{'keloid': 69, 'non_keloid': 57}","{'non_keloid': 10, 'keloid': 9}",0.47368421052631576,0.3045112781954888,0.5,0.32142857142857145,0.5,"[[9, 0], [10, 0]]","['keloid', 'non_keloid']",
keloid_binary,leave_accession_out_GSE145725,modules_only,stratified_random,126,19,"{'keloid': 69, 'non_keloid': 57}","{'non_keloid': 10, 'keloid': 9}",0.2631578947368421,0.2631578947368421,0.26111111111111107,0.26111111111111107,0.26111111111111107,"[[2, 7], [7, 3]]","['keloid', 'non_keloid']",
keloid_binary,leave_accession_out_GSE145725,modules_only,elastic_net_logreg,126,19,"{'keloid': 69, 'non_keloid': 57}","{'non_keloid': 10, 'keloid': 9}",0.631578947368421,0.6253869969040248,0.6388888888888888,0.6274509803921569,0.6444444444444444,"[[7, 2], [5, 5]]","['keloid', 'non_keloid']",
keloid_binary,leave_accession_out_GSE145725,modules_only,linear_svm,126,19,"{'keloid': 69, 'non_keloid': 57}","{'non_keloid': 10, 'keloid': 9}",0.5789473684210527,0.5766081871345029,0.5833333333333333,0.5777777777777777,0.6444444444444445,"[[6, 3], [5, 5]]","['keloid', 'non_keloid']",
keloid_binary,leave_accession_out_GSE145725,modules_only,random_forest,126,19,"{'keloid': 69, 'non_keloid': 57}","{'non_keloid': 10, 'keloid': 9}",0.7894736842105263,0.7769423558897244,0.7777777777777778,0.7738095238095238,0.7333333333333334,"[[5, 4], [0, 10]]","['keloid', 'non_keloid']",
keloid_binary,leave_accession_out_GSE145725,modules_only,hist_gradient_boosting,126,19,"{'keloid': 69, 'non_keloid': 57}","{'non_keloid': 10, 'keloid': 9}",0.3684210526315789,0.35765550239234445,0.3611111111111111,0.3522727272727273,0.5111111111111111,"[[2, 7], [5, 5]]","['keloid', 'non_keloid']",
keloid_binary,leave_accession_out_GSE145725,modules_only,knn,126,19,"{'keloid': 69, 'non_keloid': 57}","{'non_keloid': 10, 'keloid': 9}",0.3684210526315789,0.28340080971659914,0.35,0.2692307692307692,0.32222222222222224,"[[0, 9], [3, 7]]","['keloid', 'non_keloid']",
keloid_binary,leave_accession_out_GSE145725,modules_only,small_mlp,126,19,"{'keloid': 69, 'non_keloid': 57}","{'non_keloid': 10, 'keloid': 9}",0.5789473684210527,0.5766081871345029,0.5833333333333333,0.5777777777777777,0.7666666666666666,"[[6, 3], [5, 5]]","['keloid', 'non_keloid']",
keloid_binary,leave_accession_out_GSE158395,shared_genes_plus_modules,majority,140,13,"{'keloid': 74, 'non_keloid': 66}","{'keloid': 7, 'non_keloid': 6}",0.5384615384615384,0.37692307692307686,0.5,0.35,0.5,"[[7, 0], [6, 0]]","['keloid', 'non_keloid']",
keloid_binary,leave_accession_out_GSE158395,shared_genes_plus_modules,stratified_random,140,13,"{'keloid': 74, 'non_keloid': 66}","{'keloid': 7, 'non_keloid': 6}",0.5384615384615384,0.532967032967033,0.5476190476190476,0.5357142857142857,0.5476190476190477,"[[3, 4], [2, 4]]","['keloid', 'non_keloid']",
keloid_binary,leave_accession_out_GSE158395,shared_genes_plus_modules,elastic_net_logreg,140,13,"{'keloid': 74, 'non_keloid': 66}","{'keloid': 7, 'non_keloid': 6}",0.5384615384615384,0.5384615384615384,0.5357142857142857,0.5357142857142857,0.6666666666666667,"[[4, 3], [3, 3]]","['keloid', 'non_keloid']",
keloid_binary,leave_accession_out_GSE158395,shared_genes_plus_modules,linear_svm,140,13,"{'keloid': 74, 'non_keloid': 66}","{'keloid': 7, 'non_keloid': 6}",0.46153846153846156,0.455011655011655,0.45238095238095233,0.4484848484848485,0.2857142857142857,"[[4, 3], [4, 2]]","['keloid', 'non_keloid']",
keloid_binary,leave_accession_out_GSE158395,shared_genes_plus_modules,random_forest,140,13,"{'keloid': 74, 'non_keloid': 66}","{'keloid': 7, 'non_keloid': 6}",0.46153846153846156,0.291497975708502,0.5,0.3157894736842105,0.5238095238095237,"[[0, 7], [0, 6]]","['keloid', 'non_keloid']",
keloid_binary,leave_accession_out_GSE158395,shared_genes_plus_modules,hist_gradient_boosting,140,13,"{'keloid': 74, 'non_keloid': 66}","{'keloid': 7, 'non_keloid': 6}",0.7692307692307693,0.7608391608391608,0.7857142857142857,0.7636363636363637,0.8571428571428571,"[[4, 3], [0, 6]]","['keloid', 'non_keloid']",
keloid_binary,leave_accession_out_GSE158395,shared_genes_plus_modules,knn,140,13,"{'keloid': 74, 'non_keloid': 66}","{'keloid': 7, 'non_keloid': 6}",0.38461538461538464,0.38461538461538464,0.38095238095238093,0.38095238095238093,0.3214285714285715,"[[3, 4], [4, 2]]","['keloid', 'non_keloid']",
keloid_binary,leave_accession_out_GSE158395,shared_genes_plus_modules,small_mlp,140,13,"{'keloid': 74, 'non_keloid': 66}","{'keloid': 7, 'non_keloid': 6}",0.8461538461538461,0.8443223443223443,0.8571428571428572,0.8452380952380952,0.9761904761904763,"[[5, 2], [0, 6]]","['keloid', 'non_keloid']",
keloid_binary,leave_accession_out_GSE158395,shared_genes,majority,140,13,"{'keloid': 74, 'non_keloid': 66}","{'keloid': 7, 'non_keloid': 6}",0.5384615384615384,0.37692307692307686,0.5,0.35,0.5,"[[7, 0], [6, 0]]","['keloid', 'non_keloid']",
keloid_binary,leave_accession_out_GSE158395,shared_genes,stratified_random,140,13,"{'keloid': 74, 'non_keloid': 66}","{'keloid': 7, 'non_keloid': 6}",0.5384615384615384,0.532967032967033,0.5476190476190476,0.5357142857142857,0.5476190476190477,"[[3, 4], [2, 4]]","['keloid', 'non_keloid']",
keloid_binary,leave_accession_out_GSE158395,shared_genes,elastic_net_logreg,140,13,"{'keloid': 74, 'non_keloid': 66}","{'keloid': 7, 'non_keloid': 6}",0.5384615384615384,0.37692307692307686,0.5,0.35,0.5,"[[7, 0], [6, 0]]","['keloid', 'non_keloid']",
keloid_binary,leave_accession_out_GSE158395,shared_genes,linear_svm,140,13,"{'keloid': 74, 'non_keloid': 66}","{'keloid': 7, 'non_keloid': 6}",0.5384615384615384,0.37692307692307686,0.5,0.35,0.4285714285714286,"[[7, 0], [6, 0]]","['keloid', 'non_keloid']",
keloid_binary,leave_accession_out_GSE158395,shared_genes,random_forest,140,13,"{'keloid': 74, 'non_keloid': 66}","{'keloid': 7, 'non_keloid': 6}",0.5384615384615384,0.37692307692307686,0.5,0.35,0.5,"[[7, 0], [6, 0]]","['keloid', 'non_keloid']",
keloid_binary,leave_accession_out_GSE158395,shared_genes,hist_gradient_boosting,140,13,"{'keloid': 74, 'non_keloid': 66}","{'keloid': 7, 'non_keloid': 6}",0.5384615384615384,0.37692307692307686,0.5,0.35,0.5,"[[7, 0], [6, 0]]","['keloid', 'non_keloid']",
keloid_binary,leave_accession_out_GSE158395,shared_genes,knn,140,13,"{'keloid': 74, 'non_keloid': 66}","{'keloid': 7, 'non_keloid': 6}",0.5384615384615384,0.37692307692307686,0.5,0.35,0.5,"[[7, 0], [6, 0]]","['keloid', 'non_keloid']",
keloid_binary,leave_accession_out_GSE158395,modules_only,majority,140,13,"{'keloid': 74, 'non_keloid': 66}","{'keloid': 7, 'non_keloid': 6}",0.5384615384615384,0.37692307692307686,0.5,0.35,0.5,"[[7, 0], [6, 0]]","['keloid', 'non_keloid']",
keloid_binary,leave_accession_out_GSE158395,modules_only,stratified_random,140,13,"{'keloid': 74, 'non_keloid': 66}","{'keloid': 7, 'non_keloid': 6}",0.5384615384615384,0.532967032967033,0.5476190476190476,0.5357142857142857,0.5476190476190477,"[[3, 4], [2, 4]]","['keloid', 'non_keloid']",
keloid_binary,leave_accession_out_GSE158395,modules_only,elastic_net_logreg,140,13,"{'keloid': 74, 'non_keloid': 66}","{'keloid': 7, 'non_keloid': 6}",0.6923076923076923,0.6923076923076923,0.6904761904761905,0.6904761904761905,0.7619047619047619,"[[5, 2], [2, 4]]","['keloid', 'non_keloid']",
keloid_binary,leave_accession_out_GSE158395,modules_only,linear_svm,140,13,"{'keloid': 74, 'non_keloid': 66}","{'keloid': 7, 'non_keloid': 6}",0.6923076923076923,0.6923076923076923,0.6904761904761905,0.6904761904761905,0.7619047619047619,"[[5, 2], [2, 4]]","['keloid', 'non_keloid']",
keloid_binary,leave_accession_out_GSE158395,modules_only,random_forest,140,13,"{'keloid': 74, 'non_keloid': 66}","{'keloid': 7, 'non_keloid': 6}",0.7692307692307693,0.7608391608391608,0.7857142857142857,0.7636363636363637,0.880952380952381,"[[4, 3], [0, 6]]","['keloid', 'non_keloid']",
keloid_binary,leave_accession_out_GSE158395,modules_only,hist_gradient_boosting,140,13,"{'keloid': 74, 'non_keloid': 66}","{'keloid': 7, 'non_keloid': 6}",0.7692307692307693,0.7608391608391608,0.7857142857142857,0.7636363636363637,0.8095238095238095,"[[4, 3], [0, 6]]","['keloid', 'non_keloid']",
keloid_binary,leave_accession_out_GSE158395,modules_only,knn,140,13,"{'keloid': 74, 'non_keloid': 66}","{'keloid': 7, 'non_keloid': 6}",0.6923076923076923,0.6807692307692308,0.6785714285714286,0.675,0.6666666666666667,"[[6, 1], [3, 3]]","['keloid', 'non_keloid']",
keloid_binary,leave_accession_out_GSE158395,modules_only,small_mlp,140,13,"{'keloid': 74, 'non_keloid': 66}","{'keloid': 7, 'non_keloid': 6}",0.7692307692307693,0.7664335664335665,0.7619047619047619,0.7636363636363637,0.8571428571428571,"[[6, 1], [2, 4]]","['keloid', 'non_keloid']",
keloid_binary,leave_accession_out_GSE163973,shared_genes_plus_modules,majority,74,53,"{'keloid': 47, 'non_keloid': 27}","{'keloid': 28, 'non_keloid': 25}",0.5283018867924528,0.36524574889354766,0.5,0.345679012345679,0.5,"[[28, 0], [25, 0]]","['keloid', 'non_keloid']",
keloid_binary,leave_accession_out_GSE163973,shared_genes_plus_modules,stratified_random,74,53,"{'keloid': 47, 'non_keloid': 27}","{'keloid': 28, 'non_keloid': 25}",0.4716981132075472,0.4663385288487832,0.4657142857142857,0.4623188405797102,0.46571428571428564,"[[16, 12], [16, 9]]","['keloid', 'non_keloid']",
keloid_binary,leave_accession_out_GSE163973,shared_genes_plus_modules,elastic_net_logreg,74,53,"{'keloid': 47, 'non_keloid': 27}","{'keloid': 28, 'non_keloid': 25}",0.7169811320754716,0.7165758060920494,0.7150000000000001,0.715359828141783,0.76,"[[21, 7], [8, 17]]","['keloid', 'non_keloid']",
keloid_binary,leave_accession_out_GSE163973,shared_genes_plus_modules,linear_svm,74,53,"{'keloid': 47, 'non_keloid': 27}","{'keloid': 28, 'non_keloid': 25}",0.5283018867924528,0.5283018867924528,0.53,0.5283018867924528,0.6071428571428571,"[[14, 14], [11, 14]]","['keloid', 'non_keloid']",
keloid_binary,leave_accession_out_GSE163973,shared_genes_plus_modules,random_forest,74,53,"{'keloid': 47, 'non_keloid': 27}","{'keloid': 28, 'non_keloid': 25}",0.5660377358490566,0.4443736786703111,0.54,0.4285044538209095,0.6571428571428571,"[[28, 0], [23, 2]]","['keloid', 'non_keloid']",
keloid_binary,leave_accession_out_GSE163973,shared_genes_plus_modules,hist_gradient_boosting,74,53,"{'keloid': 47, 'non_keloid': 27}","{'keloid': 28, 'non_keloid': 25}",0.6226415094339622,0.5757799975336046,0.6042857142857143,0.5669934640522876,0.7028571428571428,"[[26, 2], [18, 7]]","['keloid', 'non_keloid']",
keloid_binary,leave_accession_out_GSE163973,shared_genes_plus_modules,knn,74,53,"{'keloid': 47, 'non_keloid': 27}","{'keloid': 28, 'non_keloid': 25}",0.6037735849056604,0.567684075991595,0.6207142857142858,0.574052812858783,0.5928571428571429,"[[9, 19], [2, 23]]","['keloid', 'non_keloid']",
keloid_binary,leave_accession_out_GSE163973,shared_genes_plus_modules,small_mlp,74,53,"{'keloid': 47, 'non_keloid': 27}","{'keloid': 28, 'non_keloid': 25}",0.5471698113207547,0.5425758818703855,0.5414285714285715,0.5391304347826087,0.5257142857142857,"[[18, 10], [14, 11]]","['keloid', 'non_keloid']",
keloid_binary,leave_accession_out_GSE163973,shared_genes,majority,74,53,"{'keloid': 47, 'non_keloid': 27}","{'keloid': 28, 'non_keloid': 25}",0.5283018867924528,0.36524574889354766,0.5,0.345679012345679,0.5,"[[28, 0], [25, 0]]","['keloid', 'non_keloid']",
keloid_binary,leave_accession_out_GSE163973,shared_genes,stratified_random,74,53,"{'keloid': 47, 'non_keloid': 27}","{'keloid': 28, 'non_keloid': 25}",0.4716981132075472,0.4663385288487832,0.4657142857142857,0.4623188405797102,0.46571428571428564,"[[16, 12], [16, 9]]","['keloid', 'non_keloid']",
keloid_binary,leave_accession_out_GSE163973,shared_genes,elastic_net_logreg,74,53,"{'keloid': 47, 'non_keloid': 27}","{'keloid': 28, 'non_keloid': 25}",0.5094339622641509,0.5094339622641509,0.5078571428571428,0.5078571428571428,0.5157142857142857,"[[15, 13], [13, 12]]","['keloid', 'non_keloid']",
keloid_binary,leave_accession_out_GSE163973,shared_genes,linear_svm,74,53,"{'keloid': 47, 'non_keloid': 27}","{'keloid': 28, 'non_keloid': 25}",0.5660377358490566,0.5654162360078092,0.5635714285714286,0.5635517364840673,0.6157142857142857,"[[17, 11], [12, 13]]","['keloid', 'non_keloid']",
keloid_binary,leave_accession_out_GSE163973,shared_genes,random_forest,74,53,"{'keloid': 47, 'non_keloid': 27}","{'keloid': 28, 'non_keloid': 25}",0.5283018867924528,0.36524574889354766,0.5,0.345679012345679,0.56,"[[28, 0], [25, 0]]","['keloid', 'non_keloid']",
keloid_binary,leave_accession_out_GSE163973,shared_genes,hist_gradient_boosting,74,53,"{'keloid': 47, 'non_keloid': 27}","{'keloid': 28, 'non_keloid': 25}",0.6037735849056604,0.5714919184976609,0.5885714285714285,0.564042303172738,0.5728571428571428,"[[24, 4], [17, 8]]","['keloid', 'non_keloid']",
keloid_binary,leave_accession_out_GSE163973,shared_genes,knn,74,53,"{'keloid': 47, 'non_keloid': 27}","{'keloid': 28, 'non_keloid': 25}",0.5283018867924528,0.36524574889354766,0.5,0.345679012345679,0.5,"[[28, 0], [25, 0]]","['keloid', 'non_keloid']",
keloid_binary,leave_accession_out_GSE163973,modules_only,majority,74,53,"{'keloid': 47, 'non_keloid': 27}","{'keloid': 28, 'non_keloid': 25}",0.5283018867924528,0.36524574889354766,0.5,0.345679012345679,0.5,"[[28, 0], [25, 0]]","['keloid', 'non_keloid']",
keloid_binary,leave_accession_out_GSE163973,modules_only,stratified_random,74,53,"{'keloid': 47, 'non_keloid': 27}","{'keloid': 28, 'non_keloid': 25}",0.4716981132075472,0.4663385288487832,0.4657142857142857,0.4623188405797102,0.46571428571428564,"[[16, 12], [16, 9]]","['keloid', 'non_keloid']",
keloid_binary,leave_accession_out_GSE163973,modules_only,elastic_net_logreg,74,53,"{'keloid': 47, 'non_keloid': 27}","{'keloid': 28, 'non_keloid': 25}",0.6792452830188679,0.6787859135709895,0.6771428571428572,0.677407805227354,0.74,"[[20, 8], [9, 16]]","['keloid', 'non_keloid']",
keloid_binary,leave_accession_out_GSE163973,modules_only,linear_svm,74,53,"{'keloid': 47, 'non_keloid': 27}","{'keloid': 28, 'non_keloid': 25}",0.6981132075471698,0.6981132075471698,0.6971428571428572,0.6971428571428572,0.7414285714285714,"[[20, 8], [8, 17]]","['keloid', 'non_keloid']",
keloid_binary,leave_accession_out_GSE163973,modules_only,random_forest,74,53,"{'keloid': 47, 'non_keloid': 27}","{'keloid': 28, 'non_keloid': 25}",0.660377358490566,0.6367194345464104,0.6464285714285715,0.6308049535603715,0.677142857142857,"[[25, 3], [15, 10]]","['keloid', 'non_keloid']",
keloid_binary,leave_accession_out_GSE163973,modules_only,hist_gradient_boosting,74,53,"{'keloid': 47, 'non_keloid': 27}","{'keloid': 28, 'non_keloid': 25}",0.660377358490566,0.6569319114027891,0.655,0.6543478260869565,0.6928571428571428,"[[21, 7], [11, 14]]","['keloid', 'non_keloid']",
keloid_binary,leave_accession_out_GSE163973,modules_only,knn,74,53,"{'keloid': 47, 'non_keloid': 27}","{'keloid': 28, 'non_keloid': 25}",0.6415094339622641,0.632246111842426,0.6328571428571428,0.6282761166482096,0.6385714285714286,"[[22, 6], [13, 12]]","['keloid', 'non_keloid']",
keloid_binary,leave_accession_out_GSE163973,modules_only,small_mlp,74,53,"{'keloid': 47, 'non_keloid': 27}","{'keloid': 28, 'non_keloid': 25}",0.6415094339622641,0.6123022119740742,0.6264285714285714,0.6055620838229534,0.6657142857142857,"[[25, 3], [16, 9]]","['keloid', 'non_keloid']",
keloid_binary,leave_accession_out_GSE181297,shared_genes_plus_modules,majority,145,7,"{'keloid': 95, 'non_keloid': 50}","{'keloid': 4, 'non_keloid': 3}",0.5714285714285714,0.4155844155844156,0.5,0.36363636363636365,0.5,"[[4, 0], [3, 0]]","['keloid', 'non_keloid']",
keloid_binary,leave_accession_out_GSE181297,shared_genes_plus_modules,stratified_random,145,7,"{'keloid': 95, 'non_keloid': 50}","{'keloid': 4, 'non_keloid': 3}",0.2857142857142857,0.2857142857142857,0.29166666666666663,0.2857142857142857,0.29166666666666663,"[[1, 3], [2, 1]]","['keloid', 'non_keloid']",
keloid_binary,leave_accession_out_GSE181297,shared_genes_plus_modules,elastic_net_logreg,145,7,"{'keloid': 95, 'non_keloid': 50}","{'keloid': 4, 'non_keloid': 3}",0.7142857142857143,0.7142857142857143,0.7083333333333333,0.7083333333333333,0.75,"[[3, 1], [1, 2]]","['keloid', 'non_keloid']",
keloid_binary,leave_accession_out_GSE181297,shared_genes_plus_modules,linear_svm,145,7,"{'keloid': 95, 'non_keloid': 50}","{'keloid': 4, 'non_keloid': 3}",0.2857142857142857,0.2857142857142857,0.29166666666666663,0.2857142857142857,0.25,"[[1, 3], [2, 1]]","['keloid', 'non_keloid']",
keloid_binary,leave_accession_out_GSE181297,shared_genes_plus_modules,random_forest,145,7,"{'keloid': 95, 'non_keloid': 50}","{'keloid': 4, 'non_keloid': 3}",0.5714285714285714,0.4155844155844156,0.5,0.36363636363636365,0.41666666666666663,"[[4, 0], [3, 0]]","['keloid', 'non_keloid']",
keloid_binary,leave_accession_out_GSE181297,shared_genes_plus_modules,hist_gradient_boosting,145,7,"{'keloid': 95, 'non_keloid': 50}","{'keloid': 4, 'non_keloid': 3}",0.7142857142857143,0.6714285714285715,0.6666666666666666,0.65,0.5833333333333333,"[[4, 0], [2, 1]]","['keloid', 'non_keloid']",
keloid_binary,leave_accession_out_GSE181297,shared_genes_plus_modules,knn,145,7,"{'keloid': 95, 'non_keloid': 50}","{'keloid': 4, 'non_keloid': 3}",0.14285714285714285,0.14285714285714285,0.125,0.125,0.125,"[[1, 3], [3, 0]]","['keloid', 'non_keloid']",
keloid_binary,leave_accession_out_GSE181297,shared_genes_plus_modules,small_mlp,145,7,"{'keloid': 95, 'non_keloid': 50}","{'keloid': 4, 'non_keloid': 3}",0.42857142857142855,0.42857142857142855,0.41666666666666663,0.41666666666666663,0.41666666666666663,"[[2, 2], [2, 1]]","['keloid', 'non_keloid']",
keloid_binary,leave_accession_out_GSE181297,shared_genes,majority,145,7,"{'keloid': 95, 'non_keloid': 50}","{'keloid': 4, 'non_keloid': 3}",0.5714285714285714,0.4155844155844156,0.5,0.36363636363636365,0.5,"[[4, 0], [3, 0]]","['keloid', 'non_keloid']",
keloid_binary,leave_accession_out_GSE181297,shared_genes,stratified_random,145,7,"{'keloid': 95, 'non_keloid': 50}","{'keloid': 4, 'non_keloid': 3}",0.2857142857142857,0.2857142857142857,0.29166666666666663,0.2857142857142857,0.29166666666666663,"[[1, 3], [2, 1]]","['keloid', 'non_keloid']",
keloid_binary,leave_accession_out_GSE181297,shared_genes,elastic_net_logreg,145,7,"{'keloid': 95, 'non_keloid': 50}","{'keloid': 4, 'non_keloid': 3}",0.8571428571428571,0.8571428571428571,0.875,0.8571428571428571,1.0,"[[3, 1], [0, 3]]","['keloid', 'non_keloid']",
keloid_binary,leave_accession_out_GSE181297,shared_genes,linear_svm,145,7,"{'keloid': 95, 'non_keloid': 50}","{'keloid': 4, 'non_keloid': 3}",0.7142857142857143,0.7023809523809523,0.75,0.7083333333333333,1.0,"[[2, 2], [0, 3]]","['keloid', 'non_keloid']",
keloid_binary,leave_accession_out_GSE181297,shared_genes,random_forest,145,7,"{'keloid': 95, 'non_keloid': 50}","{'keloid': 4, 'non_keloid': 3}",0.5714285714285714,0.4155844155844156,0.5,0.36363636363636365,0.5,"[[4, 0], [3, 0]]","['keloid', 'non_keloid']",
keloid_binary,leave_accession_out_GSE181297,shared_genes,hist_gradient_boosting,145,7,"{'keloid': 95, 'non_keloid': 50}","{'keloid': 4, 'non_keloid': 3}",0.7142857142857143,0.6714285714285715,0.6666666666666666,0.65,0.6666666666666666,"[[4, 0], [2, 1]]","['keloid', 'non_keloid']",
keloid_binary,leave_accession_out_GSE181297,shared_genes,knn,145,7,"{'keloid': 95, 'non_keloid': 50}","{'keloid': 4, 'non_keloid': 3}",0.5714285714285714,0.4155844155844156,0.5,0.36363636363636365,0.5,"[[4, 0], [3, 0]]","['keloid', 'non_keloid']",
keloid_binary,leave_accession_out_GSE181297,modules_only,majority,145,7,"{'keloid': 95, 'non_keloid': 50}","{'keloid': 4, 'non_keloid': 3}",0.5714285714285714,0.4155844155844156,0.5,0.36363636363636365,0.5,"[[4, 0], [3, 0]]","['keloid', 'non_keloid']",
keloid_binary,leave_accession_out_GSE181297,modules_only,stratified_random,145,7,"{'keloid': 95, 'non_keloid': 50}","{'keloid': 4, 'non_keloid': 3}",0.2857142857142857,0.2857142857142857,0.29166666666666663,0.2857142857142857,0.29166666666666663,"[[1, 3], [2, 1]]","['keloid', 'non_keloid']",
keloid_binary,leave_accession_out_GSE181297,modules_only,elastic_net_logreg,145,7,"{'keloid': 95, 'non_keloid': 50}","{'keloid': 4, 'non_keloid': 3}",0.8571428571428571,0.8507936507936508,0.8333333333333333,0.8444444444444444,1.0,"[[4, 0], [1, 2]]","['keloid', 'non_keloid']",
keloid_binary,leave_accession_out_GSE181297,modules_only,linear_svm,145,7,"{'keloid': 95, 'non_keloid': 50}","{'keloid': 4, 'non_keloid': 3}",0.8571428571428571,0.8507936507936508,0.8333333333333333,0.8444444444444444,1.0,"[[4, 0], [1, 2]]","['keloid', 'non_keloid']",
keloid_binary,leave_accession_out_GSE181297,modules_only,random_forest,145,7,"{'keloid': 95, 'non_keloid': 50}","{'keloid': 4, 'non_keloid': 3}",0.7142857142857143,0.6714285714285715,0.6666666666666666,0.65,0.6666666666666666,"[[4, 0], [2, 1]]","['keloid', 'non_keloid']",
keloid_binary,leave_accession_out_GSE181297,modules_only,hist_gradient_boosting,145,7,"{'keloid': 95, 'non_keloid': 50}","{'keloid': 4, 'non_keloid': 3}",0.7142857142857143,0.6714285714285715,0.6666666666666666,0.65,0.9166666666666666,"[[4, 0], [2, 1]]","['keloid', 'non_keloid']",
keloid_binary,leave_accession_out_GSE181297,modules_only,knn,145,7,"{'keloid': 95, 'non_keloid': 50}","{'keloid': 4, 'non_keloid': 3}",0.42857142857142855,0.42857142857142855,0.41666666666666663,0.41666666666666663,0.3333333333333333,"[[2, 2], [2, 1]]","['keloid', 'non_keloid']",
keloid_binary,leave_accession_out_GSE181297,modules_only,small_mlp,145,7,"{'keloid': 95, 'non_keloid': 50}","{'keloid': 4, 'non_keloid': 3}",0.7142857142857143,0.6714285714285715,0.6666666666666666,0.65,0.75,"[[4, 0], [2, 1]]","['keloid', 'non_keloid']",
keloid_binary,leave_accession_out_GSE188952,shared_genes_plus_modules,majority,147,12,"{'keloid': 85, 'non_keloid': 62}","{'non_keloid': 8, 'keloid': 4}",0.3333333333333333,0.16666666666666666,0.5,0.25,0.5,"[[4, 0], [8, 0]]","['keloid', 'non_keloid']",
keloid_binary,leave_accession_out_GSE188952,shared_genes_plus_modules,stratified_random,147,12,"{'keloid': 85, 'non_keloid': 62}","{'non_keloid': 8, 'keloid': 4}",0.5,0.5,0.4375,0.4375,0.4375,"[[1, 3], [3, 5]]","['keloid', 'non_keloid']",
keloid_binary,leave_accession_out_GSE188952,shared_genes_plus_modules,elastic_net_logreg,147,12,"{'keloid': 85, 'non_keloid': 62}","{'non_keloid': 8, 'keloid': 4}",0.5,0.5,0.5625,0.5,0.40625,"[[3, 1], [5, 3]]","['keloid', 'non_keloid']",
keloid_binary,leave_accession_out_GSE188952,shared_genes_plus_modules,linear_svm,147,12,"{'keloid': 85, 'non_keloid': 62}","{'non_keloid': 8, 'keloid': 4}",0.16666666666666666,0.19047619047619047,0.125,0.14285714285714285,0.15625,"[[0, 4], [6, 2]]","['keloid', 'non_keloid']",
keloid_binary,leave_accession_out_GSE188952,shared_genes_plus_modules,random_forest,147,12,"{'keloid': 85, 'non_keloid': 62}","{'non_keloid': 8, 'keloid': 4}",0.3333333333333333,0.27619047619047615,0.4375,0.3142857142857143,0.4375,"[[3, 1], [7, 1]]","['keloid', 'non_keloid']",
keloid_binary,leave_accession_out_GSE188952,shared_genes_plus_modules,hist_gradient_boosting,147,12,"{'keloid': 85, 'non_keloid': 62}","{'non_keloid': 8, 'keloid': 4}",0.3333333333333333,0.3333333333333333,0.375,0.3333333333333333,0.3125,"[[2, 2], [6, 2]]","['keloid', 'non_keloid']",
keloid_binary,leave_accession_out_GSE188952,shared_genes_plus_modules,knn,147,12,"{'keloid': 85, 'non_keloid': 62}","{'non_keloid': 8, 'keloid': 4}",0.4166666666666667,0.39627039627039623,0.5,0.4125874125874126,0.5625,"[[3, 1], [6, 2]]","['keloid', 'non_keloid']",
keloid_binary,leave_accession_out_GSE188952,shared_genes_plus_modules,small_mlp,147,12,"{'keloid': 85, 'non_keloid': 62}","{'non_keloid': 8, 'keloid': 4}",0.4166666666666667,0.3259259259259259,0.5625,0.37777777777777777,0.5,"[[4, 0], [7, 1]]","['keloid', 'non_keloid']",
keloid_binary,leave_accession_out_GSE188952,shared_genes,majority,147,12,"{'keloid': 85, 'non_keloid': 62}","{'non_keloid': 8, 'keloid': 4}",0.3333333333333333,0.16666666666666666,0.5,0.25,0.5,"[[4, 0], [8, 0]]","['keloid', 'non_keloid']",
keloid_binary,leave_accession_out_GSE188952,shared_genes,stratified_random,147,12,"{'keloid': 85, 'non_keloid': 62}","{'non_keloid': 8, 'keloid': 4}",0.5,0.5,0.4375,0.4375,0.4375,"[[1, 3], [3, 5]]","['keloid', 'non_keloid']",
keloid_binary,leave_accession_out_GSE188952,shared_genes,elastic_net_logreg,147,12,"{'keloid': 85, 'non_keloid': 62}","{'non_keloid': 8, 'keloid': 4}",0.3333333333333333,0.16666666666666666,0.5,0.25,0.5,"[[4, 0], [8, 0]]","['keloid', 'non_keloid']",
keloid_binary,leave_accession_out_GSE188952,shared_genes,linear_svm,147,12,"{'keloid': 85, 'non_keloid': 62}","{'non_keloid': 8, 'keloid': 4}",0.3333333333333333,0.16666666666666666,0.5,0.25,0.5,"[[4, 0], [8, 0]]","['keloid', 'non_keloid']",
keloid_binary,leave_accession_out_GSE188952,shared_genes,random_forest,147,12,"{'keloid': 85, 'non_keloid': 62}","{'non_keloid': 8, 'keloid': 4}",0.3333333333333333,0.16666666666666666,0.5,0.25,0.5,"[[4, 0], [8, 0]]","['keloid', 'non_keloid']",
keloid_binary,leave_accession_out_GSE188952,shared_genes,hist_gradient_boosting,147,12,"{'keloid': 85, 'non_keloid': 62}","{'non_keloid': 8, 'keloid': 4}",0.3333333333333333,0.16666666666666666,0.5,0.25,0.5,"[[4, 0], [8, 0]]","['keloid', 'non_keloid']",
keloid_binary,leave_accession_out_GSE188952,shared_genes,knn,147,12,"{'keloid': 85, 'non_keloid': 62}","{'non_keloid': 8, 'keloid': 4}",0.3333333333333333,0.16666666666666666,0.5,0.25,0.5,"[[4, 0], [8, 0]]","['keloid', 'non_keloid']",
keloid_binary,leave_accession_out_GSE188952,modules_only,majority,147,12,"{'keloid': 85, 'non_keloid': 62}","{'non_keloid': 8, 'keloid': 4}",0.3333333333333333,0.16666666666666666,0.5,0.25,0.5,"[[4, 0], [8, 0]]","['keloid', 'non_keloid']",
keloid_binary,leave_accession_out_GSE188952,modules_only,stratified_random,147,12,"{'keloid': 85, 'non_keloid': 62}","{'non_keloid': 8, 'keloid': 4}",0.5,0.5,0.4375,0.4375,0.4375,"[[1, 3], [3, 5]]","['keloid', 'non_keloid']",
keloid_binary,leave_accession_out_GSE188952,modules_only,elastic_net_logreg,147,12,"{'keloid': 85, 'non_keloid': 62}","{'non_keloid': 8, 'keloid': 4}",0.16666666666666666,0.19047619047619047,0.125,0.14285714285714285,0.125,"[[0, 4], [6, 2]]","['keloid', 'non_keloid']",
keloid_binary,leave_accession_out_GSE188952,modules_only,linear_svm,147,12,"{'keloid': 85, 'non_keloid': 62}","{'non_keloid': 8, 'keloid': 4}",0.25,0.26666666666666666,0.1875,0.2,0.15625,"[[0, 4], [5, 3]]","['keloid', 'non_keloid']",
keloid_binary,leave_accession_out_GSE188952,modules_only,random_forest,147,12,"{'keloid': 85, 'non_keloid': 62}","{'non_keloid': 8, 'keloid': 4}",0.08333333333333333,0.05128205128205129,0.125,0.07692307692307693,0.09375,"[[1, 3], [8, 0]]","['keloid', 'non_keloid']",
keloid_binary,leave_accession_out_GSE188952,modules_only,hist_gradient_boosting,147,12,"{'keloid': 85, 'non_keloid': 62}","{'non_keloid': 8, 'keloid': 4}",0.25,0.26666666666666666,0.1875,0.2,0.0625,"[[0, 4], [5, 3]]","['keloid', 'non_keloid']",
keloid_binary,leave_accession_out_GSE188952,modules_only,knn,147,12,"{'keloid': 85, 'non_keloid': 62}","{'non_keloid': 8, 'keloid': 4}",0.08333333333333333,0.10256410256410257,0.0625,0.07692307692307693,0.03125,"[[0, 4], [7, 1]]","['keloid', 'non_keloid']",
keloid_binary,leave_accession_out_GSE188952,modules_only,small_mlp,147,12,"{'keloid': 85, 'non_keloid': 62}","{'non_keloid': 8, 'keloid': 4}",0.4166666666666667,0.4296296296296296,0.375,0.37777777777777777,0.28125,"[[1, 3], [4, 4]]","['keloid', 'non_keloid']",
keloid_binary,leave_accession_out_GSE44270,shared_genes_plus_modules,majority,126,32,"{'keloid': 76, 'non_keloid': 50}","{'keloid': 18, 'non_keloid': 14}",0.5625,0.40499999999999997,0.5,0.36,0.5,"[[18, 0], [14, 0]]","['keloid', 'non_keloid']",
keloid_binary,leave_accession_out_GSE44270,shared_genes_plus_modules,stratified_random,126,32,"{'keloid': 76, 'non_keloid': 50}","{'keloid': 18, 'non_keloid': 14}",0.4375,0.43970588235294117,0.4365079365079365,0.43529411764705883,0.4365079365079365,"[[8, 10], [8, 6]]","['keloid', 'non_keloid']",
keloid_binary,leave_accession_out_GSE44270,shared_genes_plus_modules,elastic_net_logreg,126,32,"{'keloid': 76, 'non_keloid': 50}","{'keloid': 18, 'non_keloid': 14}",0.5625,0.40499999999999997,0.5,0.36,0.5,"[[18, 0], [14, 0]]","['keloid', 'non_keloid']",
keloid_binary,leave_accession_out_GSE44270,shared_genes_plus_modules,linear_svm,126,32,"{'keloid': 76, 'non_keloid': 50}","{'keloid': 18, 'non_keloid': 14}",0.5625,0.40499999999999997,0.5,0.36,0.5,"[[18, 0], [14, 0]]","['keloid', 'non_keloid']",
keloid_binary,leave_accession_out_GSE44270,shared_genes_plus_modules,random_forest,126,32,"{'keloid': 76, 'non_keloid': 50}","{'keloid': 18, 'non_keloid': 14}",0.5625,0.40499999999999997,0.5,0.36,0.5,"[[18, 0], [14, 0]]","['keloid', 'non_keloid']",
keloid_binary,leave_accession_out_GSE44270,shared_genes_plus_modules,hist_gradient_boosting,126,32,"{'keloid': 76, 'non_keloid': 50}","{'keloid': 18, 'non_keloid': 14}",0.5625,0.40499999999999997,0.5,0.36,0.5,"[[18, 0], [14, 0]]","['keloid', 'non_keloid']",
keloid_binary,leave_accession_out_GSE44270,shared_genes_plus_modules,knn,126,32,"{'keloid': 76, 'non_keloid': 50}","{'keloid': 18, 'non_keloid': 14}",0.4375,0.266304347826087,0.5,0.30434782608695654,0.5,"[[0, 18], [0, 14]]","['keloid', 'non_keloid']",
keloid_binary,leave_accession_out_GSE44270,shared_genes_plus_modules,small_mlp,126,32,"{'keloid': 76, 'non_keloid': 50}","{'keloid': 18, 'non_keloid': 14}",0.4375,0.266304347826087,0.5,0.30434782608695654,0.5,"[[0, 18], [0, 14]]","['keloid', 'non_keloid']",
keloid_binary,leave_accession_out_GSE44270,shared_genes,majority,126,32,"{'keloid': 76, 'non_keloid': 50}","{'keloid': 18, 'non_keloid': 14}",0.5625,0.40499999999999997,0.5,0.36,0.5,"[[18, 0], [14, 0]]","['keloid', 'non_keloid']",
keloid_binary,leave_accession_out_GSE44270,shared_genes,stratified_random,126,32,"{'keloid': 76, 'non_keloid': 50}","{'keloid': 18, 'non_keloid': 14}",0.4375,0.43970588235294117,0.4365079365079365,0.43529411764705883,0.4365079365079365,"[[8, 10], [8, 6]]","['keloid', 'non_keloid']",
keloid_binary,leave_accession_out_GSE44270,shared_genes,elastic_net_logreg,126,32,"{'keloid': 76, 'non_keloid': 50}","{'keloid': 18, 'non_keloid': 14}",0.4375,0.266304347826087,0.5,0.30434782608695654,0.5,"[[0, 18], [0, 14]]","['keloid', 'non_keloid']",
keloid_binary,leave_accession_out_GSE44270,shared_genes,linear_svm,126,32,"{'keloid': 76, 'non_keloid': 50}","{'keloid': 18, 'non_keloid': 14}",0.4375,0.266304347826087,0.5,0.30434782608695654,0.5,"[[0, 18], [0, 14]]","['keloid', 'non_keloid']",
keloid_binary,leave_accession_out_GSE44270,shared_genes,random_forest,126,32,"{'keloid': 76, 'non_keloid': 50}","{'keloid': 18, 'non_keloid': 14}",0.4375,0.266304347826087,0.5,0.30434782608695654,0.5,"[[0, 18], [0, 14]]","['keloid', 'non_keloid']",
keloid_binary,leave_accession_out_GSE44270,shared_genes,hist_gradient_boosting,126,32,"{'keloid': 76, 'non_keloid': 50}","{'keloid': 18, 'non_keloid': 14}",0.5625,0.40499999999999997,0.5,0.36,0.5,"[[18, 0], [14, 0]]","['keloid', 'non_keloid']",
keloid_binary,leave_accession_out_GSE44270,shared_genes,knn,126,32,"{'keloid': 76, 'non_keloid': 50}","{'keloid': 18, 'non_keloid': 14}",0.5625,0.40499999999999997,0.5,0.36,0.5,"[[18, 0], [14, 0]]","['keloid', 'non_keloid']",
keloid_binary,leave_accession_out_GSE44270,modules_only,majority,126,32,"{'keloid': 76, 'non_keloid': 50}","{'keloid': 18, 'non_keloid': 14}",0.5625,0.40499999999999997,0.5,0.36,0.5,"[[18, 0], [14, 0]]","['keloid', 'non_keloid']",
keloid_binary,leave_accession_out_GSE44270,modules_only,stratified_random,126,32,"{'keloid': 76, 'non_keloid': 50}","{'keloid': 18, 'non_keloid': 14}",0.4375,0.43970588235294117,0.4365079365079365,0.43529411764705883,0.4365079365079365,"[[8, 10], [8, 6]]","['keloid', 'non_keloid']",
keloid_binary,leave_accession_out_GSE44270,modules_only,elastic_net_logreg,126,32,"{'keloid': 76, 'non_keloid': 50}","{'keloid': 18, 'non_keloid': 14}",0.5625,0.40499999999999997,0.5,0.36,0.5,"[[18, 0], [14, 0]]","['keloid', 'non_keloid']",
keloid_binary,leave_accession_out_GSE44270,modules_only,linear_svm,126,32,"{'keloid': 76, 'non_keloid': 50}","{'keloid': 18, 'non_keloid': 14}",0.5625,0.40499999999999997,0.5,0.36,0.5,"[[18, 0], [14, 0]]","['keloid', 'non_keloid']",
keloid_binary,leave_accession_out_GSE44270,modules_only,random_forest,126,32,"{'keloid': 76, 'non_keloid': 50}","{'keloid': 18, 'non_keloid': 14}",0.5625,0.40499999999999997,0.5,0.36,0.5,"[[18, 0], [14, 0]]","['keloid', 'non_keloid']",
keloid_binary,leave_accession_out_GSE44270,modules_only,hist_gradient_boosting,126,32,"{'keloid': 76, 'non_keloid': 50}","{'keloid': 18, 'non_keloid': 14}",0.5625,0.40499999999999997,0.5,0.36,0.5,"[[18, 0], [14, 0]]","['keloid', 'non_keloid']",
keloid_binary,leave_accession_out_GSE44270,modules_only,knn,126,32,"{'keloid': 76, 'non_keloid': 50}","{'keloid': 18, 'non_keloid': 14}",0.4375,0.266304347826087,0.5,0.30434782608695654,0.5,"[[0, 18], [0, 14]]","['keloid', 'non_keloid']",
keloid_binary,leave_accession_out_GSE44270,modules_only,small_mlp,126,32,"{'keloid': 76, 'non_keloid': 50}","{'keloid': 18, 'non_keloid': 14}",0.4375,0.266304347826087,0.5,0.30434782608695654,0.5,"[[0, 18], [0, 14]]","['keloid', 'non_keloid']",
keloid_binary,leave_accession_out_GSE7890,shared_genes_plus_modules,majority,108,19,"{'keloid': 57, 'non_keloid': 51}","{'keloid': 10, 'non_keloid': 9}",0.5263157894736842,0.3629764065335753,0.5,0.3448275862068966,0.5,"[[10, 0], [9, 0]]","['keloid', 'non_keloid']",
keloid_binary,leave_accession_out_GSE7890,shared_genes_plus_modules,stratified_random,108,19,"{'keloid': 57, 'non_keloid': 51}","{'keloid': 10, 'non_keloid': 9}",0.21052631578947367,0.21052631578947367,0.2111111111111111,0.21052631578947367,0.21111111111111108,"[[2, 8], [7, 2]]","['keloid', 'non_keloid']",
keloid_binary,leave_accession_out_GSE7890,shared_genes_plus_modules,elastic_net_logreg,108,19,"{'keloid': 57, 'non_keloid': 51}","{'keloid': 10, 'non_keloid': 9}",0.2631578947368421,0.2590643274853801,0.26666666666666666,0.26111111111111107,0.16666666666666666,"[[2, 8], [6, 3]]","['keloid', 'non_keloid']",
keloid_binary,leave_accession_out_GSE7890,shared_genes_plus_modules,linear_svm,108,19,"{'keloid': 57, 'non_keloid': 51}","{'keloid': 10, 'non_keloid': 9}",0.21052631578947367,0.2061034940291906,0.20555555555555555,0.20168067226890757,0.32222222222222224,"[[3, 7], [8, 1]]","['keloid', 'non_keloid']",
keloid_binary,leave_accession_out_GSE7890,shared_genes_plus_modules,random_forest,108,19,"{'keloid': 57, 'non_keloid': 51}","{'keloid': 10, 'non_keloid': 9}",0.42105263157894735,0.36761133603238866,0.40555555555555556,0.35692307692307695,0.2777777777777778,"[[7, 3], [8, 1]]","['keloid', 'non_keloid']",
keloid_binary,leave_accession_out_GSE7890,shared_genes_plus_modules,hist_gradient_boosting,108,19,"{'keloid': 57, 'non_keloid': 51}","{'keloid': 10, 'non_keloid': 9}",0.42105263157894735,0.40091533180778033,0.4111111111111111,0.39420289855072466,0.3222222222222222,"[[6, 4], [7, 2]]","['keloid', 'non_keloid']",
keloid_binary,leave_accession_out_GSE7890,shared_genes_plus_modules,knn,108,19,"{'keloid': 57, 'non_keloid': 51}","{'keloid': 10, 'non_keloid': 9}",0.42105263157894735,0.4178092289547398,0.41666666666666663,0.4145658263305322,0.37777777777777777,"[[5, 5], [6, 3]]","['keloid', 'non_keloid']",
keloid_binary,leave_accession_out_GSE7890,shared_genes_plus_modules,small_mlp,108,19,"{'keloid': 57, 'non_keloid': 51}","{'keloid': 10, 'non_keloid': 9}",0.42105263157894735,0.4178092289547398,0.41666666666666663,0.4145658263305322,0.4666666666666667,"[[5, 5], [6, 3]]","['keloid', 'non_keloid']",
keloid_binary,leave_accession_out_GSE7890,shared_genes,majority,108,19,"{'keloid': 57, 'non_keloid': 51}","{'keloid': 10, 'non_keloid': 9}",0.5263157894736842,0.3629764065335753,0.5,0.3448275862068966,0.5,"[[10, 0], [9, 0]]","['keloid', 'non_keloid']",
keloid_binary,leave_accession_out_GSE7890,shared_genes,stratified_random,108,19,"{'keloid': 57, 'non_keloid': 51}","{'keloid': 10, 'non_keloid': 9}",0.21052631578947367,0.21052631578947367,0.2111111111111111,0.21052631578947367,0.21111111111111108,"[[2, 8], [7, 2]]","['keloid', 'non_keloid']",
keloid_binary,leave_accession_out_GSE7890,shared_genes,elastic_net_logreg,108,19,"{'keloid': 57, 'non_keloid': 51}","{'keloid': 10, 'non_keloid': 9}",0.2631578947368421,0.2590643274853801,0.26666666666666666,0.26111111111111107,0.27777777777777773,"[[2, 8], [6, 3]]","['keloid', 'non_keloid']",
keloid_binary,leave_accession_out_GSE7890,shared_genes,linear_svm,108,19,"{'keloid': 57, 'non_keloid': 51}","{'keloid': 10, 'non_keloid': 9}",0.3684210526315789,0.34688995215311,0.37777777777777777,0.3522727272727273,0.3666666666666667,"[[2, 8], [4, 5]]","['keloid', 'non_keloid']",
keloid_binary,leave_accession_out_GSE7890,shared_genes,random_forest,108,19,"{'keloid': 57, 'non_keloid': 51}","{'keloid': 10, 'non_keloid': 9}",0.47368421052631576,0.402834008097166,0.4555555555555556,0.391025641025641,0.08888888888888889,"[[8, 2], [8, 1]]","['keloid', 'non_keloid']",
keloid_binary,leave_accession_out_GSE7890,shared_genes,hist_gradient_boosting,108,19,"{'keloid': 57, 'non_keloid': 51}","{'keloid': 10, 'non_keloid': 9}",0.3157894736842105,0.25263157894736843,0.3,0.24,0.13333333333333333,"[[6, 4], [9, 0]]","['keloid', 'non_keloid']",
keloid_binary,leave_accession_out_GSE7890,shared_genes,knn,108,19,"{'keloid': 57, 'non_keloid': 51}","{'keloid': 10, 'non_keloid': 9}",0.5263157894736842,0.3629764065335753,0.5,0.3448275862068966,0.5,"[[10, 0], [9, 0]]","['keloid', 'non_keloid']",
keloid_binary,leave_accession_out_GSE7890,modules_only,majority,108,19,"{'keloid': 57, 'non_keloid': 51}","{'keloid': 10, 'non_keloid': 9}",0.5263157894736842,0.3629764065335753,0.5,0.3448275862068966,0.5,"[[10, 0], [9, 0]]","['keloid', 'non_keloid']",
keloid_binary,leave_accession_out_GSE7890,modules_only,stratified_random,108,19,"{'keloid': 57, 'non_keloid': 51}","{'keloid': 10, 'non_keloid': 9}",0.21052631578947367,0.21052631578947367,0.2111111111111111,0.21052631578947367,0.21111111111111108,"[[2, 8], [7, 2]]","['keloid', 'non_keloid']",
keloid_binary,leave_accession_out_GSE7890,modules_only,elastic_net_logreg,108,19,"{'keloid': 57, 'non_keloid': 51}","{'keloid': 10, 'non_keloid': 9}",0.5263157894736842,0.5263157894736842,0.5277777777777778,0.5263157894736842,0.5555555555555556,"[[5, 5], [4, 5]]","['keloid', 'non_keloid']",
keloid_binary,leave_accession_out_GSE7890,modules_only,linear_svm,108,19,"{'keloid': 57, 'non_keloid': 51}","{'keloid': 10, 'non_keloid': 9}",0.5789473684210527,0.5766081871345029,0.5833333333333333,0.5777777777777777,0.6222222222222222,"[[5, 5], [3, 6]]","['keloid', 'non_keloid']",
keloid_binary,leave_accession_out_GSE7890,modules_only,random_forest,108,19,"{'keloid': 57, 'non_keloid': 51}","{'keloid': 10, 'non_keloid': 9}",0.3684210526315789,0.34688995215311,0.37777777777777777,0.3522727272727273,0.5333333333333333,"[[2, 8], [4, 5]]","['keloid', 'non_keloid']",
keloid_binary,leave_accession_out_GSE7890,modules_only,hist_gradient_boosting,108,19,"{'keloid': 57, 'non_keloid': 51}","{'keloid': 10, 'non_keloid': 9}",0.47368421052631576,0.47076023391812866,0.4777777777777778,0.4722222222222222,0.43333333333333335,"[[4, 6], [4, 5]]","['keloid', 'non_keloid']",
keloid_binary,leave_accession_out_GSE7890,modules_only,knn,108,19,"{'keloid': 57, 'non_keloid': 51}","{'keloid': 10, 'non_keloid': 9}",0.6842105263157895,0.6842105263157895,0.6833333333333333,0.6833333333333333,0.6888888888888889,"[[7, 3], [3, 6]]","['keloid', 'non_keloid']",
keloid_binary,leave_accession_out_GSE7890,modules_only,small_mlp,108,19,"{'keloid': 57, 'non_keloid': 51}","{'keloid': 10, 'non_keloid': 9}",0.631578947368421,0.631578947368421,0.6333333333333333,0.631578947368421,0.7000000000000001,"[[6, 4], [3, 6]]","['keloid', 'non_keloid']",
keloid_binary,leave_accession_out_Sun_Burns,shared_genes_plus_modules,majority,146,25,"{'keloid': 84, 'non_keloid': 62}","{'keloid': 17, 'non_keloid': 8}",0.68,0.5504761904761906,0.5,0.40476190476190477,0.5,"[[17, 0], [8, 0]]","['keloid', 'non_keloid']",
keloid_binary,leave_accession_out_Sun_Burns,shared_genes_plus_modules,stratified_random,146,25,"{'keloid': 84, 'non_keloid': 62}","{'keloid': 17, 'non_keloid': 8}",0.68,0.6906666666666667,0.6985294117647058,0.6666666666666666,0.6985294117647058,"[[11, 6], [2, 6]]","['keloid', 'non_keloid']",
keloid_binary,leave_accession_out_Sun_Burns,shared_genes_plus_modules,elastic_net_logreg,146,25,"{'keloid': 84, 'non_keloid': 62}","{'keloid': 17, 'non_keloid': 8}",0.68,0.5504761904761906,0.5,0.40476190476190477,0.5,"[[17, 0], [8, 0]]","['keloid', 'non_keloid']",
keloid_binary,leave_accession_out_Sun_Burns,shared_genes_plus_modules,linear_svm,146,25,"{'keloid': 84, 'non_keloid': 62}","{'keloid': 17, 'non_keloid': 8}",0.68,0.5504761904761906,0.5,0.40476190476190477,0.5294117647058824,"[[17, 0], [8, 0]]","['keloid', 'non_keloid']",
keloid_binary,leave_accession_out_Sun_Burns,shared_genes_plus_modules,random_forest,146,25,"{'keloid': 84, 'non_keloid': 62}","{'keloid': 17, 'non_keloid': 8}",0.32,0.15515151515151515,0.5,0.24242424242424243,0.5,"[[0, 17], [0, 8]]","['keloid', 'non_keloid']",
keloid_binary,leave_accession_out_Sun_Burns,shared_genes_plus_modules,hist_gradient_boosting,146,25,"{'keloid': 84, 'non_keloid': 62}","{'keloid': 17, 'non_keloid': 8}",0.68,0.5504761904761906,0.5,0.40476190476190477,0.5,"[[17, 0], [8, 0]]","['keloid', 'non_keloid']",
keloid_binary,leave_accession_out_Sun_Burns,shared_genes_plus_modules,knn,146,25,"{'keloid': 84, 'non_keloid': 62}","{'keloid': 17, 'non_keloid': 8}",0.68,0.5504761904761906,0.5,0.40476190476190477,0.5,"[[17, 0], [8, 0]]","['keloid', 'non_keloid']",
keloid_binary,leave_accession_out_Sun_Burns,shared_genes_plus_modules,small_mlp,146,25,"{'keloid': 84, 'non_keloid': 62}","{'keloid': 17, 'non_keloid': 8}",0.32,0.15515151515151515,0.5,0.24242424242424243,0.5,"[[0, 17], [0, 8]]","['keloid', 'non_keloid']",
keloid_binary,leave_accession_out_Sun_Burns,shared_genes,majority,146,25,"{'keloid': 84, 'non_keloid': 62}","{'keloid': 17, 'non_keloid': 8}",0.68,0.5504761904761906,0.5,0.40476190476190477,0.5,"[[17, 0], [8, 0]]","['keloid', 'non_keloid']",
keloid_binary,leave_accession_out_Sun_Burns,shared_genes,stratified_random,146,25,"{'keloid': 84, 'non_keloid': 62}","{'keloid': 17, 'non_keloid': 8}",0.68,0.6906666666666667,0.6985294117647058,0.6666666666666666,0.6985294117647058,"[[11, 6], [2, 6]]","['keloid', 'non_keloid']",
keloid_binary,leave_accession_out_Sun_Burns,shared_genes,elastic_net_logreg,146,25,"{'keloid': 84, 'non_keloid': 62}","{'keloid': 17, 'non_keloid': 8}",0.68,0.5504761904761906,0.5,0.40476190476190477,0.5,"[[17, 0], [8, 0]]","['keloid', 'non_keloid']",
keloid_binary,leave_accession_out_Sun_Burns,shared_genes,linear_svm,146,25,"{'keloid': 84, 'non_keloid': 62}","{'keloid': 17, 'non_keloid': 8}",0.32,0.15515151515151515,0.5,0.24242424242424243,0.5294117647058824,"[[0, 17], [0, 8]]","['keloid', 'non_keloid']",
keloid_binary,leave_accession_out_Sun_Burns,shared_genes,random_forest,146,25,"{'keloid': 84, 'non_keloid': 62}","{'keloid': 17, 'non_keloid': 8}",0.32,0.15515151515151515,0.5,0.24242424242424243,0.5,"[[0, 17], [0, 8]]","['keloid', 'non_keloid']",
keloid_binary,leave_accession_out_Sun_Burns,shared_genes,hist_gradient_boosting,146,25,"{'keloid': 84, 'non_keloid': 62}","{'keloid': 17, 'non_keloid': 8}",0.68,0.5504761904761906,0.5,0.40476190476190477,0.5,"[[17, 0], [8, 0]]","['keloid', 'non_keloid']",
keloid_binary,leave_accession_out_Sun_Burns,shared_genes,knn,146,25,"{'keloid': 84, 'non_keloid': 62}","{'keloid': 17, 'non_keloid': 8}",0.68,0.5504761904761906,0.5,0.40476190476190477,0.5,"[[17, 0], [8, 0]]","['keloid', 'non_keloid']",
keloid_binary,leave_accession_out_Sun_Burns,modules_only,majority,146,25,"{'keloid': 84, 'non_keloid': 62}","{'keloid': 17, 'non_keloid': 8}",0.68,0.5504761904761906,0.5,0.40476190476190477,0.5,"[[17, 0], [8, 0]]","['keloid', 'non_keloid']",
keloid_binary,leave_accession_out_Sun_Burns,modules_only,stratified_random,146,25,"{'keloid': 84, 'non_keloid': 62}","{'keloid': 17, 'non_keloid': 8}",0.68,0.6906666666666667,0.6985294117647058,0.6666666666666666,0.6985294117647058,"[[11, 6], [2, 6]]","['keloid', 'non_keloid']",
keloid_binary,leave_accession_out_Sun_Burns,modules_only,elastic_net_logreg,146,25,"{'keloid': 84, 'non_keloid': 62}","{'keloid': 17, 'non_keloid': 8}",0.68,0.5504761904761906,0.5,0.40476190476190477,0.5,"[[17, 0], [8, 0]]","['keloid', 'non_keloid']",
keloid_binary,leave_accession_out_Sun_Burns,modules_only,linear_svm,146,25,"{'keloid': 84, 'non_keloid': 62}","{'keloid': 17, 'non_keloid': 8}",0.68,0.5504761904761906,0.5,0.40476190476190477,0.5294117647058824,"[[17, 0], [8, 0]]","['keloid', 'non_keloid']",
keloid_binary,leave_accession_out_Sun_Burns,modules_only,random_forest,146,25,"{'keloid': 84, 'non_keloid': 62}","{'keloid': 17, 'non_keloid': 8}",0.32,0.15515151515151515,0.5,0.24242424242424243,0.5,"[[0, 17], [0, 8]]","['keloid', 'non_keloid']",
keloid_binary,leave_accession_out_Sun_Burns,modules_only,hist_gradient_boosting,146,25,"{'keloid': 84, 'non_keloid': 62}","{'keloid': 17, 'non_keloid': 8}",0.68,0.5504761904761906,0.5,0.40476190476190477,0.5,"[[17, 0], [8, 0]]","['keloid', 'non_keloid']",
keloid_binary,leave_accession_out_Sun_Burns,modules_only,knn,146,25,"{'keloid': 84, 'non_keloid': 62}","{'keloid': 17, 'non_keloid': 8}",0.68,0.5504761904761906,0.5,0.40476190476190477,0.5,"[[17, 0], [8, 0]]","['keloid', 'non_keloid']",
keloid_binary,leave_accession_out_Sun_Burns,modules_only,small_mlp,146,25,"{'keloid': 84, 'non_keloid': 62}","{'keloid': 17, 'non_keloid': 8}",0.68,0.5504761904761906,0.5,0.40476190476190477,0.5,"[[17, 0], [8, 0]]","['keloid', 'non_keloid']",
lesional_status,grouped_seed0_fold0,shared_genes_plus_modules,majority,41,2,"{'lesional': 22, 'non_lesional': 12, 'control': 6, 'new_keloid_formation': 1}","{'non_lesional': 1, 'lesional': 1}",0.5,0.3333333333333333,0.5,0.3333333333333333,,"[[0, 0, 0, 0], [0, 1, 0, 0], [0, 0, 0, 0], [0, 1, 0, 0]]","['control', 'lesional', 'new_keloid_formation', 'non_lesional']",
lesional_status,grouped_seed0_fold0,shared_genes_plus_modules,stratified_random,41,2,"{'lesional': 22, 'non_lesional': 12, 'control': 6, 'new_keloid_formation': 1}","{'non_lesional': 1, 'lesional': 1}",0.0,0.0,0.0,0.0,,"[[0, 0, 0, 0], [0, 0, 1, 0], [0, 0, 0, 0], [0, 1, 0, 0]]","['control', 'lesional', 'new_keloid_formation', 'non_lesional']",
lesional_status,grouped_seed0_fold0,shared_genes_plus_modules,elastic_net_logreg,41,2,"{'lesional': 22, 'non_lesional': 12, 'control': 6, 'new_keloid_formation': 1}","{'non_lesional': 1, 'lesional': 1}",0.5,0.5,0.5,0.3333333333333333,,"[[0, 0, 0, 0], [0, 1, 0, 0], [0, 0, 0, 0], [1, 0, 0, 0]]","['control', 'lesional', 'new_keloid_formation', 'non_lesional']",
lesional_status,grouped_seed0_fold0,shared_genes_plus_modules,linear_svm,41,2,"{'lesional': 22, 'non_lesional': 12, 'control': 6, 'new_keloid_formation': 1}","{'non_lesional': 1, 'lesional': 1}",0.5,0.5,0.5,0.3333333333333333,,"[[0, 0, 0, 0], [0, 1, 0, 0], [0, 0, 0, 0], [1, 0, 0, 0]]","['control', 'lesional', 'new_keloid_formation', 'non_lesional']",
lesional_status,grouped_seed0_fold0,shared_genes_plus_modules,random_forest,41,2,"{'lesional': 22, 'non_lesional': 12, 'control': 6, 'new_keloid_formation': 1}","{'non_lesional': 1, 'lesional': 1}",1.0,1.0,1.0,1.0,,"[[0, 0, 0, 0], [0, 1, 0, 0], [0, 0, 0, 0], [0, 0, 0, 1]]","['control', 'lesional', 'new_keloid_formation', 'non_lesional']",
lesional_status,grouped_seed0_fold0,shared_genes_plus_modules,hist_gradient_boosting,41,2,"{'lesional': 22, 'non_lesional': 12, 'control': 6, 'new_keloid_formation': 1}","{'non_lesional': 1, 'lesional': 1}",0.5,0.3333333333333333,0.5,0.3333333333333333,,"[[0, 0, 0, 0], [0, 1, 0, 0], [0, 0, 0, 0], [0, 1, 0, 0]]","['control', 'lesional', 'new_keloid_formation', 'non_lesional']",
lesional_status,grouped_seed0_fold0,shared_genes_plus_modules,knn,41,2,"{'lesional': 22, 'non_lesional': 12, 'control': 6, 'new_keloid_formation': 1}","{'non_lesional': 1, 'lesional': 1}",0.5,0.3333333333333333,0.5,0.3333333333333333,,"[[0, 0, 0, 0], [0, 1, 0, 0], [0, 0, 0, 0], [0, 1, 0, 0]]","['control', 'lesional', 'new_keloid_formation', 'non_lesional']",
lesional_status,grouped_seed0_fold0,shared_genes_plus_modules,small_mlp,41,2,"{'lesional': 22, 'non_lesional': 12, 'control': 6, 'new_keloid_formation': 1}","{'non_lesional': 1, 'lesional': 1}",0.5,0.3333333333333333,0.5,0.3333333333333333,,"[[0, 0, 0, 0], [0, 1, 0, 0], [0, 0, 0, 0], [0, 1, 0, 0]]","['control', 'lesional', 'new_keloid_formation', 'non_lesional']",
lesional_status,grouped_seed0_fold0,shared_genes,majority,41,2,"{'lesional': 22, 'non_lesional': 12, 'control': 6, 'new_keloid_formation': 1}","{'non_lesional': 1, 'lesional': 1}",0.5,0.3333333333333333,0.5,0.3333333333333333,,"[[0, 0, 0, 0], [0, 1, 0, 0], [0, 0, 0, 0], [0, 1, 0, 0]]","['control', 'lesional', 'new_keloid_formation', 'non_lesional']",
lesional_status,grouped_seed0_fold0,shared_genes,stratified_random,41,2,"{'lesional': 22, 'non_lesional': 12, 'control': 6, 'new_keloid_formation': 1}","{'non_lesional': 1, 'lesional': 1}",0.0,0.0,0.0,0.0,,"[[0, 0, 0, 0], [0, 0, 1, 0], [0, 0, 0, 0], [0, 1, 0, 0]]","['control', 'lesional', 'new_keloid_formation', 'non_lesional']",
lesional_status,grouped_seed0_fold0,shared_genes,elastic_net_logreg,41,2,"{'lesional': 22, 'non_lesional': 12, 'control': 6, 'new_keloid_formation': 1}","{'non_lesional': 1, 'lesional': 1}",0.0,0.0,0.0,0.0,,"[[0, 0, 0, 0], [1, 0, 0, 0], [0, 0, 0, 0], [1, 0, 0, 0]]","['control', 'lesional', 'new_keloid_formation', 'non_lesional']",
lesional_status,grouped_seed0_fold0,shared_genes,linear_svm,41,2,"{'lesional': 22, 'non_lesional': 12, 'control': 6, 'new_keloid_formation': 1}","{'non_lesional': 1, 'lesional': 1}",0.5,0.3333333333333333,0.5,0.3333333333333333,,"[[0, 0, 0, 0], [0, 1, 0, 0], [0, 0, 0, 0], [0, 1, 0, 0]]","['control', 'lesional', 'new_keloid_formation', 'non_lesional']",
lesional_status,grouped_seed0_fold0,shared_genes,random_forest,41,2,"{'lesional': 22, 'non_lesional': 12, 'control': 6, 'new_keloid_formation': 1}","{'non_lesional': 1, 'lesional': 1}",0.0,0.0,0.0,0.0,,"[[0, 0, 0, 0], [1, 0, 0, 0], [0, 0, 0, 0], [1, 0, 0, 0]]","['control', 'lesional', 'new_keloid_formation', 'non_lesional']",
lesional_status,grouped_seed0_fold0,shared_genes,hist_gradient_boosting,41,2,"{'lesional': 22, 'non_lesional': 12, 'control': 6, 'new_keloid_formation': 1}","{'non_lesional': 1, 'lesional': 1}",0.5,0.3333333333333333,0.5,0.3333333333333333,,"[[0, 0, 0, 0], [0, 1, 0, 0], [0, 0, 0, 0], [0, 1, 0, 0]]","['control', 'lesional', 'new_keloid_formation', 'non_lesional']",
lesional_status,grouped_seed0_fold0,shared_genes,knn,41,2,"{'lesional': 22, 'non_lesional': 12, 'control': 6, 'new_keloid_formation': 1}","{'non_lesional': 1, 'lesional': 1}",0.5,0.3333333333333333,0.5,0.3333333333333333,,"[[0, 0, 0, 0], [0, 1, 0, 0], [0, 0, 0, 0], [0, 1, 0, 0]]","['control', 'lesional', 'new_keloid_formation', 'non_lesional']",
lesional_status,grouped_seed0_fold0,modules_only,majority,41,2,"{'lesional': 22, 'non_lesional': 12, 'control': 6, 'new_keloid_formation': 1}","{'non_lesional': 1, 'lesional': 1}",0.5,0.3333333333333333,0.5,0.3333333333333333,,"[[0, 0, 0, 0], [0, 1, 0, 0], [0, 0, 0, 0], [0, 1, 0, 0]]","['control', 'lesional', 'new_keloid_formation', 'non_lesional']",
lesional_status,grouped_seed0_fold0,modules_only,stratified_random,41,2,"{'lesional': 22, 'non_lesional': 12, 'control': 6, 'new_keloid_formation': 1}","{'non_lesional': 1, 'lesional': 1}",0.0,0.0,0.0,0.0,,"[[0, 0, 0, 0], [0, 0, 1, 0], [0, 0, 0, 0], [0, 1, 0, 0]]","['control', 'lesional', 'new_keloid_formation', 'non_lesional']",
lesional_status,grouped_seed0_fold0,modules_only,elastic_net_logreg,41,2,"{'lesional': 22, 'non_lesional': 12, 'control': 6, 'new_keloid_formation': 1}","{'non_lesional': 1, 'lesional': 1}",0.0,0.0,0.0,0.0,,"[[0, 0, 0, 0], [0, 0, 1, 0], [0, 0, 0, 0], [0, 1, 0, 0]]","['control', 'lesional', 'new_keloid_formation', 'non_lesional']",
lesional_status,grouped_seed0_fold0,modules_only,linear_svm,41,2,"{'lesional': 22, 'non_lesional': 12, 'control': 6, 'new_keloid_formation': 1}","{'non_lesional': 1, 'lesional': 1}",0.5,0.3333333333333333,0.5,0.3333333333333333,,"[[0, 0, 0, 0], [0, 1, 0, 0], [0, 0, 0, 0], [0, 1, 0, 0]]","['control', 'lesional', 'new_keloid_formation', 'non_lesional']",
lesional_status,grouped_seed0_fold0,modules_only,random_forest,41,2,"{'lesional': 22, 'non_lesional': 12, 'control': 6, 'new_keloid_formation': 1}","{'non_lesional': 1, 'lesional': 1}",1.0,1.0,1.0,1.0,,"[[0, 0, 0, 0], [0, 1, 0, 0], [0, 0, 0, 0], [0, 0, 0, 1]]","['control', 'lesional', 'new_keloid_formation', 'non_lesional']",
lesional_status,grouped_seed0_fold0,modules_only,hist_gradient_boosting,41,2,"{'lesional': 22, 'non_lesional': 12, 'control': 6, 'new_keloid_formation': 1}","{'non_lesional': 1, 'lesional': 1}",0.5,0.3333333333333333,0.5,0.3333333333333333,,"[[0, 0, 0, 0], [0, 1, 0, 0], [0, 0, 0, 0], [0, 1, 0, 0]]","['control', 'lesional', 'new_keloid_formation', 'non_lesional']",
lesional_status,grouped_seed0_fold0,modules_only,knn,41,2,"{'lesional': 22, 'non_lesional': 12, 'control': 6, 'new_keloid_formation': 1}","{'non_lesional': 1, 'lesional': 1}",0.5,0.3333333333333333,0.5,0.3333333333333333,,"[[0, 0, 0, 0], [0, 1, 0, 0], [0, 0, 0, 0], [0, 1, 0, 0]]","['control', 'lesional', 'new_keloid_formation', 'non_lesional']",
lesional_status,grouped_seed0_fold0,modules_only,small_mlp,41,2,"{'lesional': 22, 'non_lesional': 12, 'control': 6, 'new_keloid_formation': 1}","{'non_lesional': 1, 'lesional': 1}",0.5,0.5,0.5,0.3333333333333333,,"[[0, 0, 0, 0], [0, 1, 0, 0], [0, 0, 0, 0], [0, 0, 1, 0]]","['control', 'lesional', 'new_keloid_formation', 'non_lesional']",
lesional_status,grouped_seed0_fold1,shared_genes_plus_modules,majority,40,4,"{'lesional': 22, 'non_lesional': 11, 'control': 6, 'new_keloid_formation': 1}","{'non_lesional': 2, 'lesional': 2}",0.5,0.3333333333333333,0.5,0.3333333333333333,,"[[0, 0, 0, 0], [0, 2, 0, 0], [0, 0, 0, 0], [0, 2, 0, 0]]","['control', 'lesional', 'new_keloid_formation', 'non_lesional']",
lesional_status,grouped_seed0_fold1,shared_genes_plus_modules,stratified_random,40,4,"{'lesional': 22, 'non_lesional': 11, 'control': 6, 'new_keloid_formation': 1}","{'non_lesional': 2, 'lesional': 2}",0.25,0.2,0.25,0.13333333333333333,,"[[0, 0, 0, 0], [0, 1, 1, 0], [0, 0, 0, 0], [0, 2, 0, 0]]","['control', 'lesional', 'new_keloid_formation', 'non_lesional']",
lesional_status,grouped_seed0_fold1,shared_genes_plus_modules,elastic_net_logreg,40,4,"{'lesional': 22, 'non_lesional': 11, 'control': 6, 'new_keloid_formation': 1}","{'non_lesional': 2, 'lesional': 2}",0.75,0.8333333333333333,0.75,0.5555555555555555,,"[[0, 0, 0, 0], [0, 2, 0, 0], [0, 0, 0, 0], [1, 0, 0, 1]]","['control', 'lesional', 'new_keloid_formation', 'non_lesional']",
lesional_status,grouped_seed0_fold1,shared_genes_plus_modules,linear_svm,40,4,"{'lesional': 22, 'non_lesional': 11, 'control': 6, 'new_keloid_formation': 1}","{'non_lesional': 2, 'lesional': 2}",0.75,0.8333333333333333,0.75,0.5555555555555555,,"[[0, 0, 0, 0], [0, 2, 0, 0], [0, 0, 0, 0], [1, 0, 0, 1]]","['control', 'lesional', 'new_keloid_formation', 'non_lesional']",
lesional_status,grouped_seed0_fold1,shared_genes_plus_modules,random_forest,40,4,"{'lesional': 22, 'non_lesional': 11, 'control': 6, 'new_keloid_formation': 1}","{'non_lesional': 2, 'lesional': 2}",1.0,1.0,1.0,1.0,,"[[0, 0, 0, 0], [0, 2, 0, 0], [0, 0, 0, 0], [0, 0, 0, 2]]","['control', 'lesional', 'new_keloid_formation', 'non_lesional']",
lesional_status,grouped_seed0_fold1,shared_genes_plus_modules,hist_gradient_boosting,40,4,"{'lesional': 22, 'non_lesional': 11, 'control': 6, 'new_keloid_formation': 1}","{'non_lesional': 2, 'lesional': 2}",0.5,0.3333333333333333,0.5,0.3333333333333333,,"[[0, 0, 0, 0], [0, 2, 0, 0], [0, 0, 0, 0], [0, 2, 0, 0]]","['control', 'lesional', 'new_keloid_formation', 'non_lesional']",
lesional_status,grouped_seed0_fold1,shared_genes_plus_modules,knn,40,4,"{'lesional': 22, 'non_lesional': 11, 'control': 6, 'new_keloid_formation': 1}","{'non_lesional': 2, 'lesional': 2}",0.5,0.3333333333333333,0.5,0.3333333333333333,,"[[0, 0, 0, 0], [0, 2, 0, 0], [0, 0, 0, 0], [0, 2, 0, 0]]","['control', 'lesional', 'new_keloid_formation', 'non_lesional']",
lesional_status,grouped_seed0_fold1,shared_genes_plus_modules,small_mlp,40,4,"{'lesional': 22, 'non_lesional': 11, 'control': 6, 'new_keloid_formation': 1}","{'non_lesional': 2, 'lesional': 2}",0.5,0.3333333333333333,0.5,0.3333333333333333,,"[[0, 0, 0, 0], [0, 2, 0, 0], [0, 0, 0, 0], [0, 2, 0, 0]]","['control', 'lesional', 'new_keloid_formation', 'non_lesional']",
lesional_status,grouped_seed0_fold1,shared_genes,majority,40,4,"{'lesional': 22, 'non_lesional': 11, 'control': 6, 'new_keloid_formation': 1}","{'non_lesional': 2, 'lesional': 2}",0.5,0.3333333333333333,0.5,0.3333333333333333,,"[[0, 0, 0, 0], [0, 2, 0, 0], [0, 0, 0, 0], [0, 2, 0, 0]]","['control', 'lesional', 'new_keloid_formation', 'non_lesional']",
lesional_status,grouped_seed0_fold1,shared_genes,stratified_random,40,4,"{'lesional': 22, 'non_lesional': 11, 'control': 6, 'new_keloid_formation': 1}","{'non_lesional': 2, 'lesional': 2}",0.25,0.2,0.25,0.13333333333333333,,"[[0, 0, 0, 0], [0, 1, 1, 0], [0, 0, 0, 0], [0, 2, 0, 0]]","['control', 'lesional', 'new_keloid_formation', 'non_lesional']",
lesional_status,grouped_seed0_fold1,shared_genes,elastic_net_logreg,40,4,"{'lesional': 22, 'non_lesional': 11, 'control': 6, 'new_keloid_formation': 1}","{'non_lesional': 2, 'lesional': 2}",0.25,0.3333333333333333,0.25,0.2222222222222222,,"[[0, 0, 0, 0], [1, 1, 0, 0], [0, 0, 0, 0], [2, 0, 0, 0]]","['control', 'lesional', 'new_keloid_formation', 'non_lesional']",
lesional_status,grouped_seed0_fold1,shared_genes,linear_svm,40,4,"{'lesional': 22, 'non_lesional': 11, 'control': 6, 'new_keloid_formation': 1}","{'non_lesional': 2, 'lesional': 2}",0.5,0.4,0.5,0.26666666666666666,,"[[0, 0, 0, 0], [0, 2, 0, 0], [0, 0, 0, 0], [1, 1, 0, 0]]","['control', 'lesional', 'new_keloid_formation', 'non_lesional']",
lesional_status,grouped_seed0_fold1,shared_genes,random_forest,40,4,"{'lesional': 22, 'non_lesional': 11, 'control': 6, 'new_keloid_formation': 1}","{'non_lesional': 2, 'lesional': 2}",0.5,0.6666666666666666,0.5,0.4444444444444444,,"[[0, 0, 0, 0], [1, 1, 0, 0], [0, 0, 0, 0], [1, 0, 0, 1]]","['control', 'lesional', 'new_keloid_formation', 'non_lesional']",
lesional_status,grouped_seed0_fold1,shared_genes,hist_gradient_boosting,40,4,"{'lesional': 22, 'non_lesional': 11, 'control': 6, 'new_keloid_formation': 1}","{'non_lesional': 2, 'lesional': 2}",0.5,0.3333333333333333,0.5,0.3333333333333333,,"[[0, 0, 0, 0], [0, 2, 0, 0], [0, 0, 0, 0], [0, 2, 0, 0]]","['control', 'lesional', 'new_keloid_formation', 'non_lesional']",
lesional_status,grouped_seed0_fold1,shared_genes,knn,40,4,"{'lesional': 22, 'non_lesional': 11, 'control': 6, 'new_keloid_formation': 1}","{'non_lesional': 2, 'lesional': 2}",0.5,0.3333333333333333,0.5,0.3333333333333333,,"[[0, 0, 0, 0], [0, 2, 0, 0], [0, 0, 0, 0], [0, 2, 0, 0]]","['control', 'lesional', 'new_keloid_formation', 'non_lesional']",
lesional_status,grouped_seed0_fold1,modules_only,majority,40,4,"{'lesional': 22, 'non_lesional': 11, 'control': 6, 'new_keloid_formation': 1}","{'non_lesional': 2, 'lesional': 2}",0.5,0.3333333333333333,0.5,0.3333333333333333,,"[[0, 0, 0, 0], [0, 2, 0, 0], [0, 0, 0, 0], [0, 2, 0, 0]]","['control', 'lesional', 'new_keloid_formation', 'non_lesional']",
lesional_status,grouped_seed0_fold1,modules_only,stratified_random,40,4,"{'lesional': 22, 'non_lesional': 11, 'control': 6, 'new_keloid_formation': 1}","{'non_lesional': 2, 'lesional': 2}",0.25,0.2,0.25,0.13333333333333333,,"[[0, 0, 0, 0], [0, 1, 1, 0], [0, 0, 0, 0], [0, 2, 0, 0]]","['control', 'lesional', 'new_keloid_formation', 'non_lesional']",
lesional_status,grouped_seed0_fold1,modules_only,elastic_net_logreg,40,4,"{'lesional': 22, 'non_lesional': 11, 'control': 6, 'new_keloid_formation': 1}","{'non_lesional': 2, 'lesional': 2}",1.0,1.0,1.0,1.0,,"[[0, 0, 0, 0], [0, 2, 0, 0], [0, 0, 0, 0], [0, 0, 0, 2]]","['control', 'lesional', 'new_keloid_formation', 'non_lesional']",
lesional_status,grouped_seed0_fold1,modules_only,linear_svm,40,4,"{'lesional': 22, 'non_lesional': 11, 'control': 6, 'new_keloid_formation': 1}","{'non_lesional': 2, 'lesional': 2}",0.5,0.6666666666666666,0.5,0.3333333333333333,,"[[0, 0, 0, 0], [0, 1, 1, 0], [0, 0, 0, 0], [1, 0, 0, 1]]","['control', 'lesional', 'new_keloid_formation', 'non_lesional']",
lesional_status,grouped_seed0_fold1,modules_only,random_forest,40,4,"{'lesional': 22, 'non_lesional': 11, 'control': 6, 'new_keloid_formation': 1}","{'non_lesional': 2, 'lesional': 2}",1.0,1.0,1.0,1.0,,"[[0, 0, 0, 0], [0, 2, 0, 0], [0, 0, 0, 0], [0, 0, 0, 2]]","['control', 'lesional', 'new_keloid_formation', 'non_lesional']",
lesional_status,grouped_seed0_fold1,modules_only,hist_gradient_boosting,40,4,"{'lesional': 22, 'non_lesional': 11, 'control': 6, 'new_keloid_formation': 1}","{'non_lesional': 2, 'lesional': 2}",0.5,0.3333333333333333,0.5,0.3333333333333333,,"[[0, 0, 0, 0], [0, 2, 0, 0], [0, 0, 0, 0], [0, 2, 0, 0]]","['control', 'lesional', 'new_keloid_formation', 'non_lesional']",
lesional_status,grouped_seed0_fold1,modules_only,knn,40,4,"{'lesional': 22, 'non_lesional': 11, 'control': 6, 'new_keloid_formation': 1}","{'non_lesional': 2, 'lesional': 2}",1.0,1.0,1.0,1.0,,"[[0, 0, 0, 0], [0, 2, 0, 0], [0, 0, 0, 0], [0, 0, 0, 2]]","['control', 'lesional', 'new_keloid_formation', 'non_lesional']",
lesional_status,grouped_seed0_fold1,modules_only,small_mlp,40,4,"{'lesional': 22, 'non_lesional': 11, 'control': 6, 'new_keloid_formation': 1}","{'non_lesional': 2, 'lesional': 2}",0.5,0.5,0.5,0.3333333333333333,,"[[0, 0, 0, 0], [0, 2, 0, 0], [0, 0, 0, 0], [0, 0, 2, 0]]","['control', 'lesional', 'new_keloid_formation', 'non_lesional']",
lesional_status,grouped_seed0_fold2,shared_genes_plus_modules,majority,36,6,"{'lesional': 20, 'non_lesional': 10, 'control': 6}","{'lesional': 3, 'non_lesional': 2, 'new_keloid_formation': 1}",0.5,0.3333333333333333,0.3333333333333333,0.2222222222222222,,"[[0, 0, 0, 0], [0, 3, 0, 0], [0, 1, 0, 0], [0, 2, 0, 0]]","['control', 'lesional', 'new_keloid_formation', 'non_lesional']",
lesional_status,grouped_seed0_fold2,shared_genes_plus_modules,stratified_random,36,6,"{'lesional': 20, 'non_lesional': 10, 'control': 6}","{'lesional': 3, 'non_lesional': 2, 'new_keloid_formation': 1}",0.3333333333333333,0.2857142857142857,0.2222222222222222,0.14285714285714285,,"[[0, 0, 0, 0], [0, 2, 0, 1], [1, 0, 0, 0], [0, 2, 0, 0]]","['control', 'lesional', 'new_keloid_formation', 'non_lesional']",
lesional_status,grouped_seed0_fold2,shared_genes_plus_modules,elastic_net_logreg,36,6,"{'lesional': 20, 'non_lesional': 10, 'control': 6}","{'lesional': 3, 'non_lesional': 2, 'new_keloid_formation': 1}",0.6666666666666666,0.6507936507936507,0.5,0.38095238095238093,,"[[0, 0, 0, 0], [0, 3, 0, 0], [0, 1, 0, 0], [1, 0, 0, 1]]","['control', 'lesional', 'new_keloid_formation', 'non_lesional']",
lesional_status,grouped_seed0_fold2,shared_genes_plus_modules,linear_svm,36,6,"{'lesional': 20, 'non_lesional': 10, 'control': 6}","{'lesional': 3, 'non_lesional': 2, 'new_keloid_formation': 1}",0.5,0.375,0.3333333333333333,0.1875,,"[[0, 0, 0, 0], [0, 3, 0, 0], [0, 1, 0, 0], [1, 1, 0, 0]]","['control', 'lesional', 'new_keloid_formation', 'non_lesional']",
lesional_status,grouped_seed0_fold2,shared_genes_plus_modules,random_forest,36,6,"{'lesional': 20, 'non_lesional': 10, 'control': 6}","{'lesional': 3, 'non_lesional': 2, 'new_keloid_formation': 1}",0.8333333333333334,0.7619047619047619,0.6666666666666666,0.6190476190476191,,"[[0, 0, 0, 0], [0, 3, 0, 0], [0, 1, 0, 0], [0, 0, 0, 2]]","['control', 'lesional', 'new_keloid_formation', 'non_lesional']",
lesional_status,grouped_seed0_fold2,shared_genes_plus_modules,hist_gradient_boosting,36,6,"{'lesional': 20, 'non_lesional': 10, 'control': 6}","{'lesional': 3, 'non_lesional': 2, 'new_keloid_formation': 1}",0.5,0.3333333333333333,0.3333333333333333,0.2222222222222222,,"[[0, 0, 0, 0], [0, 3, 0, 0], [0, 1, 0, 0], [0, 2, 0, 0]]","['control', 'lesional', 'new_keloid_formation', 'non_lesional']",
lesional_status,grouped_seed0_fold2,shared_genes_plus_modules,knn,36,6,"{'lesional': 20, 'non_lesional': 10, 'control': 6}","{'lesional': 3, 'non_lesional': 2, 'new_keloid_formation': 1}",0.5,0.3333333333333333,0.3333333333333333,0.2222222222222222,,"[[0, 0, 0, 0], [0, 3, 0, 0], [0, 1, 0, 0], [0, 2, 0, 0]]","['control', 'lesional', 'new_keloid_formation', 'non_lesional']",
lesional_status,grouped_seed0_fold2,shared_genes_plus_modules,small_mlp,36,6,"{'lesional': 20, 'non_lesional': 10, 'control': 6}","{'lesional': 3, 'non_lesional': 2, 'new_keloid_formation': 1}",0.3333333333333333,0.2857142857142857,0.2222222222222222,0.19047619047619047,,"[[0, 0, 0, 0], [0, 2, 0, 1], [0, 0, 0, 1], [0, 2, 0, 0]]","['control', 'lesional', 'new_keloid_formation', 'non_lesional']",
lesional_status,grouped_seed0_fold2,shared_genes,majority,36,6,"{'lesional': 20, 'non_lesional': 10, 'control': 6}","{'lesional': 3, 'non_lesional': 2, 'new_keloid_formation': 1}",0.5,0.3333333333333333,0.3333333333333333,0.2222222222222222,,"[[0, 0, 0, 0], [0, 3, 0, 0], [0, 1, 0, 0], [0, 2, 0, 0]]","['control', 'lesional', 'new_keloid_formation', 'non_lesional']",
lesional_status,grouped_seed0_fold2,shared_genes,stratified_random,36,6,"{'lesional': 20, 'non_lesional': 10, 'control': 6}","{'lesional': 3, 'non_lesional': 2, 'new_keloid_formation': 1}",0.3333333333333333,0.2857142857142857,0.2222222222222222,0.14285714285714285,,"[[0, 0, 0, 0], [0, 2, 0, 1], [1, 0, 0, 0], [0, 2, 0, 0]]","['control', 'lesional', 'new_keloid_formation', 'non_lesional']",
lesional_status,grouped_seed0_fold2,shared_genes,elastic_net_logreg,36,6,"{'lesional': 20, 'non_lesional': 10, 'control': 6}","{'lesional': 3, 'non_lesional': 2, 'new_keloid_formation': 1}",0.3333333333333333,0.4222222222222222,0.27777777777777773,0.26666666666666666,,"[[0, 0, 0, 0], [2, 1, 0, 0], [0, 1, 0, 0], [1, 0, 0, 1]]","['control', 'lesional', 'new_keloid_formation', 'non_lesional']",
lesional_status,grouped_seed0_fold2,shared_genes,linear_svm,36,6,"{'lesional': 20, 'non_lesional': 10, 'control': 6}","{'lesional': 3, 'non_lesional': 2, 'new_keloid_formation': 1}",0.5,0.375,0.3333333333333333,0.1875,,"[[0, 0, 0, 0], [0, 3, 0, 0], [0, 1, 0, 0], [1, 1, 0, 0]]","['control', 'lesional', 'new_keloid_formation', 'non_lesional']",
lesional_status,grouped_seed0_fold2,shared_genes,random_forest,36,6,"{'lesional': 20, 'non_lesional': 10, 'control': 6}","{'lesional': 3, 'non_lesional': 2, 'new_keloid_formation': 1}",0.3333333333333333,0.4222222222222222,0.27777777777777773,0.26666666666666666,,"[[0, 0, 0, 0], [2, 1, 0, 0], [0, 1, 0, 0], [1, 0, 0, 1]]","['control', 'lesional', 'new_keloid_formation', 'non_lesional']",
lesional_status,grouped_seed0_fold2,shared_genes,hist_gradient_boosting,36,6,"{'lesional': 20, 'non_lesional': 10, 'control': 6}","{'lesional': 3, 'non_lesional': 2, 'new_keloid_formation': 1}",0.5,0.3333333333333333,0.3333333333333333,0.2222222222222222,,"[[0, 0, 0, 0], [0, 3, 0, 0], [0, 1, 0, 0], [0, 2, 0, 0]]","['control', 'lesional', 'new_keloid_formation', 'non_lesional']",
lesional_status,grouped_seed0_fold2,shared_genes,knn,36,6,"{'lesional': 20, 'non_lesional': 10, 'control': 6}","{'lesional': 3, 'non_lesional': 2, 'new_keloid_formation': 1}",0.5,0.3333333333333333,0.3333333333333333,0.2222222222222222,,"[[0, 0, 0, 0], [0, 3, 0, 0], [0, 1, 0, 0], [0, 2, 0, 0]]","['control', 'lesional', 'new_keloid_formation', 'non_lesional']",
lesional_status,grouped_seed0_fold2,modules_only,majority,36,6,"{'lesional': 20, 'non_lesional': 10, 'control': 6}","{'lesional': 3, 'non_lesional': 2, 'new_keloid_formation': 1}",0.5,0.3333333333333333,0.3333333333333333,0.2222222222222222,,"[[0, 0, 0, 0], [0, 3, 0, 0], [0, 1, 0, 0], [0, 2, 0, 0]]","['control', 'lesional', 'new_keloid_formation', 'non_lesional']",
lesional_status,grouped_seed0_fold2,modules_only,stratified_random,36,6,"{'lesional': 20, 'non_lesional': 10, 'control': 6}","{'lesional': 3, 'non_lesional': 2, 'new_keloid_formation': 1}",0.3333333333333333,0.2857142857142857,0.2222222222222222,0.14285714285714285,,"[[0, 0, 0, 0], [0, 2, 0, 1], [1, 0, 0, 0], [0, 2, 0, 0]]","['control', 'lesional', 'new_keloid_formation', 'non_lesional']",
lesional_status,grouped_seed0_fold2,modules_only,elastic_net_logreg,36,6,"{'lesional': 20, 'non_lesional': 10, 'control': 6}","{'lesional': 3, 'non_lesional': 2, 'new_keloid_formation': 1}",0.5,0.42857142857142855,0.3333333333333333,0.21428571428571427,,"[[0, 0, 0, 0], [0, 3, 0, 0], [0, 1, 0, 0], [2, 0, 0, 0]]","['control', 'lesional', 'new_keloid_formation', 'non_lesional']",
lesional_status,grouped_seed0_fold2,modules_only,linear_svm,36,6,"{'lesional': 20, 'non_lesional': 10, 'control': 6}","{'lesional': 3, 'non_lesional': 2, 'new_keloid_formation': 1}",0.3333333333333333,0.2857142857142857,0.2222222222222222,0.14285714285714285,,"[[0, 0, 0, 0], [0, 2, 0, 1], [0, 1, 0, 0], [1, 1, 0, 0]]","['control', 'lesional', 'new_keloid_formation', 'non_lesional']",
lesional_status,grouped_seed0_fold2,modules_only,random_forest,36,6,"{'lesional': 20, 'non_lesional': 10, 'control': 6}","{'lesional': 3, 'non_lesional': 2, 'new_keloid_formation': 1}",0.8333333333333334,0.7619047619047619,0.6666666666666666,0.6190476190476191,,"[[0, 0, 0, 0], [0, 3, 0, 0], [0, 1, 0, 0], [0, 0, 0, 2]]","['control', 'lesional', 'new_keloid_formation', 'non_lesional']",
lesional_status,grouped_seed0_fold2,modules_only,hist_gradient_boosting,36,6,"{'lesional': 20, 'non_lesional': 10, 'control': 6}","{'lesional': 3, 'non_lesional': 2, 'new_keloid_formation': 1}",0.5,0.3333333333333333,0.3333333333333333,0.2222222222222222,,"[[0, 0, 0, 0], [0, 3, 0, 0], [0, 1, 0, 0], [0, 2, 0, 0]]","['control', 'lesional', 'new_keloid_formation', 'non_lesional']",
lesional_status,grouped_seed0_fold2,modules_only,knn,36,6,"{'lesional': 20, 'non_lesional': 10, 'control': 6}","{'lesional': 3, 'non_lesional': 2, 'new_keloid_formation': 1}",0.5,0.3333333333333333,0.3333333333333333,0.2222222222222222,,"[[0, 0, 0, 0], [0, 3, 0, 0], [0, 1, 0, 0], [0, 2, 0, 0]]","['control', 'lesional', 'new_keloid_formation', 'non_lesional']",
lesional_status,grouped_seed0_fold2,modules_only,small_mlp,36,6,"{'lesional': 20, 'non_lesional': 10, 'control': 6}","{'lesional': 3, 'non_lesional': 2, 'new_keloid_formation': 1}",0.8333333333333334,0.7619047619047619,0.6666666666666666,0.6190476190476191,,"[[0, 0, 0, 0], [0, 3, 0, 0], [0, 1, 0, 0], [0, 0, 0, 2]]","['control', 'lesional', 'new_keloid_formation', 'non_lesional']",
lesional_status,grouped_seed0_fold3,shared_genes_plus_modules,majority,10,32,"{'lesional': 5, 'non_lesional': 4, 'new_keloid_formation': 1}","{'lesional': 18, 'non_lesional': 8, 'control': 6}",0.5625,0.40499999999999997,0.3333333333333333,0.24,,"[[0, 6, 0, 0], [0, 18, 0, 0], [0, 0, 0, 0], [0, 8, 0, 0]]","['control', 'lesional', 'new_keloid_formation', 'non_lesional']",
lesional_status,grouped_seed0_fold3,shared_genes_plus_modules,stratified_random,10,32,"{'lesional': 5, 'non_lesional': 4, 'new_keloid_formation': 1}","{'lesional': 18, 'non_lesional': 8, 'control': 6}",0.375,0.3692226890756303,0.2916666666666667,0.20378151260504201,,"[[0, 3, 0, 3], [0, 9, 2, 7], [0, 0, 0, 0], [0, 4, 1, 3]]","['control', 'lesional', 'new_keloid_formation', 'non_lesional']",
lesional_status,grouped_seed0_fold3,shared_genes_plus_modules,elastic_net_logreg,10,32,"{'lesional': 5, 'non_lesional': 4, 'new_keloid_formation': 1}","{'lesional': 18, 'non_lesional': 8, 'control': 6}",0.25,0.1,0.3333333333333333,0.13333333333333333,,"[[0, 0, 0, 6], [0, 0, 0, 18], [0, 0, 0, 0], [0, 0, 0, 8]]","['control', 'lesional', 'new_keloid_formation', 'non_lesional']",
lesional_status,grouped_seed0_fold3,shared_genes_plus_modules,linear_svm,10,32,"{'lesional': 5, 'non_lesional': 4, 'new_keloid_formation': 1}","{'lesional': 18, 'non_lesional': 8, 'control': 6}",0.25,0.1,0.3333333333333333,0.13333333333333333,,"[[0, 0, 0, 6], [0, 0, 0, 18], [0, 0, 0, 0], [0, 0, 0, 8]]","['control', 'lesional', 'new_keloid_formation', 'non_lesional']",
lesional_status,grouped_seed0_fold3,shared_genes_plus_modules,random_forest,10,32,"{'lesional': 5, 'non_lesional': 4, 'new_keloid_formation': 1}","{'lesional': 18, 'non_lesional': 8, 'control': 6}",0.5625,0.40499999999999997,0.3333333333333333,0.24,,"[[0, 6, 0, 0], [0, 18, 0, 0], [0, 0, 0, 0], [0, 8, 0, 0]]","['control', 'lesional', 'new_keloid_formation', 'non_lesional']",
lesional_status,grouped_seed0_fold3,shared_genes_plus_modules,hist_gradient_boosting,10,32,"{'lesional': 5, 'non_lesional': 4, 'new_keloid_formation': 1}","{'lesional': 18, 'non_lesional': 8, 'control': 6}",0.5625,0.40499999999999997,0.3333333333333333,0.24,,"[[0, 6, 0, 0], [0, 18, 0, 0], [0, 0, 0, 0], [0, 8, 0, 0]]","['control', 'lesional', 'new_keloid_formation', 'non_lesional']",
lesional_status,grouped_seed0_fold3,shared_genes_plus_modules,knn,10,32,"{'lesional': 5, 'non_lesional': 4, 'new_keloid_formation': 1}","{'lesional': 18, 'non_lesional': 8, 'control': 6}",0.5625,0.40499999999999997,0.3333333333333333,0.24,,"[[0, 6, 0, 0], [0, 18, 0, 0], [0, 0, 0, 0], [0, 8, 0, 0]]","['control', 'lesional', 'new_keloid_formation', 'non_lesional']",
lesional_status,grouped_seed0_fold3,shared_genes_plus_modules,small_mlp,10,32,,,,,,,,,,ValueError: The validation set is too small. Increase 'validation_fraction' or the size of your dataset.
lesional_status,grouped_seed0_fold3,shared_genes,majority,10,32,"{'lesional': 5, 'non_lesional': 4, 'new_keloid_formation': 1}","{'lesional': 18, 'non_lesional': 8, 'control': 6}",0.5625,0.40499999999999997,0.3333333333333333,0.24,,"[[0, 6, 0, 0], [0, 18, 0, 0], [0, 0, 0, 0], [0, 8, 0, 0]]","['control', 'lesional', 'new_keloid_formation', 'non_lesional']",
lesional_status,grouped_seed0_fold3,shared_genes,stratified_random,10,32,"{'lesional': 5, 'non_lesional': 4, 'new_keloid_formation': 1}","{'lesional': 18, 'non_lesional': 8, 'control': 6}",0.375,0.3692226890756303,0.2916666666666667,0.20378151260504201,,"[[0, 3, 0, 3], [0, 9, 2, 7], [0, 0, 0, 0], [0, 4, 1, 3]]","['control', 'lesional', 'new_keloid_formation', 'non_lesional']",
lesional_status,grouped_seed0_fold3,shared_genes,elastic_net_logreg,10,32,"{'lesional': 5, 'non_lesional': 4, 'new_keloid_formation': 1}","{'lesional': 18, 'non_lesional': 8, 'control': 6}",0.5625,0.40499999999999997,0.3333333333333333,0.24,,"[[0, 6, 0, 0], [0, 18, 0, 0], [0, 0, 0, 0], [0, 8, 0, 0]]","['control', 'lesional', 'new_keloid_formation', 'non_lesional']",
lesional_status,grouped_seed0_fold3,shared_genes,linear_svm,10,32,"{'lesional': 5, 'non_lesional': 4, 'new_keloid_formation': 1}","{'lesional': 18, 'non_lesional': 8, 'control': 6}",0.5625,0.40499999999999997,0.3333333333333333,0.24,,"[[0, 6, 0, 0], [0, 18, 0, 0], [0, 0, 0, 0], [0, 8, 0, 0]]","['control', 'lesional', 'new_keloid_formation', 'non_lesional']",
lesional_status,grouped_seed0_fold3,shared_genes,random_forest,10,32,"{'lesional': 5, 'non_lesional': 4, 'new_keloid_formation': 1}","{'lesional': 18, 'non_lesional': 8, 'control': 6}",0.5625,0.40499999999999997,0.3333333333333333,0.24,,"[[0, 6, 0, 0], [0, 18, 0, 0], [0, 0, 0, 0], [0, 8, 0, 0]]","['control', 'lesional', 'new_keloid_formation', 'non_lesional']",
lesional_status,grouped_seed0_fold3,shared_genes,hist_gradient_boosting,10,32,"{'lesional': 5, 'non_lesional': 4, 'new_keloid_formation': 1}","{'lesional': 18, 'non_lesional': 8, 'control': 6}",0.5625,0.40499999999999997,0.3333333333333333,0.24,,"[[0, 6, 0, 0], [0, 18, 0, 0], [0, 0, 0, 0], [0, 8, 0, 0]]","['control', 'lesional', 'new_keloid_formation', 'non_lesional']",
lesional_status,grouped_seed0_fold3,shared_genes,knn,10,32,"{'lesional': 5, 'non_lesional': 4, 'new_keloid_formation': 1}","{'lesional': 18, 'non_lesional': 8, 'control': 6}",0.5625,0.40499999999999997,0.3333333333333333,0.24,,"[[0, 6, 0, 0], [0, 18, 0, 0], [0, 0, 0, 0], [0, 8, 0, 0]]","['control', 'lesional', 'new_keloid_formation', 'non_lesional']",
lesional_status,grouped_seed0_fold3,modules_only,majority,10,32,"{'lesional': 5, 'non_lesional': 4, 'new_keloid_formation': 1}","{'lesional': 18, 'non_lesional': 8, 'control': 6}",0.5625,0.40499999999999997,0.3333333333333333,0.24,,"[[0, 6, 0, 0], [0, 18, 0, 0], [0, 0, 0, 0], [0, 8, 0, 0]]","['control', 'lesional', 'new_keloid_formation', 'non_lesional']",
lesional_status,grouped_seed0_fold3,modules_only,stratified_random,10,32,"{'lesional': 5, 'non_lesional': 4, 'new_keloid_formation': 1}","{'lesional': 18, 'non_lesional': 8, 'control': 6}",0.375,0.3692226890756303,0.2916666666666667,0.20378151260504201,,"[[0, 3, 0, 3], [0, 9, 2, 7], [0, 0, 0, 0], [0, 4, 1, 3]]","['control', 'lesional', 'new_keloid_formation', 'non_lesional']",
lesional_status,grouped_seed0_fold3,modules_only,elastic_net_logreg,10,32,"{'lesional': 5, 'non_lesional': 4, 'new_keloid_formation': 1}","{'lesional': 18, 'non_lesional': 8, 'control': 6}",0.25,0.1,0.3333333333333333,0.13333333333333333,,"[[0, 0, 0, 6], [0, 0, 0, 18], [0, 0, 0, 0], [0, 0, 0, 8]]","['control', 'lesional', 'new_keloid_formation', 'non_lesional']",
lesional_status,grouped_seed0_fold3,modules_only,linear_svm,10,32,"{'lesional': 5, 'non_lesional': 4, 'new_keloid_formation': 1}","{'lesional': 18, 'non_lesional': 8, 'control': 6}",0.25,0.1,0.3333333333333333,0.13333333333333333,,"[[0, 0, 0, 6], [0, 0, 0, 18], [0, 0, 0, 0], [0, 0, 0, 8]]","['control', 'lesional', 'new_keloid_formation', 'non_lesional']",
lesional_status,grouped_seed0_fold3,modules_only,random_forest,10,32,"{'lesional': 5, 'non_lesional': 4, 'new_keloid_formation': 1}","{'lesional': 18, 'non_lesional': 8, 'control': 6}",0.25,0.1,0.3333333333333333,0.13333333333333333,,"[[0, 0, 0, 6], [0, 0, 0, 18], [0, 0, 0, 0], [0, 0, 0, 8]]","['control', 'lesional', 'new_keloid_formation', 'non_lesional']",
lesional_status,grouped_seed0_fold3,modules_only,hist_gradient_boosting,10,32,"{'lesional': 5, 'non_lesional': 4, 'new_keloid_formation': 1}","{'lesional': 18, 'non_lesional': 8, 'control': 6}",0.5625,0.40499999999999997,0.3333333333333333,0.24,,"[[0, 6, 0, 0], [0, 18, 0, 0], [0, 0, 0, 0], [0, 8, 0, 0]]","['control', 'lesional', 'new_keloid_formation', 'non_lesional']",
lesional_status,grouped_seed0_fold3,modules_only,knn,10,32,"{'lesional': 5, 'non_lesional': 4, 'new_keloid_formation': 1}","{'lesional': 18, 'non_lesional': 8, 'control': 6}",0.5625,0.40499999999999997,0.3333333333333333,0.24,,"[[0, 6, 0, 0], [0, 18, 0, 0], [0, 0, 0, 0], [0, 8, 0, 0]]","['control', 'lesional', 'new_keloid_formation', 'non_lesional']",
lesional_status,grouped_seed0_fold3,modules_only,small_mlp,10,32,,,,,,,,,,ValueError: The validation set is too small. Increase 'validation_fraction' or the size of your dataset.
lesional_status,grouped_seed0_fold4,shared_genes_plus_modules,majority,12,2,"{'lesional': 6, 'non_lesional': 5, 'new_keloid_formation': 1}","{'non_lesional': 1, 'lesional': 1}",0.5,0.3333333333333333,0.5,0.3333333333333333,,"[[1, 0, 0], [0, 0, 0], [1, 0, 0]]","['lesional', 'new_keloid_formation', 'non_lesional']",
lesional_status,grouped_seed0_fold4,shared_genes_plus_modules,stratified_random,12,2,"{'lesional': 6, 'non_lesional': 5, 'new_keloid_formation': 1}","{'non_lesional': 1, 'lesional': 1}",0.0,0.0,0.0,0.0,,"[[0, 0, 1], [0, 0, 0], [1, 0, 0]]","['lesional', 'new_keloid_formation', 'non_lesional']",
lesional_status,grouped_seed0_fold4,shared_genes_plus_modules,elastic_net_logreg,12,2,"{'lesional': 6, 'non_lesional': 5, 'new_keloid_formation': 1}","{'non_lesional': 1, 'lesional': 1}",1.0,1.0,1.0,1.0,,"[[1, 0, 0], [0, 0, 0], [0, 0, 1]]","['lesional', 'new_keloid_formation', 'non_lesional']",
lesional_status,grouped_seed0_fold4,shared_genes_plus_modules,linear_svm,12,2,"{'lesional': 6, 'non_lesional': 5, 'new_keloid_formation': 1}","{'non_lesional': 1, 'lesional': 1}",1.0,1.0,1.0,1.0,,"[[1, 0, 0], [0, 0, 0], [0, 0, 1]]","['lesional', 'new_keloid_formation', 'non_lesional']",
lesional_status,grouped_seed0_fold4,shared_genes_plus_modules,random_forest,12,2,"{'lesional': 6, 'non_lesional': 5, 'new_keloid_formation': 1}","{'non_lesional': 1, 'lesional': 1}",1.0,1.0,1.0,1.0,,"[[1, 0, 0], [0, 0, 0], [0, 0, 1]]","['lesional', 'new_keloid_formation', 'non_lesional']",
lesional_status,grouped_seed0_fold4,shared_genes_plus_modules,hist_gradient_boosting,12,2,"{'lesional': 6, 'non_lesional': 5, 'new_keloid_formation': 1}","{'non_lesional': 1, 'lesional': 1}",0.5,0.3333333333333333,0.5,0.3333333333333333,,"[[1, 0, 0], [0, 0, 0], [1, 0, 0]]","['lesional', 'new_keloid_formation', 'non_lesional']",
lesional_status,grouped_seed0_fold4,shared_genes_plus_modules,knn,12,2,"{'lesional': 6, 'non_lesional': 5, 'new_keloid_formation': 1}","{'non_lesional': 1, 'lesional': 1}",1.0,1.0,1.0,1.0,,"[[1, 0, 0], [0, 0, 0], [0, 0, 1]]","['lesional', 'new_keloid_formation', 'non_lesional']",
lesional_status,grouped_seed0_fold4,shared_genes_plus_modules,small_mlp,12,2,"{'lesional': 6, 'non_lesional': 5, 'new_keloid_formation': 1}","{'non_lesional': 1, 'lesional': 1}",1.0,1.0,1.0,1.0,,"[[1, 0, 0], [0, 0, 0], [0, 0, 1]]","['lesional', 'new_keloid_formation', 'non_lesional']",
lesional_status,grouped_seed0_fold4,shared_genes,majority,12,2,"{'lesional': 6, 'non_lesional': 5, 'new_keloid_formation': 1}","{'non_lesional': 1, 'lesional': 1}",0.5,0.3333333333333333,0.5,0.3333333333333333,,"[[1, 0, 0], [0, 0, 0], [1, 0, 0]]","['lesional', 'new_keloid_formation', 'non_lesional']",
lesional_status,grouped_seed0_fold4,shared_genes,stratified_random,12,2,"{'lesional': 6, 'non_lesional': 5, 'new_keloid_formation': 1}","{'non_lesional': 1, 'lesional': 1}",0.0,0.0,0.0,0.0,,"[[0, 0, 1], [0, 0, 0], [1, 0, 0]]","['lesional', 'new_keloid_formation', 'non_lesional']",
lesional_status,grouped_seed0_fold4,shared_genes,elastic_net_logreg,12,2,"{'lesional': 6, 'non_lesional': 5, 'new_keloid_formation': 1}","{'non_lesional': 1, 'lesional': 1}",1.0,1.0,1.0,1.0,,"[[1, 0, 0], [0, 0, 0], [0, 0, 1]]","['lesional', 'new_keloid_formation', 'non_lesional']",
lesional_status,grouped_seed0_fold4,shared_genes,linear_svm,12,2,"{'lesional': 6, 'non_lesional': 5, 'new_keloid_formation': 1}","{'non_lesional': 1, 'lesional': 1}",1.0,1.0,1.0,1.0,,"[[1, 0, 0], [0, 0, 0], [0, 0, 1]]","['lesional', 'new_keloid_formation', 'non_lesional']",
lesional_status,grouped_seed0_fold4,shared_genes,random_forest,12,2,"{'lesional': 6, 'non_lesional': 5, 'new_keloid_formation': 1}","{'non_lesional': 1, 'lesional': 1}",1.0,1.0,1.0,1.0,,"[[1, 0, 0], [0, 0, 0], [0, 0, 1]]","['lesional', 'new_keloid_formation', 'non_lesional']",
lesional_status,grouped_seed0_fold4,shared_genes,hist_gradient_boosting,12,2,"{'lesional': 6, 'non_lesional': 5, 'new_keloid_formation': 1}","{'non_lesional': 1, 'lesional': 1}",0.5,0.3333333333333333,0.5,0.3333333333333333,,"[[1, 0, 0], [0, 0, 0], [1, 0, 0]]","['lesional', 'new_keloid_formation', 'non_lesional']",
lesional_status,grouped_seed0_fold4,shared_genes,knn,12,2,"{'lesional': 6, 'non_lesional': 5, 'new_keloid_formation': 1}","{'non_lesional': 1, 'lesional': 1}",0.5,0.3333333333333333,0.5,0.3333333333333333,,"[[1, 0, 0], [0, 0, 0], [1, 0, 0]]","['lesional', 'new_keloid_formation', 'non_lesional']",
lesional_status,grouped_seed0_fold4,modules_only,majority,12,2,"{'lesional': 6, 'non_lesional': 5, 'new_keloid_formation': 1}","{'non_lesional': 1, 'lesional': 1}",0.5,0.3333333333333333,0.5,0.3333333333333333,,"[[1, 0, 0], [0, 0, 0], [1, 0, 0]]","['lesional', 'new_keloid_formation', 'non_lesional']",
lesional_status,grouped_seed0_fold4,modules_only,stratified_random,12,2,"{'lesional': 6, 'non_lesional': 5, 'new_keloid_formation': 1}","{'non_lesional': 1, 'lesional': 1}",0.0,0.0,0.0,0.0,,"[[0, 0, 1], [0, 0, 0], [1, 0, 0]]","['lesional', 'new_keloid_formation', 'non_lesional']",
lesional_status,grouped_seed0_fold4,modules_only,elastic_net_logreg,12,2,"{'lesional': 6, 'non_lesional': 5, 'new_keloid_formation': 1}","{'non_lesional': 1, 'lesional': 1}",1.0,1.0,1.0,1.0,,"[[1, 0, 0], [0, 0, 0], [0, 0, 1]]","['lesional', 'new_keloid_formation', 'non_lesional']",
lesional_status,grouped_seed0_fold4,modules_only,linear_svm,12,2,"{'lesional': 6, 'non_lesional': 5, 'new_keloid_formation': 1}","{'non_lesional': 1, 'lesional': 1}",1.0,1.0,1.0,1.0,,"[[1, 0, 0], [0, 0, 0], [0, 0, 1]]","['lesional', 'new_keloid_formation', 'non_lesional']",
lesional_status,grouped_seed0_fold4,modules_only,random_forest,12,2,"{'lesional': 6, 'non_lesional': 5, 'new_keloid_formation': 1}","{'non_lesional': 1, 'lesional': 1}",1.0,1.0,1.0,1.0,,"[[1, 0, 0], [0, 0, 0], [0, 0, 1]]","['lesional', 'new_keloid_formation', 'non_lesional']",
lesional_status,grouped_seed0_fold4,modules_only,hist_gradient_boosting,12,2,"{'lesional': 6, 'non_lesional': 5, 'new_keloid_formation': 1}","{'non_lesional': 1, 'lesional': 1}",0.5,0.3333333333333333,0.5,0.3333333333333333,,"[[1, 0, 0], [0, 0, 0], [1, 0, 0]]","['lesional', 'new_keloid_formation', 'non_lesional']",
lesional_status,grouped_seed0_fold4,modules_only,knn,12,2,"{'lesional': 6, 'non_lesional': 5, 'new_keloid_formation': 1}","{'non_lesional': 1, 'lesional': 1}",1.0,1.0,1.0,1.0,,"[[1, 0, 0], [0, 0, 0], [0, 0, 1]]","['lesional', 'new_keloid_formation', 'non_lesional']",
lesional_status,grouped_seed0_fold4,modules_only,small_mlp,12,2,"{'lesional': 6, 'non_lesional': 5, 'new_keloid_formation': 1}","{'non_lesional': 1, 'lesional': 1}",1.0,1.0,1.0,1.0,,"[[1, 0, 0], [0, 0, 0], [0, 0, 1]]","['lesional', 'new_keloid_formation', 'non_lesional']",
lesional_status,grouped_seed1_fold0,shared_genes_plus_modules,majority,42,2,"{'lesional': 23, 'non_lesional': 12, 'control': 6, 'new_keloid_formation': 1}","{'non_lesional': 1, 'lesional': 1}",0.5,0.3333333333333333,0.5,0.3333333333333333,,"[[0, 0, 0, 0], [0, 1, 0, 0], [0, 0, 0, 0], [0, 1, 0, 0]]","['control', 'lesional', 'new_keloid_formation', 'non_lesional']",
lesional_status,grouped_seed1_fold0,shared_genes_plus_modules,stratified_random,42,2,"{'lesional': 23, 'non_lesional': 12, 'control': 6, 'new_keloid_formation': 1}","{'non_lesional': 1, 'lesional': 1}",0.0,0.0,0.0,0.0,,"[[0, 0, 0, 0], [0, 0, 1, 0], [0, 0, 0, 0], [0, 1, 0, 0]]","['control', 'lesional', 'new_keloid_formation', 'non_lesional']",
lesional_status,grouped_seed1_fold0,shared_genes_plus_modules,elastic_net_logreg,42,2,"{'lesional': 23, 'non_lesional': 12, 'control': 6, 'new_keloid_formation': 1}","{'non_lesional': 1, 'lesional': 1}",0.5,0.5,0.5,0.3333333333333333,,"[[0, 0, 0, 0], [0, 1, 0, 0], [0, 0, 0, 0], [1, 0, 0, 0]]","['control', 'lesional', 'new_keloid_formation', 'non_lesional']",
lesional_status,grouped_seed1_fold0,shared_genes_plus_modules,linear_svm,42,2,"{'lesional': 23, 'non_lesional': 12, 'control': 6, 'new_keloid_formation': 1}","{'non_lesional': 1, 'lesional': 1}",0.5,0.5,0.5,0.3333333333333333,,"[[0, 0, 0, 0], [0, 1, 0, 0], [0, 0, 0, 0], [1, 0, 0, 0]]","['control', 'lesional', 'new_keloid_formation', 'non_lesional']",
lesional_status,grouped_seed1_fold0,shared_genes_plus_modules,random_forest,42,2,"{'lesional': 23, 'non_lesional': 12, 'control': 6, 'new_keloid_formation': 1}","{'non_lesional': 1, 'lesional': 1}",1.0,1.0,1.0,1.0,,"[[0, 0, 0, 0], [0, 1, 0, 0], [0, 0, 0, 0], [0, 0, 0, 1]]","['control', 'lesional', 'new_keloid_formation', 'non_lesional']",
lesional_status,grouped_seed1_fold0,shared_genes_plus_modules,hist_gradient_boosting,42,2,"{'lesional': 23, 'non_lesional': 12, 'control': 6, 'new_keloid_formation': 1}","{'non_lesional': 1, 'lesional': 1}",0.5,0.3333333333333333,0.5,0.3333333333333333,,"[[0, 0, 0, 0], [0, 1, 0, 0], [0, 0, 0, 0], [0, 1, 0, 0]]","['control', 'lesional', 'new_keloid_formation', 'non_lesional']",
lesional_status,grouped_seed1_fold0,shared_genes_plus_modules,knn,42,2,"{'lesional': 23, 'non_lesional': 12, 'control': 6, 'new_keloid_formation': 1}","{'non_lesional': 1, 'lesional': 1}",0.5,0.3333333333333333,0.5,0.3333333333333333,,"[[0, 0, 0, 0], [0, 1, 0, 0], [0, 0, 0, 0], [0, 1, 0, 0]]","['control', 'lesional', 'new_keloid_formation', 'non_lesional']",
lesional_status,grouped_seed1_fold0,shared_genes_plus_modules,small_mlp,42,2,"{'lesional': 23, 'non_lesional': 12, 'control': 6, 'new_keloid_formation': 1}","{'non_lesional': 1, 'lesional': 1}",0.5,0.3333333333333333,0.5,0.3333333333333333,,"[[0, 0, 0, 0], [0, 1, 0, 0], [0, 0, 0, 0], [0, 1, 0, 0]]","['control', 'lesional', 'new_keloid_formation', 'non_lesional']",
lesional_status,grouped_seed1_fold0,shared_genes,majority,42,2,"{'lesional': 23, 'non_lesional': 12, 'control': 6, 'new_keloid_formation': 1}","{'non_lesional': 1, 'lesional': 1}",0.5,0.3333333333333333,0.5,0.3333333333333333,,"[[0, 0, 0, 0], [0, 1, 0, 0], [0, 0, 0, 0], [0, 1, 0, 0]]","['control', 'lesional', 'new_keloid_formation', 'non_lesional']",
lesional_status,grouped_seed1_fold0,shared_genes,stratified_random,42,2,"{'lesional': 23, 'non_lesional': 12, 'control': 6, 'new_keloid_formation': 1}","{'non_lesional': 1, 'lesional': 1}",0.0,0.0,0.0,0.0,,"[[0, 0, 0, 0], [0, 0, 1, 0], [0, 0, 0, 0], [0, 1, 0, 0]]","['control', 'lesional', 'new_keloid_formation', 'non_lesional']",
lesional_status,grouped_seed1_fold0,shared_genes,elastic_net_logreg,42,2,"{'lesional': 23, 'non_lesional': 12, 'control': 6, 'new_keloid_formation': 1}","{'non_lesional': 1, 'lesional': 1}",0.0,0.0,0.0,0.0,,"[[0, 0, 0, 0], [1, 0, 0, 0], [0, 0, 0, 0], [1, 0, 0, 0]]","['control', 'lesional', 'new_keloid_formation', 'non_lesional']",
lesional_status,grouped_seed1_fold0,shared_genes,linear_svm,42,2,"{'lesional': 23, 'non_lesional': 12, 'control': 6, 'new_keloid_formation': 1}","{'non_lesional': 1, 'lesional': 1}",0.5,0.3333333333333333,0.5,0.3333333333333333,,"[[0, 0, 0, 0], [0, 1, 0, 0], [0, 0, 0, 0], [0, 1, 0, 0]]","['control', 'lesional', 'new_keloid_formation', 'non_lesional']",
lesional_status,grouped_seed1_fold0,shared_genes,random_forest,42,2,"{'lesional': 23, 'non_lesional': 12, 'control': 6, 'new_keloid_formation': 1}","{'non_lesional': 1, 'lesional': 1}",0.0,0.0,0.0,0.0,,"[[0, 0, 0, 0], [1, 0, 0, 0], [0, 0, 0, 0], [1, 0, 0, 0]]","['control', 'lesional', 'new_keloid_formation', 'non_lesional']",
lesional_status,grouped_seed1_fold0,shared_genes,hist_gradient_boosting,42,2,"{'lesional': 23, 'non_lesional': 12, 'control': 6, 'new_keloid_formation': 1}","{'non_lesional': 1, 'lesional': 1}",0.5,0.3333333333333333,0.5,0.3333333333333333,,"[[0, 0, 0, 0], [0, 1, 0, 0], [0, 0, 0, 0], [0, 1, 0, 0]]","['control', 'lesional', 'new_keloid_formation', 'non_lesional']",
lesional_status,grouped_seed1_fold0,shared_genes,knn,42,2,"{'lesional': 23, 'non_lesional': 12, 'control': 6, 'new_keloid_formation': 1}","{'non_lesional': 1, 'lesional': 1}",0.5,0.3333333333333333,0.5,0.3333333333333333,,"[[0, 0, 0, 0], [0, 1, 0, 0], [0, 0, 0, 0], [0, 1, 0, 0]]","['control', 'lesional', 'new_keloid_formation', 'non_lesional']",
lesional_status,grouped_seed1_fold0,modules_only,majority,42,2,"{'lesional': 23, 'non_lesional': 12, 'control': 6, 'new_keloid_formation': 1}","{'non_lesional': 1, 'lesional': 1}",0.5,0.3333333333333333,0.5,0.3333333333333333,,"[[0, 0, 0, 0], [0, 1, 0, 0], [0, 0, 0, 0], [0, 1, 0, 0]]","['control', 'lesional', 'new_keloid_formation', 'non_lesional']",
lesional_status,grouped_seed1_fold0,modules_only,stratified_random,42,2,"{'lesional': 23, 'non_lesional': 12, 'control': 6, 'new_keloid_formation': 1}","{'non_lesional': 1, 'lesional': 1}",0.0,0.0,0.0,0.0,,"[[0, 0, 0, 0], [0, 0, 1, 0], [0, 0, 0, 0], [0, 1, 0, 0]]","['control', 'lesional', 'new_keloid_formation', 'non_lesional']",
lesional_status,grouped_seed1_fold0,modules_only,elastic_net_logreg,42,2,"{'lesional': 23, 'non_lesional': 12, 'control': 6, 'new_keloid_formation': 1}","{'non_lesional': 1, 'lesional': 1}",0.0,0.0,0.0,0.0,,"[[0, 0, 0, 0], [0, 0, 1, 0], [0, 0, 0, 0], [0, 1, 0, 0]]","['control', 'lesional', 'new_keloid_formation', 'non_lesional']",
lesional_status,grouped_seed1_fold0,modules_only,linear_svm,42,2,"{'lesional': 23, 'non_lesional': 12, 'control': 6, 'new_keloid_formation': 1}","{'non_lesional': 1, 'lesional': 1}",0.5,0.3333333333333333,0.5,0.3333333333333333,,"[[0, 0, 0, 0], [0, 1, 0, 0], [0, 0, 0, 0], [0, 1, 0, 0]]","['control', 'lesional', 'new_keloid_formation', 'non_lesional']",
lesional_status,grouped_seed1_fold0,modules_only,random_forest,42,2,"{'lesional': 23, 'non_lesional': 12, 'control': 6, 'new_keloid_formation': 1}","{'non_lesional': 1, 'lesional': 1}",1.0,1.0,1.0,1.0,,"[[0, 0, 0, 0], [0, 1, 0, 0], [0, 0, 0, 0], [0, 0, 0, 1]]","['control', 'lesional', 'new_keloid_formation', 'non_lesional']",
lesional_status,grouped_seed1_fold0,modules_only,hist_gradient_boosting,42,2,"{'lesional': 23, 'non_lesional': 12, 'control': 6, 'new_keloid_formation': 1}","{'non_lesional': 1, 'lesional': 1}",0.5,0.3333333333333333,0.5,0.3333333333333333,,"[[0, 0, 0, 0], [0, 1, 0, 0], [0, 0, 0, 0], [0, 1, 0, 0]]","['control', 'lesional', 'new_keloid_formation', 'non_lesional']",
lesional_status,grouped_seed1_fold0,modules_only,knn,42,2,"{'lesional': 23, 'non_lesional': 12, 'control': 6, 'new_keloid_formation': 1}","{'non_lesional': 1, 'lesional': 1}",0.5,0.3333333333333333,0.5,0.3333333333333333,,"[[0, 0, 0, 0], [0, 1, 0, 0], [0, 0, 0, 0], [0, 1, 0, 0]]","['control', 'lesional', 'new_keloid_formation', 'non_lesional']",
lesional_status,grouped_seed1_fold0,modules_only,small_mlp,42,2,"{'lesional': 23, 'non_lesional': 12, 'control': 6, 'new_keloid_formation': 1}","{'non_lesional': 1, 'lesional': 1}",0.5,0.5,0.5,0.3333333333333333,,"[[0, 0, 0, 0], [0, 1, 0, 0], [0, 0, 0, 0], [0, 0, 1, 0]]","['control', 'lesional', 'new_keloid_formation', 'non_lesional']",
lesional_status,grouped_seed1_fold1,shared_genes_plus_modules,majority,10,4,"{'lesional': 5, 'non_lesional': 4, 'new_keloid_formation': 1}","{'non_lesional': 2, 'lesional': 2}",0.5,0.3333333333333333,0.5,0.3333333333333333,,"[[2, 0, 0], [0, 0, 0], [2, 0, 0]]","['lesional', 'new_keloid_formation', 'non_lesional']",
lesional_status,grouped_seed1_fold1,shared_genes_plus_modules,stratified_random,10,4,"{'lesional': 5, 'non_lesional': 4, 'new_keloid_formation': 1}","{'non_lesional': 2, 'lesional': 2}",0.25,0.2,0.25,0.13333333333333333,,"[[1, 1, 0], [0, 0, 0], [2, 0, 0]]","['lesional', 'new_keloid_formation', 'non_lesional']",
lesional_status,grouped_seed1_fold1,shared_genes_plus_modules,elastic_net_logreg,10,4,"{'lesional': 5, 'non_lesional': 4, 'new_keloid_formation': 1}","{'non_lesional': 2, 'lesional': 2}",1.0,1.0,1.0,1.0,,"[[2, 0, 0], [0, 0, 0], [0, 0, 2]]","['lesional', 'new_keloid_formation', 'non_lesional']",
lesional_status,grouped_seed1_fold1,shared_genes_plus_modules,linear_svm,10,4,"{'lesional': 5, 'non_lesional': 4, 'new_keloid_formation': 1}","{'non_lesional': 2, 'lesional': 2}",1.0,1.0,1.0,1.0,,"[[2, 0, 0], [0, 0, 0], [0, 0, 2]]","['lesional', 'new_keloid_formation', 'non_lesional']",
lesional_status,grouped_seed1_fold1,shared_genes_plus_modules,random_forest,10,4,"{'lesional': 5, 'non_lesional': 4, 'new_keloid_formation': 1}","{'non_lesional': 2, 'lesional': 2}",1.0,1.0,1.0,1.0,,"[[2, 0, 0], [0, 0, 0], [0, 0, 2]]","['lesional', 'new_keloid_formation', 'non_lesional']",
lesional_status,grouped_seed1_fold1,shared_genes_plus_modules,hist_gradient_boosting,10,4,"{'lesional': 5, 'non_lesional': 4, 'new_keloid_formation': 1}","{'non_lesional': 2, 'lesional': 2}",0.5,0.3333333333333333,0.5,0.3333333333333333,,"[[2, 0, 0], [0, 0, 0], [2, 0, 0]]","['lesional', 'new_keloid_formation', 'non_lesional']",
lesional_status,grouped_seed1_fold1,shared_genes_plus_modules,knn,10,4,"{'lesional': 5, 'non_lesional': 4, 'new_keloid_formation': 1}","{'non_lesional': 2, 'lesional': 2}",1.0,1.0,1.0,1.0,,"[[2, 0, 0], [0, 0, 0], [0, 0, 2]]","['lesional', 'new_keloid_formation', 'non_lesional']",
lesional_status,grouped_seed1_fold1,shared_genes_plus_modules,small_mlp,10,4,,,,,,,,,,ValueError: The validation set is too small. Increase 'validation_fraction' or the size of your dataset.
lesional_status,grouped_seed1_fold1,shared_genes,majority,10,4,"{'lesional': 5, 'non_lesional': 4, 'new_keloid_formation': 1}","{'non_lesional': 2, 'lesional': 2}",0.5,0.3333333333333333,0.5,0.3333333333333333,,"[[2, 0, 0], [0, 0, 0], [2, 0, 0]]","['lesional', 'new_keloid_formation', 'non_lesional']",
lesional_status,grouped_seed1_fold1,shared_genes,stratified_random,10,4,"{'lesional': 5, 'non_lesional': 4, 'new_keloid_formation': 1}","{'non_lesional': 2, 'lesional': 2}",0.25,0.2,0.25,0.13333333333333333,,"[[1, 1, 0], [0, 0, 0], [2, 0, 0]]","['lesional', 'new_keloid_formation', 'non_lesional']",
lesional_status,grouped_seed1_fold1,shared_genes,elastic_net_logreg,10,4,"{'lesional': 5, 'non_lesional': 4, 'new_keloid_formation': 1}","{'non_lesional': 2, 'lesional': 2}",0.75,0.7333333333333334,0.75,0.7333333333333334,,"[[2, 0, 0], [0, 0, 0], [1, 0, 1]]","['lesional', 'new_keloid_formation', 'non_lesional']",
lesional_status,grouped_seed1_fold1,shared_genes,linear_svm,10,4,"{'lesional': 5, 'non_lesional': 4, 'new_keloid_formation': 1}","{'non_lesional': 2, 'lesional': 2}",0.5,0.3333333333333333,0.5,0.3333333333333333,,"[[2, 0, 0], [0, 0, 0], [2, 0, 0]]","['lesional', 'new_keloid_formation', 'non_lesional']",
lesional_status,grouped_seed1_fold1,shared_genes,random_forest,10,4,"{'lesional': 5, 'non_lesional': 4, 'new_keloid_formation': 1}","{'non_lesional': 2, 'lesional': 2}",0.75,0.7333333333333334,0.75,0.7333333333333334,,"[[2, 0, 0], [0, 0, 0], [1, 0, 1]]","['lesional', 'new_keloid_formation', 'non_lesional']",
lesional_status,grouped_seed1_fold1,shared_genes,hist_gradient_boosting,10,4,"{'lesional': 5, 'non_lesional': 4, 'new_keloid_formation': 1}","{'non_lesional': 2, 'lesional': 2}",0.5,0.3333333333333333,0.5,0.3333333333333333,,"[[2, 0, 0], [0, 0, 0], [2, 0, 0]]","['lesional', 'new_keloid_formation', 'non_lesional']",
lesional_status,grouped_seed1_fold1,shared_genes,knn,10,4,"{'lesional': 5, 'non_lesional': 4, 'new_keloid_formation': 1}","{'non_lesional': 2, 'lesional': 2}",0.5,0.3333333333333333,0.5,0.3333333333333333,,"[[2, 0, 0], [0, 0, 0], [2, 0, 0]]","['lesional', 'new_keloid_formation', 'non_lesional']",
lesional_status,grouped_seed1_fold1,modules_only,majority,10,4,"{'lesional': 5, 'non_lesional': 4, 'new_keloid_formation': 1}","{'non_lesional': 2, 'lesional': 2}",0.5,0.3333333333333333,0.5,0.3333333333333333,,"[[2, 0, 0], [0, 0, 0], [2, 0, 0]]","['lesional', 'new_keloid_formation', 'non_lesional']",
lesional_status,grouped_seed1_fold1,modules_only,stratified_random,10,4,"{'lesional': 5, 'non_lesional': 4, 'new_keloid_formation': 1}","{'non_lesional': 2, 'lesional': 2}",0.25,0.2,0.25,0.13333333333333333,,"[[1, 1, 0], [0, 0, 0], [2, 0, 0]]","['lesional', 'new_keloid_formation', 'non_lesional']",
lesional_status,grouped_seed1_fold1,modules_only,elastic_net_logreg,10,4,"{'lesional': 5, 'non_lesional': 4, 'new_keloid_formation': 1}","{'non_lesional': 2, 'lesional': 2}",1.0,1.0,1.0,1.0,,"[[2, 0, 0], [0, 0, 0], [0, 0, 2]]","['lesional', 'new_keloid_formation', 'non_lesional']",
lesional_status,grouped_seed1_fold1,modules_only,linear_svm,10,4,"{'lesional': 5, 'non_lesional': 4, 'new_keloid_formation': 1}","{'non_lesional': 2, 'lesional': 2}",1.0,1.0,1.0,1.0,,"[[2, 0, 0], [0, 0, 0], [0, 0, 2]]","['lesional', 'new_keloid_formation', 'non_lesional']",
lesional_status,grouped_seed1_fold1,modules_only,random_forest,10,4,"{'lesional': 5, 'non_lesional': 4, 'new_keloid_formation': 1}","{'non_lesional': 2, 'lesional': 2}",1.0,1.0,1.0,1.0,,"[[2, 0, 0], [0, 0, 0], [0, 0, 2]]","['lesional', 'new_keloid_formation', 'non_lesional']",
lesional_status,grouped_seed1_fold1,modules_only,hist_gradient_boosting,10,4,"{'lesional': 5, 'non_lesional': 4, 'new_keloid_formation': 1}","{'non_lesional': 2, 'lesional': 2}",0.5,0.3333333333333333,0.5,0.3333333333333333,,"[[2, 0, 0], [0, 0, 0], [2, 0, 0]]","['lesional', 'new_keloid_formation', 'non_lesional']",
lesional_status,grouped_seed1_fold1,modules_only,knn,10,4,"{'lesional': 5, 'non_lesional': 4, 'new_keloid_formation': 1}","{'non_lesional': 2, 'lesional': 2}",1.0,1.0,1.0,1.0,,"[[2, 0, 0], [0, 0, 0], [0, 0, 2]]","['lesional', 'new_keloid_formation', 'non_lesional']",
lesional_status,grouped_seed1_fold1,modules_only,small_mlp,10,4,,,,,,,,,,ValueError: The validation set is too small. Increase 'validation_fraction' or the size of your dataset.
lesional_status,grouped_seed1_fold2,shared_genes_plus_modules,majority,36,5,"{'lesional': 20, 'non_lesional': 10, 'control': 6}","{'lesional': 3, 'non_lesional': 2}",0.6,0.45,0.5,0.375,,"[[0, 0, 0], [0, 3, 0], [0, 2, 0]]","['control', 'lesional', 'non_lesional']",
lesional_status,grouped_seed1_fold2,shared_genes_plus_modules,stratified_random,36,5,"{'lesional': 20, 'non_lesional': 10, 'control': 6}","{'lesional': 3, 'non_lesional': 2}",0.2,0.2,0.16666666666666666,0.1111111111111111,,"[[0, 0, 0], [1, 1, 1], [0, 2, 0]]","['control', 'lesional', 'non_lesional']",
lesional_status,grouped_seed1_fold2,shared_genes_plus_modules,elastic_net_logreg,36,5,"{'lesional': 20, 'non_lesional': 10, 'control': 6}","{'lesional': 3, 'non_lesional': 2}",0.8,0.8666666666666666,0.75,0.5555555555555555,,"[[0, 0, 0], [0, 3, 0], [1, 0, 1]]","['control', 'lesional', 'non_lesional']",
lesional_status,grouped_seed1_fold2,shared_genes_plus_modules,linear_svm,36,5,"{'lesional': 20, 'non_lesional': 10, 'control': 6}","{'lesional': 3, 'non_lesional': 2}",0.6,0.6666666666666666,0.5833333333333333,0.4444444444444444,,"[[0, 0, 0], [1, 2, 0], [0, 1, 1]]","['control', 'lesional', 'non_lesional']",
lesional_status,grouped_seed1_fold2,shared_genes_plus_modules,random_forest,36,5,"{'lesional': 20, 'non_lesional': 10, 'control': 6}","{'lesional': 3, 'non_lesional': 2}",1.0,1.0,1.0,1.0,,"[[0, 0, 0], [0, 3, 0], [0, 0, 2]]","['control', 'lesional', 'non_lesional']",
lesional_status,grouped_seed1_fold2,shared_genes_plus_modules,hist_gradient_boosting,36,5,"{'lesional': 20, 'non_lesional': 10, 'control': 6}","{'lesional': 3, 'non_lesional': 2}",0.6,0.45,0.5,0.375,,"[[0, 0, 0], [0, 3, 0], [0, 2, 0]]","['control', 'lesional', 'non_lesional']",
lesional_status,grouped_seed1_fold2,shared_genes_plus_modules,knn,36,5,"{'lesional': 20, 'non_lesional': 10, 'control': 6}","{'lesional': 3, 'non_lesional': 2}",0.8,0.7809523809523808,0.75,0.7619047619047619,,"[[0, 0, 0], [0, 3, 0], [0, 1, 1]]","['control', 'lesional', 'non_lesional']",
lesional_status,grouped_seed1_fold2,shared_genes_plus_modules,small_mlp,36,5,"{'lesional': 20, 'non_lesional': 10, 'control': 6}","{'lesional': 3, 'non_lesional': 2}",0.8,0.7809523809523808,0.75,0.7619047619047619,,"[[0, 0, 0], [0, 3, 0], [0, 1, 1]]","['control', 'lesional', 'non_lesional']",
lesional_status,grouped_seed1_fold2,shared_genes,majority,36,5,"{'lesional': 20, 'non_lesional': 10, 'control': 6}","{'lesional': 3, 'non_lesional': 2}",0.6,0.45,0.5,0.375,,"[[0, 0, 0], [0, 3, 0], [0, 2, 0]]","['control', 'lesional', 'non_lesional']",
lesional_status,grouped_seed1_fold2,shared_genes,stratified_random,36,5,"{'lesional': 20, 'non_lesional': 10, 'control': 6}","{'lesional': 3, 'non_lesional': 2}",0.2,0.2,0.16666666666666666,0.1111111111111111,,"[[0, 0, 0], [1, 1, 1], [0, 2, 0]]","['control', 'lesional', 'non_lesional']",
lesional_status,grouped_seed1_fold2,shared_genes,elastic_net_logreg,36,5,"{'lesional': 20, 'non_lesional': 10, 'control': 6}","{'lesional': 3, 'non_lesional': 2}",0.4,0.5666666666666667,0.41666666666666663,0.38888888888888884,,"[[0, 0, 0], [2, 1, 0], [1, 0, 1]]","['control', 'lesional', 'non_lesional']",
lesional_status,grouped_seed1_fold2,shared_genes,linear_svm,36,5,"{'lesional': 20, 'non_lesional': 10, 'control': 6}","{'lesional': 3, 'non_lesional': 2}",0.6,0.6666666666666666,0.5833333333333333,0.4444444444444444,,"[[0, 0, 0], [1, 2, 0], [0, 1, 1]]","['control', 'lesional', 'non_lesional']",
lesional_status,grouped_seed1_fold2,shared_genes,random_forest,36,5,"{'lesional': 20, 'non_lesional': 10, 'control': 6}","{'lesional': 3, 'non_lesional': 2}",0.4,0.5666666666666667,0.41666666666666663,0.38888888888888884,,"[[0, 0, 0], [2, 1, 0], [1, 0, 1]]","['control', 'lesional', 'non_lesional']",
lesional_status,grouped_seed1_fold2,shared_genes,hist_gradient_boosting,36,5,"{'lesional': 20, 'non_lesional': 10, 'control': 6}","{'lesional': 3, 'non_lesional': 2}",0.6,0.45,0.5,0.375,,"[[0, 0, 0], [0, 3, 0], [0, 2, 0]]","['control', 'lesional', 'non_lesional']",
lesional_status,grouped_seed1_fold2,shared_genes,knn,36,5,"{'lesional': 20, 'non_lesional': 10, 'control': 6}","{'lesional': 3, 'non_lesional': 2}",0.6,0.45,0.5,0.375,,"[[0, 0, 0], [0, 3, 0], [0, 2, 0]]","['control', 'lesional', 'non_lesional']",
lesional_status,grouped_seed1_fold2,modules_only,majority,36,5,"{'lesional': 20, 'non_lesional': 10, 'control': 6}","{'lesional': 3, 'non_lesional': 2}",0.6,0.45,0.5,0.375,,"[[0, 0, 0], [0, 3, 0], [0, 2, 0]]","['control', 'lesional', 'non_lesional']",
lesional_status,grouped_seed1_fold2,modules_only,stratified_random,36,5,"{'lesional': 20, 'non_lesional': 10, 'control': 6}","{'lesional': 3, 'non_lesional': 2}",0.2,0.2,0.16666666666666666,0.1111111111111111,,"[[0, 0, 0], [1, 1, 1], [0, 2, 0]]","['control', 'lesional', 'non_lesional']",
lesional_status,grouped_seed1_fold2,modules_only,elastic_net_logreg,36,5,"{'lesional': 20, 'non_lesional': 10, 'control': 6}","{'lesional': 3, 'non_lesional': 2}",1.0,1.0,1.0,1.0,,"[[0, 0, 0], [0, 3, 0], [0, 0, 2]]","['control', 'lesional', 'non_lesional']",
lesional_status,grouped_seed1_fold2,modules_only,linear_svm,36,5,"{'lesional': 20, 'non_lesional': 10, 'control': 6}","{'lesional': 3, 'non_lesional': 2}",0.4,0.4,0.3333333333333333,0.2222222222222222,,"[[0, 0, 0], [1, 2, 0], [1, 1, 0]]","['control', 'lesional', 'non_lesional']",
lesional_status,grouped_seed1_fold2,modules_only,random_forest,36,5,"{'lesional': 20, 'non_lesional': 10, 'control': 6}","{'lesional': 3, 'non_lesional': 2}",1.0,1.0,1.0,1.0,,"[[0, 0, 0], [0, 3, 0], [0, 0, 2]]","['control', 'lesional', 'non_lesional']",
lesional_status,grouped_seed1_fold2,modules_only,hist_gradient_boosting,36,5,"{'lesional': 20, 'non_lesional': 10, 'control': 6}","{'lesional': 3, 'non_lesional': 2}",0.6,0.45,0.5,0.375,,"[[0, 0, 0], [0, 3, 0], [0, 2, 0]]","['control', 'lesional', 'non_lesional']",
lesional_status,grouped_seed1_fold2,modules_only,knn,36,5,"{'lesional': 20, 'non_lesional': 10, 'control': 6}","{'lesional': 3, 'non_lesional': 2}",0.6,0.45,0.5,0.375,,"[[0, 0, 0], [0, 3, 0], [0, 2, 0]]","['control', 'lesional', 'non_lesional']",
lesional_status,grouped_seed1_fold2,modules_only,small_mlp,36,5,"{'lesional': 20, 'non_lesional': 10, 'control': 6}","{'lesional': 3, 'non_lesional': 2}",0.8,0.8,0.8333333333333333,0.8,,"[[0, 0, 0], [0, 2, 1], [0, 0, 2]]","['control', 'lesional', 'non_lesional']",
lesional_status,grouped_seed1_fold3,shared_genes_plus_modules,majority,41,3,"{'lesional': 23, 'non_lesional': 12, 'control': 6}","{'non_lesional': 1, 'lesional': 1, 'new_keloid_formation': 1}",0.3333333333333333,0.16666666666666666,0.3333333333333333,0.16666666666666666,,"[[0, 0, 0, 0], [0, 1, 0, 0], [0, 1, 0, 0], [0, 1, 0, 0]]","['control', 'lesional', 'new_keloid_formation', 'non_lesional']",
lesional_status,grouped_seed1_fold3,shared_genes_plus_modules,stratified_random,41,3,"{'lesional': 23, 'non_lesional': 12, 'control': 6}","{'non_lesional': 1, 'lesional': 1, 'new_keloid_formation': 1}",0.0,0.0,0.0,0.0,,"[[0, 0, 0, 0], [0, 0, 0, 1], [1, 0, 0, 0], [0, 1, 0, 0]]","['control', 'lesional', 'new_keloid_formation', 'non_lesional']",
lesional_status,grouped_seed1_fold3,shared_genes_plus_modules,elastic_net_logreg,41,3,"{'lesional': 23, 'non_lesional': 12, 'control': 6}","{'non_lesional': 1, 'lesional': 1, 'new_keloid_formation': 1}",0.0,0.0,0.0,0.0,,"[[0, 0, 0, 0], [1, 0, 0, 0], [0, 1, 0, 0], [1, 0, 0, 0]]","['control', 'lesional', 'new_keloid_formation', 'non_lesional']",
lesional_status,grouped_seed1_fold3,shared_genes_plus_modules,linear_svm,41,3,"{'lesional': 23, 'non_lesional': 12, 'control': 6}","{'non_lesional': 1, 'lesional': 1, 'new_keloid_formation': 1}",0.3333333333333333,0.2222222222222222,0.3333333333333333,0.16666666666666666,,"[[0, 0, 0, 0], [0, 1, 0, 0], [0, 1, 0, 0], [1, 0, 0, 0]]","['control', 'lesional', 'new_keloid_formation', 'non_lesional']",
lesional_status,grouped_seed1_fold3,shared_genes_plus_modules,random_forest,41,3,"{'lesional': 23, 'non_lesional': 12, 'control': 6}","{'non_lesional': 1, 'lesional': 1, 'new_keloid_formation': 1}",0.6666666666666666,0.5555555555555555,0.6666666666666666,0.5555555555555555,,"[[0, 0, 0, 0], [0, 1, 0, 0], [0, 1, 0, 0], [0, 0, 0, 1]]","['control', 'lesional', 'new_keloid_formation', 'non_lesional']",
lesional_status,grouped_seed1_fold3,shared_genes_plus_modules,hist_gradient_boosting,41,3,"{'lesional': 23, 'non_lesional': 12, 'control': 6}","{'non_lesional': 1, 'lesional': 1, 'new_keloid_formation': 1}",0.3333333333333333,0.16666666666666666,0.3333333333333333,0.16666666666666666,,"[[0, 0, 0, 0], [0, 1, 0, 0], [0, 1, 0, 0], [0, 1, 0, 0]]","['control', 'lesional', 'new_keloid_formation', 'non_lesional']",
lesional_status,grouped_seed1_fold3,shared_genes_plus_modules,knn,41,3,"{'lesional': 23, 'non_lesional': 12, 'control': 6}","{'non_lesional': 1, 'lesional': 1, 'new_keloid_formation': 1}",0.6666666666666666,0.5555555555555555,0.6666666666666666,0.5555555555555555,,"[[0, 0, 0, 0], [0, 1, 0, 0], [0, 1, 0, 0], [0, 0, 0, 1]]","['control', 'lesional', 'new_keloid_formation', 'non_lesional']",
lesional_status,grouped_seed1_fold3,shared_genes_plus_modules,small_mlp,41,3,"{'lesional': 23, 'non_lesional': 12, 'control': 6}","{'non_lesional': 1, 'lesional': 1, 'new_keloid_formation': 1}",0.3333333333333333,0.16666666666666666,0.3333333333333333,0.16666666666666666,,"[[0, 0, 0, 0], [0, 1, 0, 0], [0, 1, 0, 0], [0, 1, 0, 0]]","['control', 'lesional', 'new_keloid_formation', 'non_lesional']",
lesional_status,grouped_seed1_fold3,shared_genes,majority,41,3,"{'lesional': 23, 'non_lesional': 12, 'control': 6}","{'non_lesional': 1, 'lesional': 1, 'new_keloid_formation': 1}",0.3333333333333333,0.16666666666666666,0.3333333333333333,0.16666666666666666,,"[[0, 0, 0, 0], [0, 1, 0, 0], [0, 1, 0, 0], [0, 1, 0, 0]]","['control', 'lesional', 'new_keloid_formation', 'non_lesional']",
lesional_status,grouped_seed1_fold3,shared_genes,stratified_random,41,3,"{'lesional': 23, 'non_lesional': 12, 'control': 6}","{'non_lesional': 1, 'lesional': 1, 'new_keloid_formation': 1}",0.0,0.0,0.0,0.0,,"[[0, 0, 0, 0], [0, 0, 0, 1], [1, 0, 0, 0], [0, 1, 0, 0]]","['control', 'lesional', 'new_keloid_formation', 'non_lesional']",
lesional_status,grouped_seed1_fold3,shared_genes,elastic_net_logreg,41,3,"{'lesional': 23, 'non_lesional': 12, 'control': 6}","{'non_lesional': 1, 'lesional': 1, 'new_keloid_formation': 1}",0.6666666666666666,0.5555555555555555,0.6666666666666666,0.5555555555555555,,"[[0, 0, 0, 0], [0, 1, 0, 0], [0, 1, 0, 0], [0, 0, 0, 1]]","['control', 'lesional', 'new_keloid_formation', 'non_lesional']",
lesional_status,grouped_seed1_fold3,shared_genes,linear_svm,41,3,"{'lesional': 23, 'non_lesional': 12, 'control': 6}","{'non_lesional': 1, 'lesional': 1, 'new_keloid_formation': 1}",0.0,0.0,0.0,0.0,,"[[0, 0, 0, 0], [1, 0, 0, 0], [0, 1, 0, 0], [1, 0, 0, 0]]","['control', 'lesional', 'new_keloid_formation', 'non_lesional']",
lesional_status,grouped_seed1_fold3,shared_genes,random_forest,41,3,"{'lesional': 23, 'non_lesional': 12, 'control': 6}","{'non_lesional': 1, 'lesional': 1, 'new_keloid_formation': 1}",0.6666666666666666,0.5555555555555555,0.6666666666666666,0.5555555555555555,,"[[0, 0, 0, 0], [0, 1, 0, 0], [0, 1, 0, 0], [0, 0, 0, 1]]","['control', 'lesional', 'new_keloid_formation', 'non_lesional']",
lesional_status,grouped_seed1_fold3,shared_genes,hist_gradient_boosting,41,3,"{'lesional': 23, 'non_lesional': 12, 'control': 6}","{'non_lesional': 1, 'lesional': 1, 'new_keloid_formation': 1}",0.3333333333333333,0.16666666666666666,0.3333333333333333,0.16666666666666666,,"[[0, 0, 0, 0], [0, 1, 0, 0], [0, 1, 0, 0], [0, 1, 0, 0]]","['control', 'lesional', 'new_keloid_formation', 'non_lesional']",
lesional_status,grouped_seed1_fold3,shared_genes,knn,41,3,"{'lesional': 23, 'non_lesional': 12, 'control': 6}","{'non_lesional': 1, 'lesional': 1, 'new_keloid_formation': 1}",0.3333333333333333,0.16666666666666666,0.3333333333333333,0.16666666666666666,,"[[0, 0, 0, 0], [0, 1, 0, 0], [0, 1, 0, 0], [0, 1, 0, 0]]","['control', 'lesional', 'new_keloid_formation', 'non_lesional']",
lesional_status,grouped_seed1_fold3,modules_only,majority,41,3,"{'lesional': 23, 'non_lesional': 12, 'control': 6}","{'non_lesional': 1, 'lesional': 1, 'new_keloid_formation': 1}",0.3333333333333333,0.16666666666666666,0.3333333333333333,0.16666666666666666,,"[[0, 0, 0, 0], [0, 1, 0, 0], [0, 1, 0, 0], [0, 1, 0, 0]]","['control', 'lesional', 'new_keloid_formation', 'non_lesional']",
lesional_status,grouped_seed1_fold3,modules_only,stratified_random,41,3,"{'lesional': 23, 'non_lesional': 12, 'control': 6}","{'non_lesional': 1, 'lesional': 1, 'new_keloid_formation': 1}",0.0,0.0,0.0,0.0,,"[[0, 0, 0, 0], [0, 0, 0, 1], [1, 0, 0, 0], [0, 1, 0, 0]]","['control', 'lesional', 'new_keloid_formation', 'non_lesional']",
lesional_status,grouped_seed1_fold3,modules_only,elastic_net_logreg,41,3,"{'lesional': 23, 'non_lesional': 12, 'control': 6}","{'non_lesional': 1, 'lesional': 1, 'new_keloid_formation': 1}",0.6666666666666666,0.5555555555555555,0.6666666666666666,0.5555555555555555,,"[[0, 0, 0, 0], [0, 1, 0, 0], [0, 1, 0, 0], [0, 0, 0, 1]]","['control', 'lesional', 'new_keloid_formation', 'non_lesional']",
lesional_status,grouped_seed1_fold3,modules_only,linear_svm,41,3,"{'lesional': 23, 'non_lesional': 12, 'control': 6}","{'non_lesional': 1, 'lesional': 1, 'new_keloid_formation': 1}",0.6666666666666666,0.5555555555555555,0.6666666666666666,0.5555555555555555,,"[[0, 0, 0, 0], [0, 1, 0, 0], [0, 1, 0, 0], [0, 0, 0, 1]]","['control', 'lesional', 'new_keloid_formation', 'non_lesional']",
lesional_status,grouped_seed1_fold3,modules_only,random_forest,41,3,"{'lesional': 23, 'non_lesional': 12, 'control': 6}","{'non_lesional': 1, 'lesional': 1, 'new_keloid_formation': 1}",0.6666666666666666,0.5555555555555555,0.6666666666666666,0.5555555555555555,,"[[0, 0, 0, 0], [0, 1, 0, 0], [0, 1, 0, 0], [0, 0, 0, 1]]","['control', 'lesional', 'new_keloid_formation', 'non_lesional']",
lesional_status,grouped_seed1_fold3,modules_only,hist_gradient_boosting,41,3,"{'lesional': 23, 'non_lesional': 12, 'control': 6}","{'non_lesional': 1, 'lesional': 1, 'new_keloid_formation': 1}",0.3333333333333333,0.16666666666666666,0.3333333333333333,0.16666666666666666,,"[[0, 0, 0, 0], [0, 1, 0, 0], [0, 1, 0, 0], [0, 1, 0, 0]]","['control', 'lesional', 'new_keloid_formation', 'non_lesional']",
lesional_status,grouped_seed1_fold3,modules_only,knn,41,3,"{'lesional': 23, 'non_lesional': 12, 'control': 6}","{'non_lesional': 1, 'lesional': 1, 'new_keloid_formation': 1}",0.6666666666666666,0.5555555555555555,0.6666666666666666,0.5555555555555555,,"[[0, 0, 0, 0], [0, 1, 0, 0], [0, 1, 0, 0], [0, 0, 0, 1]]","['control', 'lesional', 'new_keloid_formation', 'non_lesional']",
lesional_status,grouped_seed1_fold3,modules_only,small_mlp,41,3,"{'lesional': 23, 'non_lesional': 12, 'control': 6}","{'non_lesional': 1, 'lesional': 1, 'new_keloid_formation': 1}",0.6666666666666666,0.5555555555555555,0.6666666666666666,0.5555555555555555,,"[[0, 0, 0, 0], [0, 1, 0, 0], [0, 1, 0, 0], [0, 0, 0, 1]]","['control', 'lesional', 'new_keloid_formation', 'non_lesional']",
lesional_status,grouped_seed1_fold4,shared_genes_plus_modules,majority,9,32,"{'lesional': 5, 'non_lesional': 4}","{'lesional': 18, 'non_lesional': 8, 'control': 6}",0.5625,0.40499999999999997,0.3333333333333333,0.24,,"[[0, 6, 0], [0, 18, 0], [0, 8, 0]]","['control', 'lesional', 'non_lesional']",
lesional_status,grouped_seed1_fold4,shared_genes_plus_modules,stratified_random,9,32,"{'lesional': 5, 'non_lesional': 4}","{'lesional': 18, 'non_lesional': 8, 'control': 6}",0.3125,0.30637254901960786,0.23148148148148148,0.21241830065359477,,"[[0, 2, 4], [0, 8, 10], [0, 6, 2]]","['control', 'lesional', 'non_lesional']",
lesional_status,grouped_seed1_fold4,shared_genes_plus_modules,elastic_net_logreg,9,32,"{'lesional': 5, 'non_lesional': 4}","{'lesional': 18, 'non_lesional': 8, 'control': 6}",0.25,0.1,0.3333333333333333,0.13333333333333333,,"[[0, 0, 6], [0, 0, 18], [0, 0, 8]]","['control', 'lesional', 'non_lesional']",
lesional_status,grouped_seed1_fold4,shared_genes_plus_modules,linear_svm,9,32,"{'lesional': 5, 'non_lesional': 4}","{'lesional': 18, 'non_lesional': 8, 'control': 6}",0.25,0.1,0.3333333333333333,0.13333333333333333,,"[[0, 0, 6], [0, 0, 18], [0, 0, 8]]","['control', 'lesional', 'non_lesional']",
lesional_status,grouped_seed1_fold4,shared_genes_plus_modules,random_forest,9,32,"{'lesional': 5, 'non_lesional': 4}","{'lesional': 18, 'non_lesional': 8, 'control': 6}",0.25,0.1,0.3333333333333333,0.13333333333333333,,"[[0, 0, 6], [0, 0, 18], [0, 0, 8]]","['control', 'lesional', 'non_lesional']",
lesional_status,grouped_seed1_fold4,shared_genes_plus_modules,hist_gradient_boosting,9,32,"{'lesional': 5, 'non_lesional': 4}","{'lesional': 18, 'non_lesional': 8, 'control': 6}",0.5625,0.40499999999999997,0.3333333333333333,0.24,,"[[0, 6, 0], [0, 18, 0], [0, 8, 0]]","['control', 'lesional', 'non_lesional']",
lesional_status,grouped_seed1_fold4,shared_genes_plus_modules,knn,9,32,"{'lesional': 5, 'non_lesional': 4}","{'lesional': 18, 'non_lesional': 8, 'control': 6}",0.5625,0.40499999999999997,0.3333333333333333,0.24,,"[[0, 6, 0], [0, 18, 0], [0, 8, 0]]","['control', 'lesional', 'non_lesional']",
lesional_status,grouped_seed1_fold4,shared_genes_plus_modules,small_mlp,9,32,,,,,,,,,,ValueError: The test_size = 1 should be greater or equal to the number of classes = 2
lesional_status,grouped_seed1_fold4,shared_genes,majority,9,32,"{'lesional': 5, 'non_lesional': 4}","{'lesional': 18, 'non_lesional': 8, 'control': 6}",0.5625,0.40499999999999997,0.3333333333333333,0.24,,"[[0, 6, 0], [0, 18, 0], [0, 8, 0]]","['control', 'lesional', 'non_lesional']",
lesional_status,grouped_seed1_fold4,shared_genes,stratified_random,9,32,"{'lesional': 5, 'non_lesional': 4}","{'lesional': 18, 'non_lesional': 8, 'control': 6}",0.3125,0.30637254901960786,0.23148148148148148,0.21241830065359477,,"[[0, 2, 4], [0, 8, 10], [0, 6, 2]]","['control', 'lesional', 'non_lesional']",
lesional_status,grouped_seed1_fold4,shared_genes,elastic_net_logreg,9,32,"{'lesional': 5, 'non_lesional': 4}","{'lesional': 18, 'non_lesional': 8, 'control': 6}",0.5625,0.40499999999999997,0.3333333333333333,0.24,,"[[0, 6, 0], [0, 18, 0], [0, 8, 0]]","['control', 'lesional', 'non_lesional']",
lesional_status,grouped_seed1_fold4,shared_genes,linear_svm,9,32,"{'lesional': 5, 'non_lesional': 4}","{'lesional': 18, 'non_lesional': 8, 'control': 6}",0.5625,0.40499999999999997,0.3333333333333333,0.24,,"[[0, 6, 0], [0, 18, 0], [0, 8, 0]]","['control', 'lesional', 'non_lesional']",
lesional_status,grouped_seed1_fold4,shared_genes,random_forest,9,32,"{'lesional': 5, 'non_lesional': 4}","{'lesional': 18, 'non_lesional': 8, 'control': 6}",0.5625,0.40499999999999997,0.3333333333333333,0.24,,"[[0, 6, 0], [0, 18, 0], [0, 8, 0]]","['control', 'lesional', 'non_lesional']",
lesional_status,grouped_seed1_fold4,shared_genes,hist_gradient_boosting,9,32,"{'lesional': 5, 'non_lesional': 4}","{'lesional': 18, 'non_lesional': 8, 'control': 6}",0.5625,0.40499999999999997,0.3333333333333333,0.24,,"[[0, 6, 0], [0, 18, 0], [0, 8, 0]]","['control', 'lesional', 'non_lesional']",
lesional_status,grouped_seed1_fold4,shared_genes,knn,9,32,"{'lesional': 5, 'non_lesional': 4}","{'lesional': 18, 'non_lesional': 8, 'control': 6}",0.5625,0.40499999999999997,0.3333333333333333,0.24,,"[[0, 6, 0], [0, 18, 0], [0, 8, 0]]","['control', 'lesional', 'non_lesional']",
lesional_status,grouped_seed1_fold4,modules_only,majority,9,32,"{'lesional': 5, 'non_lesional': 4}","{'lesional': 18, 'non_lesional': 8, 'control': 6}",0.5625,0.40499999999999997,0.3333333333333333,0.24,,"[[0, 6, 0], [0, 18, 0], [0, 8, 0]]","['control', 'lesional', 'non_lesional']",
lesional_status,grouped_seed1_fold4,modules_only,stratified_random,9,32,"{'lesional': 5, 'non_lesional': 4}","{'lesional': 18, 'non_lesional': 8, 'control': 6}",0.3125,0.30637254901960786,0.23148148148148148,0.21241830065359477,,"[[0, 2, 4], [0, 8, 10], [0, 6, 2]]","['control', 'lesional', 'non_lesional']",
lesional_status,grouped_seed1_fold4,modules_only,elastic_net_logreg,9,32,"{'lesional': 5, 'non_lesional': 4}","{'lesional': 18, 'non_lesional': 8, 'control': 6}",0.25,0.1,0.3333333333333333,0.13333333333333333,,"[[0, 0, 6], [0, 0, 18], [0, 0, 8]]","['control', 'lesional', 'non_lesional']",
lesional_status,grouped_seed1_fold4,modules_only,linear_svm,9,32,"{'lesional': 5, 'non_lesional': 4}","{'lesional': 18, 'non_lesional': 8, 'control': 6}",0.25,0.1,0.3333333333333333,0.13333333333333333,,"[[0, 0, 6], [0, 0, 18], [0, 0, 8]]","['control', 'lesional', 'non_lesional']",
lesional_status,grouped_seed1_fold4,modules_only,random_forest,9,32,"{'lesional': 5, 'non_lesional': 4}","{'lesional': 18, 'non_lesional': 8, 'control': 6}",0.25,0.1,0.3333333333333333,0.13333333333333333,,"[[0, 0, 6], [0, 0, 18], [0, 0, 8]]","['control', 'lesional', 'non_lesional']",
lesional_status,grouped_seed1_fold4,modules_only,hist_gradient_boosting,9,32,"{'lesional': 5, 'non_lesional': 4}","{'lesional': 18, 'non_lesional': 8, 'control': 6}",0.5625,0.40499999999999997,0.3333333333333333,0.24,,"[[0, 6, 0], [0, 18, 0], [0, 8, 0]]","['control', 'lesional', 'non_lesional']",
lesional_status,grouped_seed1_fold4,modules_only,knn,9,32,"{'lesional': 5, 'non_lesional': 4}","{'lesional': 18, 'non_lesional': 8, 'control': 6}",0.5625,0.40499999999999997,0.3333333333333333,0.24,,"[[0, 6, 0], [0, 18, 0], [0, 8, 0]]","['control', 'lesional', 'non_lesional']",
lesional_status,grouped_seed1_fold4,modules_only,small_mlp,9,32,,,,,,,,,,ValueError: The test_size = 1 should be greater or equal to the number of classes = 2
lesional_status,grouped_seed2_fold0,shared_genes_plus_modules,majority,41,3,"{'lesional': 22, 'non_lesional': 12, 'control': 6, 'new_keloid_formation': 1}","{'lesional': 2, 'non_lesional': 1}",0.6666666666666666,0.5333333333333333,0.5,0.4,,"[[0, 0, 0, 0], [0, 2, 0, 0], [0, 0, 0, 0], [0, 1, 0, 0]]","['control', 'lesional', 'new_keloid_formation', 'non_lesional']",
lesional_status,grouped_seed2_fold0,shared_genes_plus_modules,stratified_random,41,3,"{'lesional': 22, 'non_lesional': 12, 'control': 6, 'new_keloid_formation': 1}","{'lesional': 2, 'non_lesional': 1}",0.3333333333333333,0.3333333333333333,0.25,0.16666666666666666,,"[[0, 0, 0, 0], [0, 1, 1, 0], [0, 0, 0, 0], [0, 1, 0, 0]]","['control', 'lesional', 'new_keloid_formation', 'non_lesional']",
lesional_status,grouped_seed2_fold0,shared_genes_plus_modules,elastic_net_logreg,41,3,"{'lesional': 22, 'non_lesional': 12, 'control': 6, 'new_keloid_formation': 1}","{'lesional': 2, 'non_lesional': 1}",1.0,1.0,1.0,1.0,,"[[0, 0, 0, 0], [0, 2, 0, 0], [0, 0, 0, 0], [0, 0, 0, 1]]","['control', 'lesional', 'new_keloid_formation', 'non_lesional']",
lesional_status,grouped_seed2_fold0,shared_genes_plus_modules,linear_svm,41,3,"{'lesional': 22, 'non_lesional': 12, 'control': 6, 'new_keloid_formation': 1}","{'lesional': 2, 'non_lesional': 1}",0.6666666666666666,0.5333333333333333,0.5,0.4,,"[[0, 0, 0, 0], [0, 2, 0, 0], [0, 0, 0, 0], [0, 1, 0, 0]]","['control', 'lesional', 'new_keloid_formation', 'non_lesional']",
lesional_status,grouped_seed2_fold0,shared_genes_plus_modules,random_forest,41,3,"{'lesional': 22, 'non_lesional': 12, 'control': 6, 'new_keloid_formation': 1}","{'lesional': 2, 'non_lesional': 1}",1.0,1.0,1.0,1.0,,"[[0, 0, 0, 0], [0, 2, 0, 0], [0, 0, 0, 0], [0, 0, 0, 1]]","['control', 'lesional', 'new_keloid_formation', 'non_lesional']",
lesional_status,grouped_seed2_fold0,shared_genes_plus_modules,hist_gradient_boosting,41,3,"{'lesional': 22, 'non_lesional': 12, 'control': 6, 'new_keloid_formation': 1}","{'lesional': 2, 'non_lesional': 1}",0.6666666666666666,0.5333333333333333,0.5,0.4,,"[[0, 0, 0, 0], [0, 2, 0, 0], [0, 0, 0, 0], [0, 1, 0, 0]]","['control', 'lesional', 'new_keloid_formation', 'non_lesional']",
lesional_status,grouped_seed2_fold0,shared_genes_plus_modules,knn,41,3,"{'lesional': 22, 'non_lesional': 12, 'control': 6, 'new_keloid_formation': 1}","{'lesional': 2, 'non_lesional': 1}",0.6666666666666666,0.5333333333333333,0.5,0.4,,"[[0, 0, 0, 0], [0, 2, 0, 0], [0, 0, 0, 0], [0, 1, 0, 0]]","['control', 'lesional', 'new_keloid_formation', 'non_lesional']",
lesional_status,grouped_seed2_fold0,shared_genes_plus_modules,small_mlp,41,3,"{'lesional': 22, 'non_lesional': 12, 'control': 6, 'new_keloid_formation': 1}","{'lesional': 2, 'non_lesional': 1}",0.6666666666666666,0.5333333333333333,0.5,0.4,,"[[0, 0, 0, 0], [0, 2, 0, 0], [0, 0, 0, 0], [0, 1, 0, 0]]","['control', 'lesional', 'new_keloid_formation', 'non_lesional']",
lesional_status,grouped_seed2_fold0,shared_genes,majority,41,3,"{'lesional': 22, 'non_lesional': 12, 'control': 6, 'new_keloid_formation': 1}","{'lesional': 2, 'non_lesional': 1}",0.6666666666666666,0.5333333333333333,0.5,0.4,,"[[0, 0, 0, 0], [0, 2, 0, 0], [0, 0, 0, 0], [0, 1, 0, 0]]","['control', 'lesional', 'new_keloid_formation', 'non_lesional']",
lesional_status,grouped_seed2_fold0,shared_genes,stratified_random,41,3,"{'lesional': 22, 'non_lesional': 12, 'control': 6, 'new_keloid_formation': 1}","{'lesional': 2, 'non_lesional': 1}",0.3333333333333333,0.3333333333333333,0.25,0.16666666666666666,,"[[0, 0, 0, 0], [0, 1, 1, 0], [0, 0, 0, 0], [0, 1, 0, 0]]","['control', 'lesional', 'new_keloid_formation', 'non_lesional']",
lesional_status,grouped_seed2_fold0,shared_genes,elastic_net_logreg,41,3,"{'lesional': 22, 'non_lesional': 12, 'control': 6, 'new_keloid_formation': 1}","{'lesional': 2, 'non_lesional': 1}",0.0,0.0,0.0,0.0,,"[[0, 0, 0, 0], [2, 0, 0, 0], [0, 0, 0, 0], [1, 0, 0, 0]]","['control', 'lesional', 'new_keloid_formation', 'non_lesional']",
lesional_status,grouped_seed2_fold0,shared_genes,linear_svm,41,3,"{'lesional': 22, 'non_lesional': 12, 'control': 6, 'new_keloid_formation': 1}","{'lesional': 2, 'non_lesional': 1}",0.6666666666666666,0.5333333333333333,0.5,0.4,,"[[0, 0, 0, 0], [0, 2, 0, 0], [0, 0, 0, 0], [0, 1, 0, 0]]","['control', 'lesional', 'new_keloid_formation', 'non_lesional']",
lesional_status,grouped_seed2_fold0,shared_genes,random_forest,41,3,"{'lesional': 22, 'non_lesional': 12, 'control': 6, 'new_keloid_formation': 1}","{'lesional': 2, 'non_lesional': 1}",0.0,0.0,0.0,0.0,,"[[0, 0, 0, 0], [2, 0, 0, 0], [0, 0, 0, 0], [1, 0, 0, 0]]","['control', 'lesional', 'new_keloid_formation', 'non_lesional']",
lesional_status,grouped_seed2_fold0,shared_genes,hist_gradient_boosting,41,3,"{'lesional': 22, 'non_lesional': 12, 'control': 6, 'new_keloid_formation': 1}","{'lesional': 2, 'non_lesional': 1}",0.6666666666666666,0.5333333333333333,0.5,0.4,,"[[0, 0, 0, 0], [0, 2, 0, 0], [0, 0, 0, 0], [0, 1, 0, 0]]","['control', 'lesional', 'new_keloid_formation', 'non_lesional']",
lesional_status,grouped_seed2_fold0,shared_genes,knn,41,3,"{'lesional': 22, 'non_lesional': 12, 'control': 6, 'new_keloid_formation': 1}","{'lesional': 2, 'non_lesional': 1}",0.6666666666666666,0.5333333333333333,0.5,0.4,,"[[0, 0, 0, 0], [0, 2, 0, 0], [0, 0, 0, 0], [0, 1, 0, 0]]","['control', 'lesional', 'new_keloid_formation', 'non_lesional']",
lesional_status,grouped_seed2_fold0,modules_only,majority,41,3,"{'lesional': 22, 'non_lesional': 12, 'control': 6, 'new_keloid_formation': 1}","{'lesional': 2, 'non_lesional': 1}",0.6666666666666666,0.5333333333333333,0.5,0.4,,"[[0, 0, 0, 0], [0, 2, 0, 0], [0, 0, 0, 0], [0, 1, 0, 0]]","['control', 'lesional', 'new_keloid_formation', 'non_lesional']",
lesional_status,grouped_seed2_fold0,modules_only,stratified_random,41,3,"{'lesional': 22, 'non_lesional': 12, 'control': 6, 'new_keloid_formation': 1}","{'lesional': 2, 'non_lesional': 1}",0.3333333333333333,0.3333333333333333,0.25,0.16666666666666666,,"[[0, 0, 0, 0], [0, 1, 1, 0], [0, 0, 0, 0], [0, 1, 0, 0]]","['control', 'lesional', 'new_keloid_formation', 'non_lesional']",
lesional_status,grouped_seed2_fold0,modules_only,elastic_net_logreg,41,3,"{'lesional': 22, 'non_lesional': 12, 'control': 6, 'new_keloid_formation': 1}","{'lesional': 2, 'non_lesional': 1}",1.0,1.0,1.0,1.0,,"[[0, 0, 0, 0], [0, 2, 0, 0], [0, 0, 0, 0], [0, 0, 0, 1]]","['control', 'lesional', 'new_keloid_formation', 'non_lesional']",
lesional_status,grouped_seed2_fold0,modules_only,linear_svm,41,3,"{'lesional': 22, 'non_lesional': 12, 'control': 6, 'new_keloid_formation': 1}","{'lesional': 2, 'non_lesional': 1}",0.6666666666666666,0.6666666666666666,0.5,0.3333333333333333,,"[[0, 0, 0, 0], [0, 2, 0, 0], [0, 0, 0, 0], [0, 0, 1, 0]]","['control', 'lesional', 'new_keloid_formation', 'non_lesional']",
lesional_status,grouped_seed2_fold0,modules_only,random_forest,41,3,"{'lesional': 22, 'non_lesional': 12, 'control': 6, 'new_keloid_formation': 1}","{'lesional': 2, 'non_lesional': 1}",1.0,1.0,1.0,1.0,,"[[0, 0, 0, 0], [0, 2, 0, 0], [0, 0, 0, 0], [0, 0, 0, 1]]","['control', 'lesional', 'new_keloid_formation', 'non_lesional']",
lesional_status,grouped_seed2_fold0,modules_only,hist_gradient_boosting,41,3,"{'lesional': 22, 'non_lesional': 12, 'control': 6, 'new_keloid_formation': 1}","{'lesional': 2, 'non_lesional': 1}",0.6666666666666666,0.5333333333333333,0.5,0.4,,"[[0, 0, 0, 0], [0, 2, 0, 0], [0, 0, 0, 0], [0, 1, 0, 0]]","['control', 'lesional', 'new_keloid_formation', 'non_lesional']",
lesional_status,grouped_seed2_fold0,modules_only,knn,41,3,"{'lesional': 22, 'non_lesional': 12, 'control': 6, 'new_keloid_formation': 1}","{'lesional': 2, 'non_lesional': 1}",0.6666666666666666,0.5333333333333333,0.5,0.4,,"[[0, 0, 0, 0], [0, 2, 0, 0], [0, 0, 0, 0], [0, 1, 0, 0]]","['control', 'lesional', 'new_keloid_formation', 'non_lesional']",
lesional_status,grouped_seed2_fold0,modules_only,small_mlp,41,3,"{'lesional': 22, 'non_lesional': 12, 'control': 6, 'new_keloid_formation': 1}","{'lesional': 2, 'non_lesional': 1}",1.0,1.0,1.0,1.0,,"[[0, 0, 0, 0], [0, 2, 0, 0], [0, 0, 0, 0], [0, 0, 0, 1]]","['control', 'lesional', 'new_keloid_formation', 'non_lesional']",
lesional_status,grouped_seed2_fold1,shared_genes_plus_modules,majority,10,4,"{'lesional': 5, 'non_lesional': 4, 'new_keloid_formation': 1}","{'non_lesional': 2, 'lesional': 2}",0.5,0.3333333333333333,0.5,0.3333333333333333,,"[[2, 0, 0], [0, 0, 0], [2, 0, 0]]","['lesional', 'new_keloid_formation', 'non_lesional']",
lesional_status,grouped_seed2_fold1,shared_genes_plus_modules,stratified_random,10,4,"{'lesional': 5, 'non_lesional': 4, 'new_keloid_formation': 1}","{'non_lesional': 2, 'lesional': 2}",0.25,0.2,0.25,0.13333333333333333,,"[[1, 1, 0], [0, 0, 0], [2, 0, 0]]","['lesional', 'new_keloid_formation', 'non_lesional']",
lesional_status,grouped_seed2_fold1,shared_genes_plus_modules,elastic_net_logreg,10,4,"{'lesional': 5, 'non_lesional': 4, 'new_keloid_formation': 1}","{'non_lesional': 2, 'lesional': 2}",1.0,1.0,1.0,1.0,,"[[2, 0, 0], [0, 0, 0], [0, 0, 2]]","['lesional', 'new_keloid_formation', 'non_lesional']",
lesional_status,grouped_seed2_fold1,shared_genes_plus_modules,linear_svm,10,4,"{'lesional': 5, 'non_lesional': 4, 'new_keloid_formation': 1}","{'non_lesional': 2, 'lesional': 2}",1.0,1.0,1.0,1.0,,"[[2, 0, 0], [0, 0, 0], [0, 0, 2]]","['lesional', 'new_keloid_formation', 'non_lesional']",
lesional_status,grouped_seed2_fold1,shared_genes_plus_modules,random_forest,10,4,"{'lesional': 5, 'non_lesional': 4, 'new_keloid_formation': 1}","{'non_lesional': 2, 'lesional': 2}",1.0,1.0,1.0,1.0,,"[[2, 0, 0], [0, 0, 0], [0, 0, 2]]","['lesional', 'new_keloid_formation', 'non_lesional']",
lesional_status,grouped_seed2_fold1,shared_genes_plus_modules,hist_gradient_boosting,10,4,"{'lesional': 5, 'non_lesional': 4, 'new_keloid_formation': 1}","{'non_lesional': 2, 'lesional': 2}",0.5,0.3333333333333333,0.5,0.3333333333333333,,"[[2, 0, 0], [0, 0, 0], [2, 0, 0]]","['lesional', 'new_keloid_formation', 'non_lesional']",
lesional_status,grouped_seed2_fold1,shared_genes_plus_modules,knn,10,4,"{'lesional': 5, 'non_lesional': 4, 'new_keloid_formation': 1}","{'non_lesional': 2, 'lesional': 2}",1.0,1.0,1.0,1.0,,"[[2, 0, 0], [0, 0, 0], [0, 0, 2]]","['lesional', 'new_keloid_formation', 'non_lesional']",
lesional_status,grouped_seed2_fold1,shared_genes_plus_modules,small_mlp,10,4,,,,,,,,,,ValueError: The validation set is too small. Increase 'validation_fraction' or the size of your dataset.
lesional_status,grouped_seed2_fold1,shared_genes,majority,10,4,"{'lesional': 5, 'non_lesional': 4, 'new_keloid_formation': 1}","{'non_lesional': 2, 'lesional': 2}",0.5,0.3333333333333333,0.5,0.3333333333333333,,"[[2, 0, 0], [0, 0, 0], [2, 0, 0]]","['lesional', 'new_keloid_formation', 'non_lesional']",
lesional_status,grouped_seed2_fold1,shared_genes,stratified_random,10,4,"{'lesional': 5, 'non_lesional': 4, 'new_keloid_formation': 1}","{'non_lesional': 2, 'lesional': 2}",0.25,0.2,0.25,0.13333333333333333,,"[[1, 1, 0], [0, 0, 0], [2, 0, 0]]","['lesional', 'new_keloid_formation', 'non_lesional']",
lesional_status,grouped_seed2_fold1,shared_genes,elastic_net_logreg,10,4,"{'lesional': 5, 'non_lesional': 4, 'new_keloid_formation': 1}","{'non_lesional': 2, 'lesional': 2}",0.75,0.7333333333333334,0.75,0.7333333333333334,,"[[2, 0, 0], [0, 0, 0], [1, 0, 1]]","['lesional', 'new_keloid_formation', 'non_lesional']",
lesional_status,grouped_seed2_fold1,shared_genes,linear_svm,10,4,"{'lesional': 5, 'non_lesional': 4, 'new_keloid_formation': 1}","{'non_lesional': 2, 'lesional': 2}",0.5,0.3333333333333333,0.5,0.3333333333333333,,"[[2, 0, 0], [0, 0, 0], [2, 0, 0]]","['lesional', 'new_keloid_formation', 'non_lesional']",
lesional_status,grouped_seed2_fold1,shared_genes,random_forest,10,4,"{'lesional': 5, 'non_lesional': 4, 'new_keloid_formation': 1}","{'non_lesional': 2, 'lesional': 2}",0.75,0.7333333333333334,0.75,0.7333333333333334,,"[[2, 0, 0], [0, 0, 0], [1, 0, 1]]","['lesional', 'new_keloid_formation', 'non_lesional']",
lesional_status,grouped_seed2_fold1,shared_genes,hist_gradient_boosting,10,4,"{'lesional': 5, 'non_lesional': 4, 'new_keloid_formation': 1}","{'non_lesional': 2, 'lesional': 2}",0.5,0.3333333333333333,0.5,0.3333333333333333,,"[[2, 0, 0], [0, 0, 0], [2, 0, 0]]","['lesional', 'new_keloid_formation', 'non_lesional']",
lesional_status,grouped_seed2_fold1,shared_genes,knn,10,4,"{'lesional': 5, 'non_lesional': 4, 'new_keloid_formation': 1}","{'non_lesional': 2, 'lesional': 2}",0.5,0.3333333333333333,0.5,0.3333333333333333,,"[[2, 0, 0], [0, 0, 0], [2, 0, 0]]","['lesional', 'new_keloid_formation', 'non_lesional']",
lesional_status,grouped_seed2_fold1,modules_only,majority,10,4,"{'lesional': 5, 'non_lesional': 4, 'new_keloid_formation': 1}","{'non_lesional': 2, 'lesional': 2}",0.5,0.3333333333333333,0.5,0.3333333333333333,,"[[2, 0, 0], [0, 0, 0], [2, 0, 0]]","['lesional', 'new_keloid_formation', 'non_lesional']",
lesional_status,grouped_seed2_fold1,modules_only,stratified_random,10,4,"{'lesional': 5, 'non_lesional': 4, 'new_keloid_formation': 1}","{'non_lesional': 2, 'lesional': 2}",0.25,0.2,0.25,0.13333333333333333,,"[[1, 1, 0], [0, 0, 0], [2, 0, 0]]","['lesional', 'new_keloid_formation', 'non_lesional']",
lesional_status,grouped_seed2_fold1,modules_only,elastic_net_logreg,10,4,"{'lesional': 5, 'non_lesional': 4, 'new_keloid_formation': 1}","{'non_lesional': 2, 'lesional': 2}",1.0,1.0,1.0,1.0,,"[[2, 0, 0], [0, 0, 0], [0, 0, 2]]","['lesional', 'new_keloid_formation', 'non_lesional']",
lesional_status,grouped_seed2_fold1,modules_only,linear_svm,10,4,"{'lesional': 5, 'non_lesional': 4, 'new_keloid_formation': 1}","{'non_lesional': 2, 'lesional': 2}",1.0,1.0,1.0,1.0,,"[[2, 0, 0], [0, 0, 0], [0, 0, 2]]","['lesional', 'new_keloid_formation', 'non_lesional']",
lesional_status,grouped_seed2_fold1,modules_only,random_forest,10,4,"{'lesional': 5, 'non_lesional': 4, 'new_keloid_formation': 1}","{'non_lesional': 2, 'lesional': 2}",1.0,1.0,1.0,1.0,,"[[2, 0, 0], [0, 0, 0], [0, 0, 2]]","['lesional', 'new_keloid_formation', 'non_lesional']",
lesional_status,grouped_seed2_fold1,modules_only,hist_gradient_boosting,10,4,"{'lesional': 5, 'non_lesional': 4, 'new_keloid_formation': 1}","{'non_lesional': 2, 'lesional': 2}",0.5,0.3333333333333333,0.5,0.3333333333333333,,"[[2, 0, 0], [0, 0, 0], [2, 0, 0]]","['lesional', 'new_keloid_formation', 'non_lesional']",
lesional_status,grouped_seed2_fold1,modules_only,knn,10,4,"{'lesional': 5, 'non_lesional': 4, 'new_keloid_formation': 1}","{'non_lesional': 2, 'lesional': 2}",1.0,1.0,1.0,1.0,,"[[2, 0, 0], [0, 0, 0], [0, 0, 2]]","['lesional', 'new_keloid_formation', 'non_lesional']",
lesional_status,grouped_seed2_fold1,modules_only,small_mlp,10,4,,,,,,,,,,ValueError: The validation set is too small. Increase 'validation_fraction' or the size of your dataset.
lesional_status,grouped_seed2_fold2,shared_genes_plus_modules,majority,9,35,"{'lesional': 5, 'non_lesional': 4}","{'lesional': 19, 'non_lesional': 9, 'control': 6, 'new_keloid_formation': 1}",0.5428571428571428,0.382010582010582,0.25,0.17592592592592593,,"[[0, 6, 0, 0], [0, 19, 0, 0], [0, 1, 0, 0], [0, 9, 0, 0]]","['control', 'lesional', 'new_keloid_formation', 'non_lesional']",
lesional_status,grouped_seed2_fold2,shared_genes_plus_modules,stratified_random,9,35,"{'lesional': 5, 'non_lesional': 4}","{'lesional': 19, 'non_lesional': 9, 'control': 6, 'new_keloid_formation': 1}",0.4,0.3725571725571726,0.24269005847953215,0.21205821205821207,,"[[0, 3, 0, 3], [0, 10, 0, 9], [0, 0, 0, 1], [0, 5, 0, 4]]","['control', 'lesional', 'new_keloid_formation', 'non_lesional']",
lesional_status,grouped_seed2_fold2,shared_genes_plus_modules,elastic_net_logreg,9,35,"{'lesional': 5, 'non_lesional': 4}","{'lesional': 19, 'non_lesional': 9, 'control': 6, 'new_keloid_formation': 1}",0.2857142857142857,0.16190476190476188,0.2631578947368421,0.13095238095238093,,"[[0, 0, 0, 6], [0, 1, 0, 18], [0, 1, 0, 0], [0, 0, 0, 9]]","['control', 'lesional', 'new_keloid_formation', 'non_lesional']",
lesional_status,grouped_seed2_fold2,shared_genes_plus_modules,linear_svm,9,35,"{'lesional': 5, 'non_lesional': 4}","{'lesional': 19, 'non_lesional': 9, 'control': 6, 'new_keloid_formation': 1}",0.2571428571428571,0.1051948051948052,0.25,0.10227272727272728,,"[[0, 0, 0, 6], [0, 0, 0, 19], [0, 0, 0, 1], [0, 0, 0, 9]]","['control', 'lesional', 'new_keloid_formation', 'non_lesional']",
lesional_status,grouped_seed2_fold2,shared_genes_plus_modules,random_forest,9,35,"{'lesional': 5, 'non_lesional': 4}","{'lesional': 19, 'non_lesional': 9, 'control': 6, 'new_keloid_formation': 1}",0.2857142857142857,0.16190476190476188,0.2631578947368421,0.13095238095238093,,"[[0, 0, 0, 6], [0, 1, 0, 18], [0, 1, 0, 0], [0, 0, 0, 9]]","['control', 'lesional', 'new_keloid_formation', 'non_lesional']",
lesional_status,grouped_seed2_fold2,shared_genes_plus_modules,hist_gradient_boosting,9,35,"{'lesional': 5, 'non_lesional': 4}","{'lesional': 19, 'non_lesional': 9, 'control': 6, 'new_keloid_formation': 1}",0.5428571428571428,0.382010582010582,0.25,0.17592592592592593,,"[[0, 6, 0, 0], [0, 19, 0, 0], [0, 1, 0, 0], [0, 9, 0, 0]]","['control', 'lesional', 'new_keloid_formation', 'non_lesional']",
lesional_status,grouped_seed2_fold2,shared_genes_plus_modules,knn,9,35,"{'lesional': 5, 'non_lesional': 4}","{'lesional': 19, 'non_lesional': 9, 'control': 6, 'new_keloid_formation': 1}",0.2857142857142857,0.16190476190476188,0.2631578947368421,0.13095238095238093,,"[[0, 0, 0, 6], [0, 1, 0, 18], [0, 1, 0, 0], [0, 0, 0, 9]]","['control', 'lesional', 'new_keloid_formation', 'non_lesional']",
lesional_status,grouped_seed2_fold2,shared_genes_plus_modules,small_mlp,9,35,,,,,,,,,,ValueError: The test_size = 1 should be greater or equal to the number of classes = 2
lesional_status,grouped_seed2_fold2,shared_genes,majority,9,35,"{'lesional': 5, 'non_lesional': 4}","{'lesional': 19, 'non_lesional': 9, 'control': 6, 'new_keloid_formation': 1}",0.5428571428571428,0.382010582010582,0.25,0.17592592592592593,,"[[0, 6, 0, 0], [0, 19, 0, 0], [0, 1, 0, 0], [0, 9, 0, 0]]","['control', 'lesional', 'new_keloid_formation', 'non_lesional']",
lesional_status,grouped_seed2_fold2,shared_genes,stratified_random,9,35,"{'lesional': 5, 'non_lesional': 4}","{'lesional': 19, 'non_lesional': 9, 'control': 6, 'new_keloid_formation': 1}",0.4,0.3725571725571726,0.24269005847953215,0.21205821205821207,,"[[0, 3, 0, 3], [0, 10, 0, 9], [0, 0, 0, 1], [0, 5, 0, 4]]","['control', 'lesional', 'new_keloid_formation', 'non_lesional']",
lesional_status,grouped_seed2_fold2,shared_genes,elastic_net_logreg,9,35,"{'lesional': 5, 'non_lesional': 4}","{'lesional': 19, 'non_lesional': 9, 'control': 6, 'new_keloid_formation': 1}",0.5714285714285714,0.4406469002695418,0.2777777777777778,0.22924528301886793,,"[[0, 6, 0, 0], [0, 19, 0, 0], [0, 1, 0, 0], [0, 8, 0, 1]]","['control', 'lesional', 'new_keloid_formation', 'non_lesional']",
lesional_status,grouped_seed2_fold2,shared_genes,linear_svm,9,35,"{'lesional': 5, 'non_lesional': 4}","{'lesional': 19, 'non_lesional': 9, 'control': 6, 'new_keloid_formation': 1}",0.5714285714285714,0.4406469002695418,0.2777777777777778,0.22924528301886793,,"[[0, 6, 0, 0], [0, 19, 0, 0], [0, 1, 0, 0], [0, 8, 0, 1]]","['control', 'lesional', 'new_keloid_formation', 'non_lesional']",
lesional_status,grouped_seed2_fold2,shared_genes,random_forest,9,35,"{'lesional': 5, 'non_lesional': 4}","{'lesional': 19, 'non_lesional': 9, 'control': 6, 'new_keloid_formation': 1}",0.5714285714285714,0.4406469002695418,0.2777777777777778,0.22924528301886793,,"[[0, 6, 0, 0], [0, 19, 0, 0], [0, 1, 0, 0], [0, 8, 0, 1]]","['control', 'lesional', 'new_keloid_formation', 'non_lesional']",
lesional_status,grouped_seed2_fold2,shared_genes,hist_gradient_boosting,9,35,"{'lesional': 5, 'non_lesional': 4}","{'lesional': 19, 'non_lesional': 9, 'control': 6, 'new_keloid_formation': 1}",0.5428571428571428,0.382010582010582,0.25,0.17592592592592593,,"[[0, 6, 0, 0], [0, 19, 0, 0], [0, 1, 0, 0], [0, 9, 0, 0]]","['control', 'lesional', 'new_keloid_formation', 'non_lesional']",
lesional_status,grouped_seed2_fold2,shared_genes,knn,9,35,"{'lesional': 5, 'non_lesional': 4}","{'lesional': 19, 'non_lesional': 9, 'control': 6, 'new_keloid_formation': 1}",0.5428571428571428,0.382010582010582,0.25,0.17592592592592593,,"[[0, 6, 0, 0], [0, 19, 0, 0], [0, 1, 0, 0], [0, 9, 0, 0]]","['control', 'lesional', 'new_keloid_formation', 'non_lesional']",
lesional_status,grouped_seed2_fold2,modules_only,majority,9,35,"{'lesional': 5, 'non_lesional': 4}","{'lesional': 19, 'non_lesional': 9, 'control': 6, 'new_keloid_formation': 1}",0.5428571428571428,0.382010582010582,0.25,0.17592592592592593,,"[[0, 6, 0, 0], [0, 19, 0, 0], [0, 1, 0, 0], [0, 9, 0, 0]]","['control', 'lesional', 'new_keloid_formation', 'non_lesional']",
lesional_status,grouped_seed2_fold2,modules_only,stratified_random,9,35,"{'lesional': 5, 'non_lesional': 4}","{'lesional': 19, 'non_lesional': 9, 'control': 6, 'new_keloid_formation': 1}",0.4,0.3725571725571726,0.24269005847953215,0.21205821205821207,,"[[0, 3, 0, 3], [0, 10, 0, 9], [0, 0, 0, 1], [0, 5, 0, 4]]","['control', 'lesional', 'new_keloid_formation', 'non_lesional']",
lesional_status,grouped_seed2_fold2,modules_only,elastic_net_logreg,9,35,"{'lesional': 5, 'non_lesional': 4}","{'lesional': 19, 'non_lesional': 9, 'control': 6, 'new_keloid_formation': 1}",0.2857142857142857,0.16190476190476188,0.2631578947368421,0.13095238095238093,,"[[0, 0, 0, 6], [0, 1, 0, 18], [0, 1, 0, 0], [0, 0, 0, 9]]","['control', 'lesional', 'new_keloid_formation', 'non_lesional']",
lesional_status,grouped_seed2_fold2,modules_only,linear_svm,9,35,"{'lesional': 5, 'non_lesional': 4}","{'lesional': 19, 'non_lesional': 9, 'control': 6, 'new_keloid_formation': 1}",0.2857142857142857,0.16190476190476188,0.2631578947368421,0.13095238095238093,,"[[0, 0, 0, 6], [0, 1, 0, 18], [0, 1, 0, 0], [0, 0, 0, 9]]","['control', 'lesional', 'new_keloid_formation', 'non_lesional']",
lesional_status,grouped_seed2_fold2,modules_only,random_forest,9,35,"{'lesional': 5, 'non_lesional': 4}","{'lesional': 19, 'non_lesional': 9, 'control': 6, 'new_keloid_formation': 1}",0.2857142857142857,0.16190476190476188,0.2631578947368421,0.13095238095238093,,"[[0, 0, 0, 6], [0, 1, 0, 18], [0, 1, 0, 0], [0, 0, 0, 9]]","['control', 'lesional', 'new_keloid_formation', 'non_lesional']",
lesional_status,grouped_seed2_fold2,modules_only,hist_gradient_boosting,9,35,"{'lesional': 5, 'non_lesional': 4}","{'lesional': 19, 'non_lesional': 9, 'control': 6, 'new_keloid_formation': 1}",0.5428571428571428,0.382010582010582,0.25,0.17592592592592593,,"[[0, 6, 0, 0], [0, 19, 0, 0], [0, 1, 0, 0], [0, 9, 0, 0]]","['control', 'lesional', 'new_keloid_formation', 'non_lesional']",
lesional_status,grouped_seed2_fold2,modules_only,knn,9,35,"{'lesional': 5, 'non_lesional': 4}","{'lesional': 19, 'non_lesional': 9, 'control': 6, 'new_keloid_formation': 1}",0.2857142857142857,0.16190476190476188,0.2631578947368421,0.13095238095238093,,"[[0, 0, 0, 6], [0, 1, 0, 18], [0, 1, 0, 0], [0, 0, 0, 9]]","['control', 'lesional', 'new_keloid_formation', 'non_lesional']",
lesional_status,grouped_seed2_fold2,modules_only,small_mlp,9,35,,,,,,,,,,ValueError: The test_size = 1 should be greater or equal to the number of classes = 2
lesional_status,grouped_seed2_fold3,shared_genes_plus_modules,majority,42,2,"{'lesional': 23, 'non_lesional': 12, 'control': 6, 'new_keloid_formation': 1}","{'non_lesional': 1, 'lesional': 1}",0.5,0.3333333333333333,0.5,0.3333333333333333,,"[[0, 0, 0, 0], [0, 1, 0, 0], [0, 0, 0, 0], [0, 1, 0, 0]]","['control', 'lesional', 'new_keloid_formation', 'non_lesional']",
lesional_status,grouped_seed2_fold3,shared_genes_plus_modules,stratified_random,42,2,"{'lesional': 23, 'non_lesional': 12, 'control': 6, 'new_keloid_formation': 1}","{'non_lesional': 1, 'lesional': 1}",0.0,0.0,0.0,0.0,,"[[0, 0, 0, 0], [0, 0, 1, 0], [0, 0, 0, 0], [0, 1, 0, 0]]","['control', 'lesional', 'new_keloid_formation', 'non_lesional']",
lesional_status,grouped_seed2_fold3,shared_genes_plus_modules,elastic_net_logreg,42,2,"{'lesional': 23, 'non_lesional': 12, 'control': 6, 'new_keloid_formation': 1}","{'non_lesional': 1, 'lesional': 1}",0.5,0.5,0.5,0.3333333333333333,,"[[0, 0, 0, 0], [0, 1, 0, 0], [0, 0, 0, 0], [1, 0, 0, 0]]","['control', 'lesional', 'new_keloid_formation', 'non_lesional']",
lesional_status,grouped_seed2_fold3,shared_genes_plus_modules,linear_svm,42,2,"{'lesional': 23, 'non_lesional': 12, 'control': 6, 'new_keloid_formation': 1}","{'non_lesional': 1, 'lesional': 1}",0.5,0.5,0.5,0.3333333333333333,,"[[0, 0, 0, 0], [0, 1, 0, 0], [0, 0, 0, 0], [1, 0, 0, 0]]","['control', 'lesional', 'new_keloid_formation', 'non_lesional']",
lesional_status,grouped_seed2_fold3,shared_genes_plus_modules,random_forest,42,2,"{'lesional': 23, 'non_lesional': 12, 'control': 6, 'new_keloid_formation': 1}","{'non_lesional': 1, 'lesional': 1}",1.0,1.0,1.0,1.0,,"[[0, 0, 0, 0], [0, 1, 0, 0], [0, 0, 0, 0], [0, 0, 0, 1]]","['control', 'lesional', 'new_keloid_formation', 'non_lesional']",
lesional_status,grouped_seed2_fold3,shared_genes_plus_modules,hist_gradient_boosting,42,2,"{'lesional': 23, 'non_lesional': 12, 'control': 6, 'new_keloid_formation': 1}","{'non_lesional': 1, 'lesional': 1}",0.5,0.3333333333333333,0.5,0.3333333333333333,,"[[0, 0, 0, 0], [0, 1, 0, 0], [0, 0, 0, 0], [0, 1, 0, 0]]","['control', 'lesional', 'new_keloid_formation', 'non_lesional']",
lesional_status,grouped_seed2_fold3,shared_genes_plus_modules,knn,42,2,"{'lesional': 23, 'non_lesional': 12, 'control': 6, 'new_keloid_formation': 1}","{'non_lesional': 1, 'lesional': 1}",0.5,0.3333333333333333,0.5,0.3333333333333333,,"[[0, 0, 0, 0], [0, 1, 0, 0], [0, 0, 0, 0], [0, 1, 0, 0]]","['control', 'lesional', 'new_keloid_formation', 'non_lesional']",
lesional_status,grouped_seed2_fold3,shared_genes_plus_modules,small_mlp,42,2,"{'lesional': 23, 'non_lesional': 12, 'control': 6, 'new_keloid_formation': 1}","{'non_lesional': 1, 'lesional': 1}",0.5,0.3333333333333333,0.5,0.3333333333333333,,"[[0, 0, 0, 0], [0, 1, 0, 0], [0, 0, 0, 0], [0, 1, 0, 0]]","['control', 'lesional', 'new_keloid_formation', 'non_lesional']",
lesional_status,grouped_seed2_fold3,shared_genes,majority,42,2,"{'lesional': 23, 'non_lesional': 12, 'control': 6, 'new_keloid_formation': 1}","{'non_lesional': 1, 'lesional': 1}",0.5,0.3333333333333333,0.5,0.3333333333333333,,"[[0, 0, 0, 0], [0, 1, 0, 0], [0, 0, 0, 0], [0, 1, 0, 0]]","['control', 'lesional', 'new_keloid_formation', 'non_lesional']",
lesional_status,grouped_seed2_fold3,shared_genes,stratified_random,42,2,"{'lesional': 23, 'non_lesional': 12, 'control': 6, 'new_keloid_formation': 1}","{'non_lesional': 1, 'lesional': 1}",0.0,0.0,0.0,0.0,,"[[0, 0, 0, 0], [0, 0, 1, 0], [0, 0, 0, 0], [0, 1, 0, 0]]","['control', 'lesional', 'new_keloid_formation', 'non_lesional']",
lesional_status,grouped_seed2_fold3,shared_genes,elastic_net_logreg,42,2,"{'lesional': 23, 'non_lesional': 12, 'control': 6, 'new_keloid_formation': 1}","{'non_lesional': 1, 'lesional': 1}",0.0,0.0,0.0,0.0,,"[[0, 0, 0, 0], [1, 0, 0, 0], [0, 0, 0, 0], [1, 0, 0, 0]]","['control', 'lesional', 'new_keloid_formation', 'non_lesional']",
lesional_status,grouped_seed2_fold3,shared_genes,linear_svm,42,2,"{'lesional': 23, 'non_lesional': 12, 'control': 6, 'new_keloid_formation': 1}","{'non_lesional': 1, 'lesional': 1}",0.5,0.3333333333333333,0.5,0.3333333333333333,,"[[0, 0, 0, 0], [0, 1, 0, 0], [0, 0, 0, 0], [0, 1, 0, 0]]","['control', 'lesional', 'new_keloid_formation', 'non_lesional']",
lesional_status,grouped_seed2_fold3,shared_genes,random_forest,42,2,"{'lesional': 23, 'non_lesional': 12, 'control': 6, 'new_keloid_formation': 1}","{'non_lesional': 1, 'lesional': 1}",0.0,0.0,0.0,0.0,,"[[0, 0, 0, 0], [1, 0, 0, 0], [0, 0, 0, 0], [1, 0, 0, 0]]","['control', 'lesional', 'new_keloid_formation', 'non_lesional']",
lesional_status,grouped_seed2_fold3,shared_genes,hist_gradient_boosting,42,2,"{'lesional': 23, 'non_lesional': 12, 'control': 6, 'new_keloid_formation': 1}","{'non_lesional': 1, 'lesional': 1}",0.5,0.3333333333333333,0.5,0.3333333333333333,,"[[0, 0, 0, 0], [0, 1, 0, 0], [0, 0, 0, 0], [0, 1, 0, 0]]","['control', 'lesional', 'new_keloid_formation', 'non_lesional']",
lesional_status,grouped_seed2_fold3,shared_genes,knn,42,2,"{'lesional': 23, 'non_lesional': 12, 'control': 6, 'new_keloid_formation': 1}","{'non_lesional': 1, 'lesional': 1}",0.5,0.3333333333333333,0.5,0.3333333333333333,,"[[0, 0, 0, 0], [0, 1, 0, 0], [0, 0, 0, 0], [0, 1, 0, 0]]","['control', 'lesional', 'new_keloid_formation', 'non_lesional']",
lesional_status,grouped_seed2_fold3,modules_only,majority,42,2,"{'lesional': 23, 'non_lesional': 12, 'control': 6, 'new_keloid_formation': 1}","{'non_lesional': 1, 'lesional': 1}",0.5,0.3333333333333333,0.5,0.3333333333333333,,"[[0, 0, 0, 0], [0, 1, 0, 0], [0, 0, 0, 0], [0, 1, 0, 0]]","['control', 'lesional', 'new_keloid_formation', 'non_lesional']",
lesional_status,grouped_seed2_fold3,modules_only,stratified_random,42,2,"{'lesional': 23, 'non_lesional': 12, 'control': 6, 'new_keloid_formation': 1}","{'non_lesional': 1, 'lesional': 1}",0.0,0.0,0.0,0.0,,"[[0, 0, 0, 0], [0, 0, 1, 0], [0, 0, 0, 0], [0, 1, 0, 0]]","['control', 'lesional', 'new_keloid_formation', 'non_lesional']",
lesional_status,grouped_seed2_fold3,modules_only,elastic_net_logreg,42,2,"{'lesional': 23, 'non_lesional': 12, 'control': 6, 'new_keloid_formation': 1}","{'non_lesional': 1, 'lesional': 1}",0.0,0.0,0.0,0.0,,"[[0, 0, 0, 0], [0, 0, 1, 0], [0, 0, 0, 0], [0, 1, 0, 0]]","['control', 'lesional', 'new_keloid_formation', 'non_lesional']",
lesional_status,grouped_seed2_fold3,modules_only,linear_svm,42,2,"{'lesional': 23, 'non_lesional': 12, 'control': 6, 'new_keloid_formation': 1}","{'non_lesional': 1, 'lesional': 1}",0.5,0.3333333333333333,0.5,0.3333333333333333,,"[[0, 0, 0, 0], [0, 1, 0, 0], [0, 0, 0, 0], [0, 1, 0, 0]]","['control', 'lesional', 'new_keloid_formation', 'non_lesional']",
lesional_status,grouped_seed2_fold3,modules_only,random_forest,42,2,"{'lesional': 23, 'non_lesional': 12, 'control': 6, 'new_keloid_formation': 1}","{'non_lesional': 1, 'lesional': 1}",1.0,1.0,1.0,1.0,,"[[0, 0, 0, 0], [0, 1, 0, 0], [0, 0, 0, 0], [0, 0, 0, 1]]","['control', 'lesional', 'new_keloid_formation', 'non_lesional']",
lesional_status,grouped_seed2_fold3,modules_only,hist_gradient_boosting,42,2,"{'lesional': 23, 'non_lesional': 12, 'control': 6, 'new_keloid_formation': 1}","{'non_lesional': 1, 'lesional': 1}",0.5,0.3333333333333333,0.5,0.3333333333333333,,"[[0, 0, 0, 0], [0, 1, 0, 0], [0, 0, 0, 0], [0, 1, 0, 0]]","['control', 'lesional', 'new_keloid_formation', 'non_lesional']",
lesional_status,grouped_seed2_fold3,modules_only,knn,42,2,"{'lesional': 23, 'non_lesional': 12, 'control': 6, 'new_keloid_formation': 1}","{'non_lesional': 1, 'lesional': 1}",0.5,0.3333333333333333,0.5,0.3333333333333333,,"[[0, 0, 0, 0], [0, 1, 0, 0], [0, 0, 0, 0], [0, 1, 0, 0]]","['control', 'lesional', 'new_keloid_formation', 'non_lesional']",
lesional_status,grouped_seed2_fold3,modules_only,small_mlp,42,2,"{'lesional': 23, 'non_lesional': 12, 'control': 6, 'new_keloid_formation': 1}","{'non_lesional': 1, 'lesional': 1}",0.5,0.5,0.5,0.3333333333333333,,"[[0, 0, 0, 0], [0, 1, 0, 0], [0, 0, 0, 0], [0, 0, 1, 0]]","['control', 'lesional', 'new_keloid_formation', 'non_lesional']",
lesional_status,grouped_seed2_fold4,shared_genes_plus_modules,majority,41,2,"{'lesional': 23, 'non_lesional': 12, 'control': 6}","{'non_lesional': 1, 'lesional': 1}",0.5,0.3333333333333333,0.5,0.3333333333333333,,"[[0, 0, 0], [0, 1, 0], [0, 1, 0]]","['control', 'lesional', 'non_lesional']",
lesional_status,grouped_seed2_fold4,shared_genes_plus_modules,stratified_random,41,2,"{'lesional': 23, 'non_lesional': 12, 'control': 6}","{'non_lesional': 1, 'lesional': 1}",0.0,0.0,0.0,0.0,,"[[0, 0, 0], [0, 0, 1], [0, 1, 0]]","['control', 'lesional', 'non_lesional']",
lesional_status,grouped_seed2_fold4,shared_genes_plus_modules,elastic_net_logreg,41,2,"{'lesional': 23, 'non_lesional': 12, 'control': 6}","{'non_lesional': 1, 'lesional': 1}",1.0,1.0,1.0,1.0,,"[[0, 0, 0], [0, 1, 0], [0, 0, 1]]","['control', 'lesional', 'non_lesional']",
lesional_status,grouped_seed2_fold4,shared_genes_plus_modules,linear_svm,41,2,"{'lesional': 23, 'non_lesional': 12, 'control': 6}","{'non_lesional': 1, 'lesional': 1}",0.5,0.5,0.5,0.3333333333333333,,"[[0, 0, 0], [0, 1, 0], [1, 0, 0]]","['control', 'lesional', 'non_lesional']",
lesional_status,grouped_seed2_fold4,shared_genes_plus_modules,random_forest,41,2,"{'lesional': 23, 'non_lesional': 12, 'control': 6}","{'non_lesional': 1, 'lesional': 1}",1.0,1.0,1.0,1.0,,"[[0, 0, 0], [0, 1, 0], [0, 0, 1]]","['control', 'lesional', 'non_lesional']",
lesional_status,grouped_seed2_fold4,shared_genes_plus_modules,hist_gradient_boosting,41,2,"{'lesional': 23, 'non_lesional': 12, 'control': 6}","{'non_lesional': 1, 'lesional': 1}",0.5,0.3333333333333333,0.5,0.3333333333333333,,"[[0, 0, 0], [0, 1, 0], [0, 1, 0]]","['control', 'lesional', 'non_lesional']",
lesional_status,grouped_seed2_fold4,shared_genes_plus_modules,knn,41,2,"{'lesional': 23, 'non_lesional': 12, 'control': 6}","{'non_lesional': 1, 'lesional': 1}",1.0,1.0,1.0,1.0,,"[[0, 0, 0], [0, 1, 0], [0, 0, 1]]","['control', 'lesional', 'non_lesional']",
lesional_status,grouped_seed2_fold4,shared_genes_plus_modules,small_mlp,41,2,"{'lesional': 23, 'non_lesional': 12, 'control': 6}","{'non_lesional': 1, 'lesional': 1}",0.0,0.0,0.0,0.0,,"[[0, 0, 0], [0, 0, 1], [0, 1, 0]]","['control', 'lesional', 'non_lesional']",
lesional_status,grouped_seed2_fold4,shared_genes,majority,41,2,"{'lesional': 23, 'non_lesional': 12, 'control': 6}","{'non_lesional': 1, 'lesional': 1}",0.5,0.3333333333333333,0.5,0.3333333333333333,,"[[0, 0, 0], [0, 1, 0], [0, 1, 0]]","['control', 'lesional', 'non_lesional']",
lesional_status,grouped_seed2_fold4,shared_genes,stratified_random,41,2,"{'lesional': 23, 'non_lesional': 12, 'control': 6}","{'non_lesional': 1, 'lesional': 1}",0.0,0.0,0.0,0.0,,"[[0, 0, 0], [0, 0, 1], [0, 1, 0]]","['control', 'lesional', 'non_lesional']",
lesional_status,grouped_seed2_fold4,shared_genes,elastic_net_logreg,41,2,"{'lesional': 23, 'non_lesional': 12, 'control': 6}","{'non_lesional': 1, 'lesional': 1}",1.0,1.0,1.0,1.0,,"[[0, 0, 0], [0, 1, 0], [0, 0, 1]]","['control', 'lesional', 'non_lesional']",
lesional_status,grouped_seed2_fold4,shared_genes,linear_svm,41,2,"{'lesional': 23, 'non_lesional': 12, 'control': 6}","{'non_lesional': 1, 'lesional': 1}",0.5,0.5,0.5,0.3333333333333333,,"[[0, 0, 0], [0, 1, 0], [1, 0, 0]]","['control', 'lesional', 'non_lesional']",
lesional_status,grouped_seed2_fold4,shared_genes,random_forest,41,2,"{'lesional': 23, 'non_lesional': 12, 'control': 6}","{'non_lesional': 1, 'lesional': 1}",1.0,1.0,1.0,1.0,,"[[0, 0, 0], [0, 1, 0], [0, 0, 1]]","['control', 'lesional', 'non_lesional']",
lesional_status,grouped_seed2_fold4,shared_genes,hist_gradient_boosting,41,2,"{'lesional': 23, 'non_lesional': 12, 'control': 6}","{'non_lesional': 1, 'lesional': 1}",0.5,0.3333333333333333,0.5,0.3333333333333333,,"[[0, 0, 0], [0, 1, 0], [0, 1, 0]]","['control', 'lesional', 'non_lesional']",
lesional_status,grouped_seed2_fold4,shared_genes,knn,41,2,"{'lesional': 23, 'non_lesional': 12, 'control': 6}","{'non_lesional': 1, 'lesional': 1}",0.5,0.3333333333333333,0.5,0.3333333333333333,,"[[0, 0, 0], [0, 1, 0], [0, 1, 0]]","['control', 'lesional', 'non_lesional']",
lesional_status,grouped_seed2_fold4,modules_only,majority,41,2,"{'lesional': 23, 'non_lesional': 12, 'control': 6}","{'non_lesional': 1, 'lesional': 1}",0.5,0.3333333333333333,0.5,0.3333333333333333,,"[[0, 0, 0], [0, 1, 0], [0, 1, 0]]","['control', 'lesional', 'non_lesional']",
lesional_status,grouped_seed2_fold4,modules_only,stratified_random,41,2,"{'lesional': 23, 'non_lesional': 12, 'control': 6}","{'non_lesional': 1, 'lesional': 1}",0.0,0.0,0.0,0.0,,"[[0, 0, 0], [0, 0, 1], [0, 1, 0]]","['control', 'lesional', 'non_lesional']",
lesional_status,grouped_seed2_fold4,modules_only,elastic_net_logreg,41,2,"{'lesional': 23, 'non_lesional': 12, 'control': 6}","{'non_lesional': 1, 'lesional': 1}",1.0,1.0,1.0,1.0,,"[[0, 0, 0], [0, 1, 0], [0, 0, 1]]","['control', 'lesional', 'non_lesional']",
lesional_status,grouped_seed2_fold4,modules_only,linear_svm,41,2,"{'lesional': 23, 'non_lesional': 12, 'control': 6}","{'non_lesional': 1, 'lesional': 1}",1.0,1.0,1.0,1.0,,"[[0, 0, 0], [0, 1, 0], [0, 0, 1]]","['control', 'lesional', 'non_lesional']",
lesional_status,grouped_seed2_fold4,modules_only,random_forest,41,2,"{'lesional': 23, 'non_lesional': 12, 'control': 6}","{'non_lesional': 1, 'lesional': 1}",1.0,1.0,1.0,1.0,,"[[0, 0, 0], [0, 1, 0], [0, 0, 1]]","['control', 'lesional', 'non_lesional']",
lesional_status,grouped_seed2_fold4,modules_only,hist_gradient_boosting,41,2,"{'lesional': 23, 'non_lesional': 12, 'control': 6}","{'non_lesional': 1, 'lesional': 1}",0.5,0.3333333333333333,0.5,0.3333333333333333,,"[[0, 0, 0], [0, 1, 0], [0, 1, 0]]","['control', 'lesional', 'non_lesional']",
lesional_status,grouped_seed2_fold4,modules_only,knn,41,2,"{'lesional': 23, 'non_lesional': 12, 'control': 6}","{'non_lesional': 1, 'lesional': 1}",1.0,1.0,1.0,1.0,,"[[0, 0, 0], [0, 1, 0], [0, 0, 1]]","['control', 'lesional', 'non_lesional']",
lesional_status,grouped_seed2_fold4,modules_only,small_mlp,41,2,"{'lesional': 23, 'non_lesional': 12, 'control': 6}","{'non_lesional': 1, 'lesional': 1}",1.0,1.0,1.0,1.0,,"[[0, 0, 0], [0, 1, 0], [0, 0, 1]]","['control', 'lesional', 'non_lesional']",
lesional_status,leave_accession_out_GSE158395,shared_genes_plus_modules,majority,7,7,"{'non_lesional': 3, 'lesional': 3, 'new_keloid_formation': 1}","{'lesional': 4, 'non_lesional': 3}",0.5714285714285714,0.4155844155844156,0.5,0.36363636363636365,,"[[4, 0, 0], [0, 0, 0], [3, 0, 0]]","['lesional', 'new_keloid_formation', 'non_lesional']",
lesional_status,leave_accession_out_GSE158395,shared_genes_plus_modules,stratified_random,7,7,"{'non_lesional': 3, 'lesional': 3, 'new_keloid_formation': 1}","{'lesional': 4, 'non_lesional': 3}",0.5714285714285714,0.5952380952380951,0.5416666666666666,0.38888888888888884,,"[[3, 1, 0], [0, 0, 0], [2, 0, 1]]","['lesional', 'new_keloid_formation', 'non_lesional']",
lesional_status,leave_accession_out_GSE158395,shared_genes_plus_modules,elastic_net_logreg,7,7,"{'non_lesional': 3, 'lesional': 3, 'new_keloid_formation': 1}","{'lesional': 4, 'non_lesional': 3}",0.8571428571428571,0.8507936507936508,0.8333333333333333,0.8444444444444444,,"[[4, 0, 0], [0, 0, 0], [1, 0, 2]]","['lesional', 'new_keloid_formation', 'non_lesional']",
lesional_status,leave_accession_out_GSE158395,shared_genes_plus_modules,linear_svm,7,7,"{'non_lesional': 3, 'lesional': 3, 'new_keloid_formation': 1}","{'lesional': 4, 'non_lesional': 3}",0.8571428571428571,0.8507936507936508,0.8333333333333333,0.8444444444444444,,"[[4, 0, 0], [0, 0, 0], [1, 0, 2]]","['lesional', 'new_keloid_formation', 'non_lesional']",
lesional_status,leave_accession_out_GSE158395,shared_genes_plus_modules,random_forest,7,7,"{'non_lesional': 3, 'lesional': 3, 'new_keloid_formation': 1}","{'lesional': 4, 'non_lesional': 3}",0.5714285714285714,0.4155844155844156,0.5,0.36363636363636365,,"[[4, 0, 0], [0, 0, 0], [3, 0, 0]]","['lesional', 'new_keloid_formation', 'non_lesional']",
lesional_status,leave_accession_out_GSE158395,shared_genes_plus_modules,hist_gradient_boosting,7,7,"{'non_lesional': 3, 'lesional': 3, 'new_keloid_formation': 1}","{'lesional': 4, 'non_lesional': 3}",0.5714285714285714,0.4155844155844156,0.5,0.36363636363636365,,"[[4, 0, 0], [0, 0, 0], [3, 0, 0]]","['lesional', 'new_keloid_formation', 'non_lesional']",
lesional_status,leave_accession_out_GSE158395,shared_genes_plus_modules,knn,7,7,"{'non_lesional': 3, 'lesional': 3, 'new_keloid_formation': 1}","{'lesional': 4, 'non_lesional': 3}",0.5714285714285714,0.4155844155844156,0.5,0.36363636363636365,,"[[4, 0, 0], [0, 0, 0], [3, 0, 0]]","['lesional', 'new_keloid_formation', 'non_lesional']",
lesional_status,leave_accession_out_GSE158395,shared_genes_plus_modules,small_mlp,7,7,,,,,,,,,,ValueError: The validation set is too small. Increase 'validation_fraction' or the size of your dataset.
lesional_status,leave_accession_out_GSE158395,shared_genes,majority,7,7,"{'non_lesional': 3, 'lesional': 3, 'new_keloid_formation': 1}","{'lesional': 4, 'non_lesional': 3}",0.5714285714285714,0.4155844155844156,0.5,0.36363636363636365,,"[[4, 0, 0], [0, 0, 0], [3, 0, 0]]","['lesional', 'new_keloid_formation', 'non_lesional']",
lesional_status,leave_accession_out_GSE158395,shared_genes,stratified_random,7,7,"{'non_lesional': 3, 'lesional': 3, 'new_keloid_formation': 1}","{'lesional': 4, 'non_lesional': 3}",0.5714285714285714,0.5952380952380951,0.5416666666666666,0.38888888888888884,,"[[3, 1, 0], [0, 0, 0], [2, 0, 1]]","['lesional', 'new_keloid_formation', 'non_lesional']",
lesional_status,leave_accession_out_GSE158395,shared_genes,elastic_net_logreg,7,7,"{'non_lesional': 3, 'lesional': 3, 'new_keloid_formation': 1}","{'lesional': 4, 'non_lesional': 3}",0.5714285714285714,0.4155844155844156,0.5,0.36363636363636365,,"[[4, 0, 0], [0, 0, 0], [3, 0, 0]]","['lesional', 'new_keloid_formation', 'non_lesional']",
lesional_status,leave_accession_out_GSE158395,shared_genes,linear_svm,7,7,"{'non_lesional': 3, 'lesional': 3, 'new_keloid_formation': 1}","{'lesional': 4, 'non_lesional': 3}",0.42857142857142855,0.2571428571428571,0.5,0.3,,"[[0, 0, 4], [0, 0, 0], [0, 0, 3]]","['lesional', 'new_keloid_formation', 'non_lesional']",
lesional_status,leave_accession_out_GSE158395,shared_genes,random_forest,7,7,"{'non_lesional': 3, 'lesional': 3, 'new_keloid_formation': 1}","{'lesional': 4, 'non_lesional': 3}",0.5714285714285714,0.4155844155844156,0.5,0.36363636363636365,,"[[4, 0, 0], [0, 0, 0], [3, 0, 0]]","['lesional', 'new_keloid_formation', 'non_lesional']",
lesional_status,leave_accession_out_GSE158395,shared_genes,hist_gradient_boosting,7,7,"{'non_lesional': 3, 'lesional': 3, 'new_keloid_formation': 1}","{'lesional': 4, 'non_lesional': 3}",0.5714285714285714,0.4155844155844156,0.5,0.36363636363636365,,"[[4, 0, 0], [0, 0, 0], [3, 0, 0]]","['lesional', 'new_keloid_formation', 'non_lesional']",
lesional_status,leave_accession_out_GSE158395,shared_genes,knn,7,7,"{'non_lesional': 3, 'lesional': 3, 'new_keloid_formation': 1}","{'lesional': 4, 'non_lesional': 3}",0.5714285714285714,0.4155844155844156,0.5,0.36363636363636365,,"[[4, 0, 0], [0, 0, 0], [3, 0, 0]]","['lesional', 'new_keloid_formation', 'non_lesional']",
lesional_status,leave_accession_out_GSE158395,modules_only,majority,7,7,"{'non_lesional': 3, 'lesional': 3, 'new_keloid_formation': 1}","{'lesional': 4, 'non_lesional': 3}",0.5714285714285714,0.4155844155844156,0.5,0.36363636363636365,,"[[4, 0, 0], [0, 0, 0], [3, 0, 0]]","['lesional', 'new_keloid_formation', 'non_lesional']",
lesional_status,leave_accession_out_GSE158395,modules_only,stratified_random,7,7,"{'non_lesional': 3, 'lesional': 3, 'new_keloid_formation': 1}","{'lesional': 4, 'non_lesional': 3}",0.5714285714285714,0.5952380952380951,0.5416666666666666,0.38888888888888884,,"[[3, 1, 0], [0, 0, 0], [2, 0, 1]]","['lesional', 'new_keloid_formation', 'non_lesional']",
lesional_status,leave_accession_out_GSE158395,modules_only,elastic_net_logreg,7,7,"{'non_lesional': 3, 'lesional': 3, 'new_keloid_formation': 1}","{'lesional': 4, 'non_lesional': 3}",0.42857142857142855,0.5333333333333333,0.4583333333333333,0.37777777777777777,,"[[1, 3, 0], [0, 0, 0], [1, 0, 2]]","['lesional', 'new_keloid_formation', 'non_lesional']",
lesional_status,leave_accession_out_GSE158395,modules_only,linear_svm,7,7,"{'non_lesional': 3, 'lesional': 3, 'new_keloid_formation': 1}","{'lesional': 4, 'non_lesional': 3}",0.8571428571428571,0.8507936507936508,0.8333333333333333,0.8444444444444444,,"[[4, 0, 0], [0, 0, 0], [1, 0, 2]]","['lesional', 'new_keloid_formation', 'non_lesional']",
lesional_status,leave_accession_out_GSE158395,modules_only,random_forest,7,7,"{'non_lesional': 3, 'lesional': 3, 'new_keloid_formation': 1}","{'lesional': 4, 'non_lesional': 3}",0.8571428571428571,0.8507936507936508,0.8333333333333333,0.8444444444444444,,"[[4, 0, 0], [0, 0, 0], [1, 0, 2]]","['lesional', 'new_keloid_formation', 'non_lesional']",
lesional_status,leave_accession_out_GSE158395,modules_only,hist_gradient_boosting,7,7,"{'non_lesional': 3, 'lesional': 3, 'new_keloid_formation': 1}","{'lesional': 4, 'non_lesional': 3}",0.5714285714285714,0.4155844155844156,0.5,0.36363636363636365,,"[[4, 0, 0], [0, 0, 0], [3, 0, 0]]","['lesional', 'new_keloid_formation', 'non_lesional']",
lesional_status,leave_accession_out_GSE158395,modules_only,knn,7,7,"{'non_lesional': 3, 'lesional': 3, 'new_keloid_formation': 1}","{'lesional': 4, 'non_lesional': 3}",0.7142857142857143,0.6714285714285715,0.6666666666666666,0.65,,"[[4, 0, 0], [0, 0, 0], [2, 0, 1]]","['lesional', 'new_keloid_formation', 'non_lesional']",
lesional_status,leave_accession_out_GSE158395,modules_only,small_mlp,7,7,,,,,,,,,,ValueError: The validation set is too small. Increase 'validation_fraction' or the size of your dataset.
lesional_status,leave_accession_out_GSE44270,shared_genes_plus_modules,majority,10,32,"{'lesional': 5, 'non_lesional': 4, 'new_keloid_formation': 1}","{'lesional': 18, 'non_lesional': 8, 'control': 6}",0.5625,0.40499999999999997,0.3333333333333333,0.24,,"[[0, 6, 0, 0], [0, 18, 0, 0], [0, 0, 0, 0], [0, 8, 0, 0]]","['control', 'lesional', 'new_keloid_formation', 'non_lesional']",
lesional_status,leave_accession_out_GSE44270,shared_genes_plus_modules,stratified_random,10,32,"{'lesional': 5, 'non_lesional': 4, 'new_keloid_formation': 1}","{'lesional': 18, 'non_lesional': 8, 'control': 6}",0.375,0.3692226890756303,0.2916666666666667,0.20378151260504201,,"[[0, 3, 0, 3], [0, 9, 2, 7], [0, 0, 0, 0], [0, 4, 1, 3]]","['control', 'lesional', 'new_keloid_formation', 'non_lesional']",
lesional_status,leave_accession_out_GSE44270,shared_genes_plus_modules,elastic_net_logreg,10,32,"{'lesional': 5, 'non_lesional': 4, 'new_keloid_formation': 1}","{'lesional': 18, 'non_lesional': 8, 'control': 6}",0.25,0.1,0.3333333333333333,0.13333333333333333,,"[[0, 0, 0, 6], [0, 0, 0, 18], [0, 0, 0, 0], [0, 0, 0, 8]]","['control', 'lesional', 'new_keloid_formation', 'non_lesional']",
lesional_status,leave_accession_out_GSE44270,shared_genes_plus_modules,linear_svm,10,32,"{'lesional': 5, 'non_lesional': 4, 'new_keloid_formation': 1}","{'lesional': 18, 'non_lesional': 8, 'control': 6}",0.25,0.1,0.3333333333333333,0.13333333333333333,,"[[0, 0, 0, 6], [0, 0, 0, 18], [0, 0, 0, 0], [0, 0, 0, 8]]","['control', 'lesional', 'new_keloid_formation', 'non_lesional']",
lesional_status,leave_accession_out_GSE44270,shared_genes_plus_modules,random_forest,10,32,"{'lesional': 5, 'non_lesional': 4, 'new_keloid_formation': 1}","{'lesional': 18, 'non_lesional': 8, 'control': 6}",0.25,0.1,0.3333333333333333,0.13333333333333333,,"[[0, 0, 0, 6], [0, 0, 0, 18], [0, 0, 0, 0], [0, 0, 0, 8]]","['control', 'lesional', 'new_keloid_formation', 'non_lesional']",
lesional_status,leave_accession_out_GSE44270,shared_genes_plus_modules,hist_gradient_boosting,10,32,"{'lesional': 5, 'non_lesional': 4, 'new_keloid_formation': 1}","{'lesional': 18, 'non_lesional': 8, 'control': 6}",0.5625,0.40499999999999997,0.3333333333333333,0.24,,"[[0, 6, 0, 0], [0, 18, 0, 0], [0, 0, 0, 0], [0, 8, 0, 0]]","['control', 'lesional', 'new_keloid_formation', 'non_lesional']",
lesional_status,leave_accession_out_GSE44270,shared_genes_plus_modules,knn,10,32,"{'lesional': 5, 'non_lesional': 4, 'new_keloid_formation': 1}","{'lesional': 18, 'non_lesional': 8, 'control': 6}",0.5625,0.40499999999999997,0.3333333333333333,0.24,,"[[0, 6, 0, 0], [0, 18, 0, 0], [0, 0, 0, 0], [0, 8, 0, 0]]","['control', 'lesional', 'new_keloid_formation', 'non_lesional']",
lesional_status,leave_accession_out_GSE44270,shared_genes_plus_modules,small_mlp,10,32,,,,,,,,,,ValueError: The validation set is too small. Increase 'validation_fraction' or the size of your dataset.
lesional_status,leave_accession_out_GSE44270,shared_genes,majority,10,32,"{'lesional': 5, 'non_lesional': 4, 'new_keloid_formation': 1}","{'lesional': 18, 'non_lesional': 8, 'control': 6}",0.5625,0.40499999999999997,0.3333333333333333,0.24,,"[[0, 6, 0, 0], [0, 18, 0, 0], [0, 0, 0, 0], [0, 8, 0, 0]]","['control', 'lesional', 'new_keloid_formation', 'non_lesional']",
lesional_status,leave_accession_out_GSE44270,shared_genes,stratified_random,10,32,"{'lesional': 5, 'non_lesional': 4, 'new_keloid_formation': 1}","{'lesional': 18, 'non_lesional': 8, 'control': 6}",0.375,0.3692226890756303,0.2916666666666667,0.20378151260504201,,"[[0, 3, 0, 3], [0, 9, 2, 7], [0, 0, 0, 0], [0, 4, 1, 3]]","['control', 'lesional', 'new_keloid_formation', 'non_lesional']",
lesional_status,leave_accession_out_GSE44270,shared_genes,elastic_net_logreg,10,32,"{'lesional': 5, 'non_lesional': 4, 'new_keloid_formation': 1}","{'lesional': 18, 'non_lesional': 8, 'control': 6}",0.5625,0.40499999999999997,0.3333333333333333,0.24,,"[[0, 6, 0, 0], [0, 18, 0, 0], [0, 0, 0, 0], [0, 8, 0, 0]]","['control', 'lesional', 'new_keloid_formation', 'non_lesional']",
lesional_status,leave_accession_out_GSE44270,shared_genes,linear_svm,10,32,"{'lesional': 5, 'non_lesional': 4, 'new_keloid_formation': 1}","{'lesional': 18, 'non_lesional': 8, 'control': 6}",0.5625,0.40499999999999997,0.3333333333333333,0.24,,"[[0, 6, 0, 0], [0, 18, 0, 0], [0, 0, 0, 0], [0, 8, 0, 0]]","['control', 'lesional', 'new_keloid_formation', 'non_lesional']",
lesional_status,leave_accession_out_GSE44270,shared_genes,random_forest,10,32,"{'lesional': 5, 'non_lesional': 4, 'new_keloid_formation': 1}","{'lesional': 18, 'non_lesional': 8, 'control': 6}",0.5625,0.40499999999999997,0.3333333333333333,0.24,,"[[0, 6, 0, 0], [0, 18, 0, 0], [0, 0, 0, 0], [0, 8, 0, 0]]","['control', 'lesional', 'new_keloid_formation', 'non_lesional']",
lesional_status,leave_accession_out_GSE44270,shared_genes,hist_gradient_boosting,10,32,"{'lesional': 5, 'non_lesional': 4, 'new_keloid_formation': 1}","{'lesional': 18, 'non_lesional': 8, 'control': 6}",0.5625,0.40499999999999997,0.3333333333333333,0.24,,"[[0, 6, 0, 0], [0, 18, 0, 0], [0, 0, 0, 0], [0, 8, 0, 0]]","['control', 'lesional', 'new_keloid_formation', 'non_lesional']",
lesional_status,leave_accession_out_GSE44270,shared_genes,knn,10,32,"{'lesional': 5, 'non_lesional': 4, 'new_keloid_formation': 1}","{'lesional': 18, 'non_lesional': 8, 'control': 6}",0.5625,0.40499999999999997,0.3333333333333333,0.24,,"[[0, 6, 0, 0], [0, 18, 0, 0], [0, 0, 0, 0], [0, 8, 0, 0]]","['control', 'lesional', 'new_keloid_formation', 'non_lesional']",
lesional_status,leave_accession_out_GSE44270,modules_only,majority,10,32,"{'lesional': 5, 'non_lesional': 4, 'new_keloid_formation': 1}","{'lesional': 18, 'non_lesional': 8, 'control': 6}",0.5625,0.40499999999999997,0.3333333333333333,0.24,,"[[0, 6, 0, 0], [0, 18, 0, 0], [0, 0, 0, 0], [0, 8, 0, 0]]","['control', 'lesional', 'new_keloid_formation', 'non_lesional']",
lesional_status,leave_accession_out_GSE44270,modules_only,stratified_random,10,32,"{'lesional': 5, 'non_lesional': 4, 'new_keloid_formation': 1}","{'lesional': 18, 'non_lesional': 8, 'control': 6}",0.375,0.3692226890756303,0.2916666666666667,0.20378151260504201,,"[[0, 3, 0, 3], [0, 9, 2, 7], [0, 0, 0, 0], [0, 4, 1, 3]]","['control', 'lesional', 'new_keloid_formation', 'non_lesional']",
lesional_status,leave_accession_out_GSE44270,modules_only,elastic_net_logreg,10,32,"{'lesional': 5, 'non_lesional': 4, 'new_keloid_formation': 1}","{'lesional': 18, 'non_lesional': 8, 'control': 6}",0.25,0.1,0.3333333333333333,0.13333333333333333,,"[[0, 0, 0, 6], [0, 0, 0, 18], [0, 0, 0, 0], [0, 0, 0, 8]]","['control', 'lesional', 'new_keloid_formation', 'non_lesional']",
lesional_status,leave_accession_out_GSE44270,modules_only,linear_svm,10,32,"{'lesional': 5, 'non_lesional': 4, 'new_keloid_formation': 1}","{'lesional': 18, 'non_lesional': 8, 'control': 6}",0.25,0.1,0.3333333333333333,0.13333333333333333,,"[[0, 0, 0, 6], [0, 0, 0, 18], [0, 0, 0, 0], [0, 0, 0, 8]]","['control', 'lesional', 'new_keloid_formation', 'non_lesional']",
lesional_status,leave_accession_out_GSE44270,modules_only,random_forest,10,32,"{'lesional': 5, 'non_lesional': 4, 'new_keloid_formation': 1}","{'lesional': 18, 'non_lesional': 8, 'control': 6}",0.25,0.1,0.3333333333333333,0.13333333333333333,,"[[0, 0, 0, 6], [0, 0, 0, 18], [0, 0, 0, 0], [0, 0, 0, 8]]","['control', 'lesional', 'new_keloid_formation', 'non_lesional']",
lesional_status,leave_accession_out_GSE44270,modules_only,hist_gradient_boosting,10,32,"{'lesional': 5, 'non_lesional': 4, 'new_keloid_formation': 1}","{'lesional': 18, 'non_lesional': 8, 'control': 6}",0.5625,0.40499999999999997,0.3333333333333333,0.24,,"[[0, 6, 0, 0], [0, 18, 0, 0], [0, 0, 0, 0], [0, 8, 0, 0]]","['control', 'lesional', 'new_keloid_formation', 'non_lesional']",
lesional_status,leave_accession_out_GSE44270,modules_only,knn,10,32,"{'lesional': 5, 'non_lesional': 4, 'new_keloid_formation': 1}","{'lesional': 18, 'non_lesional': 8, 'control': 6}",0.5625,0.40499999999999997,0.3333333333333333,0.24,,"[[0, 6, 0, 0], [0, 18, 0, 0], [0, 0, 0, 0], [0, 8, 0, 0]]","['control', 'lesional', 'new_keloid_formation', 'non_lesional']",
lesional_status,leave_accession_out_GSE44270,modules_only,small_mlp,10,32,,,,,,,,,,ValueError: The validation set is too small. Increase 'validation_fraction' or the size of your dataset.
lesional_status,leave_accession_out_GSE92566,shared_genes_plus_modules,majority,37,7,"{'lesional': 21, 'non_lesional': 10, 'control': 6}","{'non_lesional': 3, 'lesional': 3, 'new_keloid_formation': 1}",0.42857142857142855,0.2571428571428571,0.3333333333333333,0.19999999999999998,,"[[0, 0, 0, 0], [0, 3, 0, 0], [0, 1, 0, 0], [0, 3, 0, 0]]","['control', 'lesional', 'new_keloid_formation', 'non_lesional']",
lesional_status,leave_accession_out_GSE92566,shared_genes_plus_modules,stratified_random,37,7,"{'lesional': 21, 'non_lesional': 10, 'control': 6}","{'non_lesional': 3, 'lesional': 3, 'new_keloid_formation': 1}",0.2857142857142857,0.21428571428571427,0.2222222222222222,0.125,,"[[0, 0, 0, 0], [0, 2, 0, 1], [0, 1, 0, 0], [1, 2, 0, 0]]","['control', 'lesional', 'new_keloid_formation', 'non_lesional']",
lesional_status,leave_accession_out_GSE92566,shared_genes_plus_modules,elastic_net_logreg,37,7,"{'lesional': 21, 'non_lesional': 10, 'control': 6}","{'non_lesional': 3, 'lesional': 3, 'new_keloid_formation': 1}",0.7142857142857143,0.710204081632653,0.5555555555555555,0.41428571428571426,,"[[0, 0, 0, 0], [0, 3, 0, 0], [0, 1, 0, 0], [1, 0, 0, 2]]","['control', 'lesional', 'new_keloid_formation', 'non_lesional']",
lesional_status,leave_accession_out_GSE92566,shared_genes_plus_modules,linear_svm,37,7,"{'lesional': 21, 'non_lesional': 10, 'control': 6}","{'non_lesional': 3, 'lesional': 3, 'new_keloid_formation': 1}",0.7142857142857143,0.7142857142857143,0.5555555555555555,0.41666666666666663,,"[[0, 0, 0, 0], [0, 3, 0, 0], [0, 0, 0, 1], [1, 0, 0, 2]]","['control', 'lesional', 'new_keloid_formation', 'non_lesional']",
lesional_status,leave_accession_out_GSE92566,shared_genes_plus_modules,random_forest,37,7,"{'lesional': 21, 'non_lesional': 10, 'control': 6}","{'non_lesional': 3, 'lesional': 3, 'new_keloid_formation': 1}",0.8571428571428571,0.7959183673469388,0.6666666666666666,0.6190476190476191,,"[[0, 0, 0, 0], [0, 3, 0, 0], [0, 1, 0, 0], [0, 0, 0, 3]]","['control', 'lesional', 'new_keloid_formation', 'non_lesional']",
lesional_status,leave_accession_out_GSE92566,shared_genes_plus_modules,hist_gradient_boosting,37,7,"{'lesional': 21, 'non_lesional': 10, 'control': 6}","{'non_lesional': 3, 'lesional': 3, 'new_keloid_formation': 1}",0.42857142857142855,0.2571428571428571,0.3333333333333333,0.19999999999999998,,"[[0, 0, 0, 0], [0, 3, 0, 0], [0, 1, 0, 0], [0, 3, 0, 0]]","['control', 'lesional', 'new_keloid_formation', 'non_lesional']",
lesional_status,leave_accession_out_GSE92566,shared_genes_plus_modules,knn,37,7,"{'lesional': 21, 'non_lesional': 10, 'control': 6}","{'non_lesional': 3, 'lesional': 3, 'new_keloid_formation': 1}",0.7142857142857143,0.6642857142857144,0.5555555555555555,0.5166666666666667,,"[[0, 0, 0, 0], [0, 3, 0, 0], [0, 1, 0, 0], [0, 1, 0, 2]]","['control', 'lesional', 'new_keloid_formation', 'non_lesional']",
lesional_status,leave_accession_out_GSE92566,shared_genes_plus_modules,small_mlp,37,7,"{'lesional': 21, 'non_lesional': 10, 'control': 6}","{'non_lesional': 3, 'lesional': 3, 'new_keloid_formation': 1}",0.7142857142857143,0.6642857142857144,0.5555555555555555,0.5166666666666667,,"[[0, 0, 0, 0], [0, 3, 0, 0], [0, 1, 0, 0], [0, 1, 0, 2]]","['control', 'lesional', 'new_keloid_formation', 'non_lesional']",
lesional_status,leave_accession_out_GSE92566,shared_genes,majority,37,7,"{'lesional': 21, 'non_lesional': 10, 'control': 6}","{'non_lesional': 3, 'lesional': 3, 'new_keloid_formation': 1}",0.42857142857142855,0.2571428571428571,0.3333333333333333,0.19999999999999998,,"[[0, 0, 0, 0], [0, 3, 0, 0], [0, 1, 0, 0], [0, 3, 0, 0]]","['control', 'lesional', 'new_keloid_formation', 'non_lesional']",
lesional_status,leave_accession_out_GSE92566,shared_genes,stratified_random,37,7,"{'lesional': 21, 'non_lesional': 10, 'control': 6}","{'non_lesional': 3, 'lesional': 3, 'new_keloid_formation': 1}",0.2857142857142857,0.21428571428571427,0.2222222222222222,0.125,,"[[0, 0, 0, 0], [0, 2, 0, 1], [0, 1, 0, 0], [1, 2, 0, 0]]","['control', 'lesional', 'new_keloid_formation', 'non_lesional']",
lesional_status,leave_accession_out_GSE92566,shared_genes,elastic_net_logreg,37,7,"{'lesional': 21, 'non_lesional': 10, 'control': 6}","{'non_lesional': 3, 'lesional': 3, 'new_keloid_formation': 1}",0.0,0.0,0.0,0.0,,"[[0, 0, 0, 0], [3, 0, 0, 0], [1, 0, 0, 0], [3, 0, 0, 0]]","['control', 'lesional', 'new_keloid_formation', 'non_lesional']",
lesional_status,leave_accession_out_GSE92566,shared_genes,linear_svm,37,7,"{'lesional': 21, 'non_lesional': 10, 'control': 6}","{'non_lesional': 3, 'lesional': 3, 'new_keloid_formation': 1}",0.42857142857142855,0.2571428571428571,0.3333333333333333,0.19999999999999998,,"[[0, 0, 0, 0], [0, 3, 0, 0], [0, 1, 0, 0], [0, 3, 0, 0]]","['control', 'lesional', 'new_keloid_formation', 'non_lesional']",
lesional_status,leave_accession_out_GSE92566,shared_genes,random_forest,37,7,"{'lesional': 21, 'non_lesional': 10, 'control': 6}","{'non_lesional': 3, 'lesional': 3, 'new_keloid_formation': 1}",0.42857142857142855,0.2571428571428571,0.3333333333333333,0.19999999999999998,,"[[0, 0, 0, 0], [0, 3, 0, 0], [0, 1, 0, 0], [0, 3, 0, 0]]","['control', 'lesional', 'new_keloid_formation', 'non_lesional']",
lesional_status,leave_accession_out_GSE92566,shared_genes,hist_gradient_boosting,37,7,"{'lesional': 21, 'non_lesional': 10, 'control': 6}","{'non_lesional': 3, 'lesional': 3, 'new_keloid_formation': 1}",0.42857142857142855,0.2571428571428571,0.3333333333333333,0.19999999999999998,,"[[0, 0, 0, 0], [0, 3, 0, 0], [0, 1, 0, 0], [0, 3, 0, 0]]","['control', 'lesional', 'new_keloid_formation', 'non_lesional']",
lesional_status,leave_accession_out_GSE92566,shared_genes,knn,37,7,"{'lesional': 21, 'non_lesional': 10, 'control': 6}","{'non_lesional': 3, 'lesional': 3, 'new_keloid_formation': 1}",0.42857142857142855,0.2571428571428571,0.3333333333333333,0.19999999999999998,,"[[0, 0, 0, 0], [0, 3, 0, 0], [0, 1, 0, 0], [0, 3, 0, 0]]","['control', 'lesional', 'new_keloid_formation', 'non_lesional']",
lesional_status,leave_accession_out_GSE92566,modules_only,majority,37,7,"{'lesional': 21, 'non_lesional': 10, 'control': 6}","{'non_lesional': 3, 'lesional': 3, 'new_keloid_formation': 1}",0.42857142857142855,0.2571428571428571,0.3333333333333333,0.19999999999999998,,"[[0, 0, 0, 0], [0, 3, 0, 0], [0, 1, 0, 0], [0, 3, 0, 0]]","['control', 'lesional', 'new_keloid_formation', 'non_lesional']",
lesional_status,leave_accession_out_GSE92566,modules_only,stratified_random,37,7,"{'lesional': 21, 'non_lesional': 10, 'control': 6}","{'non_lesional': 3, 'lesional': 3, 'new_keloid_formation': 1}",0.2857142857142857,0.21428571428571427,0.2222222222222222,0.125,,"[[0, 0, 0, 0], [0, 2, 0, 1], [0, 1, 0, 0], [1, 2, 0, 0]]","['control', 'lesional', 'new_keloid_formation', 'non_lesional']",
lesional_status,leave_accession_out_GSE92566,modules_only,elastic_net_logreg,37,7,"{'lesional': 21, 'non_lesional': 10, 'control': 6}","{'non_lesional': 3, 'lesional': 3, 'new_keloid_formation': 1}",0.7142857142857143,0.710204081632653,0.5555555555555555,0.41428571428571426,,"[[0, 0, 0, 0], [0, 3, 0, 0], [0, 1, 0, 0], [1, 0, 0, 2]]","['control', 'lesional', 'new_keloid_formation', 'non_lesional']",
lesional_status,leave_accession_out_GSE92566,modules_only,linear_svm,37,7,"{'lesional': 21, 'non_lesional': 10, 'control': 6}","{'non_lesional': 3, 'lesional': 3, 'new_keloid_formation': 1}",0.7142857142857143,0.7142857142857143,0.5555555555555555,0.41666666666666663,,"[[0, 0, 0, 0], [0, 3, 0, 0], [0, 0, 0, 1], [1, 0, 0, 2]]","['control', 'lesional', 'new_keloid_formation', 'non_lesional']",
lesional_status,leave_accession_out_GSE92566,modules_only,random_forest,37,7,"{'lesional': 21, 'non_lesional': 10, 'control': 6}","{'non_lesional': 3, 'lesional': 3, 'new_keloid_formation': 1}",0.8571428571428571,0.7959183673469388,0.6666666666666666,0.6190476190476191,,"[[0, 0, 0, 0], [0, 3, 0, 0], [0, 1, 0, 0], [0, 0, 0, 3]]","['control', 'lesional', 'new_keloid_formation', 'non_lesional']",
lesional_status,leave_accession_out_GSE92566,modules_only,hist_gradient_boosting,37,7,"{'lesional': 21, 'non_lesional': 10, 'control': 6}","{'non_lesional': 3, 'lesional': 3, 'new_keloid_formation': 1}",0.42857142857142855,0.2571428571428571,0.3333333333333333,0.19999999999999998,,"[[0, 0, 0, 0], [0, 3, 0, 0], [0, 1, 0, 0], [0, 3, 0, 0]]","['control', 'lesional', 'new_keloid_formation', 'non_lesional']",
lesional_status,leave_accession_out_GSE92566,modules_only,knn,37,7,"{'lesional': 21, 'non_lesional': 10, 'control': 6}","{'non_lesional': 3, 'lesional': 3, 'new_keloid_formation': 1}",0.7142857142857143,0.6642857142857144,0.5555555555555555,0.5166666666666667,,"[[0, 0, 0, 0], [0, 3, 0, 0], [0, 1, 0, 0], [0, 1, 0, 2]]","['control', 'lesional', 'new_keloid_formation', 'non_lesional']",
lesional_status,leave_accession_out_GSE92566,modules_only,small_mlp,37,7,"{'lesional': 21, 'non_lesional': 10, 'control': 6}","{'non_lesional': 3, 'lesional': 3, 'new_keloid_formation': 1}",0.8571428571428571,0.7959183673469388,0.6666666666666666,0.6190476190476191,,"[[0, 0, 0, 0], [0, 3, 0, 0], [0, 1, 0, 0], [0, 0, 0, 3]]","['control', 'lesional', 'new_keloid_formation', 'non_lesional']",
cell_type,grouped_seed0_fold0,shared_genes_plus_modules,majority,23,17,"{'muscle_fiber': 3, 'Endothelial': 3, 'Lymphatic_endothelial': 3, 'Fibroblast': 3, 'Keratinocyte': 3, 'Immune_cell': 3, 'Glandular': 2, 'Unknown': 1, 'Neural_cell': 1, 'Melanocytes': 1}","{'Endothelial': 2, 'Fibroblast': 2, 'Keratinocyte': 2, 'muscle_fiber': 2, 'Lymphatic_endothelial': 2, 'Immune_cell': 2, 'Glandular': 2, 'Unknown': 1, 'Neural_cell': 1, 'Melanocytes': 1}",0.11764705882352941,0.024767801857585137,0.1,0.021052631578947368,,"[[2, 0, 0, 0, 0, 0, 0, 0, 0, 0], [2, 0, 0, 0, 0, 0, 0, 0, 0, 0], [2, 0, 0, 0, 0, 0, 0, 0, 0, 0], [2, 0, 0, 0, 0, 0, 0, 0, 0, 0], [2, 0, 0, 0, 0, 0, 0, 0, 0, 0], [2, 0, 0, 0, 0, 0, 0, 0, 0, 0], [1, 0, 0, 0, 0, 0, 0, 0, 0, 0], [1, 0, 0, 0, 0, 0, 0, 0, 0, 0], [1, 0, 0, 0, 0, 0, 0, 0, 0, 0], [2, 0, 0, 0, 0, 0, 0, 0, 0, 0]]","['Endothelial', 'Fibroblast', 'Glandular', 'Immune_cell', 'Keratinocyte', 'Lymphatic_endothelial', 'Melanocytes', 'Neural_cell', 'Unknown', 'muscle_fiber']",
cell_type,grouped_seed0_fold0,shared_genes_plus_modules,stratified_random,23,17,"{'muscle_fiber': 3, 'Endothelial': 3, 'Lymphatic_endothelial': 3, 'Fibroblast': 3, 'Keratinocyte': 3, 'Immune_cell': 3, 'Glandular': 2, 'Unknown': 1, 'Neural_cell': 1, 'Melanocytes': 1}","{'Endothelial': 2, 'Fibroblast': 2, 'Keratinocyte': 2, 'muscle_fiber': 2, 'Lymphatic_endothelial': 2, 'Immune_cell': 2, 'Glandular': 2, 'Unknown': 1, 'Neural_cell': 1, 'Melanocytes': 1}",0.058823529411764705,0.058823529411764705,0.05,0.05,,"[[0, 0, 0, 1, 0, 1, 0, 0, 0, 0], [1, 0, 0, 0, 0, 1, 0, 0, 0, 0], [0, 0, 1, 0, 0, 1, 0, 0, 0, 0], [0, 0, 0, 0, 0, 0, 0, 2, 0, 0], [0, 0, 0, 0, 0, 0, 0, 1, 1, 0], [1, 0, 0, 1, 0, 0, 0, 0, 0, 0], [0, 0, 0, 0, 0, 0, 0, 1, 0, 0], [1, 0, 0, 0, 0, 0, 0, 0, 0, 0], [0, 0, 0, 0, 0, 0, 1, 0, 0, 0], [0, 0, 1, 0, 0, 1, 0, 0, 0, 0]]","['Endothelial', 'Fibroblast', 'Glandular', 'Immune_cell', 'Keratinocyte', 'Lymphatic_endothelial', 'Melanocytes', 'Neural_cell', 'Unknown', 'muscle_fiber']",
cell_type,grouped_seed0_fold0,shared_genes_plus_modules,elastic_net_logreg,23,17,"{'muscle_fiber': 3, 'Endothelial': 3, 'Lymphatic_endothelial': 3, 'Fibroblast': 3, 'Keratinocyte': 3, 'Immune_cell': 3, 'Glandular': 2, 'Unknown': 1, 'Neural_cell': 1, 'Melanocytes': 1}","{'Endothelial': 2, 'Fibroblast': 2, 'Keratinocyte': 2, 'muscle_fiber': 2, 'Lymphatic_endothelial': 2, 'Immune_cell': 2, 'Glandular': 2, 'Unknown': 1, 'Neural_cell': 1, 'Melanocytes': 1}",1.0,1.0,1.0,1.0,,"[[2, 0, 0, 0, 0, 0, 0, 0, 0, 0], [0, 2, 0, 0, 0, 0, 0, 0, 0, 0], [0, 0, 2, 0, 0, 0, 0, 0, 0, 0], [0, 0, 0, 2, 0, 0, 0, 0, 0, 0], [0, 0, 0, 0, 2, 0, 0, 0, 0, 0], [0, 0, 0, 0, 0, 2, 0, 0, 0, 0], [0, 0, 0, 0, 0, 0, 1, 0, 0, 0], [0, 0, 0, 0, 0, 0, 0, 1, 0, 0], [0, 0, 0, 0, 0, 0, 0, 0, 1, 0], [0, 0, 0, 0, 0, 0, 0, 0, 0, 2]]","['Endothelial', 'Fibroblast', 'Glandular', 'Immune_cell', 'Keratinocyte', 'Lymphatic_endothelial', 'Melanocytes', 'Neural_cell', 'Unknown', 'muscle_fiber']",
cell_type,grouped_seed0_fold0,shared_genes_plus_modules,linear_svm,23,17,"{'muscle_fiber': 3, 'Endothelial': 3, 'Lymphatic_endothelial': 3, 'Fibroblast': 3, 'Keratinocyte': 3, 'Immune_cell': 3, 'Glandular': 2, 'Unknown': 1, 'Neural_cell': 1, 'Melanocytes': 1}","{'Endothelial': 2, 'Fibroblast': 2, 'Keratinocyte': 2, 'muscle_fiber': 2, 'Lymphatic_endothelial': 2, 'Immune_cell': 2, 'Glandular': 2, 'Unknown': 1, 'Neural_cell': 1, 'Melanocytes': 1}",1.0,1.0,1.0,1.0,,"[[2, 0, 0, 0, 0, 0, 0, 0, 0, 0], [0, 2, 0, 0, 0, 0, 0, 0, 0, 0], [0, 0, 2, 0, 0, 0, 0, 0, 0, 0], [0, 0, 0, 2, 0, 0, 0, 0, 0, 0], [0, 0, 0, 0, 2, 0, 0, 0, 0, 0], [0, 0, 0, 0, 0, 2, 0, 0, 0, 0], [0, 0, 0, 0, 0, 0, 1, 0, 0, 0], [0, 0, 0, 0, 0, 0, 0, 1, 0, 0], [0, 0, 0, 0, 0, 0, 0, 0, 1, 0], [0, 0, 0, 0, 0, 0, 0, 0, 0, 2]]","['Endothelial', 'Fibroblast', 'Glandular', 'Immune_cell', 'Keratinocyte', 'Lymphatic_endothelial', 'Melanocytes', 'Neural_cell', 'Unknown', 'muscle_fiber']",
cell_type,grouped_seed0_fold0,shared_genes_plus_modules,random_forest,23,17,"{'muscle_fiber': 3, 'Endothelial': 3, 'Lymphatic_endothelial': 3, 'Fibroblast': 3, 'Keratinocyte': 3, 'Immune_cell': 3, 'Glandular': 2, 'Unknown': 1, 'Neural_cell': 1, 'Melanocytes': 1}","{'Endothelial': 2, 'Fibroblast': 2, 'Keratinocyte': 2, 'muscle_fiber': 2, 'Lymphatic_endothelial': 2, 'Immune_cell': 2, 'Glandular': 2, 'Unknown': 1, 'Neural_cell': 1, 'Melanocytes': 1}",0.8235294117647058,0.7607843137254902,0.8,0.7466666666666667,,"[[2, 0, 0, 0, 0, 0, 0, 0, 0, 0], [0, 2, 0, 0, 0, 0, 0, 0, 0, 0], [0, 0, 0, 1, 1, 0, 0, 0, 0, 0], [0, 0, 0, 2, 0, 0, 0, 0, 0, 0], [0, 0, 0, 0, 2, 0, 0, 0, 0, 0], [0, 0, 0, 0, 0, 2, 0, 0, 0, 0], [0, 0, 0, 0, 0, 0, 1, 0, 0, 0], [0, 0, 0, 0, 0, 0, 0, 1, 0, 0], [0, 0, 0, 1, 0, 0, 0, 0, 0, 0], [0, 0, 0, 0, 0, 0, 0, 0, 0, 2]]","['Endothelial', 'Fibroblast', 'Glandular', 'Immune_cell', 'Keratinocyte', 'Lymphatic_endothelial', 'Melanocytes', 'Neural_cell', 'Unknown', 'muscle_fiber']",
cell_type,grouped_seed0_fold0,shared_genes_plus_modules,hist_gradient_boosting,23,17,"{'muscle_fiber': 3, 'Endothelial': 3, 'Lymphatic_endothelial': 3, 'Fibroblast': 3, 'Keratinocyte': 3, 'Immune_cell': 3, 'Glandular': 2, 'Unknown': 1, 'Neural_cell': 1, 'Melanocytes': 1}","{'Endothelial': 2, 'Fibroblast': 2, 'Keratinocyte': 2, 'muscle_fiber': 2, 'Lymphatic_endothelial': 2, 'Immune_cell': 2, 'Glandular': 2, 'Unknown': 1, 'Neural_cell': 1, 'Melanocytes': 1}",0.11764705882352941,0.024767801857585137,0.1,0.021052631578947368,,"[[2, 0, 0, 0, 0, 0, 0, 0, 0, 0], [2, 0, 0, 0, 0, 0, 0, 0, 0, 0], [2, 0, 0, 0, 0, 0, 0, 0, 0, 0], [2, 0, 0, 0, 0, 0, 0, 0, 0, 0], [2, 0, 0, 0, 0, 0, 0, 0, 0, 0], [2, 0, 0, 0, 0, 0, 0, 0, 0, 0], [1, 0, 0, 0, 0, 0, 0, 0, 0, 0], [1, 0, 0, 0, 0, 0, 0, 0, 0, 0], [1, 0, 0, 0, 0, 0, 0, 0, 0, 0], [2, 0, 0, 0, 0, 0, 0, 0, 0, 0]]","['Endothelial', 'Fibroblast', 'Glandular', 'Immune_cell', 'Keratinocyte', 'Lymphatic_endothelial', 'Melanocytes', 'Neural_cell', 'Unknown', 'muscle_fiber']",
cell_type,grouped_seed0_fold0,shared_genes_plus_modules,knn,23,17,"{'muscle_fiber': 3, 'Endothelial': 3, 'Lymphatic_endothelial': 3, 'Fibroblast': 3, 'Keratinocyte': 3, 'Immune_cell': 3, 'Glandular': 2, 'Unknown': 1, 'Neural_cell': 1, 'Melanocytes': 1}","{'Endothelial': 2, 'Fibroblast': 2, 'Keratinocyte': 2, 'muscle_fiber': 2, 'Lymphatic_endothelial': 2, 'Immune_cell': 2, 'Glandular': 2, 'Unknown': 1, 'Neural_cell': 1, 'Melanocytes': 1}",0.7647058823529411,0.6901960784313725,0.65,0.5866666666666667,,"[[2, 0, 0, 0, 0, 0, 0, 0, 0, 0], [0, 2, 0, 0, 0, 0, 0, 0, 0, 0], [0, 0, 1, 0, 1, 0, 0, 0, 0, 0], [0, 0, 0, 2, 0, 0, 0, 0, 0, 0], [0, 0, 0, 0, 2, 0, 0, 0, 0, 0], [0, 0, 0, 0, 0, 2, 0, 0, 0, 0], [0, 0, 0, 0, 0, 0, 0, 0, 0, 1], [0, 1, 0, 0, 0, 0, 0, 0, 0, 0], [1, 0, 0, 0, 0, 0, 0, 0, 0, 0], [0, 0, 0, 0, 0, 0, 0, 0, 0, 2]]","['Endothelial', 'Fibroblast', 'Glandular', 'Immune_cell', 'Keratinocyte', 'Lymphatic_endothelial', 'Melanocytes', 'Neural_cell', 'Unknown', 'muscle_fiber']",
cell_type,grouped_seed0_fold0,shared_genes_plus_modules,small_mlp,23,17,"{'muscle_fiber': 3, 'Endothelial': 3, 'Lymphatic_endothelial': 3, 'Fibroblast': 3, 'Keratinocyte': 3, 'Immune_cell': 3, 'Glandular': 2, 'Unknown': 1, 'Neural_cell': 1, 'Melanocytes': 1}","{'Endothelial': 2, 'Fibroblast': 2, 'Keratinocyte': 2, 'muscle_fiber': 2, 'Lymphatic_endothelial': 2, 'Immune_cell': 2, 'Glandular': 2, 'Unknown': 1, 'Neural_cell': 1, 'Melanocytes': 1}",0.7058823529411765,0.615686274509804,0.65,0.5733333333333334,,"[[2, 0, 0, 0, 0, 0, 0, 0, 0, 0], [0, 1, 0, 0, 0, 0, 0, 0, 0, 1], [1, 0, 0, 0, 1, 0, 0, 0, 0, 0], [0, 0, 0, 2, 0, 0, 0, 0, 0, 0], [0, 0, 0, 0, 2, 0, 0, 0, 0, 0], [0, 0, 0, 0, 0, 2, 0, 0, 0, 0], [0, 0, 0, 0, 0, 0, 1, 0, 0, 0], [0, 0, 0, 0, 0, 0, 0, 0, 0, 1], [0, 0, 0, 0, 0, 1, 0, 0, 0, 0], [0, 0, 0, 0, 0, 0, 0, 0, 0, 2]]","['Endothelial', 'Fibroblast', 'Glandular', 'Immune_cell', 'Keratinocyte', 'Lymphatic_endothelial', 'Melanocytes', 'Neural_cell', 'Unknown', 'muscle_fiber']",
cell_type,grouped_seed0_fold0,shared_genes,majority,23,17,"{'muscle_fiber': 3, 'Endothelial': 3, 'Lymphatic_endothelial': 3, 'Fibroblast': 3, 'Keratinocyte': 3, 'Immune_cell': 3, 'Glandular': 2, 'Unknown': 1, 'Neural_cell': 1, 'Melanocytes': 1}","{'Endothelial': 2, 'Fibroblast': 2, 'Keratinocyte': 2, 'muscle_fiber': 2, 'Lymphatic_endothelial': 2, 'Immune_cell': 2, 'Glandular': 2, 'Unknown': 1, 'Neural_cell': 1, 'Melanocytes': 1}",0.11764705882352941,0.024767801857585137,0.1,0.021052631578947368,,"[[2, 0, 0, 0, 0, 0, 0, 0, 0, 0], [2, 0, 0, 0, 0, 0, 0, 0, 0, 0], [2, 0, 0, 0, 0, 0, 0, 0, 0, 0], [2, 0, 0, 0, 0, 0, 0, 0, 0, 0], [2, 0, 0, 0, 0, 0, 0, 0, 0, 0], [2, 0, 0, 0, 0, 0, 0, 0, 0, 0], [1, 0, 0, 0, 0, 0, 0, 0, 0, 0], [1, 0, 0, 0, 0, 0, 0, 0, 0, 0], [1, 0, 0, 0, 0, 0, 0, 0, 0, 0], [2, 0, 0, 0, 0, 0, 0, 0, 0, 0]]","['Endothelial', 'Fibroblast', 'Glandular', 'Immune_cell', 'Keratinocyte', 'Lymphatic_endothelial', 'Melanocytes', 'Neural_cell', 'Unknown', 'muscle_fiber']",
cell_type,grouped_seed0_fold0,shared_genes,stratified_random,23,17,"{'muscle_fiber': 3, 'Endothelial': 3, 'Lymphatic_endothelial': 3, 'Fibroblast': 3, 'Keratinocyte': 3, 'Immune_cell': 3, 'Glandular': 2, 'Unknown': 1, 'Neural_cell': 1, 'Melanocytes': 1}","{'Endothelial': 2, 'Fibroblast': 2, 'Keratinocyte': 2, 'muscle_fiber': 2, 'Lymphatic_endothelial': 2, 'Immune_cell': 2, 'Glandular': 2, 'Unknown': 1, 'Neural_cell': 1, 'Melanocytes': 1}",0.058823529411764705,0.058823529411764705,0.05,0.05,,"[[0, 0, 0, 1, 0, 1, 0, 0, 0, 0], [1, 0, 0, 0, 0, 1, 0, 0, 0, 0], [0, 0, 1, 0, 0, 1, 0, 0, 0, 0], [0, 0, 0, 0, 0, 0, 0, 2, 0, 0], [0, 0, 0, 0, 0, 0, 0, 1, 1, 0], [1, 0, 0, 1, 0, 0, 0, 0, 0, 0], [0, 0, 0, 0, 0, 0, 0, 1, 0, 0], [1, 0, 0, 0, 0, 0, 0, 0, 0, 0], [0, 0, 0, 0, 0, 0, 1, 0, 0, 0], [0, 0, 1, 0, 0, 1, 0, 0, 0, 0]]","['Endothelial', 'Fibroblast', 'Glandular', 'Immune_cell', 'Keratinocyte', 'Lymphatic_endothelial', 'Melanocytes', 'Neural_cell', 'Unknown', 'muscle_fiber']",
cell_type,grouped_seed0_fold0,shared_genes,elastic_net_logreg,23,17,"{'muscle_fiber': 3, 'Endothelial': 3, 'Lymphatic_endothelial': 3, 'Fibroblast': 3, 'Keratinocyte': 3, 'Immune_cell': 3, 'Glandular': 2, 'Unknown': 1, 'Neural_cell': 1, 'Melanocytes': 1}","{'Endothelial': 2, 'Fibroblast': 2, 'Keratinocyte': 2, 'muscle_fiber': 2, 'Lymphatic_endothelial': 2, 'Immune_cell': 2, 'Glandular': 2, 'Unknown': 1, 'Neural_cell': 1, 'Melanocytes': 1}",1.0,1.0,1.0,1.0,,"[[2, 0, 0, 0, 0, 0, 0, 0, 0, 0], [0, 2, 0, 0, 0, 0, 0, 0, 0, 0], [0, 0, 2, 0, 0, 0, 0, 0, 0, 0], [0, 0, 0, 2, 0, 0, 0, 0, 0, 0], [0, 0, 0, 0, 2, 0, 0, 0, 0, 0], [0, 0, 0, 0, 0, 2, 0, 0, 0, 0], [0, 0, 0, 0, 0, 0, 1, 0, 0, 0], [0, 0, 0, 0, 0, 0, 0, 1, 0, 0], [0, 0, 0, 0, 0, 0, 0, 0, 1, 0], [0, 0, 0, 0, 0, 0, 0, 0, 0, 2]]","['Endothelial', 'Fibroblast', 'Glandular', 'Immune_cell', 'Keratinocyte', 'Lymphatic_endothelial', 'Melanocytes', 'Neural_cell', 'Unknown', 'muscle_fiber']",
cell_type,grouped_seed0_fold0,shared_genes,linear_svm,23,17,"{'muscle_fiber': 3, 'Endothelial': 3, 'Lymphatic_endothelial': 3, 'Fibroblast': 3, 'Keratinocyte': 3, 'Immune_cell': 3, 'Glandular': 2, 'Unknown': 1, 'Neural_cell': 1, 'Melanocytes': 1}","{'Endothelial': 2, 'Fibroblast': 2, 'Keratinocyte': 2, 'muscle_fiber': 2, 'Lymphatic_endothelial': 2, 'Immune_cell': 2, 'Glandular': 2, 'Unknown': 1, 'Neural_cell': 1, 'Melanocytes': 1}",1.0,1.0,1.0,1.0,,"[[2, 0, 0, 0, 0, 0, 0, 0, 0, 0], [0, 2, 0, 0, 0, 0, 0, 0, 0, 0], [0, 0, 2, 0, 0, 0, 0, 0, 0, 0], [0, 0, 0, 2, 0, 0, 0, 0, 0, 0], [0, 0, 0, 0, 2, 0, 0, 0, 0, 0], [0, 0, 0, 0, 0, 2, 0, 0, 0, 0], [0, 0, 0, 0, 0, 0, 1, 0, 0, 0], [0, 0, 0, 0, 0, 0, 0, 1, 0, 0], [0, 0, 0, 0, 0, 0, 0, 0, 1, 0], [0, 0, 0, 0, 0, 0, 0, 0, 0, 2]]","['Endothelial', 'Fibroblast', 'Glandular', 'Immune_cell', 'Keratinocyte', 'Lymphatic_endothelial', 'Melanocytes', 'Neural_cell', 'Unknown', 'muscle_fiber']",
cell_type,grouped_seed0_fold0,shared_genes,random_forest,23,17,"{'muscle_fiber': 3, 'Endothelial': 3, 'Lymphatic_endothelial': 3, 'Fibroblast': 3, 'Keratinocyte': 3, 'Immune_cell': 3, 'Glandular': 2, 'Unknown': 1, 'Neural_cell': 1, 'Melanocytes': 1}","{'Endothelial': 2, 'Fibroblast': 2, 'Keratinocyte': 2, 'muscle_fiber': 2, 'Lymphatic_endothelial': 2, 'Immune_cell': 2, 'Glandular': 2, 'Unknown': 1, 'Neural_cell': 1, 'Melanocytes': 1}",0.9411764705882353,0.9372549019607843,0.95,0.9466666666666667,,"[[2, 0, 0, 0, 0, 0, 0, 0, 0, 0], [0, 2, 0, 0, 0, 0, 0, 0, 0, 0], [0, 0, 1, 0, 1, 0, 0, 0, 0, 0], [0, 0, 0, 2, 0, 0, 0, 0, 0, 0], [0, 0, 0, 0, 2, 0, 0, 0, 0, 0], [0, 0, 0, 0, 0, 2, 0, 0, 0, 0], [0, 0, 0, 0, 0, 0, 1, 0, 0, 0], [0, 0, 0, 0, 0, 0, 0, 1, 0, 0], [0, 0, 0, 0, 0, 0, 0, 0, 1, 0], [0, 0, 0, 0, 0, 0, 0, 0, 0, 2]]","['Endothelial', 'Fibroblast', 'Glandular', 'Immune_cell', 'Keratinocyte', 'Lymphatic_endothelial', 'Melanocytes', 'Neural_cell', 'Unknown', 'muscle_fiber']",
cell_type,grouped_seed0_fold0,shared_genes,hist_gradient_boosting,23,17,"{'muscle_fiber': 3, 'Endothelial': 3, 'Lymphatic_endothelial': 3, 'Fibroblast': 3, 'Keratinocyte': 3, 'Immune_cell': 3, 'Glandular': 2, 'Unknown': 1, 'Neural_cell': 1, 'Melanocytes': 1}","{'Endothelial': 2, 'Fibroblast': 2, 'Keratinocyte': 2, 'muscle_fiber': 2, 'Lymphatic_endothelial': 2, 'Immune_cell': 2, 'Glandular': 2, 'Unknown': 1, 'Neural_cell': 1, 'Melanocytes': 1}",0.11764705882352941,0.024767801857585137,0.1,0.021052631578947368,,"[[2, 0, 0, 0, 0, 0, 0, 0, 0, 0], [2, 0, 0, 0, 0, 0, 0, 0, 0, 0], [2, 0, 0, 0, 0, 0, 0, 0, 0, 0], [2, 0, 0, 0, 0, 0, 0, 0, 0, 0], [2, 0, 0, 0, 0, 0, 0, 0, 0, 0], [2, 0, 0, 0, 0, 0, 0, 0, 0, 0], [1, 0, 0, 0, 0, 0, 0, 0, 0, 0], [1, 0, 0, 0, 0, 0, 0, 0, 0, 0], [1, 0, 0, 0, 0, 0, 0, 0, 0, 0], [2, 0, 0, 0, 0, 0, 0, 0, 0, 0]]","['Endothelial', 'Fibroblast', 'Glandular', 'Immune_cell', 'Keratinocyte', 'Lymphatic_endothelial', 'Melanocytes', 'Neural_cell', 'Unknown', 'muscle_fiber']",
cell_type,grouped_seed0_fold0,shared_genes,knn,23,17,"{'muscle_fiber': 3, 'Endothelial': 3, 'Lymphatic_endothelial': 3, 'Fibroblast': 3, 'Keratinocyte': 3, 'Immune_cell': 3, 'Glandular': 2, 'Unknown': 1, 'Neural_cell': 1, 'Melanocytes': 1}","{'Endothelial': 2, 'Fibroblast': 2, 'Keratinocyte': 2, 'muscle_fiber': 2, 'Lymphatic_endothelial': 2, 'Immune_cell': 2, 'Glandular': 2, 'Unknown': 1, 'Neural_cell': 1, 'Melanocytes': 1}",0.7647058823529411,0.6901960784313725,0.65,0.5866666666666667,,"[[2, 0, 0, 0, 0, 0, 0, 0, 0, 0], [0, 2, 0, 0, 0, 0, 0, 0, 0, 0], [0, 0, 1, 0, 1, 0, 0, 0, 0, 0], [0, 0, 0, 2, 0, 0, 0, 0, 0, 0], [0, 0, 0, 0, 2, 0, 0, 0, 0, 0], [0, 0, 0, 0, 0, 2, 0, 0, 0, 0], [0, 0, 0, 0, 0, 0, 0, 0, 0, 1], [0, 1, 0, 0, 0, 0, 0, 0, 0, 0], [1, 0, 0, 0, 0, 0, 0, 0, 0, 0], [0, 0, 0, 0, 0, 0, 0, 0, 0, 2]]","['Endothelial', 'Fibroblast', 'Glandular', 'Immune_cell', 'Keratinocyte', 'Lymphatic_endothelial', 'Melanocytes', 'Neural_cell', 'Unknown', 'muscle_fiber']",
cell_type,grouped_seed0_fold0,modules_only,majority,23,17,"{'muscle_fiber': 3, 'Endothelial': 3, 'Lymphatic_endothelial': 3, 'Fibroblast': 3, 'Keratinocyte': 3, 'Immune_cell': 3, 'Glandular': 2, 'Unknown': 1, 'Neural_cell': 1, 'Melanocytes': 1}","{'Endothelial': 2, 'Fibroblast': 2, 'Keratinocyte': 2, 'muscle_fiber': 2, 'Lymphatic_endothelial': 2, 'Immune_cell': 2, 'Glandular': 2, 'Unknown': 1, 'Neural_cell': 1, 'Melanocytes': 1}",0.11764705882352941,0.024767801857585137,0.1,0.021052631578947368,,"[[2, 0, 0, 0, 0, 0, 0, 0, 0, 0], [2, 0, 0, 0, 0, 0, 0, 0, 0, 0], [2, 0, 0, 0, 0, 0, 0, 0, 0, 0], [2, 0, 0, 0, 0, 0, 0, 0, 0, 0], [2, 0, 0, 0, 0, 0, 0, 0, 0, 0], [2, 0, 0, 0, 0, 0, 0, 0, 0, 0], [1, 0, 0, 0, 0, 0, 0, 0, 0, 0], [1, 0, 0, 0, 0, 0, 0, 0, 0, 0], [1, 0, 0, 0, 0, 0, 0, 0, 0, 0], [2, 0, 0, 0, 0, 0, 0, 0, 0, 0]]","['Endothelial', 'Fibroblast', 'Glandular', 'Immune_cell', 'Keratinocyte', 'Lymphatic_endothelial', 'Melanocytes', 'Neural_cell', 'Unknown', 'muscle_fiber']",
cell_type,grouped_seed0_fold0,modules_only,stratified_random,23,17,"{'muscle_fiber': 3, 'Endothelial': 3, 'Lymphatic_endothelial': 3, 'Fibroblast': 3, 'Keratinocyte': 3, 'Immune_cell': 3, 'Glandular': 2, 'Unknown': 1, 'Neural_cell': 1, 'Melanocytes': 1}","{'Endothelial': 2, 'Fibroblast': 2, 'Keratinocyte': 2, 'muscle_fiber': 2, 'Lymphatic_endothelial': 2, 'Immune_cell': 2, 'Glandular': 2, 'Unknown': 1, 'Neural_cell': 1, 'Melanocytes': 1}",0.058823529411764705,0.058823529411764705,0.05,0.05,,"[[0, 0, 0, 1, 0, 1, 0, 0, 0, 0], [1, 0, 0, 0, 0, 1, 0, 0, 0, 0], [0, 0, 1, 0, 0, 1, 0, 0, 0, 0], [0, 0, 0, 0, 0, 0, 0, 2, 0, 0], [0, 0, 0, 0, 0, 0, 0, 1, 1, 0], [1, 0, 0, 1, 0, 0, 0, 0, 0, 0], [0, 0, 0, 0, 0, 0, 0, 1, 0, 0], [1, 0, 0, 0, 0, 0, 0, 0, 0, 0], [0, 0, 0, 0, 0, 0, 1, 0, 0, 0], [0, 0, 1, 0, 0, 1, 0, 0, 0, 0]]","['Endothelial', 'Fibroblast', 'Glandular', 'Immune_cell', 'Keratinocyte', 'Lymphatic_endothelial', 'Melanocytes', 'Neural_cell', 'Unknown', 'muscle_fiber']",
cell_type,grouped_seed0_fold0,modules_only,elastic_net_logreg,23,17,"{'muscle_fiber': 3, 'Endothelial': 3, 'Lymphatic_endothelial': 3, 'Fibroblast': 3, 'Keratinocyte': 3, 'Immune_cell': 3, 'Glandular': 2, 'Unknown': 1, 'Neural_cell': 1, 'Melanocytes': 1}","{'Endothelial': 2, 'Fibroblast': 2, 'Keratinocyte': 2, 'muscle_fiber': 2, 'Lymphatic_endothelial': 2, 'Immune_cell': 2, 'Glandular': 2, 'Unknown': 1, 'Neural_cell': 1, 'Melanocytes': 1}",0.6470588235294118,0.5882352941176471,0.6,0.5333333333333334,,"[[2, 0, 0, 0, 0, 0, 0, 0, 0, 0], [0, 2, 0, 0, 0, 0, 0, 0, 0, 0], [0, 0, 0, 2, 0, 0, 0, 0, 0, 0], [0, 0, 0, 1, 0, 0, 0, 0, 1, 0], [0, 0, 0, 0, 2, 0, 0, 0, 0, 0], [0, 0, 1, 0, 0, 1, 0, 0, 0, 0], [0, 0, 0, 0, 1, 0, 0, 0, 0, 0], [0, 1, 0, 0, 0, 0, 0, 0, 0, 0], [0, 0, 0, 0, 0, 0, 0, 0, 1, 0], [0, 0, 0, 0, 0, 0, 0, 0, 0, 2]]","['Endothelial', 'Fibroblast', 'Glandular', 'Immune_cell', 'Keratinocyte', 'Lymphatic_endothelial', 'Melanocytes', 'Neural_cell', 'Unknown', 'muscle_fiber']",
cell_type,grouped_seed0_fold0,modules_only,linear_svm,23,17,"{'muscle_fiber': 3, 'Endothelial': 3, 'Lymphatic_endothelial': 3, 'Fibroblast': 3, 'Keratinocyte': 3, 'Immune_cell': 3, 'Glandular': 2, 'Unknown': 1, 'Neural_cell': 1, 'Melanocytes': 1}","{'Endothelial': 2, 'Fibroblast': 2, 'Keratinocyte': 2, 'muscle_fiber': 2, 'Lymphatic_endothelial': 2, 'Immune_cell': 2, 'Glandular': 2, 'Unknown': 1, 'Neural_cell': 1, 'Melanocytes': 1}",0.6470588235294118,0.6078431372549019,0.6,0.55,,"[[2, 0, 0, 0, 0, 0, 0, 0, 0, 0], [0, 2, 0, 0, 0, 0, 0, 0, 0, 0], [0, 0, 0, 1, 0, 0, 1, 0, 0, 0], [0, 1, 0, 1, 0, 0, 0, 0, 0, 0], [0, 0, 0, 0, 2, 0, 0, 0, 0, 0], [0, 0, 1, 0, 0, 1, 0, 0, 0, 0], [0, 0, 0, 0, 0, 0, 1, 0, 0, 0], [0, 1, 0, 0, 0, 0, 0, 0, 0, 0], [0, 0, 1, 0, 0, 0, 0, 0, 0, 0], [0, 0, 0, 0, 0, 0, 0, 0, 0, 2]]","['Endothelial', 'Fibroblast', 'Glandular', 'Immune_cell', 'Keratinocyte', 'Lymphatic_endothelial', 'Melanocytes', 'Neural_cell', 'Unknown', 'muscle_fiber']",
cell_type,grouped_seed0_fold0,modules_only,random_forest,23,17,"{'muscle_fiber': 3, 'Endothelial': 3, 'Lymphatic_endothelial': 3, 'Fibroblast': 3, 'Keratinocyte': 3, 'Immune_cell': 3, 'Glandular': 2, 'Unknown': 1, 'Neural_cell': 1, 'Melanocytes': 1}","{'Endothelial': 2, 'Fibroblast': 2, 'Keratinocyte': 2, 'muscle_fiber': 2, 'Lymphatic_endothelial': 2, 'Immune_cell': 2, 'Glandular': 2, 'Unknown': 1, 'Neural_cell': 1, 'Melanocytes': 1}",0.5882352941176471,0.5294117647058824,0.5,0.45,,"[[2, 0, 0, 0, 0, 0, 0, 0, 0, 0], [0, 2, 0, 0, 0, 0, 0, 0, 0, 0], [0, 0, 0, 2, 0, 0, 0, 0, 0, 0], [0, 0, 0, 1, 0, 1, 0, 0, 0, 0], [0, 0, 0, 0, 2, 0, 0, 0, 0, 0], [0, 0, 1, 0, 0, 1, 0, 0, 0, 0], [0, 0, 0, 1, 0, 0, 0, 0, 0, 0], [0, 1, 0, 0, 0, 0, 0, 0, 0, 0], [0, 1, 0, 0, 0, 0, 0, 0, 0, 0], [0, 0, 0, 0, 0, 0, 0, 0, 0, 2]]","['Endothelial', 'Fibroblast', 'Glandular', 'Immune_cell', 'Keratinocyte', 'Lymphatic_endothelial', 'Melanocytes', 'Neural_cell', 'Unknown', 'muscle_fiber']",
cell_type,grouped_seed0_fold0,modules_only,hist_gradient_boosting,23,17,"{'muscle_fiber': 3, 'Endothelial': 3, 'Lymphatic_endothelial': 3, 'Fibroblast': 3, 'Keratinocyte': 3, 'Immune_cell': 3, 'Glandular': 2, 'Unknown': 1, 'Neural_cell': 1, 'Melanocytes': 1}","{'Endothelial': 2, 'Fibroblast': 2, 'Keratinocyte': 2, 'muscle_fiber': 2, 'Lymphatic_endothelial': 2, 'Immune_cell': 2, 'Glandular': 2, 'Unknown': 1, 'Neural_cell': 1, 'Melanocytes': 1}",0.11764705882352941,0.024767801857585137,0.1,0.021052631578947368,,"[[2, 0, 0, 0, 0, 0, 0, 0, 0, 0], [2, 0, 0, 0, 0, 0, 0, 0, 0, 0], [2, 0, 0, 0, 0, 0, 0, 0, 0, 0], [2, 0, 0, 0, 0, 0, 0, 0, 0, 0], [2, 0, 0, 0, 0, 0, 0, 0, 0, 0], [2, 0, 0, 0, 0, 0, 0, 0, 0, 0], [1, 0, 0, 0, 0, 0, 0, 0, 0, 0], [1, 0, 0, 0, 0, 0, 0, 0, 0, 0], [1, 0, 0, 0, 0, 0, 0, 0, 0, 0], [2, 0, 0, 0, 0, 0, 0, 0, 0, 0]]","['Endothelial', 'Fibroblast', 'Glandular', 'Immune_cell', 'Keratinocyte', 'Lymphatic_endothelial', 'Melanocytes', 'Neural_cell', 'Unknown', 'muscle_fiber']",
cell_type,grouped_seed0_fold0,modules_only,knn,23,17,"{'muscle_fiber': 3, 'Endothelial': 3, 'Lymphatic_endothelial': 3, 'Fibroblast': 3, 'Keratinocyte': 3, 'Immune_cell': 3, 'Glandular': 2, 'Unknown': 1, 'Neural_cell': 1, 'Melanocytes': 1}","{'Endothelial': 2, 'Fibroblast': 2, 'Keratinocyte': 2, 'muscle_fiber': 2, 'Lymphatic_endothelial': 2, 'Immune_cell': 2, 'Glandular': 2, 'Unknown': 1, 'Neural_cell': 1, 'Melanocytes': 1}",0.5294117647058824,0.4789915966386554,0.45,0.40714285714285714,,"[[2, 0, 0, 0, 0, 0, 0, 0, 0, 0], [0, 2, 0, 0, 0, 0, 0, 0, 0, 0], [0, 0, 0, 1, 1, 0, 0, 0, 0, 0], [0, 1, 0, 1, 0, 0, 0, 0, 0, 0], [0, 0, 0, 1, 1, 0, 0, 0, 0, 0], [0, 0, 1, 0, 0, 1, 0, 0, 0, 0], [0, 0, 0, 1, 0, 0, 0, 0, 0, 0], [0, 1, 0, 0, 0, 0, 0, 0, 0, 0], [0, 1, 0, 0, 0, 0, 0, 0, 0, 0], [0, 0, 0, 0, 0, 0, 0, 0, 0, 2]]","['Endothelial', 'Fibroblast', 'Glandular', 'Immune_cell', 'Keratinocyte', 'Lymphatic_endothelial', 'Melanocytes', 'Neural_cell', 'Unknown', 'muscle_fiber']",
cell_type,grouped_seed0_fold0,modules_only,small_mlp,23,17,"{'muscle_fiber': 3, 'Endothelial': 3, 'Lymphatic_endothelial': 3, 'Fibroblast': 3, 'Keratinocyte': 3, 'Immune_cell': 3, 'Glandular': 2, 'Unknown': 1, 'Neural_cell': 1, 'Melanocytes': 1}","{'Endothelial': 2, 'Fibroblast': 2, 'Keratinocyte': 2, 'muscle_fiber': 2, 'Lymphatic_endothelial': 2, 'Immune_cell': 2, 'Glandular': 2, 'Unknown': 1, 'Neural_cell': 1, 'Melanocytes': 1}",0.058823529411764705,0.0784313725490196,0.05,0.06666666666666667,,"[[0, 0, 0, 0, 0, 0, 2, 0, 0, 0], [0, 1, 0, 0, 0, 0, 1, 0, 0, 0], [0, 0, 0, 0, 0, 0, 0, 2, 0, 0], [0, 0, 0, 0, 0, 0, 1, 1, 0, 0], [0, 0, 0, 0, 0, 0, 0, 2, 0, 0], [0, 0, 0, 0, 0, 0, 2, 0, 0, 0], [0, 0, 0, 0, 0, 0, 0, 1, 0, 0], [0, 0, 0, 0, 0, 0, 1, 0, 0, 0], [0, 0, 0, 0, 0, 0, 1, 0, 0, 0], [0, 0, 0, 0, 1, 1, 0, 0, 0, 0]]","['Endothelial', 'Fibroblast', 'Glandular', 'Immune_cell', 'Keratinocyte', 'Lymphatic_endothelial', 'Melanocytes', 'Neural_cell', 'Unknown', 'muscle_fiber']",
cell_type,grouped_seed0_fold1,shared_genes_plus_modules,majority,22,9,"{'Fibroblast': 3, 'Endothelial': 3, 'muscle_fiber': 3, 'Keratinocyte': 3, 'Immune_cell': 3, 'Lymphatic_endothelial': 3, 'Melanocytes': 2, 'Neural_cell': 1, 'Glandular': 1}","{'muscle_fiber': 1, 'Endothelial': 1, 'Lymphatic_endothelial': 1, 'Fibroblast': 1, 'Glandular': 1, 'Keratinocyte': 1, 'Unknown': 1, 'Neural_cell': 1, 'Immune_cell': 1}",0.1111111111111111,0.022222222222222223,0.1111111111111111,0.022222222222222223,,"[[1, 0, 0, 0, 0, 0, 0, 0, 0, 0], [1, 0, 0, 0, 0, 0, 0, 0, 0, 0], [1, 0, 0, 0, 0, 0, 0, 0, 0, 0], [1, 0, 0, 0, 0, 0, 0, 0, 0, 0], [1, 0, 0, 0, 0, 0, 0, 0, 0, 0], [1, 0, 0, 0, 0, 0, 0, 0, 0, 0], [0, 0, 0, 0, 0, 0, 0, 0, 0, 0], [1, 0, 0, 0, 0, 0, 0, 0, 0, 0], [1, 0, 0, 0, 0, 0, 0, 0, 0, 0], [1, 0, 0, 0, 0, 0, 0, 0, 0, 0]]","['Endothelial', 'Fibroblast', 'Glandular', 'Immune_cell', 'Keratinocyte', 'Lymphatic_endothelial', 'Melanocytes', 'Neural_cell', 'Unknown', 'muscle_fiber']",
cell_type,grouped_seed0_fold1,shared_genes_plus_modules,stratified_random,22,9,"{'Fibroblast': 3, 'Endothelial': 3, 'muscle_fiber': 3, 'Keratinocyte': 3, 'Immune_cell': 3, 'Lymphatic_endothelial': 3, 'Melanocytes': 2, 'Neural_cell': 1, 'Glandular': 1}","{'muscle_fiber': 1, 'Endothelial': 1, 'Lymphatic_endothelial': 1, 'Fibroblast': 1, 'Glandular': 1, 'Keratinocyte': 1, 'Unknown': 1, 'Neural_cell': 1, 'Immune_cell': 1}",0.1111111111111111,0.07407407407407407,0.1111111111111111,0.06666666666666667,,"[[1, 0, 0, 0, 0, 0, 0, 0, 0, 0], [0, 0, 0, 0, 0, 0, 0, 1, 0, 0], [0, 0, 0, 0, 0, 0, 1, 0, 0, 0], [0, 0, 0, 0, 0, 1, 0, 0, 0, 0], [0, 0, 0, 0, 0, 0, 0, 1, 0, 0], [0, 0, 0, 0, 0, 0, 0, 0, 0, 1], [0, 0, 0, 0, 0, 0, 0, 0, 0, 0], [1, 0, 0, 0, 0, 0, 0, 0, 0, 0], [0, 0, 0, 0, 0, 1, 0, 0, 0, 0], [0, 0, 0, 1, 0, 0, 0, 0, 0, 0]]","['Endothelial', 'Fibroblast', 'Glandular', 'Immune_cell', 'Keratinocyte', 'Lymphatic_endothelial', 'Melanocytes', 'Neural_cell', 'Unknown', 'muscle_fiber']",
cell_type,grouped_seed0_fold1,shared_genes_plus_modules,elastic_net_logreg,22,9,"{'Fibroblast': 3, 'Endothelial': 3, 'muscle_fiber': 3, 'Keratinocyte': 3, 'Immune_cell': 3, 'Lymphatic_endothelial': 3, 'Melanocytes': 2, 'Neural_cell': 1, 'Glandular': 1}","{'muscle_fiber': 1, 'Endothelial': 1, 'Lymphatic_endothelial': 1, 'Fibroblast': 1, 'Glandular': 1, 'Keratinocyte': 1, 'Unknown': 1, 'Neural_cell': 1, 'Immune_cell': 1}",0.8888888888888888,0.8518518518518517,0.8888888888888888,0.8518518518518517,,"[[1, 0, 0, 0, 0, 0, 0, 0, 0, 0], [0, 1, 0, 0, 0, 0, 0, 0, 0, 0], [0, 0, 1, 0, 0, 0, 0, 0, 0, 0], [0, 0, 0, 1, 0, 0, 0, 0, 0, 0], [0, 0, 0, 0, 1, 0, 0, 0, 0, 0], [0, 0, 0, 0, 0, 1, 0, 0, 0, 0], [0, 0, 0, 0, 0, 0, 0, 0, 0, 0], [0, 0, 0, 0, 0, 0, 0, 1, 0, 0], [0, 0, 1, 0, 0, 0, 0, 0, 0, 0], [0, 0, 0, 0, 0, 0, 0, 0, 0, 1]]","['Endothelial', 'Fibroblast', 'Glandular', 'Immune_cell', 'Keratinocyte', 'Lymphatic_endothelial', 'Melanocytes', 'Neural_cell', 'Unknown', 'muscle_fiber']",
cell_type,grouped_seed0_fold1,shared_genes_plus_modules,linear_svm,22,9,"{'Fibroblast': 3, 'Endothelial': 3, 'muscle_fiber': 3, 'Keratinocyte': 3, 'Immune_cell': 3, 'Lymphatic_endothelial': 3, 'Melanocytes': 2, 'Neural_cell': 1, 'Glandular': 1}","{'muscle_fiber': 1, 'Endothelial': 1, 'Lymphatic_endothelial': 1, 'Fibroblast': 1, 'Glandular': 1, 'Keratinocyte': 1, 'Unknown': 1, 'Neural_cell': 1, 'Immune_cell': 1}",0.8888888888888888,0.8518518518518517,0.8888888888888888,0.8518518518518517,,"[[1, 0, 0, 0, 0, 0, 0, 0, 0, 0], [0, 1, 0, 0, 0, 0, 0, 0, 0, 0], [0, 0, 1, 0, 0, 0, 0, 0, 0, 0], [0, 0, 0, 1, 0, 0, 0, 0, 0, 0], [0, 0, 0, 0, 1, 0, 0, 0, 0, 0], [0, 0, 0, 0, 0, 1, 0, 0, 0, 0], [0, 0, 0, 0, 0, 0, 0, 0, 0, 0], [0, 0, 0, 0, 0, 0, 0, 1, 0, 0], [0, 1, 0, 0, 0, 0, 0, 0, 0, 0], [0, 0, 0, 0, 0, 0, 0, 0, 0, 1]]","['Endothelial', 'Fibroblast', 'Glandular', 'Immune_cell', 'Keratinocyte', 'Lymphatic_endothelial', 'Melanocytes', 'Neural_cell', 'Unknown', 'muscle_fiber']",
cell_type,grouped_seed0_fold1,shared_genes_plus_modules,random_forest,22,9,"{'Fibroblast': 3, 'Endothelial': 3, 'muscle_fiber': 3, 'Keratinocyte': 3, 'Immune_cell': 3, 'Lymphatic_endothelial': 3, 'Melanocytes': 2, 'Neural_cell': 1, 'Glandular': 1}","{'muscle_fiber': 1, 'Endothelial': 1, 'Lymphatic_endothelial': 1, 'Fibroblast': 1, 'Glandular': 1, 'Keratinocyte': 1, 'Unknown': 1, 'Neural_cell': 1, 'Immune_cell': 1}",0.7777777777777778,0.7037037037037037,0.7777777777777778,0.7037037037037037,,"[[1, 0, 0, 0, 0, 0, 0, 0, 0, 0], [0, 1, 0, 0, 0, 0, 0, 0, 0, 0], [1, 0, 0, 0, 0, 0, 0, 0, 0, 0], [0, 0, 0, 1, 0, 0, 0, 0, 0, 0], [0, 0, 0, 0, 1, 0, 0, 0, 0, 0], [0, 0, 0, 0, 0, 1, 0, 0, 0, 0], [0, 0, 0, 0, 0, 0, 0, 0, 0, 0], [0, 0, 0, 0, 0, 0, 0, 1, 0, 0], [0, 0, 0, 1, 0, 0, 0, 0, 0, 0], [0, 0, 0, 0, 0, 0, 0, 0, 0, 1]]","['Endothelial', 'Fibroblast', 'Glandular', 'Immune_cell', 'Keratinocyte', 'Lymphatic_endothelial', 'Melanocytes', 'Neural_cell', 'Unknown', 'muscle_fiber']",
cell_type,grouped_seed0_fold1,shared_genes_plus_modules,hist_gradient_boosting,22,9,"{'Fibroblast': 3, 'Endothelial': 3, 'muscle_fiber': 3, 'Keratinocyte': 3, 'Immune_cell': 3, 'Lymphatic_endothelial': 3, 'Melanocytes': 2, 'Neural_cell': 1, 'Glandular': 1}","{'muscle_fiber': 1, 'Endothelial': 1, 'Lymphatic_endothelial': 1, 'Fibroblast': 1, 'Glandular': 1, 'Keratinocyte': 1, 'Unknown': 1, 'Neural_cell': 1, 'Immune_cell': 1}",0.1111111111111111,0.022222222222222223,0.1111111111111111,0.022222222222222223,,"[[1, 0, 0, 0, 0, 0, 0, 0, 0, 0], [1, 0, 0, 0, 0, 0, 0, 0, 0, 0], [1, 0, 0, 0, 0, 0, 0, 0, 0, 0], [1, 0, 0, 0, 0, 0, 0, 0, 0, 0], [1, 0, 0, 0, 0, 0, 0, 0, 0, 0], [1, 0, 0, 0, 0, 0, 0, 0, 0, 0], [0, 0, 0, 0, 0, 0, 0, 0, 0, 0], [1, 0, 0, 0, 0, 0, 0, 0, 0, 0], [1, 0, 0, 0, 0, 0, 0, 0, 0, 0], [1, 0, 0, 0, 0, 0, 0, 0, 0, 0]]","['Endothelial', 'Fibroblast', 'Glandular', 'Immune_cell', 'Keratinocyte', 'Lymphatic_endothelial', 'Melanocytes', 'Neural_cell', 'Unknown', 'muscle_fiber']",
cell_type,grouped_seed0_fold1,shared_genes_plus_modules,knn,22,9,"{'Fibroblast': 3, 'Endothelial': 3, 'muscle_fiber': 3, 'Keratinocyte': 3, 'Immune_cell': 3, 'Lymphatic_endothelial': 3, 'Melanocytes': 2, 'Neural_cell': 1, 'Glandular': 1}","{'muscle_fiber': 1, 'Endothelial': 1, 'Lymphatic_endothelial': 1, 'Fibroblast': 1, 'Glandular': 1, 'Keratinocyte': 1, 'Unknown': 1, 'Neural_cell': 1, 'Immune_cell': 1}",0.6666666666666666,0.574074074074074,0.6666666666666666,0.574074074074074,,"[[1, 0, 0, 0, 0, 0, 0, 0, 0, 0], [0, 1, 0, 0, 0, 0, 0, 0, 0, 0], [1, 0, 0, 0, 0, 0, 0, 0, 0, 0], [0, 0, 0, 1, 0, 0, 0, 0, 0, 0], [0, 0, 0, 0, 1, 0, 0, 0, 0, 0], [0, 0, 0, 0, 0, 1, 0, 0, 0, 0], [0, 0, 0, 0, 0, 0, 0, 0, 0, 0], [0, 1, 0, 0, 0, 0, 0, 0, 0, 0], [1, 0, 0, 0, 0, 0, 0, 0, 0, 0], [0, 0, 0, 0, 0, 0, 0, 0, 0, 1]]","['Endothelial', 'Fibroblast', 'Glandular', 'Immune_cell', 'Keratinocyte', 'Lymphatic_endothelial', 'Melanocytes', 'Neural_cell', 'Unknown', 'muscle_fiber']",
cell_type,grouped_seed0_fold1,shared_genes_plus_modules,small_mlp,22,9,"{'Fibroblast': 3, 'Endothelial': 3, 'muscle_fiber': 3, 'Keratinocyte': 3, 'Immune_cell': 3, 'Lymphatic_endothelial': 3, 'Melanocytes': 2, 'Neural_cell': 1, 'Glandular': 1}","{'muscle_fiber': 1, 'Endothelial': 1, 'Lymphatic_endothelial': 1, 'Fibroblast': 1, 'Glandular': 1, 'Keratinocyte': 1, 'Unknown': 1, 'Neural_cell': 1, 'Immune_cell': 1}",0.7777777777777778,0.7407407407407407,0.7777777777777778,0.7407407407407407,,"[[1, 0, 0, 0, 0, 0, 0, 0, 0, 0], [0, 1, 0, 0, 0, 0, 0, 0, 0, 0], [0, 0, 1, 0, 0, 0, 0, 0, 0, 0], [0, 0, 0, 1, 0, 0, 0, 0, 0, 0], [0, 0, 0, 0, 1, 0, 0, 0, 0, 0], [0, 0, 0, 0, 0, 1, 0, 0, 0, 0], [0, 0, 0, 0, 0, 0, 0, 0, 0, 0], [0, 1, 0, 0, 0, 0, 0, 0, 0, 0], [0, 0, 0, 0, 0, 0, 0, 1, 0, 0], [0, 0, 0, 0, 0, 0, 0, 0, 0, 1]]","['Endothelial', 'Fibroblast', 'Glandular', 'Immune_cell', 'Keratinocyte', 'Lymphatic_endothelial', 'Melanocytes', 'Neural_cell', 'Unknown', 'muscle_fiber']",
cell_type,grouped_seed0_fold1,shared_genes,majority,22,9,"{'Fibroblast': 3, 'Endothelial': 3, 'muscle_fiber': 3, 'Keratinocyte': 3, 'Immune_cell': 3, 'Lymphatic_endothelial': 3, 'Melanocytes': 2, 'Neural_cell': 1, 'Glandular': 1}","{'muscle_fiber': 1, 'Endothelial': 1, 'Lymphatic_endothelial': 1, 'Fibroblast': 1, 'Glandular': 1, 'Keratinocyte': 1, 'Unknown': 1, 'Neural_cell': 1, 'Immune_cell': 1}",0.1111111111111111,0.022222222222222223,0.1111111111111111,0.022222222222222223,,"[[1, 0, 0, 0, 0, 0, 0, 0, 0, 0], [1, 0, 0, 0, 0, 0, 0, 0, 0, 0], [1, 0, 0, 0, 0, 0, 0, 0, 0, 0], [1, 0, 0, 0, 0, 0, 0, 0, 0, 0], [1, 0, 0, 0, 0, 0, 0, 0, 0, 0], [1, 0, 0, 0, 0, 0, 0, 0, 0, 0], [0, 0, 0, 0, 0, 0, 0, 0, 0, 0], [1, 0, 0, 0, 0, 0, 0, 0, 0, 0], [1, 0, 0, 0, 0, 0, 0, 0, 0, 0], [1, 0, 0, 0, 0, 0, 0, 0, 0, 0]]","['Endothelial', 'Fibroblast', 'Glandular', 'Immune_cell', 'Keratinocyte', 'Lymphatic_endothelial', 'Melanocytes', 'Neural_cell', 'Unknown', 'muscle_fiber']",
cell_type,grouped_seed0_fold1,shared_genes,stratified_random,22,9,"{'Fibroblast': 3, 'Endothelial': 3, 'muscle_fiber': 3, 'Keratinocyte': 3, 'Immune_cell': 3, 'Lymphatic_endothelial': 3, 'Melanocytes': 2, 'Neural_cell': 1, 'Glandular': 1}","{'muscle_fiber': 1, 'Endothelial': 1, 'Lymphatic_endothelial': 1, 'Fibroblast': 1, 'Glandular': 1, 'Keratinocyte': 1, 'Unknown': 1, 'Neural_cell': 1, 'Immune_cell': 1}",0.1111111111111111,0.07407407407407407,0.1111111111111111,0.06666666666666667,,"[[1, 0, 0, 0, 0, 0, 0, 0, 0, 0], [0, 0, 0, 0, 0, 0, 0, 1, 0, 0], [0, 0, 0, 0, 0, 0, 1, 0, 0, 0], [0, 0, 0, 0, 0, 1, 0, 0, 0, 0], [0, 0, 0, 0, 0, 0, 0, 1, 0, 0], [0, 0, 0, 0, 0, 0, 0, 0, 0, 1], [0, 0, 0, 0, 0, 0, 0, 0, 0, 0], [1, 0, 0, 0, 0, 0, 0, 0, 0, 0], [0, 0, 0, 0, 0, 1, 0, 0, 0, 0], [0, 0, 0, 1, 0, 0, 0, 0, 0, 0]]","['Endothelial', 'Fibroblast', 'Glandular', 'Immune_cell', 'Keratinocyte', 'Lymphatic_endothelial', 'Melanocytes', 'Neural_cell', 'Unknown', 'muscle_fiber']",
cell_type,grouped_seed0_fold1,shared_genes,elastic_net_logreg,22,9,"{'Fibroblast': 3, 'Endothelial': 3, 'muscle_fiber': 3, 'Keratinocyte': 3, 'Immune_cell': 3, 'Lymphatic_endothelial': 3, 'Melanocytes': 2, 'Neural_cell': 1, 'Glandular': 1}","{'muscle_fiber': 1, 'Endothelial': 1, 'Lymphatic_endothelial': 1, 'Fibroblast': 1, 'Glandular': 1, 'Keratinocyte': 1, 'Unknown': 1, 'Neural_cell': 1, 'Immune_cell': 1}",0.8888888888888888,0.8518518518518517,0.8888888888888888,0.8518518518518517,,"[[1, 0, 0, 0, 0, 0, 0, 0, 0, 0], [0, 1, 0, 0, 0, 0, 0, 0, 0, 0], [0, 0, 1, 0, 0, 0, 0, 0, 0, 0], [0, 0, 0, 1, 0, 0, 0, 0, 0, 0], [0, 0, 0, 0, 1, 0, 0, 0, 0, 0], [0, 0, 0, 0, 0, 1, 0, 0, 0, 0], [0, 0, 0, 0, 0, 0, 0, 0, 0, 0], [0, 0, 0, 0, 0, 0, 0, 1, 0, 0], [0, 0, 1, 0, 0, 0, 0, 0, 0, 0], [0, 0, 0, 0, 0, 0, 0, 0, 0, 1]]","['Endothelial', 'Fibroblast', 'Glandular', 'Immune_cell', 'Keratinocyte', 'Lymphatic_endothelial', 'Melanocytes', 'Neural_cell', 'Unknown', 'muscle_fiber']",
cell_type,grouped_seed0_fold1,shared_genes,linear_svm,22,9,"{'Fibroblast': 3, 'Endothelial': 3, 'muscle_fiber': 3, 'Keratinocyte': 3, 'Immune_cell': 3, 'Lymphatic_endothelial': 3, 'Melanocytes': 2, 'Neural_cell': 1, 'Glandular': 1}","{'muscle_fiber': 1, 'Endothelial': 1, 'Lymphatic_endothelial': 1, 'Fibroblast': 1, 'Glandular': 1, 'Keratinocyte': 1, 'Unknown': 1, 'Neural_cell': 1, 'Immune_cell': 1}",0.8888888888888888,0.8518518518518517,0.8888888888888888,0.8518518518518517,,"[[1, 0, 0, 0, 0, 0, 0, 0, 0, 0], [0, 1, 0, 0, 0, 0, 0, 0, 0, 0], [0, 0, 1, 0, 0, 0, 0, 0, 0, 0], [0, 0, 0, 1, 0, 0, 0, 0, 0, 0], [0, 0, 0, 0, 1, 0, 0, 0, 0, 0], [0, 0, 0, 0, 0, 1, 0, 0, 0, 0], [0, 0, 0, 0, 0, 0, 0, 0, 0, 0], [0, 0, 0, 0, 0, 0, 0, 1, 0, 0], [0, 1, 0, 0, 0, 0, 0, 0, 0, 0], [0, 0, 0, 0, 0, 0, 0, 0, 0, 1]]","['Endothelial', 'Fibroblast', 'Glandular', 'Immune_cell', 'Keratinocyte', 'Lymphatic_endothelial', 'Melanocytes', 'Neural_cell', 'Unknown', 'muscle_fiber']",
cell_type,grouped_seed0_fold1,shared_genes,random_forest,22,9,"{'Fibroblast': 3, 'Endothelial': 3, 'muscle_fiber': 3, 'Keratinocyte': 3, 'Immune_cell': 3, 'Lymphatic_endothelial': 3, 'Melanocytes': 2, 'Neural_cell': 1, 'Glandular': 1}","{'muscle_fiber': 1, 'Endothelial': 1, 'Lymphatic_endothelial': 1, 'Fibroblast': 1, 'Glandular': 1, 'Keratinocyte': 1, 'Unknown': 1, 'Neural_cell': 1, 'Immune_cell': 1}",0.7777777777777778,0.7037037037037037,0.7777777777777778,0.7037037037037037,,"[[1, 0, 0, 0, 0, 0, 0, 0, 0, 0], [0, 1, 0, 0, 0, 0, 0, 0, 0, 0], [0, 0, 0, 0, 0, 1, 0, 0, 0, 0], [0, 0, 0, 1, 0, 0, 0, 0, 0, 0], [0, 0, 0, 0, 1, 0, 0, 0, 0, 0], [0, 0, 0, 0, 0, 1, 0, 0, 0, 0], [0, 0, 0, 0, 0, 0, 0, 0, 0, 0], [0, 0, 0, 0, 0, 0, 0, 1, 0, 0], [0, 0, 0, 1, 0, 0, 0, 0, 0, 0], [0, 0, 0, 0, 0, 0, 0, 0, 0, 1]]","['Endothelial', 'Fibroblast', 'Glandular', 'Immune_cell', 'Keratinocyte', 'Lymphatic_endothelial', 'Melanocytes', 'Neural_cell', 'Unknown', 'muscle_fiber']",
cell_type,grouped_seed0_fold1,shared_genes,hist_gradient_boosting,22,9,"{'Fibroblast': 3, 'Endothelial': 3, 'muscle_fiber': 3, 'Keratinocyte': 3, 'Immune_cell': 3, 'Lymphatic_endothelial': 3, 'Melanocytes': 2, 'Neural_cell': 1, 'Glandular': 1}","{'muscle_fiber': 1, 'Endothelial': 1, 'Lymphatic_endothelial': 1, 'Fibroblast': 1, 'Glandular': 1, 'Keratinocyte': 1, 'Unknown': 1, 'Neural_cell': 1, 'Immune_cell': 1}",0.1111111111111111,0.022222222222222223,0.1111111111111111,0.022222222222222223,,"[[1, 0, 0, 0, 0, 0, 0, 0, 0, 0], [1, 0, 0, 0, 0, 0, 0, 0, 0, 0], [1, 0, 0, 0, 0, 0, 0, 0, 0, 0], [1, 0, 0, 0, 0, 0, 0, 0, 0, 0], [1, 0, 0, 0, 0, 0, 0, 0, 0, 0], [1, 0, 0, 0, 0, 0, 0, 0, 0, 0], [0, 0, 0, 0, 0, 0, 0, 0, 0, 0], [1, 0, 0, 0, 0, 0, 0, 0, 0, 0], [1, 0, 0, 0, 0, 0, 0, 0, 0, 0], [1, 0, 0, 0, 0, 0, 0, 0, 0, 0]]","['Endothelial', 'Fibroblast', 'Glandular', 'Immune_cell', 'Keratinocyte', 'Lymphatic_endothelial', 'Melanocytes', 'Neural_cell', 'Unknown', 'muscle_fiber']",
cell_type,grouped_seed0_fold1,shared_genes,knn,22,9,"{'Fibroblast': 3, 'Endothelial': 3, 'muscle_fiber': 3, 'Keratinocyte': 3, 'Immune_cell': 3, 'Lymphatic_endothelial': 3, 'Melanocytes': 2, 'Neural_cell': 1, 'Glandular': 1}","{'muscle_fiber': 1, 'Endothelial': 1, 'Lymphatic_endothelial': 1, 'Fibroblast': 1, 'Glandular': 1, 'Keratinocyte': 1, 'Unknown': 1, 'Neural_cell': 1, 'Immune_cell': 1}",0.6666666666666666,0.574074074074074,0.6666666666666666,0.574074074074074,,"[[1, 0, 0, 0, 0, 0, 0, 0, 0, 0], [0, 1, 0, 0, 0, 0, 0, 0, 0, 0], [1, 0, 0, 0, 0, 0, 0, 0, 0, 0], [0, 0, 0, 1, 0, 0, 0, 0, 0, 0], [0, 0, 0, 0, 1, 0, 0, 0, 0, 0], [0, 0, 0, 0, 0, 1, 0, 0, 0, 0], [0, 0, 0, 0, 0, 0, 0, 0, 0, 0], [0, 1, 0, 0, 0, 0, 0, 0, 0, 0], [1, 0, 0, 0, 0, 0, 0, 0, 0, 0], [0, 0, 0, 0, 0, 0, 0, 0, 0, 1]]","['Endothelial', 'Fibroblast', 'Glandular', 'Immune_cell', 'Keratinocyte', 'Lymphatic_endothelial', 'Melanocytes', 'Neural_cell', 'Unknown', 'muscle_fiber']",
cell_type,grouped_seed0_fold1,modules_only,majority,22,9,"{'Fibroblast': 3, 'Endothelial': 3, 'muscle_fiber': 3, 'Keratinocyte': 3, 'Immune_cell': 3, 'Lymphatic_endothelial': 3, 'Melanocytes': 2, 'Neural_cell': 1, 'Glandular': 1}","{'muscle_fiber': 1, 'Endothelial': 1, 'Lymphatic_endothelial': 1, 'Fibroblast': 1, 'Glandular': 1, 'Keratinocyte': 1, 'Unknown': 1, 'Neural_cell': 1, 'Immune_cell': 1}",0.1111111111111111,0.022222222222222223,0.1111111111111111,0.022222222222222223,,"[[1, 0, 0, 0, 0, 0, 0, 0, 0, 0], [1, 0, 0, 0, 0, 0, 0, 0, 0, 0], [1, 0, 0, 0, 0, 0, 0, 0, 0, 0], [1, 0, 0, 0, 0, 0, 0, 0, 0, 0], [1, 0, 0, 0, 0, 0, 0, 0, 0, 0], [1, 0, 0, 0, 0, 0, 0, 0, 0, 0], [0, 0, 0, 0, 0, 0, 0, 0, 0, 0], [1, 0, 0, 0, 0, 0, 0, 0, 0, 0], [1, 0, 0, 0, 0, 0, 0, 0, 0, 0], [1, 0, 0, 0, 0, 0, 0, 0, 0, 0]]","['Endothelial', 'Fibroblast', 'Glandular', 'Immune_cell', 'Keratinocyte', 'Lymphatic_endothelial', 'Melanocytes', 'Neural_cell', 'Unknown', 'muscle_fiber']",
cell_type,grouped_seed0_fold1,modules_only,stratified_random,22,9,"{'Fibroblast': 3, 'Endothelial': 3, 'muscle_fiber': 3, 'Keratinocyte': 3, 'Immune_cell': 3, 'Lymphatic_endothelial': 3, 'Melanocytes': 2, 'Neural_cell': 1, 'Glandular': 1}","{'muscle_fiber': 1, 'Endothelial': 1, 'Lymphatic_endothelial': 1, 'Fibroblast': 1, 'Glandular': 1, 'Keratinocyte': 1, 'Unknown': 1, 'Neural_cell': 1, 'Immune_cell': 1}",0.1111111111111111,0.07407407407407407,0.1111111111111111,0.06666666666666667,,"[[1, 0, 0, 0, 0, 0, 0, 0, 0, 0], [0, 0, 0, 0, 0, 0, 0, 1, 0, 0], [0, 0, 0, 0, 0, 0, 1, 0, 0, 0], [0, 0, 0, 0, 0, 1, 0, 0, 0, 0], [0, 0, 0, 0, 0, 0, 0, 1, 0, 0], [0, 0, 0, 0, 0, 0, 0, 0, 0, 1], [0, 0, 0, 0, 0, 0, 0, 0, 0, 0], [1, 0, 0, 0, 0, 0, 0, 0, 0, 0], [0, 0, 0, 0, 0, 1, 0, 0, 0, 0], [0, 0, 0, 1, 0, 0, 0, 0, 0, 0]]","['Endothelial', 'Fibroblast', 'Glandular', 'Immune_cell', 'Keratinocyte', 'Lymphatic_endothelial', 'Melanocytes', 'Neural_cell', 'Unknown', 'muscle_fiber']",
cell_type,grouped_seed0_fold1,modules_only,elastic_net_logreg,22,9,"{'Fibroblast': 3, 'Endothelial': 3, 'muscle_fiber': 3, 'Keratinocyte': 3, 'Immune_cell': 3, 'Lymphatic_endothelial': 3, 'Melanocytes': 2, 'Neural_cell': 1, 'Glandular': 1}","{'muscle_fiber': 1, 'Endothelial': 1, 'Lymphatic_endothelial': 1, 'Fibroblast': 1, 'Glandular': 1, 'Keratinocyte': 1, 'Unknown': 1, 'Neural_cell': 1, 'Immune_cell': 1}",0.5555555555555556,0.4444444444444444,0.5555555555555556,0.4,,"[[1, 0, 0, 0, 0, 0, 0, 0, 0, 0], [0, 1, 0, 0, 0, 0, 0, 0, 0, 0], [1, 0, 0, 0, 0, 0, 0, 0, 0, 0], [0, 0, 0, 0, 0, 0, 1, 0, 0, 0], [0, 1, 0, 0, 0, 0, 0, 0, 0, 0], [0, 0, 0, 0, 0, 1, 0, 0, 0, 0], [0, 0, 0, 0, 0, 0, 0, 0, 0, 0], [0, 0, 0, 0, 0, 0, 0, 1, 0, 0], [0, 0, 0, 0, 0, 1, 0, 0, 0, 0], [0, 0, 0, 0, 0, 0, 0, 0, 0, 1]]","['Endothelial', 'Fibroblast', 'Glandular', 'Immune_cell', 'Keratinocyte', 'Lymphatic_endothelial', 'Melanocytes', 'Neural_cell', 'Unknown', 'muscle_fiber']",
cell_type,grouped_seed0_fold1,modules_only,linear_svm,22,9,"{'Fibroblast': 3, 'Endothelial': 3, 'muscle_fiber': 3, 'Keratinocyte': 3, 'Immune_cell': 3, 'Lymphatic_endothelial': 3, 'Melanocytes': 2, 'Neural_cell': 1, 'Glandular': 1}","{'muscle_fiber': 1, 'Endothelial': 1, 'Lymphatic_endothelial': 1, 'Fibroblast': 1, 'Glandular': 1, 'Keratinocyte': 1, 'Unknown': 1, 'Neural_cell': 1, 'Immune_cell': 1}",0.5555555555555556,0.4074074074074074,0.5555555555555556,0.4074074074074074,,"[[1, 0, 0, 0, 0, 0, 0, 0, 0, 0], [0, 1, 0, 0, 0, 0, 0, 0, 0, 0], [1, 0, 0, 0, 0, 0, 0, 0, 0, 0], [0, 0, 0, 0, 0, 1, 0, 0, 0, 0], [0, 1, 0, 0, 0, 0, 0, 0, 0, 0], [0, 0, 0, 0, 0, 1, 0, 0, 0, 0], [0, 0, 0, 0, 0, 0, 0, 0, 0, 0], [0, 0, 0, 0, 0, 0, 0, 1, 0, 0], [0, 0, 0, 0, 0, 0, 0, 0, 0, 1], [0, 0, 0, 0, 0, 0, 0, 0, 0, 1]]","['Endothelial', 'Fibroblast', 'Glandular', 'Immune_cell', 'Keratinocyte', 'Lymphatic_endothelial', 'Melanocytes', 'Neural_cell', 'Unknown', 'muscle_fiber']",
cell_type,grouped_seed0_fold1,modules_only,random_forest,22,9,"{'Fibroblast': 3, 'Endothelial': 3, 'muscle_fiber': 3, 'Keratinocyte': 3, 'Immune_cell': 3, 'Lymphatic_endothelial': 3, 'Melanocytes': 2, 'Neural_cell': 1, 'Glandular': 1}","{'muscle_fiber': 1, 'Endothelial': 1, 'Lymphatic_endothelial': 1, 'Fibroblast': 1, 'Glandular': 1, 'Keratinocyte': 1, 'Unknown': 1, 'Neural_cell': 1, 'Immune_cell': 1}",0.5555555555555556,0.4259259259259259,0.5555555555555556,0.4259259259259259,,"[[1, 0, 0, 0, 0, 0, 0, 0, 0, 0], [0, 1, 0, 0, 0, 0, 0, 0, 0, 0], [1, 0, 0, 0, 0, 0, 0, 0, 0, 0], [0, 0, 0, 1, 0, 0, 0, 0, 0, 0], [0, 1, 0, 0, 0, 0, 0, 0, 0, 0], [0, 0, 0, 0, 0, 1, 0, 0, 0, 0], [0, 0, 0, 0, 0, 0, 0, 0, 0, 0], [0, 0, 0, 0, 0, 0, 0, 1, 0, 0], [0, 0, 0, 1, 0, 0, 0, 0, 0, 0], [0, 1, 0, 0, 0, 0, 0, 0, 0, 0]]","['Endothelial', 'Fibroblast', 'Glandular', 'Immune_cell', 'Keratinocyte', 'Lymphatic_endothelial', 'Melanocytes', 'Neural_cell', 'Unknown', 'muscle_fiber']",
cell_type,grouped_seed0_fold1,modules_only,hist_gradient_boosting,22,9,"{'Fibroblast': 3, 'Endothelial': 3, 'muscle_fiber': 3, 'Keratinocyte': 3, 'Immune_cell': 3, 'Lymphatic_endothelial': 3, 'Melanocytes': 2, 'Neural_cell': 1, 'Glandular': 1}","{'muscle_fiber': 1, 'Endothelial': 1, 'Lymphatic_endothelial': 1, 'Fibroblast': 1, 'Glandular': 1, 'Keratinocyte': 1, 'Unknown': 1, 'Neural_cell': 1, 'Immune_cell': 1}",0.1111111111111111,0.022222222222222223,0.1111111111111111,0.022222222222222223,,"[[1, 0, 0, 0, 0, 0, 0, 0, 0, 0], [1, 0, 0, 0, 0, 0, 0, 0, 0, 0], [1, 0, 0, 0, 0, 0, 0, 0, 0, 0], [1, 0, 0, 0, 0, 0, 0, 0, 0, 0], [1, 0, 0, 0, 0, 0, 0, 0, 0, 0], [1, 0, 0, 0, 0, 0, 0, 0, 0, 0], [0, 0, 0, 0, 0, 0, 0, 0, 0, 0], [1, 0, 0, 0, 0, 0, 0, 0, 0, 0], [1, 0, 0, 0, 0, 0, 0, 0, 0, 0], [1, 0, 0, 0, 0, 0, 0, 0, 0, 0]]","['Endothelial', 'Fibroblast', 'Glandular', 'Immune_cell', 'Keratinocyte', 'Lymphatic_endothelial', 'Melanocytes', 'Neural_cell', 'Unknown', 'muscle_fiber']",
cell_type,grouped_seed0_fold1,modules_only,knn,22,9,"{'Fibroblast': 3, 'Endothelial': 3, 'muscle_fiber': 3, 'Keratinocyte': 3, 'Immune_cell': 3, 'Lymphatic_endothelial': 3, 'Melanocytes': 2, 'Neural_cell': 1, 'Glandular': 1}","{'muscle_fiber': 1, 'Endothelial': 1, 'Lymphatic_endothelial': 1, 'Fibroblast': 1, 'Glandular': 1, 'Keratinocyte': 1, 'Unknown': 1, 'Neural_cell': 1, 'Immune_cell': 1}",0.4444444444444444,0.3037037037037037,0.4444444444444444,0.3037037037037037,,"[[1, 0, 0, 0, 0, 0, 0, 0, 0, 0], [0, 1, 0, 0, 0, 0, 0, 0, 0, 0], [1, 0, 0, 0, 0, 0, 0, 0, 0, 0], [0, 0, 0, 1, 0, 0, 0, 0, 0, 0], [0, 1, 0, 0, 0, 0, 0, 0, 0, 0], [0, 0, 0, 0, 0, 1, 0, 0, 0, 0], [0, 0, 0, 0, 0, 0, 0, 0, 0, 0], [0, 1, 0, 0, 0, 0, 0, 0, 0, 0], [0, 0, 0, 1, 0, 0, 0, 0, 0, 0], [0, 1, 0, 0, 0, 0, 0, 0, 0, 0]]","['Endothelial', 'Fibroblast', 'Glandular', 'Immune_cell', 'Keratinocyte', 'Lymphatic_endothelial', 'Melanocytes', 'Neural_cell', 'Unknown', 'muscle_fiber']",
cell_type,grouped_seed0_fold1,modules_only,small_mlp,22,9,"{'Fibroblast': 3, 'Endothelial': 3, 'muscle_fiber': 3, 'Keratinocyte': 3, 'Immune_cell': 3, 'Lymphatic_endothelial': 3, 'Melanocytes': 2, 'Neural_cell': 1, 'Glandular': 1}","{'muscle_fiber': 1, 'Endothelial': 1, 'Lymphatic_endothelial': 1, 'Fibroblast': 1, 'Glandular': 1, 'Keratinocyte': 1, 'Unknown': 1, 'Neural_cell': 1, 'Immune_cell': 1}",0.1111111111111111,0.07407407407407407,0.1111111111111111,0.06666666666666667,,"[[1, 0, 0, 0, 0, 0, 0, 0, 0, 0], [0, 0, 0, 0, 0, 0, 0, 0, 0, 1], [1, 0, 0, 0, 0, 0, 0, 0, 0, 0], [0, 1, 0, 0, 0, 0, 0, 0, 0, 0], [0, 0, 0, 0, 0, 0, 0, 0, 0, 1], [0, 1, 0, 0, 0, 0, 0, 0, 0, 0], [0, 0, 0, 0, 0, 0, 0, 0, 0, 0], [0, 0, 0, 0, 0, 0, 0, 0, 0, 1], [0, 0, 0, 0, 0, 0, 1, 0, 0, 0], [0, 0, 1, 0, 0, 0, 0, 0, 0, 0]]","['Endothelial', 'Fibroblast', 'Glandular', 'Immune_cell', 'Keratinocyte', 'Lymphatic_endothelial', 'Melanocytes', 'Neural_cell', 'Unknown', 'muscle_fiber']",
cell_type,grouped_seed0_fold2,shared_genes_plus_modules,majority,24,7,"{'Fibroblast': 3, 'Endothelial': 3, 'muscle_fiber': 3, 'Keratinocyte': 3, 'Immune_cell': 3, 'Lymphatic_endothelial': 3, 'Neural_cell': 2, 'Glandular': 2, 'Unknown': 1, 'Melanocytes': 1}","{'Lymphatic_endothelial': 1, 'Endothelial': 1, 'Fibroblast': 1, 'Glandular': 1, 'muscle_fiber': 1, 'Immune_cell': 1, 'Keratinocyte': 1}",0.14285714285714285,0.03571428571428571,0.14285714285714285,0.03571428571428571,,"[[1, 0, 0, 0, 0, 0, 0, 0, 0, 0], [1, 0, 0, 0, 0, 0, 0, 0, 0, 0], [1, 0, 0, 0, 0, 0, 0, 0, 0, 0], [1, 0, 0, 0, 0, 0, 0, 0, 0, 0], [1, 0, 0, 0, 0, 0, 0, 0, 0, 0], [1, 0, 0, 0, 0, 0, 0, 0, 0, 0], [0, 0, 0, 0, 0, 0, 0, 0, 0, 0], [0, 0, 0, 0, 0, 0, 0, 0, 0, 0], [0, 0, 0, 0, 0, 0, 0, 0, 0, 0], [1, 0, 0, 0, 0, 0, 0, 0, 0, 0]]","['Endothelial', 'Fibroblast', 'Glandular', 'Immune_cell', 'Keratinocyte', 'Lymphatic_endothelial', 'Melanocytes', 'Neural_cell', 'Unknown', 'muscle_fiber']",
cell_type,grouped_seed0_fold2,shared_genes_plus_modules,stratified_random,24,7,"{'Fibroblast': 3, 'Endothelial': 3, 'muscle_fiber': 3, 'Keratinocyte': 3, 'Immune_cell': 3, 'Lymphatic_endothelial': 3, 'Neural_cell': 2, 'Glandular': 2, 'Unknown': 1, 'Melanocytes': 1}","{'Lymphatic_endothelial': 1, 'Endothelial': 1, 'Fibroblast': 1, 'Glandular': 1, 'muscle_fiber': 1, 'Immune_cell': 1, 'Keratinocyte': 1}",0.2857142857142857,0.23809523809523808,0.2857142857142857,0.16666666666666666,,"[[1, 0, 0, 0, 0, 0, 0, 0, 0, 0], [0, 0, 0, 0, 0, 0, 0, 0, 1, 0], [0, 0, 0, 0, 0, 0, 1, 0, 0, 0], [0, 0, 0, 1, 0, 0, 0, 0, 0, 0], [0, 0, 0, 0, 0, 0, 0, 1, 0, 0], [0, 0, 0, 1, 0, 0, 0, 0, 0, 0], [0, 0, 0, 0, 0, 0, 0, 0, 0, 0], [0, 0, 0, 0, 0, 0, 0, 0, 0, 0], [0, 0, 0, 0, 0, 0, 0, 0, 0, 0], [0, 0, 1, 0, 0, 0, 0, 0, 0, 0]]","['Endothelial', 'Fibroblast', 'Glandular', 'Immune_cell', 'Keratinocyte', 'Lymphatic_endothelial', 'Melanocytes', 'Neural_cell', 'Unknown', 'muscle_fiber']",
cell_type,grouped_seed0_fold2,shared_genes_plus_modules,elastic_net_logreg,24,7,"{'Fibroblast': 3, 'Endothelial': 3, 'muscle_fiber': 3, 'Keratinocyte': 3, 'Immune_cell': 3, 'Lymphatic_endothelial': 3, 'Neural_cell': 2, 'Glandular': 2, 'Unknown': 1, 'Melanocytes': 1}","{'Lymphatic_endothelial': 1, 'Endothelial': 1, 'Fibroblast': 1, 'Glandular': 1, 'muscle_fiber': 1, 'Immune_cell': 1, 'Keratinocyte': 1}",1.0,1.0,1.0,1.0,,"[[1, 0, 0, 0, 0, 0, 0, 0, 0, 0], [0, 1, 0, 0, 0, 0, 0, 0, 0, 0], [0, 0, 1, 0, 0, 0, 0, 0, 0, 0], [0, 0, 0, 1, 0, 0, 0, 0, 0, 0], [0, 0, 0, 0, 1, 0, 0, 0, 0, 0], [0, 0, 0, 0, 0, 1, 0, 0, 0, 0], [0, 0, 0, 0, 0, 0, 0, 0, 0, 0], [0, 0, 0, 0, 0, 0, 0, 0, 0, 0], [0, 0, 0, 0, 0, 0, 0, 0, 0, 0], [0, 0, 0, 0, 0, 0, 0, 0, 0, 1]]","['Endothelial', 'Fibroblast', 'Glandular', 'Immune_cell', 'Keratinocyte', 'Lymphatic_endothelial', 'Melanocytes', 'Neural_cell', 'Unknown', 'muscle_fiber']",
cell_type,grouped_seed0_fold2,shared_genes_plus_modules,linear_svm,24,7,"{'Fibroblast': 3, 'Endothelial': 3, 'muscle_fiber': 3, 'Keratinocyte': 3, 'Immune_cell': 3, 'Lymphatic_endothelial': 3, 'Neural_cell': 2, 'Glandular': 2, 'Unknown': 1, 'Melanocytes': 1}","{'Lymphatic_endothelial': 1, 'Endothelial': 1, 'Fibroblast': 1, 'Glandular': 1, 'muscle_fiber': 1, 'Immune_cell': 1, 'Keratinocyte': 1}",1.0,1.0,1.0,1.0,,"[[1, 0, 0, 0, 0, 0, 0, 0, 0, 0], [0, 1, 0, 0, 0, 0, 0, 0, 0, 0], [0, 0, 1, 0, 0, 0, 0, 0, 0, 0], [0, 0, 0, 1, 0, 0, 0, 0, 0, 0], [0, 0, 0, 0, 1, 0, 0, 0, 0, 0], [0, 0, 0, 0, 0, 1, 0, 0, 0, 0], [0, 0, 0, 0, 0, 0, 0, 0, 0, 0], [0, 0, 0, 0, 0, 0, 0, 0, 0, 0], [0, 0, 0, 0, 0, 0, 0, 0, 0, 0], [0, 0, 0, 0, 0, 0, 0, 0, 0, 1]]","['Endothelial', 'Fibroblast', 'Glandular', 'Immune_cell', 'Keratinocyte', 'Lymphatic_endothelial', 'Melanocytes', 'Neural_cell', 'Unknown', 'muscle_fiber']",
cell_type,grouped_seed0_fold2,shared_genes_plus_modules,random_forest,24,7,"{'Fibroblast': 3, 'Endothelial': 3, 'muscle_fiber': 3, 'Keratinocyte': 3, 'Immune_cell': 3, 'Lymphatic_endothelial': 3, 'Neural_cell': 2, 'Glandular': 2, 'Unknown': 1, 'Melanocytes': 1}","{'Lymphatic_endothelial': 1, 'Endothelial': 1, 'Fibroblast': 1, 'Glandular': 1, 'muscle_fiber': 1, 'Immune_cell': 1, 'Keratinocyte': 1}",1.0,1.0,1.0,1.0,,"[[1, 0, 0, 0, 0, 0, 0, 0, 0, 0], [0, 1, 0, 0, 0, 0, 0, 0, 0, 0], [0, 0, 1, 0, 0, 0, 0, 0, 0, 0], [0, 0, 0, 1, 0, 0, 0, 0, 0, 0], [0, 0, 0, 0, 1, 0, 0, 0, 0, 0], [0, 0, 0, 0, 0, 1, 0, 0, 0, 0], [0, 0, 0, 0, 0, 0, 0, 0, 0, 0], [0, 0, 0, 0, 0, 0, 0, 0, 0, 0], [0, 0, 0, 0, 0, 0, 0, 0, 0, 0], [0, 0, 0, 0, 0, 0, 0, 0, 0, 1]]","['Endothelial', 'Fibroblast', 'Glandular', 'Immune_cell', 'Keratinocyte', 'Lymphatic_endothelial', 'Melanocytes', 'Neural_cell', 'Unknown', 'muscle_fiber']",
cell_type,grouped_seed0_fold2,shared_genes_plus_modules,hist_gradient_boosting,24,7,"{'Fibroblast': 3, 'Endothelial': 3, 'muscle_fiber': 3, 'Keratinocyte': 3, 'Immune_cell': 3, 'Lymphatic_endothelial': 3, 'Neural_cell': 2, 'Glandular': 2, 'Unknown': 1, 'Melanocytes': 1}","{'Lymphatic_endothelial': 1, 'Endothelial': 1, 'Fibroblast': 1, 'Glandular': 1, 'muscle_fiber': 1, 'Immune_cell': 1, 'Keratinocyte': 1}",0.14285714285714285,0.03571428571428571,0.14285714285714285,0.03571428571428571,,"[[1, 0, 0, 0, 0, 0, 0, 0, 0, 0], [1, 0, 0, 0, 0, 0, 0, 0, 0, 0], [1, 0, 0, 0, 0, 0, 0, 0, 0, 0], [1, 0, 0, 0, 0, 0, 0, 0, 0, 0], [1, 0, 0, 0, 0, 0, 0, 0, 0, 0], [1, 0, 0, 0, 0, 0, 0, 0, 0, 0], [0, 0, 0, 0, 0, 0, 0, 0, 0, 0], [0, 0, 0, 0, 0, 0, 0, 0, 0, 0], [0, 0, 0, 0, 0, 0, 0, 0, 0, 0], [1, 0, 0, 0, 0, 0, 0, 0, 0, 0]]","['Endothelial', 'Fibroblast', 'Glandular', 'Immune_cell', 'Keratinocyte', 'Lymphatic_endothelial', 'Melanocytes', 'Neural_cell', 'Unknown', 'muscle_fiber']",
cell_type,grouped_seed0_fold2,shared_genes_plus_modules,knn,24,7,"{'Fibroblast': 3, 'Endothelial': 3, 'muscle_fiber': 3, 'Keratinocyte': 3, 'Immune_cell': 3, 'Lymphatic_endothelial': 3, 'Neural_cell': 2, 'Glandular': 2, 'Unknown': 1, 'Melanocytes': 1}","{'Lymphatic_endothelial': 1, 'Endothelial': 1, 'Fibroblast': 1, 'Glandular': 1, 'muscle_fiber': 1, 'Immune_cell': 1, 'Keratinocyte': 1}",0.8571428571428571,0.8095238095238094,0.8571428571428571,0.8095238095238094,,"[[1, 0, 0, 0, 0, 0, 0, 0, 0, 0], [0, 1, 0, 0, 0, 0, 0, 0, 0, 0], [1, 0, 0, 0, 0, 0, 0, 0, 0, 0], [0, 0, 0, 1, 0, 0, 0, 0, 0, 0], [0, 0, 0, 0, 1, 0, 0, 0, 0, 0], [0, 0, 0, 0, 0, 1, 0, 0, 0, 0], [0, 0, 0, 0, 0, 0, 0, 0, 0, 0], [0, 0, 0, 0, 0, 0, 0, 0, 0, 0], [0, 0, 0, 0, 0, 0, 0, 0, 0, 0], [0, 0, 0, 0, 0, 0, 0, 0, 0, 1]]","['Endothelial', 'Fibroblast', 'Glandular', 'Immune_cell', 'Keratinocyte', 'Lymphatic_endothelial', 'Melanocytes', 'Neural_cell', 'Unknown', 'muscle_fiber']",
cell_type,grouped_seed0_fold2,shared_genes_plus_modules,small_mlp,24,7,"{'Fibroblast': 3, 'Endothelial': 3, 'muscle_fiber': 3, 'Keratinocyte': 3, 'Immune_cell': 3, 'Lymphatic_endothelial': 3, 'Neural_cell': 2, 'Glandular': 2, 'Unknown': 1, 'Melanocytes': 1}","{'Lymphatic_endothelial': 1, 'Endothelial': 1, 'Fibroblast': 1, 'Glandular': 1, 'muscle_fiber': 1, 'Immune_cell': 1, 'Keratinocyte': 1}",0.8571428571428571,0.8095238095238094,0.8571428571428571,0.8095238095238094,,"[[1, 0, 0, 0, 0, 0, 0, 0, 0, 0], [0, 1, 0, 0, 0, 0, 0, 0, 0, 0], [1, 0, 0, 0, 0, 0, 0, 0, 0, 0], [0, 0, 0, 1, 0, 0, 0, 0, 0, 0], [0, 0, 0, 0, 1, 0, 0, 0, 0, 0], [0, 0, 0, 0, 0, 1, 0, 0, 0, 0], [0, 0, 0, 0, 0, 0, 0, 0, 0, 0], [0, 0, 0, 0, 0, 0, 0, 0, 0, 0], [0, 0, 0, 0, 0, 0, 0, 0, 0, 0], [0, 0, 0, 0, 0, 0, 0, 0, 0, 1]]","['Endothelial', 'Fibroblast', 'Glandular', 'Immune_cell', 'Keratinocyte', 'Lymphatic_endothelial', 'Melanocytes', 'Neural_cell', 'Unknown', 'muscle_fiber']",
cell_type,grouped_seed0_fold2,shared_genes,majority,24,7,"{'Fibroblast': 3, 'Endothelial': 3, 'muscle_fiber': 3, 'Keratinocyte': 3, 'Immune_cell': 3, 'Lymphatic_endothelial': 3, 'Neural_cell': 2, 'Glandular': 2, 'Unknown': 1, 'Melanocytes': 1}","{'Lymphatic_endothelial': 1, 'Endothelial': 1, 'Fibroblast': 1, 'Glandular': 1, 'muscle_fiber': 1, 'Immune_cell': 1, 'Keratinocyte': 1}",0.14285714285714285,0.03571428571428571,0.14285714285714285,0.03571428571428571,,"[[1, 0, 0, 0, 0, 0, 0, 0, 0, 0], [1, 0, 0, 0, 0, 0, 0, 0, 0, 0], [1, 0, 0, 0, 0, 0, 0, 0, 0, 0], [1, 0, 0, 0, 0, 0, 0, 0, 0, 0], [1, 0, 0, 0, 0, 0, 0, 0, 0, 0], [1, 0, 0, 0, 0, 0, 0, 0, 0, 0], [0, 0, 0, 0, 0, 0, 0, 0, 0, 0], [0, 0, 0, 0, 0, 0, 0, 0, 0, 0], [0, 0, 0, 0, 0, 0, 0, 0, 0, 0], [1, 0, 0, 0, 0, 0, 0, 0, 0, 0]]","['Endothelial', 'Fibroblast', 'Glandular', 'Immune_cell', 'Keratinocyte', 'Lymphatic_endothelial', 'Melanocytes', 'Neural_cell', 'Unknown', 'muscle_fiber']",
cell_type,grouped_seed0_fold2,shared_genes,stratified_random,24,7,"{'Fibroblast': 3, 'Endothelial': 3, 'muscle_fiber': 3, 'Keratinocyte': 3, 'Immune_cell': 3, 'Lymphatic_endothelial': 3, 'Neural_cell': 2, 'Glandular': 2, 'Unknown': 1, 'Melanocytes': 1}","{'Lymphatic_endothelial': 1, 'Endothelial': 1, 'Fibroblast': 1, 'Glandular': 1, 'muscle_fiber': 1, 'Immune_cell': 1, 'Keratinocyte': 1}",0.2857142857142857,0.23809523809523808,0.2857142857142857,0.16666666666666666,,"[[1, 0, 0, 0, 0, 0, 0, 0, 0, 0], [0, 0, 0, 0, 0, 0, 0, 0, 1, 0], [0, 0, 0, 0, 0, 0, 1, 0, 0, 0], [0, 0, 0, 1, 0, 0, 0, 0, 0, 0], [0, 0, 0, 0, 0, 0, 0, 1, 0, 0], [0, 0, 0, 1, 0, 0, 0, 0, 0, 0], [0, 0, 0, 0, 0, 0, 0, 0, 0, 0], [0, 0, 0, 0, 0, 0, 0, 0, 0, 0], [0, 0, 0, 0, 0, 0, 0, 0, 0, 0], [0, 0, 1, 0, 0, 0, 0, 0, 0, 0]]","['Endothelial', 'Fibroblast', 'Glandular', 'Immune_cell', 'Keratinocyte', 'Lymphatic_endothelial', 'Melanocytes', 'Neural_cell', 'Unknown', 'muscle_fiber']",
cell_type,grouped_seed0_fold2,shared_genes,elastic_net_logreg,24,7,"{'Fibroblast': 3, 'Endothelial': 3, 'muscle_fiber': 3, 'Keratinocyte': 3, 'Immune_cell': 3, 'Lymphatic_endothelial': 3, 'Neural_cell': 2, 'Glandular': 2, 'Unknown': 1, 'Melanocytes': 1}","{'Lymphatic_endothelial': 1, 'Endothelial': 1, 'Fibroblast': 1, 'Glandular': 1, 'muscle_fiber': 1, 'Immune_cell': 1, 'Keratinocyte': 1}",1.0,1.0,1.0,1.0,,"[[1, 0, 0, 0, 0, 0, 0, 0, 0, 0], [0, 1, 0, 0, 0, 0, 0, 0, 0, 0], [0, 0, 1, 0, 0, 0, 0, 0, 0, 0], [0, 0, 0, 1, 0, 0, 0, 0, 0, 0], [0, 0, 0, 0, 1, 0, 0, 0, 0, 0], [0, 0, 0, 0, 0, 1, 0, 0, 0, 0], [0, 0, 0, 0, 0, 0, 0, 0, 0, 0], [0, 0, 0, 0, 0, 0, 0, 0, 0, 0], [0, 0, 0, 0, 0, 0, 0, 0, 0, 0], [0, 0, 0, 0, 0, 0, 0, 0, 0, 1]]","['Endothelial', 'Fibroblast', 'Glandular', 'Immune_cell', 'Keratinocyte', 'Lymphatic_endothelial', 'Melanocytes', 'Neural_cell', 'Unknown', 'muscle_fiber']",
cell_type,grouped_seed0_fold2,shared_genes,linear_svm,24,7,"{'Fibroblast': 3, 'Endothelial': 3, 'muscle_fiber': 3, 'Keratinocyte': 3, 'Immune_cell': 3, 'Lymphatic_endothelial': 3, 'Neural_cell': 2, 'Glandular': 2, 'Unknown': 1, 'Melanocytes': 1}","{'Lymphatic_endothelial': 1, 'Endothelial': 1, 'Fibroblast': 1, 'Glandular': 1, 'muscle_fiber': 1, 'Immune_cell': 1, 'Keratinocyte': 1}",1.0,1.0,1.0,1.0,,"[[1, 0, 0, 0, 0, 0, 0, 0, 0, 0], [0, 1, 0, 0, 0, 0, 0, 0, 0, 0], [0, 0, 1, 0, 0, 0, 0, 0, 0, 0], [0, 0, 0, 1, 0, 0, 0, 0, 0, 0], [0, 0, 0, 0, 1, 0, 0, 0, 0, 0], [0, 0, 0, 0, 0, 1, 0, 0, 0, 0], [0, 0, 0, 0, 0, 0, 0, 0, 0, 0], [0, 0, 0, 0, 0, 0, 0, 0, 0, 0], [0, 0, 0, 0, 0, 0, 0, 0, 0, 0], [0, 0, 0, 0, 0, 0, 0, 0, 0, 1]]","['Endothelial', 'Fibroblast', 'Glandular', 'Immune_cell', 'Keratinocyte', 'Lymphatic_endothelial', 'Melanocytes', 'Neural_cell', 'Unknown', 'muscle_fiber']",
cell_type,grouped_seed0_fold2,shared_genes,random_forest,24,7,"{'Fibroblast': 3, 'Endothelial': 3, 'muscle_fiber': 3, 'Keratinocyte': 3, 'Immune_cell': 3, 'Lymphatic_endothelial': 3, 'Neural_cell': 2, 'Glandular': 2, 'Unknown': 1, 'Melanocytes': 1}","{'Lymphatic_endothelial': 1, 'Endothelial': 1, 'Fibroblast': 1, 'Glandular': 1, 'muscle_fiber': 1, 'Immune_cell': 1, 'Keratinocyte': 1}",1.0,1.0,1.0,1.0,,"[[1, 0, 0, 0, 0, 0, 0, 0, 0, 0], [0, 1, 0, 0, 0, 0, 0, 0, 0, 0], [0, 0, 1, 0, 0, 0, 0, 0, 0, 0], [0, 0, 0, 1, 0, 0, 0, 0, 0, 0], [0, 0, 0, 0, 1, 0, 0, 0, 0, 0], [0, 0, 0, 0, 0, 1, 0, 0, 0, 0], [0, 0, 0, 0, 0, 0, 0, 0, 0, 0], [0, 0, 0, 0, 0, 0, 0, 0, 0, 0], [0, 0, 0, 0, 0, 0, 0, 0, 0, 0], [0, 0, 0, 0, 0, 0, 0, 0, 0, 1]]","['Endothelial', 'Fibroblast', 'Glandular', 'Immune_cell', 'Keratinocyte', 'Lymphatic_endothelial', 'Melanocytes', 'Neural_cell', 'Unknown', 'muscle_fiber']",
cell_type,grouped_seed0_fold2,shared_genes,hist_gradient_boosting,24,7,"{'Fibroblast': 3, 'Endothelial': 3, 'muscle_fiber': 3, 'Keratinocyte': 3, 'Immune_cell': 3, 'Lymphatic_endothelial': 3, 'Neural_cell': 2, 'Glandular': 2, 'Unknown': 1, 'Melanocytes': 1}","{'Lymphatic_endothelial': 1, 'Endothelial': 1, 'Fibroblast': 1, 'Glandular': 1, 'muscle_fiber': 1, 'Immune_cell': 1, 'Keratinocyte': 1}",0.14285714285714285,0.03571428571428571,0.14285714285714285,0.03571428571428571,,"[[1, 0, 0, 0, 0, 0, 0, 0, 0, 0], [1, 0, 0, 0, 0, 0, 0, 0, 0, 0], [1, 0, 0, 0, 0, 0, 0, 0, 0, 0], [1, 0, 0, 0, 0, 0, 0, 0, 0, 0], [1, 0, 0, 0, 0, 0, 0, 0, 0, 0], [1, 0, 0, 0, 0, 0, 0, 0, 0, 0], [0, 0, 0, 0, 0, 0, 0, 0, 0, 0], [0, 0, 0, 0, 0, 0, 0, 0, 0, 0], [0, 0, 0, 0, 0, 0, 0, 0, 0, 0], [1, 0, 0, 0, 0, 0, 0, 0, 0, 0]]","['Endothelial', 'Fibroblast', 'Glandular', 'Immune_cell', 'Keratinocyte', 'Lymphatic_endothelial', 'Melanocytes', 'Neural_cell', 'Unknown', 'muscle_fiber']",
cell_type,grouped_seed0_fold2,shared_genes,knn,24,7,"{'Fibroblast': 3, 'Endothelial': 3, 'muscle_fiber': 3, 'Keratinocyte': 3, 'Immune_cell': 3, 'Lymphatic_endothelial': 3, 'Neural_cell': 2, 'Glandular': 2, 'Unknown': 1, 'Melanocytes': 1}","{'Lymphatic_endothelial': 1, 'Endothelial': 1, 'Fibroblast': 1, 'Glandular': 1, 'muscle_fiber': 1, 'Immune_cell': 1, 'Keratinocyte': 1}",0.8571428571428571,0.8095238095238094,0.8571428571428571,0.8095238095238094,,"[[1, 0, 0, 0, 0, 0, 0, 0, 0, 0], [0, 1, 0, 0, 0, 0, 0, 0, 0, 0], [1, 0, 0, 0, 0, 0, 0, 0, 0, 0], [0, 0, 0, 1, 0, 0, 0, 0, 0, 0], [0, 0, 0, 0, 1, 0, 0, 0, 0, 0], [0, 0, 0, 0, 0, 1, 0, 0, 0, 0], [0, 0, 0, 0, 0, 0, 0, 0, 0, 0], [0, 0, 0, 0, 0, 0, 0, 0, 0, 0], [0, 0, 0, 0, 0, 0, 0, 0, 0, 0], [0, 0, 0, 0, 0, 0, 0, 0, 0, 1]]","['Endothelial', 'Fibroblast', 'Glandular', 'Immune_cell', 'Keratinocyte', 'Lymphatic_endothelial', 'Melanocytes', 'Neural_cell', 'Unknown', 'muscle_fiber']",
cell_type,grouped_seed0_fold2,modules_only,majority,24,7,"{'Fibroblast': 3, 'Endothelial': 3, 'muscle_fiber': 3, 'Keratinocyte': 3, 'Immune_cell': 3, 'Lymphatic_endothelial': 3, 'Neural_cell': 2, 'Glandular': 2, 'Unknown': 1, 'Melanocytes': 1}","{'Lymphatic_endothelial': 1, 'Endothelial': 1, 'Fibroblast': 1, 'Glandular': 1, 'muscle_fiber': 1, 'Immune_cell': 1, 'Keratinocyte': 1}",0.14285714285714285,0.03571428571428571,0.14285714285714285,0.03571428571428571,,"[[1, 0, 0, 0, 0, 0, 0, 0, 0, 0], [1, 0, 0, 0, 0, 0, 0, 0, 0, 0], [1, 0, 0, 0, 0, 0, 0, 0, 0, 0], [1, 0, 0, 0, 0, 0, 0, 0, 0, 0], [1, 0, 0, 0, 0, 0, 0, 0, 0, 0], [1, 0, 0, 0, 0, 0, 0, 0, 0, 0], [0, 0, 0, 0, 0, 0, 0, 0, 0, 0], [0, 0, 0, 0, 0, 0, 0, 0, 0, 0], [0, 0, 0, 0, 0, 0, 0, 0, 0, 0], [1, 0, 0, 0, 0, 0, 0, 0, 0, 0]]","['Endothelial', 'Fibroblast', 'Glandular', 'Immune_cell', 'Keratinocyte', 'Lymphatic_endothelial', 'Melanocytes', 'Neural_cell', 'Unknown', 'muscle_fiber']",
cell_type,grouped_seed0_fold2,modules_only,stratified_random,24,7,"{'Fibroblast': 3, 'Endothelial': 3, 'muscle_fiber': 3, 'Keratinocyte': 3, 'Immune_cell': 3, 'Lymphatic_endothelial': 3, 'Neural_cell': 2, 'Glandular': 2, 'Unknown': 1, 'Melanocytes': 1}","{'Lymphatic_endothelial': 1, 'Endothelial': 1, 'Fibroblast': 1, 'Glandular': 1, 'muscle_fiber': 1, 'Immune_cell': 1, 'Keratinocyte': 1}",0.2857142857142857,0.23809523809523808,0.2857142857142857,0.16666666666666666,,"[[1, 0, 0, 0, 0, 0, 0, 0, 0, 0], [0, 0, 0, 0, 0, 0, 0, 0, 1, 0], [0, 0, 0, 0, 0, 0, 1, 0, 0, 0], [0, 0, 0, 1, 0, 0, 0, 0, 0, 0], [0, 0, 0, 0, 0, 0, 0, 1, 0, 0], [0, 0, 0, 1, 0, 0, 0, 0, 0, 0], [0, 0, 0, 0, 0, 0, 0, 0, 0, 0], [0, 0, 0, 0, 0, 0, 0, 0, 0, 0], [0, 0, 0, 0, 0, 0, 0, 0, 0, 0], [0, 0, 1, 0, 0, 0, 0, 0, 0, 0]]","['Endothelial', 'Fibroblast', 'Glandular', 'Immune_cell', 'Keratinocyte', 'Lymphatic_endothelial', 'Melanocytes', 'Neural_cell', 'Unknown', 'muscle_fiber']",
cell_type,grouped_seed0_fold2,modules_only,elastic_net_logreg,24,7,"{'Fibroblast': 3, 'Endothelial': 3, 'muscle_fiber': 3, 'Keratinocyte': 3, 'Immune_cell': 3, 'Lymphatic_endothelial': 3, 'Neural_cell': 2, 'Glandular': 2, 'Unknown': 1, 'Melanocytes': 1}","{'Lymphatic_endothelial': 1, 'Endothelial': 1, 'Fibroblast': 1, 'Glandular': 1, 'muscle_fiber': 1, 'Immune_cell': 1, 'Keratinocyte': 1}",0.5714285714285714,0.5238095238095238,0.5714285714285714,0.4583333333333333,,"[[1, 0, 0, 0, 0, 0, 0, 0, 0, 0], [0, 1, 0, 0, 0, 0, 0, 0, 0, 0], [1, 0, 0, 0, 0, 0, 0, 0, 0, 0], [0, 0, 0, 0, 0, 0, 1, 0, 0, 0], [0, 0, 0, 0, 1, 0, 0, 0, 0, 0], [0, 0, 1, 0, 0, 0, 0, 0, 0, 0], [0, 0, 0, 0, 0, 0, 0, 0, 0, 0], [0, 0, 0, 0, 0, 0, 0, 0, 0, 0], [0, 0, 0, 0, 0, 0, 0, 0, 0, 0], [0, 0, 0, 0, 0, 0, 0, 0, 0, 1]]","['Endothelial', 'Fibroblast', 'Glandular', 'Immune_cell', 'Keratinocyte', 'Lymphatic_endothelial', 'Melanocytes', 'Neural_cell', 'Unknown', 'muscle_fiber']",
cell_type,grouped_seed0_fold2,modules_only,linear_svm,24,7,"{'Fibroblast': 3, 'Endothelial': 3, 'muscle_fiber': 3, 'Keratinocyte': 3, 'Immune_cell': 3, 'Lymphatic_endothelial': 3, 'Neural_cell': 2, 'Glandular': 2, 'Unknown': 1, 'Melanocytes': 1}","{'Lymphatic_endothelial': 1, 'Endothelial': 1, 'Fibroblast': 1, 'Glandular': 1, 'muscle_fiber': 1, 'Immune_cell': 1, 'Keratinocyte': 1}",0.5714285714285714,0.5238095238095238,0.5714285714285714,0.4074074074074074,,"[[1, 0, 0, 0, 0, 0, 0, 0, 0, 0], [0, 0, 0, 0, 0, 0, 1, 0, 0, 0], [1, 0, 0, 0, 0, 0, 0, 0, 0, 0], [0, 0, 0, 0, 0, 0, 0, 0, 1, 0], [0, 0, 0, 0, 1, 0, 0, 0, 0, 0], [0, 0, 0, 0, 0, 1, 0, 0, 0, 0], [0, 0, 0, 0, 0, 0, 0, 0, 0, 0], [0, 0, 0, 0, 0, 0, 0, 0, 0, 0], [0, 0, 0, 0, 0, 0, 0, 0, 0, 0], [0, 0, 0, 0, 0, 0, 0, 0, 0, 1]]","['Endothelial', 'Fibroblast', 'Glandular', 'Immune_cell', 'Keratinocyte', 'Lymphatic_endothelial', 'Melanocytes', 'Neural_cell', 'Unknown', 'muscle_fiber']",
cell_type,grouped_seed0_fold2,modules_only,random_forest,24,7,"{'Fibroblast': 3, 'Endothelial': 3, 'muscle_fiber': 3, 'Keratinocyte': 3, 'Immune_cell': 3, 'Lymphatic_endothelial': 3, 'Neural_cell': 2, 'Glandular': 2, 'Unknown': 1, 'Melanocytes': 1}","{'Lymphatic_endothelial': 1, 'Endothelial': 1, 'Fibroblast': 1, 'Glandular': 1, 'muscle_fiber': 1, 'Immune_cell': 1, 'Keratinocyte': 1}",0.8571428571428571,0.8095238095238094,0.8571428571428571,0.8095238095238094,,"[[1, 0, 0, 0, 0, 0, 0, 0, 0, 0], [0, 1, 0, 0, 0, 0, 0, 0, 0, 0], [1, 0, 0, 0, 0, 0, 0, 0, 0, 0], [0, 0, 0, 1, 0, 0, 0, 0, 0, 0], [0, 0, 0, 0, 1, 0, 0, 0, 0, 0], [0, 0, 0, 0, 0, 1, 0, 0, 0, 0], [0, 0, 0, 0, 0, 0, 0, 0, 0, 0], [0, 0, 0, 0, 0, 0, 0, 0, 0, 0], [0, 0, 0, 0, 0, 0, 0, 0, 0, 0], [0, 0, 0, 0, 0, 0, 0, 0, 0, 1]]","['Endothelial', 'Fibroblast', 'Glandular', 'Immune_cell', 'Keratinocyte', 'Lymphatic_endothelial', 'Melanocytes', 'Neural_cell', 'Unknown', 'muscle_fiber']",
cell_type,grouped_seed0_fold2,modules_only,hist_gradient_boosting,24,7,"{'Fibroblast': 3, 'Endothelial': 3, 'muscle_fiber': 3, 'Keratinocyte': 3, 'Immune_cell': 3, 'Lymphatic_endothelial': 3, 'Neural_cell': 2, 'Glandular': 2, 'Unknown': 1, 'Melanocytes': 1}","{'Lymphatic_endothelial': 1, 'Endothelial': 1, 'Fibroblast': 1, 'Glandular': 1, 'muscle_fiber': 1, 'Immune_cell': 1, 'Keratinocyte': 1}",0.14285714285714285,0.03571428571428571,0.14285714285714285,0.03571428571428571,,"[[1, 0, 0, 0, 0, 0, 0, 0, 0, 0], [1, 0, 0, 0, 0, 0, 0, 0, 0, 0], [1, 0, 0, 0, 0, 0, 0, 0, 0, 0], [1, 0, 0, 0, 0, 0, 0, 0, 0, 0], [1, 0, 0, 0, 0, 0, 0, 0, 0, 0], [1, 0, 0, 0, 0, 0, 0, 0, 0, 0], [0, 0, 0, 0, 0, 0, 0, 0, 0, 0], [0, 0, 0, 0, 0, 0, 0, 0, 0, 0], [0, 0, 0, 0, 0, 0, 0, 0, 0, 0], [1, 0, 0, 0, 0, 0, 0, 0, 0, 0]]","['Endothelial', 'Fibroblast', 'Glandular', 'Immune_cell', 'Keratinocyte', 'Lymphatic_endothelial', 'Melanocytes', 'Neural_cell', 'Unknown', 'muscle_fiber']",
cell_type,grouped_seed0_fold2,modules_only,knn,24,7,"{'Fibroblast': 3, 'Endothelial': 3, 'muscle_fiber': 3, 'Keratinocyte': 3, 'Immune_cell': 3, 'Lymphatic_endothelial': 3, 'Neural_cell': 2, 'Glandular': 2, 'Unknown': 1, 'Melanocytes': 1}","{'Lymphatic_endothelial': 1, 'Endothelial': 1, 'Fibroblast': 1, 'Glandular': 1, 'muscle_fiber': 1, 'Immune_cell': 1, 'Keratinocyte': 1}",0.5714285714285714,0.5238095238095238,0.5714285714285714,0.5238095238095238,,"[[1, 0, 0, 0, 0, 0, 0, 0, 0, 0], [0, 1, 0, 0, 0, 0, 0, 0, 0, 0], [1, 0, 0, 0, 0, 0, 0, 0, 0, 0], [0, 0, 1, 0, 0, 0, 0, 0, 0, 0], [0, 0, 0, 1, 0, 0, 0, 0, 0, 0], [0, 0, 0, 0, 0, 1, 0, 0, 0, 0], [0, 0, 0, 0, 0, 0, 0, 0, 0, 0], [0, 0, 0, 0, 0, 0, 0, 0, 0, 0], [0, 0, 0, 0, 0, 0, 0, 0, 0, 0], [0, 0, 0, 0, 0, 0, 0, 0, 0, 1]]","['Endothelial', 'Fibroblast', 'Glandular', 'Immune_cell', 'Keratinocyte', 'Lymphatic_endothelial', 'Melanocytes', 'Neural_cell', 'Unknown', 'muscle_fiber']",
cell_type,grouped_seed0_fold2,modules_only,small_mlp,24,7,"{'Fibroblast': 3, 'Endothelial': 3, 'muscle_fiber': 3, 'Keratinocyte': 3, 'Immune_cell': 3, 'Lymphatic_endothelial': 3, 'Neural_cell': 2, 'Glandular': 2, 'Unknown': 1, 'Melanocytes': 1}","{'Lymphatic_endothelial': 1, 'Endothelial': 1, 'Fibroblast': 1, 'Glandular': 1, 'muscle_fiber': 1, 'Immune_cell': 1, 'Keratinocyte': 1}",0.0,0.0,0.0,0.0,,"[[0, 0, 0, 0, 0, 0, 1, 0, 0, 0], [0, 0, 0, 0, 0, 0, 1, 0, 0, 0], [0, 0, 0, 0, 0, 0, 1, 0, 0, 0], [0, 0, 0, 0, 0, 0, 0, 1, 0, 0], [0, 1, 0, 0, 0, 0, 0, 0, 0, 0], [0, 0, 0, 0, 0, 0, 1, 0, 0, 0], [0, 0, 0, 0, 0, 0, 0, 0, 0, 0], [0, 0, 0, 0, 0, 0, 0, 0, 0, 0], [0, 0, 0, 0, 0, 0, 0, 0, 0, 0], [0, 0, 0, 0, 0, 1, 0, 0, 0, 0]]","['Endothelial', 'Fibroblast', 'Glandular', 'Immune_cell', 'Keratinocyte', 'Lymphatic_endothelial', 'Melanocytes', 'Neural_cell', 'Unknown', 'muscle_fiber']",
cell_type,grouped_seed0_fold3,shared_genes_plus_modules,majority,24,7,"{'muscle_fiber': 3, 'Endothelial': 3, 'Lymphatic_endothelial': 3, 'Fibroblast': 3, 'Glandular': 3, 'Keratinocyte': 3, 'Immune_cell': 3, 'Unknown': 1, 'Neural_cell': 1, 'Melanocytes': 1}","{'Fibroblast': 1, 'Endothelial': 1, 'Keratinocyte': 1, 'Lymphatic_endothelial': 1, 'muscle_fiber': 1, 'Melanocytes': 1, 'Immune_cell': 1}",0.14285714285714285,0.03571428571428571,0.14285714285714285,0.03571428571428571,,"[[1, 0, 0, 0, 0, 0, 0, 0, 0, 0], [1, 0, 0, 0, 0, 0, 0, 0, 0, 0], [0, 0, 0, 0, 0, 0, 0, 0, 0, 0], [1, 0, 0, 0, 0, 0, 0, 0, 0, 0], [1, 0, 0, 0, 0, 0, 0, 0, 0, 0], [1, 0, 0, 0, 0, 0, 0, 0, 0, 0], [1, 0, 0, 0, 0, 0, 0, 0, 0, 0], [0, 0, 0, 0, 0, 0, 0, 0, 0, 0], [0, 0, 0, 0, 0, 0, 0, 0, 0, 0], [1, 0, 0, 0, 0, 0, 0, 0, 0, 0]]","['Endothelial', 'Fibroblast', 'Glandular', 'Immune_cell', 'Keratinocyte', 'Lymphatic_endothelial', 'Melanocytes', 'Neural_cell', 'Unknown', 'muscle_fiber']",
cell_type,grouped_seed0_fold3,shared_genes_plus_modules,stratified_random,24,7,"{'muscle_fiber': 3, 'Endothelial': 3, 'Lymphatic_endothelial': 3, 'Fibroblast': 3, 'Glandular': 3, 'Keratinocyte': 3, 'Immune_cell': 3, 'Unknown': 1, 'Neural_cell': 1, 'Melanocytes': 1}","{'Fibroblast': 1, 'Endothelial': 1, 'Keratinocyte': 1, 'Lymphatic_endothelial': 1, 'muscle_fiber': 1, 'Melanocytes': 1, 'Immune_cell': 1}",0.14285714285714285,0.14285714285714285,0.14285714285714285,0.1,,"[[1, 0, 0, 0, 0, 0, 0, 0, 0, 0], [0, 0, 0, 1, 0, 0, 0, 0, 0, 0], [0, 0, 0, 0, 0, 0, 0, 0, 0, 0], [0, 0, 0, 0, 0, 0, 0, 1, 0, 0], [0, 0, 0, 0, 0, 0, 0, 0, 1, 0], [0, 0, 0, 0, 0, 0, 1, 0, 0, 0], [0, 0, 0, 1, 0, 0, 0, 0, 0, 0], [0, 0, 0, 0, 0, 0, 0, 0, 0, 0], [0, 0, 0, 0, 0, 0, 0, 0, 0, 0], [0, 0, 1, 0, 0, 0, 0, 0, 0, 0]]","['Endothelial', 'Fibroblast', 'Glandular', 'Immune_cell', 'Keratinocyte', 'Lymphatic_endothelial', 'Melanocytes', 'Neural_cell', 'Unknown', 'muscle_fiber']",
cell_type,grouped_seed0_fold3,shared_genes_plus_modules,elastic_net_logreg,24,7,"{'muscle_fiber': 3, 'Endothelial': 3, 'Lymphatic_endothelial': 3, 'Fibroblast': 3, 'Glandular': 3, 'Keratinocyte': 3, 'Immune_cell': 3, 'Unknown': 1, 'Neural_cell': 1, 'Melanocytes': 1}","{'Fibroblast': 1, 'Endothelial': 1, 'Keratinocyte': 1, 'Lymphatic_endothelial': 1, 'muscle_fiber': 1, 'Melanocytes': 1, 'Immune_cell': 1}",1.0,1.0,1.0,1.0,,"[[1, 0, 0, 0, 0, 0, 0, 0, 0, 0], [0, 1, 0, 0, 0, 0, 0, 0, 0, 0], [0, 0, 0, 0, 0, 0, 0, 0, 0, 0], [0, 0, 0, 1, 0, 0, 0, 0, 0, 0], [0, 0, 0, 0, 1, 0, 0, 0, 0, 0], [0, 0, 0, 0, 0, 1, 0, 0, 0, 0], [0, 0, 0, 0, 0, 0, 1, 0, 0, 0], [0, 0, 0, 0, 0, 0, 0, 0, 0, 0], [0, 0, 0, 0, 0, 0, 0, 0, 0, 0], [0, 0, 0, 0, 0, 0, 0, 0, 0, 1]]","['Endothelial', 'Fibroblast', 'Glandular', 'Immune_cell', 'Keratinocyte', 'Lymphatic_endothelial', 'Melanocytes', 'Neural_cell', 'Unknown', 'muscle_fiber']",
cell_type,grouped_seed0_fold3,shared_genes_plus_modules,linear_svm,24,7,"{'muscle_fiber': 3, 'Endothelial': 3, 'Lymphatic_endothelial': 3, 'Fibroblast': 3, 'Glandular': 3, 'Keratinocyte': 3, 'Immune_cell': 3, 'Unknown': 1, 'Neural_cell': 1, 'Melanocytes': 1}","{'Fibroblast': 1, 'Endothelial': 1, 'Keratinocyte': 1, 'Lymphatic_endothelial': 1, 'muscle_fiber': 1, 'Melanocytes': 1, 'Immune_cell': 1}",1.0,1.0,1.0,1.0,,"[[1, 0, 0, 0, 0, 0, 0, 0, 0, 0], [0, 1, 0, 0, 0, 0, 0, 0, 0, 0], [0, 0, 0, 0, 0, 0, 0, 0, 0, 0], [0, 0, 0, 1, 0, 0, 0, 0, 0, 0], [0, 0, 0, 0, 1, 0, 0, 0, 0, 0], [0, 0, 0, 0, 0, 1, 0, 0, 0, 0], [0, 0, 0, 0, 0, 0, 1, 0, 0, 0], [0, 0, 0, 0, 0, 0, 0, 0, 0, 0], [0, 0, 0, 0, 0, 0, 0, 0, 0, 0], [0, 0, 0, 0, 0, 0, 0, 0, 0, 1]]","['Endothelial', 'Fibroblast', 'Glandular', 'Immune_cell', 'Keratinocyte', 'Lymphatic_endothelial', 'Melanocytes', 'Neural_cell', 'Unknown', 'muscle_fiber']",
cell_type,grouped_seed0_fold3,shared_genes_plus_modules,random_forest,24,7,"{'muscle_fiber': 3, 'Endothelial': 3, 'Lymphatic_endothelial': 3, 'Fibroblast': 3, 'Glandular': 3, 'Keratinocyte': 3, 'Immune_cell': 3, 'Unknown': 1, 'Neural_cell': 1, 'Melanocytes': 1}","{'Fibroblast': 1, 'Endothelial': 1, 'Keratinocyte': 1, 'Lymphatic_endothelial': 1, 'muscle_fiber': 1, 'Melanocytes': 1, 'Immune_cell': 1}",1.0,1.0,1.0,1.0,,"[[1, 0, 0, 0, 0, 0, 0, 0, 0, 0], [0, 1, 0, 0, 0, 0, 0, 0, 0, 0], [0, 0, 0, 0, 0, 0, 0, 0, 0, 0], [0, 0, 0, 1, 0, 0, 0, 0, 0, 0], [0, 0, 0, 0, 1, 0, 0, 0, 0, 0], [0, 0, 0, 0, 0, 1, 0, 0, 0, 0], [0, 0, 0, 0, 0, 0, 1, 0, 0, 0], [0, 0, 0, 0, 0, 0, 0, 0, 0, 0], [0, 0, 0, 0, 0, 0, 0, 0, 0, 0], [0, 0, 0, 0, 0, 0, 0, 0, 0, 1]]","['Endothelial', 'Fibroblast', 'Glandular', 'Immune_cell', 'Keratinocyte', 'Lymphatic_endothelial', 'Melanocytes', 'Neural_cell', 'Unknown', 'muscle_fiber']",
cell_type,grouped_seed0_fold3,shared_genes_plus_modules,hist_gradient_boosting,24,7,"{'muscle_fiber': 3, 'Endothelial': 3, 'Lymphatic_endothelial': 3, 'Fibroblast': 3, 'Glandular': 3, 'Keratinocyte': 3, 'Immune_cell': 3, 'Unknown': 1, 'Neural_cell': 1, 'Melanocytes': 1}","{'Fibroblast': 1, 'Endothelial': 1, 'Keratinocyte': 1, 'Lymphatic_endothelial': 1, 'muscle_fiber': 1, 'Melanocytes': 1, 'Immune_cell': 1}",0.14285714285714285,0.03571428571428571,0.14285714285714285,0.03571428571428571,,"[[1, 0, 0, 0, 0, 0, 0, 0, 0, 0], [1, 0, 0, 0, 0, 0, 0, 0, 0, 0], [0, 0, 0, 0, 0, 0, 0, 0, 0, 0], [1, 0, 0, 0, 0, 0, 0, 0, 0, 0], [1, 0, 0, 0, 0, 0, 0, 0, 0, 0], [1, 0, 0, 0, 0, 0, 0, 0, 0, 0], [1, 0, 0, 0, 0, 0, 0, 0, 0, 0], [0, 0, 0, 0, 0, 0, 0, 0, 0, 0], [0, 0, 0, 0, 0, 0, 0, 0, 0, 0], [1, 0, 0, 0, 0, 0, 0, 0, 0, 0]]","['Endothelial', 'Fibroblast', 'Glandular', 'Immune_cell', 'Keratinocyte', 'Lymphatic_endothelial', 'Melanocytes', 'Neural_cell', 'Unknown', 'muscle_fiber']",
cell_type,grouped_seed0_fold3,shared_genes_plus_modules,knn,24,7,"{'muscle_fiber': 3, 'Endothelial': 3, 'Lymphatic_endothelial': 3, 'Fibroblast': 3, 'Glandular': 3, 'Keratinocyte': 3, 'Immune_cell': 3, 'Unknown': 1, 'Neural_cell': 1, 'Melanocytes': 1}","{'Fibroblast': 1, 'Endothelial': 1, 'Keratinocyte': 1, 'Lymphatic_endothelial': 1, 'muscle_fiber': 1, 'Melanocytes': 1, 'Immune_cell': 1}",0.8571428571428571,0.8095238095238094,0.8571428571428571,0.8095238095238094,,"[[1, 0, 0, 0, 0, 0, 0, 0, 0, 0], [0, 1, 0, 0, 0, 0, 0, 0, 0, 0], [0, 0, 0, 0, 0, 0, 0, 0, 0, 0], [0, 0, 0, 1, 0, 0, 0, 0, 0, 0], [0, 0, 0, 0, 1, 0, 0, 0, 0, 0], [0, 0, 0, 0, 0, 1, 0, 0, 0, 0], [0, 0, 0, 0, 1, 0, 0, 0, 0, 0], [0, 0, 0, 0, 0, 0, 0, 0, 0, 0], [0, 0, 0, 0, 0, 0, 0, 0, 0, 0], [0, 0, 0, 0, 0, 0, 0, 0, 0, 1]]","['Endothelial', 'Fibroblast', 'Glandular', 'Immune_cell', 'Keratinocyte', 'Lymphatic_endothelial', 'Melanocytes', 'Neural_cell', 'Unknown', 'muscle_fiber']",
cell_type,grouped_seed0_fold3,shared_genes_plus_modules,small_mlp,24,7,"{'muscle_fiber': 3, 'Endothelial': 3, 'Lymphatic_endothelial': 3, 'Fibroblast': 3, 'Glandular': 3, 'Keratinocyte': 3, 'Immune_cell': 3, 'Unknown': 1, 'Neural_cell': 1, 'Melanocytes': 1}","{'Fibroblast': 1, 'Endothelial': 1, 'Keratinocyte': 1, 'Lymphatic_endothelial': 1, 'muscle_fiber': 1, 'Melanocytes': 1, 'Immune_cell': 1}",0.8571428571428571,0.8095238095238095,0.8571428571428571,0.8095238095238095,,"[[1, 0, 0, 0, 0, 0, 0, 0, 0, 0], [0, 1, 0, 0, 0, 0, 0, 0, 0, 0], [0, 0, 0, 0, 0, 0, 0, 0, 0, 0], [0, 0, 0, 1, 0, 0, 0, 0, 0, 0], [0, 0, 0, 0, 1, 0, 0, 0, 0, 0], [0, 0, 0, 0, 0, 0, 0, 0, 0, 1], [0, 0, 0, 0, 0, 0, 1, 0, 0, 0], [0, 0, 0, 0, 0, 0, 0, 0, 0, 0], [0, 0, 0, 0, 0, 0, 0, 0, 0, 0], [0, 0, 0, 0, 0, 0, 0, 0, 0, 1]]","['Endothelial', 'Fibroblast', 'Glandular', 'Immune_cell', 'Keratinocyte', 'Lymphatic_endothelial', 'Melanocytes', 'Neural_cell', 'Unknown', 'muscle_fiber']",
cell_type,grouped_seed0_fold3,shared_genes,majority,24,7,"{'muscle_fiber': 3, 'Endothelial': 3, 'Lymphatic_endothelial': 3, 'Fibroblast': 3, 'Glandular': 3, 'Keratinocyte': 3, 'Immune_cell': 3, 'Unknown': 1, 'Neural_cell': 1, 'Melanocytes': 1}","{'Fibroblast': 1, 'Endothelial': 1, 'Keratinocyte': 1, 'Lymphatic_endothelial': 1, 'muscle_fiber': 1, 'Melanocytes': 1, 'Immune_cell': 1}",0.14285714285714285,0.03571428571428571,0.14285714285714285,0.03571428571428571,,"[[1, 0, 0, 0, 0, 0, 0, 0, 0, 0], [1, 0, 0, 0, 0, 0, 0, 0, 0, 0], [0, 0, 0, 0, 0, 0, 0, 0, 0, 0], [1, 0, 0, 0, 0, 0, 0, 0, 0, 0], [1, 0, 0, 0, 0, 0, 0, 0, 0, 0], [1, 0, 0, 0, 0, 0, 0, 0, 0, 0], [1, 0, 0, 0, 0, 0, 0, 0, 0, 0], [0, 0, 0, 0, 0, 0, 0, 0, 0, 0], [0, 0, 0, 0, 0, 0, 0, 0, 0, 0], [1, 0, 0, 0, 0, 0, 0, 0, 0, 0]]","['Endothelial', 'Fibroblast', 'Glandular', 'Immune_cell', 'Keratinocyte', 'Lymphatic_endothelial', 'Melanocytes', 'Neural_cell', 'Unknown', 'muscle_fiber']",
cell_type,grouped_seed0_fold3,shared_genes,stratified_random,24,7,"{'muscle_fiber': 3, 'Endothelial': 3, 'Lymphatic_endothelial': 3, 'Fibroblast': 3, 'Glandular': 3, 'Keratinocyte': 3, 'Immune_cell': 3, 'Unknown': 1, 'Neural_cell': 1, 'Melanocytes': 1}","{'Fibroblast': 1, 'Endothelial': 1, 'Keratinocyte': 1, 'Lymphatic_endothelial': 1, 'muscle_fiber': 1, 'Melanocytes': 1, 'Immune_cell': 1}",0.14285714285714285,0.14285714285714285,0.14285714285714285,0.1,,"[[1, 0, 0, 0, 0, 0, 0, 0, 0, 0], [0, 0, 0, 1, 0, 0, 0, 0, 0, 0], [0, 0, 0, 0, 0, 0, 0, 0, 0, 0], [0, 0, 0, 0, 0, 0, 0, 1, 0, 0], [0, 0, 0, 0, 0, 0, 0, 0, 1, 0], [0, 0, 0, 0, 0, 0, 1, 0, 0, 0], [0, 0, 0, 1, 0, 0, 0, 0, 0, 0], [0, 0, 0, 0, 0, 0, 0, 0, 0, 0], [0, 0, 0, 0, 0, 0, 0, 0, 0, 0], [0, 0, 1, 0, 0, 0, 0, 0, 0, 0]]","['Endothelial', 'Fibroblast', 'Glandular', 'Immune_cell', 'Keratinocyte', 'Lymphatic_endothelial', 'Melanocytes', 'Neural_cell', 'Unknown', 'muscle_fiber']",
cell_type,grouped_seed0_fold3,shared_genes,elastic_net_logreg,24,7,"{'muscle_fiber': 3, 'Endothelial': 3, 'Lymphatic_endothelial': 3, 'Fibroblast': 3, 'Glandular': 3, 'Keratinocyte': 3, 'Immune_cell': 3, 'Unknown': 1, 'Neural_cell': 1, 'Melanocytes': 1}","{'Fibroblast': 1, 'Endothelial': 1, 'Keratinocyte': 1, 'Lymphatic_endothelial': 1, 'muscle_fiber': 1, 'Melanocytes': 1, 'Immune_cell': 1}",1.0,1.0,1.0,1.0,,"[[1, 0, 0, 0, 0, 0, 0, 0, 0, 0], [0, 1, 0, 0, 0, 0, 0, 0, 0, 0], [0, 0, 0, 0, 0, 0, 0, 0, 0, 0], [0, 0, 0, 1, 0, 0, 0, 0, 0, 0], [0, 0, 0, 0, 1, 0, 0, 0, 0, 0], [0, 0, 0, 0, 0, 1, 0, 0, 0, 0], [0, 0, 0, 0, 0, 0, 1, 0, 0, 0], [0, 0, 0, 0, 0, 0, 0, 0, 0, 0], [0, 0, 0, 0, 0, 0, 0, 0, 0, 0], [0, 0, 0, 0, 0, 0, 0, 0, 0, 1]]","['Endothelial', 'Fibroblast', 'Glandular', 'Immune_cell', 'Keratinocyte', 'Lymphatic_endothelial', 'Melanocytes', 'Neural_cell', 'Unknown', 'muscle_fiber']",
cell_type,grouped_seed0_fold3,shared_genes,linear_svm,24,7,"{'muscle_fiber': 3, 'Endothelial': 3, 'Lymphatic_endothelial': 3, 'Fibroblast': 3, 'Glandular': 3, 'Keratinocyte': 3, 'Immune_cell': 3, 'Unknown': 1, 'Neural_cell': 1, 'Melanocytes': 1}","{'Fibroblast': 1, 'Endothelial': 1, 'Keratinocyte': 1, 'Lymphatic_endothelial': 1, 'muscle_fiber': 1, 'Melanocytes': 1, 'Immune_cell': 1}",1.0,1.0,1.0,1.0,,"[[1, 0, 0, 0, 0, 0, 0, 0, 0, 0], [0, 1, 0, 0, 0, 0, 0, 0, 0, 0], [0, 0, 0, 0, 0, 0, 0, 0, 0, 0], [0, 0, 0, 1, 0, 0, 0, 0, 0, 0], [0, 0, 0, 0, 1, 0, 0, 0, 0, 0], [0, 0, 0, 0, 0, 1, 0, 0, 0, 0], [0, 0, 0, 0, 0, 0, 1, 0, 0, 0], [0, 0, 0, 0, 0, 0, 0, 0, 0, 0], [0, 0, 0, 0, 0, 0, 0, 0, 0, 0], [0, 0, 0, 0, 0, 0, 0, 0, 0, 1]]","['Endothelial', 'Fibroblast', 'Glandular', 'Immune_cell', 'Keratinocyte', 'Lymphatic_endothelial', 'Melanocytes', 'Neural_cell', 'Unknown', 'muscle_fiber']",
cell_type,grouped_seed0_fold3,shared_genes,random_forest,24,7,"{'muscle_fiber': 3, 'Endothelial': 3, 'Lymphatic_endothelial': 3, 'Fibroblast': 3, 'Glandular': 3, 'Keratinocyte': 3, 'Immune_cell': 3, 'Unknown': 1, 'Neural_cell': 1, 'Melanocytes': 1}","{'Fibroblast': 1, 'Endothelial': 1, 'Keratinocyte': 1, 'Lymphatic_endothelial': 1, 'muscle_fiber': 1, 'Melanocytes': 1, 'Immune_cell': 1}",1.0,1.0,1.0,1.0,,"[[1, 0, 0, 0, 0, 0, 0, 0, 0, 0], [0, 1, 0, 0, 0, 0, 0, 0, 0, 0], [0, 0, 0, 0, 0, 0, 0, 0, 0, 0], [0, 0, 0, 1, 0, 0, 0, 0, 0, 0], [0, 0, 0, 0, 1, 0, 0, 0, 0, 0], [0, 0, 0, 0, 0, 1, 0, 0, 0, 0], [0, 0, 0, 0, 0, 0, 1, 0, 0, 0], [0, 0, 0, 0, 0, 0, 0, 0, 0, 0], [0, 0, 0, 0, 0, 0, 0, 0, 0, 0], [0, 0, 0, 0, 0, 0, 0, 0, 0, 1]]","['Endothelial', 'Fibroblast', 'Glandular', 'Immune_cell', 'Keratinocyte', 'Lymphatic_endothelial', 'Melanocytes', 'Neural_cell', 'Unknown', 'muscle_fiber']",
cell_type,grouped_seed0_fold3,shared_genes,hist_gradient_boosting,24,7,"{'muscle_fiber': 3, 'Endothelial': 3, 'Lymphatic_endothelial': 3, 'Fibroblast': 3, 'Glandular': 3, 'Keratinocyte': 3, 'Immune_cell': 3, 'Unknown': 1, 'Neural_cell': 1, 'Melanocytes': 1}","{'Fibroblast': 1, 'Endothelial': 1, 'Keratinocyte': 1, 'Lymphatic_endothelial': 1, 'muscle_fiber': 1, 'Melanocytes': 1, 'Immune_cell': 1}",0.14285714285714285,0.03571428571428571,0.14285714285714285,0.03571428571428571,,"[[1, 0, 0, 0, 0, 0, 0, 0, 0, 0], [1, 0, 0, 0, 0, 0, 0, 0, 0, 0], [0, 0, 0, 0, 0, 0, 0, 0, 0, 0], [1, 0, 0, 0, 0, 0, 0, 0, 0, 0], [1, 0, 0, 0, 0, 0, 0, 0, 0, 0], [1, 0, 0, 0, 0, 0, 0, 0, 0, 0], [1, 0, 0, 0, 0, 0, 0, 0, 0, 0], [0, 0, 0, 0, 0, 0, 0, 0, 0, 0], [0, 0, 0, 0, 0, 0, 0, 0, 0, 0], [1, 0, 0, 0, 0, 0, 0, 0, 0, 0]]","['Endothelial', 'Fibroblast', 'Glandular', 'Immune_cell', 'Keratinocyte', 'Lymphatic_endothelial', 'Melanocytes', 'Neural_cell', 'Unknown', 'muscle_fiber']",
cell_type,grouped_seed0_fold3,shared_genes,knn,24,7,"{'muscle_fiber': 3, 'Endothelial': 3, 'Lymphatic_endothelial': 3, 'Fibroblast': 3, 'Glandular': 3, 'Keratinocyte': 3, 'Immune_cell': 3, 'Unknown': 1, 'Neural_cell': 1, 'Melanocytes': 1}","{'Fibroblast': 1, 'Endothelial': 1, 'Keratinocyte': 1, 'Lymphatic_endothelial': 1, 'muscle_fiber': 1, 'Melanocytes': 1, 'Immune_cell': 1}",0.8571428571428571,0.8095238095238094,0.8571428571428571,0.8095238095238094,,"[[1, 0, 0, 0, 0, 0, 0, 0, 0, 0], [0, 1, 0, 0, 0, 0, 0, 0, 0, 0], [0, 0, 0, 0, 0, 0, 0, 0, 0, 0], [0, 0, 0, 1, 0, 0, 0, 0, 0, 0], [0, 0, 0, 0, 1, 0, 0, 0, 0, 0], [0, 0, 0, 0, 0, 1, 0, 0, 0, 0], [0, 0, 0, 0, 1, 0, 0, 0, 0, 0], [0, 0, 0, 0, 0, 0, 0, 0, 0, 0], [0, 0, 0, 0, 0, 0, 0, 0, 0, 0], [0, 0, 0, 0, 0, 0, 0, 0, 0, 1]]","['Endothelial', 'Fibroblast', 'Glandular', 'Immune_cell', 'Keratinocyte', 'Lymphatic_endothelial', 'Melanocytes', 'Neural_cell', 'Unknown', 'muscle_fiber']",
cell_type,grouped_seed0_fold3,modules_only,majority,24,7,"{'muscle_fiber': 3, 'Endothelial': 3, 'Lymphatic_endothelial': 3, 'Fibroblast': 3, 'Glandular': 3, 'Keratinocyte': 3, 'Immune_cell': 3, 'Unknown': 1, 'Neural_cell': 1, 'Melanocytes': 1}","{'Fibroblast': 1, 'Endothelial': 1, 'Keratinocyte': 1, 'Lymphatic_endothelial': 1, 'muscle_fiber': 1, 'Melanocytes': 1, 'Immune_cell': 1}",0.14285714285714285,0.03571428571428571,0.14285714285714285,0.03571428571428571,,"[[1, 0, 0, 0, 0, 0, 0, 0, 0, 0], [1, 0, 0, 0, 0, 0, 0, 0, 0, 0], [0, 0, 0, 0, 0, 0, 0, 0, 0, 0], [1, 0, 0, 0, 0, 0, 0, 0, 0, 0], [1, 0, 0, 0, 0, 0, 0, 0, 0, 0], [1, 0, 0, 0, 0, 0, 0, 0, 0, 0], [1, 0, 0, 0, 0, 0, 0, 0, 0, 0], [0, 0, 0, 0, 0, 0, 0, 0, 0, 0], [0, 0, 0, 0, 0, 0, 0, 0, 0, 0], [1, 0, 0, 0, 0, 0, 0, 0, 0, 0]]","['Endothelial', 'Fibroblast', 'Glandular', 'Immune_cell', 'Keratinocyte', 'Lymphatic_endothelial', 'Melanocytes', 'Neural_cell', 'Unknown', 'muscle_fiber']",
cell_type,grouped_seed0_fold3,modules_only,stratified_random,24,7,"{'muscle_fiber': 3, 'Endothelial': 3, 'Lymphatic_endothelial': 3, 'Fibroblast': 3, 'Glandular': 3, 'Keratinocyte': 3, 'Immune_cell': 3, 'Unknown': 1, 'Neural_cell': 1, 'Melanocytes': 1}","{'Fibroblast': 1, 'Endothelial': 1, 'Keratinocyte': 1, 'Lymphatic_endothelial': 1, 'muscle_fiber': 1, 'Melanocytes': 1, 'Immune_cell': 1}",0.14285714285714285,0.14285714285714285,0.14285714285714285,0.1,,"[[1, 0, 0, 0, 0, 0, 0, 0, 0, 0], [0, 0, 0, 1, 0, 0, 0, 0, 0, 0], [0, 0, 0, 0, 0, 0, 0, 0, 0, 0], [0, 0, 0, 0, 0, 0, 0, 1, 0, 0], [0, 0, 0, 0, 0, 0, 0, 0, 1, 0], [0, 0, 0, 0, 0, 0, 1, 0, 0, 0], [0, 0, 0, 1, 0, 0, 0, 0, 0, 0], [0, 0, 0, 0, 0, 0, 0, 0, 0, 0], [0, 0, 0, 0, 0, 0, 0, 0, 0, 0], [0, 0, 1, 0, 0, 0, 0, 0, 0, 0]]","['Endothelial', 'Fibroblast', 'Glandular', 'Immune_cell', 'Keratinocyte', 'Lymphatic_endothelial', 'Melanocytes', 'Neural_cell', 'Unknown', 'muscle_fiber']",
cell_type,grouped_seed0_fold3,modules_only,elastic_net_logreg,24,7,"{'muscle_fiber': 3, 'Endothelial': 3, 'Lymphatic_endothelial': 3, 'Fibroblast': 3, 'Glandular': 3, 'Keratinocyte': 3, 'Immune_cell': 3, 'Unknown': 1, 'Neural_cell': 1, 'Melanocytes': 1}","{'Fibroblast': 1, 'Endothelial': 1, 'Keratinocyte': 1, 'Lymphatic_endothelial': 1, 'muscle_fiber': 1, 'Melanocytes': 1, 'Immune_cell': 1}",1.0,1.0,1.0,1.0,,"[[1, 0, 0, 0, 0, 0, 0, 0, 0, 0], [0, 1, 0, 0, 0, 0, 0, 0, 0, 0], [0, 0, 0, 0, 0, 0, 0, 0, 0, 0], [0, 0, 0, 1, 0, 0, 0, 0, 0, 0], [0, 0, 0, 0, 1, 0, 0, 0, 0, 0], [0, 0, 0, 0, 0, 1, 0, 0, 0, 0], [0, 0, 0, 0, 0, 0, 1, 0, 0, 0], [0, 0, 0, 0, 0, 0, 0, 0, 0, 0], [0, 0, 0, 0, 0, 0, 0, 0, 0, 0], [0, 0, 0, 0, 0, 0, 0, 0, 0, 1]]","['Endothelial', 'Fibroblast', 'Glandular', 'Immune_cell', 'Keratinocyte', 'Lymphatic_endothelial', 'Melanocytes', 'Neural_cell', 'Unknown', 'muscle_fiber']",
cell_type,grouped_seed0_fold3,modules_only,linear_svm,24,7,"{'muscle_fiber': 3, 'Endothelial': 3, 'Lymphatic_endothelial': 3, 'Fibroblast': 3, 'Glandular': 3, 'Keratinocyte': 3, 'Immune_cell': 3, 'Unknown': 1, 'Neural_cell': 1, 'Melanocytes': 1}","{'Fibroblast': 1, 'Endothelial': 1, 'Keratinocyte': 1, 'Lymphatic_endothelial': 1, 'muscle_fiber': 1, 'Melanocytes': 1, 'Immune_cell': 1}",1.0,1.0,1.0,1.0,,"[[1, 0, 0, 0, 0, 0, 0, 0, 0, 0], [0, 1, 0, 0, 0, 0, 0, 0, 0, 0], [0, 0, 0, 0, 0, 0, 0, 0, 0, 0], [0, 0, 0, 1, 0, 0, 0, 0, 0, 0], [0, 0, 0, 0, 1, 0, 0, 0, 0, 0], [0, 0, 0, 0, 0, 1, 0, 0, 0, 0], [0, 0, 0, 0, 0, 0, 1, 0, 0, 0], [0, 0, 0, 0, 0, 0, 0, 0, 0, 0], [0, 0, 0, 0, 0, 0, 0, 0, 0, 0], [0, 0, 0, 0, 0, 0, 0, 0, 0, 1]]","['Endothelial', 'Fibroblast', 'Glandular', 'Immune_cell', 'Keratinocyte', 'Lymphatic_endothelial', 'Melanocytes', 'Neural_cell', 'Unknown', 'muscle_fiber']",
cell_type,grouped_seed0_fold3,modules_only,random_forest,24,7,"{'muscle_fiber': 3, 'Endothelial': 3, 'Lymphatic_endothelial': 3, 'Fibroblast': 3, 'Glandular': 3, 'Keratinocyte': 3, 'Immune_cell': 3, 'Unknown': 1, 'Neural_cell': 1, 'Melanocytes': 1}","{'Fibroblast': 1, 'Endothelial': 1, 'Keratinocyte': 1, 'Lymphatic_endothelial': 1, 'muscle_fiber': 1, 'Melanocytes': 1, 'Immune_cell': 1}",0.7142857142857143,0.619047619047619,0.7142857142857143,0.619047619047619,,"[[1, 0, 0, 0, 0, 0, 0, 0, 0, 0], [0, 0, 0, 0, 0, 0, 0, 0, 0, 1], [0, 0, 0, 0, 0, 0, 0, 0, 0, 0], [0, 0, 0, 1, 0, 0, 0, 0, 0, 0], [0, 0, 0, 0, 1, 0, 0, 0, 0, 0], [0, 0, 0, 0, 0, 1, 0, 0, 0, 0], [0, 0, 0, 1, 0, 0, 0, 0, 0, 0], [0, 0, 0, 0, 0, 0, 0, 0, 0, 0], [0, 0, 0, 0, 0, 0, 0, 0, 0, 0], [0, 0, 0, 0, 0, 0, 0, 0, 0, 1]]","['Endothelial', 'Fibroblast', 'Glandular', 'Immune_cell', 'Keratinocyte', 'Lymphatic_endothelial', 'Melanocytes', 'Neural_cell', 'Unknown', 'muscle_fiber']",
cell_type,grouped_seed0_fold3,modules_only,hist_gradient_boosting,24,7,"{'muscle_fiber': 3, 'Endothelial': 3, 'Lymphatic_endothelial': 3, 'Fibroblast': 3, 'Glandular': 3, 'Keratinocyte': 3, 'Immune_cell': 3, 'Unknown': 1, 'Neural_cell': 1, 'Melanocytes': 1}","{'Fibroblast': 1, 'Endothelial': 1, 'Keratinocyte': 1, 'Lymphatic_endothelial': 1, 'muscle_fiber': 1, 'Melanocytes': 1, 'Immune_cell': 1}",0.14285714285714285,0.03571428571428571,0.14285714285714285,0.03571428571428571,,"[[1, 0, 0, 0, 0, 0, 0, 0, 0, 0], [1, 0, 0, 0, 0, 0, 0, 0, 0, 0], [0, 0, 0, 0, 0, 0, 0, 0, 0, 0], [1, 0, 0, 0, 0, 0, 0, 0, 0, 0], [1, 0, 0, 0, 0, 0, 0, 0, 0, 0], [1, 0, 0, 0, 0, 0, 0, 0, 0, 0], [1, 0, 0, 0, 0, 0, 0, 0, 0, 0], [0, 0, 0, 0, 0, 0, 0, 0, 0, 0], [0, 0, 0, 0, 0, 0, 0, 0, 0, 0], [1, 0, 0, 0, 0, 0, 0, 0, 0, 0]]","['Endothelial', 'Fibroblast', 'Glandular', 'Immune_cell', 'Keratinocyte', 'Lymphatic_endothelial', 'Melanocytes', 'Neural_cell', 'Unknown', 'muscle_fiber']",
cell_type,grouped_seed0_fold3,modules_only,knn,24,7,"{'muscle_fiber': 3, 'Endothelial': 3, 'Lymphatic_endothelial': 3, 'Fibroblast': 3, 'Glandular': 3, 'Keratinocyte': 3, 'Immune_cell': 3, 'Unknown': 1, 'Neural_cell': 1, 'Melanocytes': 1}","{'Fibroblast': 1, 'Endothelial': 1, 'Keratinocyte': 1, 'Lymphatic_endothelial': 1, 'muscle_fiber': 1, 'Melanocytes': 1, 'Immune_cell': 1}",0.8571428571428571,0.8571428571428571,0.8571428571428571,0.75,,"[[1, 0, 0, 0, 0, 0, 0, 0, 0, 0], [0, 1, 0, 0, 0, 0, 0, 0, 0, 0], [0, 0, 0, 0, 0, 0, 0, 0, 0, 0], [0, 0, 0, 1, 0, 0, 0, 0, 0, 0], [0, 0, 0, 0, 1, 0, 0, 0, 0, 0], [0, 0, 0, 0, 0, 1, 0, 0, 0, 0], [0, 0, 1, 0, 0, 0, 0, 0, 0, 0], [0, 0, 0, 0, 0, 0, 0, 0, 0, 0], [0, 0, 0, 0, 0, 0, 0, 0, 0, 0], [0, 0, 0, 0, 0, 0, 0, 0, 0, 1]]","['Endothelial', 'Fibroblast', 'Glandular', 'Immune_cell', 'Keratinocyte', 'Lymphatic_endothelial', 'Melanocytes', 'Neural_cell', 'Unknown', 'muscle_fiber']",
cell_type,grouped_seed0_fold3,modules_only,small_mlp,24,7,"{'muscle_fiber': 3, 'Endothelial': 3, 'Lymphatic_endothelial': 3, 'Fibroblast': 3, 'Glandular': 3, 'Keratinocyte': 3, 'Immune_cell': 3, 'Unknown': 1, 'Neural_cell': 1, 'Melanocytes': 1}","{'Fibroblast': 1, 'Endothelial': 1, 'Keratinocyte': 1, 'Lymphatic_endothelial': 1, 'muscle_fiber': 1, 'Melanocytes': 1, 'Immune_cell': 1}",0.0,0.0,0.0,0.0,,"[[0, 0, 0, 0, 0, 0, 1, 0, 0, 0], [0, 0, 0, 0, 0, 0, 1, 0, 0, 0], [0, 0, 0, 0, 0, 0, 0, 0, 0, 0], [0, 0, 0, 0, 0, 0, 0, 1, 0, 0], [1, 0, 0, 0, 0, 0, 0, 0, 0, 0], [0, 0, 0, 0, 0, 0, 1, 0, 0, 0], [0, 0, 0, 0, 0, 0, 0, 1, 0, 0], [0, 0, 0, 0, 0, 0, 0, 0, 0, 0], [0, 0, 0, 0, 0, 0, 0, 0, 0, 0], [0, 0, 0, 0, 1, 0, 0, 0, 0, 0]]","['Endothelial', 'Fibroblast', 'Glandular', 'Immune_cell', 'Keratinocyte', 'Lymphatic_endothelial', 'Melanocytes', 'Neural_cell', 'Unknown', 'muscle_fiber']",
cell_type,grouped_seed0_fold4,shared_genes_plus_modules,majority,31,7,"{'Endothelial': 4, 'Fibroblast': 4, 'Keratinocyte': 4, 'muscle_fiber': 4, 'Lymphatic_endothelial': 4, 'Immune_cell': 4, 'Glandular': 3, 'Melanocytes': 2, 'Unknown': 1, 'Neural_cell': 1}","{'Fibroblast': 1, 'Endothelial': 1, 'muscle_fiber': 1, 'Keratinocyte': 1, 'Immune_cell': 1, 'Neural_cell': 1, 'Lymphatic_endothelial': 1}",0.14285714285714285,0.03571428571428571,0.14285714285714285,0.03571428571428571,,"[[1, 0, 0, 0, 0, 0, 0, 0, 0, 0], [1, 0, 0, 0, 0, 0, 0, 0, 0, 0], [0, 0, 0, 0, 0, 0, 0, 0, 0, 0], [1, 0, 0, 0, 0, 0, 0, 0, 0, 0], [1, 0, 0, 0, 0, 0, 0, 0, 0, 0], [1, 0, 0, 0, 0, 0, 0, 0, 0, 0], [0, 0, 0, 0, 0, 0, 0, 0, 0, 0], [1, 0, 0, 0, 0, 0, 0, 0, 0, 0], [0, 0, 0, 0, 0, 0, 0, 0, 0, 0], [1, 0, 0, 0, 0, 0, 0, 0, 0, 0]]","['Endothelial', 'Fibroblast', 'Glandular', 'Immune_cell', 'Keratinocyte', 'Lymphatic_endothelial', 'Melanocytes', 'Neural_cell', 'Unknown', 'muscle_fiber']",
cell_type,grouped_seed0_fold4,shared_genes_plus_modules,stratified_random,31,7,"{'Endothelial': 4, 'Fibroblast': 4, 'Keratinocyte': 4, 'muscle_fiber': 4, 'Lymphatic_endothelial': 4, 'Immune_cell': 4, 'Glandular': 3, 'Melanocytes': 2, 'Unknown': 1, 'Neural_cell': 1}","{'Fibroblast': 1, 'Endothelial': 1, 'muscle_fiber': 1, 'Keratinocyte': 1, 'Immune_cell': 1, 'Neural_cell': 1, 'Lymphatic_endothelial': 1}",0.14285714285714285,0.14285714285714285,0.14285714285714285,0.1,,"[[1, 0, 0, 0, 0, 0, 0, 0, 0, 0], [0, 0, 0, 1, 0, 0, 0, 0, 0, 0], [0, 0, 0, 0, 0, 0, 0, 0, 0, 0], [0, 0, 1, 0, 0, 0, 0, 0, 0, 0], [0, 0, 0, 0, 0, 0, 1, 0, 0, 0], [0, 0, 0, 0, 0, 0, 0, 1, 0, 0], [0, 0, 0, 0, 0, 0, 0, 0, 0, 0], [0, 0, 0, 1, 0, 0, 0, 0, 0, 0], [0, 0, 0, 0, 0, 0, 0, 0, 0, 0], [0, 0, 0, 0, 0, 0, 0, 0, 1, 0]]","['Endothelial', 'Fibroblast', 'Glandular', 'Immune_cell', 'Keratinocyte', 'Lymphatic_endothelial', 'Melanocytes', 'Neural_cell', 'Unknown', 'muscle_fiber']",
cell_type,grouped_seed0_fold4,shared_genes_plus_modules,elastic_net_logreg,31,7,"{'Endothelial': 4, 'Fibroblast': 4, 'Keratinocyte': 4, 'muscle_fiber': 4, 'Lymphatic_endothelial': 4, 'Immune_cell': 4, 'Glandular': 3, 'Melanocytes': 2, 'Unknown': 1, 'Neural_cell': 1}","{'Fibroblast': 1, 'Endothelial': 1, 'muscle_fiber': 1, 'Keratinocyte': 1, 'Immune_cell': 1, 'Neural_cell': 1, 'Lymphatic_endothelial': 1}",1.0,1.0,1.0,1.0,,"[[1, 0, 0, 0, 0, 0, 0, 0, 0, 0], [0, 1, 0, 0, 0, 0, 0, 0, 0, 0], [0, 0, 0, 0, 0, 0, 0, 0, 0, 0], [0, 0, 0, 1, 0, 0, 0, 0, 0, 0], [0, 0, 0, 0, 1, 0, 0, 0, 0, 0], [0, 0, 0, 0, 0, 1, 0, 0, 0, 0], [0, 0, 0, 0, 0, 0, 0, 0, 0, 0], [0, 0, 0, 0, 0, 0, 0, 1, 0, 0], [0, 0, 0, 0, 0, 0, 0, 0, 0, 0], [0, 0, 0, 0, 0, 0, 0, 0, 0, 1]]","['Endothelial', 'Fibroblast', 'Glandular', 'Immune_cell', 'Keratinocyte', 'Lymphatic_endothelial', 'Melanocytes', 'Neural_cell', 'Unknown', 'muscle_fiber']",
cell_type,grouped_seed0_fold4,shared_genes_plus_modules,linear_svm,31,7,"{'Endothelial': 4, 'Fibroblast': 4, 'Keratinocyte': 4, 'muscle_fiber': 4, 'Lymphatic_endothelial': 4, 'Immune_cell': 4, 'Glandular': 3, 'Melanocytes': 2, 'Unknown': 1, 'Neural_cell': 1}","{'Fibroblast': 1, 'Endothelial': 1, 'muscle_fiber': 1, 'Keratinocyte': 1, 'Immune_cell': 1, 'Neural_cell': 1, 'Lymphatic_endothelial': 1}",1.0,1.0,1.0,1.0,,"[[1, 0, 0, 0, 0, 0, 0, 0, 0, 0], [0, 1, 0, 0, 0, 0, 0, 0, 0, 0], [0, 0, 0, 0, 0, 0, 0, 0, 0, 0], [0, 0, 0, 1, 0, 0, 0, 0, 0, 0], [0, 0, 0, 0, 1, 0, 0, 0, 0, 0], [0, 0, 0, 0, 0, 1, 0, 0, 0, 0], [0, 0, 0, 0, 0, 0, 0, 0, 0, 0], [0, 0, 0, 0, 0, 0, 0, 1, 0, 0], [0, 0, 0, 0, 0, 0, 0, 0, 0, 0], [0, 0, 0, 0, 0, 0, 0, 0, 0, 1]]","['Endothelial', 'Fibroblast', 'Glandular', 'Immune_cell', 'Keratinocyte', 'Lymphatic_endothelial', 'Melanocytes', 'Neural_cell', 'Unknown', 'muscle_fiber']",
cell_type,grouped_seed0_fold4,shared_genes_plus_modules,random_forest,31,7,"{'Endothelial': 4, 'Fibroblast': 4, 'Keratinocyte': 4, 'muscle_fiber': 4, 'Lymphatic_endothelial': 4, 'Immune_cell': 4, 'Glandular': 3, 'Melanocytes': 2, 'Unknown': 1, 'Neural_cell': 1}","{'Fibroblast': 1, 'Endothelial': 1, 'muscle_fiber': 1, 'Keratinocyte': 1, 'Immune_cell': 1, 'Neural_cell': 1, 'Lymphatic_endothelial': 1}",1.0,1.0,1.0,1.0,,"[[1, 0, 0, 0, 0, 0, 0, 0, 0, 0], [0, 1, 0, 0, 0, 0, 0, 0, 0, 0], [0, 0, 0, 0, 0, 0, 0, 0, 0, 0], [0, 0, 0, 1, 0, 0, 0, 0, 0, 0], [0, 0, 0, 0, 1, 0, 0, 0, 0, 0], [0, 0, 0, 0, 0, 1, 0, 0, 0, 0], [0, 0, 0, 0, 0, 0, 0, 0, 0, 0], [0, 0, 0, 0, 0, 0, 0, 1, 0, 0], [0, 0, 0, 0, 0, 0, 0, 0, 0, 0], [0, 0, 0, 0, 0, 0, 0, 0, 0, 1]]","['Endothelial', 'Fibroblast', 'Glandular', 'Immune_cell', 'Keratinocyte', 'Lymphatic_endothelial', 'Melanocytes', 'Neural_cell', 'Unknown', 'muscle_fiber']",
cell_type,grouped_seed0_fold4,shared_genes_plus_modules,hist_gradient_boosting,31,7,"{'Endothelial': 4, 'Fibroblast': 4, 'Keratinocyte': 4, 'muscle_fiber': 4, 'Lymphatic_endothelial': 4, 'Immune_cell': 4, 'Glandular': 3, 'Melanocytes': 2, 'Unknown': 1, 'Neural_cell': 1}","{'Fibroblast': 1, 'Endothelial': 1, 'muscle_fiber': 1, 'Keratinocyte': 1, 'Immune_cell': 1, 'Neural_cell': 1, 'Lymphatic_endothelial': 1}",0.14285714285714285,0.03571428571428571,0.14285714285714285,0.03571428571428571,,"[[1, 0, 0, 0, 0, 0, 0, 0, 0, 0], [1, 0, 0, 0, 0, 0, 0, 0, 0, 0], [0, 0, 0, 0, 0, 0, 0, 0, 0, 0], [1, 0, 0, 0, 0, 0, 0, 0, 0, 0], [1, 0, 0, 0, 0, 0, 0, 0, 0, 0], [1, 0, 0, 0, 0, 0, 0, 0, 0, 0], [0, 0, 0, 0, 0, 0, 0, 0, 0, 0], [1, 0, 0, 0, 0, 0, 0, 0, 0, 0], [0, 0, 0, 0, 0, 0, 0, 0, 0, 0], [1, 0, 0, 0, 0, 0, 0, 0, 0, 0]]","['Endothelial', 'Fibroblast', 'Glandular', 'Immune_cell', 'Keratinocyte', 'Lymphatic_endothelial', 'Melanocytes', 'Neural_cell', 'Unknown', 'muscle_fiber']",
cell_type,grouped_seed0_fold4,shared_genes_plus_modules,knn,31,7,"{'Endothelial': 4, 'Fibroblast': 4, 'Keratinocyte': 4, 'muscle_fiber': 4, 'Lymphatic_endothelial': 4, 'Immune_cell': 4, 'Glandular': 3, 'Melanocytes': 2, 'Unknown': 1, 'Neural_cell': 1}","{'Fibroblast': 1, 'Endothelial': 1, 'muscle_fiber': 1, 'Keratinocyte': 1, 'Immune_cell': 1, 'Neural_cell': 1, 'Lymphatic_endothelial': 1}",0.8571428571428571,0.8095238095238094,0.8571428571428571,0.8095238095238094,,"[[1, 0, 0, 0, 0, 0, 0, 0, 0, 0], [0, 1, 0, 0, 0, 0, 0, 0, 0, 0], [0, 0, 0, 0, 0, 0, 0, 0, 0, 0], [0, 0, 0, 1, 0, 0, 0, 0, 0, 0], [0, 0, 0, 0, 1, 0, 0, 0, 0, 0], [0, 0, 0, 0, 0, 1, 0, 0, 0, 0], [0, 0, 0, 0, 0, 0, 0, 0, 0, 0], [0, 1, 0, 0, 0, 0, 0, 0, 0, 0], [0, 0, 0, 0, 0, 0, 0, 0, 0, 0], [0, 0, 0, 0, 0, 0, 0, 0, 0, 1]]","['Endothelial', 'Fibroblast', 'Glandular', 'Immune_cell', 'Keratinocyte', 'Lymphatic_endothelial', 'Melanocytes', 'Neural_cell', 'Unknown', 'muscle_fiber']",
cell_type,grouped_seed0_fold4,shared_genes_plus_modules,small_mlp,31,7,"{'Endothelial': 4, 'Fibroblast': 4, 'Keratinocyte': 4, 'muscle_fiber': 4, 'Lymphatic_endothelial': 4, 'Immune_cell': 4, 'Glandular': 3, 'Melanocytes': 2, 'Unknown': 1, 'Neural_cell': 1}","{'Fibroblast': 1, 'Endothelial': 1, 'muscle_fiber': 1, 'Keratinocyte': 1, 'Immune_cell': 1, 'Neural_cell': 1, 'Lymphatic_endothelial': 1}",0.8571428571428571,0.8095238095238095,0.8571428571428571,0.8095238095238095,,"[[1, 0, 0, 0, 0, 0, 0, 0, 0, 0], [0, 1, 0, 0, 0, 0, 0, 0, 0, 0], [0, 0, 0, 0, 0, 0, 0, 0, 0, 0], [0, 0, 0, 1, 0, 0, 0, 0, 0, 0], [0, 0, 0, 0, 1, 0, 0, 0, 0, 0], [0, 0, 0, 0, 0, 1, 0, 0, 0, 0], [0, 0, 0, 0, 0, 0, 0, 0, 0, 0], [0, 0, 0, 0, 0, 0, 0, 0, 0, 1], [0, 0, 0, 0, 0, 0, 0, 0, 0, 0], [0, 0, 0, 0, 0, 0, 0, 0, 0, 1]]","['Endothelial', 'Fibroblast', 'Glandular', 'Immune_cell', 'Keratinocyte', 'Lymphatic_endothelial', 'Melanocytes', 'Neural_cell', 'Unknown', 'muscle_fiber']",
cell_type,grouped_seed0_fold4,shared_genes,majority,31,7,"{'Endothelial': 4, 'Fibroblast': 4, 'Keratinocyte': 4, 'muscle_fiber': 4, 'Lymphatic_endothelial': 4, 'Immune_cell': 4, 'Glandular': 3, 'Melanocytes': 2, 'Unknown': 1, 'Neural_cell': 1}","{'Fibroblast': 1, 'Endothelial': 1, 'muscle_fiber': 1, 'Keratinocyte': 1, 'Immune_cell': 1, 'Neural_cell': 1, 'Lymphatic_endothelial': 1}",0.14285714285714285,0.03571428571428571,0.14285714285714285,0.03571428571428571,,"[[1, 0, 0, 0, 0, 0, 0, 0, 0, 0], [1, 0, 0, 0, 0, 0, 0, 0, 0, 0], [0, 0, 0, 0, 0, 0, 0, 0, 0, 0], [1, 0, 0, 0, 0, 0, 0, 0, 0, 0], [1, 0, 0, 0, 0, 0, 0, 0, 0, 0], [1, 0, 0, 0, 0, 0, 0, 0, 0, 0], [0, 0, 0, 0, 0, 0, 0, 0, 0, 0], [1, 0, 0, 0, 0, 0, 0, 0, 0, 0], [0, 0, 0, 0, 0, 0, 0, 0, 0, 0], [1, 0, 0, 0, 0, 0, 0, 0, 0, 0]]","['Endothelial', 'Fibroblast', 'Glandular', 'Immune_cell', 'Keratinocyte', 'Lymphatic_endothelial', 'Melanocytes', 'Neural_cell', 'Unknown', 'muscle_fiber']",
cell_type,grouped_seed0_fold4,shared_genes,stratified_random,31,7,"{'Endothelial': 4, 'Fibroblast': 4, 'Keratinocyte': 4, 'muscle_fiber': 4, 'Lymphatic_endothelial': 4, 'Immune_cell': 4, 'Glandular': 3, 'Melanocytes': 2, 'Unknown': 1, 'Neural_cell': 1}","{'Fibroblast': 1, 'Endothelial': 1, 'muscle_fiber': 1, 'Keratinocyte': 1, 'Immune_cell': 1, 'Neural_cell': 1, 'Lymphatic_endothelial': 1}",0.14285714285714285,0.14285714285714285,0.14285714285714285,0.1,,"[[1, 0, 0, 0, 0, 0, 0, 0, 0, 0], [0, 0, 0, 1, 0, 0, 0, 0, 0, 0], [0, 0, 0, 0, 0, 0, 0, 0, 0, 0], [0, 0, 1, 0, 0, 0, 0, 0, 0, 0], [0, 0, 0, 0, 0, 0, 1, 0, 0, 0], [0, 0, 0, 0, 0, 0, 0, 1, 0, 0], [0, 0, 0, 0, 0, 0, 0, 0, 0, 0], [0, 0, 0, 1, 0, 0, 0, 0, 0, 0], [0, 0, 0, 0, 0, 0, 0, 0, 0, 0], [0, 0, 0, 0, 0, 0, 0, 0, 1, 0]]","['Endothelial', 'Fibroblast', 'Glandular', 'Immune_cell', 'Keratinocyte', 'Lymphatic_endothelial', 'Melanocytes', 'Neural_cell', 'Unknown', 'muscle_fiber']",
cell_type,grouped_seed0_fold4,shared_genes,elastic_net_logreg,31,7,"{'Endothelial': 4, 'Fibroblast': 4, 'Keratinocyte': 4, 'muscle_fiber': 4, 'Lymphatic_endothelial': 4, 'Immune_cell': 4, 'Glandular': 3, 'Melanocytes': 2, 'Unknown': 1, 'Neural_cell': 1}","{'Fibroblast': 1, 'Endothelial': 1, 'muscle_fiber': 1, 'Keratinocyte': 1, 'Immune_cell': 1, 'Neural_cell': 1, 'Lymphatic_endothelial': 1}",1.0,1.0,1.0,1.0,,"[[1, 0, 0, 0, 0, 0, 0, 0, 0, 0], [0, 1, 0, 0, 0, 0, 0, 0, 0, 0], [0, 0, 0, 0, 0, 0, 0, 0, 0, 0], [0, 0, 0, 1, 0, 0, 0, 0, 0, 0], [0, 0, 0, 0, 1, 0, 0, 0, 0, 0], [0, 0, 0, 0, 0, 1, 0, 0, 0, 0], [0, 0, 0, 0, 0, 0, 0, 0, 0, 0], [0, 0, 0, 0, 0, 0, 0, 1, 0, 0], [0, 0, 0, 0, 0, 0, 0, 0, 0, 0], [0, 0, 0, 0, 0, 0, 0, 0, 0, 1]]","['Endothelial', 'Fibroblast', 'Glandular', 'Immune_cell', 'Keratinocyte', 'Lymphatic_endothelial', 'Melanocytes', 'Neural_cell', 'Unknown', 'muscle_fiber']",
cell_type,grouped_seed0_fold4,shared_genes,linear_svm,31,7,"{'Endothelial': 4, 'Fibroblast': 4, 'Keratinocyte': 4, 'muscle_fiber': 4, 'Lymphatic_endothelial': 4, 'Immune_cell': 4, 'Glandular': 3, 'Melanocytes': 2, 'Unknown': 1, 'Neural_cell': 1}","{'Fibroblast': 1, 'Endothelial': 1, 'muscle_fiber': 1, 'Keratinocyte': 1, 'Immune_cell': 1, 'Neural_cell': 1, 'Lymphatic_endothelial': 1}",1.0,1.0,1.0,1.0,,"[[1, 0, 0, 0, 0, 0, 0, 0, 0, 0], [0, 1, 0, 0, 0, 0, 0, 0, 0, 0], [0, 0, 0, 0, 0, 0, 0, 0, 0, 0], [0, 0, 0, 1, 0, 0, 0, 0, 0, 0], [0, 0, 0, 0, 1, 0, 0, 0, 0, 0], [0, 0, 0, 0, 0, 1, 0, 0, 0, 0], [0, 0, 0, 0, 0, 0, 0, 0, 0, 0], [0, 0, 0, 0, 0, 0, 0, 1, 0, 0], [0, 0, 0, 0, 0, 0, 0, 0, 0, 0], [0, 0, 0, 0, 0, 0, 0, 0, 0, 1]]","['Endothelial', 'Fibroblast', 'Glandular', 'Immune_cell', 'Keratinocyte', 'Lymphatic_endothelial', 'Melanocytes', 'Neural_cell', 'Unknown', 'muscle_fiber']",
cell_type,grouped_seed0_fold4,shared_genes,random_forest,31,7,"{'Endothelial': 4, 'Fibroblast': 4, 'Keratinocyte': 4, 'muscle_fiber': 4, 'Lymphatic_endothelial': 4, 'Immune_cell': 4, 'Glandular': 3, 'Melanocytes': 2, 'Unknown': 1, 'Neural_cell': 1}","{'Fibroblast': 1, 'Endothelial': 1, 'muscle_fiber': 1, 'Keratinocyte': 1, 'Immune_cell': 1, 'Neural_cell': 1, 'Lymphatic_endothelial': 1}",1.0,1.0,1.0,1.0,,"[[1, 0, 0, 0, 0, 0, 0, 0, 0, 0], [0, 1, 0, 0, 0, 0, 0, 0, 0, 0], [0, 0, 0, 0, 0, 0, 0, 0, 0, 0], [0, 0, 0, 1, 0, 0, 0, 0, 0, 0], [0, 0, 0, 0, 1, 0, 0, 0, 0, 0], [0, 0, 0, 0, 0, 1, 0, 0, 0, 0], [0, 0, 0, 0, 0, 0, 0, 0, 0, 0], [0, 0, 0, 0, 0, 0, 0, 1, 0, 0], [0, 0, 0, 0, 0, 0, 0, 0, 0, 0], [0, 0, 0, 0, 0, 0, 0, 0, 0, 1]]","['Endothelial', 'Fibroblast', 'Glandular', 'Immune_cell', 'Keratinocyte', 'Lymphatic_endothelial', 'Melanocytes', 'Neural_cell', 'Unknown', 'muscle_fiber']",
cell_type,grouped_seed0_fold4,shared_genes,hist_gradient_boosting,31,7,"{'Endothelial': 4, 'Fibroblast': 4, 'Keratinocyte': 4, 'muscle_fiber': 4, 'Lymphatic_endothelial': 4, 'Immune_cell': 4, 'Glandular': 3, 'Melanocytes': 2, 'Unknown': 1, 'Neural_cell': 1}","{'Fibroblast': 1, 'Endothelial': 1, 'muscle_fiber': 1, 'Keratinocyte': 1, 'Immune_cell': 1, 'Neural_cell': 1, 'Lymphatic_endothelial': 1}",0.14285714285714285,0.03571428571428571,0.14285714285714285,0.03571428571428571,,"[[1, 0, 0, 0, 0, 0, 0, 0, 0, 0], [1, 0, 0, 0, 0, 0, 0, 0, 0, 0], [0, 0, 0, 0, 0, 0, 0, 0, 0, 0], [1, 0, 0, 0, 0, 0, 0, 0, 0, 0], [1, 0, 0, 0, 0, 0, 0, 0, 0, 0], [1, 0, 0, 0, 0, 0, 0, 0, 0, 0], [0, 0, 0, 0, 0, 0, 0, 0, 0, 0], [1, 0, 0, 0, 0, 0, 0, 0, 0, 0], [0, 0, 0, 0, 0, 0, 0, 0, 0, 0], [1, 0, 0, 0, 0, 0, 0, 0, 0, 0]]","['Endothelial', 'Fibroblast', 'Glandular', 'Immune_cell', 'Keratinocyte', 'Lymphatic_endothelial', 'Melanocytes', 'Neural_cell', 'Unknown', 'muscle_fiber']",
cell_type,grouped_seed0_fold4,shared_genes,knn,31,7,"{'Endothelial': 4, 'Fibroblast': 4, 'Keratinocyte': 4, 'muscle_fiber': 4, 'Lymphatic_endothelial': 4, 'Immune_cell': 4, 'Glandular': 3, 'Melanocytes': 2, 'Unknown': 1, 'Neural_cell': 1}","{'Fibroblast': 1, 'Endothelial': 1, 'muscle_fiber': 1, 'Keratinocyte': 1, 'Immune_cell': 1, 'Neural_cell': 1, 'Lymphatic_endothelial': 1}",0.8571428571428571,0.8095238095238094,0.8571428571428571,0.8095238095238094,,"[[1, 0, 0, 0, 0, 0, 0, 0, 0, 0], [0, 1, 0, 0, 0, 0, 0, 0, 0, 0], [0, 0, 0, 0, 0, 0, 0, 0, 0, 0], [0, 0, 0, 1, 0, 0, 0, 0, 0, 0], [0, 0, 0, 0, 1, 0, 0, 0, 0, 0], [0, 0, 0, 0, 0, 1, 0, 0, 0, 0], [0, 0, 0, 0, 0, 0, 0, 0, 0, 0], [0, 1, 0, 0, 0, 0, 0, 0, 0, 0], [0, 0, 0, 0, 0, 0, 0, 0, 0, 0], [0, 0, 0, 0, 0, 0, 0, 0, 0, 1]]","['Endothelial', 'Fibroblast', 'Glandular', 'Immune_cell', 'Keratinocyte', 'Lymphatic_endothelial', 'Melanocytes', 'Neural_cell', 'Unknown', 'muscle_fiber']",
cell_type,grouped_seed0_fold4,modules_only,majority,31,7,"{'Endothelial': 4, 'Fibroblast': 4, 'Keratinocyte': 4, 'muscle_fiber': 4, 'Lymphatic_endothelial': 4, 'Immune_cell': 4, 'Glandular': 3, 'Melanocytes': 2, 'Unknown': 1, 'Neural_cell': 1}","{'Fibroblast': 1, 'Endothelial': 1, 'muscle_fiber': 1, 'Keratinocyte': 1, 'Immune_cell': 1, 'Neural_cell': 1, 'Lymphatic_endothelial': 1}",0.14285714285714285,0.03571428571428571,0.14285714285714285,0.03571428571428571,,"[[1, 0, 0, 0, 0, 0, 0, 0, 0, 0], [1, 0, 0, 0, 0, 0, 0, 0, 0, 0], [0, 0, 0, 0, 0, 0, 0, 0, 0, 0], [1, 0, 0, 0, 0, 0, 0, 0, 0, 0], [1, 0, 0, 0, 0, 0, 0, 0, 0, 0], [1, 0, 0, 0, 0, 0, 0, 0, 0, 0], [0, 0, 0, 0, 0, 0, 0, 0, 0, 0], [1, 0, 0, 0, 0, 0, 0, 0, 0, 0], [0, 0, 0, 0, 0, 0, 0, 0, 0, 0], [1, 0, 0, 0, 0, 0, 0, 0, 0, 0]]","['Endothelial', 'Fibroblast', 'Glandular', 'Immune_cell', 'Keratinocyte', 'Lymphatic_endothelial', 'Melanocytes', 'Neural_cell', 'Unknown', 'muscle_fiber']",
cell_type,grouped_seed0_fold4,modules_only,stratified_random,31,7,"{'Endothelial': 4, 'Fibroblast': 4, 'Keratinocyte': 4, 'muscle_fiber': 4, 'Lymphatic_endothelial': 4, 'Immune_cell': 4, 'Glandular': 3, 'Melanocytes': 2, 'Unknown': 1, 'Neural_cell': 1}","{'Fibroblast': 1, 'Endothelial': 1, 'muscle_fiber': 1, 'Keratinocyte': 1, 'Immune_cell': 1, 'Neural_cell': 1, 'Lymphatic_endothelial': 1}",0.14285714285714285,0.14285714285714285,0.14285714285714285,0.1,,"[[1, 0, 0, 0, 0, 0, 0, 0, 0, 0], [0, 0, 0, 1, 0, 0, 0, 0, 0, 0], [0, 0, 0, 0, 0, 0, 0, 0, 0, 0], [0, 0, 1, 0, 0, 0, 0, 0, 0, 0], [0, 0, 0, 0, 0, 0, 1, 0, 0, 0], [0, 0, 0, 0, 0, 0, 0, 1, 0, 0], [0, 0, 0, 0, 0, 0, 0, 0, 0, 0], [0, 0, 0, 1, 0, 0, 0, 0, 0, 0], [0, 0, 0, 0, 0, 0, 0, 0, 0, 0], [0, 0, 0, 0, 0, 0, 0, 0, 1, 0]]","['Endothelial', 'Fibroblast', 'Glandular', 'Immune_cell', 'Keratinocyte', 'Lymphatic_endothelial', 'Melanocytes', 'Neural_cell', 'Unknown', 'muscle_fiber']",
cell_type,grouped_seed0_fold4,modules_only,elastic_net_logreg,31,7,"{'Endothelial': 4, 'Fibroblast': 4, 'Keratinocyte': 4, 'muscle_fiber': 4, 'Lymphatic_endothelial': 4, 'Immune_cell': 4, 'Glandular': 3, 'Melanocytes': 2, 'Unknown': 1, 'Neural_cell': 1}","{'Fibroblast': 1, 'Endothelial': 1, 'muscle_fiber': 1, 'Keratinocyte': 1, 'Immune_cell': 1, 'Neural_cell': 1, 'Lymphatic_endothelial': 1}",0.7142857142857143,0.6666666666666666,0.7142857142857143,0.6666666666666666,,"[[1, 0, 0, 0, 0, 0, 0, 0, 0, 0], [0, 1, 0, 0, 0, 0, 0, 0, 0, 0], [0, 0, 0, 0, 0, 0, 0, 0, 0, 0], [0, 0, 0, 0, 0, 1, 0, 0, 0, 0], [0, 0, 0, 1, 0, 0, 0, 0, 0, 0], [0, 0, 0, 0, 0, 1, 0, 0, 0, 0], [0, 0, 0, 0, 0, 0, 0, 0, 0, 0], [0, 0, 0, 0, 0, 0, 0, 1, 0, 0], [0, 0, 0, 0, 0, 0, 0, 0, 0, 0], [0, 0, 0, 0, 0, 0, 0, 0, 0, 1]]","['Endothelial', 'Fibroblast', 'Glandular', 'Immune_cell', 'Keratinocyte', 'Lymphatic_endothelial', 'Melanocytes', 'Neural_cell', 'Unknown', 'muscle_fiber']",
cell_type,grouped_seed0_fold4,modules_only,linear_svm,31,7,"{'Endothelial': 4, 'Fibroblast': 4, 'Keratinocyte': 4, 'muscle_fiber': 4, 'Lymphatic_endothelial': 4, 'Immune_cell': 4, 'Glandular': 3, 'Melanocytes': 2, 'Unknown': 1, 'Neural_cell': 1}","{'Fibroblast': 1, 'Endothelial': 1, 'muscle_fiber': 1, 'Keratinocyte': 1, 'Immune_cell': 1, 'Neural_cell': 1, 'Lymphatic_endothelial': 1}",0.7142857142857143,0.619047619047619,0.7142857142857143,0.619047619047619,,"[[1, 0, 0, 0, 0, 0, 0, 0, 0, 0], [0, 1, 0, 0, 0, 0, 0, 0, 0, 0], [0, 0, 0, 0, 0, 0, 0, 0, 0, 0], [0, 0, 0, 0, 0, 1, 0, 0, 0, 0], [0, 0, 0, 0, 1, 0, 0, 0, 0, 0], [0, 0, 0, 0, 0, 1, 0, 0, 0, 0], [0, 0, 0, 0, 0, 0, 0, 0, 0, 0], [0, 1, 0, 0, 0, 0, 0, 0, 0, 0], [0, 0, 0, 0, 0, 0, 0, 0, 0, 0], [0, 0, 0, 0, 0, 0, 0, 0, 0, 1]]","['Endothelial', 'Fibroblast', 'Glandular', 'Immune_cell', 'Keratinocyte', 'Lymphatic_endothelial', 'Melanocytes', 'Neural_cell', 'Unknown', 'muscle_fiber']",
cell_type,grouped_seed0_fold4,modules_only,random_forest,31,7,"{'Endothelial': 4, 'Fibroblast': 4, 'Keratinocyte': 4, 'muscle_fiber': 4, 'Lymphatic_endothelial': 4, 'Immune_cell': 4, 'Glandular': 3, 'Melanocytes': 2, 'Unknown': 1, 'Neural_cell': 1}","{'Fibroblast': 1, 'Endothelial': 1, 'muscle_fiber': 1, 'Keratinocyte': 1, 'Immune_cell': 1, 'Neural_cell': 1, 'Lymphatic_endothelial': 1}",0.42857142857142855,0.3333333333333333,0.42857142857142855,0.29166666666666663,,"[[0, 0, 1, 0, 0, 0, 0, 0, 0, 0], [0, 1, 0, 0, 0, 0, 0, 0, 0, 0], [0, 0, 0, 0, 0, 0, 0, 0, 0, 0], [0, 0, 0, 0, 0, 1, 0, 0, 0, 0], [0, 0, 0, 1, 0, 0, 0, 0, 0, 0], [0, 0, 0, 0, 0, 1, 0, 0, 0, 0], [0, 0, 0, 0, 0, 0, 0, 0, 0, 0], [0, 1, 0, 0, 0, 0, 0, 0, 0, 0], [0, 0, 0, 0, 0, 0, 0, 0, 0, 0], [0, 0, 0, 0, 0, 0, 0, 0, 0, 1]]","['Endothelial', 'Fibroblast', 'Glandular', 'Immune_cell', 'Keratinocyte', 'Lymphatic_endothelial', 'Melanocytes', 'Neural_cell', 'Unknown', 'muscle_fiber']",
cell_type,grouped_seed0_fold4,modules_only,hist_gradient_boosting,31,7,"{'Endothelial': 4, 'Fibroblast': 4, 'Keratinocyte': 4, 'muscle_fiber': 4, 'Lymphatic_endothelial': 4, 'Immune_cell': 4, 'Glandular': 3, 'Melanocytes': 2, 'Unknown': 1, 'Neural_cell': 1}","{'Fibroblast': 1, 'Endothelial': 1, 'muscle_fiber': 1, 'Keratinocyte': 1, 'Immune_cell': 1, 'Neural_cell': 1, 'Lymphatic_endothelial': 1}",0.14285714285714285,0.03571428571428571,0.14285714285714285,0.03571428571428571,,"[[1, 0, 0, 0, 0, 0, 0, 0, 0, 0], [1, 0, 0, 0, 0, 0, 0, 0, 0, 0], [0, 0, 0, 0, 0, 0, 0, 0, 0, 0], [1, 0, 0, 0, 0, 0, 0, 0, 0, 0], [1, 0, 0, 0, 0, 0, 0, 0, 0, 0], [1, 0, 0, 0, 0, 0, 0, 0, 0, 0], [0, 0, 0, 0, 0, 0, 0, 0, 0, 0], [1, 0, 0, 0, 0, 0, 0, 0, 0, 0], [0, 0, 0, 0, 0, 0, 0, 0, 0, 0], [1, 0, 0, 0, 0, 0, 0, 0, 0, 0]]","['Endothelial', 'Fibroblast', 'Glandular', 'Immune_cell', 'Keratinocyte', 'Lymphatic_endothelial', 'Melanocytes', 'Neural_cell', 'Unknown', 'muscle_fiber']",
cell_type,grouped_seed0_fold4,modules_only,knn,31,7,"{'Endothelial': 4, 'Fibroblast': 4, 'Keratinocyte': 4, 'muscle_fiber': 4, 'Lymphatic_endothelial': 4, 'Immune_cell': 4, 'Glandular': 3, 'Melanocytes': 2, 'Unknown': 1, 'Neural_cell': 1}","{'Fibroblast': 1, 'Endothelial': 1, 'muscle_fiber': 1, 'Keratinocyte': 1, 'Immune_cell': 1, 'Neural_cell': 1, 'Lymphatic_endothelial': 1}",0.7142857142857143,0.619047619047619,0.7142857142857143,0.619047619047619,,"[[1, 0, 0, 0, 0, 0, 0, 0, 0, 0], [0, 1, 0, 0, 0, 0, 0, 0, 0, 0], [0, 0, 0, 0, 0, 0, 0, 0, 0, 0], [0, 0, 0, 1, 0, 0, 0, 0, 0, 0], [0, 0, 0, 1, 0, 0, 0, 0, 0, 0], [0, 0, 0, 0, 0, 1, 0, 0, 0, 0], [0, 0, 0, 0, 0, 0, 0, 0, 0, 0], [0, 1, 0, 0, 0, 0, 0, 0, 0, 0], [0, 0, 0, 0, 0, 0, 0, 0, 0, 0], [0, 0, 0, 0, 0, 0, 0, 0, 0, 1]]","['Endothelial', 'Fibroblast', 'Glandular', 'Immune_cell', 'Keratinocyte', 'Lymphatic_endothelial', 'Melanocytes', 'Neural_cell', 'Unknown', 'muscle_fiber']",
cell_type,grouped_seed0_fold4,modules_only,small_mlp,31,7,"{'Endothelial': 4, 'Fibroblast': 4, 'Keratinocyte': 4, 'muscle_fiber': 4, 'Lymphatic_endothelial': 4, 'Immune_cell': 4, 'Glandular': 3, 'Melanocytes': 2, 'Unknown': 1, 'Neural_cell': 1}","{'Fibroblast': 1, 'Endothelial': 1, 'muscle_fiber': 1, 'Keratinocyte': 1, 'Immune_cell': 1, 'Neural_cell': 1, 'Lymphatic_endothelial': 1}",0.0,0.0,0.0,0.0,,"[[0, 0, 0, 0, 0, 0, 1, 0, 0, 0], [0, 0, 0, 0, 0, 1, 0, 0, 0, 0], [0, 0, 0, 0, 0, 0, 0, 0, 0, 0], [0, 0, 0, 0, 0, 0, 1, 0, 0, 0], [1, 0, 0, 0, 0, 0, 0, 0, 0, 0], [0, 0, 0, 0, 0, 0, 1, 0, 0, 0], [0, 0, 0, 0, 0, 0, 0, 0, 0, 0], [0, 0, 0, 0, 0, 0, 1, 0, 0, 0], [0, 0, 0, 0, 0, 0, 0, 0, 0, 0], [0, 0, 0, 0, 0, 1, 0, 0, 0, 0]]","['Endothelial', 'Fibroblast', 'Glandular', 'Immune_cell', 'Keratinocyte', 'Lymphatic_endothelial', 'Melanocytes', 'Neural_cell', 'Unknown', 'muscle_fiber']",
cell_type,grouped_seed1_fold0,shared_genes_plus_modules,majority,22,7,"{'Lymphatic_endothelial': 3, 'Endothelial': 3, 'Fibroblast': 3, 'muscle_fiber': 3, 'Keratinocyte': 3, 'Immune_cell': 3, 'Glandular': 2, 'Melanocytes': 2}","{'Fibroblast': 1, 'Endothelial': 1, 'muscle_fiber': 1, 'Keratinocyte': 1, 'Immune_cell': 1, 'Neural_cell': 1, 'Lymphatic_endothelial': 1}",0.14285714285714285,0.03571428571428571,0.14285714285714285,0.03571428571428571,,"[[1, 0, 0, 0, 0, 0, 0, 0, 0], [1, 0, 0, 0, 0, 0, 0, 0, 0], [0, 0, 0, 0, 0, 0, 0, 0, 0], [1, 0, 0, 0, 0, 0, 0, 0, 0], [1, 0, 0, 0, 0, 0, 0, 0, 0], [1, 0, 0, 0, 0, 0, 0, 0, 0], [0, 0, 0, 0, 0, 0, 0, 0, 0], [1, 0, 0, 0, 0, 0, 0, 0, 0], [1, 0, 0, 0, 0, 0, 0, 0, 0]]","['Endothelial', 'Fibroblast', 'Glandular', 'Immune_cell', 'Keratinocyte', 'Lymphatic_endothelial', 'Melanocytes', 'Neural_cell', 'muscle_fiber']",
cell_type,grouped_seed1_fold0,shared_genes_plus_modules,stratified_random,22,7,"{'Lymphatic_endothelial': 3, 'Endothelial': 3, 'Fibroblast': 3, 'muscle_fiber': 3, 'Keratinocyte': 3, 'Immune_cell': 3, 'Glandular': 2, 'Melanocytes': 2}","{'Fibroblast': 1, 'Endothelial': 1, 'muscle_fiber': 1, 'Keratinocyte': 1, 'Immune_cell': 1, 'Neural_cell': 1, 'Lymphatic_endothelial': 1}",0.2857142857142857,0.2857142857142857,0.2857142857142857,0.2222222222222222,,"[[1, 0, 0, 0, 0, 0, 0, 0, 0], [0, 0, 0, 1, 0, 0, 0, 0, 0], [0, 0, 0, 0, 0, 0, 0, 0, 0], [0, 0, 0, 0, 0, 0, 1, 0, 0], [0, 1, 0, 0, 0, 0, 0, 0, 0], [0, 0, 0, 1, 0, 0, 0, 0, 0], [0, 0, 0, 0, 0, 0, 0, 0, 0], [0, 0, 1, 0, 0, 0, 0, 0, 0], [0, 0, 0, 0, 0, 0, 0, 0, 1]]","['Endothelial', 'Fibroblast', 'Glandular', 'Immune_cell', 'Keratinocyte', 'Lymphatic_endothelial', 'Melanocytes', 'Neural_cell', 'muscle_fiber']",
cell_type,grouped_seed1_fold0,shared_genes_plus_modules,elastic_net_logreg,22,7,"{'Lymphatic_endothelial': 3, 'Endothelial': 3, 'Fibroblast': 3, 'muscle_fiber': 3, 'Keratinocyte': 3, 'Immune_cell': 3, 'Glandular': 2, 'Melanocytes': 2}","{'Fibroblast': 1, 'Endothelial': 1, 'muscle_fiber': 1, 'Keratinocyte': 1, 'Immune_cell': 1, 'Neural_cell': 1, 'Lymphatic_endothelial': 1}",0.8571428571428571,0.8571428571428571,0.8571428571428571,0.75,,"[[1, 0, 0, 0, 0, 0, 0, 0, 0], [0, 1, 0, 0, 0, 0, 0, 0, 0], [0, 0, 0, 0, 0, 0, 0, 0, 0], [0, 0, 0, 1, 0, 0, 0, 0, 0], [0, 0, 0, 0, 1, 0, 0, 0, 0], [0, 0, 0, 0, 0, 1, 0, 0, 0], [0, 0, 0, 0, 0, 0, 0, 0, 0], [0, 0, 0, 0, 0, 0, 1, 0, 0], [0, 0, 0, 0, 0, 0, 0, 0, 1]]","['Endothelial', 'Fibroblast', 'Glandular', 'Immune_cell', 'Keratinocyte', 'Lymphatic_endothelial', 'Melanocytes', 'Neural_cell', 'muscle_fiber']",
cell_type,grouped_seed1_fold0,shared_genes_plus_modules,linear_svm,22,7,"{'Lymphatic_endothelial': 3, 'Endothelial': 3, 'Fibroblast': 3, 'muscle_fiber': 3, 'Keratinocyte': 3, 'Immune_cell': 3, 'Glandular': 2, 'Melanocytes': 2}","{'Fibroblast': 1, 'Endothelial': 1, 'muscle_fiber': 1, 'Keratinocyte': 1, 'Immune_cell': 1, 'Neural_cell': 1, 'Lymphatic_endothelial': 1}",0.8571428571428571,0.8095238095238094,0.8571428571428571,0.8095238095238094,,"[[1, 0, 0, 0, 0, 0, 0, 0, 0], [0, 1, 0, 0, 0, 0, 0, 0, 0], [0, 0, 0, 0, 0, 0, 0, 0, 0], [0, 0, 0, 1, 0, 0, 0, 0, 0], [0, 0, 0, 0, 1, 0, 0, 0, 0], [0, 0, 0, 0, 0, 1, 0, 0, 0], [0, 0, 0, 0, 0, 0, 0, 0, 0], [0, 1, 0, 0, 0, 0, 0, 0, 0], [0, 0, 0, 0, 0, 0, 0, 0, 1]]","['Endothelial', 'Fibroblast', 'Glandular', 'Immune_cell', 'Keratinocyte', 'Lymphatic_endothelial', 'Melanocytes', 'Neural_cell', 'muscle_fiber']",
cell_type,grouped_seed1_fold0,shared_genes_plus_modules,random_forest,22,7,"{'Lymphatic_endothelial': 3, 'Endothelial': 3, 'Fibroblast': 3, 'muscle_fiber': 3, 'Keratinocyte': 3, 'Immune_cell': 3, 'Glandular': 2, 'Melanocytes': 2}","{'Fibroblast': 1, 'Endothelial': 1, 'muscle_fiber': 1, 'Keratinocyte': 1, 'Immune_cell': 1, 'Neural_cell': 1, 'Lymphatic_endothelial': 1}",0.8571428571428571,0.8095238095238095,0.8571428571428571,0.8095238095238095,,"[[1, 0, 0, 0, 0, 0, 0, 0, 0], [0, 1, 0, 0, 0, 0, 0, 0, 0], [0, 0, 0, 0, 0, 0, 0, 0, 0], [0, 0, 0, 1, 0, 0, 0, 0, 0], [0, 0, 0, 0, 1, 0, 0, 0, 0], [0, 0, 0, 0, 0, 1, 0, 0, 0], [0, 0, 0, 0, 0, 0, 0, 0, 0], [0, 0, 0, 0, 0, 0, 0, 0, 1], [0, 0, 0, 0, 0, 0, 0, 0, 1]]","['Endothelial', 'Fibroblast', 'Glandular', 'Immune_cell', 'Keratinocyte', 'Lymphatic_endothelial', 'Melanocytes', 'Neural_cell', 'muscle_fiber']",
cell_type,grouped_seed1_fold0,shared_genes_plus_modules,hist_gradient_boosting,22,7,"{'Lymphatic_endothelial': 3, 'Endothelial': 3, 'Fibroblast': 3, 'muscle_fiber': 3, 'Keratinocyte': 3, 'Immune_cell': 3, 'Glandular': 2, 'Melanocytes': 2}","{'Fibroblast': 1, 'Endothelial': 1, 'muscle_fiber': 1, 'Keratinocyte': 1, 'Immune_cell': 1, 'Neural_cell': 1, 'Lymphatic_endothelial': 1}",0.14285714285714285,0.03571428571428571,0.14285714285714285,0.03571428571428571,,"[[1, 0, 0, 0, 0, 0, 0, 0, 0], [1, 0, 0, 0, 0, 0, 0, 0, 0], [0, 0, 0, 0, 0, 0, 0, 0, 0], [1, 0, 0, 0, 0, 0, 0, 0, 0], [1, 0, 0, 0, 0, 0, 0, 0, 0], [1, 0, 0, 0, 0, 0, 0, 0, 0], [0, 0, 0, 0, 0, 0, 0, 0, 0], [1, 0, 0, 0, 0, 0, 0, 0, 0], [1, 0, 0, 0, 0, 0, 0, 0, 0]]","['Endothelial', 'Fibroblast', 'Glandular', 'Immune_cell', 'Keratinocyte', 'Lymphatic_endothelial', 'Melanocytes', 'Neural_cell', 'muscle_fiber']",
cell_type,grouped_seed1_fold0,shared_genes_plus_modules,knn,22,7,"{'Lymphatic_endothelial': 3, 'Endothelial': 3, 'Fibroblast': 3, 'muscle_fiber': 3, 'Keratinocyte': 3, 'Immune_cell': 3, 'Glandular': 2, 'Melanocytes': 2}","{'Fibroblast': 1, 'Endothelial': 1, 'muscle_fiber': 1, 'Keratinocyte': 1, 'Immune_cell': 1, 'Neural_cell': 1, 'Lymphatic_endothelial': 1}",0.8571428571428571,0.8095238095238094,0.8571428571428571,0.8095238095238094,,"[[1, 0, 0, 0, 0, 0, 0, 0, 0], [0, 1, 0, 0, 0, 0, 0, 0, 0], [0, 0, 0, 0, 0, 0, 0, 0, 0], [0, 0, 0, 1, 0, 0, 0, 0, 0], [0, 0, 0, 0, 1, 0, 0, 0, 0], [0, 0, 0, 0, 0, 1, 0, 0, 0], [0, 0, 0, 0, 0, 0, 0, 0, 0], [0, 1, 0, 0, 0, 0, 0, 0, 0], [0, 0, 0, 0, 0, 0, 0, 0, 1]]","['Endothelial', 'Fibroblast', 'Glandular', 'Immune_cell', 'Keratinocyte', 'Lymphatic_endothelial', 'Melanocytes', 'Neural_cell', 'muscle_fiber']",
cell_type,grouped_seed1_fold0,shared_genes_plus_modules,small_mlp,22,7,"{'Lymphatic_endothelial': 3, 'Endothelial': 3, 'Fibroblast': 3, 'muscle_fiber': 3, 'Keratinocyte': 3, 'Immune_cell': 3, 'Glandular': 2, 'Melanocytes': 2}","{'Fibroblast': 1, 'Endothelial': 1, 'muscle_fiber': 1, 'Keratinocyte': 1, 'Immune_cell': 1, 'Neural_cell': 1, 'Lymphatic_endothelial': 1}",0.8571428571428571,0.8095238095238094,0.8571428571428571,0.8095238095238094,,"[[1, 0, 0, 0, 0, 0, 0, 0, 0], [0, 1, 0, 0, 0, 0, 0, 0, 0], [0, 0, 0, 0, 0, 0, 0, 0, 0], [0, 0, 0, 1, 0, 0, 0, 0, 0], [0, 0, 0, 0, 1, 0, 0, 0, 0], [0, 0, 0, 0, 0, 1, 0, 0, 0], [0, 0, 0, 0, 0, 0, 0, 0, 0], [0, 1, 0, 0, 0, 0, 0, 0, 0], [0, 0, 0, 0, 0, 0, 0, 0, 1]]","['Endothelial', 'Fibroblast', 'Glandular', 'Immune_cell', 'Keratinocyte', 'Lymphatic_endothelial', 'Melanocytes', 'Neural_cell', 'muscle_fiber']",
cell_type,grouped_seed1_fold0,shared_genes,majority,22,7,"{'Lymphatic_endothelial': 3, 'Endothelial': 3, 'Fibroblast': 3, 'muscle_fiber': 3, 'Keratinocyte': 3, 'Immune_cell': 3, 'Glandular': 2, 'Melanocytes': 2}","{'Fibroblast': 1, 'Endothelial': 1, 'muscle_fiber': 1, 'Keratinocyte': 1, 'Immune_cell': 1, 'Neural_cell': 1, 'Lymphatic_endothelial': 1}",0.14285714285714285,0.03571428571428571,0.14285714285714285,0.03571428571428571,,"[[1, 0, 0, 0, 0, 0, 0, 0, 0], [1, 0, 0, 0, 0, 0, 0, 0, 0], [0, 0, 0, 0, 0, 0, 0, 0, 0], [1, 0, 0, 0, 0, 0, 0, 0, 0], [1, 0, 0, 0, 0, 0, 0, 0, 0], [1, 0, 0, 0, 0, 0, 0, 0, 0], [0, 0, 0, 0, 0, 0, 0, 0, 0], [1, 0, 0, 0, 0, 0, 0, 0, 0], [1, 0, 0, 0, 0, 0, 0, 0, 0]]","['Endothelial', 'Fibroblast', 'Glandular', 'Immune_cell', 'Keratinocyte', 'Lymphatic_endothelial', 'Melanocytes', 'Neural_cell', 'muscle_fiber']",
cell_type,grouped_seed1_fold0,shared_genes,stratified_random,22,7,"{'Lymphatic_endothelial': 3, 'Endothelial': 3, 'Fibroblast': 3, 'muscle_fiber': 3, 'Keratinocyte': 3, 'Immune_cell': 3, 'Glandular': 2, 'Melanocytes': 2}","{'Fibroblast': 1, 'Endothelial': 1, 'muscle_fiber': 1, 'Keratinocyte': 1, 'Immune_cell': 1, 'Neural_cell': 1, 'Lymphatic_endothelial': 1}",0.2857142857142857,0.2857142857142857,0.2857142857142857,0.2222222222222222,,"[[1, 0, 0, 0, 0, 0, 0, 0, 0], [0, 0, 0, 1, 0, 0, 0, 0, 0], [0, 0, 0, 0, 0, 0, 0, 0, 0], [0, 0, 0, 0, 0, 0, 1, 0, 0], [0, 1, 0, 0, 0, 0, 0, 0, 0], [0, 0, 0, 1, 0, 0, 0, 0, 0], [0, 0, 0, 0, 0, 0, 0, 0, 0], [0, 0, 1, 0, 0, 0, 0, 0, 0], [0, 0, 0, 0, 0, 0, 0, 0, 1]]","['Endothelial', 'Fibroblast', 'Glandular', 'Immune_cell', 'Keratinocyte', 'Lymphatic_endothelial', 'Melanocytes', 'Neural_cell', 'muscle_fiber']",
cell_type,grouped_seed1_fold0,shared_genes,elastic_net_logreg,22,7,"{'Lymphatic_endothelial': 3, 'Endothelial': 3, 'Fibroblast': 3, 'muscle_fiber': 3, 'Keratinocyte': 3, 'Immune_cell': 3, 'Glandular': 2, 'Melanocytes': 2}","{'Fibroblast': 1, 'Endothelial': 1, 'muscle_fiber': 1, 'Keratinocyte': 1, 'Immune_cell': 1, 'Neural_cell': 1, 'Lymphatic_endothelial': 1}",0.8571428571428571,0.8571428571428571,0.8571428571428571,0.75,,"[[1, 0, 0, 0, 0, 0, 0, 0, 0], [0, 1, 0, 0, 0, 0, 0, 0, 0], [0, 0, 0, 0, 0, 0, 0, 0, 0], [0, 0, 0, 1, 0, 0, 0, 0, 0], [0, 0, 0, 0, 1, 0, 0, 0, 0], [0, 0, 0, 0, 0, 1, 0, 0, 0], [0, 0, 0, 0, 0, 0, 0, 0, 0], [0, 0, 0, 0, 0, 0, 1, 0, 0], [0, 0, 0, 0, 0, 0, 0, 0, 1]]","['Endothelial', 'Fibroblast', 'Glandular', 'Immune_cell', 'Keratinocyte', 'Lymphatic_endothelial', 'Melanocytes', 'Neural_cell', 'muscle_fiber']",
cell_type,grouped_seed1_fold0,shared_genes,linear_svm,22,7,"{'Lymphatic_endothelial': 3, 'Endothelial': 3, 'Fibroblast': 3, 'muscle_fiber': 3, 'Keratinocyte': 3, 'Immune_cell': 3, 'Glandular': 2, 'Melanocytes': 2}","{'Fibroblast': 1, 'Endothelial': 1, 'muscle_fiber': 1, 'Keratinocyte': 1, 'Immune_cell': 1, 'Neural_cell': 1, 'Lymphatic_endothelial': 1}",0.8571428571428571,0.8095238095238094,0.8571428571428571,0.8095238095238094,,"[[1, 0, 0, 0, 0, 0, 0, 0, 0], [0, 1, 0, 0, 0, 0, 0, 0, 0], [0, 0, 0, 0, 0, 0, 0, 0, 0], [0, 0, 0, 1, 0, 0, 0, 0, 0], [0, 0, 0, 0, 1, 0, 0, 0, 0], [0, 0, 0, 0, 0, 1, 0, 0, 0], [0, 0, 0, 0, 0, 0, 0, 0, 0], [0, 1, 0, 0, 0, 0, 0, 0, 0], [0, 0, 0, 0, 0, 0, 0, 0, 1]]","['Endothelial', 'Fibroblast', 'Glandular', 'Immune_cell', 'Keratinocyte', 'Lymphatic_endothelial', 'Melanocytes', 'Neural_cell', 'muscle_fiber']",
cell_type,grouped_seed1_fold0,shared_genes,random_forest,22,7,"{'Lymphatic_endothelial': 3, 'Endothelial': 3, 'Fibroblast': 3, 'muscle_fiber': 3, 'Keratinocyte': 3, 'Immune_cell': 3, 'Glandular': 2, 'Melanocytes': 2}","{'Fibroblast': 1, 'Endothelial': 1, 'muscle_fiber': 1, 'Keratinocyte': 1, 'Immune_cell': 1, 'Neural_cell': 1, 'Lymphatic_endothelial': 1}",0.8571428571428571,0.8095238095238094,0.8571428571428571,0.8095238095238094,,"[[1, 0, 0, 0, 0, 0, 0, 0, 0], [0, 1, 0, 0, 0, 0, 0, 0, 0], [0, 0, 0, 0, 0, 0, 0, 0, 0], [0, 0, 0, 1, 0, 0, 0, 0, 0], [0, 0, 0, 0, 1, 0, 0, 0, 0], [0, 0, 0, 0, 0, 1, 0, 0, 0], [0, 0, 0, 0, 0, 0, 0, 0, 0], [0, 1, 0, 0, 0, 0, 0, 0, 0], [0, 0, 0, 0, 0, 0, 0, 0, 1]]","['Endothelial', 'Fibroblast', 'Glandular', 'Immune_cell', 'Keratinocyte', 'Lymphatic_endothelial', 'Melanocytes', 'Neural_cell', 'muscle_fiber']",
cell_type,grouped_seed1_fold0,shared_genes,hist_gradient_boosting,22,7,"{'Lymphatic_endothelial': 3, 'Endothelial': 3, 'Fibroblast': 3, 'muscle_fiber': 3, 'Keratinocyte': 3, 'Immune_cell': 3, 'Glandular': 2, 'Melanocytes': 2}","{'Fibroblast': 1, 'Endothelial': 1, 'muscle_fiber': 1, 'Keratinocyte': 1, 'Immune_cell': 1, 'Neural_cell': 1, 'Lymphatic_endothelial': 1}",0.14285714285714285,0.03571428571428571,0.14285714285714285,0.03571428571428571,,"[[1, 0, 0, 0, 0, 0, 0, 0, 0], [1, 0, 0, 0, 0, 0, 0, 0, 0], [0, 0, 0, 0, 0, 0, 0, 0, 0], [1, 0, 0, 0, 0, 0, 0, 0, 0], [1, 0, 0, 0, 0, 0, 0, 0, 0], [1, 0, 0, 0, 0, 0, 0, 0, 0], [0, 0, 0, 0, 0, 0, 0, 0, 0], [1, 0, 0, 0, 0, 0, 0, 0, 0], [1, 0, 0, 0, 0, 0, 0, 0, 0]]","['Endothelial', 'Fibroblast', 'Glandular', 'Immune_cell', 'Keratinocyte', 'Lymphatic_endothelial', 'Melanocytes', 'Neural_cell', 'muscle_fiber']",
cell_type,grouped_seed1_fold0,shared_genes,knn,22,7,"{'Lymphatic_endothelial': 3, 'Endothelial': 3, 'Fibroblast': 3, 'muscle_fiber': 3, 'Keratinocyte': 3, 'Immune_cell': 3, 'Glandular': 2, 'Melanocytes': 2}","{'Fibroblast': 1, 'Endothelial': 1, 'muscle_fiber': 1, 'Keratinocyte': 1, 'Immune_cell': 1, 'Neural_cell': 1, 'Lymphatic_endothelial': 1}",0.8571428571428571,0.8095238095238094,0.8571428571428571,0.8095238095238094,,"[[1, 0, 0, 0, 0, 0, 0, 0, 0], [0, 1, 0, 0, 0, 0, 0, 0, 0], [0, 0, 0, 0, 0, 0, 0, 0, 0], [0, 0, 0, 1, 0, 0, 0, 0, 0], [0, 0, 0, 0, 1, 0, 0, 0, 0], [0, 0, 0, 0, 0, 1, 0, 0, 0], [0, 0, 0, 0, 0, 0, 0, 0, 0], [0, 1, 0, 0, 0, 0, 0, 0, 0], [0, 0, 0, 0, 0, 0, 0, 0, 1]]","['Endothelial', 'Fibroblast', 'Glandular', 'Immune_cell', 'Keratinocyte', 'Lymphatic_endothelial', 'Melanocytes', 'Neural_cell', 'muscle_fiber']",
cell_type,grouped_seed1_fold0,modules_only,majority,22,7,"{'Lymphatic_endothelial': 3, 'Endothelial': 3, 'Fibroblast': 3, 'muscle_fiber': 3, 'Keratinocyte': 3, 'Immune_cell': 3, 'Glandular': 2, 'Melanocytes': 2}","{'Fibroblast': 1, 'Endothelial': 1, 'muscle_fiber': 1, 'Keratinocyte': 1, 'Immune_cell': 1, 'Neural_cell': 1, 'Lymphatic_endothelial': 1}",0.14285714285714285,0.03571428571428571,0.14285714285714285,0.03571428571428571,,"[[1, 0, 0, 0, 0, 0, 0, 0, 0], [1, 0, 0, 0, 0, 0, 0, 0, 0], [0, 0, 0, 0, 0, 0, 0, 0, 0], [1, 0, 0, 0, 0, 0, 0, 0, 0], [1, 0, 0, 0, 0, 0, 0, 0, 0], [1, 0, 0, 0, 0, 0, 0, 0, 0], [0, 0, 0, 0, 0, 0, 0, 0, 0], [1, 0, 0, 0, 0, 0, 0, 0, 0], [1, 0, 0, 0, 0, 0, 0, 0, 0]]","['Endothelial', 'Fibroblast', 'Glandular', 'Immune_cell', 'Keratinocyte', 'Lymphatic_endothelial', 'Melanocytes', 'Neural_cell', 'muscle_fiber']",
cell_type,grouped_seed1_fold0,modules_only,stratified_random,22,7,"{'Lymphatic_endothelial': 3, 'Endothelial': 3, 'Fibroblast': 3, 'muscle_fiber': 3, 'Keratinocyte': 3, 'Immune_cell': 3, 'Glandular': 2, 'Melanocytes': 2}","{'Fibroblast': 1, 'Endothelial': 1, 'muscle_fiber': 1, 'Keratinocyte': 1, 'Immune_cell': 1, 'Neural_cell': 1, 'Lymphatic_endothelial': 1}",0.2857142857142857,0.2857142857142857,0.2857142857142857,0.2222222222222222,,"[[1, 0, 0, 0, 0, 0, 0, 0, 0], [0, 0, 0, 1, 0, 0, 0, 0, 0], [0, 0, 0, 0, 0, 0, 0, 0, 0], [0, 0, 0, 0, 0, 0, 1, 0, 0], [0, 1, 0, 0, 0, 0, 0, 0, 0], [0, 0, 0, 1, 0, 0, 0, 0, 0], [0, 0, 0, 0, 0, 0, 0, 0, 0], [0, 0, 1, 0, 0, 0, 0, 0, 0], [0, 0, 0, 0, 0, 0, 0, 0, 1]]","['Endothelial', 'Fibroblast', 'Glandular', 'Immune_cell', 'Keratinocyte', 'Lymphatic_endothelial', 'Melanocytes', 'Neural_cell', 'muscle_fiber']",
cell_type,grouped_seed1_fold0,modules_only,elastic_net_logreg,22,7,"{'Lymphatic_endothelial': 3, 'Endothelial': 3, 'Fibroblast': 3, 'muscle_fiber': 3, 'Keratinocyte': 3, 'Immune_cell': 3, 'Glandular': 2, 'Melanocytes': 2}","{'Fibroblast': 1, 'Endothelial': 1, 'muscle_fiber': 1, 'Keratinocyte': 1, 'Immune_cell': 1, 'Neural_cell': 1, 'Lymphatic_endothelial': 1}",0.5714285714285714,0.47619047619047616,0.5714285714285714,0.41666666666666663,,"[[1, 0, 0, 0, 0, 0, 0, 0, 0], [0, 1, 0, 0, 0, 0, 0, 0, 0], [0, 0, 0, 0, 0, 0, 0, 0, 0], [0, 0, 0, 0, 0, 1, 0, 0, 0], [0, 0, 0, 0, 0, 0, 1, 0, 0], [0, 0, 0, 0, 0, 1, 0, 0, 0], [0, 0, 0, 0, 0, 0, 0, 0, 0], [0, 1, 0, 0, 0, 0, 0, 0, 0], [0, 0, 0, 0, 0, 0, 0, 0, 1]]","['Endothelial', 'Fibroblast', 'Glandular', 'Immune_cell', 'Keratinocyte', 'Lymphatic_endothelial', 'Melanocytes', 'Neural_cell', 'muscle_fiber']",
cell_type,grouped_seed1_fold0,modules_only,linear_svm,22,7,"{'Lymphatic_endothelial': 3, 'Endothelial': 3, 'Fibroblast': 3, 'muscle_fiber': 3, 'Keratinocyte': 3, 'Immune_cell': 3, 'Glandular': 2, 'Melanocytes': 2}","{'Fibroblast': 1, 'Endothelial': 1, 'muscle_fiber': 1, 'Keratinocyte': 1, 'Immune_cell': 1, 'Neural_cell': 1, 'Lymphatic_endothelial': 1}",0.42857142857142855,0.2857142857142857,0.42857142857142855,0.2857142857142857,,"[[0, 0, 0, 0, 0, 1, 0, 0, 0], [0, 1, 0, 0, 0, 0, 0, 0, 0], [0, 0, 0, 0, 0, 0, 0, 0, 0], [0, 0, 0, 0, 0, 1, 0, 0, 0], [0, 1, 0, 0, 0, 0, 0, 0, 0], [0, 0, 0, 0, 0, 1, 0, 0, 0], [0, 0, 0, 0, 0, 0, 0, 0, 0], [0, 1, 0, 0, 0, 0, 0, 0, 0], [0, 0, 0, 0, 0, 0, 0, 0, 1]]","['Endothelial', 'Fibroblast', 'Glandular', 'Immune_cell', 'Keratinocyte', 'Lymphatic_endothelial', 'Melanocytes', 'Neural_cell', 'muscle_fiber']",
cell_type,grouped_seed1_fold0,modules_only,random_forest,22,7,"{'Lymphatic_endothelial': 3, 'Endothelial': 3, 'Fibroblast': 3, 'muscle_fiber': 3, 'Keratinocyte': 3, 'Immune_cell': 3, 'Glandular': 2, 'Melanocytes': 2}","{'Fibroblast': 1, 'Endothelial': 1, 'muscle_fiber': 1, 'Keratinocyte': 1, 'Immune_cell': 1, 'Neural_cell': 1, 'Lymphatic_endothelial': 1}",0.42857142857142855,0.2857142857142857,0.42857142857142855,0.25,,"[[0, 0, 1, 0, 0, 0, 0, 0, 0], [0, 1, 0, 0, 0, 0, 0, 0, 0], [0, 0, 0, 0, 0, 0, 0, 0, 0], [0, 0, 0, 0, 0, 1, 0, 0, 0], [0, 0, 0, 0, 0, 0, 0, 0, 1], [0, 0, 0, 0, 0, 1, 0, 0, 0], [0, 0, 0, 0, 0, 0, 0, 0, 0], [0, 1, 0, 0, 0, 0, 0, 0, 0], [0, 0, 0, 0, 0, 0, 0, 0, 1]]","['Endothelial', 'Fibroblast', 'Glandular', 'Immune_cell', 'Keratinocyte', 'Lymphatic_endothelial', 'Melanocytes', 'Neural_cell', 'muscle_fiber']",
cell_type,grouped_seed1_fold0,modules_only,hist_gradient_boosting,22,7,"{'Lymphatic_endothelial': 3, 'Endothelial': 3, 'Fibroblast': 3, 'muscle_fiber': 3, 'Keratinocyte': 3, 'Immune_cell': 3, 'Glandular': 2, 'Melanocytes': 2}","{'Fibroblast': 1, 'Endothelial': 1, 'muscle_fiber': 1, 'Keratinocyte': 1, 'Immune_cell': 1, 'Neural_cell': 1, 'Lymphatic_endothelial': 1}",0.14285714285714285,0.03571428571428571,0.14285714285714285,0.03571428571428571,,"[[1, 0, 0, 0, 0, 0, 0, 0, 0], [1, 0, 0, 0, 0, 0, 0, 0, 0], [0, 0, 0, 0, 0, 0, 0, 0, 0], [1, 0, 0, 0, 0, 0, 0, 0, 0], [1, 0, 0, 0, 0, 0, 0, 0, 0], [1, 0, 0, 0, 0, 0, 0, 0, 0], [0, 0, 0, 0, 0, 0, 0, 0, 0], [1, 0, 0, 0, 0, 0, 0, 0, 0], [1, 0, 0, 0, 0, 0, 0, 0, 0]]","['Endothelial', 'Fibroblast', 'Glandular', 'Immune_cell', 'Keratinocyte', 'Lymphatic_endothelial', 'Melanocytes', 'Neural_cell', 'muscle_fiber']",
cell_type,grouped_seed1_fold0,modules_only,knn,22,7,"{'Lymphatic_endothelial': 3, 'Endothelial': 3, 'Fibroblast': 3, 'muscle_fiber': 3, 'Keratinocyte': 3, 'Immune_cell': 3, 'Glandular': 2, 'Melanocytes': 2}","{'Fibroblast': 1, 'Endothelial': 1, 'muscle_fiber': 1, 'Keratinocyte': 1, 'Immune_cell': 1, 'Neural_cell': 1, 'Lymphatic_endothelial': 1}",0.5714285714285714,0.47619047619047616,0.5714285714285714,0.47619047619047616,,"[[1, 0, 0, 0, 0, 0, 0, 0, 0], [0, 1, 0, 0, 0, 0, 0, 0, 0], [0, 0, 0, 0, 0, 0, 0, 0, 0], [0, 0, 0, 0, 0, 1, 0, 0, 0], [0, 0, 0, 1, 0, 0, 0, 0, 0], [0, 0, 0, 0, 0, 1, 0, 0, 0], [0, 0, 0, 0, 0, 0, 0, 0, 0], [0, 1, 0, 0, 0, 0, 0, 0, 0], [0, 0, 0, 0, 0, 0, 0, 0, 1]]","['Endothelial', 'Fibroblast', 'Glandular', 'Immune_cell', 'Keratinocyte', 'Lymphatic_endothelial', 'Melanocytes', 'Neural_cell', 'muscle_fiber']",
cell_type,grouped_seed1_fold0,modules_only,small_mlp,22,7,"{'Lymphatic_endothelial': 3, 'Endothelial': 3, 'Fibroblast': 3, 'muscle_fiber': 3, 'Keratinocyte': 3, 'Immune_cell': 3, 'Glandular': 2, 'Melanocytes': 2}","{'Fibroblast': 1, 'Endothelial': 1, 'muscle_fiber': 1, 'Keratinocyte': 1, 'Immune_cell': 1, 'Neural_cell': 1, 'Lymphatic_endothelial': 1}",0.14285714285714285,0.03571428571428571,0.14285714285714285,0.03571428571428571,,"[[0, 0, 0, 0, 0, 1, 0, 0, 0], [0, 0, 0, 0, 0, 1, 0, 0, 0], [0, 0, 0, 0, 0, 0, 0, 0, 0], [0, 0, 0, 0, 0, 1, 0, 0, 0], [0, 0, 0, 0, 0, 1, 0, 0, 0], [0, 0, 0, 0, 0, 1, 0, 0, 0], [0, 0, 0, 0, 0, 0, 0, 0, 0], [0, 0, 0, 0, 0, 1, 0, 0, 0], [0, 0, 0, 0, 0, 1, 0, 0, 0]]","['Endothelial', 'Fibroblast', 'Glandular', 'Immune_cell', 'Keratinocyte', 'Lymphatic_endothelial', 'Melanocytes', 'Neural_cell', 'muscle_fiber']",
cell_type,grouped_seed1_fold1,shared_genes_plus_modules,majority,23,8,"{'muscle_fiber': 3, 'Endothelial': 3, 'Lymphatic_endothelial': 3, 'Fibroblast': 3, 'Keratinocyte': 3, 'Immune_cell': 3, 'Glandular': 2, 'Unknown': 1, 'Neural_cell': 1, 'Melanocytes': 1}","{'Fibroblast': 1, 'Keratinocyte': 1, 'Endothelial': 1, 'muscle_fiber': 1, 'Lymphatic_endothelial': 1, 'Glandular': 1, 'Melanocytes': 1, 'Immune_cell': 1}",0.125,0.027777777777777776,0.125,0.027777777777777776,,"[[1, 0, 0, 0, 0, 0, 0, 0, 0, 0], [1, 0, 0, 0, 0, 0, 0, 0, 0, 0], [1, 0, 0, 0, 0, 0, 0, 0, 0, 0], [1, 0, 0, 0, 0, 0, 0, 0, 0, 0], [1, 0, 0, 0, 0, 0, 0, 0, 0, 0], [1, 0, 0, 0, 0, 0, 0, 0, 0, 0], [1, 0, 0, 0, 0, 0, 0, 0, 0, 0], [0, 0, 0, 0, 0, 0, 0, 0, 0, 0], [0, 0, 0, 0, 0, 0, 0, 0, 0, 0], [1, 0, 0, 0, 0, 0, 0, 0, 0, 0]]","['Endothelial', 'Fibroblast', 'Glandular', 'Immune_cell', 'Keratinocyte', 'Lymphatic_endothelial', 'Melanocytes', 'Neural_cell', 'Unknown', 'muscle_fiber']",
cell_type,grouped_seed1_fold1,shared_genes_plus_modules,stratified_random,23,8,"{'muscle_fiber': 3, 'Endothelial': 3, 'Lymphatic_endothelial': 3, 'Fibroblast': 3, 'Keratinocyte': 3, 'Immune_cell': 3, 'Glandular': 2, 'Unknown': 1, 'Neural_cell': 1, 'Melanocytes': 1}","{'Fibroblast': 1, 'Keratinocyte': 1, 'Endothelial': 1, 'muscle_fiber': 1, 'Lymphatic_endothelial': 1, 'Glandular': 1, 'Melanocytes': 1, 'Immune_cell': 1}",0.0,0.0,0.0,0.0,,"[[0, 0, 0, 0, 0, 0, 0, 0, 1, 0], [0, 0, 0, 1, 0, 0, 0, 0, 0, 0], [0, 0, 0, 1, 0, 0, 0, 0, 0, 0], [0, 0, 0, 0, 0, 1, 0, 0, 0, 0], [1, 0, 0, 0, 0, 0, 0, 0, 0, 0], [0, 0, 1, 0, 0, 0, 0, 0, 0, 0], [0, 0, 0, 0, 0, 0, 0, 1, 0, 0], [0, 0, 0, 0, 0, 0, 0, 0, 0, 0], [0, 0, 0, 0, 0, 0, 0, 0, 0, 0], [0, 0, 0, 0, 0, 0, 1, 0, 0, 0]]","['Endothelial', 'Fibroblast', 'Glandular', 'Immune_cell', 'Keratinocyte', 'Lymphatic_endothelial', 'Melanocytes', 'Neural_cell', 'Unknown', 'muscle_fiber']",
cell_type,grouped_seed1_fold1,shared_genes_plus_modules,elastic_net_logreg,23,8,"{'muscle_fiber': 3, 'Endothelial': 3, 'Lymphatic_endothelial': 3, 'Fibroblast': 3, 'Keratinocyte': 3, 'Immune_cell': 3, 'Glandular': 2, 'Unknown': 1, 'Neural_cell': 1, 'Melanocytes': 1}","{'Fibroblast': 1, 'Keratinocyte': 1, 'Endothelial': 1, 'muscle_fiber': 1, 'Lymphatic_endothelial': 1, 'Glandular': 1, 'Melanocytes': 1, 'Immune_cell': 1}",1.0,1.0,1.0,1.0,,"[[1, 0, 0, 0, 0, 0, 0, 0, 0, 0], [0, 1, 0, 0, 0, 0, 0, 0, 0, 0], [0, 0, 1, 0, 0, 0, 0, 0, 0, 0], [0, 0, 0, 1, 0, 0, 0, 0, 0, 0], [0, 0, 0, 0, 1, 0, 0, 0, 0, 0], [0, 0, 0, 0, 0, 1, 0, 0, 0, 0], [0, 0, 0, 0, 0, 0, 1, 0, 0, 0], [0, 0, 0, 0, 0, 0, 0, 0, 0, 0], [0, 0, 0, 0, 0, 0, 0, 0, 0, 0], [0, 0, 0, 0, 0, 0, 0, 0, 0, 1]]","['Endothelial', 'Fibroblast', 'Glandular', 'Immune_cell', 'Keratinocyte', 'Lymphatic_endothelial', 'Melanocytes', 'Neural_cell', 'Unknown', 'muscle_fiber']",
cell_type,grouped_seed1_fold1,shared_genes_plus_modules,linear_svm,23,8,"{'muscle_fiber': 3, 'Endothelial': 3, 'Lymphatic_endothelial': 3, 'Fibroblast': 3, 'Keratinocyte': 3, 'Immune_cell': 3, 'Glandular': 2, 'Unknown': 1, 'Neural_cell': 1, 'Melanocytes': 1}","{'Fibroblast': 1, 'Keratinocyte': 1, 'Endothelial': 1, 'muscle_fiber': 1, 'Lymphatic_endothelial': 1, 'Glandular': 1, 'Melanocytes': 1, 'Immune_cell': 1}",1.0,1.0,1.0,1.0,,"[[1, 0, 0, 0, 0, 0, 0, 0, 0, 0], [0, 1, 0, 0, 0, 0, 0, 0, 0, 0], [0, 0, 1, 0, 0, 0, 0, 0, 0, 0], [0, 0, 0, 1, 0, 0, 0, 0, 0, 0], [0, 0, 0, 0, 1, 0, 0, 0, 0, 0], [0, 0, 0, 0, 0, 1, 0, 0, 0, 0], [0, 0, 0, 0, 0, 0, 1, 0, 0, 0], [0, 0, 0, 0, 0, 0, 0, 0, 0, 0], [0, 0, 0, 0, 0, 0, 0, 0, 0, 0], [0, 0, 0, 0, 0, 0, 0, 0, 0, 1]]","['Endothelial', 'Fibroblast', 'Glandular', 'Immune_cell', 'Keratinocyte', 'Lymphatic_endothelial', 'Melanocytes', 'Neural_cell', 'Unknown', 'muscle_fiber']",
cell_type,grouped_seed1_fold1,shared_genes_plus_modules,random_forest,23,8,"{'muscle_fiber': 3, 'Endothelial': 3, 'Lymphatic_endothelial': 3, 'Fibroblast': 3, 'Keratinocyte': 3, 'Immune_cell': 3, 'Glandular': 2, 'Unknown': 1, 'Neural_cell': 1, 'Melanocytes': 1}","{'Fibroblast': 1, 'Keratinocyte': 1, 'Endothelial': 1, 'muscle_fiber': 1, 'Lymphatic_endothelial': 1, 'Glandular': 1, 'Melanocytes': 1, 'Immune_cell': 1}",0.875,0.8333333333333333,0.875,0.8333333333333333,,"[[1, 0, 0, 0, 0, 0, 0, 0, 0, 0], [0, 1, 0, 0, 0, 0, 0, 0, 0, 0], [0, 0, 0, 1, 0, 0, 0, 0, 0, 0], [0, 0, 0, 1, 0, 0, 0, 0, 0, 0], [0, 0, 0, 0, 1, 0, 0, 0, 0, 0], [0, 0, 0, 0, 0, 1, 0, 0, 0, 0], [0, 0, 0, 0, 0, 0, 1, 0, 0, 0], [0, 0, 0, 0, 0, 0, 0, 0, 0, 0], [0, 0, 0, 0, 0, 0, 0, 0, 0, 0], [0, 0, 0, 0, 0, 0, 0, 0, 0, 1]]","['Endothelial', 'Fibroblast', 'Glandular', 'Immune_cell', 'Keratinocyte', 'Lymphatic_endothelial', 'Melanocytes', 'Neural_cell', 'Unknown', 'muscle_fiber']",
cell_type,grouped_seed1_fold1,shared_genes_plus_modules,hist_gradient_boosting,23,8,"{'muscle_fiber': 3, 'Endothelial': 3, 'Lymphatic_endothelial': 3, 'Fibroblast': 3, 'Keratinocyte': 3, 'Immune_cell': 3, 'Glandular': 2, 'Unknown': 1, 'Neural_cell': 1, 'Melanocytes': 1}","{'Fibroblast': 1, 'Keratinocyte': 1, 'Endothelial': 1, 'muscle_fiber': 1, 'Lymphatic_endothelial': 1, 'Glandular': 1, 'Melanocytes': 1, 'Immune_cell': 1}",0.125,0.027777777777777776,0.125,0.027777777777777776,,"[[1, 0, 0, 0, 0, 0, 0, 0, 0, 0], [1, 0, 0, 0, 0, 0, 0, 0, 0, 0], [1, 0, 0, 0, 0, 0, 0, 0, 0, 0], [1, 0, 0, 0, 0, 0, 0, 0, 0, 0], [1, 0, 0, 0, 0, 0, 0, 0, 0, 0], [1, 0, 0, 0, 0, 0, 0, 0, 0, 0], [1, 0, 0, 0, 0, 0, 0, 0, 0, 0], [0, 0, 0, 0, 0, 0, 0, 0, 0, 0], [0, 0, 0, 0, 0, 0, 0, 0, 0, 0], [1, 0, 0, 0, 0, 0, 0, 0, 0, 0]]","['Endothelial', 'Fibroblast', 'Glandular', 'Immune_cell', 'Keratinocyte', 'Lymphatic_endothelial', 'Melanocytes', 'Neural_cell', 'Unknown', 'muscle_fiber']",
cell_type,grouped_seed1_fold1,shared_genes_plus_modules,knn,23,8,"{'muscle_fiber': 3, 'Endothelial': 3, 'Lymphatic_endothelial': 3, 'Fibroblast': 3, 'Keratinocyte': 3, 'Immune_cell': 3, 'Glandular': 2, 'Unknown': 1, 'Neural_cell': 1, 'Melanocytes': 1}","{'Fibroblast': 1, 'Keratinocyte': 1, 'Endothelial': 1, 'muscle_fiber': 1, 'Lymphatic_endothelial': 1, 'Glandular': 1, 'Melanocytes': 1, 'Immune_cell': 1}",0.875,0.8333333333333333,0.875,0.8333333333333333,,"[[1, 0, 0, 0, 0, 0, 0, 0, 0, 0], [0, 1, 0, 0, 0, 0, 0, 0, 0, 0], [0, 0, 1, 0, 0, 0, 0, 0, 0, 0], [0, 0, 0, 1, 0, 0, 0, 0, 0, 0], [0, 0, 0, 0, 1, 0, 0, 0, 0, 0], [0, 0, 0, 0, 0, 1, 0, 0, 0, 0], [0, 0, 0, 0, 0, 0, 0, 0, 0, 1], [0, 0, 0, 0, 0, 0, 0, 0, 0, 0], [0, 0, 0, 0, 0, 0, 0, 0, 0, 0], [0, 0, 0, 0, 0, 0, 0, 0, 0, 1]]","['Endothelial', 'Fibroblast', 'Glandular', 'Immune_cell', 'Keratinocyte', 'Lymphatic_endothelial', 'Melanocytes', 'Neural_cell', 'Unknown', 'muscle_fiber']",
cell_type,grouped_seed1_fold1,shared_genes_plus_modules,small_mlp,23,8,"{'muscle_fiber': 3, 'Endothelial': 3, 'Lymphatic_endothelial': 3, 'Fibroblast': 3, 'Keratinocyte': 3, 'Immune_cell': 3, 'Glandular': 2, 'Unknown': 1, 'Neural_cell': 1, 'Melanocytes': 1}","{'Fibroblast': 1, 'Keratinocyte': 1, 'Endothelial': 1, 'muscle_fiber': 1, 'Lymphatic_endothelial': 1, 'Glandular': 1, 'Melanocytes': 1, 'Immune_cell': 1}",0.875,0.8333333333333333,0.875,0.8333333333333333,,"[[1, 0, 0, 0, 0, 0, 0, 0, 0, 0], [0, 1, 0, 0, 0, 0, 0, 0, 0, 0], [1, 0, 0, 0, 0, 0, 0, 0, 0, 0], [0, 0, 0, 1, 0, 0, 0, 0, 0, 0], [0, 0, 0, 0, 1, 0, 0, 0, 0, 0], [0, 0, 0, 0, 0, 1, 0, 0, 0, 0], [0, 0, 0, 0, 0, 0, 1, 0, 0, 0], [0, 0, 0, 0, 0, 0, 0, 0, 0, 0], [0, 0, 0, 0, 0, 0, 0, 0, 0, 0], [0, 0, 0, 0, 0, 0, 0, 0, 0, 1]]","['Endothelial', 'Fibroblast', 'Glandular', 'Immune_cell', 'Keratinocyte', 'Lymphatic_endothelial', 'Melanocytes', 'Neural_cell', 'Unknown', 'muscle_fiber']",
cell_type,grouped_seed1_fold1,shared_genes,majority,23,8,"{'muscle_fiber': 3, 'Endothelial': 3, 'Lymphatic_endothelial': 3, 'Fibroblast': 3, 'Keratinocyte': 3, 'Immune_cell': 3, 'Glandular': 2, 'Unknown': 1, 'Neural_cell': 1, 'Melanocytes': 1}","{'Fibroblast': 1, 'Keratinocyte': 1, 'Endothelial': 1, 'muscle_fiber': 1, 'Lymphatic_endothelial': 1, 'Glandular': 1, 'Melanocytes': 1, 'Immune_cell': 1}",0.125,0.027777777777777776,0.125,0.027777777777777776,,"[[1, 0, 0, 0, 0, 0, 0, 0, 0, 0], [1, 0, 0, 0, 0, 0, 0, 0, 0, 0], [1, 0, 0, 0, 0, 0, 0, 0, 0, 0], [1, 0, 0, 0, 0, 0, 0, 0, 0, 0], [1, 0, 0, 0, 0, 0, 0, 0, 0, 0], [1, 0, 0, 0, 0, 0, 0, 0, 0, 0], [1, 0, 0, 0, 0, 0, 0, 0, 0, 0], [0, 0, 0, 0, 0, 0, 0, 0, 0, 0], [0, 0, 0, 0, 0, 0, 0, 0, 0, 0], [1, 0, 0, 0, 0, 0, 0, 0, 0, 0]]","['Endothelial', 'Fibroblast', 'Glandular', 'Immune_cell', 'Keratinocyte', 'Lymphatic_endothelial', 'Melanocytes', 'Neural_cell', 'Unknown', 'muscle_fiber']",
cell_type,grouped_seed1_fold1,shared_genes,stratified_random,23,8,"{'muscle_fiber': 3, 'Endothelial': 3, 'Lymphatic_endothelial': 3, 'Fibroblast': 3, 'Keratinocyte': 3, 'Immune_cell': 3, 'Glandular': 2, 'Unknown': 1, 'Neural_cell': 1, 'Melanocytes': 1}","{'Fibroblast': 1, 'Keratinocyte': 1, 'Endothelial': 1, 'muscle_fiber': 1, 'Lymphatic_endothelial': 1, 'Glandular': 1, 'Melanocytes': 1, 'Immune_cell': 1}",0.0,0.0,0.0,0.0,,"[[0, 0, 0, 0, 0, 0, 0, 0, 1, 0], [0, 0, 0, 1, 0, 0, 0, 0, 0, 0], [0, 0, 0, 1, 0, 0, 0, 0, 0, 0], [0, 0, 0, 0, 0, 1, 0, 0, 0, 0], [1, 0, 0, 0, 0, 0, 0, 0, 0, 0], [0, 0, 1, 0, 0, 0, 0, 0, 0, 0], [0, 0, 0, 0, 0, 0, 0, 1, 0, 0], [0, 0, 0, 0, 0, 0, 0, 0, 0, 0], [0, 0, 0, 0, 0, 0, 0, 0, 0, 0], [0, 0, 0, 0, 0, 0, 1, 0, 0, 0]]","['Endothelial', 'Fibroblast', 'Glandular', 'Immune_cell', 'Keratinocyte', 'Lymphatic_endothelial', 'Melanocytes', 'Neural_cell', 'Unknown', 'muscle_fiber']",
cell_type,grouped_seed1_fold1,shared_genes,elastic_net_logreg,23,8,"{'muscle_fiber': 3, 'Endothelial': 3, 'Lymphatic_endothelial': 3, 'Fibroblast': 3, 'Keratinocyte': 3, 'Immune_cell': 3, 'Glandular': 2, 'Unknown': 1, 'Neural_cell': 1, 'Melanocytes': 1}","{'Fibroblast': 1, 'Keratinocyte': 1, 'Endothelial': 1, 'muscle_fiber': 1, 'Lymphatic_endothelial': 1, 'Glandular': 1, 'Melanocytes': 1, 'Immune_cell': 1}",1.0,1.0,1.0,1.0,,"[[1, 0, 0, 0, 0, 0, 0, 0, 0, 0], [0, 1, 0, 0, 0, 0, 0, 0, 0, 0], [0, 0, 1, 0, 0, 0, 0, 0, 0, 0], [0, 0, 0, 1, 0, 0, 0, 0, 0, 0], [0, 0, 0, 0, 1, 0, 0, 0, 0, 0], [0, 0, 0, 0, 0, 1, 0, 0, 0, 0], [0, 0, 0, 0, 0, 0, 1, 0, 0, 0], [0, 0, 0, 0, 0, 0, 0, 0, 0, 0], [0, 0, 0, 0, 0, 0, 0, 0, 0, 0], [0, 0, 0, 0, 0, 0, 0, 0, 0, 1]]","['Endothelial', 'Fibroblast', 'Glandular', 'Immune_cell', 'Keratinocyte', 'Lymphatic_endothelial', 'Melanocytes', 'Neural_cell', 'Unknown', 'muscle_fiber']",
cell_type,grouped_seed1_fold1,shared_genes,linear_svm,23,8,"{'muscle_fiber': 3, 'Endothelial': 3, 'Lymphatic_endothelial': 3, 'Fibroblast': 3, 'Keratinocyte': 3, 'Immune_cell': 3, 'Glandular': 2, 'Unknown': 1, 'Neural_cell': 1, 'Melanocytes': 1}","{'Fibroblast': 1, 'Keratinocyte': 1, 'Endothelial': 1, 'muscle_fiber': 1, 'Lymphatic_endothelial': 1, 'Glandular': 1, 'Melanocytes': 1, 'Immune_cell': 1}",1.0,1.0,1.0,1.0,,"[[1, 0, 0, 0, 0, 0, 0, 0, 0, 0], [0, 1, 0, 0, 0, 0, 0, 0, 0, 0], [0, 0, 1, 0, 0, 0, 0, 0, 0, 0], [0, 0, 0, 1, 0, 0, 0, 0, 0, 0], [0, 0, 0, 0, 1, 0, 0, 0, 0, 0], [0, 0, 0, 0, 0, 1, 0, 0, 0, 0], [0, 0, 0, 0, 0, 0, 1, 0, 0, 0], [0, 0, 0, 0, 0, 0, 0, 0, 0, 0], [0, 0, 0, 0, 0, 0, 0, 0, 0, 0], [0, 0, 0, 0, 0, 0, 0, 0, 0, 1]]","['Endothelial', 'Fibroblast', 'Glandular', 'Immune_cell', 'Keratinocyte', 'Lymphatic_endothelial', 'Melanocytes', 'Neural_cell', 'Unknown', 'muscle_fiber']",
cell_type,grouped_seed1_fold1,shared_genes,random_forest,23,8,"{'muscle_fiber': 3, 'Endothelial': 3, 'Lymphatic_endothelial': 3, 'Fibroblast': 3, 'Keratinocyte': 3, 'Immune_cell': 3, 'Glandular': 2, 'Unknown': 1, 'Neural_cell': 1, 'Melanocytes': 1}","{'Fibroblast': 1, 'Keratinocyte': 1, 'Endothelial': 1, 'muscle_fiber': 1, 'Lymphatic_endothelial': 1, 'Glandular': 1, 'Melanocytes': 1, 'Immune_cell': 1}",1.0,1.0,1.0,1.0,,"[[1, 0, 0, 0, 0, 0, 0, 0, 0, 0], [0, 1, 0, 0, 0, 0, 0, 0, 0, 0], [0, 0, 1, 0, 0, 0, 0, 0, 0, 0], [0, 0, 0, 1, 0, 0, 0, 0, 0, 0], [0, 0, 0, 0, 1, 0, 0, 0, 0, 0], [0, 0, 0, 0, 0, 1, 0, 0, 0, 0], [0, 0, 0, 0, 0, 0, 1, 0, 0, 0], [0, 0, 0, 0, 0, 0, 0, 0, 0, 0], [0, 0, 0, 0, 0, 0, 0, 0, 0, 0], [0, 0, 0, 0, 0, 0, 0, 0, 0, 1]]","['Endothelial', 'Fibroblast', 'Glandular', 'Immune_cell', 'Keratinocyte', 'Lymphatic_endothelial', 'Melanocytes', 'Neural_cell', 'Unknown', 'muscle_fiber']",
cell_type,grouped_seed1_fold1,shared_genes,hist_gradient_boosting,23,8,"{'muscle_fiber': 3, 'Endothelial': 3, 'Lymphatic_endothelial': 3, 'Fibroblast': 3, 'Keratinocyte': 3, 'Immune_cell': 3, 'Glandular': 2, 'Unknown': 1, 'Neural_cell': 1, 'Melanocytes': 1}","{'Fibroblast': 1, 'Keratinocyte': 1, 'Endothelial': 1, 'muscle_fiber': 1, 'Lymphatic_endothelial': 1, 'Glandular': 1, 'Melanocytes': 1, 'Immune_cell': 1}",0.125,0.027777777777777776,0.125,0.027777777777777776,,"[[1, 0, 0, 0, 0, 0, 0, 0, 0, 0], [1, 0, 0, 0, 0, 0, 0, 0, 0, 0], [1, 0, 0, 0, 0, 0, 0, 0, 0, 0], [1, 0, 0, 0, 0, 0, 0, 0, 0, 0], [1, 0, 0, 0, 0, 0, 0, 0, 0, 0], [1, 0, 0, 0, 0, 0, 0, 0, 0, 0], [1, 0, 0, 0, 0, 0, 0, 0, 0, 0], [0, 0, 0, 0, 0, 0, 0, 0, 0, 0], [0, 0, 0, 0, 0, 0, 0, 0, 0, 0], [1, 0, 0, 0, 0, 0, 0, 0, 0, 0]]","['Endothelial', 'Fibroblast', 'Glandular', 'Immune_cell', 'Keratinocyte', 'Lymphatic_endothelial', 'Melanocytes', 'Neural_cell', 'Unknown', 'muscle_fiber']",
cell_type,grouped_seed1_fold1,shared_genes,knn,23,8,"{'muscle_fiber': 3, 'Endothelial': 3, 'Lymphatic_endothelial': 3, 'Fibroblast': 3, 'Keratinocyte': 3, 'Immune_cell': 3, 'Glandular': 2, 'Unknown': 1, 'Neural_cell': 1, 'Melanocytes': 1}","{'Fibroblast': 1, 'Keratinocyte': 1, 'Endothelial': 1, 'muscle_fiber': 1, 'Lymphatic_endothelial': 1, 'Glandular': 1, 'Melanocytes': 1, 'Immune_cell': 1}",0.875,0.8333333333333333,0.875,0.8333333333333333,,"[[1, 0, 0, 0, 0, 0, 0, 0, 0, 0], [0, 1, 0, 0, 0, 0, 0, 0, 0, 0], [0, 0, 1, 0, 0, 0, 0, 0, 0, 0], [0, 0, 0, 1, 0, 0, 0, 0, 0, 0], [0, 0, 0, 0, 1, 0, 0, 0, 0, 0], [0, 0, 0, 0, 0, 1, 0, 0, 0, 0], [0, 0, 0, 0, 0, 0, 0, 0, 0, 1], [0, 0, 0, 0, 0, 0, 0, 0, 0, 0], [0, 0, 0, 0, 0, 0, 0, 0, 0, 0], [0, 0, 0, 0, 0, 0, 0, 0, 0, 1]]","['Endothelial', 'Fibroblast', 'Glandular', 'Immune_cell', 'Keratinocyte', 'Lymphatic_endothelial', 'Melanocytes', 'Neural_cell', 'Unknown', 'muscle_fiber']",
cell_type,grouped_seed1_fold1,modules_only,majority,23,8,"{'muscle_fiber': 3, 'Endothelial': 3, 'Lymphatic_endothelial': 3, 'Fibroblast': 3, 'Keratinocyte': 3, 'Immune_cell': 3, 'Glandular': 2, 'Unknown': 1, 'Neural_cell': 1, 'Melanocytes': 1}","{'Fibroblast': 1, 'Keratinocyte': 1, 'Endothelial': 1, 'muscle_fiber': 1, 'Lymphatic_endothelial': 1, 'Glandular': 1, 'Melanocytes': 1, 'Immune_cell': 1}",0.125,0.027777777777777776,0.125,0.027777777777777776,,"[[1, 0, 0, 0, 0, 0, 0, 0, 0, 0], [1, 0, 0, 0, 0, 0, 0, 0, 0, 0], [1, 0, 0, 0, 0, 0, 0, 0, 0, 0], [1, 0, 0, 0, 0, 0, 0, 0, 0, 0], [1, 0, 0, 0, 0, 0, 0, 0, 0, 0], [1, 0, 0, 0, 0, 0, 0, 0, 0, 0], [1, 0, 0, 0, 0, 0, 0, 0, 0, 0], [0, 0, 0, 0, 0, 0, 0, 0, 0, 0], [0, 0, 0, 0, 0, 0, 0, 0, 0, 0], [1, 0, 0, 0, 0, 0, 0, 0, 0, 0]]","['Endothelial', 'Fibroblast', 'Glandular', 'Immune_cell', 'Keratinocyte', 'Lymphatic_endothelial', 'Melanocytes', 'Neural_cell', 'Unknown', 'muscle_fiber']",
cell_type,grouped_seed1_fold1,modules_only,stratified_random,23,8,"{'muscle_fiber': 3, 'Endothelial': 3, 'Lymphatic_endothelial': 3, 'Fibroblast': 3, 'Keratinocyte': 3, 'Immune_cell': 3, 'Glandular': 2, 'Unknown': 1, 'Neural_cell': 1, 'Melanocytes': 1}","{'Fibroblast': 1, 'Keratinocyte': 1, 'Endothelial': 1, 'muscle_fiber': 1, 'Lymphatic_endothelial': 1, 'Glandular': 1, 'Melanocytes': 1, 'Immune_cell': 1}",0.0,0.0,0.0,0.0,,"[[0, 0, 0, 0, 0, 0, 0, 0, 1, 0], [0, 0, 0, 1, 0, 0, 0, 0, 0, 0], [0, 0, 0, 1, 0, 0, 0, 0, 0, 0], [0, 0, 0, 0, 0, 1, 0, 0, 0, 0], [1, 0, 0, 0, 0, 0, 0, 0, 0, 0], [0, 0, 1, 0, 0, 0, 0, 0, 0, 0], [0, 0, 0, 0, 0, 0, 0, 1, 0, 0], [0, 0, 0, 0, 0, 0, 0, 0, 0, 0], [0, 0, 0, 0, 0, 0, 0, 0, 0, 0], [0, 0, 0, 0, 0, 0, 1, 0, 0, 0]]","['Endothelial', 'Fibroblast', 'Glandular', 'Immune_cell', 'Keratinocyte', 'Lymphatic_endothelial', 'Melanocytes', 'Neural_cell', 'Unknown', 'muscle_fiber']",
cell_type,grouped_seed1_fold1,modules_only,elastic_net_logreg,23,8,"{'muscle_fiber': 3, 'Endothelial': 3, 'Lymphatic_endothelial': 3, 'Fibroblast': 3, 'Keratinocyte': 3, 'Immune_cell': 3, 'Glandular': 2, 'Unknown': 1, 'Neural_cell': 1, 'Melanocytes': 1}","{'Fibroblast': 1, 'Keratinocyte': 1, 'Endothelial': 1, 'muscle_fiber': 1, 'Lymphatic_endothelial': 1, 'Glandular': 1, 'Melanocytes': 1, 'Immune_cell': 1}",0.75,0.6666666666666666,0.75,0.6666666666666666,,"[[1, 0, 0, 0, 0, 0, 0, 0, 0, 0], [0, 1, 0, 0, 0, 0, 0, 0, 0, 0], [0, 0, 0, 1, 0, 0, 0, 0, 0, 0], [0, 0, 0, 1, 0, 0, 0, 0, 0, 0], [0, 0, 0, 0, 1, 0, 0, 0, 0, 0], [0, 0, 0, 0, 0, 1, 0, 0, 0, 0], [0, 0, 0, 0, 1, 0, 0, 0, 0, 0], [0, 0, 0, 0, 0, 0, 0, 0, 0, 0], [0, 0, 0, 0, 0, 0, 0, 0, 0, 0], [0, 0, 0, 0, 0, 0, 0, 0, 0, 1]]","['Endothelial', 'Fibroblast', 'Glandular', 'Immune_cell', 'Keratinocyte', 'Lymphatic_endothelial', 'Melanocytes', 'Neural_cell', 'Unknown', 'muscle_fiber']",
cell_type,grouped_seed1_fold1,modules_only,linear_svm,23,8,"{'muscle_fiber': 3, 'Endothelial': 3, 'Lymphatic_endothelial': 3, 'Fibroblast': 3, 'Keratinocyte': 3, 'Immune_cell': 3, 'Glandular': 2, 'Unknown': 1, 'Neural_cell': 1, 'Melanocytes': 1}","{'Fibroblast': 1, 'Keratinocyte': 1, 'Endothelial': 1, 'muscle_fiber': 1, 'Lymphatic_endothelial': 1, 'Glandular': 1, 'Melanocytes': 1, 'Immune_cell': 1}",0.875,0.8333333333333333,0.875,0.8333333333333333,,"[[1, 0, 0, 0, 0, 0, 0, 0, 0, 0], [0, 1, 0, 0, 0, 0, 0, 0, 0, 0], [0, 0, 0, 1, 0, 0, 0, 0, 0, 0], [0, 0, 0, 1, 0, 0, 0, 0, 0, 0], [0, 0, 0, 0, 1, 0, 0, 0, 0, 0], [0, 0, 0, 0, 0, 1, 0, 0, 0, 0], [0, 0, 0, 0, 0, 0, 1, 0, 0, 0], [0, 0, 0, 0, 0, 0, 0, 0, 0, 0], [0, 0, 0, 0, 0, 0, 0, 0, 0, 0], [0, 0, 0, 0, 0, 0, 0, 0, 0, 1]]","['Endothelial', 'Fibroblast', 'Glandular', 'Immune_cell', 'Keratinocyte', 'Lymphatic_endothelial', 'Melanocytes', 'Neural_cell', 'Unknown', 'muscle_fiber']",
cell_type,grouped_seed1_fold1,modules_only,random_forest,23,8,"{'muscle_fiber': 3, 'Endothelial': 3, 'Lymphatic_endothelial': 3, 'Fibroblast': 3, 'Keratinocyte': 3, 'Immune_cell': 3, 'Glandular': 2, 'Unknown': 1, 'Neural_cell': 1, 'Melanocytes': 1}","{'Fibroblast': 1, 'Keratinocyte': 1, 'Endothelial': 1, 'muscle_fiber': 1, 'Lymphatic_endothelial': 1, 'Glandular': 1, 'Melanocytes': 1, 'Immune_cell': 1}",0.75,0.6875,0.75,0.6875,,"[[1, 0, 0, 0, 0, 0, 0, 0, 0, 0], [0, 1, 0, 0, 0, 0, 0, 0, 0, 0], [0, 0, 0, 1, 0, 0, 0, 0, 0, 0], [0, 0, 0, 1, 0, 0, 0, 0, 0, 0], [0, 0, 0, 0, 1, 0, 0, 0, 0, 0], [0, 0, 0, 0, 0, 1, 0, 0, 0, 0], [0, 0, 0, 1, 0, 0, 0, 0, 0, 0], [0, 0, 0, 0, 0, 0, 0, 0, 0, 0], [0, 0, 0, 0, 0, 0, 0, 0, 0, 0], [0, 0, 0, 0, 0, 0, 0, 0, 0, 1]]","['Endothelial', 'Fibroblast', 'Glandular', 'Immune_cell', 'Keratinocyte', 'Lymphatic_endothelial', 'Melanocytes', 'Neural_cell', 'Unknown', 'muscle_fiber']",
cell_type,grouped_seed1_fold1,modules_only,hist_gradient_boosting,23,8,"{'muscle_fiber': 3, 'Endothelial': 3, 'Lymphatic_endothelial': 3, 'Fibroblast': 3, 'Keratinocyte': 3, 'Immune_cell': 3, 'Glandular': 2, 'Unknown': 1, 'Neural_cell': 1, 'Melanocytes': 1}","{'Fibroblast': 1, 'Keratinocyte': 1, 'Endothelial': 1, 'muscle_fiber': 1, 'Lymphatic_endothelial': 1, 'Glandular': 1, 'Melanocytes': 1, 'Immune_cell': 1}",0.125,0.027777777777777776,0.125,0.027777777777777776,,"[[1, 0, 0, 0, 0, 0, 0, 0, 0, 0], [1, 0, 0, 0, 0, 0, 0, 0, 0, 0], [1, 0, 0, 0, 0, 0, 0, 0, 0, 0], [1, 0, 0, 0, 0, 0, 0, 0, 0, 0], [1, 0, 0, 0, 0, 0, 0, 0, 0, 0], [1, 0, 0, 0, 0, 0, 0, 0, 0, 0], [1, 0, 0, 0, 0, 0, 0, 0, 0, 0], [0, 0, 0, 0, 0, 0, 0, 0, 0, 0], [0, 0, 0, 0, 0, 0, 0, 0, 0, 0], [1, 0, 0, 0, 0, 0, 0, 0, 0, 0]]","['Endothelial', 'Fibroblast', 'Glandular', 'Immune_cell', 'Keratinocyte', 'Lymphatic_endothelial', 'Melanocytes', 'Neural_cell', 'Unknown', 'muscle_fiber']",
cell_type,grouped_seed1_fold1,modules_only,knn,23,8,"{'muscle_fiber': 3, 'Endothelial': 3, 'Lymphatic_endothelial': 3, 'Fibroblast': 3, 'Keratinocyte': 3, 'Immune_cell': 3, 'Glandular': 2, 'Unknown': 1, 'Neural_cell': 1, 'Melanocytes': 1}","{'Fibroblast': 1, 'Keratinocyte': 1, 'Endothelial': 1, 'muscle_fiber': 1, 'Lymphatic_endothelial': 1, 'Glandular': 1, 'Melanocytes': 1, 'Immune_cell': 1}",0.75,0.6875,0.75,0.6875,,"[[1, 0, 0, 0, 0, 0, 0, 0, 0, 0], [0, 1, 0, 0, 0, 0, 0, 0, 0, 0], [0, 0, 0, 1, 0, 0, 0, 0, 0, 0], [0, 0, 0, 1, 0, 0, 0, 0, 0, 0], [0, 0, 0, 0, 1, 0, 0, 0, 0, 0], [0, 0, 0, 0, 0, 1, 0, 0, 0, 0], [0, 0, 0, 1, 0, 0, 0, 0, 0, 0], [0, 0, 0, 0, 0, 0, 0, 0, 0, 0], [0, 0, 0, 0, 0, 0, 0, 0, 0, 0], [0, 0, 0, 0, 0, 0, 0, 0, 0, 1]]","['Endothelial', 'Fibroblast', 'Glandular', 'Immune_cell', 'Keratinocyte', 'Lymphatic_endothelial', 'Melanocytes', 'Neural_cell', 'Unknown', 'muscle_fiber']",
cell_type,grouped_seed1_fold1,modules_only,small_mlp,23,8,"{'muscle_fiber': 3, 'Endothelial': 3, 'Lymphatic_endothelial': 3, 'Fibroblast': 3, 'Keratinocyte': 3, 'Immune_cell': 3, 'Glandular': 2, 'Unknown': 1, 'Neural_cell': 1, 'Melanocytes': 1}","{'Fibroblast': 1, 'Keratinocyte': 1, 'Endothelial': 1, 'muscle_fiber': 1, 'Lymphatic_endothelial': 1, 'Glandular': 1, 'Melanocytes': 1, 'Immune_cell': 1}",0.0,0.0,0.0,0.0,,"[[0, 0, 0, 0, 0, 0, 1, 0, 0, 0], [0, 0, 0, 0, 0, 0, 1, 0, 0, 0], [0, 0, 0, 0, 0, 0, 0, 1, 0, 0], [0, 0, 0, 0, 0, 0, 0, 1, 0, 0], [0, 0, 0, 0, 0, 0, 0, 1, 0, 0], [0, 0, 0, 0, 0, 0, 1, 0, 0, 0], [0, 0, 0, 0, 0, 0, 0, 1, 0, 0], [0, 0, 0, 0, 0, 0, 0, 0, 0, 0], [0, 0, 0, 0, 0, 0, 0, 0, 0, 0], [0, 0, 0, 0, 1, 0, 0, 0, 0, 0]]","['Endothelial', 'Fibroblast', 'Glandular', 'Immune_cell', 'Keratinocyte', 'Lymphatic_endothelial', 'Melanocytes', 'Neural_cell', 'Unknown', 'muscle_fiber']",
cell_type,grouped_seed1_fold2,shared_genes_plus_modules,majority,17,14,"{'Endothelial': 2, 'Fibroblast': 2, 'Keratinocyte': 2, 'muscle_fiber': 2, 'Lymphatic_endothelial': 2, 'Immune_cell': 2, 'Glandular': 2, 'Unknown': 1, 'Neural_cell': 1, 'Melanocytes': 1}","{'Lymphatic_endothelial': 2, 'Endothelial': 2, 'Fibroblast': 2, 'muscle_fiber': 2, 'Keratinocyte': 2, 'Immune_cell': 2, 'Glandular': 1, 'Melanocytes': 1}",0.14285714285714285,0.03571428571428571,0.125,0.03125,,"[[2, 0, 0, 0, 0, 0, 0, 0, 0, 0], [2, 0, 0, 0, 0, 0, 0, 0, 0, 0], [1, 0, 0, 0, 0, 0, 0, 0, 0, 0], [2, 0, 0, 0, 0, 0, 0, 0, 0, 0], [2, 0, 0, 0, 0, 0, 0, 0, 0, 0], [2, 0, 0, 0, 0, 0, 0, 0, 0, 0], [1, 0, 0, 0, 0, 0, 0, 0, 0, 0], [0, 0, 0, 0, 0, 0, 0, 0, 0, 0], [0, 0, 0, 0, 0, 0, 0, 0, 0, 0], [2, 0, 0, 0, 0, 0, 0, 0, 0, 0]]","['Endothelial', 'Fibroblast', 'Glandular', 'Immune_cell', 'Keratinocyte', 'Lymphatic_endothelial', 'Melanocytes', 'Neural_cell', 'Unknown', 'muscle_fiber']",
cell_type,grouped_seed1_fold2,shared_genes_plus_modules,stratified_random,17,14,"{'Endothelial': 2, 'Fibroblast': 2, 'Keratinocyte': 2, 'muscle_fiber': 2, 'Lymphatic_endothelial': 2, 'Immune_cell': 2, 'Glandular': 2, 'Unknown': 1, 'Neural_cell': 1, 'Melanocytes': 1}","{'Lymphatic_endothelial': 2, 'Endothelial': 2, 'Fibroblast': 2, 'muscle_fiber': 2, 'Keratinocyte': 2, 'Immune_cell': 2, 'Glandular': 1, 'Melanocytes': 1}",0.21428571428571427,0.20952380952380953,0.1875,0.14666666666666667,,"[[1, 0, 0, 0, 0, 1, 0, 0, 0, 0], [0, 0, 0, 0, 0, 0, 1, 0, 1, 0], [0, 0, 0, 0, 0, 0, 1, 0, 0, 0], [0, 0, 1, 1, 0, 0, 0, 0, 0, 0], [0, 0, 0, 0, 0, 0, 0, 2, 0, 0], [0, 0, 0, 1, 0, 1, 0, 0, 0, 0], [0, 0, 0, 1, 0, 0, 0, 0, 0, 0], [0, 0, 0, 0, 0, 0, 0, 0, 0, 0], [0, 0, 0, 0, 0, 0, 0, 0, 0, 0], [0, 0, 1, 0, 0, 1, 0, 0, 0, 0]]","['Endothelial', 'Fibroblast', 'Glandular', 'Immune_cell', 'Keratinocyte', 'Lymphatic_endothelial', 'Melanocytes', 'Neural_cell', 'Unknown', 'muscle_fiber']",
cell_type,grouped_seed1_fold2,shared_genes_plus_modules,elastic_net_logreg,17,14,"{'Endothelial': 2, 'Fibroblast': 2, 'Keratinocyte': 2, 'muscle_fiber': 2, 'Lymphatic_endothelial': 2, 'Immune_cell': 2, 'Glandular': 2, 'Unknown': 1, 'Neural_cell': 1, 'Melanocytes': 1}","{'Lymphatic_endothelial': 2, 'Endothelial': 2, 'Fibroblast': 2, 'muscle_fiber': 2, 'Keratinocyte': 2, 'Immune_cell': 2, 'Glandular': 1, 'Melanocytes': 1}",0.9285714285714286,0.9,0.875,0.85,,"[[2, 0, 0, 0, 0, 0, 0, 0, 0, 0], [0, 2, 0, 0, 0, 0, 0, 0, 0, 0], [0, 1, 0, 0, 0, 0, 0, 0, 0, 0], [0, 0, 0, 2, 0, 0, 0, 0, 0, 0], [0, 0, 0, 0, 2, 0, 0, 0, 0, 0], [0, 0, 0, 0, 0, 2, 0, 0, 0, 0], [0, 0, 0, 0, 0, 0, 1, 0, 0, 0], [0, 0, 0, 0, 0, 0, 0, 0, 0, 0], [0, 0, 0, 0, 0, 0, 0, 0, 0, 0], [0, 0, 0, 0, 0, 0, 0, 0, 0, 2]]","['Endothelial', 'Fibroblast', 'Glandular', 'Immune_cell', 'Keratinocyte', 'Lymphatic_endothelial', 'Melanocytes', 'Neural_cell', 'Unknown', 'muscle_fiber']",
cell_type,grouped_seed1_fold2,shared_genes_plus_modules,linear_svm,17,14,"{'Endothelial': 2, 'Fibroblast': 2, 'Keratinocyte': 2, 'muscle_fiber': 2, 'Lymphatic_endothelial': 2, 'Immune_cell': 2, 'Glandular': 2, 'Unknown': 1, 'Neural_cell': 1, 'Melanocytes': 1}","{'Lymphatic_endothelial': 2, 'Endothelial': 2, 'Fibroblast': 2, 'muscle_fiber': 2, 'Keratinocyte': 2, 'Immune_cell': 2, 'Glandular': 1, 'Melanocytes': 1}",0.9285714285714286,0.9,0.875,0.85,,"[[2, 0, 0, 0, 0, 0, 0, 0, 0, 0], [0, 2, 0, 0, 0, 0, 0, 0, 0, 0], [1, 0, 0, 0, 0, 0, 0, 0, 0, 0], [0, 0, 0, 2, 0, 0, 0, 0, 0, 0], [0, 0, 0, 0, 2, 0, 0, 0, 0, 0], [0, 0, 0, 0, 0, 2, 0, 0, 0, 0], [0, 0, 0, 0, 0, 0, 1, 0, 0, 0], [0, 0, 0, 0, 0, 0, 0, 0, 0, 0], [0, 0, 0, 0, 0, 0, 0, 0, 0, 0], [0, 0, 0, 0, 0, 0, 0, 0, 0, 2]]","['Endothelial', 'Fibroblast', 'Glandular', 'Immune_cell', 'Keratinocyte', 'Lymphatic_endothelial', 'Melanocytes', 'Neural_cell', 'Unknown', 'muscle_fiber']",
cell_type,grouped_seed1_fold2,shared_genes_plus_modules,random_forest,17,14,"{'Endothelial': 2, 'Fibroblast': 2, 'Keratinocyte': 2, 'muscle_fiber': 2, 'Lymphatic_endothelial': 2, 'Immune_cell': 2, 'Glandular': 2, 'Unknown': 1, 'Neural_cell': 1, 'Melanocytes': 1}","{'Lymphatic_endothelial': 2, 'Endothelial': 2, 'Fibroblast': 2, 'muscle_fiber': 2, 'Keratinocyte': 2, 'Immune_cell': 2, 'Glandular': 1, 'Melanocytes': 1}",0.9285714285714286,0.9,0.875,0.85,,"[[2, 0, 0, 0, 0, 0, 0, 0, 0, 0], [0, 2, 0, 0, 0, 0, 0, 0, 0, 0], [1, 0, 0, 0, 0, 0, 0, 0, 0, 0], [0, 0, 0, 2, 0, 0, 0, 0, 0, 0], [0, 0, 0, 0, 2, 0, 0, 0, 0, 0], [0, 0, 0, 0, 0, 2, 0, 0, 0, 0], [0, 0, 0, 0, 0, 0, 1, 0, 0, 0], [0, 0, 0, 0, 0, 0, 0, 0, 0, 0], [0, 0, 0, 0, 0, 0, 0, 0, 0, 0], [0, 0, 0, 0, 0, 0, 0, 0, 0, 2]]","['Endothelial', 'Fibroblast', 'Glandular', 'Immune_cell', 'Keratinocyte', 'Lymphatic_endothelial', 'Melanocytes', 'Neural_cell', 'Unknown', 'muscle_fiber']",
cell_type,grouped_seed1_fold2,shared_genes_plus_modules,hist_gradient_boosting,17,14,"{'Endothelial': 2, 'Fibroblast': 2, 'Keratinocyte': 2, 'muscle_fiber': 2, 'Lymphatic_endothelial': 2, 'Immune_cell': 2, 'Glandular': 2, 'Unknown': 1, 'Neural_cell': 1, 'Melanocytes': 1}","{'Lymphatic_endothelial': 2, 'Endothelial': 2, 'Fibroblast': 2, 'muscle_fiber': 2, 'Keratinocyte': 2, 'Immune_cell': 2, 'Glandular': 1, 'Melanocytes': 1}",0.14285714285714285,0.03571428571428571,0.125,0.03125,,"[[2, 0, 0, 0, 0, 0, 0, 0, 0, 0], [2, 0, 0, 0, 0, 0, 0, 0, 0, 0], [1, 0, 0, 0, 0, 0, 0, 0, 0, 0], [2, 0, 0, 0, 0, 0, 0, 0, 0, 0], [2, 0, 0, 0, 0, 0, 0, 0, 0, 0], [2, 0, 0, 0, 0, 0, 0, 0, 0, 0], [1, 0, 0, 0, 0, 0, 0, 0, 0, 0], [0, 0, 0, 0, 0, 0, 0, 0, 0, 0], [0, 0, 0, 0, 0, 0, 0, 0, 0, 0], [2, 0, 0, 0, 0, 0, 0, 0, 0, 0]]","['Endothelial', 'Fibroblast', 'Glandular', 'Immune_cell', 'Keratinocyte', 'Lymphatic_endothelial', 'Melanocytes', 'Neural_cell', 'Unknown', 'muscle_fiber']",
cell_type,grouped_seed1_fold2,shared_genes_plus_modules,knn,17,14,"{'Endothelial': 2, 'Fibroblast': 2, 'Keratinocyte': 2, 'muscle_fiber': 2, 'Lymphatic_endothelial': 2, 'Immune_cell': 2, 'Glandular': 2, 'Unknown': 1, 'Neural_cell': 1, 'Melanocytes': 1}","{'Lymphatic_endothelial': 2, 'Endothelial': 2, 'Fibroblast': 2, 'muscle_fiber': 2, 'Keratinocyte': 2, 'Immune_cell': 2, 'Glandular': 1, 'Melanocytes': 1}",0.8571428571428571,0.7999999999999999,0.75,0.7,,"[[2, 0, 0, 0, 0, 0, 0, 0, 0, 0], [0, 2, 0, 0, 0, 0, 0, 0, 0, 0], [1, 0, 0, 0, 0, 0, 0, 0, 0, 0], [0, 0, 0, 2, 0, 0, 0, 0, 0, 0], [0, 0, 0, 0, 2, 0, 0, 0, 0, 0], [0, 0, 0, 0, 0, 2, 0, 0, 0, 0], [0, 1, 0, 0, 0, 0, 0, 0, 0, 0], [0, 0, 0, 0, 0, 0, 0, 0, 0, 0], [0, 0, 0, 0, 0, 0, 0, 0, 0, 0], [0, 0, 0, 0, 0, 0, 0, 0, 0, 2]]","['Endothelial', 'Fibroblast', 'Glandular', 'Immune_cell', 'Keratinocyte', 'Lymphatic_endothelial', 'Melanocytes', 'Neural_cell', 'Unknown', 'muscle_fiber']",
cell_type,grouped_seed1_fold2,shared_genes_plus_modules,small_mlp,17,14,"{'Endothelial': 2, 'Fibroblast': 2, 'Keratinocyte': 2, 'muscle_fiber': 2, 'Lymphatic_endothelial': 2, 'Immune_cell': 2, 'Glandular': 2, 'Unknown': 1, 'Neural_cell': 1, 'Melanocytes': 1}","{'Lymphatic_endothelial': 2, 'Endothelial': 2, 'Fibroblast': 2, 'muscle_fiber': 2, 'Keratinocyte': 2, 'Immune_cell': 2, 'Glandular': 1, 'Melanocytes': 1}",0.8571428571428571,0.8238095238095238,0.8125,0.7833333333333333,,"[[2, 0, 0, 0, 0, 0, 0, 0, 0, 0], [0, 2, 0, 0, 0, 0, 0, 0, 0, 0], [1, 0, 0, 0, 0, 0, 0, 0, 0, 0], [0, 0, 0, 2, 0, 0, 0, 0, 0, 0], [0, 0, 0, 0, 2, 0, 0, 0, 0, 0], [0, 0, 0, 0, 0, 1, 0, 0, 0, 1], [0, 0, 0, 0, 0, 0, 1, 0, 0, 0], [0, 0, 0, 0, 0, 0, 0, 0, 0, 0], [0, 0, 0, 0, 0, 0, 0, 0, 0, 0], [0, 0, 0, 0, 0, 0, 0, 0, 0, 2]]","['Endothelial', 'Fibroblast', 'Glandular', 'Immune_cell', 'Keratinocyte', 'Lymphatic_endothelial', 'Melanocytes', 'Neural_cell', 'Unknown', 'muscle_fiber']",
cell_type,grouped_seed1_fold2,shared_genes,majority,17,14,"{'Endothelial': 2, 'Fibroblast': 2, 'Keratinocyte': 2, 'muscle_fiber': 2, 'Lymphatic_endothelial': 2, 'Immune_cell': 2, 'Glandular': 2, 'Unknown': 1, 'Neural_cell': 1, 'Melanocytes': 1}","{'Lymphatic_endothelial': 2, 'Endothelial': 2, 'Fibroblast': 2, 'muscle_fiber': 2, 'Keratinocyte': 2, 'Immune_cell': 2, 'Glandular': 1, 'Melanocytes': 1}",0.14285714285714285,0.03571428571428571,0.125,0.03125,,"[[2, 0, 0, 0, 0, 0, 0, 0, 0, 0], [2, 0, 0, 0, 0, 0, 0, 0, 0, 0], [1, 0, 0, 0, 0, 0, 0, 0, 0, 0], [2, 0, 0, 0, 0, 0, 0, 0, 0, 0], [2, 0, 0, 0, 0, 0, 0, 0, 0, 0], [2, 0, 0, 0, 0, 0, 0, 0, 0, 0], [1, 0, 0, 0, 0, 0, 0, 0, 0, 0], [0, 0, 0, 0, 0, 0, 0, 0, 0, 0], [0, 0, 0, 0, 0, 0, 0, 0, 0, 0], [2, 0, 0, 0, 0, 0, 0, 0, 0, 0]]","['Endothelial', 'Fibroblast', 'Glandular', 'Immune_cell', 'Keratinocyte', 'Lymphatic_endothelial', 'Melanocytes', 'Neural_cell', 'Unknown', 'muscle_fiber']",
cell_type,grouped_seed1_fold2,shared_genes,stratified_random,17,14,"{'Endothelial': 2, 'Fibroblast': 2, 'Keratinocyte': 2, 'muscle_fiber': 2, 'Lymphatic_endothelial': 2, 'Immune_cell': 2, 'Glandular': 2, 'Unknown': 1, 'Neural_cell': 1, 'Melanocytes': 1}","{'Lymphatic_endothelial': 2, 'Endothelial': 2, 'Fibroblast': 2, 'muscle_fiber': 2, 'Keratinocyte': 2, 'Immune_cell': 2, 'Glandular': 1, 'Melanocytes': 1}",0.21428571428571427,0.20952380952380953,0.1875,0.14666666666666667,,"[[1, 0, 0, 0, 0, 1, 0, 0, 0, 0], [0, 0, 0, 0, 0, 0, 1, 0, 1, 0], [0, 0, 0, 0, 0, 0, 1, 0, 0, 0], [0, 0, 1, 1, 0, 0, 0, 0, 0, 0], [0, 0, 0, 0, 0, 0, 0, 2, 0, 0], [0, 0, 0, 1, 0, 1, 0, 0, 0, 0], [0, 0, 0, 1, 0, 0, 0, 0, 0, 0], [0, 0, 0, 0, 0, 0, 0, 0, 0, 0], [0, 0, 0, 0, 0, 0, 0, 0, 0, 0], [0, 0, 1, 0, 0, 1, 0, 0, 0, 0]]","['Endothelial', 'Fibroblast', 'Glandular', 'Immune_cell', 'Keratinocyte', 'Lymphatic_endothelial', 'Melanocytes', 'Neural_cell', 'Unknown', 'muscle_fiber']",
cell_type,grouped_seed1_fold2,shared_genes,elastic_net_logreg,17,14,"{'Endothelial': 2, 'Fibroblast': 2, 'Keratinocyte': 2, 'muscle_fiber': 2, 'Lymphatic_endothelial': 2, 'Immune_cell': 2, 'Glandular': 2, 'Unknown': 1, 'Neural_cell': 1, 'Melanocytes': 1}","{'Lymphatic_endothelial': 2, 'Endothelial': 2, 'Fibroblast': 2, 'muscle_fiber': 2, 'Keratinocyte': 2, 'Immune_cell': 2, 'Glandular': 1, 'Melanocytes': 1}",0.9285714285714286,0.9,0.875,0.85,,"[[2, 0, 0, 0, 0, 0, 0, 0, 0, 0], [0, 2, 0, 0, 0, 0, 0, 0, 0, 0], [0, 1, 0, 0, 0, 0, 0, 0, 0, 0], [0, 0, 0, 2, 0, 0, 0, 0, 0, 0], [0, 0, 0, 0, 2, 0, 0, 0, 0, 0], [0, 0, 0, 0, 0, 2, 0, 0, 0, 0], [0, 0, 0, 0, 0, 0, 1, 0, 0, 0], [0, 0, 0, 0, 0, 0, 0, 0, 0, 0], [0, 0, 0, 0, 0, 0, 0, 0, 0, 0], [0, 0, 0, 0, 0, 0, 0, 0, 0, 2]]","['Endothelial', 'Fibroblast', 'Glandular', 'Immune_cell', 'Keratinocyte', 'Lymphatic_endothelial', 'Melanocytes', 'Neural_cell', 'Unknown', 'muscle_fiber']",
cell_type,grouped_seed1_fold2,shared_genes,linear_svm,17,14,"{'Endothelial': 2, 'Fibroblast': 2, 'Keratinocyte': 2, 'muscle_fiber': 2, 'Lymphatic_endothelial': 2, 'Immune_cell': 2, 'Glandular': 2, 'Unknown': 1, 'Neural_cell': 1, 'Melanocytes': 1}","{'Lymphatic_endothelial': 2, 'Endothelial': 2, 'Fibroblast': 2, 'muscle_fiber': 2, 'Keratinocyte': 2, 'Immune_cell': 2, 'Glandular': 1, 'Melanocytes': 1}",0.9285714285714286,0.9,0.875,0.85,,"[[2, 0, 0, 0, 0, 0, 0, 0, 0, 0], [0, 2, 0, 0, 0, 0, 0, 0, 0, 0], [1, 0, 0, 0, 0, 0, 0, 0, 0, 0], [0, 0, 0, 2, 0, 0, 0, 0, 0, 0], [0, 0, 0, 0, 2, 0, 0, 0, 0, 0], [0, 0, 0, 0, 0, 2, 0, 0, 0, 0], [0, 0, 0, 0, 0, 0, 1, 0, 0, 0], [0, 0, 0, 0, 0, 0, 0, 0, 0, 0], [0, 0, 0, 0, 0, 0, 0, 0, 0, 0], [0, 0, 0, 0, 0, 0, 0, 0, 0, 2]]","['Endothelial', 'Fibroblast', 'Glandular', 'Immune_cell', 'Keratinocyte', 'Lymphatic_endothelial', 'Melanocytes', 'Neural_cell', 'Unknown', 'muscle_fiber']",
cell_type,grouped_seed1_fold2,shared_genes,random_forest,17,14,"{'Endothelial': 2, 'Fibroblast': 2, 'Keratinocyte': 2, 'muscle_fiber': 2, 'Lymphatic_endothelial': 2, 'Immune_cell': 2, 'Glandular': 2, 'Unknown': 1, 'Neural_cell': 1, 'Melanocytes': 1}","{'Lymphatic_endothelial': 2, 'Endothelial': 2, 'Fibroblast': 2, 'muscle_fiber': 2, 'Keratinocyte': 2, 'Immune_cell': 2, 'Glandular': 1, 'Melanocytes': 1}",0.9285714285714286,0.9,0.875,0.85,,"[[2, 0, 0, 0, 0, 0, 0, 0, 0, 0], [0, 2, 0, 0, 0, 0, 0, 0, 0, 0], [1, 0, 0, 0, 0, 0, 0, 0, 0, 0], [0, 0, 0, 2, 0, 0, 0, 0, 0, 0], [0, 0, 0, 0, 2, 0, 0, 0, 0, 0], [0, 0, 0, 0, 0, 2, 0, 0, 0, 0], [0, 0, 0, 0, 0, 0, 1, 0, 0, 0], [0, 0, 0, 0, 0, 0, 0, 0, 0, 0], [0, 0, 0, 0, 0, 0, 0, 0, 0, 0], [0, 0, 0, 0, 0, 0, 0, 0, 0, 2]]","['Endothelial', 'Fibroblast', 'Glandular', 'Immune_cell', 'Keratinocyte', 'Lymphatic_endothelial', 'Melanocytes', 'Neural_cell', 'Unknown', 'muscle_fiber']",
cell_type,grouped_seed1_fold2,shared_genes,hist_gradient_boosting,17,14,"{'Endothelial': 2, 'Fibroblast': 2, 'Keratinocyte': 2, 'muscle_fiber': 2, 'Lymphatic_endothelial': 2, 'Immune_cell': 2, 'Glandular': 2, 'Unknown': 1, 'Neural_cell': 1, 'Melanocytes': 1}","{'Lymphatic_endothelial': 2, 'Endothelial': 2, 'Fibroblast': 2, 'muscle_fiber': 2, 'Keratinocyte': 2, 'Immune_cell': 2, 'Glandular': 1, 'Melanocytes': 1}",0.14285714285714285,0.03571428571428571,0.125,0.03125,,"[[2, 0, 0, 0, 0, 0, 0, 0, 0, 0], [2, 0, 0, 0, 0, 0, 0, 0, 0, 0], [1, 0, 0, 0, 0, 0, 0, 0, 0, 0], [2, 0, 0, 0, 0, 0, 0, 0, 0, 0], [2, 0, 0, 0, 0, 0, 0, 0, 0, 0], [2, 0, 0, 0, 0, 0, 0, 0, 0, 0], [1, 0, 0, 0, 0, 0, 0, 0, 0, 0], [0, 0, 0, 0, 0, 0, 0, 0, 0, 0], [0, 0, 0, 0, 0, 0, 0, 0, 0, 0], [2, 0, 0, 0, 0, 0, 0, 0, 0, 0]]","['Endothelial', 'Fibroblast', 'Glandular', 'Immune_cell', 'Keratinocyte', 'Lymphatic_endothelial', 'Melanocytes', 'Neural_cell', 'Unknown', 'muscle_fiber']",
cell_type,grouped_seed1_fold2,shared_genes,knn,17,14,"{'Endothelial': 2, 'Fibroblast': 2, 'Keratinocyte': 2, 'muscle_fiber': 2, 'Lymphatic_endothelial': 2, 'Immune_cell': 2, 'Glandular': 2, 'Unknown': 1, 'Neural_cell': 1, 'Melanocytes': 1}","{'Lymphatic_endothelial': 2, 'Endothelial': 2, 'Fibroblast': 2, 'muscle_fiber': 2, 'Keratinocyte': 2, 'Immune_cell': 2, 'Glandular': 1, 'Melanocytes': 1}",0.8571428571428571,0.7999999999999999,0.75,0.7,,"[[2, 0, 0, 0, 0, 0, 0, 0, 0, 0], [0, 2, 0, 0, 0, 0, 0, 0, 0, 0], [1, 0, 0, 0, 0, 0, 0, 0, 0, 0], [0, 0, 0, 2, 0, 0, 0, 0, 0, 0], [0, 0, 0, 0, 2, 0, 0, 0, 0, 0], [0, 0, 0, 0, 0, 2, 0, 0, 0, 0], [0, 1, 0, 0, 0, 0, 0, 0, 0, 0], [0, 0, 0, 0, 0, 0, 0, 0, 0, 0], [0, 0, 0, 0, 0, 0, 0, 0, 0, 0], [0, 0, 0, 0, 0, 0, 0, 0, 0, 2]]","['Endothelial', 'Fibroblast', 'Glandular', 'Immune_cell', 'Keratinocyte', 'Lymphatic_endothelial', 'Melanocytes', 'Neural_cell', 'Unknown', 'muscle_fiber']",
cell_type,grouped_seed1_fold2,modules_only,majority,17,14,"{'Endothelial': 2, 'Fibroblast': 2, 'Keratinocyte': 2, 'muscle_fiber': 2, 'Lymphatic_endothelial': 2, 'Immune_cell': 2, 'Glandular': 2, 'Unknown': 1, 'Neural_cell': 1, 'Melanocytes': 1}","{'Lymphatic_endothelial': 2, 'Endothelial': 2, 'Fibroblast': 2, 'muscle_fiber': 2, 'Keratinocyte': 2, 'Immune_cell': 2, 'Glandular': 1, 'Melanocytes': 1}",0.14285714285714285,0.03571428571428571,0.125,0.03125,,"[[2, 0, 0, 0, 0, 0, 0, 0, 0, 0], [2, 0, 0, 0, 0, 0, 0, 0, 0, 0], [1, 0, 0, 0, 0, 0, 0, 0, 0, 0], [2, 0, 0, 0, 0, 0, 0, 0, 0, 0], [2, 0, 0, 0, 0, 0, 0, 0, 0, 0], [2, 0, 0, 0, 0, 0, 0, 0, 0, 0], [1, 0, 0, 0, 0, 0, 0, 0, 0, 0], [0, 0, 0, 0, 0, 0, 0, 0, 0, 0], [0, 0, 0, 0, 0, 0, 0, 0, 0, 0], [2, 0, 0, 0, 0, 0, 0, 0, 0, 0]]","['Endothelial', 'Fibroblast', 'Glandular', 'Immune_cell', 'Keratinocyte', 'Lymphatic_endothelial', 'Melanocytes', 'Neural_cell', 'Unknown', 'muscle_fiber']",
cell_type,grouped_seed1_fold2,modules_only,stratified_random,17,14,"{'Endothelial': 2, 'Fibroblast': 2, 'Keratinocyte': 2, 'muscle_fiber': 2, 'Lymphatic_endothelial': 2, 'Immune_cell': 2, 'Glandular': 2, 'Unknown': 1, 'Neural_cell': 1, 'Melanocytes': 1}","{'Lymphatic_endothelial': 2, 'Endothelial': 2, 'Fibroblast': 2, 'muscle_fiber': 2, 'Keratinocyte': 2, 'Immune_cell': 2, 'Glandular': 1, 'Melanocytes': 1}",0.21428571428571427,0.20952380952380953,0.1875,0.14666666666666667,,"[[1, 0, 0, 0, 0, 1, 0, 0, 0, 0], [0, 0, 0, 0, 0, 0, 1, 0, 1, 0], [0, 0, 0, 0, 0, 0, 1, 0, 0, 0], [0, 0, 1, 1, 0, 0, 0, 0, 0, 0], [0, 0, 0, 0, 0, 0, 0, 2, 0, 0], [0, 0, 0, 1, 0, 1, 0, 0, 0, 0], [0, 0, 0, 1, 0, 0, 0, 0, 0, 0], [0, 0, 0, 0, 0, 0, 0, 0, 0, 0], [0, 0, 0, 0, 0, 0, 0, 0, 0, 0], [0, 0, 1, 0, 0, 1, 0, 0, 0, 0]]","['Endothelial', 'Fibroblast', 'Glandular', 'Immune_cell', 'Keratinocyte', 'Lymphatic_endothelial', 'Melanocytes', 'Neural_cell', 'Unknown', 'muscle_fiber']",
cell_type,grouped_seed1_fold2,modules_only,elastic_net_logreg,17,14,"{'Endothelial': 2, 'Fibroblast': 2, 'Keratinocyte': 2, 'muscle_fiber': 2, 'Lymphatic_endothelial': 2, 'Immune_cell': 2, 'Glandular': 2, 'Unknown': 1, 'Neural_cell': 1, 'Melanocytes': 1}","{'Lymphatic_endothelial': 2, 'Endothelial': 2, 'Fibroblast': 2, 'muscle_fiber': 2, 'Keratinocyte': 2, 'Immune_cell': 2, 'Glandular': 1, 'Melanocytes': 1}",0.6428571428571429,0.6380952380952382,0.5625,0.5583333333333333,,"[[2, 0, 0, 0, 0, 0, 0, 0, 0, 0], [0, 2, 0, 0, 0, 0, 0, 0, 0, 0], [1, 0, 0, 0, 0, 0, 0, 0, 0, 0], [0, 0, 2, 0, 0, 0, 0, 0, 0, 0], [0, 0, 0, 0, 2, 0, 0, 0, 0, 0], [0, 0, 1, 0, 0, 1, 0, 0, 0, 0], [0, 0, 1, 0, 0, 0, 0, 0, 0, 0], [0, 0, 0, 0, 0, 0, 0, 0, 0, 0], [0, 0, 0, 0, 0, 0, 0, 0, 0, 0], [0, 0, 0, 0, 0, 0, 0, 0, 0, 2]]","['Endothelial', 'Fibroblast', 'Glandular', 'Immune_cell', 'Keratinocyte', 'Lymphatic_endothelial', 'Melanocytes', 'Neural_cell', 'Unknown', 'muscle_fiber']",
cell_type,grouped_seed1_fold2,modules_only,linear_svm,17,14,"{'Endothelial': 2, 'Fibroblast': 2, 'Keratinocyte': 2, 'muscle_fiber': 2, 'Lymphatic_endothelial': 2, 'Immune_cell': 2, 'Glandular': 2, 'Unknown': 1, 'Neural_cell': 1, 'Melanocytes': 1}","{'Lymphatic_endothelial': 2, 'Endothelial': 2, 'Fibroblast': 2, 'muscle_fiber': 2, 'Keratinocyte': 2, 'Immune_cell': 2, 'Glandular': 1, 'Melanocytes': 1}",0.5714285714285714,0.5904761904761904,0.5,0.5166666666666666,,"[[2, 0, 0, 0, 0, 0, 0, 0, 0, 0], [0, 1, 0, 0, 0, 0, 1, 0, 0, 0], [1, 0, 0, 0, 0, 0, 0, 0, 0, 0], [0, 0, 2, 0, 0, 0, 0, 0, 0, 0], [0, 0, 0, 0, 2, 0, 0, 0, 0, 0], [0, 0, 1, 0, 0, 1, 0, 0, 0, 0], [0, 0, 1, 0, 0, 0, 0, 0, 0, 0], [0, 0, 0, 0, 0, 0, 0, 0, 0, 0], [0, 0, 0, 0, 0, 0, 0, 0, 0, 0], [0, 0, 0, 0, 0, 0, 0, 0, 0, 2]]","['Endothelial', 'Fibroblast', 'Glandular', 'Immune_cell', 'Keratinocyte', 'Lymphatic_endothelial', 'Melanocytes', 'Neural_cell', 'Unknown', 'muscle_fiber']",
cell_type,grouped_seed1_fold2,modules_only,random_forest,17,14,"{'Endothelial': 2, 'Fibroblast': 2, 'Keratinocyte': 2, 'muscle_fiber': 2, 'Lymphatic_endothelial': 2, 'Immune_cell': 2, 'Glandular': 2, 'Unknown': 1, 'Neural_cell': 1, 'Melanocytes': 1}","{'Lymphatic_endothelial': 2, 'Endothelial': 2, 'Fibroblast': 2, 'muscle_fiber': 2, 'Keratinocyte': 2, 'Immune_cell': 2, 'Glandular': 1, 'Melanocytes': 1}",0.6428571428571429,0.6857142857142857,0.5625,0.5333333333333333,,"[[2, 0, 0, 0, 0, 0, 0, 0, 0, 0], [0, 1, 0, 0, 0, 0, 0, 0, 0, 1], [0, 0, 0, 0, 0, 0, 0, 1, 0, 0], [0, 0, 1, 1, 0, 0, 0, 0, 0, 0], [0, 0, 1, 0, 1, 0, 0, 0, 0, 0], [0, 0, 0, 0, 0, 2, 0, 0, 0, 0], [0, 0, 1, 0, 0, 0, 0, 0, 0, 0], [0, 0, 0, 0, 0, 0, 0, 0, 0, 0], [0, 0, 0, 0, 0, 0, 0, 0, 0, 0], [0, 0, 0, 0, 0, 0, 0, 0, 0, 2]]","['Endothelial', 'Fibroblast', 'Glandular', 'Immune_cell', 'Keratinocyte', 'Lymphatic_endothelial', 'Melanocytes', 'Neural_cell', 'Unknown', 'muscle_fiber']",
cell_type,grouped_seed1_fold2,modules_only,hist_gradient_boosting,17,14,"{'Endothelial': 2, 'Fibroblast': 2, 'Keratinocyte': 2, 'muscle_fiber': 2, 'Lymphatic_endothelial': 2, 'Immune_cell': 2, 'Glandular': 2, 'Unknown': 1, 'Neural_cell': 1, 'Melanocytes': 1}","{'Lymphatic_endothelial': 2, 'Endothelial': 2, 'Fibroblast': 2, 'muscle_fiber': 2, 'Keratinocyte': 2, 'Immune_cell': 2, 'Glandular': 1, 'Melanocytes': 1}",0.14285714285714285,0.03571428571428571,0.125,0.03125,,"[[2, 0, 0, 0, 0, 0, 0, 0, 0, 0], [2, 0, 0, 0, 0, 0, 0, 0, 0, 0], [1, 0, 0, 0, 0, 0, 0, 0, 0, 0], [2, 0, 0, 0, 0, 0, 0, 0, 0, 0], [2, 0, 0, 0, 0, 0, 0, 0, 0, 0], [2, 0, 0, 0, 0, 0, 0, 0, 0, 0], [1, 0, 0, 0, 0, 0, 0, 0, 0, 0], [0, 0, 0, 0, 0, 0, 0, 0, 0, 0], [0, 0, 0, 0, 0, 0, 0, 0, 0, 0], [2, 0, 0, 0, 0, 0, 0, 0, 0, 0]]","['Endothelial', 'Fibroblast', 'Glandular', 'Immune_cell', 'Keratinocyte', 'Lymphatic_endothelial', 'Melanocytes', 'Neural_cell', 'Unknown', 'muscle_fiber']",
cell_type,grouped_seed1_fold2,modules_only,knn,17,14,"{'Endothelial': 2, 'Fibroblast': 2, 'Keratinocyte': 2, 'muscle_fiber': 2, 'Lymphatic_endothelial': 2, 'Immune_cell': 2, 'Glandular': 2, 'Unknown': 1, 'Neural_cell': 1, 'Melanocytes': 1}","{'Lymphatic_endothelial': 2, 'Endothelial': 2, 'Fibroblast': 2, 'muscle_fiber': 2, 'Keratinocyte': 2, 'Immune_cell': 2, 'Glandular': 1, 'Melanocytes': 1}",0.7857142857142857,0.780952380952381,0.6875,0.6833333333333333,,"[[2, 0, 0, 0, 0, 0, 0, 0, 0, 0], [0, 2, 0, 0, 0, 0, 0, 0, 0, 0], [1, 0, 0, 0, 0, 0, 0, 0, 0, 0], [0, 0, 1, 1, 0, 0, 0, 0, 0, 0], [0, 0, 0, 0, 2, 0, 0, 0, 0, 0], [0, 0, 0, 0, 0, 2, 0, 0, 0, 0], [0, 0, 1, 0, 0, 0, 0, 0, 0, 0], [0, 0, 0, 0, 0, 0, 0, 0, 0, 0], [0, 0, 0, 0, 0, 0, 0, 0, 0, 0], [0, 0, 0, 0, 0, 0, 0, 0, 0, 2]]","['Endothelial', 'Fibroblast', 'Glandular', 'Immune_cell', 'Keratinocyte', 'Lymphatic_endothelial', 'Melanocytes', 'Neural_cell', 'Unknown', 'muscle_fiber']",
cell_type,grouped_seed1_fold2,modules_only,small_mlp,17,14,"{'Endothelial': 2, 'Fibroblast': 2, 'Keratinocyte': 2, 'muscle_fiber': 2, 'Lymphatic_endothelial': 2, 'Immune_cell': 2, 'Glandular': 2, 'Unknown': 1, 'Neural_cell': 1, 'Melanocytes': 1}","{'Lymphatic_endothelial': 2, 'Endothelial': 2, 'Fibroblast': 2, 'muscle_fiber': 2, 'Keratinocyte': 2, 'Immune_cell': 2, 'Glandular': 1, 'Melanocytes': 1}",0.0,0.0,0.0,0.0,,"[[0, 0, 0, 0, 0, 0, 2, 0, 0, 0], [0, 0, 0, 0, 0, 1, 1, 0, 0, 0], [0, 0, 0, 0, 0, 0, 1, 0, 0, 0], [0, 0, 0, 0, 0, 0, 0, 2, 0, 0], [1, 1, 0, 0, 0, 0, 0, 0, 0, 0], [0, 0, 0, 0, 0, 0, 2, 0, 0, 0], [0, 0, 0, 0, 0, 0, 0, 1, 0, 0], [0, 0, 0, 0, 0, 0, 0, 0, 0, 0], [0, 0, 0, 0, 0, 0, 0, 0, 0, 0], [0, 0, 0, 0, 1, 1, 0, 0, 0, 0]]","['Endothelial', 'Fibroblast', 'Glandular', 'Immune_cell', 'Keratinocyte', 'Lymphatic_endothelial', 'Melanocytes', 'Neural_cell', 'Unknown', 'muscle_fiber']",
cell_type,grouped_seed1_fold3,shared_genes_plus_modules,majority,22,9,"{'Lymphatic_endothelial': 3, 'Endothelial': 3, 'Fibroblast': 3, 'muscle_fiber': 3, 'Keratinocyte': 3, 'Immune_cell': 3, 'Glandular': 2, 'Melanocytes': 2}","{'muscle_fiber': 1, 'Endothelial': 1, 'Lymphatic_endothelial': 1, 'Fibroblast': 1, 'Glandular': 1, 'Keratinocyte': 1, 'Unknown': 1, 'Neural_cell': 1, 'Immune_cell': 1}",0.1111111111111111,0.022222222222222223,0.1111111111111111,0.022222222222222223,,"[[1, 0, 0, 0, 0, 0, 0, 0, 0, 0], [1, 0, 0, 0, 0, 0, 0, 0, 0, 0], [1, 0, 0, 0, 0, 0, 0, 0, 0, 0], [1, 0, 0, 0, 0, 0, 0, 0, 0, 0], [1, 0, 0, 0, 0, 0, 0, 0, 0, 0], [1, 0, 0, 0, 0, 0, 0, 0, 0, 0], [0, 0, 0, 0, 0, 0, 0, 0, 0, 0], [1, 0, 0, 0, 0, 0, 0, 0, 0, 0], [1, 0, 0, 0, 0, 0, 0, 0, 0, 0], [1, 0, 0, 0, 0, 0, 0, 0, 0, 0]]","['Endothelial', 'Fibroblast', 'Glandular', 'Immune_cell', 'Keratinocyte', 'Lymphatic_endothelial', 'Melanocytes', 'Neural_cell', 'Unknown', 'muscle_fiber']",
cell_type,grouped_seed1_fold3,shared_genes_plus_modules,stratified_random,22,9,"{'Lymphatic_endothelial': 3, 'Endothelial': 3, 'Fibroblast': 3, 'muscle_fiber': 3, 'Keratinocyte': 3, 'Immune_cell': 3, 'Glandular': 2, 'Melanocytes': 2}","{'muscle_fiber': 1, 'Endothelial': 1, 'Lymphatic_endothelial': 1, 'Fibroblast': 1, 'Glandular': 1, 'Keratinocyte': 1, 'Unknown': 1, 'Neural_cell': 1, 'Immune_cell': 1}",0.2222222222222222,0.18518518518518517,0.2222222222222222,0.16666666666666666,,"[[1, 0, 0, 0, 0, 0, 0, 0, 0, 0], [0, 1, 0, 0, 0, 0, 0, 0, 0, 0], [0, 0, 0, 0, 0, 0, 1, 0, 0, 0], [1, 0, 0, 0, 0, 0, 0, 0, 0, 0], [0, 0, 1, 0, 0, 0, 0, 0, 0, 0], [0, 0, 0, 0, 0, 0, 0, 0, 0, 1], [0, 0, 0, 0, 0, 0, 0, 0, 0, 0], [0, 0, 0, 0, 0, 0, 0, 0, 0, 1], [0, 0, 0, 1, 0, 0, 0, 0, 0, 0], [0, 0, 0, 1, 0, 0, 0, 0, 0, 0]]","['Endothelial', 'Fibroblast', 'Glandular', 'Immune_cell', 'Keratinocyte', 'Lymphatic_endothelial', 'Melanocytes', 'Neural_cell', 'Unknown', 'muscle_fiber']",
cell_type,grouped_seed1_fold3,shared_genes_plus_modules,elastic_net_logreg,22,9,"{'Lymphatic_endothelial': 3, 'Endothelial': 3, 'Fibroblast': 3, 'muscle_fiber': 3, 'Keratinocyte': 3, 'Immune_cell': 3, 'Glandular': 2, 'Melanocytes': 2}","{'muscle_fiber': 1, 'Endothelial': 1, 'Lymphatic_endothelial': 1, 'Fibroblast': 1, 'Glandular': 1, 'Keratinocyte': 1, 'Unknown': 1, 'Neural_cell': 1, 'Immune_cell': 1}",0.7777777777777778,0.7407407407407407,0.7777777777777778,0.6666666666666666,,"[[1, 0, 0, 0, 0, 0, 0, 0, 0, 0], [0, 1, 0, 0, 0, 0, 0, 0, 0, 0], [0, 0, 1, 0, 0, 0, 0, 0, 0, 0], [0, 0, 0, 1, 0, 0, 0, 0, 0, 0], [0, 0, 0, 0, 1, 0, 0, 0, 0, 0], [0, 0, 0, 0, 0, 1, 0, 0, 0, 0], [0, 0, 0, 0, 0, 0, 0, 0, 0, 0], [0, 0, 0, 0, 0, 0, 1, 0, 0, 0], [0, 0, 1, 0, 0, 0, 0, 0, 0, 0], [0, 0, 0, 0, 0, 0, 0, 0, 0, 1]]","['Endothelial', 'Fibroblast', 'Glandular', 'Immune_cell', 'Keratinocyte', 'Lymphatic_endothelial', 'Melanocytes', 'Neural_cell', 'Unknown', 'muscle_fiber']",
cell_type,grouped_seed1_fold3,shared_genes_plus_modules,linear_svm,22,9,"{'Lymphatic_endothelial': 3, 'Endothelial': 3, 'Fibroblast': 3, 'muscle_fiber': 3, 'Keratinocyte': 3, 'Immune_cell': 3, 'Glandular': 2, 'Melanocytes': 2}","{'muscle_fiber': 1, 'Endothelial': 1, 'Lymphatic_endothelial': 1, 'Fibroblast': 1, 'Glandular': 1, 'Keratinocyte': 1, 'Unknown': 1, 'Neural_cell': 1, 'Immune_cell': 1}",0.7777777777777778,0.7037037037037037,0.7777777777777778,0.7037037037037037,,"[[1, 0, 0, 0, 0, 0, 0, 0, 0, 0], [0, 1, 0, 0, 0, 0, 0, 0, 0, 0], [0, 0, 1, 0, 0, 0, 0, 0, 0, 0], [0, 0, 0, 1, 0, 0, 0, 0, 0, 0], [0, 0, 0, 0, 1, 0, 0, 0, 0, 0], [0, 0, 0, 0, 0, 1, 0, 0, 0, 0], [0, 0, 0, 0, 0, 0, 0, 0, 0, 0], [0, 1, 0, 0, 0, 0, 0, 0, 0, 0], [0, 0, 0, 1, 0, 0, 0, 0, 0, 0], [0, 0, 0, 0, 0, 0, 0, 0, 0, 1]]","['Endothelial', 'Fibroblast', 'Glandular', 'Immune_cell', 'Keratinocyte', 'Lymphatic_endothelial', 'Melanocytes', 'Neural_cell', 'Unknown', 'muscle_fiber']",
cell_type,grouped_seed1_fold3,shared_genes_plus_modules,random_forest,22,9,"{'Lymphatic_endothelial': 3, 'Endothelial': 3, 'Fibroblast': 3, 'muscle_fiber': 3, 'Keratinocyte': 3, 'Immune_cell': 3, 'Glandular': 2, 'Melanocytes': 2}","{'muscle_fiber': 1, 'Endothelial': 1, 'Lymphatic_endothelial': 1, 'Fibroblast': 1, 'Glandular': 1, 'Keratinocyte': 1, 'Unknown': 1, 'Neural_cell': 1, 'Immune_cell': 1}",0.7777777777777778,0.7407407407407407,0.7777777777777778,0.6666666666666666,,"[[1, 0, 0, 0, 0, 0, 0, 0, 0, 0], [0, 1, 0, 0, 0, 0, 0, 0, 0, 0], [0, 0, 1, 0, 0, 0, 0, 0, 0, 0], [0, 0, 0, 1, 0, 0, 0, 0, 0, 0], [0, 0, 0, 0, 1, 0, 0, 0, 0, 0], [0, 0, 0, 0, 0, 1, 0, 0, 0, 0], [0, 0, 0, 0, 0, 0, 0, 0, 0, 0], [0, 0, 0, 0, 0, 0, 1, 0, 0, 0], [0, 0, 1, 0, 0, 0, 0, 0, 0, 0], [0, 0, 0, 0, 0, 0, 0, 0, 0, 1]]","['Endothelial', 'Fibroblast', 'Glandular', 'Immune_cell', 'Keratinocyte', 'Lymphatic_endothelial', 'Melanocytes', 'Neural_cell', 'Unknown', 'muscle_fiber']",
cell_type,grouped_seed1_fold3,shared_genes_plus_modules,hist_gradient_boosting,22,9,"{'Lymphatic_endothelial': 3, 'Endothelial': 3, 'Fibroblast': 3, 'muscle_fiber': 3, 'Keratinocyte': 3, 'Immune_cell': 3, 'Glandular': 2, 'Melanocytes': 2}","{'muscle_fiber': 1, 'Endothelial': 1, 'Lymphatic_endothelial': 1, 'Fibroblast': 1, 'Glandular': 1, 'Keratinocyte': 1, 'Unknown': 1, 'Neural_cell': 1, 'Immune_cell': 1}",0.1111111111111111,0.022222222222222223,0.1111111111111111,0.022222222222222223,,"[[1, 0, 0, 0, 0, 0, 0, 0, 0, 0], [1, 0, 0, 0, 0, 0, 0, 0, 0, 0], [1, 0, 0, 0, 0, 0, 0, 0, 0, 0], [1, 0, 0, 0, 0, 0, 0, 0, 0, 0], [1, 0, 0, 0, 0, 0, 0, 0, 0, 0], [1, 0, 0, 0, 0, 0, 0, 0, 0, 0], [0, 0, 0, 0, 0, 0, 0, 0, 0, 0], [1, 0, 0, 0, 0, 0, 0, 0, 0, 0], [1, 0, 0, 0, 0, 0, 0, 0, 0, 0], [1, 0, 0, 0, 0, 0, 0, 0, 0, 0]]","['Endothelial', 'Fibroblast', 'Glandular', 'Immune_cell', 'Keratinocyte', 'Lymphatic_endothelial', 'Melanocytes', 'Neural_cell', 'Unknown', 'muscle_fiber']",
cell_type,grouped_seed1_fold3,shared_genes_plus_modules,knn,22,9,"{'Lymphatic_endothelial': 3, 'Endothelial': 3, 'Fibroblast': 3, 'muscle_fiber': 3, 'Keratinocyte': 3, 'Immune_cell': 3, 'Glandular': 2, 'Melanocytes': 2}","{'muscle_fiber': 1, 'Endothelial': 1, 'Lymphatic_endothelial': 1, 'Fibroblast': 1, 'Glandular': 1, 'Keratinocyte': 1, 'Unknown': 1, 'Neural_cell': 1, 'Immune_cell': 1}",0.6666666666666666,0.5555555555555556,0.6666666666666666,0.5555555555555556,,"[[1, 0, 0, 0, 0, 0, 0, 0, 0, 0], [0, 1, 0, 0, 0, 0, 0, 0, 0, 0], [1, 0, 0, 0, 0, 0, 0, 0, 0, 0], [0, 0, 0, 1, 0, 0, 0, 0, 0, 0], [0, 0, 0, 0, 1, 0, 0, 0, 0, 0], [0, 0, 0, 0, 0, 1, 0, 0, 0, 0], [0, 0, 0, 0, 0, 0, 0, 0, 0, 0], [0, 1, 0, 0, 0, 0, 0, 0, 0, 0], [0, 0, 0, 1, 0, 0, 0, 0, 0, 0], [0, 0, 0, 0, 0, 0, 0, 0, 0, 1]]","['Endothelial', 'Fibroblast', 'Glandular', 'Immune_cell', 'Keratinocyte', 'Lymphatic_endothelial', 'Melanocytes', 'Neural_cell', 'Unknown', 'muscle_fiber']",
cell_type,grouped_seed1_fold3,shared_genes_plus_modules,small_mlp,22,9,"{'Lymphatic_endothelial': 3, 'Endothelial': 3, 'Fibroblast': 3, 'muscle_fiber': 3, 'Keratinocyte': 3, 'Immune_cell': 3, 'Glandular': 2, 'Melanocytes': 2}","{'muscle_fiber': 1, 'Endothelial': 1, 'Lymphatic_endothelial': 1, 'Fibroblast': 1, 'Glandular': 1, 'Keratinocyte': 1, 'Unknown': 1, 'Neural_cell': 1, 'Immune_cell': 1}",0.7777777777777778,0.7037037037037037,0.7777777777777778,0.7037037037037037,,"[[1, 0, 0, 0, 0, 0, 0, 0, 0, 0], [0, 1, 0, 0, 0, 0, 0, 0, 0, 0], [0, 0, 1, 0, 0, 0, 0, 0, 0, 0], [0, 0, 0, 1, 0, 0, 0, 0, 0, 0], [0, 0, 0, 0, 1, 0, 0, 0, 0, 0], [0, 0, 0, 0, 0, 1, 0, 0, 0, 0], [0, 0, 0, 0, 0, 0, 0, 0, 0, 0], [0, 1, 0, 0, 0, 0, 0, 0, 0, 0], [0, 0, 1, 0, 0, 0, 0, 0, 0, 0], [0, 0, 0, 0, 0, 0, 0, 0, 0, 1]]","['Endothelial', 'Fibroblast', 'Glandular', 'Immune_cell', 'Keratinocyte', 'Lymphatic_endothelial', 'Melanocytes', 'Neural_cell', 'Unknown', 'muscle_fiber']",
cell_type,grouped_seed1_fold3,shared_genes,majority,22,9,"{'Lymphatic_endothelial': 3, 'Endothelial': 3, 'Fibroblast': 3, 'muscle_fiber': 3, 'Keratinocyte': 3, 'Immune_cell': 3, 'Glandular': 2, 'Melanocytes': 2}","{'muscle_fiber': 1, 'Endothelial': 1, 'Lymphatic_endothelial': 1, 'Fibroblast': 1, 'Glandular': 1, 'Keratinocyte': 1, 'Unknown': 1, 'Neural_cell': 1, 'Immune_cell': 1}",0.1111111111111111,0.022222222222222223,0.1111111111111111,0.022222222222222223,,"[[1, 0, 0, 0, 0, 0, 0, 0, 0, 0], [1, 0, 0, 0, 0, 0, 0, 0, 0, 0], [1, 0, 0, 0, 0, 0, 0, 0, 0, 0], [1, 0, 0, 0, 0, 0, 0, 0, 0, 0], [1, 0, 0, 0, 0, 0, 0, 0, 0, 0], [1, 0, 0, 0, 0, 0, 0, 0, 0, 0], [0, 0, 0, 0, 0, 0, 0, 0, 0, 0], [1, 0, 0, 0, 0, 0, 0, 0, 0, 0], [1, 0, 0, 0, 0, 0, 0, 0, 0, 0], [1, 0, 0, 0, 0, 0, 0, 0, 0, 0]]","['Endothelial', 'Fibroblast', 'Glandular', 'Immune_cell', 'Keratinocyte', 'Lymphatic_endothelial', 'Melanocytes', 'Neural_cell', 'Unknown', 'muscle_fiber']",
cell_type,grouped_seed1_fold3,shared_genes,stratified_random,22,9,"{'Lymphatic_endothelial': 3, 'Endothelial': 3, 'Fibroblast': 3, 'muscle_fiber': 3, 'Keratinocyte': 3, 'Immune_cell': 3, 'Glandular': 2, 'Melanocytes': 2}","{'muscle_fiber': 1, 'Endothelial': 1, 'Lymphatic_endothelial': 1, 'Fibroblast': 1, 'Glandular': 1, 'Keratinocyte': 1, 'Unknown': 1, 'Neural_cell': 1, 'Immune_cell': 1}",0.2222222222222222,0.18518518518518517,0.2222222222222222,0.16666666666666666,,"[[1, 0, 0, 0, 0, 0, 0, 0, 0, 0], [0, 1, 0, 0, 0, 0, 0, 0, 0, 0], [0, 0, 0, 0, 0, 0, 1, 0, 0, 0], [1, 0, 0, 0, 0, 0, 0, 0, 0, 0], [0, 0, 1, 0, 0, 0, 0, 0, 0, 0], [0, 0, 0, 0, 0, 0, 0, 0, 0, 1], [0, 0, 0, 0, 0, 0, 0, 0, 0, 0], [0, 0, 0, 0, 0, 0, 0, 0, 0, 1], [0, 0, 0, 1, 0, 0, 0, 0, 0, 0], [0, 0, 0, 1, 0, 0, 0, 0, 0, 0]]","['Endothelial', 'Fibroblast', 'Glandular', 'Immune_cell', 'Keratinocyte', 'Lymphatic_endothelial', 'Melanocytes', 'Neural_cell', 'Unknown', 'muscle_fiber']",
cell_type,grouped_seed1_fold3,shared_genes,elastic_net_logreg,22,9,"{'Lymphatic_endothelial': 3, 'Endothelial': 3, 'Fibroblast': 3, 'muscle_fiber': 3, 'Keratinocyte': 3, 'Immune_cell': 3, 'Glandular': 2, 'Melanocytes': 2}","{'muscle_fiber': 1, 'Endothelial': 1, 'Lymphatic_endothelial': 1, 'Fibroblast': 1, 'Glandular': 1, 'Keratinocyte': 1, 'Unknown': 1, 'Neural_cell': 1, 'Immune_cell': 1}",0.7777777777777778,0.7407407407407407,0.7777777777777778,0.6666666666666666,,"[[1, 0, 0, 0, 0, 0, 0, 0, 0, 0], [0, 1, 0, 0, 0, 0, 0, 0, 0, 0], [0, 0, 1, 0, 0, 0, 0, 0, 0, 0], [0, 0, 0, 1, 0, 0, 0, 0, 0, 0], [0, 0, 0, 0, 1, 0, 0, 0, 0, 0], [0, 0, 0, 0, 0, 1, 0, 0, 0, 0], [0, 0, 0, 0, 0, 0, 0, 0, 0, 0], [0, 0, 0, 0, 0, 0, 1, 0, 0, 0], [0, 0, 1, 0, 0, 0, 0, 0, 0, 0], [0, 0, 0, 0, 0, 0, 0, 0, 0, 1]]","['Endothelial', 'Fibroblast', 'Glandular', 'Immune_cell', 'Keratinocyte', 'Lymphatic_endothelial', 'Melanocytes', 'Neural_cell', 'Unknown', 'muscle_fiber']",
cell_type,grouped_seed1_fold3,shared_genes,linear_svm,22,9,"{'Lymphatic_endothelial': 3, 'Endothelial': 3, 'Fibroblast': 3, 'muscle_fiber': 3, 'Keratinocyte': 3, 'Immune_cell': 3, 'Glandular': 2, 'Melanocytes': 2}","{'muscle_fiber': 1, 'Endothelial': 1, 'Lymphatic_endothelial': 1, 'Fibroblast': 1, 'Glandular': 1, 'Keratinocyte': 1, 'Unknown': 1, 'Neural_cell': 1, 'Immune_cell': 1}",0.7777777777777778,0.7037037037037037,0.7777777777777778,0.7037037037037037,,"[[1, 0, 0, 0, 0, 0, 0, 0, 0, 0], [0, 1, 0, 0, 0, 0, 0, 0, 0, 0], [0, 0, 1, 0, 0, 0, 0, 0, 0, 0], [0, 0, 0, 1, 0, 0, 0, 0, 0, 0], [0, 0, 0, 0, 1, 0, 0, 0, 0, 0], [0, 0, 0, 0, 0, 1, 0, 0, 0, 0], [0, 0, 0, 0, 0, 0, 0, 0, 0, 0], [0, 1, 0, 0, 0, 0, 0, 0, 0, 0], [0, 0, 0, 1, 0, 0, 0, 0, 0, 0], [0, 0, 0, 0, 0, 0, 0, 0, 0, 1]]","['Endothelial', 'Fibroblast', 'Glandular', 'Immune_cell', 'Keratinocyte', 'Lymphatic_endothelial', 'Melanocytes', 'Neural_cell', 'Unknown', 'muscle_fiber']",
cell_type,grouped_seed1_fold3,shared_genes,random_forest,22,9,"{'Lymphatic_endothelial': 3, 'Endothelial': 3, 'Fibroblast': 3, 'muscle_fiber': 3, 'Keratinocyte': 3, 'Immune_cell': 3, 'Glandular': 2, 'Melanocytes': 2}","{'muscle_fiber': 1, 'Endothelial': 1, 'Lymphatic_endothelial': 1, 'Fibroblast': 1, 'Glandular': 1, 'Keratinocyte': 1, 'Unknown': 1, 'Neural_cell': 1, 'Immune_cell': 1}",0.7777777777777778,0.7407407407407407,0.7777777777777778,0.6666666666666666,,"[[1, 0, 0, 0, 0, 0, 0, 0, 0, 0], [0, 1, 0, 0, 0, 0, 0, 0, 0, 0], [0, 0, 1, 0, 0, 0, 0, 0, 0, 0], [0, 0, 0, 1, 0, 0, 0, 0, 0, 0], [0, 0, 0, 0, 1, 0, 0, 0, 0, 0], [0, 0, 0, 0, 0, 1, 0, 0, 0, 0], [0, 0, 0, 0, 0, 0, 0, 0, 0, 0], [0, 0, 0, 0, 0, 0, 1, 0, 0, 0], [0, 0, 0, 1, 0, 0, 0, 0, 0, 0], [0, 0, 0, 0, 0, 0, 0, 0, 0, 1]]","['Endothelial', 'Fibroblast', 'Glandular', 'Immune_cell', 'Keratinocyte', 'Lymphatic_endothelial', 'Melanocytes', 'Neural_cell', 'Unknown', 'muscle_fiber']",
cell_type,grouped_seed1_fold3,shared_genes,hist_gradient_boosting,22,9,"{'Lymphatic_endothelial': 3, 'Endothelial': 3, 'Fibroblast': 3, 'muscle_fiber': 3, 'Keratinocyte': 3, 'Immune_cell': 3, 'Glandular': 2, 'Melanocytes': 2}","{'muscle_fiber': 1, 'Endothelial': 1, 'Lymphatic_endothelial': 1, 'Fibroblast': 1, 'Glandular': 1, 'Keratinocyte': 1, 'Unknown': 1, 'Neural_cell': 1, 'Immune_cell': 1}",0.1111111111111111,0.022222222222222223,0.1111111111111111,0.022222222222222223,,"[[1, 0, 0, 0, 0, 0, 0, 0, 0, 0], [1, 0, 0, 0, 0, 0, 0, 0, 0, 0], [1, 0, 0, 0, 0, 0, 0, 0, 0, 0], [1, 0, 0, 0, 0, 0, 0, 0, 0, 0], [1, 0, 0, 0, 0, 0, 0, 0, 0, 0], [1, 0, 0, 0, 0, 0, 0, 0, 0, 0], [0, 0, 0, 0, 0, 0, 0, 0, 0, 0], [1, 0, 0, 0, 0, 0, 0, 0, 0, 0], [1, 0, 0, 0, 0, 0, 0, 0, 0, 0], [1, 0, 0, 0, 0, 0, 0, 0, 0, 0]]","['Endothelial', 'Fibroblast', 'Glandular', 'Immune_cell', 'Keratinocyte', 'Lymphatic_endothelial', 'Melanocytes', 'Neural_cell', 'Unknown', 'muscle_fiber']",
cell_type,grouped_seed1_fold3,shared_genes,knn,22,9,"{'Lymphatic_endothelial': 3, 'Endothelial': 3, 'Fibroblast': 3, 'muscle_fiber': 3, 'Keratinocyte': 3, 'Immune_cell': 3, 'Glandular': 2, 'Melanocytes': 2}","{'muscle_fiber': 1, 'Endothelial': 1, 'Lymphatic_endothelial': 1, 'Fibroblast': 1, 'Glandular': 1, 'Keratinocyte': 1, 'Unknown': 1, 'Neural_cell': 1, 'Immune_cell': 1}",0.6666666666666666,0.5555555555555556,0.6666666666666666,0.5555555555555556,,"[[1, 0, 0, 0, 0, 0, 0, 0, 0, 0], [0, 1, 0, 0, 0, 0, 0, 0, 0, 0], [1, 0, 0, 0, 0, 0, 0, 0, 0, 0], [0, 0, 0, 1, 0, 0, 0, 0, 0, 0], [0, 0, 0, 0, 1, 0, 0, 0, 0, 0], [0, 0, 0, 0, 0, 1, 0, 0, 0, 0], [0, 0, 0, 0, 0, 0, 0, 0, 0, 0], [0, 1, 0, 0, 0, 0, 0, 0, 0, 0], [0, 0, 0, 1, 0, 0, 0, 0, 0, 0], [0, 0, 0, 0, 0, 0, 0, 0, 0, 1]]","['Endothelial', 'Fibroblast', 'Glandular', 'Immune_cell', 'Keratinocyte', 'Lymphatic_endothelial', 'Melanocytes', 'Neural_cell', 'Unknown', 'muscle_fiber']",
cell_type,grouped_seed1_fold3,modules_only,majority,22,9,"{'Lymphatic_endothelial': 3, 'Endothelial': 3, 'Fibroblast': 3, 'muscle_fiber': 3, 'Keratinocyte': 3, 'Immune_cell': 3, 'Glandular': 2, 'Melanocytes': 2}","{'muscle_fiber': 1, 'Endothelial': 1, 'Lymphatic_endothelial': 1, 'Fibroblast': 1, 'Glandular': 1, 'Keratinocyte': 1, 'Unknown': 1, 'Neural_cell': 1, 'Immune_cell': 1}",0.1111111111111111,0.022222222222222223,0.1111111111111111,0.022222222222222223,,"[[1, 0, 0, 0, 0, 0, 0, 0, 0, 0], [1, 0, 0, 0, 0, 0, 0, 0, 0, 0], [1, 0, 0, 0, 0, 0, 0, 0, 0, 0], [1, 0, 0, 0, 0, 0, 0, 0, 0, 0], [1, 0, 0, 0, 0, 0, 0, 0, 0, 0], [1, 0, 0, 0, 0, 0, 0, 0, 0, 0], [0, 0, 0, 0, 0, 0, 0, 0, 0, 0], [1, 0, 0, 0, 0, 0, 0, 0, 0, 0], [1, 0, 0, 0, 0, 0, 0, 0, 0, 0], [1, 0, 0, 0, 0, 0, 0, 0, 0, 0]]","['Endothelial', 'Fibroblast', 'Glandular', 'Immune_cell', 'Keratinocyte', 'Lymphatic_endothelial', 'Melanocytes', 'Neural_cell', 'Unknown', 'muscle_fiber']",
cell_type,grouped_seed1_fold3,modules_only,stratified_random,22,9,"{'Lymphatic_endothelial': 3, 'Endothelial': 3, 'Fibroblast': 3, 'muscle_fiber': 3, 'Keratinocyte': 3, 'Immune_cell': 3, 'Glandular': 2, 'Melanocytes': 2}","{'muscle_fiber': 1, 'Endothelial': 1, 'Lymphatic_endothelial': 1, 'Fibroblast': 1, 'Glandular': 1, 'Keratinocyte': 1, 'Unknown': 1, 'Neural_cell': 1, 'Immune_cell': 1}",0.2222222222222222,0.18518518518518517,0.2222222222222222,0.16666666666666666,,"[[1, 0, 0, 0, 0, 0, 0, 0, 0, 0], [0, 1, 0, 0, 0, 0, 0, 0, 0, 0], [0, 0, 0, 0, 0, 0, 1, 0, 0, 0], [1, 0, 0, 0, 0, 0, 0, 0, 0, 0], [0, 0, 1, 0, 0, 0, 0, 0, 0, 0], [0, 0, 0, 0, 0, 0, 0, 0, 0, 1], [0, 0, 0, 0, 0, 0, 0, 0, 0, 0], [0, 0, 0, 0, 0, 0, 0, 0, 0, 1], [0, 0, 0, 1, 0, 0, 0, 0, 0, 0], [0, 0, 0, 1, 0, 0, 0, 0, 0, 0]]","['Endothelial', 'Fibroblast', 'Glandular', 'Immune_cell', 'Keratinocyte', 'Lymphatic_endothelial', 'Melanocytes', 'Neural_cell', 'Unknown', 'muscle_fiber']",
cell_type,grouped_seed1_fold3,modules_only,elastic_net_logreg,22,9,"{'Lymphatic_endothelial': 3, 'Endothelial': 3, 'Fibroblast': 3, 'muscle_fiber': 3, 'Keratinocyte': 3, 'Immune_cell': 3, 'Glandular': 2, 'Melanocytes': 2}","{'muscle_fiber': 1, 'Endothelial': 1, 'Lymphatic_endothelial': 1, 'Fibroblast': 1, 'Glandular': 1, 'Keratinocyte': 1, 'Unknown': 1, 'Neural_cell': 1, 'Immune_cell': 1}",0.4444444444444444,0.3222222222222222,0.4444444444444444,0.3222222222222222,,"[[1, 0, 0, 0, 0, 0, 0, 0, 0, 0], [0, 1, 0, 0, 0, 0, 0, 0, 0, 0], [0, 0, 0, 0, 0, 1, 0, 0, 0, 0], [0, 0, 0, 0, 0, 1, 0, 0, 0, 0], [0, 1, 0, 0, 0, 0, 0, 0, 0, 0], [0, 0, 0, 0, 0, 1, 0, 0, 0, 0], [0, 0, 0, 0, 0, 0, 0, 0, 0, 0], [0, 1, 0, 0, 0, 0, 0, 0, 0, 0], [0, 0, 0, 0, 0, 1, 0, 0, 0, 0], [0, 0, 0, 0, 0, 0, 0, 0, 0, 1]]","['Endothelial', 'Fibroblast', 'Glandular', 'Immune_cell', 'Keratinocyte', 'Lymphatic_endothelial', 'Melanocytes', 'Neural_cell', 'Unknown', 'muscle_fiber']",
cell_type,grouped_seed1_fold3,modules_only,linear_svm,22,9,"{'Lymphatic_endothelial': 3, 'Endothelial': 3, 'Fibroblast': 3, 'muscle_fiber': 3, 'Keratinocyte': 3, 'Immune_cell': 3, 'Glandular': 2, 'Melanocytes': 2}","{'muscle_fiber': 1, 'Endothelial': 1, 'Lymphatic_endothelial': 1, 'Fibroblast': 1, 'Glandular': 1, 'Keratinocyte': 1, 'Unknown': 1, 'Neural_cell': 1, 'Immune_cell': 1}",0.4444444444444444,0.2962962962962963,0.4444444444444444,0.2962962962962963,,"[[0, 0, 0, 0, 0, 1, 0, 0, 0, 0], [0, 1, 0, 0, 0, 0, 0, 0, 0, 0], [0, 0, 0, 0, 0, 1, 0, 0, 0, 0], [0, 0, 0, 1, 0, 0, 0, 0, 0, 0], [0, 1, 0, 0, 0, 0, 0, 0, 0, 0], [0, 0, 0, 0, 0, 1, 0, 0, 0, 0], [0, 0, 0, 0, 0, 0, 0, 0, 0, 0], [0, 1, 0, 0, 0, 0, 0, 0, 0, 0], [0, 0, 0, 0, 0, 0, 0, 0, 0, 1], [0, 0, 0, 0, 0, 0, 0, 0, 0, 1]]","['Endothelial', 'Fibroblast', 'Glandular', 'Immune_cell', 'Keratinocyte', 'Lymphatic_endothelial', 'Melanocytes', 'Neural_cell', 'Unknown', 'muscle_fiber']",
cell_type,grouped_seed1_fold3,modules_only,random_forest,22,9,"{'Lymphatic_endothelial': 3, 'Endothelial': 3, 'Fibroblast': 3, 'muscle_fiber': 3, 'Keratinocyte': 3, 'Immune_cell': 3, 'Glandular': 2, 'Melanocytes': 2}","{'muscle_fiber': 1, 'Endothelial': 1, 'Lymphatic_endothelial': 1, 'Fibroblast': 1, 'Glandular': 1, 'Keratinocyte': 1, 'Unknown': 1, 'Neural_cell': 1, 'Immune_cell': 1}",0.3333333333333333,0.25925925925925924,0.3333333333333333,0.25925925925925924,,"[[0, 0, 1, 0, 0, 0, 0, 0, 0, 0], [0, 1, 0, 0, 0, 0, 0, 0, 0, 0], [0, 1, 0, 0, 0, 0, 0, 0, 0, 0], [0, 0, 0, 1, 0, 0, 0, 0, 0, 0], [0, 1, 0, 0, 0, 0, 0, 0, 0, 0], [0, 0, 0, 0, 0, 1, 0, 0, 0, 0], [0, 0, 0, 0, 0, 0, 0, 0, 0, 0], [0, 1, 0, 0, 0, 0, 0, 0, 0, 0], [0, 0, 0, 0, 0, 0, 0, 0, 0, 1], [0, 1, 0, 0, 0, 0, 0, 0, 0, 0]]","['Endothelial', 'Fibroblast', 'Glandular', 'Immune_cell', 'Keratinocyte', 'Lymphatic_endothelial', 'Melanocytes', 'Neural_cell', 'Unknown', 'muscle_fiber']",
cell_type,grouped_seed1_fold3,modules_only,hist_gradient_boosting,22,9,"{'Lymphatic_endothelial': 3, 'Endothelial': 3, 'Fibroblast': 3, 'muscle_fiber': 3, 'Keratinocyte': 3, 'Immune_cell': 3, 'Glandular': 2, 'Melanocytes': 2}","{'muscle_fiber': 1, 'Endothelial': 1, 'Lymphatic_endothelial': 1, 'Fibroblast': 1, 'Glandular': 1, 'Keratinocyte': 1, 'Unknown': 1, 'Neural_cell': 1, 'Immune_cell': 1}",0.1111111111111111,0.022222222222222223,0.1111111111111111,0.022222222222222223,,"[[1, 0, 0, 0, 0, 0, 0, 0, 0, 0], [1, 0, 0, 0, 0, 0, 0, 0, 0, 0], [1, 0, 0, 0, 0, 0, 0, 0, 0, 0], [1, 0, 0, 0, 0, 0, 0, 0, 0, 0], [1, 0, 0, 0, 0, 0, 0, 0, 0, 0], [1, 0, 0, 0, 0, 0, 0, 0, 0, 0], [0, 0, 0, 0, 0, 0, 0, 0, 0, 0], [1, 0, 0, 0, 0, 0, 0, 0, 0, 0], [1, 0, 0, 0, 0, 0, 0, 0, 0, 0], [1, 0, 0, 0, 0, 0, 0, 0, 0, 0]]","['Endothelial', 'Fibroblast', 'Glandular', 'Immune_cell', 'Keratinocyte', 'Lymphatic_endothelial', 'Melanocytes', 'Neural_cell', 'Unknown', 'muscle_fiber']",
cell_type,grouped_seed1_fold3,modules_only,knn,22,9,"{'Lymphatic_endothelial': 3, 'Endothelial': 3, 'Fibroblast': 3, 'muscle_fiber': 3, 'Keratinocyte': 3, 'Immune_cell': 3, 'Glandular': 2, 'Melanocytes': 2}","{'muscle_fiber': 1, 'Endothelial': 1, 'Lymphatic_endothelial': 1, 'Fibroblast': 1, 'Glandular': 1, 'Keratinocyte': 1, 'Unknown': 1, 'Neural_cell': 1, 'Immune_cell': 1}",0.4444444444444444,0.30370370370370364,0.4444444444444444,0.30370370370370364,,"[[1, 0, 0, 0, 0, 0, 0, 0, 0, 0], [0, 1, 0, 0, 0, 0, 0, 0, 0, 0], [0, 0, 0, 0, 0, 1, 0, 0, 0, 0], [0, 0, 0, 1, 0, 0, 0, 0, 0, 0], [0, 1, 0, 0, 0, 0, 0, 0, 0, 0], [0, 0, 0, 0, 0, 1, 0, 0, 0, 0], [0, 0, 0, 0, 0, 0, 0, 0, 0, 0], [0, 1, 0, 0, 0, 0, 0, 0, 0, 0], [0, 0, 0, 1, 0, 0, 0, 0, 0, 0], [0, 1, 0, 0, 0, 0, 0, 0, 0, 0]]","['Endothelial', 'Fibroblast', 'Glandular', 'Immune_cell', 'Keratinocyte', 'Lymphatic_endothelial', 'Melanocytes', 'Neural_cell', 'Unknown', 'muscle_fiber']",
cell_type,grouped_seed1_fold3,modules_only,small_mlp,22,9,"{'Lymphatic_endothelial': 3, 'Endothelial': 3, 'Fibroblast': 3, 'muscle_fiber': 3, 'Keratinocyte': 3, 'Immune_cell': 3, 'Glandular': 2, 'Melanocytes': 2}","{'muscle_fiber': 1, 'Endothelial': 1, 'Lymphatic_endothelial': 1, 'Fibroblast': 1, 'Glandular': 1, 'Keratinocyte': 1, 'Unknown': 1, 'Neural_cell': 1, 'Immune_cell': 1}",0.1111111111111111,0.022222222222222223,0.1111111111111111,0.022222222222222223,,"[[0, 0, 0, 0, 0, 1, 0, 0, 0, 0], [0, 0, 0, 0, 0, 1, 0, 0, 0, 0], [0, 0, 0, 0, 0, 1, 0, 0, 0, 0], [0, 0, 0, 0, 0, 1, 0, 0, 0, 0], [0, 0, 0, 0, 0, 1, 0, 0, 0, 0], [0, 0, 0, 0, 0, 1, 0, 0, 0, 0], [0, 0, 0, 0, 0, 0, 0, 0, 0, 0], [0, 0, 0, 0, 0, 1, 0, 0, 0, 0], [0, 0, 0, 0, 0, 1, 0, 0, 0, 0], [0, 0, 0, 0, 0, 1, 0, 0, 0, 0]]","['Endothelial', 'Fibroblast', 'Glandular', 'Immune_cell', 'Keratinocyte', 'Lymphatic_endothelial', 'Melanocytes', 'Neural_cell', 'Unknown', 'muscle_fiber']",
cell_type,grouped_seed1_fold4,shared_genes_plus_modules,majority,24,9,"{'muscle_fiber': 3, 'Endothelial': 3, 'Lymphatic_endothelial': 3, 'Fibroblast': 3, 'Glandular': 3, 'Keratinocyte': 3, 'Immune_cell': 3, 'Unknown': 1, 'Neural_cell': 1, 'Melanocytes': 1}","{'Endothelial': 1, 'Fibroblast': 1, 'Keratinocyte': 1, 'Unknown': 1, 'muscle_fiber': 1, 'Lymphatic_endothelial': 1, 'Immune_cell': 1, 'Glandular': 1, 'Neural_cell': 1}",0.1111111111111111,0.022222222222222223,0.1111111111111111,0.022222222222222223,,"[[1, 0, 0, 0, 0, 0, 0, 0, 0, 0], [1, 0, 0, 0, 0, 0, 0, 0, 0, 0], [1, 0, 0, 0, 0, 0, 0, 0, 0, 0], [1, 0, 0, 0, 0, 0, 0, 0, 0, 0], [1, 0, 0, 0, 0, 0, 0, 0, 0, 0], [1, 0, 0, 0, 0, 0, 0, 0, 0, 0], [0, 0, 0, 0, 0, 0, 0, 0, 0, 0], [1, 0, 0, 0, 0, 0, 0, 0, 0, 0], [1, 0, 0, 0, 0, 0, 0, 0, 0, 0], [1, 0, 0, 0, 0, 0, 0, 0, 0, 0]]","['Endothelial', 'Fibroblast', 'Glandular', 'Immune_cell', 'Keratinocyte', 'Lymphatic_endothelial', 'Melanocytes', 'Neural_cell', 'Unknown', 'muscle_fiber']",
cell_type,grouped_seed1_fold4,shared_genes_plus_modules,stratified_random,24,9,"{'muscle_fiber': 3, 'Endothelial': 3, 'Lymphatic_endothelial': 3, 'Fibroblast': 3, 'Glandular': 3, 'Keratinocyte': 3, 'Immune_cell': 3, 'Unknown': 1, 'Neural_cell': 1, 'Melanocytes': 1}","{'Endothelial': 1, 'Fibroblast': 1, 'Keratinocyte': 1, 'Unknown': 1, 'muscle_fiber': 1, 'Lymphatic_endothelial': 1, 'Immune_cell': 1, 'Glandular': 1, 'Neural_cell': 1}",0.0,0.0,0.0,0.0,,"[[0, 0, 0, 1, 0, 0, 0, 0, 0, 0], [1, 0, 0, 0, 0, 0, 0, 0, 0, 0], [0, 0, 0, 0, 0, 1, 0, 0, 0, 0], [0, 0, 0, 0, 0, 0, 0, 1, 0, 0], [0, 0, 0, 0, 0, 0, 0, 0, 1, 0], [0, 0, 0, 1, 0, 0, 0, 0, 0, 0], [0, 0, 0, 0, 0, 0, 0, 0, 0, 0], [1, 0, 0, 0, 0, 0, 0, 0, 0, 0], [0, 0, 0, 0, 0, 0, 1, 0, 0, 0], [0, 0, 1, 0, 0, 0, 0, 0, 0, 0]]","['Endothelial', 'Fibroblast', 'Glandular', 'Immune_cell', 'Keratinocyte', 'Lymphatic_endothelial', 'Melanocytes', 'Neural_cell', 'Unknown', 'muscle_fiber']",
cell_type,grouped_seed1_fold4,shared_genes_plus_modules,elastic_net_logreg,24,9,"{'muscle_fiber': 3, 'Endothelial': 3, 'Lymphatic_endothelial': 3, 'Fibroblast': 3, 'Glandular': 3, 'Keratinocyte': 3, 'Immune_cell': 3, 'Unknown': 1, 'Neural_cell': 1, 'Melanocytes': 1}","{'Endothelial': 1, 'Fibroblast': 1, 'Keratinocyte': 1, 'Unknown': 1, 'muscle_fiber': 1, 'Lymphatic_endothelial': 1, 'Immune_cell': 1, 'Glandular': 1, 'Neural_cell': 1}",1.0,1.0,1.0,1.0,,"[[1, 0, 0, 0, 0, 0, 0, 0, 0, 0], [0, 1, 0, 0, 0, 0, 0, 0, 0, 0], [0, 0, 1, 0, 0, 0, 0, 0, 0, 0], [0, 0, 0, 1, 0, 0, 0, 0, 0, 0], [0, 0, 0, 0, 1, 0, 0, 0, 0, 0], [0, 0, 0, 0, 0, 1, 0, 0, 0, 0], [0, 0, 0, 0, 0, 0, 0, 0, 0, 0], [0, 0, 0, 0, 0, 0, 0, 1, 0, 0], [0, 0, 0, 0, 0, 0, 0, 0, 1, 0], [0, 0, 0, 0, 0, 0, 0, 0, 0, 1]]","['Endothelial', 'Fibroblast', 'Glandular', 'Immune_cell', 'Keratinocyte', 'Lymphatic_endothelial', 'Melanocytes', 'Neural_cell', 'Unknown', 'muscle_fiber']",
cell_type,grouped_seed1_fold4,shared_genes_plus_modules,linear_svm,24,9,"{'muscle_fiber': 3, 'Endothelial': 3, 'Lymphatic_endothelial': 3, 'Fibroblast': 3, 'Glandular': 3, 'Keratinocyte': 3, 'Immune_cell': 3, 'Unknown': 1, 'Neural_cell': 1, 'Melanocytes': 1}","{'Endothelial': 1, 'Fibroblast': 1, 'Keratinocyte': 1, 'Unknown': 1, 'muscle_fiber': 1, 'Lymphatic_endothelial': 1, 'Immune_cell': 1, 'Glandular': 1, 'Neural_cell': 1}",1.0,1.0,1.0,1.0,,"[[1, 0, 0, 0, 0, 0, 0, 0, 0, 0], [0, 1, 0, 0, 0, 0, 0, 0, 0, 0], [0, 0, 1, 0, 0, 0, 0, 0, 0, 0], [0, 0, 0, 1, 0, 0, 0, 0, 0, 0], [0, 0, 0, 0, 1, 0, 0, 0, 0, 0], [0, 0, 0, 0, 0, 1, 0, 0, 0, 0], [0, 0, 0, 0, 0, 0, 0, 0, 0, 0], [0, 0, 0, 0, 0, 0, 0, 1, 0, 0], [0, 0, 0, 0, 0, 0, 0, 0, 1, 0], [0, 0, 0, 0, 0, 0, 0, 0, 0, 1]]","['Endothelial', 'Fibroblast', 'Glandular', 'Immune_cell', 'Keratinocyte', 'Lymphatic_endothelial', 'Melanocytes', 'Neural_cell', 'Unknown', 'muscle_fiber']",
cell_type,grouped_seed1_fold4,shared_genes_plus_modules,random_forest,24,9,"{'muscle_fiber': 3, 'Endothelial': 3, 'Lymphatic_endothelial': 3, 'Fibroblast': 3, 'Glandular': 3, 'Keratinocyte': 3, 'Immune_cell': 3, 'Unknown': 1, 'Neural_cell': 1, 'Melanocytes': 1}","{'Endothelial': 1, 'Fibroblast': 1, 'Keratinocyte': 1, 'Unknown': 1, 'muscle_fiber': 1, 'Lymphatic_endothelial': 1, 'Immune_cell': 1, 'Glandular': 1, 'Neural_cell': 1}",0.7777777777777778,0.7407407407407407,0.7777777777777778,0.7407407407407407,,"[[1, 0, 0, 0, 0, 0, 0, 0, 0, 0], [0, 1, 0, 0, 0, 0, 0, 0, 0, 0], [0, 0, 0, 0, 1, 0, 0, 0, 0, 0], [0, 0, 0, 1, 0, 0, 0, 0, 0, 0], [0, 0, 0, 0, 1, 0, 0, 0, 0, 0], [0, 0, 0, 0, 0, 1, 0, 0, 0, 0], [0, 0, 0, 0, 0, 0, 0, 0, 0, 0], [0, 0, 0, 0, 0, 0, 0, 1, 0, 0], [0, 0, 1, 0, 0, 0, 0, 0, 0, 0], [0, 0, 0, 0, 0, 0, 0, 0, 0, 1]]","['Endothelial', 'Fibroblast', 'Glandular', 'Immune_cell', 'Keratinocyte', 'Lymphatic_endothelial', 'Melanocytes', 'Neural_cell', 'Unknown', 'muscle_fiber']",
cell_type,grouped_seed1_fold4,shared_genes_plus_modules,hist_gradient_boosting,24,9,"{'muscle_fiber': 3, 'Endothelial': 3, 'Lymphatic_endothelial': 3, 'Fibroblast': 3, 'Glandular': 3, 'Keratinocyte': 3, 'Immune_cell': 3, 'Unknown': 1, 'Neural_cell': 1, 'Melanocytes': 1}","{'Endothelial': 1, 'Fibroblast': 1, 'Keratinocyte': 1, 'Unknown': 1, 'muscle_fiber': 1, 'Lymphatic_endothelial': 1, 'Immune_cell': 1, 'Glandular': 1, 'Neural_cell': 1}",0.1111111111111111,0.022222222222222223,0.1111111111111111,0.022222222222222223,,"[[1, 0, 0, 0, 0, 0, 0, 0, 0, 0], [1, 0, 0, 0, 0, 0, 0, 0, 0, 0], [1, 0, 0, 0, 0, 0, 0, 0, 0, 0], [1, 0, 0, 0, 0, 0, 0, 0, 0, 0], [1, 0, 0, 0, 0, 0, 0, 0, 0, 0], [1, 0, 0, 0, 0, 0, 0, 0, 0, 0], [0, 0, 0, 0, 0, 0, 0, 0, 0, 0], [1, 0, 0, 0, 0, 0, 0, 0, 0, 0], [1, 0, 0, 0, 0, 0, 0, 0, 0, 0], [1, 0, 0, 0, 0, 0, 0, 0, 0, 0]]","['Endothelial', 'Fibroblast', 'Glandular', 'Immune_cell', 'Keratinocyte', 'Lymphatic_endothelial', 'Melanocytes', 'Neural_cell', 'Unknown', 'muscle_fiber']",
cell_type,grouped_seed1_fold4,shared_genes_plus_modules,knn,24,9,"{'muscle_fiber': 3, 'Endothelial': 3, 'Lymphatic_endothelial': 3, 'Fibroblast': 3, 'Glandular': 3, 'Keratinocyte': 3, 'Immune_cell': 3, 'Unknown': 1, 'Neural_cell': 1, 'Melanocytes': 1}","{'Endothelial': 1, 'Fibroblast': 1, 'Keratinocyte': 1, 'Unknown': 1, 'muscle_fiber': 1, 'Lymphatic_endothelial': 1, 'Immune_cell': 1, 'Glandular': 1, 'Neural_cell': 1}",0.6666666666666666,0.5555555555555556,0.6666666666666666,0.5555555555555556,,"[[1, 0, 0, 0, 0, 0, 0, 0, 0, 0], [0, 1, 0, 0, 0, 0, 0, 0, 0, 0], [0, 0, 0, 0, 1, 0, 0, 0, 0, 0], [0, 0, 0, 1, 0, 0, 0, 0, 0, 0], [0, 0, 0, 0, 1, 0, 0, 0, 0, 0], [0, 0, 0, 0, 0, 1, 0, 0, 0, 0], [0, 0, 0, 0, 0, 0, 0, 0, 0, 0], [0, 1, 0, 0, 0, 0, 0, 0, 0, 0], [1, 0, 0, 0, 0, 0, 0, 0, 0, 0], [0, 0, 0, 0, 0, 0, 0, 0, 0, 1]]","['Endothelial', 'Fibroblast', 'Glandular', 'Immune_cell', 'Keratinocyte', 'Lymphatic_endothelial', 'Melanocytes', 'Neural_cell', 'Unknown', 'muscle_fiber']",
cell_type,grouped_seed1_fold4,shared_genes_plus_modules,small_mlp,24,9,"{'muscle_fiber': 3, 'Endothelial': 3, 'Lymphatic_endothelial': 3, 'Fibroblast': 3, 'Glandular': 3, 'Keratinocyte': 3, 'Immune_cell': 3, 'Unknown': 1, 'Neural_cell': 1, 'Melanocytes': 1}","{'Endothelial': 1, 'Fibroblast': 1, 'Keratinocyte': 1, 'Unknown': 1, 'muscle_fiber': 1, 'Lymphatic_endothelial': 1, 'Immune_cell': 1, 'Glandular': 1, 'Neural_cell': 1}",0.6666666666666666,0.5555555555555556,0.6666666666666666,0.5555555555555556,,"[[1, 0, 0, 0, 0, 0, 0, 0, 0, 0], [0, 1, 0, 0, 0, 0, 0, 0, 0, 0], [0, 0, 0, 1, 0, 0, 0, 0, 0, 0], [0, 0, 0, 1, 0, 0, 0, 0, 0, 0], [0, 0, 0, 0, 1, 0, 0, 0, 0, 0], [0, 0, 0, 0, 0, 1, 0, 0, 0, 0], [0, 0, 0, 0, 0, 0, 0, 0, 0, 0], [0, 0, 0, 0, 0, 0, 0, 0, 0, 1], [0, 0, 0, 0, 0, 1, 0, 0, 0, 0], [0, 0, 0, 0, 0, 0, 0, 0, 0, 1]]","['Endothelial', 'Fibroblast', 'Glandular', 'Immune_cell', 'Keratinocyte', 'Lymphatic_endothelial', 'Melanocytes', 'Neural_cell', 'Unknown', 'muscle_fiber']",
cell_type,grouped_seed1_fold4,shared_genes,majority,24,9,"{'muscle_fiber': 3, 'Endothelial': 3, 'Lymphatic_endothelial': 3, 'Fibroblast': 3, 'Glandular': 3, 'Keratinocyte': 3, 'Immune_cell': 3, 'Unknown': 1, 'Neural_cell': 1, 'Melanocytes': 1}","{'Endothelial': 1, 'Fibroblast': 1, 'Keratinocyte': 1, 'Unknown': 1, 'muscle_fiber': 1, 'Lymphatic_endothelial': 1, 'Immune_cell': 1, 'Glandular': 1, 'Neural_cell': 1}",0.1111111111111111,0.022222222222222223,0.1111111111111111,0.022222222222222223,,"[[1, 0, 0, 0, 0, 0, 0, 0, 0, 0], [1, 0, 0, 0, 0, 0, 0, 0, 0, 0], [1, 0, 0, 0, 0, 0, 0, 0, 0, 0], [1, 0, 0, 0, 0, 0, 0, 0, 0, 0], [1, 0, 0, 0, 0, 0, 0, 0, 0, 0], [1, 0, 0, 0, 0, 0, 0, 0, 0, 0], [0, 0, 0, 0, 0, 0, 0, 0, 0, 0], [1, 0, 0, 0, 0, 0, 0, 0, 0, 0], [1, 0, 0, 0, 0, 0, 0, 0, 0, 0], [1, 0, 0, 0, 0, 0, 0, 0, 0, 0]]","['Endothelial', 'Fibroblast', 'Glandular', 'Immune_cell', 'Keratinocyte', 'Lymphatic_endothelial', 'Melanocytes', 'Neural_cell', 'Unknown', 'muscle_fiber']",
cell_type,grouped_seed1_fold4,shared_genes,stratified_random,24,9,"{'muscle_fiber': 3, 'Endothelial': 3, 'Lymphatic_endothelial': 3, 'Fibroblast': 3, 'Glandular': 3, 'Keratinocyte': 3, 'Immune_cell': 3, 'Unknown': 1, 'Neural_cell': 1, 'Melanocytes': 1}","{'Endothelial': 1, 'Fibroblast': 1, 'Keratinocyte': 1, 'Unknown': 1, 'muscle_fiber': 1, 'Lymphatic_endothelial': 1, 'Immune_cell': 1, 'Glandular': 1, 'Neural_cell': 1}",0.0,0.0,0.0,0.0,,"[[0, 0, 0, 1, 0, 0, 0, 0, 0, 0], [1, 0, 0, 0, 0, 0, 0, 0, 0, 0], [0, 0, 0, 0, 0, 1, 0, 0, 0, 0], [0, 0, 0, 0, 0, 0, 0, 1, 0, 0], [0, 0, 0, 0, 0, 0, 0, 0, 1, 0], [0, 0, 0, 1, 0, 0, 0, 0, 0, 0], [0, 0, 0, 0, 0, 0, 0, 0, 0, 0], [1, 0, 0, 0, 0, 0, 0, 0, 0, 0], [0, 0, 0, 0, 0, 0, 1, 0, 0, 0], [0, 0, 1, 0, 0, 0, 0, 0, 0, 0]]","['Endothelial', 'Fibroblast', 'Glandular', 'Immune_cell', 'Keratinocyte', 'Lymphatic_endothelial', 'Melanocytes', 'Neural_cell', 'Unknown', 'muscle_fiber']",
cell_type,grouped_seed1_fold4,shared_genes,elastic_net_logreg,24,9,"{'muscle_fiber': 3, 'Endothelial': 3, 'Lymphatic_endothelial': 3, 'Fibroblast': 3, 'Glandular': 3, 'Keratinocyte': 3, 'Immune_cell': 3, 'Unknown': 1, 'Neural_cell': 1, 'Melanocytes': 1}","{'Endothelial': 1, 'Fibroblast': 1, 'Keratinocyte': 1, 'Unknown': 1, 'muscle_fiber': 1, 'Lymphatic_endothelial': 1, 'Immune_cell': 1, 'Glandular': 1, 'Neural_cell': 1}",1.0,1.0,1.0,1.0,,"[[1, 0, 0, 0, 0, 0, 0, 0, 0, 0], [0, 1, 0, 0, 0, 0, 0, 0, 0, 0], [0, 0, 1, 0, 0, 0, 0, 0, 0, 0], [0, 0, 0, 1, 0, 0, 0, 0, 0, 0], [0, 0, 0, 0, 1, 0, 0, 0, 0, 0], [0, 0, 0, 0, 0, 1, 0, 0, 0, 0], [0, 0, 0, 0, 0, 0, 0, 0, 0, 0], [0, 0, 0, 0, 0, 0, 0, 1, 0, 0], [0, 0, 0, 0, 0, 0, 0, 0, 1, 0], [0, 0, 0, 0, 0, 0, 0, 0, 0, 1]]","['Endothelial', 'Fibroblast', 'Glandular', 'Immune_cell', 'Keratinocyte', 'Lymphatic_endothelial', 'Melanocytes', 'Neural_cell', 'Unknown', 'muscle_fiber']",
cell_type,grouped_seed1_fold4,shared_genes,linear_svm,24,9,"{'muscle_fiber': 3, 'Endothelial': 3, 'Lymphatic_endothelial': 3, 'Fibroblast': 3, 'Glandular': 3, 'Keratinocyte': 3, 'Immune_cell': 3, 'Unknown': 1, 'Neural_cell': 1, 'Melanocytes': 1}","{'Endothelial': 1, 'Fibroblast': 1, 'Keratinocyte': 1, 'Unknown': 1, 'muscle_fiber': 1, 'Lymphatic_endothelial': 1, 'Immune_cell': 1, 'Glandular': 1, 'Neural_cell': 1}",1.0,1.0,1.0,1.0,,"[[1, 0, 0, 0, 0, 0, 0, 0, 0, 0], [0, 1, 0, 0, 0, 0, 0, 0, 0, 0], [0, 0, 1, 0, 0, 0, 0, 0, 0, 0], [0, 0, 0, 1, 0, 0, 0, 0, 0, 0], [0, 0, 0, 0, 1, 0, 0, 0, 0, 0], [0, 0, 0, 0, 0, 1, 0, 0, 0, 0], [0, 0, 0, 0, 0, 0, 0, 0, 0, 0], [0, 0, 0, 0, 0, 0, 0, 1, 0, 0], [0, 0, 0, 0, 0, 0, 0, 0, 1, 0], [0, 0, 0, 0, 0, 0, 0, 0, 0, 1]]","['Endothelial', 'Fibroblast', 'Glandular', 'Immune_cell', 'Keratinocyte', 'Lymphatic_endothelial', 'Melanocytes', 'Neural_cell', 'Unknown', 'muscle_fiber']",
cell_type,grouped_seed1_fold4,shared_genes,random_forest,24,9,"{'muscle_fiber': 3, 'Endothelial': 3, 'Lymphatic_endothelial': 3, 'Fibroblast': 3, 'Glandular': 3, 'Keratinocyte': 3, 'Immune_cell': 3, 'Unknown': 1, 'Neural_cell': 1, 'Melanocytes': 1}","{'Endothelial': 1, 'Fibroblast': 1, 'Keratinocyte': 1, 'Unknown': 1, 'muscle_fiber': 1, 'Lymphatic_endothelial': 1, 'Immune_cell': 1, 'Glandular': 1, 'Neural_cell': 1}",1.0,1.0,1.0,1.0,,"[[1, 0, 0, 0, 0, 0, 0, 0, 0, 0], [0, 1, 0, 0, 0, 0, 0, 0, 0, 0], [0, 0, 1, 0, 0, 0, 0, 0, 0, 0], [0, 0, 0, 1, 0, 0, 0, 0, 0, 0], [0, 0, 0, 0, 1, 0, 0, 0, 0, 0], [0, 0, 0, 0, 0, 1, 0, 0, 0, 0], [0, 0, 0, 0, 0, 0, 0, 0, 0, 0], [0, 0, 0, 0, 0, 0, 0, 1, 0, 0], [0, 0, 0, 0, 0, 0, 0, 0, 1, 0], [0, 0, 0, 0, 0, 0, 0, 0, 0, 1]]","['Endothelial', 'Fibroblast', 'Glandular', 'Immune_cell', 'Keratinocyte', 'Lymphatic_endothelial', 'Melanocytes', 'Neural_cell', 'Unknown', 'muscle_fiber']",
cell_type,grouped_seed1_fold4,shared_genes,hist_gradient_boosting,24,9,"{'muscle_fiber': 3, 'Endothelial': 3, 'Lymphatic_endothelial': 3, 'Fibroblast': 3, 'Glandular': 3, 'Keratinocyte': 3, 'Immune_cell': 3, 'Unknown': 1, 'Neural_cell': 1, 'Melanocytes': 1}","{'Endothelial': 1, 'Fibroblast': 1, 'Keratinocyte': 1, 'Unknown': 1, 'muscle_fiber': 1, 'Lymphatic_endothelial': 1, 'Immune_cell': 1, 'Glandular': 1, 'Neural_cell': 1}",0.1111111111111111,0.022222222222222223,0.1111111111111111,0.022222222222222223,,"[[1, 0, 0, 0, 0, 0, 0, 0, 0, 0], [1, 0, 0, 0, 0, 0, 0, 0, 0, 0], [1, 0, 0, 0, 0, 0, 0, 0, 0, 0], [1, 0, 0, 0, 0, 0, 0, 0, 0, 0], [1, 0, 0, 0, 0, 0, 0, 0, 0, 0], [1, 0, 0, 0, 0, 0, 0, 0, 0, 0], [0, 0, 0, 0, 0, 0, 0, 0, 0, 0], [1, 0, 0, 0, 0, 0, 0, 0, 0, 0], [1, 0, 0, 0, 0, 0, 0, 0, 0, 0], [1, 0, 0, 0, 0, 0, 0, 0, 0, 0]]","['Endothelial', 'Fibroblast', 'Glandular', 'Immune_cell', 'Keratinocyte', 'Lymphatic_endothelial', 'Melanocytes', 'Neural_cell', 'Unknown', 'muscle_fiber']",
cell_type,grouped_seed1_fold4,shared_genes,knn,24,9,"{'muscle_fiber': 3, 'Endothelial': 3, 'Lymphatic_endothelial': 3, 'Fibroblast': 3, 'Glandular': 3, 'Keratinocyte': 3, 'Immune_cell': 3, 'Unknown': 1, 'Neural_cell': 1, 'Melanocytes': 1}","{'Endothelial': 1, 'Fibroblast': 1, 'Keratinocyte': 1, 'Unknown': 1, 'muscle_fiber': 1, 'Lymphatic_endothelial': 1, 'Immune_cell': 1, 'Glandular': 1, 'Neural_cell': 1}",0.6666666666666666,0.5555555555555556,0.6666666666666666,0.5555555555555556,,"[[1, 0, 0, 0, 0, 0, 0, 0, 0, 0], [0, 1, 0, 0, 0, 0, 0, 0, 0, 0], [0, 0, 0, 0, 1, 0, 0, 0, 0, 0], [0, 0, 0, 1, 0, 0, 0, 0, 0, 0], [0, 0, 0, 0, 1, 0, 0, 0, 0, 0], [0, 0, 0, 0, 0, 1, 0, 0, 0, 0], [0, 0, 0, 0, 0, 0, 0, 0, 0, 0], [0, 1, 0, 0, 0, 0, 0, 0, 0, 0], [1, 0, 0, 0, 0, 0, 0, 0, 0, 0], [0, 0, 0, 0, 0, 0, 0, 0, 0, 1]]","['Endothelial', 'Fibroblast', 'Glandular', 'Immune_cell', 'Keratinocyte', 'Lymphatic_endothelial', 'Melanocytes', 'Neural_cell', 'Unknown', 'muscle_fiber']",
cell_type,grouped_seed1_fold4,modules_only,majority,24,9,"{'muscle_fiber': 3, 'Endothelial': 3, 'Lymphatic_endothelial': 3, 'Fibroblast': 3, 'Glandular': 3, 'Keratinocyte': 3, 'Immune_cell': 3, 'Unknown': 1, 'Neural_cell': 1, 'Melanocytes': 1}","{'Endothelial': 1, 'Fibroblast': 1, 'Keratinocyte': 1, 'Unknown': 1, 'muscle_fiber': 1, 'Lymphatic_endothelial': 1, 'Immune_cell': 1, 'Glandular': 1, 'Neural_cell': 1}",0.1111111111111111,0.022222222222222223,0.1111111111111111,0.022222222222222223,,"[[1, 0, 0, 0, 0, 0, 0, 0, 0, 0], [1, 0, 0, 0, 0, 0, 0, 0, 0, 0], [1, 0, 0, 0, 0, 0, 0, 0, 0, 0], [1, 0, 0, 0, 0, 0, 0, 0, 0, 0], [1, 0, 0, 0, 0, 0, 0, 0, 0, 0], [1, 0, 0, 0, 0, 0, 0, 0, 0, 0], [0, 0, 0, 0, 0, 0, 0, 0, 0, 0], [1, 0, 0, 0, 0, 0, 0, 0, 0, 0], [1, 0, 0, 0, 0, 0, 0, 0, 0, 0], [1, 0, 0, 0, 0, 0, 0, 0, 0, 0]]","['Endothelial', 'Fibroblast', 'Glandular', 'Immune_cell', 'Keratinocyte', 'Lymphatic_endothelial', 'Melanocytes', 'Neural_cell', 'Unknown', 'muscle_fiber']",
cell_type,grouped_seed1_fold4,modules_only,stratified_random,24,9,"{'muscle_fiber': 3, 'Endothelial': 3, 'Lymphatic_endothelial': 3, 'Fibroblast': 3, 'Glandular': 3, 'Keratinocyte': 3, 'Immune_cell': 3, 'Unknown': 1, 'Neural_cell': 1, 'Melanocytes': 1}","{'Endothelial': 1, 'Fibroblast': 1, 'Keratinocyte': 1, 'Unknown': 1, 'muscle_fiber': 1, 'Lymphatic_endothelial': 1, 'Immune_cell': 1, 'Glandular': 1, 'Neural_cell': 1}",0.0,0.0,0.0,0.0,,"[[0, 0, 0, 1, 0, 0, 0, 0, 0, 0], [1, 0, 0, 0, 0, 0, 0, 0, 0, 0], [0, 0, 0, 0, 0, 1, 0, 0, 0, 0], [0, 0, 0, 0, 0, 0, 0, 1, 0, 0], [0, 0, 0, 0, 0, 0, 0, 0, 1, 0], [0, 0, 0, 1, 0, 0, 0, 0, 0, 0], [0, 0, 0, 0, 0, 0, 0, 0, 0, 0], [1, 0, 0, 0, 0, 0, 0, 0, 0, 0], [0, 0, 0, 0, 0, 0, 1, 0, 0, 0], [0, 0, 1, 0, 0, 0, 0, 0, 0, 0]]","['Endothelial', 'Fibroblast', 'Glandular', 'Immune_cell', 'Keratinocyte', 'Lymphatic_endothelial', 'Melanocytes', 'Neural_cell', 'Unknown', 'muscle_fiber']",
cell_type,grouped_seed1_fold4,modules_only,elastic_net_logreg,24,9,"{'muscle_fiber': 3, 'Endothelial': 3, 'Lymphatic_endothelial': 3, 'Fibroblast': 3, 'Glandular': 3, 'Keratinocyte': 3, 'Immune_cell': 3, 'Unknown': 1, 'Neural_cell': 1, 'Melanocytes': 1}","{'Endothelial': 1, 'Fibroblast': 1, 'Keratinocyte': 1, 'Unknown': 1, 'muscle_fiber': 1, 'Lymphatic_endothelial': 1, 'Immune_cell': 1, 'Glandular': 1, 'Neural_cell': 1}",0.6666666666666666,0.5925925925925926,0.6666666666666666,0.5333333333333333,,"[[1, 0, 0, 0, 0, 0, 0, 0, 0, 0], [0, 1, 0, 0, 0, 0, 0, 0, 0, 0], [0, 0, 0, 0, 0, 0, 1, 0, 0, 0], [0, 0, 0, 0, 0, 0, 0, 0, 1, 0], [0, 0, 0, 0, 1, 0, 0, 0, 0, 0], [0, 0, 0, 0, 0, 1, 0, 0, 0, 0], [0, 0, 0, 0, 0, 0, 0, 0, 0, 0], [0, 1, 0, 0, 0, 0, 0, 0, 0, 0], [0, 0, 0, 0, 0, 0, 0, 0, 1, 0], [0, 0, 0, 0, 0, 0, 0, 0, 0, 1]]","['Endothelial', 'Fibroblast', 'Glandular', 'Immune_cell', 'Keratinocyte', 'Lymphatic_endothelial', 'Melanocytes', 'Neural_cell', 'Unknown', 'muscle_fiber']",
cell_type,grouped_seed1_fold4,modules_only,linear_svm,24,9,"{'muscle_fiber': 3, 'Endothelial': 3, 'Lymphatic_endothelial': 3, 'Fibroblast': 3, 'Glandular': 3, 'Keratinocyte': 3, 'Immune_cell': 3, 'Unknown': 1, 'Neural_cell': 1, 'Melanocytes': 1}","{'Endothelial': 1, 'Fibroblast': 1, 'Keratinocyte': 1, 'Unknown': 1, 'muscle_fiber': 1, 'Lymphatic_endothelial': 1, 'Immune_cell': 1, 'Glandular': 1, 'Neural_cell': 1}",0.5555555555555556,0.5185185185185185,0.5555555555555556,0.4666666666666666,,"[[1, 0, 0, 0, 0, 0, 0, 0, 0, 0], [0, 1, 0, 0, 0, 0, 0, 0, 0, 0], [0, 0, 0, 0, 0, 0, 1, 0, 0, 0], [0, 0, 0, 0, 0, 0, 1, 0, 0, 0], [0, 0, 0, 0, 1, 0, 0, 0, 0, 0], [0, 0, 0, 0, 0, 1, 0, 0, 0, 0], [0, 0, 0, 0, 0, 0, 0, 0, 0, 0], [0, 1, 0, 0, 0, 0, 0, 0, 0, 0], [0, 0, 1, 0, 0, 0, 0, 0, 0, 0], [0, 0, 0, 0, 0, 0, 0, 0, 0, 1]]","['Endothelial', 'Fibroblast', 'Glandular', 'Immune_cell', 'Keratinocyte', 'Lymphatic_endothelial', 'Melanocytes', 'Neural_cell', 'Unknown', 'muscle_fiber']",
cell_type,grouped_seed1_fold4,modules_only,random_forest,24,9,"{'muscle_fiber': 3, 'Endothelial': 3, 'Lymphatic_endothelial': 3, 'Fibroblast': 3, 'Glandular': 3, 'Keratinocyte': 3, 'Immune_cell': 3, 'Unknown': 1, 'Neural_cell': 1, 'Melanocytes': 1}","{'Endothelial': 1, 'Fibroblast': 1, 'Keratinocyte': 1, 'Unknown': 1, 'muscle_fiber': 1, 'Lymphatic_endothelial': 1, 'Immune_cell': 1, 'Glandular': 1, 'Neural_cell': 1}",0.5555555555555556,0.4629629629629629,0.5555555555555556,0.4629629629629629,,"[[1, 0, 0, 0, 0, 0, 0, 0, 0, 0], [0, 1, 0, 0, 0, 0, 0, 0, 0, 0], [0, 0, 1, 0, 0, 0, 0, 0, 0, 0], [0, 0, 0, 0, 0, 1, 0, 0, 0, 0], [0, 0, 0, 0, 1, 0, 0, 0, 0, 0], [0, 0, 1, 0, 0, 0, 0, 0, 0, 0], [0, 0, 0, 0, 0, 0, 0, 0, 0, 0], [0, 1, 0, 0, 0, 0, 0, 0, 0, 0], [0, 0, 1, 0, 0, 0, 0, 0, 0, 0], [0, 0, 0, 0, 0, 0, 0, 0, 0, 1]]","['Endothelial', 'Fibroblast', 'Glandular', 'Immune_cell', 'Keratinocyte', 'Lymphatic_endothelial', 'Melanocytes', 'Neural_cell', 'Unknown', 'muscle_fiber']",
cell_type,grouped_seed1_fold4,modules_only,hist_gradient_boosting,24,9,"{'muscle_fiber': 3, 'Endothelial': 3, 'Lymphatic_endothelial': 3, 'Fibroblast': 3, 'Glandular': 3, 'Keratinocyte': 3, 'Immune_cell': 3, 'Unknown': 1, 'Neural_cell': 1, 'Melanocytes': 1}","{'Endothelial': 1, 'Fibroblast': 1, 'Keratinocyte': 1, 'Unknown': 1, 'muscle_fiber': 1, 'Lymphatic_endothelial': 1, 'Immune_cell': 1, 'Glandular': 1, 'Neural_cell': 1}",0.1111111111111111,0.022222222222222223,0.1111111111111111,0.022222222222222223,,"[[1, 0, 0, 0, 0, 0, 0, 0, 0, 0], [1, 0, 0, 0, 0, 0, 0, 0, 0, 0], [1, 0, 0, 0, 0, 0, 0, 0, 0, 0], [1, 0, 0, 0, 0, 0, 0, 0, 0, 0], [1, 0, 0, 0, 0, 0, 0, 0, 0, 0], [1, 0, 0, 0, 0, 0, 0, 0, 0, 0], [0, 0, 0, 0, 0, 0, 0, 0, 0, 0], [1, 0, 0, 0, 0, 0, 0, 0, 0, 0], [1, 0, 0, 0, 0, 0, 0, 0, 0, 0], [1, 0, 0, 0, 0, 0, 0, 0, 0, 0]]","['Endothelial', 'Fibroblast', 'Glandular', 'Immune_cell', 'Keratinocyte', 'Lymphatic_endothelial', 'Melanocytes', 'Neural_cell', 'Unknown', 'muscle_fiber']",
cell_type,grouped_seed1_fold4,modules_only,knn,24,9,"{'muscle_fiber': 3, 'Endothelial': 3, 'Lymphatic_endothelial': 3, 'Fibroblast': 3, 'Glandular': 3, 'Keratinocyte': 3, 'Immune_cell': 3, 'Unknown': 1, 'Neural_cell': 1, 'Melanocytes': 1}","{'Endothelial': 1, 'Fibroblast': 1, 'Keratinocyte': 1, 'Unknown': 1, 'muscle_fiber': 1, 'Lymphatic_endothelial': 1, 'Immune_cell': 1, 'Glandular': 1, 'Neural_cell': 1}",0.5555555555555556,0.45185185185185184,0.5555555555555556,0.45185185185185184,,"[[1, 0, 0, 0, 0, 0, 0, 0, 0, 0], [0, 1, 0, 0, 0, 0, 0, 0, 0, 0], [0, 0, 0, 0, 1, 0, 0, 0, 0, 0], [0, 1, 0, 0, 0, 0, 0, 0, 0, 0], [0, 0, 0, 0, 1, 0, 0, 0, 0, 0], [0, 0, 0, 0, 0, 1, 0, 0, 0, 0], [0, 0, 0, 0, 0, 0, 0, 0, 0, 0], [0, 1, 0, 0, 0, 0, 0, 0, 0, 0], [0, 1, 0, 0, 0, 0, 0, 0, 0, 0], [0, 0, 0, 0, 0, 0, 0, 0, 0, 1]]","['Endothelial', 'Fibroblast', 'Glandular', 'Immune_cell', 'Keratinocyte', 'Lymphatic_endothelial', 'Melanocytes', 'Neural_cell', 'Unknown', 'muscle_fiber']",
cell_type,grouped_seed1_fold4,modules_only,small_mlp,24,9,"{'muscle_fiber': 3, 'Endothelial': 3, 'Lymphatic_endothelial': 3, 'Fibroblast': 3, 'Glandular': 3, 'Keratinocyte': 3, 'Immune_cell': 3, 'Unknown': 1, 'Neural_cell': 1, 'Melanocytes': 1}","{'Endothelial': 1, 'Fibroblast': 1, 'Keratinocyte': 1, 'Unknown': 1, 'muscle_fiber': 1, 'Lymphatic_endothelial': 1, 'Immune_cell': 1, 'Glandular': 1, 'Neural_cell': 1}",0.0,0.0,0.0,0.0,,"[[0, 0, 0, 0, 0, 0, 1, 0, 0, 0], [0, 0, 0, 0, 0, 0, 1, 0, 0, 0], [0, 0, 0, 0, 0, 0, 0, 1, 0, 0], [0, 0, 0, 0, 0, 0, 1, 0, 0, 0], [0, 0, 0, 0, 0, 0, 0, 1, 0, 0], [0, 0, 0, 0, 0, 0, 1, 0, 0, 0], [0, 0, 0, 0, 0, 0, 0, 0, 0, 0], [0, 0, 0, 0, 0, 0, 1, 0, 0, 0], [0, 0, 0, 0, 0, 0, 1, 0, 0, 0], [0, 0, 0, 0, 0, 1, 0, 0, 0, 0]]","['Endothelial', 'Fibroblast', 'Glandular', 'Immune_cell', 'Keratinocyte', 'Lymphatic_endothelial', 'Melanocytes', 'Neural_cell', 'Unknown', 'muscle_fiber']",
cell_type,grouped_seed2_fold0,shared_genes_plus_modules,majority,22,7,"{'Lymphatic_endothelial': 3, 'Endothelial': 3, 'Fibroblast': 3, 'muscle_fiber': 3, 'Keratinocyte': 3, 'Immune_cell': 3, 'Glandular': 2, 'Melanocytes': 2}","{'Fibroblast': 1, 'Endothelial': 1, 'muscle_fiber': 1, 'Keratinocyte': 1, 'Immune_cell': 1, 'Neural_cell': 1, 'Lymphatic_endothelial': 1}",0.14285714285714285,0.03571428571428571,0.14285714285714285,0.03571428571428571,,"[[1, 0, 0, 0, 0, 0, 0, 0, 0], [1, 0, 0, 0, 0, 0, 0, 0, 0], [0, 0, 0, 0, 0, 0, 0, 0, 0], [1, 0, 0, 0, 0, 0, 0, 0, 0], [1, 0, 0, 0, 0, 0, 0, 0, 0], [1, 0, 0, 0, 0, 0, 0, 0, 0], [0, 0, 0, 0, 0, 0, 0, 0, 0], [1, 0, 0, 0, 0, 0, 0, 0, 0], [1, 0, 0, 0, 0, 0, 0, 0, 0]]","['Endothelial', 'Fibroblast', 'Glandular', 'Immune_cell', 'Keratinocyte', 'Lymphatic_endothelial', 'Melanocytes', 'Neural_cell', 'muscle_fiber']",
cell_type,grouped_seed2_fold0,shared_genes_plus_modules,stratified_random,22,7,"{'Lymphatic_endothelial': 3, 'Endothelial': 3, 'Fibroblast': 3, 'muscle_fiber': 3, 'Keratinocyte': 3, 'Immune_cell': 3, 'Glandular': 2, 'Melanocytes': 2}","{'Fibroblast': 1, 'Endothelial': 1, 'muscle_fiber': 1, 'Keratinocyte': 1, 'Immune_cell': 1, 'Neural_cell': 1, 'Lymphatic_endothelial': 1}",0.2857142857142857,0.2857142857142857,0.2857142857142857,0.2222222222222222,,"[[1, 0, 0, 0, 0, 0, 0, 0, 0], [0, 0, 0, 1, 0, 0, 0, 0, 0], [0, 0, 0, 0, 0, 0, 0, 0, 0], [0, 0, 0, 0, 0, 0, 1, 0, 0], [0, 1, 0, 0, 0, 0, 0, 0, 0], [0, 0, 0, 1, 0, 0, 0, 0, 0], [0, 0, 0, 0, 0, 0, 0, 0, 0], [0, 0, 1, 0, 0, 0, 0, 0, 0], [0, 0, 0, 0, 0, 0, 0, 0, 1]]","['Endothelial', 'Fibroblast', 'Glandular', 'Immune_cell', 'Keratinocyte', 'Lymphatic_endothelial', 'Melanocytes', 'Neural_cell', 'muscle_fiber']",
cell_type,grouped_seed2_fold0,shared_genes_plus_modules,elastic_net_logreg,22,7,"{'Lymphatic_endothelial': 3, 'Endothelial': 3, 'Fibroblast': 3, 'muscle_fiber': 3, 'Keratinocyte': 3, 'Immune_cell': 3, 'Glandular': 2, 'Melanocytes': 2}","{'Fibroblast': 1, 'Endothelial': 1, 'muscle_fiber': 1, 'Keratinocyte': 1, 'Immune_cell': 1, 'Neural_cell': 1, 'Lymphatic_endothelial': 1}",0.8571428571428571,0.8571428571428571,0.8571428571428571,0.75,,"[[1, 0, 0, 0, 0, 0, 0, 0, 0], [0, 1, 0, 0, 0, 0, 0, 0, 0], [0, 0, 0, 0, 0, 0, 0, 0, 0], [0, 0, 0, 1, 0, 0, 0, 0, 0], [0, 0, 0, 0, 1, 0, 0, 0, 0], [0, 0, 0, 0, 0, 1, 0, 0, 0], [0, 0, 0, 0, 0, 0, 0, 0, 0], [0, 0, 0, 0, 0, 0, 1, 0, 0], [0, 0, 0, 0, 0, 0, 0, 0, 1]]","['Endothelial', 'Fibroblast', 'Glandular', 'Immune_cell', 'Keratinocyte', 'Lymphatic_endothelial', 'Melanocytes', 'Neural_cell', 'muscle_fiber']",
cell_type,grouped_seed2_fold0,shared_genes_plus_modules,linear_svm,22,7,"{'Lymphatic_endothelial': 3, 'Endothelial': 3, 'Fibroblast': 3, 'muscle_fiber': 3, 'Keratinocyte': 3, 'Immune_cell': 3, 'Glandular': 2, 'Melanocytes': 2}","{'Fibroblast': 1, 'Endothelial': 1, 'muscle_fiber': 1, 'Keratinocyte': 1, 'Immune_cell': 1, 'Neural_cell': 1, 'Lymphatic_endothelial': 1}",0.8571428571428571,0.8095238095238094,0.8571428571428571,0.8095238095238094,,"[[1, 0, 0, 0, 0, 0, 0, 0, 0], [0, 1, 0, 0, 0, 0, 0, 0, 0], [0, 0, 0, 0, 0, 0, 0, 0, 0], [0, 0, 0, 1, 0, 0, 0, 0, 0], [0, 0, 0, 0, 1, 0, 0, 0, 0], [0, 0, 0, 0, 0, 1, 0, 0, 0], [0, 0, 0, 0, 0, 0, 0, 0, 0], [0, 1, 0, 0, 0, 0, 0, 0, 0], [0, 0, 0, 0, 0, 0, 0, 0, 1]]","['Endothelial', 'Fibroblast', 'Glandular', 'Immune_cell', 'Keratinocyte', 'Lymphatic_endothelial', 'Melanocytes', 'Neural_cell', 'muscle_fiber']",
cell_type,grouped_seed2_fold0,shared_genes_plus_modules,random_forest,22,7,"{'Lymphatic_endothelial': 3, 'Endothelial': 3, 'Fibroblast': 3, 'muscle_fiber': 3, 'Keratinocyte': 3, 'Immune_cell': 3, 'Glandular': 2, 'Melanocytes': 2}","{'Fibroblast': 1, 'Endothelial': 1, 'muscle_fiber': 1, 'Keratinocyte': 1, 'Immune_cell': 1, 'Neural_cell': 1, 'Lymphatic_endothelial': 1}",0.8571428571428571,0.8095238095238095,0.8571428571428571,0.8095238095238095,,"[[1, 0, 0, 0, 0, 0, 0, 0, 0], [0, 1, 0, 0, 0, 0, 0, 0, 0], [0, 0, 0, 0, 0, 0, 0, 0, 0], [0, 0, 0, 1, 0, 0, 0, 0, 0], [0, 0, 0, 0, 1, 0, 0, 0, 0], [0, 0, 0, 0, 0, 1, 0, 0, 0], [0, 0, 0, 0, 0, 0, 0, 0, 0], [0, 0, 0, 0, 0, 0, 0, 0, 1], [0, 0, 0, 0, 0, 0, 0, 0, 1]]","['Endothelial', 'Fibroblast', 'Glandular', 'Immune_cell', 'Keratinocyte', 'Lymphatic_endothelial', 'Melanocytes', 'Neural_cell', 'muscle_fiber']",
cell_type,grouped_seed2_fold0,shared_genes_plus_modules,hist_gradient_boosting,22,7,"{'Lymphatic_endothelial': 3, 'Endothelial': 3, 'Fibroblast': 3, 'muscle_fiber': 3, 'Keratinocyte': 3, 'Immune_cell': 3, 'Glandular': 2, 'Melanocytes': 2}","{'Fibroblast': 1, 'Endothelial': 1, 'muscle_fiber': 1, 'Keratinocyte': 1, 'Immune_cell': 1, 'Neural_cell': 1, 'Lymphatic_endothelial': 1}",0.14285714285714285,0.03571428571428571,0.14285714285714285,0.03571428571428571,,"[[1, 0, 0, 0, 0, 0, 0, 0, 0], [1, 0, 0, 0, 0, 0, 0, 0, 0], [0, 0, 0, 0, 0, 0, 0, 0, 0], [1, 0, 0, 0, 0, 0, 0, 0, 0], [1, 0, 0, 0, 0, 0, 0, 0, 0], [1, 0, 0, 0, 0, 0, 0, 0, 0], [0, 0, 0, 0, 0, 0, 0, 0, 0], [1, 0, 0, 0, 0, 0, 0, 0, 0], [1, 0, 0, 0, 0, 0, 0, 0, 0]]","['Endothelial', 'Fibroblast', 'Glandular', 'Immune_cell', 'Keratinocyte', 'Lymphatic_endothelial', 'Melanocytes', 'Neural_cell', 'muscle_fiber']",
cell_type,grouped_seed2_fold0,shared_genes_plus_modules,knn,22,7,"{'Lymphatic_endothelial': 3, 'Endothelial': 3, 'Fibroblast': 3, 'muscle_fiber': 3, 'Keratinocyte': 3, 'Immune_cell': 3, 'Glandular': 2, 'Melanocytes': 2}","{'Fibroblast': 1, 'Endothelial': 1, 'muscle_fiber': 1, 'Keratinocyte': 1, 'Immune_cell': 1, 'Neural_cell': 1, 'Lymphatic_endothelial': 1}",0.8571428571428571,0.8095238095238094,0.8571428571428571,0.8095238095238094,,"[[1, 0, 0, 0, 0, 0, 0, 0, 0], [0, 1, 0, 0, 0, 0, 0, 0, 0], [0, 0, 0, 0, 0, 0, 0, 0, 0], [0, 0, 0, 1, 0, 0, 0, 0, 0], [0, 0, 0, 0, 1, 0, 0, 0, 0], [0, 0, 0, 0, 0, 1, 0, 0, 0], [0, 0, 0, 0, 0, 0, 0, 0, 0], [0, 1, 0, 0, 0, 0, 0, 0, 0], [0, 0, 0, 0, 0, 0, 0, 0, 1]]","['Endothelial', 'Fibroblast', 'Glandular', 'Immune_cell', 'Keratinocyte', 'Lymphatic_endothelial', 'Melanocytes', 'Neural_cell', 'muscle_fiber']",
cell_type,grouped_seed2_fold0,shared_genes_plus_modules,small_mlp,22,7,"{'Lymphatic_endothelial': 3, 'Endothelial': 3, 'Fibroblast': 3, 'muscle_fiber': 3, 'Keratinocyte': 3, 'Immune_cell': 3, 'Glandular': 2, 'Melanocytes': 2}","{'Fibroblast': 1, 'Endothelial': 1, 'muscle_fiber': 1, 'Keratinocyte': 1, 'Immune_cell': 1, 'Neural_cell': 1, 'Lymphatic_endothelial': 1}",0.8571428571428571,0.8095238095238094,0.8571428571428571,0.8095238095238094,,"[[1, 0, 0, 0, 0, 0, 0, 0, 0], [0, 1, 0, 0, 0, 0, 0, 0, 0], [0, 0, 0, 0, 0, 0, 0, 0, 0], [0, 0, 0, 1, 0, 0, 0, 0, 0], [0, 0, 0, 0, 1, 0, 0, 0, 0], [0, 0, 0, 0, 0, 1, 0, 0, 0], [0, 0, 0, 0, 0, 0, 0, 0, 0], [0, 1, 0, 0, 0, 0, 0, 0, 0], [0, 0, 0, 0, 0, 0, 0, 0, 1]]","['Endothelial', 'Fibroblast', 'Glandular', 'Immune_cell', 'Keratinocyte', 'Lymphatic_endothelial', 'Melanocytes', 'Neural_cell', 'muscle_fiber']",
cell_type,grouped_seed2_fold0,shared_genes,majority,22,7,"{'Lymphatic_endothelial': 3, 'Endothelial': 3, 'Fibroblast': 3, 'muscle_fiber': 3, 'Keratinocyte': 3, 'Immune_cell': 3, 'Glandular': 2, 'Melanocytes': 2}","{'Fibroblast': 1, 'Endothelial': 1, 'muscle_fiber': 1, 'Keratinocyte': 1, 'Immune_cell': 1, 'Neural_cell': 1, 'Lymphatic_endothelial': 1}",0.14285714285714285,0.03571428571428571,0.14285714285714285,0.03571428571428571,,"[[1, 0, 0, 0, 0, 0, 0, 0, 0], [1, 0, 0, 0, 0, 0, 0, 0, 0], [0, 0, 0, 0, 0, 0, 0, 0, 0], [1, 0, 0, 0, 0, 0, 0, 0, 0], [1, 0, 0, 0, 0, 0, 0, 0, 0], [1, 0, 0, 0, 0, 0, 0, 0, 0], [0, 0, 0, 0, 0, 0, 0, 0, 0], [1, 0, 0, 0, 0, 0, 0, 0, 0], [1, 0, 0, 0, 0, 0, 0, 0, 0]]","['Endothelial', 'Fibroblast', 'Glandular', 'Immune_cell', 'Keratinocyte', 'Lymphatic_endothelial', 'Melanocytes', 'Neural_cell', 'muscle_fiber']",
cell_type,grouped_seed2_fold0,shared_genes,stratified_random,22,7,"{'Lymphatic_endothelial': 3, 'Endothelial': 3, 'Fibroblast': 3, 'muscle_fiber': 3, 'Keratinocyte': 3, 'Immune_cell': 3, 'Glandular': 2, 'Melanocytes': 2}","{'Fibroblast': 1, 'Endothelial': 1, 'muscle_fiber': 1, 'Keratinocyte': 1, 'Immune_cell': 1, 'Neural_cell': 1, 'Lymphatic_endothelial': 1}",0.2857142857142857,0.2857142857142857,0.2857142857142857,0.2222222222222222,,"[[1, 0, 0, 0, 0, 0, 0, 0, 0], [0, 0, 0, 1, 0, 0, 0, 0, 0], [0, 0, 0, 0, 0, 0, 0, 0, 0], [0, 0, 0, 0, 0, 0, 1, 0, 0], [0, 1, 0, 0, 0, 0, 0, 0, 0], [0, 0, 0, 1, 0, 0, 0, 0, 0], [0, 0, 0, 0, 0, 0, 0, 0, 0], [0, 0, 1, 0, 0, 0, 0, 0, 0], [0, 0, 0, 0, 0, 0, 0, 0, 1]]","['Endothelial', 'Fibroblast', 'Glandular', 'Immune_cell', 'Keratinocyte', 'Lymphatic_endothelial', 'Melanocytes', 'Neural_cell', 'muscle_fiber']",
cell_type,grouped_seed2_fold0,shared_genes,elastic_net_logreg,22,7,"{'Lymphatic_endothelial': 3, 'Endothelial': 3, 'Fibroblast': 3, 'muscle_fiber': 3, 'Keratinocyte': 3, 'Immune_cell': 3, 'Glandular': 2, 'Melanocytes': 2}","{'Fibroblast': 1, 'Endothelial': 1, 'muscle_fiber': 1, 'Keratinocyte': 1, 'Immune_cell': 1, 'Neural_cell': 1, 'Lymphatic_endothelial': 1}",0.8571428571428571,0.8571428571428571,0.8571428571428571,0.75,,"[[1, 0, 0, 0, 0, 0, 0, 0, 0], [0, 1, 0, 0, 0, 0, 0, 0, 0], [0, 0, 0, 0, 0, 0, 0, 0, 0], [0, 0, 0, 1, 0, 0, 0, 0, 0], [0, 0, 0, 0, 1, 0, 0, 0, 0], [0, 0, 0, 0, 0, 1, 0, 0, 0], [0, 0, 0, 0, 0, 0, 0, 0, 0], [0, 0, 0, 0, 0, 0, 1, 0, 0], [0, 0, 0, 0, 0, 0, 0, 0, 1]]","['Endothelial', 'Fibroblast', 'Glandular', 'Immune_cell', 'Keratinocyte', 'Lymphatic_endothelial', 'Melanocytes', 'Neural_cell', 'muscle_fiber']",
cell_type,grouped_seed2_fold0,shared_genes,linear_svm,22,7,"{'Lymphatic_endothelial': 3, 'Endothelial': 3, 'Fibroblast': 3, 'muscle_fiber': 3, 'Keratinocyte': 3, 'Immune_cell': 3, 'Glandular': 2, 'Melanocytes': 2}","{'Fibroblast': 1, 'Endothelial': 1, 'muscle_fiber': 1, 'Keratinocyte': 1, 'Immune_cell': 1, 'Neural_cell': 1, 'Lymphatic_endothelial': 1}",0.8571428571428571,0.8095238095238094,0.8571428571428571,0.8095238095238094,,"[[1, 0, 0, 0, 0, 0, 0, 0, 0], [0, 1, 0, 0, 0, 0, 0, 0, 0], [0, 0, 0, 0, 0, 0, 0, 0, 0], [0, 0, 0, 1, 0, 0, 0, 0, 0], [0, 0, 0, 0, 1, 0, 0, 0, 0], [0, 0, 0, 0, 0, 1, 0, 0, 0], [0, 0, 0, 0, 0, 0, 0, 0, 0], [0, 1, 0, 0, 0, 0, 0, 0, 0], [0, 0, 0, 0, 0, 0, 0, 0, 1]]","['Endothelial', 'Fibroblast', 'Glandular', 'Immune_cell', 'Keratinocyte', 'Lymphatic_endothelial', 'Melanocytes', 'Neural_cell', 'muscle_fiber']",
cell_type,grouped_seed2_fold0,shared_genes,random_forest,22,7,"{'Lymphatic_endothelial': 3, 'Endothelial': 3, 'Fibroblast': 3, 'muscle_fiber': 3, 'Keratinocyte': 3, 'Immune_cell': 3, 'Glandular': 2, 'Melanocytes': 2}","{'Fibroblast': 1, 'Endothelial': 1, 'muscle_fiber': 1, 'Keratinocyte': 1, 'Immune_cell': 1, 'Neural_cell': 1, 'Lymphatic_endothelial': 1}",0.8571428571428571,0.8095238095238094,0.8571428571428571,0.8095238095238094,,"[[1, 0, 0, 0, 0, 0, 0, 0, 0], [0, 1, 0, 0, 0, 0, 0, 0, 0], [0, 0, 0, 0, 0, 0, 0, 0, 0], [0, 0, 0, 1, 0, 0, 0, 0, 0], [0, 0, 0, 0, 1, 0, 0, 0, 0], [0, 0, 0, 0, 0, 1, 0, 0, 0], [0, 0, 0, 0, 0, 0, 0, 0, 0], [0, 1, 0, 0, 0, 0, 0, 0, 0], [0, 0, 0, 0, 0, 0, 0, 0, 1]]","['Endothelial', 'Fibroblast', 'Glandular', 'Immune_cell', 'Keratinocyte', 'Lymphatic_endothelial', 'Melanocytes', 'Neural_cell', 'muscle_fiber']",
cell_type,grouped_seed2_fold0,shared_genes,hist_gradient_boosting,22,7,"{'Lymphatic_endothelial': 3, 'Endothelial': 3, 'Fibroblast': 3, 'muscle_fiber': 3, 'Keratinocyte': 3, 'Immune_cell': 3, 'Glandular': 2, 'Melanocytes': 2}","{'Fibroblast': 1, 'Endothelial': 1, 'muscle_fiber': 1, 'Keratinocyte': 1, 'Immune_cell': 1, 'Neural_cell': 1, 'Lymphatic_endothelial': 1}",0.14285714285714285,0.03571428571428571,0.14285714285714285,0.03571428571428571,,"[[1, 0, 0, 0, 0, 0, 0, 0, 0], [1, 0, 0, 0, 0, 0, 0, 0, 0], [0, 0, 0, 0, 0, 0, 0, 0, 0], [1, 0, 0, 0, 0, 0, 0, 0, 0], [1, 0, 0, 0, 0, 0, 0, 0, 0], [1, 0, 0, 0, 0, 0, 0, 0, 0], [0, 0, 0, 0, 0, 0, 0, 0, 0], [1, 0, 0, 0, 0, 0, 0, 0, 0], [1, 0, 0, 0, 0, 0, 0, 0, 0]]","['Endothelial', 'Fibroblast', 'Glandular', 'Immune_cell', 'Keratinocyte', 'Lymphatic_endothelial', 'Melanocytes', 'Neural_cell', 'muscle_fiber']",
cell_type,grouped_seed2_fold0,shared_genes,knn,22,7,"{'Lymphatic_endothelial': 3, 'Endothelial': 3, 'Fibroblast': 3, 'muscle_fiber': 3, 'Keratinocyte': 3, 'Immune_cell': 3, 'Glandular': 2, 'Melanocytes': 2}","{'Fibroblast': 1, 'Endothelial': 1, 'muscle_fiber': 1, 'Keratinocyte': 1, 'Immune_cell': 1, 'Neural_cell': 1, 'Lymphatic_endothelial': 1}",0.8571428571428571,0.8095238095238094,0.8571428571428571,0.8095238095238094,,"[[1, 0, 0, 0, 0, 0, 0, 0, 0], [0, 1, 0, 0, 0, 0, 0, 0, 0], [0, 0, 0, 0, 0, 0, 0, 0, 0], [0, 0, 0, 1, 0, 0, 0, 0, 0], [0, 0, 0, 0, 1, 0, 0, 0, 0], [0, 0, 0, 0, 0, 1, 0, 0, 0], [0, 0, 0, 0, 0, 0, 0, 0, 0], [0, 1, 0, 0, 0, 0, 0, 0, 0], [0, 0, 0, 0, 0, 0, 0, 0, 1]]","['Endothelial', 'Fibroblast', 'Glandular', 'Immune_cell', 'Keratinocyte', 'Lymphatic_endothelial', 'Melanocytes', 'Neural_cell', 'muscle_fiber']",
cell_type,grouped_seed2_fold0,modules_only,majority,22,7,"{'Lymphatic_endothelial': 3, 'Endothelial': 3, 'Fibroblast': 3, 'muscle_fiber': 3, 'Keratinocyte': 3, 'Immune_cell': 3, 'Glandular': 2, 'Melanocytes': 2}","{'Fibroblast': 1, 'Endothelial': 1, 'muscle_fiber': 1, 'Keratinocyte': 1, 'Immune_cell': 1, 'Neural_cell': 1, 'Lymphatic_endothelial': 1}",0.14285714285714285,0.03571428571428571,0.14285714285714285,0.03571428571428571,,"[[1, 0, 0, 0, 0, 0, 0, 0, 0], [1, 0, 0, 0, 0, 0, 0, 0, 0], [0, 0, 0, 0, 0, 0, 0, 0, 0], [1, 0, 0, 0, 0, 0, 0, 0, 0], [1, 0, 0, 0, 0, 0, 0, 0, 0], [1, 0, 0, 0, 0, 0, 0, 0, 0], [0, 0, 0, 0, 0, 0, 0, 0, 0], [1, 0, 0, 0, 0, 0, 0, 0, 0], [1, 0, 0, 0, 0, 0, 0, 0, 0]]","['Endothelial', 'Fibroblast', 'Glandular', 'Immune_cell', 'Keratinocyte', 'Lymphatic_endothelial', 'Melanocytes', 'Neural_cell', 'muscle_fiber']",
cell_type,grouped_seed2_fold0,modules_only,stratified_random,22,7,"{'Lymphatic_endothelial': 3, 'Endothelial': 3, 'Fibroblast': 3, 'muscle_fiber': 3, 'Keratinocyte': 3, 'Immune_cell': 3, 'Glandular': 2, 'Melanocytes': 2}","{'Fibroblast': 1, 'Endothelial': 1, 'muscle_fiber': 1, 'Keratinocyte': 1, 'Immune_cell': 1, 'Neural_cell': 1, 'Lymphatic_endothelial': 1}",0.2857142857142857,0.2857142857142857,0.2857142857142857,0.2222222222222222,,"[[1, 0, 0, 0, 0, 0, 0, 0, 0], [0, 0, 0, 1, 0, 0, 0, 0, 0], [0, 0, 0, 0, 0, 0, 0, 0, 0], [0, 0, 0, 0, 0, 0, 1, 0, 0], [0, 1, 0, 0, 0, 0, 0, 0, 0], [0, 0, 0, 1, 0, 0, 0, 0, 0], [0, 0, 0, 0, 0, 0, 0, 0, 0], [0, 0, 1, 0, 0, 0, 0, 0, 0], [0, 0, 0, 0, 0, 0, 0, 0, 1]]","['Endothelial', 'Fibroblast', 'Glandular', 'Immune_cell', 'Keratinocyte', 'Lymphatic_endothelial', 'Melanocytes', 'Neural_cell', 'muscle_fiber']",
cell_type,grouped_seed2_fold0,modules_only,elastic_net_logreg,22,7,"{'Lymphatic_endothelial': 3, 'Endothelial': 3, 'Fibroblast': 3, 'muscle_fiber': 3, 'Keratinocyte': 3, 'Immune_cell': 3, 'Glandular': 2, 'Melanocytes': 2}","{'Fibroblast': 1, 'Endothelial': 1, 'muscle_fiber': 1, 'Keratinocyte': 1, 'Immune_cell': 1, 'Neural_cell': 1, 'Lymphatic_endothelial': 1}",0.5714285714285714,0.47619047619047616,0.5714285714285714,0.41666666666666663,,"[[1, 0, 0, 0, 0, 0, 0, 0, 0], [0, 1, 0, 0, 0, 0, 0, 0, 0], [0, 0, 0, 0, 0, 0, 0, 0, 0], [0, 0, 0, 0, 0, 1, 0, 0, 0], [0, 0, 0, 0, 0, 0, 1, 0, 0], [0, 0, 0, 0, 0, 1, 0, 0, 0], [0, 0, 0, 0, 0, 0, 0, 0, 0], [0, 1, 0, 0, 0, 0, 0, 0, 0], [0, 0, 0, 0, 0, 0, 0, 0, 1]]","['Endothelial', 'Fibroblast', 'Glandular', 'Immune_cell', 'Keratinocyte', 'Lymphatic_endothelial', 'Melanocytes', 'Neural_cell', 'muscle_fiber']",
cell_type,grouped_seed2_fold0,modules_only,linear_svm,22,7,"{'Lymphatic_endothelial': 3, 'Endothelial': 3, 'Fibroblast': 3, 'muscle_fiber': 3, 'Keratinocyte': 3, 'Immune_cell': 3, 'Glandular': 2, 'Melanocytes': 2}","{'Fibroblast': 1, 'Endothelial': 1, 'muscle_fiber': 1, 'Keratinocyte': 1, 'Immune_cell': 1, 'Neural_cell': 1, 'Lymphatic_endothelial': 1}",0.42857142857142855,0.2857142857142857,0.42857142857142855,0.2857142857142857,,"[[0, 0, 0, 0, 0, 1, 0, 0, 0], [0, 1, 0, 0, 0, 0, 0, 0, 0], [0, 0, 0, 0, 0, 0, 0, 0, 0], [0, 0, 0, 0, 0, 1, 0, 0, 0], [0, 1, 0, 0, 0, 0, 0, 0, 0], [0, 0, 0, 0, 0, 1, 0, 0, 0], [0, 0, 0, 0, 0, 0, 0, 0, 0], [0, 1, 0, 0, 0, 0, 0, 0, 0], [0, 0, 0, 0, 0, 0, 0, 0, 1]]","['Endothelial', 'Fibroblast', 'Glandular', 'Immune_cell', 'Keratinocyte', 'Lymphatic_endothelial', 'Melanocytes', 'Neural_cell', 'muscle_fiber']",
cell_type,grouped_seed2_fold0,modules_only,random_forest,22,7,"{'Lymphatic_endothelial': 3, 'Endothelial': 3, 'Fibroblast': 3, 'muscle_fiber': 3, 'Keratinocyte': 3, 'Immune_cell': 3, 'Glandular': 2, 'Melanocytes': 2}","{'Fibroblast': 1, 'Endothelial': 1, 'muscle_fiber': 1, 'Keratinocyte': 1, 'Immune_cell': 1, 'Neural_cell': 1, 'Lymphatic_endothelial': 1}",0.42857142857142855,0.2857142857142857,0.42857142857142855,0.25,,"[[0, 0, 1, 0, 0, 0, 0, 0, 0], [0, 1, 0, 0, 0, 0, 0, 0, 0], [0, 0, 0, 0, 0, 0, 0, 0, 0], [0, 0, 0, 0, 0, 1, 0, 0, 0], [0, 0, 0, 0, 0, 0, 0, 0, 1], [0, 0, 0, 0, 0, 1, 0, 0, 0], [0, 0, 0, 0, 0, 0, 0, 0, 0], [0, 1, 0, 0, 0, 0, 0, 0, 0], [0, 0, 0, 0, 0, 0, 0, 0, 1]]","['Endothelial', 'Fibroblast', 'Glandular', 'Immune_cell', 'Keratinocyte', 'Lymphatic_endothelial', 'Melanocytes', 'Neural_cell', 'muscle_fiber']",
cell_type,grouped_seed2_fold0,modules_only,hist_gradient_boosting,22,7,"{'Lymphatic_endothelial': 3, 'Endothelial': 3, 'Fibroblast': 3, 'muscle_fiber': 3, 'Keratinocyte': 3, 'Immune_cell': 3, 'Glandular': 2, 'Melanocytes': 2}","{'Fibroblast': 1, 'Endothelial': 1, 'muscle_fiber': 1, 'Keratinocyte': 1, 'Immune_cell': 1, 'Neural_cell': 1, 'Lymphatic_endothelial': 1}",0.14285714285714285,0.03571428571428571,0.14285714285714285,0.03571428571428571,,"[[1, 0, 0, 0, 0, 0, 0, 0, 0], [1, 0, 0, 0, 0, 0, 0, 0, 0], [0, 0, 0, 0, 0, 0, 0, 0, 0], [1, 0, 0, 0, 0, 0, 0, 0, 0], [1, 0, 0, 0, 0, 0, 0, 0, 0], [1, 0, 0, 0, 0, 0, 0, 0, 0], [0, 0, 0, 0, 0, 0, 0, 0, 0], [1, 0, 0, 0, 0, 0, 0, 0, 0], [1, 0, 0, 0, 0, 0, 0, 0, 0]]","['Endothelial', 'Fibroblast', 'Glandular', 'Immune_cell', 'Keratinocyte', 'Lymphatic_endothelial', 'Melanocytes', 'Neural_cell', 'muscle_fiber']",
cell_type,grouped_seed2_fold0,modules_only,knn,22,7,"{'Lymphatic_endothelial': 3, 'Endothelial': 3, 'Fibroblast': 3, 'muscle_fiber': 3, 'Keratinocyte': 3, 'Immune_cell': 3, 'Glandular': 2, 'Melanocytes': 2}","{'Fibroblast': 1, 'Endothelial': 1, 'muscle_fiber': 1, 'Keratinocyte': 1, 'Immune_cell': 1, 'Neural_cell': 1, 'Lymphatic_endothelial': 1}",0.5714285714285714,0.47619047619047616,0.5714285714285714,0.47619047619047616,,"[[1, 0, 0, 0, 0, 0, 0, 0, 0], [0, 1, 0, 0, 0, 0, 0, 0, 0], [0, 0, 0, 0, 0, 0, 0, 0, 0], [0, 0, 0, 0, 0, 1, 0, 0, 0], [0, 0, 0, 1, 0, 0, 0, 0, 0], [0, 0, 0, 0, 0, 1, 0, 0, 0], [0, 0, 0, 0, 0, 0, 0, 0, 0], [0, 1, 0, 0, 0, 0, 0, 0, 0], [0, 0, 0, 0, 0, 0, 0, 0, 1]]","['Endothelial', 'Fibroblast', 'Glandular', 'Immune_cell', 'Keratinocyte', 'Lymphatic_endothelial', 'Melanocytes', 'Neural_cell', 'muscle_fiber']",
cell_type,grouped_seed2_fold0,modules_only,small_mlp,22,7,"{'Lymphatic_endothelial': 3, 'Endothelial': 3, 'Fibroblast': 3, 'muscle_fiber': 3, 'Keratinocyte': 3, 'Immune_cell': 3, 'Glandular': 2, 'Melanocytes': 2}","{'Fibroblast': 1, 'Endothelial': 1, 'muscle_fiber': 1, 'Keratinocyte': 1, 'Immune_cell': 1, 'Neural_cell': 1, 'Lymphatic_endothelial': 1}",0.14285714285714285,0.03571428571428571,0.14285714285714285,0.03571428571428571,,"[[0, 0, 0, 0, 0, 1, 0, 0, 0], [0, 0, 0, 0, 0, 1, 0, 0, 0], [0, 0, 0, 0, 0, 0, 0, 0, 0], [0, 0, 0, 0, 0, 1, 0, 0, 0], [0, 0, 0, 0, 0, 1, 0, 0, 0], [0, 0, 0, 0, 0, 1, 0, 0, 0], [0, 0, 0, 0, 0, 0, 0, 0, 0], [0, 0, 0, 0, 0, 1, 0, 0, 0], [0, 0, 0, 0, 0, 1, 0, 0, 0]]","['Endothelial', 'Fibroblast', 'Glandular', 'Immune_cell', 'Keratinocyte', 'Lymphatic_endothelial', 'Melanocytes', 'Neural_cell', 'muscle_fiber']",
cell_type,grouped_seed2_fold1,shared_genes_plus_modules,majority,21,9,"{'Fibroblast': 3, 'Endothelial': 3, 'muscle_fiber': 3, 'Keratinocyte': 3, 'Immune_cell': 3, 'Lymphatic_endothelial': 3, 'Neural_cell': 1, 'Glandular': 1, 'Melanocytes': 1}","{'muscle_fiber': 1, 'Endothelial': 1, 'Lymphatic_endothelial': 1, 'Fibroblast': 1, 'Glandular': 1, 'Keratinocyte': 1, 'Unknown': 1, 'Neural_cell': 1, 'Immune_cell': 1}",0.1111111111111111,0.022222222222222223,0.1111111111111111,0.022222222222222223,,"[[1, 0, 0, 0, 0, 0, 0, 0, 0, 0], [1, 0, 0, 0, 0, 0, 0, 0, 0, 0], [1, 0, 0, 0, 0, 0, 0, 0, 0, 0], [1, 0, 0, 0, 0, 0, 0, 0, 0, 0], [1, 0, 0, 0, 0, 0, 0, 0, 0, 0], [1, 0, 0, 0, 0, 0, 0, 0, 0, 0], [0, 0, 0, 0, 0, 0, 0, 0, 0, 0], [1, 0, 0, 0, 0, 0, 0, 0, 0, 0], [1, 0, 0, 0, 0, 0, 0, 0, 0, 0], [1, 0, 0, 0, 0, 0, 0, 0, 0, 0]]","['Endothelial', 'Fibroblast', 'Glandular', 'Immune_cell', 'Keratinocyte', 'Lymphatic_endothelial', 'Melanocytes', 'Neural_cell', 'Unknown', 'muscle_fiber']",
cell_type,grouped_seed2_fold1,shared_genes_plus_modules,stratified_random,21,9,"{'Fibroblast': 3, 'Endothelial': 3, 'muscle_fiber': 3, 'Keratinocyte': 3, 'Immune_cell': 3, 'Lymphatic_endothelial': 3, 'Neural_cell': 1, 'Glandular': 1, 'Melanocytes': 1}","{'muscle_fiber': 1, 'Endothelial': 1, 'Lymphatic_endothelial': 1, 'Fibroblast': 1, 'Glandular': 1, 'Keratinocyte': 1, 'Unknown': 1, 'Neural_cell': 1, 'Immune_cell': 1}",0.1111111111111111,0.05555555555555555,0.1111111111111111,0.05555555555555555,,"[[1, 0, 0, 0, 0, 0, 0, 0, 0, 0], [0, 0, 0, 0, 0, 0, 0, 1, 0, 0], [0, 0, 0, 0, 0, 1, 0, 0, 0, 0], [1, 0, 0, 0, 0, 0, 0, 0, 0, 0], [1, 0, 0, 0, 0, 0, 0, 0, 0, 0], [0, 0, 0, 0, 0, 0, 0, 0, 0, 1], [0, 0, 0, 0, 0, 0, 0, 0, 0, 0], [0, 0, 0, 0, 0, 1, 0, 0, 0, 0], [0, 0, 0, 0, 0, 0, 0, 1, 0, 0], [0, 0, 0, 1, 0, 0, 0, 0, 0, 0]]","['Endothelial', 'Fibroblast', 'Glandular', 'Immune_cell', 'Keratinocyte', 'Lymphatic_endothelial', 'Melanocytes', 'Neural_cell', 'Unknown', 'muscle_fiber']",
cell_type,grouped_seed2_fold1,shared_genes_plus_modules,elastic_net_logreg,21,9,"{'Fibroblast': 3, 'Endothelial': 3, 'muscle_fiber': 3, 'Keratinocyte': 3, 'Immune_cell': 3, 'Lymphatic_endothelial': 3, 'Neural_cell': 1, 'Glandular': 1, 'Melanocytes': 1}","{'muscle_fiber': 1, 'Endothelial': 1, 'Lymphatic_endothelial': 1, 'Fibroblast': 1, 'Glandular': 1, 'Keratinocyte': 1, 'Unknown': 1, 'Neural_cell': 1, 'Immune_cell': 1}",0.8888888888888888,0.8518518518518517,0.8888888888888888,0.8518518518518517,,"[[1, 0, 0, 0, 0, 0, 0, 0, 0, 0], [0, 1, 0, 0, 0, 0, 0, 0, 0, 0], [0, 0, 1, 0, 0, 0, 0, 0, 0, 0], [0, 0, 0, 1, 0, 0, 0, 0, 0, 0], [0, 0, 0, 0, 1, 0, 0, 0, 0, 0], [0, 0, 0, 0, 0, 1, 0, 0, 0, 0], [0, 0, 0, 0, 0, 0, 0, 0, 0, 0], [0, 0, 0, 0, 0, 0, 0, 1, 0, 0], [0, 0, 1, 0, 0, 0, 0, 0, 0, 0], [0, 0, 0, 0, 0, 0, 0, 0, 0, 1]]","['Endothelial', 'Fibroblast', 'Glandular', 'Immune_cell', 'Keratinocyte', 'Lymphatic_endothelial', 'Melanocytes', 'Neural_cell', 'Unknown', 'muscle_fiber']",
cell_type,grouped_seed2_fold1,shared_genes_plus_modules,linear_svm,21,9,"{'Fibroblast': 3, 'Endothelial': 3, 'muscle_fiber': 3, 'Keratinocyte': 3, 'Immune_cell': 3, 'Lymphatic_endothelial': 3, 'Neural_cell': 1, 'Glandular': 1, 'Melanocytes': 1}","{'muscle_fiber': 1, 'Endothelial': 1, 'Lymphatic_endothelial': 1, 'Fibroblast': 1, 'Glandular': 1, 'Keratinocyte': 1, 'Unknown': 1, 'Neural_cell': 1, 'Immune_cell': 1}",0.7777777777777778,0.7222222222222222,0.7777777777777778,0.7222222222222222,,"[[1, 0, 0, 0, 0, 0, 0, 0, 0, 0], [0, 1, 0, 0, 0, 0, 0, 0, 0, 0], [0, 0, 1, 0, 0, 0, 0, 0, 0, 0], [0, 0, 0, 1, 0, 0, 0, 0, 0, 0], [0, 0, 1, 0, 0, 0, 0, 0, 0, 0], [0, 0, 0, 0, 0, 1, 0, 0, 0, 0], [0, 0, 0, 0, 0, 0, 0, 0, 0, 0], [0, 0, 0, 0, 0, 0, 0, 1, 0, 0], [0, 0, 1, 0, 0, 0, 0, 0, 0, 0], [0, 0, 0, 0, 0, 0, 0, 0, 0, 1]]","['Endothelial', 'Fibroblast', 'Glandular', 'Immune_cell', 'Keratinocyte', 'Lymphatic_endothelial', 'Melanocytes', 'Neural_cell', 'Unknown', 'muscle_fiber']",
cell_type,grouped_seed2_fold1,shared_genes_plus_modules,random_forest,21,9,"{'Fibroblast': 3, 'Endothelial': 3, 'muscle_fiber': 3, 'Keratinocyte': 3, 'Immune_cell': 3, 'Lymphatic_endothelial': 3, 'Neural_cell': 1, 'Glandular': 1, 'Melanocytes': 1}","{'muscle_fiber': 1, 'Endothelial': 1, 'Lymphatic_endothelial': 1, 'Fibroblast': 1, 'Glandular': 1, 'Keratinocyte': 1, 'Unknown': 1, 'Neural_cell': 1, 'Immune_cell': 1}",0.7777777777777778,0.7037037037037037,0.7777777777777778,0.7037037037037037,,"[[1, 0, 0, 0, 0, 0, 0, 0, 0, 0], [0, 1, 0, 0, 0, 0, 0, 0, 0, 0], [1, 0, 0, 0, 0, 0, 0, 0, 0, 0], [0, 0, 0, 1, 0, 0, 0, 0, 0, 0], [0, 0, 0, 0, 1, 0, 0, 0, 0, 0], [0, 0, 0, 0, 0, 1, 0, 0, 0, 0], [0, 0, 0, 0, 0, 0, 0, 0, 0, 0], [0, 0, 0, 0, 0, 0, 0, 1, 0, 0], [0, 0, 0, 1, 0, 0, 0, 0, 0, 0], [0, 0, 0, 0, 0, 0, 0, 0, 0, 1]]","['Endothelial', 'Fibroblast', 'Glandular', 'Immune_cell', 'Keratinocyte', 'Lymphatic_endothelial', 'Melanocytes', 'Neural_cell', 'Unknown', 'muscle_fiber']",
cell_type,grouped_seed2_fold1,shared_genes_plus_modules,hist_gradient_boosting,21,9,"{'Fibroblast': 3, 'Endothelial': 3, 'muscle_fiber': 3, 'Keratinocyte': 3, 'Immune_cell': 3, 'Lymphatic_endothelial': 3, 'Neural_cell': 1, 'Glandular': 1, 'Melanocytes': 1}","{'muscle_fiber': 1, 'Endothelial': 1, 'Lymphatic_endothelial': 1, 'Fibroblast': 1, 'Glandular': 1, 'Keratinocyte': 1, 'Unknown': 1, 'Neural_cell': 1, 'Immune_cell': 1}",0.1111111111111111,0.022222222222222223,0.1111111111111111,0.022222222222222223,,"[[1, 0, 0, 0, 0, 0, 0, 0, 0, 0], [1, 0, 0, 0, 0, 0, 0, 0, 0, 0], [1, 0, 0, 0, 0, 0, 0, 0, 0, 0], [1, 0, 0, 0, 0, 0, 0, 0, 0, 0], [1, 0, 0, 0, 0, 0, 0, 0, 0, 0], [1, 0, 0, 0, 0, 0, 0, 0, 0, 0], [0, 0, 0, 0, 0, 0, 0, 0, 0, 0], [1, 0, 0, 0, 0, 0, 0, 0, 0, 0], [1, 0, 0, 0, 0, 0, 0, 0, 0, 0], [1, 0, 0, 0, 0, 0, 0, 0, 0, 0]]","['Endothelial', 'Fibroblast', 'Glandular', 'Immune_cell', 'Keratinocyte', 'Lymphatic_endothelial', 'Melanocytes', 'Neural_cell', 'Unknown', 'muscle_fiber']",
cell_type,grouped_seed2_fold1,shared_genes_plus_modules,knn,21,9,"{'Fibroblast': 3, 'Endothelial': 3, 'muscle_fiber': 3, 'Keratinocyte': 3, 'Immune_cell': 3, 'Lymphatic_endothelial': 3, 'Neural_cell': 1, 'Glandular': 1, 'Melanocytes': 1}","{'muscle_fiber': 1, 'Endothelial': 1, 'Lymphatic_endothelial': 1, 'Fibroblast': 1, 'Glandular': 1, 'Keratinocyte': 1, 'Unknown': 1, 'Neural_cell': 1, 'Immune_cell': 1}",0.6666666666666666,0.5555555555555556,0.6666666666666666,0.5555555555555556,,"[[1, 0, 0, 0, 0, 0, 0, 0, 0, 0], [0, 1, 0, 0, 0, 0, 0, 0, 0, 0], [1, 0, 0, 0, 0, 0, 0, 0, 0, 0], [0, 0, 0, 1, 0, 0, 0, 0, 0, 0], [0, 0, 0, 0, 1, 0, 0, 0, 0, 0], [0, 0, 0, 0, 0, 1, 0, 0, 0, 0], [0, 0, 0, 0, 0, 0, 0, 0, 0, 0], [0, 1, 0, 0, 0, 0, 0, 0, 0, 0], [0, 0, 0, 1, 0, 0, 0, 0, 0, 0], [0, 0, 0, 0, 0, 0, 0, 0, 0, 1]]","['Endothelial', 'Fibroblast', 'Glandular', 'Immune_cell', 'Keratinocyte', 'Lymphatic_endothelial', 'Melanocytes', 'Neural_cell', 'Unknown', 'muscle_fiber']",
cell_type,grouped_seed2_fold1,shared_genes_plus_modules,small_mlp,21,9,"{'Fibroblast': 3, 'Endothelial': 3, 'muscle_fiber': 3, 'Keratinocyte': 3, 'Immune_cell': 3, 'Lymphatic_endothelial': 3, 'Neural_cell': 1, 'Glandular': 1, 'Melanocytes': 1}","{'muscle_fiber': 1, 'Endothelial': 1, 'Lymphatic_endothelial': 1, 'Fibroblast': 1, 'Glandular': 1, 'Keratinocyte': 1, 'Unknown': 1, 'Neural_cell': 1, 'Immune_cell': 1}",0.7777777777777778,0.7407407407407407,0.7777777777777778,0.7407407407407407,,"[[1, 0, 0, 0, 0, 0, 0, 0, 0, 0], [0, 1, 0, 0, 0, 0, 0, 0, 0, 0], [0, 0, 1, 0, 0, 0, 0, 0, 0, 0], [0, 0, 0, 1, 0, 0, 0, 0, 0, 0], [0, 0, 0, 0, 1, 0, 0, 0, 0, 0], [0, 0, 0, 0, 0, 1, 0, 0, 0, 0], [0, 0, 0, 0, 0, 0, 0, 0, 0, 0], [0, 1, 0, 0, 0, 0, 0, 0, 0, 0], [0, 0, 0, 0, 0, 0, 0, 1, 0, 0], [0, 0, 0, 0, 0, 0, 0, 0, 0, 1]]","['Endothelial', 'Fibroblast', 'Glandular', 'Immune_cell', 'Keratinocyte', 'Lymphatic_endothelial', 'Melanocytes', 'Neural_cell', 'Unknown', 'muscle_fiber']",
cell_type,grouped_seed2_fold1,shared_genes,majority,21,9,"{'Fibroblast': 3, 'Endothelial': 3, 'muscle_fiber': 3, 'Keratinocyte': 3, 'Immune_cell': 3, 'Lymphatic_endothelial': 3, 'Neural_cell': 1, 'Glandular': 1, 'Melanocytes': 1}","{'muscle_fiber': 1, 'Endothelial': 1, 'Lymphatic_endothelial': 1, 'Fibroblast': 1, 'Glandular': 1, 'Keratinocyte': 1, 'Unknown': 1, 'Neural_cell': 1, 'Immune_cell': 1}",0.1111111111111111,0.022222222222222223,0.1111111111111111,0.022222222222222223,,"[[1, 0, 0, 0, 0, 0, 0, 0, 0, 0], [1, 0, 0, 0, 0, 0, 0, 0, 0, 0], [1, 0, 0, 0, 0, 0, 0, 0, 0, 0], [1, 0, 0, 0, 0, 0, 0, 0, 0, 0], [1, 0, 0, 0, 0, 0, 0, 0, 0, 0], [1, 0, 0, 0, 0, 0, 0, 0, 0, 0], [0, 0, 0, 0, 0, 0, 0, 0, 0, 0], [1, 0, 0, 0, 0, 0, 0, 0, 0, 0], [1, 0, 0, 0, 0, 0, 0, 0, 0, 0], [1, 0, 0, 0, 0, 0, 0, 0, 0, 0]]","['Endothelial', 'Fibroblast', 'Glandular', 'Immune_cell', 'Keratinocyte', 'Lymphatic_endothelial', 'Melanocytes', 'Neural_cell', 'Unknown', 'muscle_fiber']",
cell_type,grouped_seed2_fold1,shared_genes,stratified_random,21,9,"{'Fibroblast': 3, 'Endothelial': 3, 'muscle_fiber': 3, 'Keratinocyte': 3, 'Immune_cell': 3, 'Lymphatic_endothelial': 3, 'Neural_cell': 1, 'Glandular': 1, 'Melanocytes': 1}","{'muscle_fiber': 1, 'Endothelial': 1, 'Lymphatic_endothelial': 1, 'Fibroblast': 1, 'Glandular': 1, 'Keratinocyte': 1, 'Unknown': 1, 'Neural_cell': 1, 'Immune_cell': 1}",0.1111111111111111,0.05555555555555555,0.1111111111111111,0.05555555555555555,,"[[1, 0, 0, 0, 0, 0, 0, 0, 0, 0], [0, 0, 0, 0, 0, 0, 0, 1, 0, 0], [0, 0, 0, 0, 0, 1, 0, 0, 0, 0], [1, 0, 0, 0, 0, 0, 0, 0, 0, 0], [1, 0, 0, 0, 0, 0, 0, 0, 0, 0], [0, 0, 0, 0, 0, 0, 0, 0, 0, 1], [0, 0, 0, 0, 0, 0, 0, 0, 0, 0], [0, 0, 0, 0, 0, 1, 0, 0, 0, 0], [0, 0, 0, 0, 0, 0, 0, 1, 0, 0], [0, 0, 0, 1, 0, 0, 0, 0, 0, 0]]","['Endothelial', 'Fibroblast', 'Glandular', 'Immune_cell', 'Keratinocyte', 'Lymphatic_endothelial', 'Melanocytes', 'Neural_cell', 'Unknown', 'muscle_fiber']",
cell_type,grouped_seed2_fold1,shared_genes,elastic_net_logreg,21,9,"{'Fibroblast': 3, 'Endothelial': 3, 'muscle_fiber': 3, 'Keratinocyte': 3, 'Immune_cell': 3, 'Lymphatic_endothelial': 3, 'Neural_cell': 1, 'Glandular': 1, 'Melanocytes': 1}","{'muscle_fiber': 1, 'Endothelial': 1, 'Lymphatic_endothelial': 1, 'Fibroblast': 1, 'Glandular': 1, 'Keratinocyte': 1, 'Unknown': 1, 'Neural_cell': 1, 'Immune_cell': 1}",0.8888888888888888,0.8518518518518517,0.8888888888888888,0.8518518518518517,,"[[1, 0, 0, 0, 0, 0, 0, 0, 0, 0], [0, 1, 0, 0, 0, 0, 0, 0, 0, 0], [0, 0, 1, 0, 0, 0, 0, 0, 0, 0], [0, 0, 0, 1, 0, 0, 0, 0, 0, 0], [0, 0, 0, 0, 1, 0, 0, 0, 0, 0], [0, 0, 0, 0, 0, 1, 0, 0, 0, 0], [0, 0, 0, 0, 0, 0, 0, 0, 0, 0], [0, 0, 0, 0, 0, 0, 0, 1, 0, 0], [0, 0, 1, 0, 0, 0, 0, 0, 0, 0], [0, 0, 0, 0, 0, 0, 0, 0, 0, 1]]","['Endothelial', 'Fibroblast', 'Glandular', 'Immune_cell', 'Keratinocyte', 'Lymphatic_endothelial', 'Melanocytes', 'Neural_cell', 'Unknown', 'muscle_fiber']",
cell_type,grouped_seed2_fold1,shared_genes,linear_svm,21,9,"{'Fibroblast': 3, 'Endothelial': 3, 'muscle_fiber': 3, 'Keratinocyte': 3, 'Immune_cell': 3, 'Lymphatic_endothelial': 3, 'Neural_cell': 1, 'Glandular': 1, 'Melanocytes': 1}","{'muscle_fiber': 1, 'Endothelial': 1, 'Lymphatic_endothelial': 1, 'Fibroblast': 1, 'Glandular': 1, 'Keratinocyte': 1, 'Unknown': 1, 'Neural_cell': 1, 'Immune_cell': 1}",0.7777777777777778,0.7222222222222222,0.7777777777777778,0.7222222222222222,,"[[1, 0, 0, 0, 0, 0, 0, 0, 0, 0], [0, 1, 0, 0, 0, 0, 0, 0, 0, 0], [0, 0, 1, 0, 0, 0, 0, 0, 0, 0], [0, 0, 0, 1, 0, 0, 0, 0, 0, 0], [0, 0, 1, 0, 0, 0, 0, 0, 0, 0], [0, 0, 0, 0, 0, 1, 0, 0, 0, 0], [0, 0, 0, 0, 0, 0, 0, 0, 0, 0], [0, 0, 0, 0, 0, 0, 0, 1, 0, 0], [0, 0, 1, 0, 0, 0, 0, 0, 0, 0], [0, 0, 0, 0, 0, 0, 0, 0, 0, 1]]","['Endothelial', 'Fibroblast', 'Glandular', 'Immune_cell', 'Keratinocyte', 'Lymphatic_endothelial', 'Melanocytes', 'Neural_cell', 'Unknown', 'muscle_fiber']",
cell_type,grouped_seed2_fold1,shared_genes,random_forest,21,9,"{'Fibroblast': 3, 'Endothelial': 3, 'muscle_fiber': 3, 'Keratinocyte': 3, 'Immune_cell': 3, 'Lymphatic_endothelial': 3, 'Neural_cell': 1, 'Glandular': 1, 'Melanocytes': 1}","{'muscle_fiber': 1, 'Endothelial': 1, 'Lymphatic_endothelial': 1, 'Fibroblast': 1, 'Glandular': 1, 'Keratinocyte': 1, 'Unknown': 1, 'Neural_cell': 1, 'Immune_cell': 1}",0.8888888888888888,0.8518518518518517,0.8888888888888888,0.8518518518518517,,"[[1, 0, 0, 0, 0, 0, 0, 0, 0, 0], [0, 1, 0, 0, 0, 0, 0, 0, 0, 0], [0, 0, 1, 0, 0, 0, 0, 0, 0, 0], [0, 0, 0, 1, 0, 0, 0, 0, 0, 0], [0, 0, 0, 0, 1, 0, 0, 0, 0, 0], [0, 0, 0, 0, 0, 1, 0, 0, 0, 0], [0, 0, 0, 0, 0, 0, 0, 0, 0, 0], [0, 0, 0, 0, 0, 0, 0, 1, 0, 0], [0, 0, 0, 1, 0, 0, 0, 0, 0, 0], [0, 0, 0, 0, 0, 0, 0, 0, 0, 1]]","['Endothelial', 'Fibroblast', 'Glandular', 'Immune_cell', 'Keratinocyte', 'Lymphatic_endothelial', 'Melanocytes', 'Neural_cell', 'Unknown', 'muscle_fiber']",
cell_type,grouped_seed2_fold1,shared_genes,hist_gradient_boosting,21,9,"{'Fibroblast': 3, 'Endothelial': 3, 'muscle_fiber': 3, 'Keratinocyte': 3, 'Immune_cell': 3, 'Lymphatic_endothelial': 3, 'Neural_cell': 1, 'Glandular': 1, 'Melanocytes': 1}","{'muscle_fiber': 1, 'Endothelial': 1, 'Lymphatic_endothelial': 1, 'Fibroblast': 1, 'Glandular': 1, 'Keratinocyte': 1, 'Unknown': 1, 'Neural_cell': 1, 'Immune_cell': 1}",0.1111111111111111,0.022222222222222223,0.1111111111111111,0.022222222222222223,,"[[1, 0, 0, 0, 0, 0, 0, 0, 0, 0], [1, 0, 0, 0, 0, 0, 0, 0, 0, 0], [1, 0, 0, 0, 0, 0, 0, 0, 0, 0], [1, 0, 0, 0, 0, 0, 0, 0, 0, 0], [1, 0, 0, 0, 0, 0, 0, 0, 0, 0], [1, 0, 0, 0, 0, 0, 0, 0, 0, 0], [0, 0, 0, 0, 0, 0, 0, 0, 0, 0], [1, 0, 0, 0, 0, 0, 0, 0, 0, 0], [1, 0, 0, 0, 0, 0, 0, 0, 0, 0], [1, 0, 0, 0, 0, 0, 0, 0, 0, 0]]","['Endothelial', 'Fibroblast', 'Glandular', 'Immune_cell', 'Keratinocyte', 'Lymphatic_endothelial', 'Melanocytes', 'Neural_cell', 'Unknown', 'muscle_fiber']",
cell_type,grouped_seed2_fold1,shared_genes,knn,21,9,"{'Fibroblast': 3, 'Endothelial': 3, 'muscle_fiber': 3, 'Keratinocyte': 3, 'Immune_cell': 3, 'Lymphatic_endothelial': 3, 'Neural_cell': 1, 'Glandular': 1, 'Melanocytes': 1}","{'muscle_fiber': 1, 'Endothelial': 1, 'Lymphatic_endothelial': 1, 'Fibroblast': 1, 'Glandular': 1, 'Keratinocyte': 1, 'Unknown': 1, 'Neural_cell': 1, 'Immune_cell': 1}",0.6666666666666666,0.5555555555555556,0.6666666666666666,0.5555555555555556,,"[[1, 0, 0, 0, 0, 0, 0, 0, 0, 0], [0, 1, 0, 0, 0, 0, 0, 0, 0, 0], [1, 0, 0, 0, 0, 0, 0, 0, 0, 0], [0, 0, 0, 1, 0, 0, 0, 0, 0, 0], [0, 0, 0, 0, 1, 0, 0, 0, 0, 0], [0, 0, 0, 0, 0, 1, 0, 0, 0, 0], [0, 0, 0, 0, 0, 0, 0, 0, 0, 0], [0, 1, 0, 0, 0, 0, 0, 0, 0, 0], [0, 0, 0, 1, 0, 0, 0, 0, 0, 0], [0, 0, 0, 0, 0, 0, 0, 0, 0, 1]]","['Endothelial', 'Fibroblast', 'Glandular', 'Immune_cell', 'Keratinocyte', 'Lymphatic_endothelial', 'Melanocytes', 'Neural_cell', 'Unknown', 'muscle_fiber']",
cell_type,grouped_seed2_fold1,modules_only,majority,21,9,"{'Fibroblast': 3, 'Endothelial': 3, 'muscle_fiber': 3, 'Keratinocyte': 3, 'Immune_cell': 3, 'Lymphatic_endothelial': 3, 'Neural_cell': 1, 'Glandular': 1, 'Melanocytes': 1}","{'muscle_fiber': 1, 'Endothelial': 1, 'Lymphatic_endothelial': 1, 'Fibroblast': 1, 'Glandular': 1, 'Keratinocyte': 1, 'Unknown': 1, 'Neural_cell': 1, 'Immune_cell': 1}",0.1111111111111111,0.022222222222222223,0.1111111111111111,0.022222222222222223,,"[[1, 0, 0, 0, 0, 0, 0, 0, 0, 0], [1, 0, 0, 0, 0, 0, 0, 0, 0, 0], [1, 0, 0, 0, 0, 0, 0, 0, 0, 0], [1, 0, 0, 0, 0, 0, 0, 0, 0, 0], [1, 0, 0, 0, 0, 0, 0, 0, 0, 0], [1, 0, 0, 0, 0, 0, 0, 0, 0, 0], [0, 0, 0, 0, 0, 0, 0, 0, 0, 0], [1, 0, 0, 0, 0, 0, 0, 0, 0, 0], [1, 0, 0, 0, 0, 0, 0, 0, 0, 0], [1, 0, 0, 0, 0, 0, 0, 0, 0, 0]]","['Endothelial', 'Fibroblast', 'Glandular', 'Immune_cell', 'Keratinocyte', 'Lymphatic_endothelial', 'Melanocytes', 'Neural_cell', 'Unknown', 'muscle_fiber']",
cell_type,grouped_seed2_fold1,modules_only,stratified_random,21,9,"{'Fibroblast': 3, 'Endothelial': 3, 'muscle_fiber': 3, 'Keratinocyte': 3, 'Immune_cell': 3, 'Lymphatic_endothelial': 3, 'Neural_cell': 1, 'Glandular': 1, 'Melanocytes': 1}","{'muscle_fiber': 1, 'Endothelial': 1, 'Lymphatic_endothelial': 1, 'Fibroblast': 1, 'Glandular': 1, 'Keratinocyte': 1, 'Unknown': 1, 'Neural_cell': 1, 'Immune_cell': 1}",0.1111111111111111,0.05555555555555555,0.1111111111111111,0.05555555555555555,,"[[1, 0, 0, 0, 0, 0, 0, 0, 0, 0], [0, 0, 0, 0, 0, 0, 0, 1, 0, 0], [0, 0, 0, 0, 0, 1, 0, 0, 0, 0], [1, 0, 0, 0, 0, 0, 0, 0, 0, 0], [1, 0, 0, 0, 0, 0, 0, 0, 0, 0], [0, 0, 0, 0, 0, 0, 0, 0, 0, 1], [0, 0, 0, 0, 0, 0, 0, 0, 0, 0], [0, 0, 0, 0, 0, 1, 0, 0, 0, 0], [0, 0, 0, 0, 0, 0, 0, 1, 0, 0], [0, 0, 0, 1, 0, 0, 0, 0, 0, 0]]","['Endothelial', 'Fibroblast', 'Glandular', 'Immune_cell', 'Keratinocyte', 'Lymphatic_endothelial', 'Melanocytes', 'Neural_cell', 'Unknown', 'muscle_fiber']",
cell_type,grouped_seed2_fold1,modules_only,elastic_net_logreg,21,9,"{'Fibroblast': 3, 'Endothelial': 3, 'muscle_fiber': 3, 'Keratinocyte': 3, 'Immune_cell': 3, 'Lymphatic_endothelial': 3, 'Neural_cell': 1, 'Glandular': 1, 'Melanocytes': 1}","{'muscle_fiber': 1, 'Endothelial': 1, 'Lymphatic_endothelial': 1, 'Fibroblast': 1, 'Glandular': 1, 'Keratinocyte': 1, 'Unknown': 1, 'Neural_cell': 1, 'Immune_cell': 1}",0.6666666666666666,0.5555555555555556,0.6666666666666666,0.5555555555555556,,"[[1, 0, 0, 0, 0, 0, 0, 0, 0, 0], [0, 1, 0, 0, 0, 0, 0, 0, 0, 0], [0, 0, 0, 0, 0, 1, 0, 0, 0, 0], [0, 0, 0, 1, 0, 0, 0, 0, 0, 0], [0, 1, 0, 0, 0, 0, 0, 0, 0, 0], [0, 0, 0, 0, 0, 1, 0, 0, 0, 0], [0, 0, 0, 0, 0, 0, 0, 0, 0, 0], [0, 0, 0, 0, 0, 0, 0, 1, 0, 0], [0, 0, 0, 1, 0, 0, 0, 0, 0, 0], [0, 0, 0, 0, 0, 0, 0, 0, 0, 1]]","['Endothelial', 'Fibroblast', 'Glandular', 'Immune_cell', 'Keratinocyte', 'Lymphatic_endothelial', 'Melanocytes', 'Neural_cell', 'Unknown', 'muscle_fiber']",
cell_type,grouped_seed2_fold1,modules_only,linear_svm,21,9,"{'Fibroblast': 3, 'Endothelial': 3, 'muscle_fiber': 3, 'Keratinocyte': 3, 'Immune_cell': 3, 'Lymphatic_endothelial': 3, 'Neural_cell': 1, 'Glandular': 1, 'Melanocytes': 1}","{'muscle_fiber': 1, 'Endothelial': 1, 'Lymphatic_endothelial': 1, 'Fibroblast': 1, 'Glandular': 1, 'Keratinocyte': 1, 'Unknown': 1, 'Neural_cell': 1, 'Immune_cell': 1}",0.6666666666666666,0.5555555555555556,0.6666666666666666,0.5555555555555556,,"[[1, 0, 0, 0, 0, 0, 0, 0, 0, 0], [0, 1, 0, 0, 0, 0, 0, 0, 0, 0], [1, 0, 0, 0, 0, 0, 0, 0, 0, 0], [0, 0, 0, 1, 0, 0, 0, 0, 0, 0], [0, 1, 0, 0, 0, 0, 0, 0, 0, 0], [0, 0, 0, 0, 0, 1, 0, 0, 0, 0], [0, 0, 0, 0, 0, 0, 0, 0, 0, 0], [0, 0, 0, 0, 0, 0, 0, 1, 0, 0], [0, 0, 0, 1, 0, 0, 0, 0, 0, 0], [0, 0, 0, 0, 0, 0, 0, 0, 0, 1]]","['Endothelial', 'Fibroblast', 'Glandular', 'Immune_cell', 'Keratinocyte', 'Lymphatic_endothelial', 'Melanocytes', 'Neural_cell', 'Unknown', 'muscle_fiber']",
cell_type,grouped_seed2_fold1,modules_only,random_forest,21,9,"{'Fibroblast': 3, 'Endothelial': 3, 'muscle_fiber': 3, 'Keratinocyte': 3, 'Immune_cell': 3, 'Lymphatic_endothelial': 3, 'Neural_cell': 1, 'Glandular': 1, 'Melanocytes': 1}","{'muscle_fiber': 1, 'Endothelial': 1, 'Lymphatic_endothelial': 1, 'Fibroblast': 1, 'Glandular': 1, 'Keratinocyte': 1, 'Unknown': 1, 'Neural_cell': 1, 'Immune_cell': 1}",0.5555555555555556,0.4259259259259259,0.5555555555555556,0.4259259259259259,,"[[1, 0, 0, 0, 0, 0, 0, 0, 0, 0], [0, 1, 0, 0, 0, 0, 0, 0, 0, 0], [0, 0, 0, 0, 0, 1, 0, 0, 0, 0], [0, 0, 0, 1, 0, 0, 0, 0, 0, 0], [0, 1, 0, 0, 0, 0, 0, 0, 0, 0], [0, 0, 0, 0, 0, 1, 0, 0, 0, 0], [0, 0, 0, 0, 0, 0, 0, 0, 0, 0], [0, 0, 0, 0, 0, 0, 0, 1, 0, 0], [0, 0, 0, 1, 0, 0, 0, 0, 0, 0], [0, 1, 0, 0, 0, 0, 0, 0, 0, 0]]","['Endothelial', 'Fibroblast', 'Glandular', 'Immune_cell', 'Keratinocyte', 'Lymphatic_endothelial', 'Melanocytes', 'Neural_cell', 'Unknown', 'muscle_fiber']",
cell_type,grouped_seed2_fold1,modules_only,hist_gradient_boosting,21,9,"{'Fibroblast': 3, 'Endothelial': 3, 'muscle_fiber': 3, 'Keratinocyte': 3, 'Immune_cell': 3, 'Lymphatic_endothelial': 3, 'Neural_cell': 1, 'Glandular': 1, 'Melanocytes': 1}","{'muscle_fiber': 1, 'Endothelial': 1, 'Lymphatic_endothelial': 1, 'Fibroblast': 1, 'Glandular': 1, 'Keratinocyte': 1, 'Unknown': 1, 'Neural_cell': 1, 'Immune_cell': 1}",0.1111111111111111,0.022222222222222223,0.1111111111111111,0.022222222222222223,,"[[1, 0, 0, 0, 0, 0, 0, 0, 0, 0], [1, 0, 0, 0, 0, 0, 0, 0, 0, 0], [1, 0, 0, 0, 0, 0, 0, 0, 0, 0], [1, 0, 0, 0, 0, 0, 0, 0, 0, 0], [1, 0, 0, 0, 0, 0, 0, 0, 0, 0], [1, 0, 0, 0, 0, 0, 0, 0, 0, 0], [0, 0, 0, 0, 0, 0, 0, 0, 0, 0], [1, 0, 0, 0, 0, 0, 0, 0, 0, 0], [1, 0, 0, 0, 0, 0, 0, 0, 0, 0], [1, 0, 0, 0, 0, 0, 0, 0, 0, 0]]","['Endothelial', 'Fibroblast', 'Glandular', 'Immune_cell', 'Keratinocyte', 'Lymphatic_endothelial', 'Melanocytes', 'Neural_cell', 'Unknown', 'muscle_fiber']",
cell_type,grouped_seed2_fold1,modules_only,knn,21,9,"{'Fibroblast': 3, 'Endothelial': 3, 'muscle_fiber': 3, 'Keratinocyte': 3, 'Immune_cell': 3, 'Lymphatic_endothelial': 3, 'Neural_cell': 1, 'Glandular': 1, 'Melanocytes': 1}","{'muscle_fiber': 1, 'Endothelial': 1, 'Lymphatic_endothelial': 1, 'Fibroblast': 1, 'Glandular': 1, 'Keratinocyte': 1, 'Unknown': 1, 'Neural_cell': 1, 'Immune_cell': 1}",0.5555555555555556,0.4074074074074074,0.5555555555555556,0.4074074074074074,,"[[1, 0, 0, 0, 0, 0, 0, 0, 0, 0], [0, 1, 0, 0, 0, 0, 0, 0, 0, 0], [1, 0, 0, 0, 0, 0, 0, 0, 0, 0], [0, 0, 0, 1, 0, 0, 0, 0, 0, 0], [0, 1, 0, 0, 0, 0, 0, 0, 0, 0], [0, 0, 0, 0, 0, 1, 0, 0, 0, 0], [0, 0, 0, 0, 0, 0, 0, 0, 0, 0], [0, 0, 0, 0, 0, 0, 0, 0, 0, 1], [0, 0, 0, 1, 0, 0, 0, 0, 0, 0], [0, 0, 0, 0, 0, 0, 0, 0, 0, 1]]","['Endothelial', 'Fibroblast', 'Glandular', 'Immune_cell', 'Keratinocyte', 'Lymphatic_endothelial', 'Melanocytes', 'Neural_cell', 'Unknown', 'muscle_fiber']",
cell_type,grouped_seed2_fold1,modules_only,small_mlp,21,9,"{'Fibroblast': 3, 'Endothelial': 3, 'muscle_fiber': 3, 'Keratinocyte': 3, 'Immune_cell': 3, 'Lymphatic_endothelial': 3, 'Neural_cell': 1, 'Glandular': 1, 'Melanocytes': 1}","{'muscle_fiber': 1, 'Endothelial': 1, 'Lymphatic_endothelial': 1, 'Fibroblast': 1, 'Glandular': 1, 'Keratinocyte': 1, 'Unknown': 1, 'Neural_cell': 1, 'Immune_cell': 1}",0.1111111111111111,0.07407407407407407,0.1111111111111111,0.07407407407407407,,"[[1, 0, 0, 0, 0, 0, 0, 0, 0, 0], [0, 0, 0, 0, 0, 0, 0, 0, 0, 1], [1, 0, 0, 0, 0, 0, 0, 0, 0, 0], [0, 1, 0, 0, 0, 0, 0, 0, 0, 0], [0, 0, 0, 0, 0, 0, 0, 0, 0, 1], [0, 0, 0, 1, 0, 0, 0, 0, 0, 0], [0, 0, 0, 0, 0, 0, 0, 0, 0, 0], [0, 0, 0, 0, 0, 0, 0, 0, 0, 1], [0, 0, 0, 0, 0, 1, 0, 0, 0, 0], [0, 0, 1, 0, 0, 0, 0, 0, 0, 0]]","['Endothelial', 'Fibroblast', 'Glandular', 'Immune_cell', 'Keratinocyte', 'Lymphatic_endothelial', 'Melanocytes', 'Neural_cell', 'Unknown', 'muscle_fiber']",
cell_type,grouped_seed2_fold2,shared_genes_plus_modules,majority,16,15,"{'Fibroblast': 2, 'Endothelial': 2, 'muscle_fiber': 2, 'Keratinocyte': 2, 'Immune_cell': 2, 'Neural_cell': 2, 'Lymphatic_endothelial': 2, 'Glandular': 1, 'Unknown': 1}","{'Fibroblast': 2, 'Keratinocyte': 2, 'Endothelial': 2, 'muscle_fiber': 2, 'Lymphatic_endothelial': 2, 'Melanocytes': 2, 'Immune_cell': 2, 'Glandular': 1}",0.13333333333333333,0.03137254901960784,0.125,0.029411764705882353,,"[[2, 0, 0, 0, 0, 0, 0, 0, 0, 0], [2, 0, 0, 0, 0, 0, 0, 0, 0, 0], [1, 0, 0, 0, 0, 0, 0, 0, 0, 0], [2, 0, 0, 0, 0, 0, 0, 0, 0, 0], [2, 0, 0, 0, 0, 0, 0, 0, 0, 0], [2, 0, 0, 0, 0, 0, 0, 0, 0, 0], [2, 0, 0, 0, 0, 0, 0, 0, 0, 0], [0, 0, 0, 0, 0, 0, 0, 0, 0, 0], [0, 0, 0, 0, 0, 0, 0, 0, 0, 0], [2, 0, 0, 0, 0, 0, 0, 0, 0, 0]]","['Endothelial', 'Fibroblast', 'Glandular', 'Immune_cell', 'Keratinocyte', 'Lymphatic_endothelial', 'Melanocytes', 'Neural_cell', 'Unknown', 'muscle_fiber']",
cell_type,grouped_seed2_fold2,shared_genes_plus_modules,stratified_random,16,15,"{'Fibroblast': 2, 'Endothelial': 2, 'muscle_fiber': 2, 'Keratinocyte': 2, 'Immune_cell': 2, 'Neural_cell': 2, 'Lymphatic_endothelial': 2, 'Glandular': 1, 'Unknown': 1}","{'Fibroblast': 2, 'Keratinocyte': 2, 'Endothelial': 2, 'muscle_fiber': 2, 'Lymphatic_endothelial': 2, 'Melanocytes': 2, 'Immune_cell': 2, 'Glandular': 1}",0.06666666666666667,0.05333333333333334,0.0625,0.04,,"[[0, 0, 0, 0, 0, 0, 0, 0, 1, 1], [0, 0, 0, 1, 0, 1, 0, 0, 0, 0], [0, 0, 0, 1, 0, 0, 0, 0, 0, 0], [0, 0, 0, 0, 0, 0, 0, 1, 1, 0], [1, 0, 0, 0, 0, 1, 0, 0, 0, 0], [0, 0, 1, 0, 0, 1, 0, 0, 0, 0], [0, 0, 0, 0, 0, 0, 0, 0, 2, 0], [0, 0, 0, 0, 0, 0, 0, 0, 0, 0], [0, 0, 0, 0, 0, 0, 0, 0, 0, 0], [0, 0, 0, 1, 0, 0, 0, 0, 1, 0]]","['Endothelial', 'Fibroblast', 'Glandular', 'Immune_cell', 'Keratinocyte', 'Lymphatic_endothelial', 'Melanocytes', 'Neural_cell', 'Unknown', 'muscle_fiber']",
cell_type,grouped_seed2_fold2,shared_genes_plus_modules,elastic_net_logreg,16,15,"{'Fibroblast': 2, 'Endothelial': 2, 'muscle_fiber': 2, 'Keratinocyte': 2, 'Immune_cell': 2, 'Neural_cell': 2, 'Lymphatic_endothelial': 2, 'Glandular': 1, 'Unknown': 1}","{'Fibroblast': 2, 'Keratinocyte': 2, 'Endothelial': 2, 'muscle_fiber': 2, 'Lymphatic_endothelial': 2, 'Melanocytes': 2, 'Immune_cell': 2, 'Glandular': 1}",0.8666666666666667,0.8222222222222222,0.875,0.8333333333333333,,"[[2, 0, 0, 0, 0, 0, 0, 0, 0, 0], [0, 2, 0, 0, 0, 0, 0, 0, 0, 0], [0, 0, 1, 0, 0, 0, 0, 0, 0, 0], [0, 0, 0, 2, 0, 0, 0, 0, 0, 0], [0, 0, 0, 0, 2, 0, 0, 0, 0, 0], [0, 0, 0, 0, 0, 2, 0, 0, 0, 0], [0, 0, 0, 0, 0, 0, 0, 0, 0, 2], [0, 0, 0, 0, 0, 0, 0, 0, 0, 0], [0, 0, 0, 0, 0, 0, 0, 0, 0, 0], [0, 0, 0, 0, 0, 0, 0, 0, 0, 2]]","['Endothelial', 'Fibroblast', 'Glandular', 'Immune_cell', 'Keratinocyte', 'Lymphatic_endothelial', 'Melanocytes', 'Neural_cell', 'Unknown', 'muscle_fiber']",
cell_type,grouped_seed2_fold2,shared_genes_plus_modules,linear_svm,16,15,"{'Fibroblast': 2, 'Endothelial': 2, 'muscle_fiber': 2, 'Keratinocyte': 2, 'Immune_cell': 2, 'Neural_cell': 2, 'Lymphatic_endothelial': 2, 'Glandular': 1, 'Unknown': 1}","{'Fibroblast': 2, 'Keratinocyte': 2, 'Endothelial': 2, 'muscle_fiber': 2, 'Lymphatic_endothelial': 2, 'Melanocytes': 2, 'Immune_cell': 2, 'Glandular': 1}",0.8666666666666667,0.8222222222222222,0.875,0.8333333333333333,,"[[2, 0, 0, 0, 0, 0, 0, 0, 0, 0], [0, 2, 0, 0, 0, 0, 0, 0, 0, 0], [0, 0, 1, 0, 0, 0, 0, 0, 0, 0], [0, 0, 0, 2, 0, 0, 0, 0, 0, 0], [0, 0, 0, 0, 2, 0, 0, 0, 0, 0], [0, 0, 0, 0, 0, 2, 0, 0, 0, 0], [0, 0, 0, 0, 2, 0, 0, 0, 0, 0], [0, 0, 0, 0, 0, 0, 0, 0, 0, 0], [0, 0, 0, 0, 0, 0, 0, 0, 0, 0], [0, 0, 0, 0, 0, 0, 0, 0, 0, 2]]","['Endothelial', 'Fibroblast', 'Glandular', 'Immune_cell', 'Keratinocyte', 'Lymphatic_endothelial', 'Melanocytes', 'Neural_cell', 'Unknown', 'muscle_fiber']",
cell_type,grouped_seed2_fold2,shared_genes_plus_modules,random_forest,16,15,"{'Fibroblast': 2, 'Endothelial': 2, 'muscle_fiber': 2, 'Keratinocyte': 2, 'Immune_cell': 2, 'Neural_cell': 2, 'Lymphatic_endothelial': 2, 'Glandular': 1, 'Unknown': 1}","{'Fibroblast': 2, 'Keratinocyte': 2, 'Endothelial': 2, 'muscle_fiber': 2, 'Lymphatic_endothelial': 2, 'Melanocytes': 2, 'Immune_cell': 2, 'Glandular': 1}",0.8,0.7733333333333333,0.75,0.6444444444444444,,"[[2, 0, 0, 0, 0, 0, 0, 0, 0, 0], [0, 2, 0, 0, 0, 0, 0, 0, 0, 0], [0, 0, 0, 0, 1, 0, 0, 0, 0, 0], [0, 0, 0, 2, 0, 0, 0, 0, 0, 0], [0, 0, 0, 0, 2, 0, 0, 0, 0, 0], [0, 0, 0, 0, 0, 2, 0, 0, 0, 0], [0, 0, 0, 0, 0, 0, 0, 2, 0, 0], [0, 0, 0, 0, 0, 0, 0, 0, 0, 0], [0, 0, 0, 0, 0, 0, 0, 0, 0, 0], [0, 0, 0, 0, 0, 0, 0, 0, 0, 2]]","['Endothelial', 'Fibroblast', 'Glandular', 'Immune_cell', 'Keratinocyte', 'Lymphatic_endothelial', 'Melanocytes', 'Neural_cell', 'Unknown', 'muscle_fiber']",
cell_type,grouped_seed2_fold2,shared_genes_plus_modules,hist_gradient_boosting,16,15,"{'Fibroblast': 2, 'Endothelial': 2, 'muscle_fiber': 2, 'Keratinocyte': 2, 'Immune_cell': 2, 'Neural_cell': 2, 'Lymphatic_endothelial': 2, 'Glandular': 1, 'Unknown': 1}","{'Fibroblast': 2, 'Keratinocyte': 2, 'Endothelial': 2, 'muscle_fiber': 2, 'Lymphatic_endothelial': 2, 'Melanocytes': 2, 'Immune_cell': 2, 'Glandular': 1}",0.13333333333333333,0.03137254901960784,0.125,0.029411764705882353,,"[[2, 0, 0, 0, 0, 0, 0, 0, 0, 0], [2, 0, 0, 0, 0, 0, 0, 0, 0, 0], [1, 0, 0, 0, 0, 0, 0, 0, 0, 0], [2, 0, 0, 0, 0, 0, 0, 0, 0, 0], [2, 0, 0, 0, 0, 0, 0, 0, 0, 0], [2, 0, 0, 0, 0, 0, 0, 0, 0, 0], [2, 0, 0, 0, 0, 0, 0, 0, 0, 0], [0, 0, 0, 0, 0, 0, 0, 0, 0, 0], [0, 0, 0, 0, 0, 0, 0, 0, 0, 0], [2, 0, 0, 0, 0, 0, 0, 0, 0, 0]]","['Endothelial', 'Fibroblast', 'Glandular', 'Immune_cell', 'Keratinocyte', 'Lymphatic_endothelial', 'Melanocytes', 'Neural_cell', 'Unknown', 'muscle_fiber']",
cell_type,grouped_seed2_fold2,shared_genes_plus_modules,knn,16,15,"{'Fibroblast': 2, 'Endothelial': 2, 'muscle_fiber': 2, 'Keratinocyte': 2, 'Immune_cell': 2, 'Neural_cell': 2, 'Lymphatic_endothelial': 2, 'Glandular': 1, 'Unknown': 1}","{'Fibroblast': 2, 'Keratinocyte': 2, 'Endothelial': 2, 'muscle_fiber': 2, 'Lymphatic_endothelial': 2, 'Melanocytes': 2, 'Immune_cell': 2, 'Glandular': 1}",0.8666666666666667,0.8133333333333332,0.875,0.825,,"[[2, 0, 0, 0, 0, 0, 0, 0, 0, 0], [0, 2, 0, 0, 0, 0, 0, 0, 0, 0], [0, 0, 1, 0, 0, 0, 0, 0, 0, 0], [0, 0, 0, 2, 0, 0, 0, 0, 0, 0], [0, 0, 0, 0, 2, 0, 0, 0, 0, 0], [0, 0, 0, 0, 0, 2, 0, 0, 0, 0], [0, 1, 0, 0, 0, 0, 0, 0, 0, 1], [0, 0, 0, 0, 0, 0, 0, 0, 0, 0], [0, 0, 0, 0, 0, 0, 0, 0, 0, 0], [0, 0, 0, 0, 0, 0, 0, 0, 0, 2]]","['Endothelial', 'Fibroblast', 'Glandular', 'Immune_cell', 'Keratinocyte', 'Lymphatic_endothelial', 'Melanocytes', 'Neural_cell', 'Unknown', 'muscle_fiber']",
cell_type,grouped_seed2_fold2,shared_genes_plus_modules,small_mlp,16,15,"{'Fibroblast': 2, 'Endothelial': 2, 'muscle_fiber': 2, 'Keratinocyte': 2, 'Immune_cell': 2, 'Neural_cell': 2, 'Lymphatic_endothelial': 2, 'Glandular': 1, 'Unknown': 1}","{'Fibroblast': 2, 'Keratinocyte': 2, 'Endothelial': 2, 'muscle_fiber': 2, 'Lymphatic_endothelial': 2, 'Melanocytes': 2, 'Immune_cell': 2, 'Glandular': 1}",0.7333333333333333,0.7555555555555554,0.6875,0.6296296296296295,,"[[2, 0, 0, 0, 0, 0, 0, 0, 0, 0], [0, 2, 0, 0, 0, 0, 0, 0, 0, 0], [0, 0, 0, 0, 0, 0, 0, 0, 1, 0], [0, 0, 0, 2, 0, 0, 0, 0, 0, 0], [0, 0, 0, 0, 2, 0, 0, 0, 0, 0], [0, 0, 0, 0, 0, 1, 0, 0, 1, 0], [0, 0, 0, 0, 0, 0, 0, 0, 2, 0], [0, 0, 0, 0, 0, 0, 0, 0, 0, 0], [0, 0, 0, 0, 0, 0, 0, 0, 0, 0], [0, 0, 0, 0, 0, 0, 0, 0, 0, 2]]","['Endothelial', 'Fibroblast', 'Glandular', 'Immune_cell', 'Keratinocyte', 'Lymphatic_endothelial', 'Melanocytes', 'Neural_cell', 'Unknown', 'muscle_fiber']",
cell_type,grouped_seed2_fold2,shared_genes,majority,16,15,"{'Fibroblast': 2, 'Endothelial': 2, 'muscle_fiber': 2, 'Keratinocyte': 2, 'Immune_cell': 2, 'Neural_cell': 2, 'Lymphatic_endothelial': 2, 'Glandular': 1, 'Unknown': 1}","{'Fibroblast': 2, 'Keratinocyte': 2, 'Endothelial': 2, 'muscle_fiber': 2, 'Lymphatic_endothelial': 2, 'Melanocytes': 2, 'Immune_cell': 2, 'Glandular': 1}",0.13333333333333333,0.03137254901960784,0.125,0.029411764705882353,,"[[2, 0, 0, 0, 0, 0, 0, 0, 0, 0], [2, 0, 0, 0, 0, 0, 0, 0, 0, 0], [1, 0, 0, 0, 0, 0, 0, 0, 0, 0], [2, 0, 0, 0, 0, 0, 0, 0, 0, 0], [2, 0, 0, 0, 0, 0, 0, 0, 0, 0], [2, 0, 0, 0, 0, 0, 0, 0, 0, 0], [2, 0, 0, 0, 0, 0, 0, 0, 0, 0], [0, 0, 0, 0, 0, 0, 0, 0, 0, 0], [0, 0, 0, 0, 0, 0, 0, 0, 0, 0], [2, 0, 0, 0, 0, 0, 0, 0, 0, 0]]","['Endothelial', 'Fibroblast', 'Glandular', 'Immune_cell', 'Keratinocyte', 'Lymphatic_endothelial', 'Melanocytes', 'Neural_cell', 'Unknown', 'muscle_fiber']",
cell_type,grouped_seed2_fold2,shared_genes,stratified_random,16,15,"{'Fibroblast': 2, 'Endothelial': 2, 'muscle_fiber': 2, 'Keratinocyte': 2, 'Immune_cell': 2, 'Neural_cell': 2, 'Lymphatic_endothelial': 2, 'Glandular': 1, 'Unknown': 1}","{'Fibroblast': 2, 'Keratinocyte': 2, 'Endothelial': 2, 'muscle_fiber': 2, 'Lymphatic_endothelial': 2, 'Melanocytes': 2, 'Immune_cell': 2, 'Glandular': 1}",0.06666666666666667,0.05333333333333334,0.0625,0.04,,"[[0, 0, 0, 0, 0, 0, 0, 0, 1, 1], [0, 0, 0, 1, 0, 1, 0, 0, 0, 0], [0, 0, 0, 1, 0, 0, 0, 0, 0, 0], [0, 0, 0, 0, 0, 0, 0, 1, 1, 0], [1, 0, 0, 0, 0, 1, 0, 0, 0, 0], [0, 0, 1, 0, 0, 1, 0, 0, 0, 0], [0, 0, 0, 0, 0, 0, 0, 0, 2, 0], [0, 0, 0, 0, 0, 0, 0, 0, 0, 0], [0, 0, 0, 0, 0, 0, 0, 0, 0, 0], [0, 0, 0, 1, 0, 0, 0, 0, 1, 0]]","['Endothelial', 'Fibroblast', 'Glandular', 'Immune_cell', 'Keratinocyte', 'Lymphatic_endothelial', 'Melanocytes', 'Neural_cell', 'Unknown', 'muscle_fiber']",
cell_type,grouped_seed2_fold2,shared_genes,elastic_net_logreg,16,15,"{'Fibroblast': 2, 'Endothelial': 2, 'muscle_fiber': 2, 'Keratinocyte': 2, 'Immune_cell': 2, 'Neural_cell': 2, 'Lymphatic_endothelial': 2, 'Glandular': 1, 'Unknown': 1}","{'Fibroblast': 2, 'Keratinocyte': 2, 'Endothelial': 2, 'muscle_fiber': 2, 'Lymphatic_endothelial': 2, 'Melanocytes': 2, 'Immune_cell': 2, 'Glandular': 1}",0.8666666666666667,0.8222222222222222,0.875,0.8333333333333333,,"[[2, 0, 0, 0, 0, 0, 0, 0, 0, 0], [0, 2, 0, 0, 0, 0, 0, 0, 0, 0], [0, 0, 1, 0, 0, 0, 0, 0, 0, 0], [0, 0, 0, 2, 0, 0, 0, 0, 0, 0], [0, 0, 0, 0, 2, 0, 0, 0, 0, 0], [0, 0, 0, 0, 0, 2, 0, 0, 0, 0], [0, 0, 0, 0, 0, 0, 0, 0, 0, 2], [0, 0, 0, 0, 0, 0, 0, 0, 0, 0], [0, 0, 0, 0, 0, 0, 0, 0, 0, 0], [0, 0, 0, 0, 0, 0, 0, 0, 0, 2]]","['Endothelial', 'Fibroblast', 'Glandular', 'Immune_cell', 'Keratinocyte', 'Lymphatic_endothelial', 'Melanocytes', 'Neural_cell', 'Unknown', 'muscle_fiber']",
cell_type,grouped_seed2_fold2,shared_genes,linear_svm,16,15,"{'Fibroblast': 2, 'Endothelial': 2, 'muscle_fiber': 2, 'Keratinocyte': 2, 'Immune_cell': 2, 'Neural_cell': 2, 'Lymphatic_endothelial': 2, 'Glandular': 1, 'Unknown': 1}","{'Fibroblast': 2, 'Keratinocyte': 2, 'Endothelial': 2, 'muscle_fiber': 2, 'Lymphatic_endothelial': 2, 'Melanocytes': 2, 'Immune_cell': 2, 'Glandular': 1}",0.8666666666666667,0.8222222222222222,0.875,0.8333333333333333,,"[[2, 0, 0, 0, 0, 0, 0, 0, 0, 0], [0, 2, 0, 0, 0, 0, 0, 0, 0, 0], [0, 0, 1, 0, 0, 0, 0, 0, 0, 0], [0, 0, 0, 2, 0, 0, 0, 0, 0, 0], [0, 0, 0, 0, 2, 0, 0, 0, 0, 0], [0, 0, 0, 0, 0, 2, 0, 0, 0, 0], [0, 0, 0, 0, 2, 0, 0, 0, 0, 0], [0, 0, 0, 0, 0, 0, 0, 0, 0, 0], [0, 0, 0, 0, 0, 0, 0, 0, 0, 0], [0, 0, 0, 0, 0, 0, 0, 0, 0, 2]]","['Endothelial', 'Fibroblast', 'Glandular', 'Immune_cell', 'Keratinocyte', 'Lymphatic_endothelial', 'Melanocytes', 'Neural_cell', 'Unknown', 'muscle_fiber']",
cell_type,grouped_seed2_fold2,shared_genes,random_forest,16,15,"{'Fibroblast': 2, 'Endothelial': 2, 'muscle_fiber': 2, 'Keratinocyte': 2, 'Immune_cell': 2, 'Neural_cell': 2, 'Lymphatic_endothelial': 2, 'Glandular': 1, 'Unknown': 1}","{'Fibroblast': 2, 'Keratinocyte': 2, 'Endothelial': 2, 'muscle_fiber': 2, 'Lymphatic_endothelial': 2, 'Melanocytes': 2, 'Immune_cell': 2, 'Glandular': 1}",0.8,0.7733333333333333,0.75,0.6444444444444444,,"[[2, 0, 0, 0, 0, 0, 0, 0, 0, 0], [0, 2, 0, 0, 0, 0, 0, 0, 0, 0], [0, 0, 0, 0, 1, 0, 0, 0, 0, 0], [0, 0, 0, 2, 0, 0, 0, 0, 0, 0], [0, 0, 0, 0, 2, 0, 0, 0, 0, 0], [0, 0, 0, 0, 0, 2, 0, 0, 0, 0], [0, 0, 0, 0, 0, 0, 0, 2, 0, 0], [0, 0, 0, 0, 0, 0, 0, 0, 0, 0], [0, 0, 0, 0, 0, 0, 0, 0, 0, 0], [0, 0, 0, 0, 0, 0, 0, 0, 0, 2]]","['Endothelial', 'Fibroblast', 'Glandular', 'Immune_cell', 'Keratinocyte', 'Lymphatic_endothelial', 'Melanocytes', 'Neural_cell', 'Unknown', 'muscle_fiber']",
cell_type,grouped_seed2_fold2,shared_genes,hist_gradient_boosting,16,15,"{'Fibroblast': 2, 'Endothelial': 2, 'muscle_fiber': 2, 'Keratinocyte': 2, 'Immune_cell': 2, 'Neural_cell': 2, 'Lymphatic_endothelial': 2, 'Glandular': 1, 'Unknown': 1}","{'Fibroblast': 2, 'Keratinocyte': 2, 'Endothelial': 2, 'muscle_fiber': 2, 'Lymphatic_endothelial': 2, 'Melanocytes': 2, 'Immune_cell': 2, 'Glandular': 1}",0.13333333333333333,0.03137254901960784,0.125,0.029411764705882353,,"[[2, 0, 0, 0, 0, 0, 0, 0, 0, 0], [2, 0, 0, 0, 0, 0, 0, 0, 0, 0], [1, 0, 0, 0, 0, 0, 0, 0, 0, 0], [2, 0, 0, 0, 0, 0, 0, 0, 0, 0], [2, 0, 0, 0, 0, 0, 0, 0, 0, 0], [2, 0, 0, 0, 0, 0, 0, 0, 0, 0], [2, 0, 0, 0, 0, 0, 0, 0, 0, 0], [0, 0, 0, 0, 0, 0, 0, 0, 0, 0], [0, 0, 0, 0, 0, 0, 0, 0, 0, 0], [2, 0, 0, 0, 0, 0, 0, 0, 0, 0]]","['Endothelial', 'Fibroblast', 'Glandular', 'Immune_cell', 'Keratinocyte', 'Lymphatic_endothelial', 'Melanocytes', 'Neural_cell', 'Unknown', 'muscle_fiber']",
cell_type,grouped_seed2_fold2,shared_genes,knn,16,15,"{'Fibroblast': 2, 'Endothelial': 2, 'muscle_fiber': 2, 'Keratinocyte': 2, 'Immune_cell': 2, 'Neural_cell': 2, 'Lymphatic_endothelial': 2, 'Glandular': 1, 'Unknown': 1}","{'Fibroblast': 2, 'Keratinocyte': 2, 'Endothelial': 2, 'muscle_fiber': 2, 'Lymphatic_endothelial': 2, 'Melanocytes': 2, 'Immune_cell': 2, 'Glandular': 1}",0.8666666666666667,0.8133333333333332,0.875,0.825,,"[[2, 0, 0, 0, 0, 0, 0, 0, 0, 0], [0, 2, 0, 0, 0, 0, 0, 0, 0, 0], [0, 0, 1, 0, 0, 0, 0, 0, 0, 0], [0, 0, 0, 2, 0, 0, 0, 0, 0, 0], [0, 0, 0, 0, 2, 0, 0, 0, 0, 0], [0, 0, 0, 0, 0, 2, 0, 0, 0, 0], [0, 1, 0, 0, 0, 0, 0, 0, 0, 1], [0, 0, 0, 0, 0, 0, 0, 0, 0, 0], [0, 0, 0, 0, 0, 0, 0, 0, 0, 0], [0, 0, 0, 0, 0, 0, 0, 0, 0, 2]]","['Endothelial', 'Fibroblast', 'Glandular', 'Immune_cell', 'Keratinocyte', 'Lymphatic_endothelial', 'Melanocytes', 'Neural_cell', 'Unknown', 'muscle_fiber']",
cell_type,grouped_seed2_fold2,modules_only,majority,16,15,"{'Fibroblast': 2, 'Endothelial': 2, 'muscle_fiber': 2, 'Keratinocyte': 2, 'Immune_cell': 2, 'Neural_cell': 2, 'Lymphatic_endothelial': 2, 'Glandular': 1, 'Unknown': 1}","{'Fibroblast': 2, 'Keratinocyte': 2, 'Endothelial': 2, 'muscle_fiber': 2, 'Lymphatic_endothelial': 2, 'Melanocytes': 2, 'Immune_cell': 2, 'Glandular': 1}",0.13333333333333333,0.03137254901960784,0.125,0.029411764705882353,,"[[2, 0, 0, 0, 0, 0, 0, 0, 0, 0], [2, 0, 0, 0, 0, 0, 0, 0, 0, 0], [1, 0, 0, 0, 0, 0, 0, 0, 0, 0], [2, 0, 0, 0, 0, 0, 0, 0, 0, 0], [2, 0, 0, 0, 0, 0, 0, 0, 0, 0], [2, 0, 0, 0, 0, 0, 0, 0, 0, 0], [2, 0, 0, 0, 0, 0, 0, 0, 0, 0], [0, 0, 0, 0, 0, 0, 0, 0, 0, 0], [0, 0, 0, 0, 0, 0, 0, 0, 0, 0], [2, 0, 0, 0, 0, 0, 0, 0, 0, 0]]","['Endothelial', 'Fibroblast', 'Glandular', 'Immune_cell', 'Keratinocyte', 'Lymphatic_endothelial', 'Melanocytes', 'Neural_cell', 'Unknown', 'muscle_fiber']",
cell_type,grouped_seed2_fold2,modules_only,stratified_random,16,15,"{'Fibroblast': 2, 'Endothelial': 2, 'muscle_fiber': 2, 'Keratinocyte': 2, 'Immune_cell': 2, 'Neural_cell': 2, 'Lymphatic_endothelial': 2, 'Glandular': 1, 'Unknown': 1}","{'Fibroblast': 2, 'Keratinocyte': 2, 'Endothelial': 2, 'muscle_fiber': 2, 'Lymphatic_endothelial': 2, 'Melanocytes': 2, 'Immune_cell': 2, 'Glandular': 1}",0.06666666666666667,0.05333333333333334,0.0625,0.04,,"[[0, 0, 0, 0, 0, 0, 0, 0, 1, 1], [0, 0, 0, 1, 0, 1, 0, 0, 0, 0], [0, 0, 0, 1, 0, 0, 0, 0, 0, 0], [0, 0, 0, 0, 0, 0, 0, 1, 1, 0], [1, 0, 0, 0, 0, 1, 0, 0, 0, 0], [0, 0, 1, 0, 0, 1, 0, 0, 0, 0], [0, 0, 0, 0, 0, 0, 0, 0, 2, 0], [0, 0, 0, 0, 0, 0, 0, 0, 0, 0], [0, 0, 0, 0, 0, 0, 0, 0, 0, 0], [0, 0, 0, 1, 0, 0, 0, 0, 1, 0]]","['Endothelial', 'Fibroblast', 'Glandular', 'Immune_cell', 'Keratinocyte', 'Lymphatic_endothelial', 'Melanocytes', 'Neural_cell', 'Unknown', 'muscle_fiber']",
cell_type,grouped_seed2_fold2,modules_only,elastic_net_logreg,16,15,"{'Fibroblast': 2, 'Endothelial': 2, 'muscle_fiber': 2, 'Keratinocyte': 2, 'Immune_cell': 2, 'Neural_cell': 2, 'Lymphatic_endothelial': 2, 'Glandular': 1, 'Unknown': 1}","{'Fibroblast': 2, 'Keratinocyte': 2, 'Endothelial': 2, 'muscle_fiber': 2, 'Lymphatic_endothelial': 2, 'Melanocytes': 2, 'Immune_cell': 2, 'Glandular': 1}",0.3333333333333333,0.3288888888888889,0.3125,0.24666666666666667,,"[[1, 0, 1, 0, 0, 0, 0, 0, 0, 0], [0, 0, 0, 0, 1, 0, 0, 1, 0, 0], [0, 0, 0, 0, 0, 0, 0, 0, 1, 0], [0, 0, 0, 0, 0, 0, 0, 0, 2, 0], [0, 0, 0, 0, 2, 0, 0, 0, 0, 0], [0, 0, 0, 2, 0, 0, 0, 0, 0, 0], [0, 0, 0, 2, 0, 0, 0, 0, 0, 0], [0, 0, 0, 0, 0, 0, 0, 0, 0, 0], [0, 0, 0, 0, 0, 0, 0, 0, 0, 0], [0, 0, 0, 0, 0, 0, 0, 0, 0, 2]]","['Endothelial', 'Fibroblast', 'Glandular', 'Immune_cell', 'Keratinocyte', 'Lymphatic_endothelial', 'Melanocytes', 'Neural_cell', 'Unknown', 'muscle_fiber']",
cell_type,grouped_seed2_fold2,modules_only,linear_svm,16,15,"{'Fibroblast': 2, 'Endothelial': 2, 'muscle_fiber': 2, 'Keratinocyte': 2, 'Immune_cell': 2, 'Neural_cell': 2, 'Lymphatic_endothelial': 2, 'Glandular': 1, 'Unknown': 1}","{'Fibroblast': 2, 'Keratinocyte': 2, 'Endothelial': 2, 'muscle_fiber': 2, 'Lymphatic_endothelial': 2, 'Melanocytes': 2, 'Immune_cell': 2, 'Glandular': 1}",0.4,0.39999999999999997,0.375,0.29999999999999993,,"[[1, 0, 0, 0, 0, 0, 0, 1, 0, 0], [0, 0, 0, 0, 0, 0, 0, 2, 0, 0], [0, 0, 0, 0, 0, 0, 0, 1, 0, 0], [0, 0, 0, 0, 0, 0, 0, 2, 0, 0], [0, 0, 0, 0, 2, 0, 0, 0, 0, 0], [0, 0, 0, 0, 0, 2, 0, 0, 0, 0], [0, 0, 0, 0, 1, 0, 0, 0, 1, 0], [0, 0, 0, 0, 0, 0, 0, 0, 0, 0], [0, 0, 0, 0, 0, 0, 0, 0, 0, 0], [0, 0, 0, 0, 1, 0, 0, 0, 0, 1]]","['Endothelial', 'Fibroblast', 'Glandular', 'Immune_cell', 'Keratinocyte', 'Lymphatic_endothelial', 'Melanocytes', 'Neural_cell', 'Unknown', 'muscle_fiber']",
cell_type,grouped_seed2_fold2,modules_only,random_forest,16,15,"{'Fibroblast': 2, 'Endothelial': 2, 'muscle_fiber': 2, 'Keratinocyte': 2, 'Immune_cell': 2, 'Neural_cell': 2, 'Lymphatic_endothelial': 2, 'Glandular': 1, 'Unknown': 1}","{'Fibroblast': 2, 'Keratinocyte': 2, 'Endothelial': 2, 'muscle_fiber': 2, 'Lymphatic_endothelial': 2, 'Melanocytes': 2, 'Immune_cell': 2, 'Glandular': 1}",0.26666666666666666,0.2222222222222222,0.25,0.18518518518518517,,"[[1, 0, 0, 1, 0, 0, 0, 0, 0, 0], [0, 0, 0, 0, 1, 0, 0, 1, 0, 0], [0, 0, 0, 1, 0, 0, 0, 0, 0, 0], [0, 0, 0, 2, 0, 0, 0, 0, 0, 0], [0, 0, 0, 2, 0, 0, 0, 0, 0, 0], [0, 0, 0, 2, 0, 0, 0, 0, 0, 0], [0, 0, 0, 2, 0, 0, 0, 0, 0, 0], [0, 0, 0, 0, 0, 0, 0, 0, 0, 0], [0, 0, 0, 0, 0, 0, 0, 0, 0, 0], [0, 0, 0, 0, 1, 0, 0, 0, 0, 1]]","['Endothelial', 'Fibroblast', 'Glandular', 'Immune_cell', 'Keratinocyte', 'Lymphatic_endothelial', 'Melanocytes', 'Neural_cell', 'Unknown', 'muscle_fiber']",
cell_type,grouped_seed2_fold2,modules_only,hist_gradient_boosting,16,15,"{'Fibroblast': 2, 'Endothelial': 2, 'muscle_fiber': 2, 'Keratinocyte': 2, 'Immune_cell': 2, 'Neural_cell': 2, 'Lymphatic_endothelial': 2, 'Glandular': 1, 'Unknown': 1}","{'Fibroblast': 2, 'Keratinocyte': 2, 'Endothelial': 2, 'muscle_fiber': 2, 'Lymphatic_endothelial': 2, 'Melanocytes': 2, 'Immune_cell': 2, 'Glandular': 1}",0.13333333333333333,0.03137254901960784,0.125,0.029411764705882353,,"[[2, 0, 0, 0, 0, 0, 0, 0, 0, 0], [2, 0, 0, 0, 0, 0, 0, 0, 0, 0], [1, 0, 0, 0, 0, 0, 0, 0, 0, 0], [2, 0, 0, 0, 0, 0, 0, 0, 0, 0], [2, 0, 0, 0, 0, 0, 0, 0, 0, 0], [2, 0, 0, 0, 0, 0, 0, 0, 0, 0], [2, 0, 0, 0, 0, 0, 0, 0, 0, 0], [0, 0, 0, 0, 0, 0, 0, 0, 0, 0], [0, 0, 0, 0, 0, 0, 0, 0, 0, 0], [2, 0, 0, 0, 0, 0, 0, 0, 0, 0]]","['Endothelial', 'Fibroblast', 'Glandular', 'Immune_cell', 'Keratinocyte', 'Lymphatic_endothelial', 'Melanocytes', 'Neural_cell', 'Unknown', 'muscle_fiber']",
cell_type,grouped_seed2_fold2,modules_only,knn,16,15,"{'Fibroblast': 2, 'Endothelial': 2, 'muscle_fiber': 2, 'Keratinocyte': 2, 'Immune_cell': 2, 'Neural_cell': 2, 'Lymphatic_endothelial': 2, 'Glandular': 1, 'Unknown': 1}","{'Fibroblast': 2, 'Keratinocyte': 2, 'Endothelial': 2, 'muscle_fiber': 2, 'Lymphatic_endothelial': 2, 'Melanocytes': 2, 'Immune_cell': 2, 'Glandular': 1}",0.3333333333333333,0.27070707070707073,0.3125,0.2255892255892256,,"[[2, 0, 0, 0, 0, 0, 0, 0, 0, 0], [0, 0, 0, 0, 1, 0, 0, 1, 0, 0], [0, 0, 0, 1, 0, 0, 0, 0, 0, 0], [0, 0, 0, 2, 0, 0, 0, 0, 0, 0], [0, 0, 0, 2, 0, 0, 0, 0, 0, 0], [0, 0, 0, 2, 0, 0, 0, 0, 0, 0], [0, 0, 0, 2, 0, 0, 0, 0, 0, 0], [0, 0, 0, 0, 0, 0, 0, 0, 0, 0], [0, 0, 0, 0, 0, 0, 0, 0, 0, 0], [0, 0, 0, 0, 1, 0, 0, 0, 0, 1]]","['Endothelial', 'Fibroblast', 'Glandular', 'Immune_cell', 'Keratinocyte', 'Lymphatic_endothelial', 'Melanocytes', 'Neural_cell', 'Unknown', 'muscle_fiber']",
cell_type,grouped_seed2_fold2,modules_only,small_mlp,16,15,"{'Fibroblast': 2, 'Endothelial': 2, 'muscle_fiber': 2, 'Keratinocyte': 2, 'Immune_cell': 2, 'Neural_cell': 2, 'Lymphatic_endothelial': 2, 'Glandular': 1, 'Unknown': 1}","{'Fibroblast': 2, 'Keratinocyte': 2, 'Endothelial': 2, 'muscle_fiber': 2, 'Lymphatic_endothelial': 2, 'Melanocytes': 2, 'Immune_cell': 2, 'Glandular': 1}",0.0,0.0,0.0,0.0,,"[[0, 0, 2, 0, 0, 0, 0, 0, 0, 0], [0, 0, 2, 0, 0, 0, 0, 0, 0, 0], [0, 0, 0, 0, 0, 0, 0, 0, 0, 1], [0, 1, 0, 0, 0, 0, 0, 0, 0, 1], [0, 0, 0, 0, 0, 0, 0, 0, 0, 2], [0, 2, 0, 0, 0, 0, 0, 0, 0, 0], [0, 2, 0, 0, 0, 0, 0, 0, 0, 0], [0, 0, 0, 0, 0, 0, 0, 0, 0, 0], [0, 0, 0, 0, 0, 0, 0, 0, 0, 0], [0, 0, 0, 0, 0, 2, 0, 0, 0, 0]]","['Endothelial', 'Fibroblast', 'Glandular', 'Immune_cell', 'Keratinocyte', 'Lymphatic_endothelial', 'Melanocytes', 'Neural_cell', 'Unknown', 'muscle_fiber']",
cell_type,grouped_seed2_fold3,shared_genes_plus_modules,majority,22,9,"{'Lymphatic_endothelial': 3, 'Endothelial': 3, 'Fibroblast': 3, 'muscle_fiber': 3, 'Keratinocyte': 3, 'Immune_cell': 3, 'Glandular': 2, 'Melanocytes': 2}","{'Endothelial': 1, 'Fibroblast': 1, 'Keratinocyte': 1, 'Unknown': 1, 'muscle_fiber': 1, 'Lymphatic_endothelial': 1, 'Immune_cell': 1, 'Glandular': 1, 'Neural_cell': 1}",0.1111111111111111,0.022222222222222223,0.1111111111111111,0.022222222222222223,,"[[1, 0, 0, 0, 0, 0, 0, 0, 0, 0], [1, 0, 0, 0, 0, 0, 0, 0, 0, 0], [1, 0, 0, 0, 0, 0, 0, 0, 0, 0], [1, 0, 0, 0, 0, 0, 0, 0, 0, 0], [1, 0, 0, 0, 0, 0, 0, 0, 0, 0], [1, 0, 0, 0, 0, 0, 0, 0, 0, 0], [0, 0, 0, 0, 0, 0, 0, 0, 0, 0], [1, 0, 0, 0, 0, 0, 0, 0, 0, 0], [1, 0, 0, 0, 0, 0, 0, 0, 0, 0], [1, 0, 0, 0, 0, 0, 0, 0, 0, 0]]","['Endothelial', 'Fibroblast', 'Glandular', 'Immune_cell', 'Keratinocyte', 'Lymphatic_endothelial', 'Melanocytes', 'Neural_cell', 'Unknown', 'muscle_fiber']",
cell_type,grouped_seed2_fold3,shared_genes_plus_modules,stratified_random,22,9,"{'Lymphatic_endothelial': 3, 'Endothelial': 3, 'Fibroblast': 3, 'muscle_fiber': 3, 'Keratinocyte': 3, 'Immune_cell': 3, 'Glandular': 2, 'Melanocytes': 2}","{'Endothelial': 1, 'Fibroblast': 1, 'Keratinocyte': 1, 'Unknown': 1, 'muscle_fiber': 1, 'Lymphatic_endothelial': 1, 'Immune_cell': 1, 'Glandular': 1, 'Neural_cell': 1}",0.1111111111111111,0.07407407407407407,0.1111111111111111,0.06666666666666667,,"[[0, 0, 0, 1, 0, 0, 0, 0, 0, 0], [1, 0, 0, 0, 0, 0, 0, 0, 0, 0], [0, 0, 0, 0, 0, 0, 0, 0, 0, 1], [0, 0, 0, 1, 0, 0, 0, 0, 0, 0], [0, 0, 0, 0, 0, 0, 0, 0, 0, 1], [0, 0, 1, 0, 0, 0, 0, 0, 0, 0], [0, 0, 0, 0, 0, 0, 0, 0, 0, 0], [1, 0, 0, 0, 0, 0, 0, 0, 0, 0], [0, 1, 0, 0, 0, 0, 0, 0, 0, 0], [0, 0, 0, 0, 0, 0, 1, 0, 0, 0]]","['Endothelial', 'Fibroblast', 'Glandular', 'Immune_cell', 'Keratinocyte', 'Lymphatic_endothelial', 'Melanocytes', 'Neural_cell', 'Unknown', 'muscle_fiber']",
cell_type,grouped_seed2_fold3,shared_genes_plus_modules,elastic_net_logreg,22,9,"{'Lymphatic_endothelial': 3, 'Endothelial': 3, 'Fibroblast': 3, 'muscle_fiber': 3, 'Keratinocyte': 3, 'Immune_cell': 3, 'Glandular': 2, 'Melanocytes': 2}","{'Endothelial': 1, 'Fibroblast': 1, 'Keratinocyte': 1, 'Unknown': 1, 'muscle_fiber': 1, 'Lymphatic_endothelial': 1, 'Immune_cell': 1, 'Glandular': 1, 'Neural_cell': 1}",0.7777777777777778,0.7407407407407407,0.7777777777777778,0.6666666666666666,,"[[1, 0, 0, 0, 0, 0, 0, 0, 0, 0], [0, 1, 0, 0, 0, 0, 0, 0, 0, 0], [0, 0, 1, 0, 0, 0, 0, 0, 0, 0], [0, 0, 0, 1, 0, 0, 0, 0, 0, 0], [0, 0, 0, 0, 1, 0, 0, 0, 0, 0], [0, 0, 0, 0, 0, 1, 0, 0, 0, 0], [0, 0, 0, 0, 0, 0, 0, 0, 0, 0], [0, 0, 0, 0, 0, 0, 1, 0, 0, 0], [0, 0, 1, 0, 0, 0, 0, 0, 0, 0], [0, 0, 0, 0, 0, 0, 0, 0, 0, 1]]","['Endothelial', 'Fibroblast', 'Glandular', 'Immune_cell', 'Keratinocyte', 'Lymphatic_endothelial', 'Melanocytes', 'Neural_cell', 'Unknown', 'muscle_fiber']",
cell_type,grouped_seed2_fold3,shared_genes_plus_modules,linear_svm,22,9,"{'Lymphatic_endothelial': 3, 'Endothelial': 3, 'Fibroblast': 3, 'muscle_fiber': 3, 'Keratinocyte': 3, 'Immune_cell': 3, 'Glandular': 2, 'Melanocytes': 2}","{'Endothelial': 1, 'Fibroblast': 1, 'Keratinocyte': 1, 'Unknown': 1, 'muscle_fiber': 1, 'Lymphatic_endothelial': 1, 'Immune_cell': 1, 'Glandular': 1, 'Neural_cell': 1}",0.7777777777777778,0.7407407407407407,0.7777777777777778,0.6666666666666666,,"[[1, 0, 0, 0, 0, 0, 0, 0, 0, 0], [0, 1, 0, 0, 0, 0, 0, 0, 0, 0], [0, 0, 1, 0, 0, 0, 0, 0, 0, 0], [0, 0, 0, 1, 0, 0, 0, 0, 0, 0], [0, 0, 0, 0, 1, 0, 0, 0, 0, 0], [0, 0, 0, 0, 0, 1, 0, 0, 0, 0], [0, 0, 0, 0, 0, 0, 0, 0, 0, 0], [0, 0, 0, 0, 0, 0, 1, 0, 0, 0], [0, 0, 0, 1, 0, 0, 0, 0, 0, 0], [0, 0, 0, 0, 0, 0, 0, 0, 0, 1]]","['Endothelial', 'Fibroblast', 'Glandular', 'Immune_cell', 'Keratinocyte', 'Lymphatic_endothelial', 'Melanocytes', 'Neural_cell', 'Unknown', 'muscle_fiber']",
cell_type,grouped_seed2_fold3,shared_genes_plus_modules,random_forest,22,9,"{'Lymphatic_endothelial': 3, 'Endothelial': 3, 'Fibroblast': 3, 'muscle_fiber': 3, 'Keratinocyte': 3, 'Immune_cell': 3, 'Glandular': 2, 'Melanocytes': 2}","{'Endothelial': 1, 'Fibroblast': 1, 'Keratinocyte': 1, 'Unknown': 1, 'muscle_fiber': 1, 'Lymphatic_endothelial': 1, 'Immune_cell': 1, 'Glandular': 1, 'Neural_cell': 1}",0.7777777777777778,0.7037037037037037,0.7777777777777778,0.7037037037037037,,"[[1, 0, 0, 0, 0, 0, 0, 0, 0, 0], [0, 1, 0, 0, 0, 0, 0, 0, 0, 0], [0, 0, 1, 0, 0, 0, 0, 0, 0, 0], [0, 0, 0, 1, 0, 0, 0, 0, 0, 0], [0, 0, 0, 0, 1, 0, 0, 0, 0, 0], [0, 0, 0, 0, 0, 1, 0, 0, 0, 0], [0, 0, 0, 0, 0, 0, 0, 0, 0, 0], [0, 1, 0, 0, 0, 0, 0, 0, 0, 0], [0, 0, 1, 0, 0, 0, 0, 0, 0, 0], [0, 0, 0, 0, 0, 0, 0, 0, 0, 1]]","['Endothelial', 'Fibroblast', 'Glandular', 'Immune_cell', 'Keratinocyte', 'Lymphatic_endothelial', 'Melanocytes', 'Neural_cell', 'Unknown', 'muscle_fiber']",
cell_type,grouped_seed2_fold3,shared_genes_plus_modules,hist_gradient_boosting,22,9,"{'Lymphatic_endothelial': 3, 'Endothelial': 3, 'Fibroblast': 3, 'muscle_fiber': 3, 'Keratinocyte': 3, 'Immune_cell': 3, 'Glandular': 2, 'Melanocytes': 2}","{'Endothelial': 1, 'Fibroblast': 1, 'Keratinocyte': 1, 'Unknown': 1, 'muscle_fiber': 1, 'Lymphatic_endothelial': 1, 'Immune_cell': 1, 'Glandular': 1, 'Neural_cell': 1}",0.1111111111111111,0.022222222222222223,0.1111111111111111,0.022222222222222223,,"[[1, 0, 0, 0, 0, 0, 0, 0, 0, 0], [1, 0, 0, 0, 0, 0, 0, 0, 0, 0], [1, 0, 0, 0, 0, 0, 0, 0, 0, 0], [1, 0, 0, 0, 0, 0, 0, 0, 0, 0], [1, 0, 0, 0, 0, 0, 0, 0, 0, 0], [1, 0, 0, 0, 0, 0, 0, 0, 0, 0], [0, 0, 0, 0, 0, 0, 0, 0, 0, 0], [1, 0, 0, 0, 0, 0, 0, 0, 0, 0], [1, 0, 0, 0, 0, 0, 0, 0, 0, 0], [1, 0, 0, 0, 0, 0, 0, 0, 0, 0]]","['Endothelial', 'Fibroblast', 'Glandular', 'Immune_cell', 'Keratinocyte', 'Lymphatic_endothelial', 'Melanocytes', 'Neural_cell', 'Unknown', 'muscle_fiber']",
cell_type,grouped_seed2_fold3,shared_genes_plus_modules,knn,22,9,"{'Lymphatic_endothelial': 3, 'Endothelial': 3, 'Fibroblast': 3, 'muscle_fiber': 3, 'Keratinocyte': 3, 'Immune_cell': 3, 'Glandular': 2, 'Melanocytes': 2}","{'Endothelial': 1, 'Fibroblast': 1, 'Keratinocyte': 1, 'Unknown': 1, 'muscle_fiber': 1, 'Lymphatic_endothelial': 1, 'Immune_cell': 1, 'Glandular': 1, 'Neural_cell': 1}",0.6666666666666666,0.5555555555555556,0.6666666666666666,0.5555555555555556,,"[[1, 0, 0, 0, 0, 0, 0, 0, 0, 0], [0, 1, 0, 0, 0, 0, 0, 0, 0, 0], [0, 0, 0, 0, 1, 0, 0, 0, 0, 0], [0, 0, 0, 1, 0, 0, 0, 0, 0, 0], [0, 0, 0, 0, 1, 0, 0, 0, 0, 0], [0, 0, 0, 0, 0, 1, 0, 0, 0, 0], [0, 0, 0, 0, 0, 0, 0, 0, 0, 0], [0, 1, 0, 0, 0, 0, 0, 0, 0, 0], [1, 0, 0, 0, 0, 0, 0, 0, 0, 0], [0, 0, 0, 0, 0, 0, 0, 0, 0, 1]]","['Endothelial', 'Fibroblast', 'Glandular', 'Immune_cell', 'Keratinocyte', 'Lymphatic_endothelial', 'Melanocytes', 'Neural_cell', 'Unknown', 'muscle_fiber']",
cell_type,grouped_seed2_fold3,shared_genes_plus_modules,small_mlp,22,9,"{'Lymphatic_endothelial': 3, 'Endothelial': 3, 'Fibroblast': 3, 'muscle_fiber': 3, 'Keratinocyte': 3, 'Immune_cell': 3, 'Glandular': 2, 'Melanocytes': 2}","{'Endothelial': 1, 'Fibroblast': 1, 'Keratinocyte': 1, 'Unknown': 1, 'muscle_fiber': 1, 'Lymphatic_endothelial': 1, 'Immune_cell': 1, 'Glandular': 1, 'Neural_cell': 1}",0.6666666666666666,0.5555555555555556,0.6666666666666666,0.5555555555555556,,"[[1, 0, 0, 0, 0, 0, 0, 0, 0, 0], [0, 1, 0, 0, 0, 0, 0, 0, 0, 0], [0, 0, 0, 0, 1, 0, 0, 0, 0, 0], [0, 0, 0, 1, 0, 0, 0, 0, 0, 0], [0, 0, 0, 0, 1, 0, 0, 0, 0, 0], [0, 0, 0, 0, 0, 1, 0, 0, 0, 0], [0, 0, 0, 0, 0, 0, 0, 0, 0, 0], [0, 1, 0, 0, 0, 0, 0, 0, 0, 0], [1, 0, 0, 0, 0, 0, 0, 0, 0, 0], [0, 0, 0, 0, 0, 0, 0, 0, 0, 1]]","['Endothelial', 'Fibroblast', 'Glandular', 'Immune_cell', 'Keratinocyte', 'Lymphatic_endothelial', 'Melanocytes', 'Neural_cell', 'Unknown', 'muscle_fiber']",
cell_type,grouped_seed2_fold3,shared_genes,majority,22,9,"{'Lymphatic_endothelial': 3, 'Endothelial': 3, 'Fibroblast': 3, 'muscle_fiber': 3, 'Keratinocyte': 3, 'Immune_cell': 3, 'Glandular': 2, 'Melanocytes': 2}","{'Endothelial': 1, 'Fibroblast': 1, 'Keratinocyte': 1, 'Unknown': 1, 'muscle_fiber': 1, 'Lymphatic_endothelial': 1, 'Immune_cell': 1, 'Glandular': 1, 'Neural_cell': 1}",0.1111111111111111,0.022222222222222223,0.1111111111111111,0.022222222222222223,,"[[1, 0, 0, 0, 0, 0, 0, 0, 0, 0], [1, 0, 0, 0, 0, 0, 0, 0, 0, 0], [1, 0, 0, 0, 0, 0, 0, 0, 0, 0], [1, 0, 0, 0, 0, 0, 0, 0, 0, 0], [1, 0, 0, 0, 0, 0, 0, 0, 0, 0], [1, 0, 0, 0, 0, 0, 0, 0, 0, 0], [0, 0, 0, 0, 0, 0, 0, 0, 0, 0], [1, 0, 0, 0, 0, 0, 0, 0, 0, 0], [1, 0, 0, 0, 0, 0, 0, 0, 0, 0], [1, 0, 0, 0, 0, 0, 0, 0, 0, 0]]","['Endothelial', 'Fibroblast', 'Glandular', 'Immune_cell', 'Keratinocyte', 'Lymphatic_endothelial', 'Melanocytes', 'Neural_cell', 'Unknown', 'muscle_fiber']",
cell_type,grouped_seed2_fold3,shared_genes,stratified_random,22,9,"{'Lymphatic_endothelial': 3, 'Endothelial': 3, 'Fibroblast': 3, 'muscle_fiber': 3, 'Keratinocyte': 3, 'Immune_cell': 3, 'Glandular': 2, 'Melanocytes': 2}","{'Endothelial': 1, 'Fibroblast': 1, 'Keratinocyte': 1, 'Unknown': 1, 'muscle_fiber': 1, 'Lymphatic_endothelial': 1, 'Immune_cell': 1, 'Glandular': 1, 'Neural_cell': 1}",0.1111111111111111,0.07407407407407407,0.1111111111111111,0.06666666666666667,,"[[0, 0, 0, 1, 0, 0, 0, 0, 0, 0], [1, 0, 0, 0, 0, 0, 0, 0, 0, 0], [0, 0, 0, 0, 0, 0, 0, 0, 0, 1], [0, 0, 0, 1, 0, 0, 0, 0, 0, 0], [0, 0, 0, 0, 0, 0, 0, 0, 0, 1], [0, 0, 1, 0, 0, 0, 0, 0, 0, 0], [0, 0, 0, 0, 0, 0, 0, 0, 0, 0], [1, 0, 0, 0, 0, 0, 0, 0, 0, 0], [0, 1, 0, 0, 0, 0, 0, 0, 0, 0], [0, 0, 0, 0, 0, 0, 1, 0, 0, 0]]","['Endothelial', 'Fibroblast', 'Glandular', 'Immune_cell', 'Keratinocyte', 'Lymphatic_endothelial', 'Melanocytes', 'Neural_cell', 'Unknown', 'muscle_fiber']",
cell_type,grouped_seed2_fold3,shared_genes,elastic_net_logreg,22,9,"{'Lymphatic_endothelial': 3, 'Endothelial': 3, 'Fibroblast': 3, 'muscle_fiber': 3, 'Keratinocyte': 3, 'Immune_cell': 3, 'Glandular': 2, 'Melanocytes': 2}","{'Endothelial': 1, 'Fibroblast': 1, 'Keratinocyte': 1, 'Unknown': 1, 'muscle_fiber': 1, 'Lymphatic_endothelial': 1, 'Immune_cell': 1, 'Glandular': 1, 'Neural_cell': 1}",0.7777777777777778,0.7407407407407407,0.7777777777777778,0.6666666666666666,,"[[1, 0, 0, 0, 0, 0, 0, 0, 0, 0], [0, 1, 0, 0, 0, 0, 0, 0, 0, 0], [0, 0, 1, 0, 0, 0, 0, 0, 0, 0], [0, 0, 0, 1, 0, 0, 0, 0, 0, 0], [0, 0, 0, 0, 1, 0, 0, 0, 0, 0], [0, 0, 0, 0, 0, 1, 0, 0, 0, 0], [0, 0, 0, 0, 0, 0, 0, 0, 0, 0], [0, 0, 0, 0, 0, 0, 1, 0, 0, 0], [0, 0, 1, 0, 0, 0, 0, 0, 0, 0], [0, 0, 0, 0, 0, 0, 0, 0, 0, 1]]","['Endothelial', 'Fibroblast', 'Glandular', 'Immune_cell', 'Keratinocyte', 'Lymphatic_endothelial', 'Melanocytes', 'Neural_cell', 'Unknown', 'muscle_fiber']",
cell_type,grouped_seed2_fold3,shared_genes,linear_svm,22,9,"{'Lymphatic_endothelial': 3, 'Endothelial': 3, 'Fibroblast': 3, 'muscle_fiber': 3, 'Keratinocyte': 3, 'Immune_cell': 3, 'Glandular': 2, 'Melanocytes': 2}","{'Endothelial': 1, 'Fibroblast': 1, 'Keratinocyte': 1, 'Unknown': 1, 'muscle_fiber': 1, 'Lymphatic_endothelial': 1, 'Immune_cell': 1, 'Glandular': 1, 'Neural_cell': 1}",0.7777777777777778,0.7407407407407407,0.7777777777777778,0.6666666666666666,,"[[1, 0, 0, 0, 0, 0, 0, 0, 0, 0], [0, 1, 0, 0, 0, 0, 0, 0, 0, 0], [0, 0, 1, 0, 0, 0, 0, 0, 0, 0], [0, 0, 0, 1, 0, 0, 0, 0, 0, 0], [0, 0, 0, 0, 1, 0, 0, 0, 0, 0], [0, 0, 0, 0, 0, 1, 0, 0, 0, 0], [0, 0, 0, 0, 0, 0, 0, 0, 0, 0], [0, 0, 0, 0, 0, 0, 1, 0, 0, 0], [0, 0, 0, 1, 0, 0, 0, 0, 0, 0], [0, 0, 0, 0, 0, 0, 0, 0, 0, 1]]","['Endothelial', 'Fibroblast', 'Glandular', 'Immune_cell', 'Keratinocyte', 'Lymphatic_endothelial', 'Melanocytes', 'Neural_cell', 'Unknown', 'muscle_fiber']",
cell_type,grouped_seed2_fold3,shared_genes,random_forest,22,9,"{'Lymphatic_endothelial': 3, 'Endothelial': 3, 'Fibroblast': 3, 'muscle_fiber': 3, 'Keratinocyte': 3, 'Immune_cell': 3, 'Glandular': 2, 'Melanocytes': 2}","{'Endothelial': 1, 'Fibroblast': 1, 'Keratinocyte': 1, 'Unknown': 1, 'muscle_fiber': 1, 'Lymphatic_endothelial': 1, 'Immune_cell': 1, 'Glandular': 1, 'Neural_cell': 1}",0.6666666666666666,0.5555555555555556,0.6666666666666666,0.5555555555555556,,"[[1, 0, 0, 0, 0, 0, 0, 0, 0, 0], [0, 1, 0, 0, 0, 0, 0, 0, 0, 0], [0, 0, 0, 0, 1, 0, 0, 0, 0, 0], [0, 0, 0, 1, 0, 0, 0, 0, 0, 0], [0, 0, 0, 0, 1, 0, 0, 0, 0, 0], [0, 0, 0, 0, 0, 1, 0, 0, 0, 0], [0, 0, 0, 0, 0, 0, 0, 0, 0, 0], [0, 1, 0, 0, 0, 0, 0, 0, 0, 0], [0, 0, 0, 0, 0, 1, 0, 0, 0, 0], [0, 0, 0, 0, 0, 0, 0, 0, 0, 1]]","['Endothelial', 'Fibroblast', 'Glandular', 'Immune_cell', 'Keratinocyte', 'Lymphatic_endothelial', 'Melanocytes', 'Neural_cell', 'Unknown', 'muscle_fiber']",
cell_type,grouped_seed2_fold3,shared_genes,hist_gradient_boosting,22,9,"{'Lymphatic_endothelial': 3, 'Endothelial': 3, 'Fibroblast': 3, 'muscle_fiber': 3, 'Keratinocyte': 3, 'Immune_cell': 3, 'Glandular': 2, 'Melanocytes': 2}","{'Endothelial': 1, 'Fibroblast': 1, 'Keratinocyte': 1, 'Unknown': 1, 'muscle_fiber': 1, 'Lymphatic_endothelial': 1, 'Immune_cell': 1, 'Glandular': 1, 'Neural_cell': 1}",0.1111111111111111,0.022222222222222223,0.1111111111111111,0.022222222222222223,,"[[1, 0, 0, 0, 0, 0, 0, 0, 0, 0], [1, 0, 0, 0, 0, 0, 0, 0, 0, 0], [1, 0, 0, 0, 0, 0, 0, 0, 0, 0], [1, 0, 0, 0, 0, 0, 0, 0, 0, 0], [1, 0, 0, 0, 0, 0, 0, 0, 0, 0], [1, 0, 0, 0, 0, 0, 0, 0, 0, 0], [0, 0, 0, 0, 0, 0, 0, 0, 0, 0], [1, 0, 0, 0, 0, 0, 0, 0, 0, 0], [1, 0, 0, 0, 0, 0, 0, 0, 0, 0], [1, 0, 0, 0, 0, 0, 0, 0, 0, 0]]","['Endothelial', 'Fibroblast', 'Glandular', 'Immune_cell', 'Keratinocyte', 'Lymphatic_endothelial', 'Melanocytes', 'Neural_cell', 'Unknown', 'muscle_fiber']",
cell_type,grouped_seed2_fold3,shared_genes,knn,22,9,"{'Lymphatic_endothelial': 3, 'Endothelial': 3, 'Fibroblast': 3, 'muscle_fiber': 3, 'Keratinocyte': 3, 'Immune_cell': 3, 'Glandular': 2, 'Melanocytes': 2}","{'Endothelial': 1, 'Fibroblast': 1, 'Keratinocyte': 1, 'Unknown': 1, 'muscle_fiber': 1, 'Lymphatic_endothelial': 1, 'Immune_cell': 1, 'Glandular': 1, 'Neural_cell': 1}",0.6666666666666666,0.5555555555555556,0.6666666666666666,0.5555555555555556,,"[[1, 0, 0, 0, 0, 0, 0, 0, 0, 0], [0, 1, 0, 0, 0, 0, 0, 0, 0, 0], [0, 0, 0, 0, 1, 0, 0, 0, 0, 0], [0, 0, 0, 1, 0, 0, 0, 0, 0, 0], [0, 0, 0, 0, 1, 0, 0, 0, 0, 0], [0, 0, 0, 0, 0, 1, 0, 0, 0, 0], [0, 0, 0, 0, 0, 0, 0, 0, 0, 0], [0, 1, 0, 0, 0, 0, 0, 0, 0, 0], [1, 0, 0, 0, 0, 0, 0, 0, 0, 0], [0, 0, 0, 0, 0, 0, 0, 0, 0, 1]]","['Endothelial', 'Fibroblast', 'Glandular', 'Immune_cell', 'Keratinocyte', 'Lymphatic_endothelial', 'Melanocytes', 'Neural_cell', 'Unknown', 'muscle_fiber']",
cell_type,grouped_seed2_fold3,modules_only,majority,22,9,"{'Lymphatic_endothelial': 3, 'Endothelial': 3, 'Fibroblast': 3, 'muscle_fiber': 3, 'Keratinocyte': 3, 'Immune_cell': 3, 'Glandular': 2, 'Melanocytes': 2}","{'Endothelial': 1, 'Fibroblast': 1, 'Keratinocyte': 1, 'Unknown': 1, 'muscle_fiber': 1, 'Lymphatic_endothelial': 1, 'Immune_cell': 1, 'Glandular': 1, 'Neural_cell': 1}",0.1111111111111111,0.022222222222222223,0.1111111111111111,0.022222222222222223,,"[[1, 0, 0, 0, 0, 0, 0, 0, 0, 0], [1, 0, 0, 0, 0, 0, 0, 0, 0, 0], [1, 0, 0, 0, 0, 0, 0, 0, 0, 0], [1, 0, 0, 0, 0, 0, 0, 0, 0, 0], [1, 0, 0, 0, 0, 0, 0, 0, 0, 0], [1, 0, 0, 0, 0, 0, 0, 0, 0, 0], [0, 0, 0, 0, 0, 0, 0, 0, 0, 0], [1, 0, 0, 0, 0, 0, 0, 0, 0, 0], [1, 0, 0, 0, 0, 0, 0, 0, 0, 0], [1, 0, 0, 0, 0, 0, 0, 0, 0, 0]]","['Endothelial', 'Fibroblast', 'Glandular', 'Immune_cell', 'Keratinocyte', 'Lymphatic_endothelial', 'Melanocytes', 'Neural_cell', 'Unknown', 'muscle_fiber']",
cell_type,grouped_seed2_fold3,modules_only,stratified_random,22,9,"{'Lymphatic_endothelial': 3, 'Endothelial': 3, 'Fibroblast': 3, 'muscle_fiber': 3, 'Keratinocyte': 3, 'Immune_cell': 3, 'Glandular': 2, 'Melanocytes': 2}","{'Endothelial': 1, 'Fibroblast': 1, 'Keratinocyte': 1, 'Unknown': 1, 'muscle_fiber': 1, 'Lymphatic_endothelial': 1, 'Immune_cell': 1, 'Glandular': 1, 'Neural_cell': 1}",0.1111111111111111,0.07407407407407407,0.1111111111111111,0.06666666666666667,,"[[0, 0, 0, 1, 0, 0, 0, 0, 0, 0], [1, 0, 0, 0, 0, 0, 0, 0, 0, 0], [0, 0, 0, 0, 0, 0, 0, 0, 0, 1], [0, 0, 0, 1, 0, 0, 0, 0, 0, 0], [0, 0, 0, 0, 0, 0, 0, 0, 0, 1], [0, 0, 1, 0, 0, 0, 0, 0, 0, 0], [0, 0, 0, 0, 0, 0, 0, 0, 0, 0], [1, 0, 0, 0, 0, 0, 0, 0, 0, 0], [0, 1, 0, 0, 0, 0, 0, 0, 0, 0], [0, 0, 0, 0, 0, 0, 1, 0, 0, 0]]","['Endothelial', 'Fibroblast', 'Glandular', 'Immune_cell', 'Keratinocyte', 'Lymphatic_endothelial', 'Melanocytes', 'Neural_cell', 'Unknown', 'muscle_fiber']",
cell_type,grouped_seed2_fold3,modules_only,elastic_net_logreg,22,9,"{'Lymphatic_endothelial': 3, 'Endothelial': 3, 'Fibroblast': 3, 'muscle_fiber': 3, 'Keratinocyte': 3, 'Immune_cell': 3, 'Glandular': 2, 'Melanocytes': 2}","{'Endothelial': 1, 'Fibroblast': 1, 'Keratinocyte': 1, 'Unknown': 1, 'muscle_fiber': 1, 'Lymphatic_endothelial': 1, 'Immune_cell': 1, 'Glandular': 1, 'Neural_cell': 1}",0.5555555555555556,0.45185185185185184,0.5555555555555556,0.45185185185185184,,"[[1, 0, 0, 0, 0, 0, 0, 0, 0, 0], [0, 1, 0, 0, 0, 0, 0, 0, 0, 0], [0, 0, 0, 0, 1, 0, 0, 0, 0, 0], [0, 1, 0, 0, 0, 0, 0, 0, 0, 0], [0, 0, 0, 0, 1, 0, 0, 0, 0, 0], [0, 0, 0, 0, 0, 1, 0, 0, 0, 0], [0, 0, 0, 0, 0, 0, 0, 0, 0, 0], [0, 1, 0, 0, 0, 0, 0, 0, 0, 0], [0, 1, 0, 0, 0, 0, 0, 0, 0, 0], [0, 0, 0, 0, 0, 0, 0, 0, 0, 1]]","['Endothelial', 'Fibroblast', 'Glandular', 'Immune_cell', 'Keratinocyte', 'Lymphatic_endothelial', 'Melanocytes', 'Neural_cell', 'Unknown', 'muscle_fiber']",
cell_type,grouped_seed2_fold3,modules_only,linear_svm,22,9,"{'Lymphatic_endothelial': 3, 'Endothelial': 3, 'Fibroblast': 3, 'muscle_fiber': 3, 'Keratinocyte': 3, 'Immune_cell': 3, 'Glandular': 2, 'Melanocytes': 2}","{'Endothelial': 1, 'Fibroblast': 1, 'Keratinocyte': 1, 'Unknown': 1, 'muscle_fiber': 1, 'Lymphatic_endothelial': 1, 'Immune_cell': 1, 'Glandular': 1, 'Neural_cell': 1}",0.5555555555555556,0.48888888888888893,0.5555555555555556,0.44000000000000006,,"[[1, 0, 0, 0, 0, 0, 0, 0, 0, 0], [0, 1, 0, 0, 0, 0, 0, 0, 0, 0], [0, 0, 0, 0, 0, 0, 1, 0, 0, 0], [0, 1, 0, 0, 0, 0, 0, 0, 0, 0], [0, 0, 0, 0, 1, 0, 0, 0, 0, 0], [0, 0, 0, 0, 0, 1, 0, 0, 0, 0], [0, 0, 0, 0, 0, 0, 0, 0, 0, 0], [0, 1, 0, 0, 0, 0, 0, 0, 0, 0], [0, 1, 0, 0, 0, 0, 0, 0, 0, 0], [0, 0, 0, 0, 0, 0, 0, 0, 0, 1]]","['Endothelial', 'Fibroblast', 'Glandular', 'Immune_cell', 'Keratinocyte', 'Lymphatic_endothelial', 'Melanocytes', 'Neural_cell', 'Unknown', 'muscle_fiber']",
cell_type,grouped_seed2_fold3,modules_only,random_forest,22,9,"{'Lymphatic_endothelial': 3, 'Endothelial': 3, 'Fibroblast': 3, 'muscle_fiber': 3, 'Keratinocyte': 3, 'Immune_cell': 3, 'Glandular': 2, 'Melanocytes': 2}","{'Endothelial': 1, 'Fibroblast': 1, 'Keratinocyte': 1, 'Unknown': 1, 'muscle_fiber': 1, 'Lymphatic_endothelial': 1, 'Immune_cell': 1, 'Glandular': 1, 'Neural_cell': 1}",0.5555555555555556,0.45185185185185184,0.5555555555555556,0.45185185185185184,,"[[1, 0, 0, 0, 0, 0, 0, 0, 0, 0], [0, 1, 0, 0, 0, 0, 0, 0, 0, 0], [0, 0, 0, 0, 1, 0, 0, 0, 0, 0], [0, 1, 0, 0, 0, 0, 0, 0, 0, 0], [0, 0, 0, 0, 1, 0, 0, 0, 0, 0], [0, 0, 0, 0, 0, 1, 0, 0, 0, 0], [0, 0, 0, 0, 0, 0, 0, 0, 0, 0], [0, 1, 0, 0, 0, 0, 0, 0, 0, 0], [0, 1, 0, 0, 0, 0, 0, 0, 0, 0], [0, 0, 0, 0, 0, 0, 0, 0, 0, 1]]","['Endothelial', 'Fibroblast', 'Glandular', 'Immune_cell', 'Keratinocyte', 'Lymphatic_endothelial', 'Melanocytes', 'Neural_cell', 'Unknown', 'muscle_fiber']",
cell_type,grouped_seed2_fold3,modules_only,hist_gradient_boosting,22,9,"{'Lymphatic_endothelial': 3, 'Endothelial': 3, 'Fibroblast': 3, 'muscle_fiber': 3, 'Keratinocyte': 3, 'Immune_cell': 3, 'Glandular': 2, 'Melanocytes': 2}","{'Endothelial': 1, 'Fibroblast': 1, 'Keratinocyte': 1, 'Unknown': 1, 'muscle_fiber': 1, 'Lymphatic_endothelial': 1, 'Immune_cell': 1, 'Glandular': 1, 'Neural_cell': 1}",0.1111111111111111,0.022222222222222223,0.1111111111111111,0.022222222222222223,,"[[1, 0, 0, 0, 0, 0, 0, 0, 0, 0], [1, 0, 0, 0, 0, 0, 0, 0, 0, 0], [1, 0, 0, 0, 0, 0, 0, 0, 0, 0], [1, 0, 0, 0, 0, 0, 0, 0, 0, 0], [1, 0, 0, 0, 0, 0, 0, 0, 0, 0], [1, 0, 0, 0, 0, 0, 0, 0, 0, 0], [0, 0, 0, 0, 0, 0, 0, 0, 0, 0], [1, 0, 0, 0, 0, 0, 0, 0, 0, 0], [1, 0, 0, 0, 0, 0, 0, 0, 0, 0], [1, 0, 0, 0, 0, 0, 0, 0, 0, 0]]","['Endothelial', 'Fibroblast', 'Glandular', 'Immune_cell', 'Keratinocyte', 'Lymphatic_endothelial', 'Melanocytes', 'Neural_cell', 'Unknown', 'muscle_fiber']",
cell_type,grouped_seed2_fold3,modules_only,knn,22,9,"{'Lymphatic_endothelial': 3, 'Endothelial': 3, 'Fibroblast': 3, 'muscle_fiber': 3, 'Keratinocyte': 3, 'Immune_cell': 3, 'Glandular': 2, 'Melanocytes': 2}","{'Endothelial': 1, 'Fibroblast': 1, 'Keratinocyte': 1, 'Unknown': 1, 'muscle_fiber': 1, 'Lymphatic_endothelial': 1, 'Immune_cell': 1, 'Glandular': 1, 'Neural_cell': 1}",0.6666666666666666,0.6000000000000001,0.6666666666666666,0.6000000000000001,,"[[1, 0, 0, 0, 0, 0, 0, 0, 0, 0], [0, 1, 0, 0, 0, 0, 0, 0, 0, 0], [0, 0, 1, 0, 0, 0, 0, 0, 0, 0], [0, 1, 0, 0, 0, 0, 0, 0, 0, 0], [0, 0, 0, 0, 1, 0, 0, 0, 0, 0], [0, 0, 0, 0, 0, 1, 0, 0, 0, 0], [0, 0, 0, 0, 0, 0, 0, 0, 0, 0], [0, 1, 0, 0, 0, 0, 0, 0, 0, 0], [0, 1, 0, 0, 0, 0, 0, 0, 0, 0], [0, 0, 0, 0, 0, 0, 0, 0, 0, 1]]","['Endothelial', 'Fibroblast', 'Glandular', 'Immune_cell', 'Keratinocyte', 'Lymphatic_endothelial', 'Melanocytes', 'Neural_cell', 'Unknown', 'muscle_fiber']",
cell_type,grouped_seed2_fold3,modules_only,small_mlp,22,9,"{'Lymphatic_endothelial': 3, 'Endothelial': 3, 'Fibroblast': 3, 'muscle_fiber': 3, 'Keratinocyte': 3, 'Immune_cell': 3, 'Glandular': 2, 'Melanocytes': 2}","{'Endothelial': 1, 'Fibroblast': 1, 'Keratinocyte': 1, 'Unknown': 1, 'muscle_fiber': 1, 'Lymphatic_endothelial': 1, 'Immune_cell': 1, 'Glandular': 1, 'Neural_cell': 1}",0.2222222222222222,0.1358024691358025,0.2222222222222222,0.1358024691358025,,"[[0, 0, 0, 0, 0, 1, 0, 0, 0, 0], [0, 0, 0, 0, 0, 1, 0, 0, 0, 0], [0, 0, 1, 0, 0, 0, 0, 0, 0, 0], [0, 0, 0, 0, 0, 1, 0, 0, 0, 0], [0, 0, 0, 0, 0, 1, 0, 0, 0, 0], [0, 0, 0, 0, 0, 1, 0, 0, 0, 0], [0, 0, 0, 0, 0, 0, 0, 0, 0, 0], [0, 0, 0, 0, 0, 1, 0, 0, 0, 0], [0, 0, 0, 0, 0, 1, 0, 0, 0, 0], [0, 0, 0, 0, 0, 1, 0, 0, 0, 0]]","['Endothelial', 'Fibroblast', 'Glandular', 'Immune_cell', 'Keratinocyte', 'Lymphatic_endothelial', 'Melanocytes', 'Neural_cell', 'Unknown', 'muscle_fiber']",
cell_type,grouped_seed2_fold4,shared_genes_plus_modules,majority,24,7,"{'Fibroblast': 3, 'Endothelial': 3, 'muscle_fiber': 3, 'Keratinocyte': 3, 'Immune_cell': 3, 'Lymphatic_endothelial': 3, 'Neural_cell': 2, 'Glandular': 2, 'Unknown': 1, 'Melanocytes': 1}","{'Lymphatic_endothelial': 1, 'Endothelial': 1, 'Fibroblast': 1, 'Glandular': 1, 'muscle_fiber': 1, 'Immune_cell': 1, 'Keratinocyte': 1}",0.14285714285714285,0.03571428571428571,0.14285714285714285,0.03571428571428571,,"[[1, 0, 0, 0, 0, 0, 0, 0, 0, 0], [1, 0, 0, 0, 0, 0, 0, 0, 0, 0], [1, 0, 0, 0, 0, 0, 0, 0, 0, 0], [1, 0, 0, 0, 0, 0, 0, 0, 0, 0], [1, 0, 0, 0, 0, 0, 0, 0, 0, 0], [1, 0, 0, 0, 0, 0, 0, 0, 0, 0], [0, 0, 0, 0, 0, 0, 0, 0, 0, 0], [0, 0, 0, 0, 0, 0, 0, 0, 0, 0], [0, 0, 0, 0, 0, 0, 0, 0, 0, 0], [1, 0, 0, 0, 0, 0, 0, 0, 0, 0]]","['Endothelial', 'Fibroblast', 'Glandular', 'Immune_cell', 'Keratinocyte', 'Lymphatic_endothelial', 'Melanocytes', 'Neural_cell', 'Unknown', 'muscle_fiber']",
cell_type,grouped_seed2_fold4,shared_genes_plus_modules,stratified_random,24,7,"{'Fibroblast': 3, 'Endothelial': 3, 'muscle_fiber': 3, 'Keratinocyte': 3, 'Immune_cell': 3, 'Lymphatic_endothelial': 3, 'Neural_cell': 2, 'Glandular': 2, 'Unknown': 1, 'Melanocytes': 1}","{'Lymphatic_endothelial': 1, 'Endothelial': 1, 'Fibroblast': 1, 'Glandular': 1, 'muscle_fiber': 1, 'Immune_cell': 1, 'Keratinocyte': 1}",0.2857142857142857,0.23809523809523808,0.2857142857142857,0.16666666666666666,,"[[1, 0, 0, 0, 0, 0, 0, 0, 0, 0], [0, 0, 0, 0, 0, 0, 0, 0, 1, 0], [0, 0, 0, 0, 0, 0, 1, 0, 0, 0], [0, 0, 0, 1, 0, 0, 0, 0, 0, 0], [0, 0, 0, 0, 0, 0, 0, 1, 0, 0], [0, 0, 0, 1, 0, 0, 0, 0, 0, 0], [0, 0, 0, 0, 0, 0, 0, 0, 0, 0], [0, 0, 0, 0, 0, 0, 0, 0, 0, 0], [0, 0, 0, 0, 0, 0, 0, 0, 0, 0], [0, 0, 1, 0, 0, 0, 0, 0, 0, 0]]","['Endothelial', 'Fibroblast', 'Glandular', 'Immune_cell', 'Keratinocyte', 'Lymphatic_endothelial', 'Melanocytes', 'Neural_cell', 'Unknown', 'muscle_fiber']",
cell_type,grouped_seed2_fold4,shared_genes_plus_modules,elastic_net_logreg,24,7,"{'Fibroblast': 3, 'Endothelial': 3, 'muscle_fiber': 3, 'Keratinocyte': 3, 'Immune_cell': 3, 'Lymphatic_endothelial': 3, 'Neural_cell': 2, 'Glandular': 2, 'Unknown': 1, 'Melanocytes': 1}","{'Lymphatic_endothelial': 1, 'Endothelial': 1, 'Fibroblast': 1, 'Glandular': 1, 'muscle_fiber': 1, 'Immune_cell': 1, 'Keratinocyte': 1}",1.0,1.0,1.0,1.0,,"[[1, 0, 0, 0, 0, 0, 0, 0, 0, 0], [0, 1, 0, 0, 0, 0, 0, 0, 0, 0], [0, 0, 1, 0, 0, 0, 0, 0, 0, 0], [0, 0, 0, 1, 0, 0, 0, 0, 0, 0], [0, 0, 0, 0, 1, 0, 0, 0, 0, 0], [0, 0, 0, 0, 0, 1, 0, 0, 0, 0], [0, 0, 0, 0, 0, 0, 0, 0, 0, 0], [0, 0, 0, 0, 0, 0, 0, 0, 0, 0], [0, 0, 0, 0, 0, 0, 0, 0, 0, 0], [0, 0, 0, 0, 0, 0, 0, 0, 0, 1]]","['Endothelial', 'Fibroblast', 'Glandular', 'Immune_cell', 'Keratinocyte', 'Lymphatic_endothelial', 'Melanocytes', 'Neural_cell', 'Unknown', 'muscle_fiber']",
cell_type,grouped_seed2_fold4,shared_genes_plus_modules,linear_svm,24,7,"{'Fibroblast': 3, 'Endothelial': 3, 'muscle_fiber': 3, 'Keratinocyte': 3, 'Immune_cell': 3, 'Lymphatic_endothelial': 3, 'Neural_cell': 2, 'Glandular': 2, 'Unknown': 1, 'Melanocytes': 1}","{'Lymphatic_endothelial': 1, 'Endothelial': 1, 'Fibroblast': 1, 'Glandular': 1, 'muscle_fiber': 1, 'Immune_cell': 1, 'Keratinocyte': 1}",1.0,1.0,1.0,1.0,,"[[1, 0, 0, 0, 0, 0, 0, 0, 0, 0], [0, 1, 0, 0, 0, 0, 0, 0, 0, 0], [0, 0, 1, 0, 0, 0, 0, 0, 0, 0], [0, 0, 0, 1, 0, 0, 0, 0, 0, 0], [0, 0, 0, 0, 1, 0, 0, 0, 0, 0], [0, 0, 0, 0, 0, 1, 0, 0, 0, 0], [0, 0, 0, 0, 0, 0, 0, 0, 0, 0], [0, 0, 0, 0, 0, 0, 0, 0, 0, 0], [0, 0, 0, 0, 0, 0, 0, 0, 0, 0], [0, 0, 0, 0, 0, 0, 0, 0, 0, 1]]","['Endothelial', 'Fibroblast', 'Glandular', 'Immune_cell', 'Keratinocyte', 'Lymphatic_endothelial', 'Melanocytes', 'Neural_cell', 'Unknown', 'muscle_fiber']",
cell_type,grouped_seed2_fold4,shared_genes_plus_modules,random_forest,24,7,"{'Fibroblast': 3, 'Endothelial': 3, 'muscle_fiber': 3, 'Keratinocyte': 3, 'Immune_cell': 3, 'Lymphatic_endothelial': 3, 'Neural_cell': 2, 'Glandular': 2, 'Unknown': 1, 'Melanocytes': 1}","{'Lymphatic_endothelial': 1, 'Endothelial': 1, 'Fibroblast': 1, 'Glandular': 1, 'muscle_fiber': 1, 'Immune_cell': 1, 'Keratinocyte': 1}",1.0,1.0,1.0,1.0,,"[[1, 0, 0, 0, 0, 0, 0, 0, 0, 0], [0, 1, 0, 0, 0, 0, 0, 0, 0, 0], [0, 0, 1, 0, 0, 0, 0, 0, 0, 0], [0, 0, 0, 1, 0, 0, 0, 0, 0, 0], [0, 0, 0, 0, 1, 0, 0, 0, 0, 0], [0, 0, 0, 0, 0, 1, 0, 0, 0, 0], [0, 0, 0, 0, 0, 0, 0, 0, 0, 0], [0, 0, 0, 0, 0, 0, 0, 0, 0, 0], [0, 0, 0, 0, 0, 0, 0, 0, 0, 0], [0, 0, 0, 0, 0, 0, 0, 0, 0, 1]]","['Endothelial', 'Fibroblast', 'Glandular', 'Immune_cell', 'Keratinocyte', 'Lymphatic_endothelial', 'Melanocytes', 'Neural_cell', 'Unknown', 'muscle_fiber']",
cell_type,grouped_seed2_fold4,shared_genes_plus_modules,hist_gradient_boosting,24,7,"{'Fibroblast': 3, 'Endothelial': 3, 'muscle_fiber': 3, 'Keratinocyte': 3, 'Immune_cell': 3, 'Lymphatic_endothelial': 3, 'Neural_cell': 2, 'Glandular': 2, 'Unknown': 1, 'Melanocytes': 1}","{'Lymphatic_endothelial': 1, 'Endothelial': 1, 'Fibroblast': 1, 'Glandular': 1, 'muscle_fiber': 1, 'Immune_cell': 1, 'Keratinocyte': 1}",0.14285714285714285,0.03571428571428571,0.14285714285714285,0.03571428571428571,,"[[1, 0, 0, 0, 0, 0, 0, 0, 0, 0], [1, 0, 0, 0, 0, 0, 0, 0, 0, 0], [1, 0, 0, 0, 0, 0, 0, 0, 0, 0], [1, 0, 0, 0, 0, 0, 0, 0, 0, 0], [1, 0, 0, 0, 0, 0, 0, 0, 0, 0], [1, 0, 0, 0, 0, 0, 0, 0, 0, 0], [0, 0, 0, 0, 0, 0, 0, 0, 0, 0], [0, 0, 0, 0, 0, 0, 0, 0, 0, 0], [0, 0, 0, 0, 0, 0, 0, 0, 0, 0], [1, 0, 0, 0, 0, 0, 0, 0, 0, 0]]","['Endothelial', 'Fibroblast', 'Glandular', 'Immune_cell', 'Keratinocyte', 'Lymphatic_endothelial', 'Melanocytes', 'Neural_cell', 'Unknown', 'muscle_fiber']",
cell_type,grouped_seed2_fold4,shared_genes_plus_modules,knn,24,7,"{'Fibroblast': 3, 'Endothelial': 3, 'muscle_fiber': 3, 'Keratinocyte': 3, 'Immune_cell': 3, 'Lymphatic_endothelial': 3, 'Neural_cell': 2, 'Glandular': 2, 'Unknown': 1, 'Melanocytes': 1}","{'Lymphatic_endothelial': 1, 'Endothelial': 1, 'Fibroblast': 1, 'Glandular': 1, 'muscle_fiber': 1, 'Immune_cell': 1, 'Keratinocyte': 1}",0.8571428571428571,0.8095238095238094,0.8571428571428571,0.8095238095238094,,"[[1, 0, 0, 0, 0, 0, 0, 0, 0, 0], [0, 1, 0, 0, 0, 0, 0, 0, 0, 0], [1, 0, 0, 0, 0, 0, 0, 0, 0, 0], [0, 0, 0, 1, 0, 0, 0, 0, 0, 0], [0, 0, 0, 0, 1, 0, 0, 0, 0, 0], [0, 0, 0, 0, 0, 1, 0, 0, 0, 0], [0, 0, 0, 0, 0, 0, 0, 0, 0, 0], [0, 0, 0, 0, 0, 0, 0, 0, 0, 0], [0, 0, 0, 0, 0, 0, 0, 0, 0, 0], [0, 0, 0, 0, 0, 0, 0, 0, 0, 1]]","['Endothelial', 'Fibroblast', 'Glandular', 'Immune_cell', 'Keratinocyte', 'Lymphatic_endothelial', 'Melanocytes', 'Neural_cell', 'Unknown', 'muscle_fiber']",
cell_type,grouped_seed2_fold4,shared_genes_plus_modules,small_mlp,24,7,"{'Fibroblast': 3, 'Endothelial': 3, 'muscle_fiber': 3, 'Keratinocyte': 3, 'Immune_cell': 3, 'Lymphatic_endothelial': 3, 'Neural_cell': 2, 'Glandular': 2, 'Unknown': 1, 'Melanocytes': 1}","{'Lymphatic_endothelial': 1, 'Endothelial': 1, 'Fibroblast': 1, 'Glandular': 1, 'muscle_fiber': 1, 'Immune_cell': 1, 'Keratinocyte': 1}",0.8571428571428571,0.8095238095238094,0.8571428571428571,0.8095238095238094,,"[[1, 0, 0, 0, 0, 0, 0, 0, 0, 0], [0, 1, 0, 0, 0, 0, 0, 0, 0, 0], [1, 0, 0, 0, 0, 0, 0, 0, 0, 0], [0, 0, 0, 1, 0, 0, 0, 0, 0, 0], [0, 0, 0, 0, 1, 0, 0, 0, 0, 0], [0, 0, 0, 0, 0, 1, 0, 0, 0, 0], [0, 0, 0, 0, 0, 0, 0, 0, 0, 0], [0, 0, 0, 0, 0, 0, 0, 0, 0, 0], [0, 0, 0, 0, 0, 0, 0, 0, 0, 0], [0, 0, 0, 0, 0, 0, 0, 0, 0, 1]]","['Endothelial', 'Fibroblast', 'Glandular', 'Immune_cell', 'Keratinocyte', 'Lymphatic_endothelial', 'Melanocytes', 'Neural_cell', 'Unknown', 'muscle_fiber']",
cell_type,grouped_seed2_fold4,shared_genes,majority,24,7,"{'Fibroblast': 3, 'Endothelial': 3, 'muscle_fiber': 3, 'Keratinocyte': 3, 'Immune_cell': 3, 'Lymphatic_endothelial': 3, 'Neural_cell': 2, 'Glandular': 2, 'Unknown': 1, 'Melanocytes': 1}","{'Lymphatic_endothelial': 1, 'Endothelial': 1, 'Fibroblast': 1, 'Glandular': 1, 'muscle_fiber': 1, 'Immune_cell': 1, 'Keratinocyte': 1}",0.14285714285714285,0.03571428571428571,0.14285714285714285,0.03571428571428571,,"[[1, 0, 0, 0, 0, 0, 0, 0, 0, 0], [1, 0, 0, 0, 0, 0, 0, 0, 0, 0], [1, 0, 0, 0, 0, 0, 0, 0, 0, 0], [1, 0, 0, 0, 0, 0, 0, 0, 0, 0], [1, 0, 0, 0, 0, 0, 0, 0, 0, 0], [1, 0, 0, 0, 0, 0, 0, 0, 0, 0], [0, 0, 0, 0, 0, 0, 0, 0, 0, 0], [0, 0, 0, 0, 0, 0, 0, 0, 0, 0], [0, 0, 0, 0, 0, 0, 0, 0, 0, 0], [1, 0, 0, 0, 0, 0, 0, 0, 0, 0]]","['Endothelial', 'Fibroblast', 'Glandular', 'Immune_cell', 'Keratinocyte', 'Lymphatic_endothelial', 'Melanocytes', 'Neural_cell', 'Unknown', 'muscle_fiber']",
cell_type,grouped_seed2_fold4,shared_genes,stratified_random,24,7,"{'Fibroblast': 3, 'Endothelial': 3, 'muscle_fiber': 3, 'Keratinocyte': 3, 'Immune_cell': 3, 'Lymphatic_endothelial': 3, 'Neural_cell': 2, 'Glandular': 2, 'Unknown': 1, 'Melanocytes': 1}","{'Lymphatic_endothelial': 1, 'Endothelial': 1, 'Fibroblast': 1, 'Glandular': 1, 'muscle_fiber': 1, 'Immune_cell': 1, 'Keratinocyte': 1}",0.2857142857142857,0.23809523809523808,0.2857142857142857,0.16666666666666666,,"[[1, 0, 0, 0, 0, 0, 0, 0, 0, 0], [0, 0, 0, 0, 0, 0, 0, 0, 1, 0], [0, 0, 0, 0, 0, 0, 1, 0, 0, 0], [0, 0, 0, 1, 0, 0, 0, 0, 0, 0], [0, 0, 0, 0, 0, 0, 0, 1, 0, 0], [0, 0, 0, 1, 0, 0, 0, 0, 0, 0], [0, 0, 0, 0, 0, 0, 0, 0, 0, 0], [0, 0, 0, 0, 0, 0, 0, 0, 0, 0], [0, 0, 0, 0, 0, 0, 0, 0, 0, 0], [0, 0, 1, 0, 0, 0, 0, 0, 0, 0]]","['Endothelial', 'Fibroblast', 'Glandular', 'Immune_cell', 'Keratinocyte', 'Lymphatic_endothelial', 'Melanocytes', 'Neural_cell', 'Unknown', 'muscle_fiber']",
cell_type,grouped_seed2_fold4,shared_genes,elastic_net_logreg,24,7,"{'Fibroblast': 3, 'Endothelial': 3, 'muscle_fiber': 3, 'Keratinocyte': 3, 'Immune_cell': 3, 'Lymphatic_endothelial': 3, 'Neural_cell': 2, 'Glandular': 2, 'Unknown': 1, 'Melanocytes': 1}","{'Lymphatic_endothelial': 1, 'Endothelial': 1, 'Fibroblast': 1, 'Glandular': 1, 'muscle_fiber': 1, 'Immune_cell': 1, 'Keratinocyte': 1}",1.0,1.0,1.0,1.0,,"[[1, 0, 0, 0, 0, 0, 0, 0, 0, 0], [0, 1, 0, 0, 0, 0, 0, 0, 0, 0], [0, 0, 1, 0, 0, 0, 0, 0, 0, 0], [0, 0, 0, 1, 0, 0, 0, 0, 0, 0], [0, 0, 0, 0, 1, 0, 0, 0, 0, 0], [0, 0, 0, 0, 0, 1, 0, 0, 0, 0], [0, 0, 0, 0, 0, 0, 0, 0, 0, 0], [0, 0, 0, 0, 0, 0, 0, 0, 0, 0], [0, 0, 0, 0, 0, 0, 0, 0, 0, 0], [0, 0, 0, 0, 0, 0, 0, 0, 0, 1]]","['Endothelial', 'Fibroblast', 'Glandular', 'Immune_cell', 'Keratinocyte', 'Lymphatic_endothelial', 'Melanocytes', 'Neural_cell', 'Unknown', 'muscle_fiber']",
cell_type,grouped_seed2_fold4,shared_genes,linear_svm,24,7,"{'Fibroblast': 3, 'Endothelial': 3, 'muscle_fiber': 3, 'Keratinocyte': 3, 'Immune_cell': 3, 'Lymphatic_endothelial': 3, 'Neural_cell': 2, 'Glandular': 2, 'Unknown': 1, 'Melanocytes': 1}","{'Lymphatic_endothelial': 1, 'Endothelial': 1, 'Fibroblast': 1, 'Glandular': 1, 'muscle_fiber': 1, 'Immune_cell': 1, 'Keratinocyte': 1}",1.0,1.0,1.0,1.0,,"[[1, 0, 0, 0, 0, 0, 0, 0, 0, 0], [0, 1, 0, 0, 0, 0, 0, 0, 0, 0], [0, 0, 1, 0, 0, 0, 0, 0, 0, 0], [0, 0, 0, 1, 0, 0, 0, 0, 0, 0], [0, 0, 0, 0, 1, 0, 0, 0, 0, 0], [0, 0, 0, 0, 0, 1, 0, 0, 0, 0], [0, 0, 0, 0, 0, 0, 0, 0, 0, 0], [0, 0, 0, 0, 0, 0, 0, 0, 0, 0], [0, 0, 0, 0, 0, 0, 0, 0, 0, 0], [0, 0, 0, 0, 0, 0, 0, 0, 0, 1]]","['Endothelial', 'Fibroblast', 'Glandular', 'Immune_cell', 'Keratinocyte', 'Lymphatic_endothelial', 'Melanocytes', 'Neural_cell', 'Unknown', 'muscle_fiber']",
cell_type,grouped_seed2_fold4,shared_genes,random_forest,24,7,"{'Fibroblast': 3, 'Endothelial': 3, 'muscle_fiber': 3, 'Keratinocyte': 3, 'Immune_cell': 3, 'Lymphatic_endothelial': 3, 'Neural_cell': 2, 'Glandular': 2, 'Unknown': 1, 'Melanocytes': 1}","{'Lymphatic_endothelial': 1, 'Endothelial': 1, 'Fibroblast': 1, 'Glandular': 1, 'muscle_fiber': 1, 'Immune_cell': 1, 'Keratinocyte': 1}",1.0,1.0,1.0,1.0,,"[[1, 0, 0, 0, 0, 0, 0, 0, 0, 0], [0, 1, 0, 0, 0, 0, 0, 0, 0, 0], [0, 0, 1, 0, 0, 0, 0, 0, 0, 0], [0, 0, 0, 1, 0, 0, 0, 0, 0, 0], [0, 0, 0, 0, 1, 0, 0, 0, 0, 0], [0, 0, 0, 0, 0, 1, 0, 0, 0, 0], [0, 0, 0, 0, 0, 0, 0, 0, 0, 0], [0, 0, 0, 0, 0, 0, 0, 0, 0, 0], [0, 0, 0, 0, 0, 0, 0, 0, 0, 0], [0, 0, 0, 0, 0, 0, 0, 0, 0, 1]]","['Endothelial', 'Fibroblast', 'Glandular', 'Immune_cell', 'Keratinocyte', 'Lymphatic_endothelial', 'Melanocytes', 'Neural_cell', 'Unknown', 'muscle_fiber']",
cell_type,grouped_seed2_fold4,shared_genes,hist_gradient_boosting,24,7,"{'Fibroblast': 3, 'Endothelial': 3, 'muscle_fiber': 3, 'Keratinocyte': 3, 'Immune_cell': 3, 'Lymphatic_endothelial': 3, 'Neural_cell': 2, 'Glandular': 2, 'Unknown': 1, 'Melanocytes': 1}","{'Lymphatic_endothelial': 1, 'Endothelial': 1, 'Fibroblast': 1, 'Glandular': 1, 'muscle_fiber': 1, 'Immune_cell': 1, 'Keratinocyte': 1}",0.14285714285714285,0.03571428571428571,0.14285714285714285,0.03571428571428571,,"[[1, 0, 0, 0, 0, 0, 0, 0, 0, 0], [1, 0, 0, 0, 0, 0, 0, 0, 0, 0], [1, 0, 0, 0, 0, 0, 0, 0, 0, 0], [1, 0, 0, 0, 0, 0, 0, 0, 0, 0], [1, 0, 0, 0, 0, 0, 0, 0, 0, 0], [1, 0, 0, 0, 0, 0, 0, 0, 0, 0], [0, 0, 0, 0, 0, 0, 0, 0, 0, 0], [0, 0, 0, 0, 0, 0, 0, 0, 0, 0], [0, 0, 0, 0, 0, 0, 0, 0, 0, 0], [1, 0, 0, 0, 0, 0, 0, 0, 0, 0]]","['Endothelial', 'Fibroblast', 'Glandular', 'Immune_cell', 'Keratinocyte', 'Lymphatic_endothelial', 'Melanocytes', 'Neural_cell', 'Unknown', 'muscle_fiber']",
cell_type,grouped_seed2_fold4,shared_genes,knn,24,7,"{'Fibroblast': 3, 'Endothelial': 3, 'muscle_fiber': 3, 'Keratinocyte': 3, 'Immune_cell': 3, 'Lymphatic_endothelial': 3, 'Neural_cell': 2, 'Glandular': 2, 'Unknown': 1, 'Melanocytes': 1}","{'Lymphatic_endothelial': 1, 'Endothelial': 1, 'Fibroblast': 1, 'Glandular': 1, 'muscle_fiber': 1, 'Immune_cell': 1, 'Keratinocyte': 1}",0.8571428571428571,0.8095238095238094,0.8571428571428571,0.8095238095238094,,"[[1, 0, 0, 0, 0, 0, 0, 0, 0, 0], [0, 1, 0, 0, 0, 0, 0, 0, 0, 0], [1, 0, 0, 0, 0, 0, 0, 0, 0, 0], [0, 0, 0, 1, 0, 0, 0, 0, 0, 0], [0, 0, 0, 0, 1, 0, 0, 0, 0, 0], [0, 0, 0, 0, 0, 1, 0, 0, 0, 0], [0, 0, 0, 0, 0, 0, 0, 0, 0, 0], [0, 0, 0, 0, 0, 0, 0, 0, 0, 0], [0, 0, 0, 0, 0, 0, 0, 0, 0, 0], [0, 0, 0, 0, 0, 0, 0, 0, 0, 1]]","['Endothelial', 'Fibroblast', 'Glandular', 'Immune_cell', 'Keratinocyte', 'Lymphatic_endothelial', 'Melanocytes', 'Neural_cell', 'Unknown', 'muscle_fiber']",
cell_type,grouped_seed2_fold4,modules_only,majority,24,7,"{'Fibroblast': 3, 'Endothelial': 3, 'muscle_fiber': 3, 'Keratinocyte': 3, 'Immune_cell': 3, 'Lymphatic_endothelial': 3, 'Neural_cell': 2, 'Glandular': 2, 'Unknown': 1, 'Melanocytes': 1}","{'Lymphatic_endothelial': 1, 'Endothelial': 1, 'Fibroblast': 1, 'Glandular': 1, 'muscle_fiber': 1, 'Immune_cell': 1, 'Keratinocyte': 1}",0.14285714285714285,0.03571428571428571,0.14285714285714285,0.03571428571428571,,"[[1, 0, 0, 0, 0, 0, 0, 0, 0, 0], [1, 0, 0, 0, 0, 0, 0, 0, 0, 0], [1, 0, 0, 0, 0, 0, 0, 0, 0, 0], [1, 0, 0, 0, 0, 0, 0, 0, 0, 0], [1, 0, 0, 0, 0, 0, 0, 0, 0, 0], [1, 0, 0, 0, 0, 0, 0, 0, 0, 0], [0, 0, 0, 0, 0, 0, 0, 0, 0, 0], [0, 0, 0, 0, 0, 0, 0, 0, 0, 0], [0, 0, 0, 0, 0, 0, 0, 0, 0, 0], [1, 0, 0, 0, 0, 0, 0, 0, 0, 0]]","['Endothelial', 'Fibroblast', 'Glandular', 'Immune_cell', 'Keratinocyte', 'Lymphatic_endothelial', 'Melanocytes', 'Neural_cell', 'Unknown', 'muscle_fiber']",
cell_type,grouped_seed2_fold4,modules_only,stratified_random,24,7,"{'Fibroblast': 3, 'Endothelial': 3, 'muscle_fiber': 3, 'Keratinocyte': 3, 'Immune_cell': 3, 'Lymphatic_endothelial': 3, 'Neural_cell': 2, 'Glandular': 2, 'Unknown': 1, 'Melanocytes': 1}","{'Lymphatic_endothelial': 1, 'Endothelial': 1, 'Fibroblast': 1, 'Glandular': 1, 'muscle_fiber': 1, 'Immune_cell': 1, 'Keratinocyte': 1}",0.2857142857142857,0.23809523809523808,0.2857142857142857,0.16666666666666666,,"[[1, 0, 0, 0, 0, 0, 0, 0, 0, 0], [0, 0, 0, 0, 0, 0, 0, 0, 1, 0], [0, 0, 0, 0, 0, 0, 1, 0, 0, 0], [0, 0, 0, 1, 0, 0, 0, 0, 0, 0], [0, 0, 0, 0, 0, 0, 0, 1, 0, 0], [0, 0, 0, 1, 0, 0, 0, 0, 0, 0], [0, 0, 0, 0, 0, 0, 0, 0, 0, 0], [0, 0, 0, 0, 0, 0, 0, 0, 0, 0], [0, 0, 0, 0, 0, 0, 0, 0, 0, 0], [0, 0, 1, 0, 0, 0, 0, 0, 0, 0]]","['Endothelial', 'Fibroblast', 'Glandular', 'Immune_cell', 'Keratinocyte', 'Lymphatic_endothelial', 'Melanocytes', 'Neural_cell', 'Unknown', 'muscle_fiber']",
cell_type,grouped_seed2_fold4,modules_only,elastic_net_logreg,24,7,"{'Fibroblast': 3, 'Endothelial': 3, 'muscle_fiber': 3, 'Keratinocyte': 3, 'Immune_cell': 3, 'Lymphatic_endothelial': 3, 'Neural_cell': 2, 'Glandular': 2, 'Unknown': 1, 'Melanocytes': 1}","{'Lymphatic_endothelial': 1, 'Endothelial': 1, 'Fibroblast': 1, 'Glandular': 1, 'muscle_fiber': 1, 'Immune_cell': 1, 'Keratinocyte': 1}",0.5714285714285714,0.5238095238095238,0.5714285714285714,0.4583333333333333,,"[[1, 0, 0, 0, 0, 0, 0, 0, 0, 0], [0, 1, 0, 0, 0, 0, 0, 0, 0, 0], [1, 0, 0, 0, 0, 0, 0, 0, 0, 0], [0, 0, 0, 0, 0, 0, 1, 0, 0, 0], [0, 0, 0, 0, 1, 0, 0, 0, 0, 0], [0, 0, 1, 0, 0, 0, 0, 0, 0, 0], [0, 0, 0, 0, 0, 0, 0, 0, 0, 0], [0, 0, 0, 0, 0, 0, 0, 0, 0, 0], [0, 0, 0, 0, 0, 0, 0, 0, 0, 0], [0, 0, 0, 0, 0, 0, 0, 0, 0, 1]]","['Endothelial', 'Fibroblast', 'Glandular', 'Immune_cell', 'Keratinocyte', 'Lymphatic_endothelial', 'Melanocytes', 'Neural_cell', 'Unknown', 'muscle_fiber']",
cell_type,grouped_seed2_fold4,modules_only,linear_svm,24,7,"{'Fibroblast': 3, 'Endothelial': 3, 'muscle_fiber': 3, 'Keratinocyte': 3, 'Immune_cell': 3, 'Lymphatic_endothelial': 3, 'Neural_cell': 2, 'Glandular': 2, 'Unknown': 1, 'Melanocytes': 1}","{'Lymphatic_endothelial': 1, 'Endothelial': 1, 'Fibroblast': 1, 'Glandular': 1, 'muscle_fiber': 1, 'Immune_cell': 1, 'Keratinocyte': 1}",0.5714285714285714,0.5238095238095238,0.5714285714285714,0.4074074074074074,,"[[1, 0, 0, 0, 0, 0, 0, 0, 0, 0], [0, 0, 0, 0, 0, 0, 1, 0, 0, 0], [1, 0, 0, 0, 0, 0, 0, 0, 0, 0], [0, 0, 0, 0, 0, 0, 0, 0, 1, 0], [0, 0, 0, 0, 1, 0, 0, 0, 0, 0], [0, 0, 0, 0, 0, 1, 0, 0, 0, 0], [0, 0, 0, 0, 0, 0, 0, 0, 0, 0], [0, 0, 0, 0, 0, 0, 0, 0, 0, 0], [0, 0, 0, 0, 0, 0, 0, 0, 0, 0], [0, 0, 0, 0, 0, 0, 0, 0, 0, 1]]","['Endothelial', 'Fibroblast', 'Glandular', 'Immune_cell', 'Keratinocyte', 'Lymphatic_endothelial', 'Melanocytes', 'Neural_cell', 'Unknown', 'muscle_fiber']",
cell_type,grouped_seed2_fold4,modules_only,random_forest,24,7,"{'Fibroblast': 3, 'Endothelial': 3, 'muscle_fiber': 3, 'Keratinocyte': 3, 'Immune_cell': 3, 'Lymphatic_endothelial': 3, 'Neural_cell': 2, 'Glandular': 2, 'Unknown': 1, 'Melanocytes': 1}","{'Lymphatic_endothelial': 1, 'Endothelial': 1, 'Fibroblast': 1, 'Glandular': 1, 'muscle_fiber': 1, 'Immune_cell': 1, 'Keratinocyte': 1}",0.8571428571428571,0.8095238095238094,0.8571428571428571,0.8095238095238094,,"[[1, 0, 0, 0, 0, 0, 0, 0, 0, 0], [0, 1, 0, 0, 0, 0, 0, 0, 0, 0], [1, 0, 0, 0, 0, 0, 0, 0, 0, 0], [0, 0, 0, 1, 0, 0, 0, 0, 0, 0], [0, 0, 0, 0, 1, 0, 0, 0, 0, 0], [0, 0, 0, 0, 0, 1, 0, 0, 0, 0], [0, 0, 0, 0, 0, 0, 0, 0, 0, 0], [0, 0, 0, 0, 0, 0, 0, 0, 0, 0], [0, 0, 0, 0, 0, 0, 0, 0, 0, 0], [0, 0, 0, 0, 0, 0, 0, 0, 0, 1]]","['Endothelial', 'Fibroblast', 'Glandular', 'Immune_cell', 'Keratinocyte', 'Lymphatic_endothelial', 'Melanocytes', 'Neural_cell', 'Unknown', 'muscle_fiber']",
cell_type,grouped_seed2_fold4,modules_only,hist_gradient_boosting,24,7,"{'Fibroblast': 3, 'Endothelial': 3, 'muscle_fiber': 3, 'Keratinocyte': 3, 'Immune_cell': 3, 'Lymphatic_endothelial': 3, 'Neural_cell': 2, 'Glandular': 2, 'Unknown': 1, 'Melanocytes': 1}","{'Lymphatic_endothelial': 1, 'Endothelial': 1, 'Fibroblast': 1, 'Glandular': 1, 'muscle_fiber': 1, 'Immune_cell': 1, 'Keratinocyte': 1}",0.14285714285714285,0.03571428571428571,0.14285714285714285,0.03571428571428571,,"[[1, 0, 0, 0, 0, 0, 0, 0, 0, 0], [1, 0, 0, 0, 0, 0, 0, 0, 0, 0], [1, 0, 0, 0, 0, 0, 0, 0, 0, 0], [1, 0, 0, 0, 0, 0, 0, 0, 0, 0], [1, 0, 0, 0, 0, 0, 0, 0, 0, 0], [1, 0, 0, 0, 0, 0, 0, 0, 0, 0], [0, 0, 0, 0, 0, 0, 0, 0, 0, 0], [0, 0, 0, 0, 0, 0, 0, 0, 0, 0], [0, 0, 0, 0, 0, 0, 0, 0, 0, 0], [1, 0, 0, 0, 0, 0, 0, 0, 0, 0]]","['Endothelial', 'Fibroblast', 'Glandular', 'Immune_cell', 'Keratinocyte', 'Lymphatic_endothelial', 'Melanocytes', 'Neural_cell', 'Unknown', 'muscle_fiber']",
cell_type,grouped_seed2_fold4,modules_only,knn,24,7,"{'Fibroblast': 3, 'Endothelial': 3, 'muscle_fiber': 3, 'Keratinocyte': 3, 'Immune_cell': 3, 'Lymphatic_endothelial': 3, 'Neural_cell': 2, 'Glandular': 2, 'Unknown': 1, 'Melanocytes': 1}","{'Lymphatic_endothelial': 1, 'Endothelial': 1, 'Fibroblast': 1, 'Glandular': 1, 'muscle_fiber': 1, 'Immune_cell': 1, 'Keratinocyte': 1}",0.5714285714285714,0.5238095238095238,0.5714285714285714,0.5238095238095238,,"[[1, 0, 0, 0, 0, 0, 0, 0, 0, 0], [0, 1, 0, 0, 0, 0, 0, 0, 0, 0], [1, 0, 0, 0, 0, 0, 0, 0, 0, 0], [0, 0, 1, 0, 0, 0, 0, 0, 0, 0], [0, 0, 0, 1, 0, 0, 0, 0, 0, 0], [0, 0, 0, 0, 0, 1, 0, 0, 0, 0], [0, 0, 0, 0, 0, 0, 0, 0, 0, 0], [0, 0, 0, 0, 0, 0, 0, 0, 0, 0], [0, 0, 0, 0, 0, 0, 0, 0, 0, 0], [0, 0, 0, 0, 0, 0, 0, 0, 0, 1]]","['Endothelial', 'Fibroblast', 'Glandular', 'Immune_cell', 'Keratinocyte', 'Lymphatic_endothelial', 'Melanocytes', 'Neural_cell', 'Unknown', 'muscle_fiber']",
cell_type,grouped_seed2_fold4,modules_only,small_mlp,24,7,"{'Fibroblast': 3, 'Endothelial': 3, 'muscle_fiber': 3, 'Keratinocyte': 3, 'Immune_cell': 3, 'Lymphatic_endothelial': 3, 'Neural_cell': 2, 'Glandular': 2, 'Unknown': 1, 'Melanocytes': 1}","{'Lymphatic_endothelial': 1, 'Endothelial': 1, 'Fibroblast': 1, 'Glandular': 1, 'muscle_fiber': 1, 'Immune_cell': 1, 'Keratinocyte': 1}",0.0,0.0,0.0,0.0,,"[[0, 0, 0, 0, 0, 0, 1, 0, 0, 0], [0, 0, 0, 0, 0, 0, 1, 0, 0, 0], [0, 0, 0, 0, 0, 0, 1, 0, 0, 0], [0, 0, 0, 0, 0, 0, 0, 1, 0, 0], [0, 1, 0, 0, 0, 0, 0, 0, 0, 0], [0, 0, 0, 0, 0, 0, 1, 0, 0, 0], [0, 0, 0, 0, 0, 0, 0, 0, 0, 0], [0, 0, 0, 0, 0, 0, 0, 0, 0, 0], [0, 0, 0, 0, 0, 0, 0, 0, 0, 0], [0, 0, 0, 0, 0, 1, 0, 0, 0, 0]]","['Endothelial', 'Fibroblast', 'Glandular', 'Immune_cell', 'Keratinocyte', 'Lymphatic_endothelial', 'Melanocytes', 'Neural_cell', 'Unknown', 'muscle_fiber']",
cell_type,leave_source_out_scrna_pseudobulk_GSE163973_KF1,shared_genes_plus_modules,majority,38,9,"{'Fibroblast': 5, 'Endothelial': 5, 'muscle_fiber': 5, 'Keratinocyte': 5, 'Immune_cell': 5, 'Lymphatic_endothelial': 5, 'Glandular': 3, 'Neural_cell': 2, 'Melanocytes': 2, 'Unknown': 1}","{'Endothelial': 1, 'Fibroblast': 1, 'Keratinocyte': 1, 'Unknown': 1, 'muscle_fiber': 1, 'Lymphatic_endothelial': 1, 'Immune_cell': 1, 'Glandular': 1, 'Neural_cell': 1}",0.1111111111111111,0.022222222222222223,0.1111111111111111,0.022222222222222223,,"[[1, 0, 0, 0, 0, 0, 0, 0, 0, 0], [1, 0, 0, 0, 0, 0, 0, 0, 0, 0], [1, 0, 0, 0, 0, 0, 0, 0, 0, 0], [1, 0, 0, 0, 0, 0, 0, 0, 0, 0], [1, 0, 0, 0, 0, 0, 0, 0, 0, 0], [1, 0, 0, 0, 0, 0, 0, 0, 0, 0], [0, 0, 0, 0, 0, 0, 0, 0, 0, 0], [1, 0, 0, 0, 0, 0, 0, 0, 0, 0], [1, 0, 0, 0, 0, 0, 0, 0, 0, 0], [1, 0, 0, 0, 0, 0, 0, 0, 0, 0]]","['Endothelial', 'Fibroblast', 'Glandular', 'Immune_cell', 'Keratinocyte', 'Lymphatic_endothelial', 'Melanocytes', 'Neural_cell', 'Unknown', 'muscle_fiber']",
cell_type,leave_source_out_scrna_pseudobulk_GSE163973_KF1,shared_genes_plus_modules,stratified_random,38,9,"{'Fibroblast': 5, 'Endothelial': 5, 'muscle_fiber': 5, 'Keratinocyte': 5, 'Immune_cell': 5, 'Lymphatic_endothelial': 5, 'Glandular': 3, 'Neural_cell': 2, 'Melanocytes': 2, 'Unknown': 1}","{'Endothelial': 1, 'Fibroblast': 1, 'Keratinocyte': 1, 'Unknown': 1, 'muscle_fiber': 1, 'Lymphatic_endothelial': 1, 'Immune_cell': 1, 'Glandular': 1, 'Neural_cell': 1}",0.0,0.0,0.0,0.0,,"[[0, 0, 0, 1, 0, 0, 0, 0, 0, 0], [1, 0, 0, 0, 0, 0, 0, 0, 0, 0], [0, 0, 0, 0, 0, 1, 0, 0, 0, 0], [0, 0, 0, 0, 0, 0, 0, 1, 0, 0], [0, 0, 0, 0, 0, 0, 0, 0, 1, 0], [0, 0, 0, 1, 0, 0, 0, 0, 0, 0], [0, 0, 0, 0, 0, 0, 0, 0, 0, 0], [1, 0, 0, 0, 0, 0, 0, 0, 0, 0], [0, 0, 0, 0, 0, 0, 1, 0, 0, 0], [0, 0, 1, 0, 0, 0, 0, 0, 0, 0]]","['Endothelial', 'Fibroblast', 'Glandular', 'Immune_cell', 'Keratinocyte', 'Lymphatic_endothelial', 'Melanocytes', 'Neural_cell', 'Unknown', 'muscle_fiber']",
cell_type,leave_source_out_scrna_pseudobulk_GSE163973_KF1,shared_genes_plus_modules,elastic_net_logreg,38,9,"{'Fibroblast': 5, 'Endothelial': 5, 'muscle_fiber': 5, 'Keratinocyte': 5, 'Immune_cell': 5, 'Lymphatic_endothelial': 5, 'Glandular': 3, 'Neural_cell': 2, 'Melanocytes': 2, 'Unknown': 1}","{'Endothelial': 1, 'Fibroblast': 1, 'Keratinocyte': 1, 'Unknown': 1, 'muscle_fiber': 1, 'Lymphatic_endothelial': 1, 'Immune_cell': 1, 'Glandular': 1, 'Neural_cell': 1}",1.0,1.0,1.0,1.0,,"[[1, 0, 0, 0, 0, 0, 0, 0, 0, 0], [0, 1, 0, 0, 0, 0, 0, 0, 0, 0], [0, 0, 1, 0, 0, 0, 0, 0, 0, 0], [0, 0, 0, 1, 0, 0, 0, 0, 0, 0], [0, 0, 0, 0, 1, 0, 0, 0, 0, 0], [0, 0, 0, 0, 0, 1, 0, 0, 0, 0], [0, 0, 0, 0, 0, 0, 0, 0, 0, 0], [0, 0, 0, 0, 0, 0, 0, 1, 0, 0], [0, 0, 0, 0, 0, 0, 0, 0, 1, 0], [0, 0, 0, 0, 0, 0, 0, 0, 0, 1]]","['Endothelial', 'Fibroblast', 'Glandular', 'Immune_cell', 'Keratinocyte', 'Lymphatic_endothelial', 'Melanocytes', 'Neural_cell', 'Unknown', 'muscle_fiber']",
cell_type,leave_source_out_scrna_pseudobulk_GSE163973_KF1,shared_genes_plus_modules,linear_svm,38,9,"{'Fibroblast': 5, 'Endothelial': 5, 'muscle_fiber': 5, 'Keratinocyte': 5, 'Immune_cell': 5, 'Lymphatic_endothelial': 5, 'Glandular': 3, 'Neural_cell': 2, 'Melanocytes': 2, 'Unknown': 1}","{'Endothelial': 1, 'Fibroblast': 1, 'Keratinocyte': 1, 'Unknown': 1, 'muscle_fiber': 1, 'Lymphatic_endothelial': 1, 'Immune_cell': 1, 'Glandular': 1, 'Neural_cell': 1}",1.0,1.0,1.0,1.0,,"[[1, 0, 0, 0, 0, 0, 0, 0, 0, 0], [0, 1, 0, 0, 0, 0, 0, 0, 0, 0], [0, 0, 1, 0, 0, 0, 0, 0, 0, 0], [0, 0, 0, 1, 0, 0, 0, 0, 0, 0], [0, 0, 0, 0, 1, 0, 0, 0, 0, 0], [0, 0, 0, 0, 0, 1, 0, 0, 0, 0], [0, 0, 0, 0, 0, 0, 0, 0, 0, 0], [0, 0, 0, 0, 0, 0, 0, 1, 0, 0], [0, 0, 0, 0, 0, 0, 0, 0, 1, 0], [0, 0, 0, 0, 0, 0, 0, 0, 0, 1]]","['Endothelial', 'Fibroblast', 'Glandular', 'Immune_cell', 'Keratinocyte', 'Lymphatic_endothelial', 'Melanocytes', 'Neural_cell', 'Unknown', 'muscle_fiber']",
cell_type,leave_source_out_scrna_pseudobulk_GSE163973_KF1,shared_genes_plus_modules,random_forest,38,9,"{'Fibroblast': 5, 'Endothelial': 5, 'muscle_fiber': 5, 'Keratinocyte': 5, 'Immune_cell': 5, 'Lymphatic_endothelial': 5, 'Glandular': 3, 'Neural_cell': 2, 'Melanocytes': 2, 'Unknown': 1}","{'Endothelial': 1, 'Fibroblast': 1, 'Keratinocyte': 1, 'Unknown': 1, 'muscle_fiber': 1, 'Lymphatic_endothelial': 1, 'Immune_cell': 1, 'Glandular': 1, 'Neural_cell': 1}",0.8888888888888888,0.8518518518518517,0.8888888888888888,0.8518518518518517,,"[[1, 0, 0, 0, 0, 0, 0, 0, 0, 0], [0, 1, 0, 0, 0, 0, 0, 0, 0, 0], [0, 0, 0, 0, 1, 0, 0, 0, 0, 0], [0, 0, 0, 1, 0, 0, 0, 0, 0, 0], [0, 0, 0, 0, 1, 0, 0, 0, 0, 0], [0, 0, 0, 0, 0, 1, 0, 0, 0, 0], [0, 0, 0, 0, 0, 0, 0, 0, 0, 0], [0, 0, 0, 0, 0, 0, 0, 1, 0, 0], [0, 0, 0, 0, 0, 0, 0, 0, 1, 0], [0, 0, 0, 0, 0, 0, 0, 0, 0, 1]]","['Endothelial', 'Fibroblast', 'Glandular', 'Immune_cell', 'Keratinocyte', 'Lymphatic_endothelial', 'Melanocytes', 'Neural_cell', 'Unknown', 'muscle_fiber']",
cell_type,leave_source_out_scrna_pseudobulk_GSE163973_KF1,shared_genes_plus_modules,hist_gradient_boosting,38,9,"{'Fibroblast': 5, 'Endothelial': 5, 'muscle_fiber': 5, 'Keratinocyte': 5, 'Immune_cell': 5, 'Lymphatic_endothelial': 5, 'Glandular': 3, 'Neural_cell': 2, 'Melanocytes': 2, 'Unknown': 1}","{'Endothelial': 1, 'Fibroblast': 1, 'Keratinocyte': 1, 'Unknown': 1, 'muscle_fiber': 1, 'Lymphatic_endothelial': 1, 'Immune_cell': 1, 'Glandular': 1, 'Neural_cell': 1}",0.1111111111111111,0.022222222222222223,0.1111111111111111,0.022222222222222223,,"[[1, 0, 0, 0, 0, 0, 0, 0, 0, 0], [1, 0, 0, 0, 0, 0, 0, 0, 0, 0], [1, 0, 0, 0, 0, 0, 0, 0, 0, 0], [1, 0, 0, 0, 0, 0, 0, 0, 0, 0], [1, 0, 0, 0, 0, 0, 0, 0, 0, 0], [1, 0, 0, 0, 0, 0, 0, 0, 0, 0], [0, 0, 0, 0, 0, 0, 0, 0, 0, 0], [1, 0, 0, 0, 0, 0, 0, 0, 0, 0], [1, 0, 0, 0, 0, 0, 0, 0, 0, 0], [1, 0, 0, 0, 0, 0, 0, 0, 0, 0]]","['Endothelial', 'Fibroblast', 'Glandular', 'Immune_cell', 'Keratinocyte', 'Lymphatic_endothelial', 'Melanocytes', 'Neural_cell', 'Unknown', 'muscle_fiber']",
cell_type,leave_source_out_scrna_pseudobulk_GSE163973_KF1,shared_genes_plus_modules,knn,38,9,"{'Fibroblast': 5, 'Endothelial': 5, 'muscle_fiber': 5, 'Keratinocyte': 5, 'Immune_cell': 5, 'Lymphatic_endothelial': 5, 'Glandular': 3, 'Neural_cell': 2, 'Melanocytes': 2, 'Unknown': 1}","{'Endothelial': 1, 'Fibroblast': 1, 'Keratinocyte': 1, 'Unknown': 1, 'muscle_fiber': 1, 'Lymphatic_endothelial': 1, 'Immune_cell': 1, 'Glandular': 1, 'Neural_cell': 1}",0.7777777777777778,0.7037037037037037,0.7777777777777778,0.7037037037037037,,"[[1, 0, 0, 0, 0, 0, 0, 0, 0, 0], [0, 1, 0, 0, 0, 0, 0, 0, 0, 0], [0, 0, 0, 0, 1, 0, 0, 0, 0, 0], [0, 0, 0, 1, 0, 0, 0, 0, 0, 0], [0, 0, 0, 0, 1, 0, 0, 0, 0, 0], [0, 0, 0, 0, 0, 1, 0, 0, 0, 0], [0, 0, 0, 0, 0, 0, 0, 0, 0, 0], [0, 0, 0, 0, 0, 0, 0, 1, 0, 0], [1, 0, 0, 0, 0, 0, 0, 0, 0, 0], [0, 0, 0, 0, 0, 0, 0, 0, 0, 1]]","['Endothelial', 'Fibroblast', 'Glandular', 'Immune_cell', 'Keratinocyte', 'Lymphatic_endothelial', 'Melanocytes', 'Neural_cell', 'Unknown', 'muscle_fiber']",
cell_type,leave_source_out_scrna_pseudobulk_GSE163973_KF1,shared_genes_plus_modules,small_mlp,38,9,"{'Fibroblast': 5, 'Endothelial': 5, 'muscle_fiber': 5, 'Keratinocyte': 5, 'Immune_cell': 5, 'Lymphatic_endothelial': 5, 'Glandular': 3, 'Neural_cell': 2, 'Melanocytes': 2, 'Unknown': 1}","{'Endothelial': 1, 'Fibroblast': 1, 'Keratinocyte': 1, 'Unknown': 1, 'muscle_fiber': 1, 'Lymphatic_endothelial': 1, 'Immune_cell': 1, 'Glandular': 1, 'Neural_cell': 1}",0.6666666666666666,0.574074074074074,0.6666666666666666,0.574074074074074,,"[[1, 0, 0, 0, 0, 0, 0, 0, 0, 0], [0, 1, 0, 0, 0, 0, 0, 0, 0, 0], [0, 0, 0, 0, 1, 0, 0, 0, 0, 0], [0, 0, 0, 1, 0, 0, 0, 0, 0, 0], [0, 0, 0, 0, 1, 0, 0, 0, 0, 0], [0, 0, 0, 0, 0, 1, 0, 0, 0, 0], [0, 0, 0, 0, 0, 0, 0, 0, 0, 0], [0, 0, 0, 0, 0, 0, 0, 0, 0, 1], [0, 0, 0, 0, 0, 0, 0, 0, 0, 1], [0, 0, 0, 0, 0, 0, 0, 0, 0, 1]]","['Endothelial', 'Fibroblast', 'Glandular', 'Immune_cell', 'Keratinocyte', 'Lymphatic_endothelial', 'Melanocytes', 'Neural_cell', 'Unknown', 'muscle_fiber']",
cell_type,leave_source_out_scrna_pseudobulk_GSE163973_KF1,shared_genes,majority,38,9,"{'Fibroblast': 5, 'Endothelial': 5, 'muscle_fiber': 5, 'Keratinocyte': 5, 'Immune_cell': 5, 'Lymphatic_endothelial': 5, 'Glandular': 3, 'Neural_cell': 2, 'Melanocytes': 2, 'Unknown': 1}","{'Endothelial': 1, 'Fibroblast': 1, 'Keratinocyte': 1, 'Unknown': 1, 'muscle_fiber': 1, 'Lymphatic_endothelial': 1, 'Immune_cell': 1, 'Glandular': 1, 'Neural_cell': 1}",0.1111111111111111,0.022222222222222223,0.1111111111111111,0.022222222222222223,,"[[1, 0, 0, 0, 0, 0, 0, 0, 0, 0], [1, 0, 0, 0, 0, 0, 0, 0, 0, 0], [1, 0, 0, 0, 0, 0, 0, 0, 0, 0], [1, 0, 0, 0, 0, 0, 0, 0, 0, 0], [1, 0, 0, 0, 0, 0, 0, 0, 0, 0], [1, 0, 0, 0, 0, 0, 0, 0, 0, 0], [0, 0, 0, 0, 0, 0, 0, 0, 0, 0], [1, 0, 0, 0, 0, 0, 0, 0, 0, 0], [1, 0, 0, 0, 0, 0, 0, 0, 0, 0], [1, 0, 0, 0, 0, 0, 0, 0, 0, 0]]","['Endothelial', 'Fibroblast', 'Glandular', 'Immune_cell', 'Keratinocyte', 'Lymphatic_endothelial', 'Melanocytes', 'Neural_cell', 'Unknown', 'muscle_fiber']",
cell_type,leave_source_out_scrna_pseudobulk_GSE163973_KF1,shared_genes,stratified_random,38,9,"{'Fibroblast': 5, 'Endothelial': 5, 'muscle_fiber': 5, 'Keratinocyte': 5, 'Immune_cell': 5, 'Lymphatic_endothelial': 5, 'Glandular': 3, 'Neural_cell': 2, 'Melanocytes': 2, 'Unknown': 1}","{'Endothelial': 1, 'Fibroblast': 1, 'Keratinocyte': 1, 'Unknown': 1, 'muscle_fiber': 1, 'Lymphatic_endothelial': 1, 'Immune_cell': 1, 'Glandular': 1, 'Neural_cell': 1}",0.0,0.0,0.0,0.0,,"[[0, 0, 0, 1, 0, 0, 0, 0, 0, 0], [1, 0, 0, 0, 0, 0, 0, 0, 0, 0], [0, 0, 0, 0, 0, 1, 0, 0, 0, 0], [0, 0, 0, 0, 0, 0, 0, 1, 0, 0], [0, 0, 0, 0, 0, 0, 0, 0, 1, 0], [0, 0, 0, 1, 0, 0, 0, 0, 0, 0], [0, 0, 0, 0, 0, 0, 0, 0, 0, 0], [1, 0, 0, 0, 0, 0, 0, 0, 0, 0], [0, 0, 0, 0, 0, 0, 1, 0, 0, 0], [0, 0, 1, 0, 0, 0, 0, 0, 0, 0]]","['Endothelial', 'Fibroblast', 'Glandular', 'Immune_cell', 'Keratinocyte', 'Lymphatic_endothelial', 'Melanocytes', 'Neural_cell', 'Unknown', 'muscle_fiber']",
cell_type,leave_source_out_scrna_pseudobulk_GSE163973_KF1,shared_genes,elastic_net_logreg,38,9,"{'Fibroblast': 5, 'Endothelial': 5, 'muscle_fiber': 5, 'Keratinocyte': 5, 'Immune_cell': 5, 'Lymphatic_endothelial': 5, 'Glandular': 3, 'Neural_cell': 2, 'Melanocytes': 2, 'Unknown': 1}","{'Endothelial': 1, 'Fibroblast': 1, 'Keratinocyte': 1, 'Unknown': 1, 'muscle_fiber': 1, 'Lymphatic_endothelial': 1, 'Immune_cell': 1, 'Glandular': 1, 'Neural_cell': 1}",1.0,1.0,1.0,1.0,,"[[1, 0, 0, 0, 0, 0, 0, 0, 0, 0], [0, 1, 0, 0, 0, 0, 0, 0, 0, 0], [0, 0, 1, 0, 0, 0, 0, 0, 0, 0], [0, 0, 0, 1, 0, 0, 0, 0, 0, 0], [0, 0, 0, 0, 1, 0, 0, 0, 0, 0], [0, 0, 0, 0, 0, 1, 0, 0, 0, 0], [0, 0, 0, 0, 0, 0, 0, 0, 0, 0], [0, 0, 0, 0, 0, 0, 0, 1, 0, 0], [0, 0, 0, 0, 0, 0, 0, 0, 1, 0], [0, 0, 0, 0, 0, 0, 0, 0, 0, 1]]","['Endothelial', 'Fibroblast', 'Glandular', 'Immune_cell', 'Keratinocyte', 'Lymphatic_endothelial', 'Melanocytes', 'Neural_cell', 'Unknown', 'muscle_fiber']",
cell_type,leave_source_out_scrna_pseudobulk_GSE163973_KF1,shared_genes,linear_svm,38,9,"{'Fibroblast': 5, 'Endothelial': 5, 'muscle_fiber': 5, 'Keratinocyte': 5, 'Immune_cell': 5, 'Lymphatic_endothelial': 5, 'Glandular': 3, 'Neural_cell': 2, 'Melanocytes': 2, 'Unknown': 1}","{'Endothelial': 1, 'Fibroblast': 1, 'Keratinocyte': 1, 'Unknown': 1, 'muscle_fiber': 1, 'Lymphatic_endothelial': 1, 'Immune_cell': 1, 'Glandular': 1, 'Neural_cell': 1}",1.0,1.0,1.0,1.0,,"[[1, 0, 0, 0, 0, 0, 0, 0, 0, 0], [0, 1, 0, 0, 0, 0, 0, 0, 0, 0], [0, 0, 1, 0, 0, 0, 0, 0, 0, 0], [0, 0, 0, 1, 0, 0, 0, 0, 0, 0], [0, 0, 0, 0, 1, 0, 0, 0, 0, 0], [0, 0, 0, 0, 0, 1, 0, 0, 0, 0], [0, 0, 0, 0, 0, 0, 0, 0, 0, 0], [0, 0, 0, 0, 0, 0, 0, 1, 0, 0], [0, 0, 0, 0, 0, 0, 0, 0, 1, 0], [0, 0, 0, 0, 0, 0, 0, 0, 0, 1]]","['Endothelial', 'Fibroblast', 'Glandular', 'Immune_cell', 'Keratinocyte', 'Lymphatic_endothelial', 'Melanocytes', 'Neural_cell', 'Unknown', 'muscle_fiber']",
cell_type,leave_source_out_scrna_pseudobulk_GSE163973_KF1,shared_genes,random_forest,38,9,"{'Fibroblast': 5, 'Endothelial': 5, 'muscle_fiber': 5, 'Keratinocyte': 5, 'Immune_cell': 5, 'Lymphatic_endothelial': 5, 'Glandular': 3, 'Neural_cell': 2, 'Melanocytes': 2, 'Unknown': 1}","{'Endothelial': 1, 'Fibroblast': 1, 'Keratinocyte': 1, 'Unknown': 1, 'muscle_fiber': 1, 'Lymphatic_endothelial': 1, 'Immune_cell': 1, 'Glandular': 1, 'Neural_cell': 1}",0.7777777777777778,0.7037037037037037,0.7777777777777778,0.7037037037037037,,"[[1, 0, 0, 0, 0, 0, 0, 0, 0, 0], [0, 1, 0, 0, 0, 0, 0, 0, 0, 0], [0, 0, 0, 0, 1, 0, 0, 0, 0, 0], [0, 0, 0, 1, 0, 0, 0, 0, 0, 0], [0, 0, 0, 0, 1, 0, 0, 0, 0, 0], [0, 0, 0, 0, 0, 1, 0, 0, 0, 0], [0, 0, 0, 0, 0, 0, 0, 0, 0, 0], [0, 0, 0, 0, 0, 0, 0, 1, 0, 0], [0, 0, 0, 1, 0, 0, 0, 0, 0, 0], [0, 0, 0, 0, 0, 0, 0, 0, 0, 1]]","['Endothelial', 'Fibroblast', 'Glandular', 'Immune_cell', 'Keratinocyte', 'Lymphatic_endothelial', 'Melanocytes', 'Neural_cell', 'Unknown', 'muscle_fiber']",
cell_type,leave_source_out_scrna_pseudobulk_GSE163973_KF1,shared_genes,hist_gradient_boosting,38,9,"{'Fibroblast': 5, 'Endothelial': 5, 'muscle_fiber': 5, 'Keratinocyte': 5, 'Immune_cell': 5, 'Lymphatic_endothelial': 5, 'Glandular': 3, 'Neural_cell': 2, 'Melanocytes': 2, 'Unknown': 1}","{'Endothelial': 1, 'Fibroblast': 1, 'Keratinocyte': 1, 'Unknown': 1, 'muscle_fiber': 1, 'Lymphatic_endothelial': 1, 'Immune_cell': 1, 'Glandular': 1, 'Neural_cell': 1}",0.1111111111111111,0.022222222222222223,0.1111111111111111,0.022222222222222223,,"[[1, 0, 0, 0, 0, 0, 0, 0, 0, 0], [1, 0, 0, 0, 0, 0, 0, 0, 0, 0], [1, 0, 0, 0, 0, 0, 0, 0, 0, 0], [1, 0, 0, 0, 0, 0, 0, 0, 0, 0], [1, 0, 0, 0, 0, 0, 0, 0, 0, 0], [1, 0, 0, 0, 0, 0, 0, 0, 0, 0], [0, 0, 0, 0, 0, 0, 0, 0, 0, 0], [1, 0, 0, 0, 0, 0, 0, 0, 0, 0], [1, 0, 0, 0, 0, 0, 0, 0, 0, 0], [1, 0, 0, 0, 0, 0, 0, 0, 0, 0]]","['Endothelial', 'Fibroblast', 'Glandular', 'Immune_cell', 'Keratinocyte', 'Lymphatic_endothelial', 'Melanocytes', 'Neural_cell', 'Unknown', 'muscle_fiber']",
cell_type,leave_source_out_scrna_pseudobulk_GSE163973_KF1,shared_genes,knn,38,9,"{'Fibroblast': 5, 'Endothelial': 5, 'muscle_fiber': 5, 'Keratinocyte': 5, 'Immune_cell': 5, 'Lymphatic_endothelial': 5, 'Glandular': 3, 'Neural_cell': 2, 'Melanocytes': 2, 'Unknown': 1}","{'Endothelial': 1, 'Fibroblast': 1, 'Keratinocyte': 1, 'Unknown': 1, 'muscle_fiber': 1, 'Lymphatic_endothelial': 1, 'Immune_cell': 1, 'Glandular': 1, 'Neural_cell': 1}",0.7777777777777778,0.7037037037037037,0.7777777777777778,0.7037037037037037,,"[[1, 0, 0, 0, 0, 0, 0, 0, 0, 0], [0, 1, 0, 0, 0, 0, 0, 0, 0, 0], [0, 0, 0, 0, 1, 0, 0, 0, 0, 0], [0, 0, 0, 1, 0, 0, 0, 0, 0, 0], [0, 0, 0, 0, 1, 0, 0, 0, 0, 0], [0, 0, 0, 0, 0, 1, 0, 0, 0, 0], [0, 0, 0, 0, 0, 0, 0, 0, 0, 0], [0, 0, 0, 0, 0, 0, 0, 1, 0, 0], [1, 0, 0, 0, 0, 0, 0, 0, 0, 0], [0, 0, 0, 0, 0, 0, 0, 0, 0, 1]]","['Endothelial', 'Fibroblast', 'Glandular', 'Immune_cell', 'Keratinocyte', 'Lymphatic_endothelial', 'Melanocytes', 'Neural_cell', 'Unknown', 'muscle_fiber']",
cell_type,leave_source_out_scrna_pseudobulk_GSE163973_KF1,modules_only,majority,38,9,"{'Fibroblast': 5, 'Endothelial': 5, 'muscle_fiber': 5, 'Keratinocyte': 5, 'Immune_cell': 5, 'Lymphatic_endothelial': 5, 'Glandular': 3, 'Neural_cell': 2, 'Melanocytes': 2, 'Unknown': 1}","{'Endothelial': 1, 'Fibroblast': 1, 'Keratinocyte': 1, 'Unknown': 1, 'muscle_fiber': 1, 'Lymphatic_endothelial': 1, 'Immune_cell': 1, 'Glandular': 1, 'Neural_cell': 1}",0.1111111111111111,0.022222222222222223,0.1111111111111111,0.022222222222222223,,"[[1, 0, 0, 0, 0, 0, 0, 0, 0, 0], [1, 0, 0, 0, 0, 0, 0, 0, 0, 0], [1, 0, 0, 0, 0, 0, 0, 0, 0, 0], [1, 0, 0, 0, 0, 0, 0, 0, 0, 0], [1, 0, 0, 0, 0, 0, 0, 0, 0, 0], [1, 0, 0, 0, 0, 0, 0, 0, 0, 0], [0, 0, 0, 0, 0, 0, 0, 0, 0, 0], [1, 0, 0, 0, 0, 0, 0, 0, 0, 0], [1, 0, 0, 0, 0, 0, 0, 0, 0, 0], [1, 0, 0, 0, 0, 0, 0, 0, 0, 0]]","['Endothelial', 'Fibroblast', 'Glandular', 'Immune_cell', 'Keratinocyte', 'Lymphatic_endothelial', 'Melanocytes', 'Neural_cell', 'Unknown', 'muscle_fiber']",
cell_type,leave_source_out_scrna_pseudobulk_GSE163973_KF1,modules_only,stratified_random,38,9,"{'Fibroblast': 5, 'Endothelial': 5, 'muscle_fiber': 5, 'Keratinocyte': 5, 'Immune_cell': 5, 'Lymphatic_endothelial': 5, 'Glandular': 3, 'Neural_cell': 2, 'Melanocytes': 2, 'Unknown': 1}","{'Endothelial': 1, 'Fibroblast': 1, 'Keratinocyte': 1, 'Unknown': 1, 'muscle_fiber': 1, 'Lymphatic_endothelial': 1, 'Immune_cell': 1, 'Glandular': 1, 'Neural_cell': 1}",0.0,0.0,0.0,0.0,,"[[0, 0, 0, 1, 0, 0, 0, 0, 0, 0], [1, 0, 0, 0, 0, 0, 0, 0, 0, 0], [0, 0, 0, 0, 0, 1, 0, 0, 0, 0], [0, 0, 0, 0, 0, 0, 0, 1, 0, 0], [0, 0, 0, 0, 0, 0, 0, 0, 1, 0], [0, 0, 0, 1, 0, 0, 0, 0, 0, 0], [0, 0, 0, 0, 0, 0, 0, 0, 0, 0], [1, 0, 0, 0, 0, 0, 0, 0, 0, 0], [0, 0, 0, 0, 0, 0, 1, 0, 0, 0], [0, 0, 1, 0, 0, 0, 0, 0, 0, 0]]","['Endothelial', 'Fibroblast', 'Glandular', 'Immune_cell', 'Keratinocyte', 'Lymphatic_endothelial', 'Melanocytes', 'Neural_cell', 'Unknown', 'muscle_fiber']",
cell_type,leave_source_out_scrna_pseudobulk_GSE163973_KF1,modules_only,elastic_net_logreg,38,9,"{'Fibroblast': 5, 'Endothelial': 5, 'muscle_fiber': 5, 'Keratinocyte': 5, 'Immune_cell': 5, 'Lymphatic_endothelial': 5, 'Glandular': 3, 'Neural_cell': 2, 'Melanocytes': 2, 'Unknown': 1}","{'Endothelial': 1, 'Fibroblast': 1, 'Keratinocyte': 1, 'Unknown': 1, 'muscle_fiber': 1, 'Lymphatic_endothelial': 1, 'Immune_cell': 1, 'Glandular': 1, 'Neural_cell': 1}",0.7777777777777778,0.7407407407407408,0.7777777777777778,0.6666666666666667,,"[[1, 0, 0, 0, 0, 0, 0, 0, 0, 0], [0, 1, 0, 0, 0, 0, 0, 0, 0, 0], [0, 0, 0, 0, 0, 0, 1, 0, 0, 0], [0, 0, 0, 0, 0, 0, 0, 0, 1, 0], [0, 0, 0, 0, 1, 0, 0, 0, 0, 0], [0, 0, 0, 0, 0, 1, 0, 0, 0, 0], [0, 0, 0, 0, 0, 0, 0, 0, 0, 0], [0, 0, 0, 0, 0, 0, 0, 1, 0, 0], [0, 0, 0, 0, 0, 0, 0, 0, 1, 0], [0, 0, 0, 0, 0, 0, 0, 0, 0, 1]]","['Endothelial', 'Fibroblast', 'Glandular', 'Immune_cell', 'Keratinocyte', 'Lymphatic_endothelial', 'Melanocytes', 'Neural_cell', 'Unknown', 'muscle_fiber']",
cell_type,leave_source_out_scrna_pseudobulk_GSE163973_KF1,modules_only,linear_svm,38,9,"{'Fibroblast': 5, 'Endothelial': 5, 'muscle_fiber': 5, 'Keratinocyte': 5, 'Immune_cell': 5, 'Lymphatic_endothelial': 5, 'Glandular': 3, 'Neural_cell': 2, 'Melanocytes': 2, 'Unknown': 1}","{'Endothelial': 1, 'Fibroblast': 1, 'Keratinocyte': 1, 'Unknown': 1, 'muscle_fiber': 1, 'Lymphatic_endothelial': 1, 'Immune_cell': 1, 'Glandular': 1, 'Neural_cell': 1}",0.5555555555555556,0.48148148148148145,0.5555555555555556,0.4333333333333333,,"[[1, 0, 0, 0, 0, 0, 0, 0, 0, 0], [0, 1, 0, 0, 0, 0, 0, 0, 0, 0], [0, 0, 0, 0, 0, 0, 1, 0, 0, 0], [0, 0, 0, 0, 0, 0, 1, 0, 0, 0], [0, 0, 0, 0, 1, 0, 0, 0, 0, 0], [1, 0, 0, 0, 0, 0, 0, 0, 0, 0], [0, 0, 0, 0, 0, 0, 0, 0, 0, 0], [0, 0, 0, 0, 0, 0, 0, 1, 0, 0], [0, 0, 0, 0, 0, 0, 0, 0, 0, 1], [0, 0, 0, 0, 0, 0, 0, 0, 0, 1]]","['Endothelial', 'Fibroblast', 'Glandular', 'Immune_cell', 'Keratinocyte', 'Lymphatic_endothelial', 'Melanocytes', 'Neural_cell', 'Unknown', 'muscle_fiber']",
cell_type,leave_source_out_scrna_pseudobulk_GSE163973_KF1,modules_only,random_forest,38,9,"{'Fibroblast': 5, 'Endothelial': 5, 'muscle_fiber': 5, 'Keratinocyte': 5, 'Immune_cell': 5, 'Lymphatic_endothelial': 5, 'Glandular': 3, 'Neural_cell': 2, 'Melanocytes': 2, 'Unknown': 1}","{'Endothelial': 1, 'Fibroblast': 1, 'Keratinocyte': 1, 'Unknown': 1, 'muscle_fiber': 1, 'Lymphatic_endothelial': 1, 'Immune_cell': 1, 'Glandular': 1, 'Neural_cell': 1}",0.7777777777777778,0.7037037037037037,0.7777777777777778,0.7037037037037037,,"[[1, 0, 0, 0, 0, 0, 0, 0, 0, 0], [0, 1, 0, 0, 0, 0, 0, 0, 0, 0], [0, 0, 0, 0, 1, 0, 0, 0, 0, 0], [0, 0, 0, 1, 0, 0, 0, 0, 0, 0], [0, 0, 0, 0, 1, 0, 0, 0, 0, 0], [0, 0, 0, 0, 0, 1, 0, 0, 0, 0], [0, 0, 0, 0, 0, 0, 0, 0, 0, 0], [0, 0, 0, 0, 0, 0, 0, 1, 0, 0], [0, 0, 0, 0, 0, 0, 0, 0, 0, 1], [0, 0, 0, 0, 0, 0, 0, 0, 0, 1]]","['Endothelial', 'Fibroblast', 'Glandular', 'Immune_cell', 'Keratinocyte', 'Lymphatic_endothelial', 'Melanocytes', 'Neural_cell', 'Unknown', 'muscle_fiber']",
cell_type,leave_source_out_scrna_pseudobulk_GSE163973_KF1,modules_only,hist_gradient_boosting,38,9,"{'Fibroblast': 5, 'Endothelial': 5, 'muscle_fiber': 5, 'Keratinocyte': 5, 'Immune_cell': 5, 'Lymphatic_endothelial': 5, 'Glandular': 3, 'Neural_cell': 2, 'Melanocytes': 2, 'Unknown': 1}","{'Endothelial': 1, 'Fibroblast': 1, 'Keratinocyte': 1, 'Unknown': 1, 'muscle_fiber': 1, 'Lymphatic_endothelial': 1, 'Immune_cell': 1, 'Glandular': 1, 'Neural_cell': 1}",0.1111111111111111,0.022222222222222223,0.1111111111111111,0.022222222222222223,,"[[1, 0, 0, 0, 0, 0, 0, 0, 0, 0], [1, 0, 0, 0, 0, 0, 0, 0, 0, 0], [1, 0, 0, 0, 0, 0, 0, 0, 0, 0], [1, 0, 0, 0, 0, 0, 0, 0, 0, 0], [1, 0, 0, 0, 0, 0, 0, 0, 0, 0], [1, 0, 0, 0, 0, 0, 0, 0, 0, 0], [0, 0, 0, 0, 0, 0, 0, 0, 0, 0], [1, 0, 0, 0, 0, 0, 0, 0, 0, 0], [1, 0, 0, 0, 0, 0, 0, 0, 0, 0], [1, 0, 0, 0, 0, 0, 0, 0, 0, 0]]","['Endothelial', 'Fibroblast', 'Glandular', 'Immune_cell', 'Keratinocyte', 'Lymphatic_endothelial', 'Melanocytes', 'Neural_cell', 'Unknown', 'muscle_fiber']",
cell_type,leave_source_out_scrna_pseudobulk_GSE163973_KF1,modules_only,knn,38,9,"{'Fibroblast': 5, 'Endothelial': 5, 'muscle_fiber': 5, 'Keratinocyte': 5, 'Immune_cell': 5, 'Lymphatic_endothelial': 5, 'Glandular': 3, 'Neural_cell': 2, 'Melanocytes': 2, 'Unknown': 1}","{'Endothelial': 1, 'Fibroblast': 1, 'Keratinocyte': 1, 'Unknown': 1, 'muscle_fiber': 1, 'Lymphatic_endothelial': 1, 'Immune_cell': 1, 'Glandular': 1, 'Neural_cell': 1}",0.6666666666666666,0.5555555555555556,0.6666666666666666,0.5555555555555556,,"[[1, 0, 0, 0, 0, 0, 0, 0, 0, 0], [0, 1, 0, 0, 0, 0, 0, 0, 0, 0], [0, 0, 1, 0, 0, 0, 0, 0, 0, 0], [0, 0, 0, 1, 0, 0, 0, 0, 0, 0], [0, 0, 0, 0, 1, 0, 0, 0, 0, 0], [0, 0, 1, 0, 0, 0, 0, 0, 0, 0], [0, 0, 0, 0, 0, 0, 0, 0, 0, 0], [0, 1, 0, 0, 0, 0, 0, 0, 0, 0], [0, 0, 0, 1, 0, 0, 0, 0, 0, 0], [0, 0, 0, 0, 0, 0, 0, 0, 0, 1]]","['Endothelial', 'Fibroblast', 'Glandular', 'Immune_cell', 'Keratinocyte', 'Lymphatic_endothelial', 'Melanocytes', 'Neural_cell', 'Unknown', 'muscle_fiber']",
cell_type,leave_source_out_scrna_pseudobulk_GSE163973_KF1,modules_only,small_mlp,38,9,"{'Fibroblast': 5, 'Endothelial': 5, 'muscle_fiber': 5, 'Keratinocyte': 5, 'Immune_cell': 5, 'Lymphatic_endothelial': 5, 'Glandular': 3, 'Neural_cell': 2, 'Melanocytes': 2, 'Unknown': 1}","{'Endothelial': 1, 'Fibroblast': 1, 'Keratinocyte': 1, 'Unknown': 1, 'muscle_fiber': 1, 'Lymphatic_endothelial': 1, 'Immune_cell': 1, 'Glandular': 1, 'Neural_cell': 1}",0.1111111111111111,0.1111111111111111,0.1111111111111111,0.1,,"[[0, 0, 0, 0, 0, 0, 1, 0, 0, 0], [0, 1, 0, 0, 0, 0, 0, 0, 0, 0], [0, 0, 0, 0, 0, 0, 0, 1, 0, 0], [0, 0, 0, 0, 0, 0, 1, 0, 0, 0], [0, 0, 0, 0, 0, 0, 0, 1, 0, 0], [0, 0, 0, 0, 0, 0, 1, 0, 0, 0], [0, 0, 0, 0, 0, 0, 0, 0, 0, 0], [0, 0, 0, 0, 0, 0, 1, 0, 0, 0], [0, 0, 0, 0, 0, 0, 1, 0, 0, 0], [0, 0, 0, 0, 0, 1, 0, 0, 0, 0]]","['Endothelial', 'Fibroblast', 'Glandular', 'Immune_cell', 'Keratinocyte', 'Lymphatic_endothelial', 'Melanocytes', 'Neural_cell', 'Unknown', 'muscle_fiber']",
cell_type,leave_source_out_scrna_pseudobulk_GSE163973_KF2,shared_genes_plus_modules,majority,40,7,"{'Endothelial': 5, 'Fibroblast': 5, 'Keratinocyte': 5, 'muscle_fiber': 5, 'Lymphatic_endothelial': 5, 'Immune_cell': 5, 'Glandular': 4, 'Unknown': 2, 'Neural_cell': 2, 'Melanocytes': 2}","{'Fibroblast': 1, 'Endothelial': 1, 'muscle_fiber': 1, 'Keratinocyte': 1, 'Immune_cell': 1, 'Neural_cell': 1, 'Lymphatic_endothelial': 1}",0.14285714285714285,0.03571428571428571,0.14285714285714285,0.03571428571428571,,"[[1, 0, 0, 0, 0, 0, 0, 0, 0, 0], [1, 0, 0, 0, 0, 0, 0, 0, 0, 0], [0, 0, 0, 0, 0, 0, 0, 0, 0, 0], [1, 0, 0, 0, 0, 0, 0, 0, 0, 0], [1, 0, 0, 0, 0, 0, 0, 0, 0, 0], [1, 0, 0, 0, 0, 0, 0, 0, 0, 0], [0, 0, 0, 0, 0, 0, 0, 0, 0, 0], [1, 0, 0, 0, 0, 0, 0, 0, 0, 0], [0, 0, 0, 0, 0, 0, 0, 0, 0, 0], [1, 0, 0, 0, 0, 0, 0, 0, 0, 0]]","['Endothelial', 'Fibroblast', 'Glandular', 'Immune_cell', 'Keratinocyte', 'Lymphatic_endothelial', 'Melanocytes', 'Neural_cell', 'Unknown', 'muscle_fiber']",
cell_type,leave_source_out_scrna_pseudobulk_GSE163973_KF2,shared_genes_plus_modules,stratified_random,40,7,"{'Endothelial': 5, 'Fibroblast': 5, 'Keratinocyte': 5, 'muscle_fiber': 5, 'Lymphatic_endothelial': 5, 'Immune_cell': 5, 'Glandular': 4, 'Unknown': 2, 'Neural_cell': 2, 'Melanocytes': 2}","{'Fibroblast': 1, 'Endothelial': 1, 'muscle_fiber': 1, 'Keratinocyte': 1, 'Immune_cell': 1, 'Neural_cell': 1, 'Lymphatic_endothelial': 1}",0.14285714285714285,0.14285714285714285,0.14285714285714285,0.1,,"[[1, 0, 0, 0, 0, 0, 0, 0, 0, 0], [0, 0, 0, 1, 0, 0, 0, 0, 0, 0], [0, 0, 0, 0, 0, 0, 0, 0, 0, 0], [0, 0, 1, 0, 0, 0, 0, 0, 0, 0], [0, 0, 0, 0, 0, 0, 1, 0, 0, 0], [0, 0, 0, 0, 0, 0, 0, 1, 0, 0], [0, 0, 0, 0, 0, 0, 0, 0, 0, 0], [0, 0, 0, 1, 0, 0, 0, 0, 0, 0], [0, 0, 0, 0, 0, 0, 0, 0, 0, 0], [0, 0, 0, 0, 0, 0, 0, 0, 1, 0]]","['Endothelial', 'Fibroblast', 'Glandular', 'Immune_cell', 'Keratinocyte', 'Lymphatic_endothelial', 'Melanocytes', 'Neural_cell', 'Unknown', 'muscle_fiber']",
cell_type,leave_source_out_scrna_pseudobulk_GSE163973_KF2,shared_genes_plus_modules,elastic_net_logreg,40,7,"{'Endothelial': 5, 'Fibroblast': 5, 'Keratinocyte': 5, 'muscle_fiber': 5, 'Lymphatic_endothelial': 5, 'Immune_cell': 5, 'Glandular': 4, 'Unknown': 2, 'Neural_cell': 2, 'Melanocytes': 2}","{'Fibroblast': 1, 'Endothelial': 1, 'muscle_fiber': 1, 'Keratinocyte': 1, 'Immune_cell': 1, 'Neural_cell': 1, 'Lymphatic_endothelial': 1}",1.0,1.0,1.0,1.0,,"[[1, 0, 0, 0, 0, 0, 0, 0, 0, 0], [0, 1, 0, 0, 0, 0, 0, 0, 0, 0], [0, 0, 0, 0, 0, 0, 0, 0, 0, 0], [0, 0, 0, 1, 0, 0, 0, 0, 0, 0], [0, 0, 0, 0, 1, 0, 0, 0, 0, 0], [0, 0, 0, 0, 0, 1, 0, 0, 0, 0], [0, 0, 0, 0, 0, 0, 0, 0, 0, 0], [0, 0, 0, 0, 0, 0, 0, 1, 0, 0], [0, 0, 0, 0, 0, 0, 0, 0, 0, 0], [0, 0, 0, 0, 0, 0, 0, 0, 0, 1]]","['Endothelial', 'Fibroblast', 'Glandular', 'Immune_cell', 'Keratinocyte', 'Lymphatic_endothelial', 'Melanocytes', 'Neural_cell', 'Unknown', 'muscle_fiber']",
cell_type,leave_source_out_scrna_pseudobulk_GSE163973_KF2,shared_genes_plus_modules,linear_svm,40,7,"{'Endothelial': 5, 'Fibroblast': 5, 'Keratinocyte': 5, 'muscle_fiber': 5, 'Lymphatic_endothelial': 5, 'Immune_cell': 5, 'Glandular': 4, 'Unknown': 2, 'Neural_cell': 2, 'Melanocytes': 2}","{'Fibroblast': 1, 'Endothelial': 1, 'muscle_fiber': 1, 'Keratinocyte': 1, 'Immune_cell': 1, 'Neural_cell': 1, 'Lymphatic_endothelial': 1}",1.0,1.0,1.0,1.0,,"[[1, 0, 0, 0, 0, 0, 0, 0, 0, 0], [0, 1, 0, 0, 0, 0, 0, 0, 0, 0], [0, 0, 0, 0, 0, 0, 0, 0, 0, 0], [0, 0, 0, 1, 0, 0, 0, 0, 0, 0], [0, 0, 0, 0, 1, 0, 0, 0, 0, 0], [0, 0, 0, 0, 0, 1, 0, 0, 0, 0], [0, 0, 0, 0, 0, 0, 0, 0, 0, 0], [0, 0, 0, 0, 0, 0, 0, 1, 0, 0], [0, 0, 0, 0, 0, 0, 0, 0, 0, 0], [0, 0, 0, 0, 0, 0, 0, 0, 0, 1]]","['Endothelial', 'Fibroblast', 'Glandular', 'Immune_cell', 'Keratinocyte', 'Lymphatic_endothelial', 'Melanocytes', 'Neural_cell', 'Unknown', 'muscle_fiber']",
cell_type,leave_source_out_scrna_pseudobulk_GSE163973_KF2,shared_genes_plus_modules,random_forest,40,7,"{'Endothelial': 5, 'Fibroblast': 5, 'Keratinocyte': 5, 'muscle_fiber': 5, 'Lymphatic_endothelial': 5, 'Immune_cell': 5, 'Glandular': 4, 'Unknown': 2, 'Neural_cell': 2, 'Melanocytes': 2}","{'Fibroblast': 1, 'Endothelial': 1, 'muscle_fiber': 1, 'Keratinocyte': 1, 'Immune_cell': 1, 'Neural_cell': 1, 'Lymphatic_endothelial': 1}",1.0,1.0,1.0,1.0,,"[[1, 0, 0, 0, 0, 0, 0, 0, 0, 0], [0, 1, 0, 0, 0, 0, 0, 0, 0, 0], [0, 0, 0, 0, 0, 0, 0, 0, 0, 0], [0, 0, 0, 1, 0, 0, 0, 0, 0, 0], [0, 0, 0, 0, 1, 0, 0, 0, 0, 0], [0, 0, 0, 0, 0, 1, 0, 0, 0, 0], [0, 0, 0, 0, 0, 0, 0, 0, 0, 0], [0, 0, 0, 0, 0, 0, 0, 1, 0, 0], [0, 0, 0, 0, 0, 0, 0, 0, 0, 0], [0, 0, 0, 0, 0, 0, 0, 0, 0, 1]]","['Endothelial', 'Fibroblast', 'Glandular', 'Immune_cell', 'Keratinocyte', 'Lymphatic_endothelial', 'Melanocytes', 'Neural_cell', 'Unknown', 'muscle_fiber']",
cell_type,leave_source_out_scrna_pseudobulk_GSE163973_KF2,shared_genes_plus_modules,hist_gradient_boosting,40,7,"{'Endothelial': 5, 'Fibroblast': 5, 'Keratinocyte': 5, 'muscle_fiber': 5, 'Lymphatic_endothelial': 5, 'Immune_cell': 5, 'Glandular': 4, 'Unknown': 2, 'Neural_cell': 2, 'Melanocytes': 2}","{'Fibroblast': 1, 'Endothelial': 1, 'muscle_fiber': 1, 'Keratinocyte': 1, 'Immune_cell': 1, 'Neural_cell': 1, 'Lymphatic_endothelial': 1}",1.0,1.0,1.0,1.0,,"[[1, 0, 0, 0, 0, 0, 0, 0, 0, 0], [0, 1, 0, 0, 0, 0, 0, 0, 0, 0], [0, 0, 0, 0, 0, 0, 0, 0, 0, 0], [0, 0, 0, 1, 0, 0, 0, 0, 0, 0], [0, 0, 0, 0, 1, 0, 0, 0, 0, 0], [0, 0, 0, 0, 0, 1, 0, 0, 0, 0], [0, 0, 0, 0, 0, 0, 0, 0, 0, 0], [0, 0, 0, 0, 0, 0, 0, 1, 0, 0], [0, 0, 0, 0, 0, 0, 0, 0, 0, 0], [0, 0, 0, 0, 0, 0, 0, 0, 0, 1]]","['Endothelial', 'Fibroblast', 'Glandular', 'Immune_cell', 'Keratinocyte', 'Lymphatic_endothelial', 'Melanocytes', 'Neural_cell', 'Unknown', 'muscle_fiber']",
cell_type,leave_source_out_scrna_pseudobulk_GSE163973_KF2,shared_genes_plus_modules,knn,40,7,"{'Endothelial': 5, 'Fibroblast': 5, 'Keratinocyte': 5, 'muscle_fiber': 5, 'Lymphatic_endothelial': 5, 'Immune_cell': 5, 'Glandular': 4, 'Unknown': 2, 'Neural_cell': 2, 'Melanocytes': 2}","{'Fibroblast': 1, 'Endothelial': 1, 'muscle_fiber': 1, 'Keratinocyte': 1, 'Immune_cell': 1, 'Neural_cell': 1, 'Lymphatic_endothelial': 1}",1.0,1.0,1.0,1.0,,"[[1, 0, 0, 0, 0, 0, 0, 0, 0, 0], [0, 1, 0, 0, 0, 0, 0, 0, 0, 0], [0, 0, 0, 0, 0, 0, 0, 0, 0, 0], [0, 0, 0, 1, 0, 0, 0, 0, 0, 0], [0, 0, 0, 0, 1, 0, 0, 0, 0, 0], [0, 0, 0, 0, 0, 1, 0, 0, 0, 0], [0, 0, 0, 0, 0, 0, 0, 0, 0, 0], [0, 0, 0, 0, 0, 0, 0, 1, 0, 0], [0, 0, 0, 0, 0, 0, 0, 0, 0, 0], [0, 0, 0, 0, 0, 0, 0, 0, 0, 1]]","['Endothelial', 'Fibroblast', 'Glandular', 'Immune_cell', 'Keratinocyte', 'Lymphatic_endothelial', 'Melanocytes', 'Neural_cell', 'Unknown', 'muscle_fiber']",
cell_type,leave_source_out_scrna_pseudobulk_GSE163973_KF2,shared_genes_plus_modules,small_mlp,40,7,"{'Endothelial': 5, 'Fibroblast': 5, 'Keratinocyte': 5, 'muscle_fiber': 5, 'Lymphatic_endothelial': 5, 'Immune_cell': 5, 'Glandular': 4, 'Unknown': 2, 'Neural_cell': 2, 'Melanocytes': 2}","{'Fibroblast': 1, 'Endothelial': 1, 'muscle_fiber': 1, 'Keratinocyte': 1, 'Immune_cell': 1, 'Neural_cell': 1, 'Lymphatic_endothelial': 1}",0.8571428571428571,0.8095238095238095,0.8571428571428571,0.8095238095238095,,"[[1, 0, 0, 0, 0, 0, 0, 0, 0, 0], [0, 1, 0, 0, 0, 0, 0, 0, 0, 0], [0, 0, 0, 0, 0, 0, 0, 0, 0, 0], [0, 0, 0, 1, 0, 0, 0, 0, 0, 0], [0, 0, 0, 0, 1, 0, 0, 0, 0, 0], [0, 0, 0, 0, 0, 1, 0, 0, 0, 0], [0, 0, 0, 0, 0, 0, 0, 0, 0, 0], [0, 0, 0, 0, 0, 0, 0, 0, 0, 1], [0, 0, 0, 0, 0, 0, 0, 0, 0, 0], [0, 0, 0, 0, 0, 0, 0, 0, 0, 1]]","['Endothelial', 'Fibroblast', 'Glandular', 'Immune_cell', 'Keratinocyte', 'Lymphatic_endothelial', 'Melanocytes', 'Neural_cell', 'Unknown', 'muscle_fiber']",
cell_type,leave_source_out_scrna_pseudobulk_GSE163973_KF2,shared_genes,majority,40,7,"{'Endothelial': 5, 'Fibroblast': 5, 'Keratinocyte': 5, 'muscle_fiber': 5, 'Lymphatic_endothelial': 5, 'Immune_cell': 5, 'Glandular': 4, 'Unknown': 2, 'Neural_cell': 2, 'Melanocytes': 2}","{'Fibroblast': 1, 'Endothelial': 1, 'muscle_fiber': 1, 'Keratinocyte': 1, 'Immune_cell': 1, 'Neural_cell': 1, 'Lymphatic_endothelial': 1}",0.14285714285714285,0.03571428571428571,0.14285714285714285,0.03571428571428571,,"[[1, 0, 0, 0, 0, 0, 0, 0, 0, 0], [1, 0, 0, 0, 0, 0, 0, 0, 0, 0], [0, 0, 0, 0, 0, 0, 0, 0, 0, 0], [1, 0, 0, 0, 0, 0, 0, 0, 0, 0], [1, 0, 0, 0, 0, 0, 0, 0, 0, 0], [1, 0, 0, 0, 0, 0, 0, 0, 0, 0], [0, 0, 0, 0, 0, 0, 0, 0, 0, 0], [1, 0, 0, 0, 0, 0, 0, 0, 0, 0], [0, 0, 0, 0, 0, 0, 0, 0, 0, 0], [1, 0, 0, 0, 0, 0, 0, 0, 0, 0]]","['Endothelial', 'Fibroblast', 'Glandular', 'Immune_cell', 'Keratinocyte', 'Lymphatic_endothelial', 'Melanocytes', 'Neural_cell', 'Unknown', 'muscle_fiber']",
cell_type,leave_source_out_scrna_pseudobulk_GSE163973_KF2,shared_genes,stratified_random,40,7,"{'Endothelial': 5, 'Fibroblast': 5, 'Keratinocyte': 5, 'muscle_fiber': 5, 'Lymphatic_endothelial': 5, 'Immune_cell': 5, 'Glandular': 4, 'Unknown': 2, 'Neural_cell': 2, 'Melanocytes': 2}","{'Fibroblast': 1, 'Endothelial': 1, 'muscle_fiber': 1, 'Keratinocyte': 1, 'Immune_cell': 1, 'Neural_cell': 1, 'Lymphatic_endothelial': 1}",0.14285714285714285,0.14285714285714285,0.14285714285714285,0.1,,"[[1, 0, 0, 0, 0, 0, 0, 0, 0, 0], [0, 0, 0, 1, 0, 0, 0, 0, 0, 0], [0, 0, 0, 0, 0, 0, 0, 0, 0, 0], [0, 0, 1, 0, 0, 0, 0, 0, 0, 0], [0, 0, 0, 0, 0, 0, 1, 0, 0, 0], [0, 0, 0, 0, 0, 0, 0, 1, 0, 0], [0, 0, 0, 0, 0, 0, 0, 0, 0, 0], [0, 0, 0, 1, 0, 0, 0, 0, 0, 0], [0, 0, 0, 0, 0, 0, 0, 0, 0, 0], [0, 0, 0, 0, 0, 0, 0, 0, 1, 0]]","['Endothelial', 'Fibroblast', 'Glandular', 'Immune_cell', 'Keratinocyte', 'Lymphatic_endothelial', 'Melanocytes', 'Neural_cell', 'Unknown', 'muscle_fiber']",
cell_type,leave_source_out_scrna_pseudobulk_GSE163973_KF2,shared_genes,elastic_net_logreg,40,7,"{'Endothelial': 5, 'Fibroblast': 5, 'Keratinocyte': 5, 'muscle_fiber': 5, 'Lymphatic_endothelial': 5, 'Immune_cell': 5, 'Glandular': 4, 'Unknown': 2, 'Neural_cell': 2, 'Melanocytes': 2}","{'Fibroblast': 1, 'Endothelial': 1, 'muscle_fiber': 1, 'Keratinocyte': 1, 'Immune_cell': 1, 'Neural_cell': 1, 'Lymphatic_endothelial': 1}",1.0,1.0,1.0,1.0,,"[[1, 0, 0, 0, 0, 0, 0, 0, 0, 0], [0, 1, 0, 0, 0, 0, 0, 0, 0, 0], [0, 0, 0, 0, 0, 0, 0, 0, 0, 0], [0, 0, 0, 1, 0, 0, 0, 0, 0, 0], [0, 0, 0, 0, 1, 0, 0, 0, 0, 0], [0, 0, 0, 0, 0, 1, 0, 0, 0, 0], [0, 0, 0, 0, 0, 0, 0, 0, 0, 0], [0, 0, 0, 0, 0, 0, 0, 1, 0, 0], [0, 0, 0, 0, 0, 0, 0, 0, 0, 0], [0, 0, 0, 0, 0, 0, 0, 0, 0, 1]]","['Endothelial', 'Fibroblast', 'Glandular', 'Immune_cell', 'Keratinocyte', 'Lymphatic_endothelial', 'Melanocytes', 'Neural_cell', 'Unknown', 'muscle_fiber']",
cell_type,leave_source_out_scrna_pseudobulk_GSE163973_KF2,shared_genes,linear_svm,40,7,"{'Endothelial': 5, 'Fibroblast': 5, 'Keratinocyte': 5, 'muscle_fiber': 5, 'Lymphatic_endothelial': 5, 'Immune_cell': 5, 'Glandular': 4, 'Unknown': 2, 'Neural_cell': 2, 'Melanocytes': 2}","{'Fibroblast': 1, 'Endothelial': 1, 'muscle_fiber': 1, 'Keratinocyte': 1, 'Immune_cell': 1, 'Neural_cell': 1, 'Lymphatic_endothelial': 1}",1.0,1.0,1.0,1.0,,"[[1, 0, 0, 0, 0, 0, 0, 0, 0, 0], [0, 1, 0, 0, 0, 0, 0, 0, 0, 0], [0, 0, 0, 0, 0, 0, 0, 0, 0, 0], [0, 0, 0, 1, 0, 0, 0, 0, 0, 0], [0, 0, 0, 0, 1, 0, 0, 0, 0, 0], [0, 0, 0, 0, 0, 1, 0, 0, 0, 0], [0, 0, 0, 0, 0, 0, 0, 0, 0, 0], [0, 0, 0, 0, 0, 0, 0, 1, 0, 0], [0, 0, 0, 0, 0, 0, 0, 0, 0, 0], [0, 0, 0, 0, 0, 0, 0, 0, 0, 1]]","['Endothelial', 'Fibroblast', 'Glandular', 'Immune_cell', 'Keratinocyte', 'Lymphatic_endothelial', 'Melanocytes', 'Neural_cell', 'Unknown', 'muscle_fiber']",
cell_type,leave_source_out_scrna_pseudobulk_GSE163973_KF2,shared_genes,random_forest,40,7,"{'Endothelial': 5, 'Fibroblast': 5, 'Keratinocyte': 5, 'muscle_fiber': 5, 'Lymphatic_endothelial': 5, 'Immune_cell': 5, 'Glandular': 4, 'Unknown': 2, 'Neural_cell': 2, 'Melanocytes': 2}","{'Fibroblast': 1, 'Endothelial': 1, 'muscle_fiber': 1, 'Keratinocyte': 1, 'Immune_cell': 1, 'Neural_cell': 1, 'Lymphatic_endothelial': 1}",1.0,1.0,1.0,1.0,,"[[1, 0, 0, 0, 0, 0, 0, 0, 0, 0], [0, 1, 0, 0, 0, 0, 0, 0, 0, 0], [0, 0, 0, 0, 0, 0, 0, 0, 0, 0], [0, 0, 0, 1, 0, 0, 0, 0, 0, 0], [0, 0, 0, 0, 1, 0, 0, 0, 0, 0], [0, 0, 0, 0, 0, 1, 0, 0, 0, 0], [0, 0, 0, 0, 0, 0, 0, 0, 0, 0], [0, 0, 0, 0, 0, 0, 0, 1, 0, 0], [0, 0, 0, 0, 0, 0, 0, 0, 0, 0], [0, 0, 0, 0, 0, 0, 0, 0, 0, 1]]","['Endothelial', 'Fibroblast', 'Glandular', 'Immune_cell', 'Keratinocyte', 'Lymphatic_endothelial', 'Melanocytes', 'Neural_cell', 'Unknown', 'muscle_fiber']",
cell_type,leave_source_out_scrna_pseudobulk_GSE163973_KF2,shared_genes,hist_gradient_boosting,40,7,"{'Endothelial': 5, 'Fibroblast': 5, 'Keratinocyte': 5, 'muscle_fiber': 5, 'Lymphatic_endothelial': 5, 'Immune_cell': 5, 'Glandular': 4, 'Unknown': 2, 'Neural_cell': 2, 'Melanocytes': 2}","{'Fibroblast': 1, 'Endothelial': 1, 'muscle_fiber': 1, 'Keratinocyte': 1, 'Immune_cell': 1, 'Neural_cell': 1, 'Lymphatic_endothelial': 1}",1.0,1.0,1.0,1.0,,"[[1, 0, 0, 0, 0, 0, 0, 0, 0, 0], [0, 1, 0, 0, 0, 0, 0, 0, 0, 0], [0, 0, 0, 0, 0, 0, 0, 0, 0, 0], [0, 0, 0, 1, 0, 0, 0, 0, 0, 0], [0, 0, 0, 0, 1, 0, 0, 0, 0, 0], [0, 0, 0, 0, 0, 1, 0, 0, 0, 0], [0, 0, 0, 0, 0, 0, 0, 0, 0, 0], [0, 0, 0, 0, 0, 0, 0, 1, 0, 0], [0, 0, 0, 0, 0, 0, 0, 0, 0, 0], [0, 0, 0, 0, 0, 0, 0, 0, 0, 1]]","['Endothelial', 'Fibroblast', 'Glandular', 'Immune_cell', 'Keratinocyte', 'Lymphatic_endothelial', 'Melanocytes', 'Neural_cell', 'Unknown', 'muscle_fiber']",
cell_type,leave_source_out_scrna_pseudobulk_GSE163973_KF2,shared_genes,knn,40,7,"{'Endothelial': 5, 'Fibroblast': 5, 'Keratinocyte': 5, 'muscle_fiber': 5, 'Lymphatic_endothelial': 5, 'Immune_cell': 5, 'Glandular': 4, 'Unknown': 2, 'Neural_cell': 2, 'Melanocytes': 2}","{'Fibroblast': 1, 'Endothelial': 1, 'muscle_fiber': 1, 'Keratinocyte': 1, 'Immune_cell': 1, 'Neural_cell': 1, 'Lymphatic_endothelial': 1}",1.0,1.0,1.0,1.0,,"[[1, 0, 0, 0, 0, 0, 0, 0, 0, 0], [0, 1, 0, 0, 0, 0, 0, 0, 0, 0], [0, 0, 0, 0, 0, 0, 0, 0, 0, 0], [0, 0, 0, 1, 0, 0, 0, 0, 0, 0], [0, 0, 0, 0, 1, 0, 0, 0, 0, 0], [0, 0, 0, 0, 0, 1, 0, 0, 0, 0], [0, 0, 0, 0, 0, 0, 0, 0, 0, 0], [0, 0, 0, 0, 0, 0, 0, 1, 0, 0], [0, 0, 0, 0, 0, 0, 0, 0, 0, 0], [0, 0, 0, 0, 0, 0, 0, 0, 0, 1]]","['Endothelial', 'Fibroblast', 'Glandular', 'Immune_cell', 'Keratinocyte', 'Lymphatic_endothelial', 'Melanocytes', 'Neural_cell', 'Unknown', 'muscle_fiber']",
cell_type,leave_source_out_scrna_pseudobulk_GSE163973_KF2,modules_only,majority,40,7,"{'Endothelial': 5, 'Fibroblast': 5, 'Keratinocyte': 5, 'muscle_fiber': 5, 'Lymphatic_endothelial': 5, 'Immune_cell': 5, 'Glandular': 4, 'Unknown': 2, 'Neural_cell': 2, 'Melanocytes': 2}","{'Fibroblast': 1, 'Endothelial': 1, 'muscle_fiber': 1, 'Keratinocyte': 1, 'Immune_cell': 1, 'Neural_cell': 1, 'Lymphatic_endothelial': 1}",0.14285714285714285,0.03571428571428571,0.14285714285714285,0.03571428571428571,,"[[1, 0, 0, 0, 0, 0, 0, 0, 0, 0], [1, 0, 0, 0, 0, 0, 0, 0, 0, 0], [0, 0, 0, 0, 0, 0, 0, 0, 0, 0], [1, 0, 0, 0, 0, 0, 0, 0, 0, 0], [1, 0, 0, 0, 0, 0, 0, 0, 0, 0], [1, 0, 0, 0, 0, 0, 0, 0, 0, 0], [0, 0, 0, 0, 0, 0, 0, 0, 0, 0], [1, 0, 0, 0, 0, 0, 0, 0, 0, 0], [0, 0, 0, 0, 0, 0, 0, 0, 0, 0], [1, 0, 0, 0, 0, 0, 0, 0, 0, 0]]","['Endothelial', 'Fibroblast', 'Glandular', 'Immune_cell', 'Keratinocyte', 'Lymphatic_endothelial', 'Melanocytes', 'Neural_cell', 'Unknown', 'muscle_fiber']",
cell_type,leave_source_out_scrna_pseudobulk_GSE163973_KF2,modules_only,stratified_random,40,7,"{'Endothelial': 5, 'Fibroblast': 5, 'Keratinocyte': 5, 'muscle_fiber': 5, 'Lymphatic_endothelial': 5, 'Immune_cell': 5, 'Glandular': 4, 'Unknown': 2, 'Neural_cell': 2, 'Melanocytes': 2}","{'Fibroblast': 1, 'Endothelial': 1, 'muscle_fiber': 1, 'Keratinocyte': 1, 'Immune_cell': 1, 'Neural_cell': 1, 'Lymphatic_endothelial': 1}",0.14285714285714285,0.14285714285714285,0.14285714285714285,0.1,,"[[1, 0, 0, 0, 0, 0, 0, 0, 0, 0], [0, 0, 0, 1, 0, 0, 0, 0, 0, 0], [0, 0, 0, 0, 0, 0, 0, 0, 0, 0], [0, 0, 1, 0, 0, 0, 0, 0, 0, 0], [0, 0, 0, 0, 0, 0, 1, 0, 0, 0], [0, 0, 0, 0, 0, 0, 0, 1, 0, 0], [0, 0, 0, 0, 0, 0, 0, 0, 0, 0], [0, 0, 0, 1, 0, 0, 0, 0, 0, 0], [0, 0, 0, 0, 0, 0, 0, 0, 0, 0], [0, 0, 0, 0, 0, 0, 0, 0, 1, 0]]","['Endothelial', 'Fibroblast', 'Glandular', 'Immune_cell', 'Keratinocyte', 'Lymphatic_endothelial', 'Melanocytes', 'Neural_cell', 'Unknown', 'muscle_fiber']",
cell_type,leave_source_out_scrna_pseudobulk_GSE163973_KF2,modules_only,elastic_net_logreg,40,7,"{'Endothelial': 5, 'Fibroblast': 5, 'Keratinocyte': 5, 'muscle_fiber': 5, 'Lymphatic_endothelial': 5, 'Immune_cell': 5, 'Glandular': 4, 'Unknown': 2, 'Neural_cell': 2, 'Melanocytes': 2}","{'Fibroblast': 1, 'Endothelial': 1, 'muscle_fiber': 1, 'Keratinocyte': 1, 'Immune_cell': 1, 'Neural_cell': 1, 'Lymphatic_endothelial': 1}",0.8571428571428571,0.8571428571428571,0.8571428571428571,0.75,,"[[1, 0, 0, 0, 0, 0, 0, 0, 0, 0], [0, 1, 0, 0, 0, 0, 0, 0, 0, 0], [0, 0, 0, 0, 0, 0, 0, 0, 0, 0], [0, 0, 0, 0, 0, 0, 0, 0, 1, 0], [0, 0, 0, 0, 1, 0, 0, 0, 0, 0], [0, 0, 0, 0, 0, 1, 0, 0, 0, 0], [0, 0, 0, 0, 0, 0, 0, 0, 0, 0], [0, 0, 0, 0, 0, 0, 0, 1, 0, 0], [0, 0, 0, 0, 0, 0, 0, 0, 0, 0], [0, 0, 0, 0, 0, 0, 0, 0, 0, 1]]","['Endothelial', 'Fibroblast', 'Glandular', 'Immune_cell', 'Keratinocyte', 'Lymphatic_endothelial', 'Melanocytes', 'Neural_cell', 'Unknown', 'muscle_fiber']",
cell_type,leave_source_out_scrna_pseudobulk_GSE163973_KF2,modules_only,linear_svm,40,7,"{'Endothelial': 5, 'Fibroblast': 5, 'Keratinocyte': 5, 'muscle_fiber': 5, 'Lymphatic_endothelial': 5, 'Immune_cell': 5, 'Glandular': 4, 'Unknown': 2, 'Neural_cell': 2, 'Melanocytes': 2}","{'Fibroblast': 1, 'Endothelial': 1, 'muscle_fiber': 1, 'Keratinocyte': 1, 'Immune_cell': 1, 'Neural_cell': 1, 'Lymphatic_endothelial': 1}",0.8571428571428571,0.8095238095238094,0.8571428571428571,0.8095238095238094,,"[[1, 0, 0, 0, 0, 0, 0, 0, 0, 0], [0, 1, 0, 0, 0, 0, 0, 0, 0, 0], [0, 0, 0, 0, 0, 0, 0, 0, 0, 0], [0, 0, 0, 1, 0, 0, 0, 0, 0, 0], [0, 0, 0, 1, 0, 0, 0, 0, 0, 0], [0, 0, 0, 0, 0, 1, 0, 0, 0, 0], [0, 0, 0, 0, 0, 0, 0, 0, 0, 0], [0, 0, 0, 0, 0, 0, 0, 1, 0, 0], [0, 0, 0, 0, 0, 0, 0, 0, 0, 0], [0, 0, 0, 0, 0, 0, 0, 0, 0, 1]]","['Endothelial', 'Fibroblast', 'Glandular', 'Immune_cell', 'Keratinocyte', 'Lymphatic_endothelial', 'Melanocytes', 'Neural_cell', 'Unknown', 'muscle_fiber']",
cell_type,leave_source_out_scrna_pseudobulk_GSE163973_KF2,modules_only,random_forest,40,7,"{'Endothelial': 5, 'Fibroblast': 5, 'Keratinocyte': 5, 'muscle_fiber': 5, 'Lymphatic_endothelial': 5, 'Immune_cell': 5, 'Glandular': 4, 'Unknown': 2, 'Neural_cell': 2, 'Melanocytes': 2}","{'Fibroblast': 1, 'Endothelial': 1, 'muscle_fiber': 1, 'Keratinocyte': 1, 'Immune_cell': 1, 'Neural_cell': 1, 'Lymphatic_endothelial': 1}",0.7142857142857143,0.7142857142857143,0.7142857142857143,0.625,,"[[1, 0, 0, 0, 0, 0, 0, 0, 0, 0], [0, 1, 0, 0, 0, 0, 0, 0, 0, 0], [0, 0, 0, 0, 0, 0, 0, 0, 0, 0], [0, 0, 0, 0, 0, 0, 0, 0, 1, 0], [0, 0, 0, 1, 0, 0, 0, 0, 0, 0], [0, 0, 0, 0, 0, 1, 0, 0, 0, 0], [0, 0, 0, 0, 0, 0, 0, 0, 0, 0], [0, 0, 0, 0, 0, 0, 0, 1, 0, 0], [0, 0, 0, 0, 0, 0, 0, 0, 0, 0], [0, 0, 0, 0, 0, 0, 0, 0, 0, 1]]","['Endothelial', 'Fibroblast', 'Glandular', 'Immune_cell', 'Keratinocyte', 'Lymphatic_endothelial', 'Melanocytes', 'Neural_cell', 'Unknown', 'muscle_fiber']",
cell_type,leave_source_out_scrna_pseudobulk_GSE163973_KF2,modules_only,hist_gradient_boosting,40,7,"{'Endothelial': 5, 'Fibroblast': 5, 'Keratinocyte': 5, 'muscle_fiber': 5, 'Lymphatic_endothelial': 5, 'Immune_cell': 5, 'Glandular': 4, 'Unknown': 2, 'Neural_cell': 2, 'Melanocytes': 2}","{'Fibroblast': 1, 'Endothelial': 1, 'muscle_fiber': 1, 'Keratinocyte': 1, 'Immune_cell': 1, 'Neural_cell': 1, 'Lymphatic_endothelial': 1}",0.2857142857142857,0.23809523809523808,0.2857142857142857,0.20833333333333331,,"[[0, 0, 0, 0, 0, 0, 0, 0, 1, 0], [0, 1, 0, 0, 0, 0, 0, 0, 0, 0], [0, 0, 0, 0, 0, 0, 0, 0, 0, 0], [0, 0, 0, 0, 0, 0, 0, 0, 1, 0], [0, 0, 0, 0, 1, 0, 0, 0, 0, 0], [0, 0, 0, 0, 0, 0, 0, 0, 1, 0], [0, 0, 0, 0, 0, 0, 0, 0, 0, 0], [0, 1, 0, 0, 0, 0, 0, 0, 0, 0], [0, 0, 0, 0, 0, 0, 0, 0, 0, 0], [0, 0, 0, 0, 0, 0, 0, 0, 1, 0]]","['Endothelial', 'Fibroblast', 'Glandular', 'Immune_cell', 'Keratinocyte', 'Lymphatic_endothelial', 'Melanocytes', 'Neural_cell', 'Unknown', 'muscle_fiber']",
cell_type,leave_source_out_scrna_pseudobulk_GSE163973_KF2,modules_only,knn,40,7,"{'Endothelial': 5, 'Fibroblast': 5, 'Keratinocyte': 5, 'muscle_fiber': 5, 'Lymphatic_endothelial': 5, 'Immune_cell': 5, 'Glandular': 4, 'Unknown': 2, 'Neural_cell': 2, 'Melanocytes': 2}","{'Fibroblast': 1, 'Endothelial': 1, 'muscle_fiber': 1, 'Keratinocyte': 1, 'Immune_cell': 1, 'Neural_cell': 1, 'Lymphatic_endothelial': 1}",0.7142857142857143,0.619047619047619,0.7142857142857143,0.619047619047619,,"[[1, 0, 0, 0, 0, 0, 0, 0, 0, 0], [0, 1, 0, 0, 0, 0, 0, 0, 0, 0], [0, 0, 0, 0, 0, 0, 0, 0, 0, 0], [0, 0, 0, 1, 0, 0, 0, 0, 0, 0], [0, 0, 0, 1, 0, 0, 0, 0, 0, 0], [0, 0, 0, 0, 0, 1, 0, 0, 0, 0], [0, 0, 0, 0, 0, 0, 0, 0, 0, 0], [0, 1, 0, 0, 0, 0, 0, 0, 0, 0], [0, 0, 0, 0, 0, 0, 0, 0, 0, 0], [0, 0, 0, 0, 0, 0, 0, 0, 0, 1]]","['Endothelial', 'Fibroblast', 'Glandular', 'Immune_cell', 'Keratinocyte', 'Lymphatic_endothelial', 'Melanocytes', 'Neural_cell', 'Unknown', 'muscle_fiber']",
cell_type,leave_source_out_scrna_pseudobulk_GSE163973_KF2,modules_only,small_mlp,40,7,"{'Endothelial': 5, 'Fibroblast': 5, 'Keratinocyte': 5, 'muscle_fiber': 5, 'Lymphatic_endothelial': 5, 'Immune_cell': 5, 'Glandular': 4, 'Unknown': 2, 'Neural_cell': 2, 'Melanocytes': 2}","{'Fibroblast': 1, 'Endothelial': 1, 'muscle_fiber': 1, 'Keratinocyte': 1, 'Immune_cell': 1, 'Neural_cell': 1, 'Lymphatic_endothelial': 1}",0.0,0.0,0.0,0.0,,"[[0, 0, 0, 0, 0, 0, 1, 0, 0, 0], [0, 0, 0, 0, 0, 1, 0, 0, 0, 0], [0, 0, 0, 0, 0, 0, 0, 0, 0, 0], [0, 0, 0, 0, 0, 0, 1, 0, 0, 0], [1, 0, 0, 0, 0, 0, 0, 0, 0, 0], [0, 0, 0, 0, 0, 0, 1, 0, 0, 0], [0, 0, 0, 0, 0, 0, 0, 0, 0, 0], [0, 0, 0, 0, 0, 0, 1, 0, 0, 0], [0, 0, 0, 0, 0, 0, 0, 0, 0, 0], [0, 0, 0, 0, 0, 1, 0, 0, 0, 0]]","['Endothelial', 'Fibroblast', 'Glandular', 'Immune_cell', 'Keratinocyte', 'Lymphatic_endothelial', 'Melanocytes', 'Neural_cell', 'Unknown', 'muscle_fiber']",
cell_type,leave_source_out_scrna_pseudobulk_GSE163973_KF3,shared_genes_plus_modules,majority,38,9,"{'Endothelial': 5, 'Fibroblast': 5, 'Keratinocyte': 5, 'muscle_fiber': 5, 'Lymphatic_endothelial': 5, 'Immune_cell': 5, 'Glandular': 3, 'Neural_cell': 2, 'Melanocytes': 2, 'Unknown': 1}","{'muscle_fiber': 1, 'Endothelial': 1, 'Lymphatic_endothelial': 1, 'Fibroblast': 1, 'Glandular': 1, 'Keratinocyte': 1, 'Unknown': 1, 'Neural_cell': 1, 'Immune_cell': 1}",0.1111111111111111,0.022222222222222223,0.1111111111111111,0.022222222222222223,,"[[1, 0, 0, 0, 0, 0, 0, 0, 0, 0], [1, 0, 0, 0, 0, 0, 0, 0, 0, 0], [1, 0, 0, 0, 0, 0, 0, 0, 0, 0], [1, 0, 0, 0, 0, 0, 0, 0, 0, 0], [1, 0, 0, 0, 0, 0, 0, 0, 0, 0], [1, 0, 0, 0, 0, 0, 0, 0, 0, 0], [0, 0, 0, 0, 0, 0, 0, 0, 0, 0], [1, 0, 0, 0, 0, 0, 0, 0, 0, 0], [1, 0, 0, 0, 0, 0, 0, 0, 0, 0], [1, 0, 0, 0, 0, 0, 0, 0, 0, 0]]","['Endothelial', 'Fibroblast', 'Glandular', 'Immune_cell', 'Keratinocyte', 'Lymphatic_endothelial', 'Melanocytes', 'Neural_cell', 'Unknown', 'muscle_fiber']",
cell_type,leave_source_out_scrna_pseudobulk_GSE163973_KF3,shared_genes_plus_modules,stratified_random,38,9,"{'Endothelial': 5, 'Fibroblast': 5, 'Keratinocyte': 5, 'muscle_fiber': 5, 'Lymphatic_endothelial': 5, 'Immune_cell': 5, 'Glandular': 3, 'Neural_cell': 2, 'Melanocytes': 2, 'Unknown': 1}","{'muscle_fiber': 1, 'Endothelial': 1, 'Lymphatic_endothelial': 1, 'Fibroblast': 1, 'Glandular': 1, 'Keratinocyte': 1, 'Unknown': 1, 'Neural_cell': 1, 'Immune_cell': 1}",0.2222222222222222,0.18518518518518517,0.2222222222222222,0.16666666666666666,,"[[1, 0, 0, 0, 0, 0, 0, 0, 0, 0], [0, 0, 0, 0, 0, 0, 1, 0, 0, 0], [0, 0, 1, 0, 0, 0, 0, 0, 0, 0], [1, 0, 0, 0, 0, 0, 0, 0, 0, 0], [0, 0, 0, 1, 0, 0, 0, 0, 0, 0], [0, 0, 0, 0, 0, 0, 0, 0, 1, 0], [0, 0, 0, 0, 0, 0, 0, 0, 0, 0], [0, 0, 0, 0, 0, 1, 0, 0, 0, 0], [0, 0, 0, 0, 0, 0, 0, 1, 0, 0], [0, 0, 0, 1, 0, 0, 0, 0, 0, 0]]","['Endothelial', 'Fibroblast', 'Glandular', 'Immune_cell', 'Keratinocyte', 'Lymphatic_endothelial', 'Melanocytes', 'Neural_cell', 'Unknown', 'muscle_fiber']",
cell_type,leave_source_out_scrna_pseudobulk_GSE163973_KF3,shared_genes_plus_modules,elastic_net_logreg,38,9,"{'Endothelial': 5, 'Fibroblast': 5, 'Keratinocyte': 5, 'muscle_fiber': 5, 'Lymphatic_endothelial': 5, 'Immune_cell': 5, 'Glandular': 3, 'Neural_cell': 2, 'Melanocytes': 2, 'Unknown': 1}","{'muscle_fiber': 1, 'Endothelial': 1, 'Lymphatic_endothelial': 1, 'Fibroblast': 1, 'Glandular': 1, 'Keratinocyte': 1, 'Unknown': 1, 'Neural_cell': 1, 'Immune_cell': 1}",1.0,1.0,1.0,1.0,,"[[1, 0, 0, 0, 0, 0, 0, 0, 0, 0], [0, 1, 0, 0, 0, 0, 0, 0, 0, 0], [0, 0, 1, 0, 0, 0, 0, 0, 0, 0], [0, 0, 0, 1, 0, 0, 0, 0, 0, 0], [0, 0, 0, 0, 1, 0, 0, 0, 0, 0], [0, 0, 0, 0, 0, 1, 0, 0, 0, 0], [0, 0, 0, 0, 0, 0, 0, 0, 0, 0], [0, 0, 0, 0, 0, 0, 0, 1, 0, 0], [0, 0, 0, 0, 0, 0, 0, 0, 1, 0], [0, 0, 0, 0, 0, 0, 0, 0, 0, 1]]","['Endothelial', 'Fibroblast', 'Glandular', 'Immune_cell', 'Keratinocyte', 'Lymphatic_endothelial', 'Melanocytes', 'Neural_cell', 'Unknown', 'muscle_fiber']",
cell_type,leave_source_out_scrna_pseudobulk_GSE163973_KF3,shared_genes_plus_modules,linear_svm,38,9,"{'Endothelial': 5, 'Fibroblast': 5, 'Keratinocyte': 5, 'muscle_fiber': 5, 'Lymphatic_endothelial': 5, 'Immune_cell': 5, 'Glandular': 3, 'Neural_cell': 2, 'Melanocytes': 2, 'Unknown': 1}","{'muscle_fiber': 1, 'Endothelial': 1, 'Lymphatic_endothelial': 1, 'Fibroblast': 1, 'Glandular': 1, 'Keratinocyte': 1, 'Unknown': 1, 'Neural_cell': 1, 'Immune_cell': 1}",1.0,1.0,1.0,1.0,,"[[1, 0, 0, 0, 0, 0, 0, 0, 0, 0], [0, 1, 0, 0, 0, 0, 0, 0, 0, 0], [0, 0, 1, 0, 0, 0, 0, 0, 0, 0], [0, 0, 0, 1, 0, 0, 0, 0, 0, 0], [0, 0, 0, 0, 1, 0, 0, 0, 0, 0], [0, 0, 0, 0, 0, 1, 0, 0, 0, 0], [0, 0, 0, 0, 0, 0, 0, 0, 0, 0], [0, 0, 0, 0, 0, 0, 0, 1, 0, 0], [0, 0, 0, 0, 0, 0, 0, 0, 1, 0], [0, 0, 0, 0, 0, 0, 0, 0, 0, 1]]","['Endothelial', 'Fibroblast', 'Glandular', 'Immune_cell', 'Keratinocyte', 'Lymphatic_endothelial', 'Melanocytes', 'Neural_cell', 'Unknown', 'muscle_fiber']",
cell_type,leave_source_out_scrna_pseudobulk_GSE163973_KF3,shared_genes_plus_modules,random_forest,38,9,"{'Endothelial': 5, 'Fibroblast': 5, 'Keratinocyte': 5, 'muscle_fiber': 5, 'Lymphatic_endothelial': 5, 'Immune_cell': 5, 'Glandular': 3, 'Neural_cell': 2, 'Melanocytes': 2, 'Unknown': 1}","{'muscle_fiber': 1, 'Endothelial': 1, 'Lymphatic_endothelial': 1, 'Fibroblast': 1, 'Glandular': 1, 'Keratinocyte': 1, 'Unknown': 1, 'Neural_cell': 1, 'Immune_cell': 1}",0.8888888888888888,0.8518518518518517,0.8888888888888888,0.8518518518518517,,"[[1, 0, 0, 0, 0, 0, 0, 0, 0, 0], [0, 1, 0, 0, 0, 0, 0, 0, 0, 0], [0, 0, 1, 0, 0, 0, 0, 0, 0, 0], [0, 0, 0, 1, 0, 0, 0, 0, 0, 0], [0, 0, 0, 0, 1, 0, 0, 0, 0, 0], [0, 0, 0, 0, 0, 1, 0, 0, 0, 0], [0, 0, 0, 0, 0, 0, 0, 0, 0, 0], [0, 0, 0, 0, 0, 0, 0, 1, 0, 0], [0, 0, 0, 1, 0, 0, 0, 0, 0, 0], [0, 0, 0, 0, 0, 0, 0, 0, 0, 1]]","['Endothelial', 'Fibroblast', 'Glandular', 'Immune_cell', 'Keratinocyte', 'Lymphatic_endothelial', 'Melanocytes', 'Neural_cell', 'Unknown', 'muscle_fiber']",
cell_type,leave_source_out_scrna_pseudobulk_GSE163973_KF3,shared_genes_plus_modules,hist_gradient_boosting,38,9,"{'Endothelial': 5, 'Fibroblast': 5, 'Keratinocyte': 5, 'muscle_fiber': 5, 'Lymphatic_endothelial': 5, 'Immune_cell': 5, 'Glandular': 3, 'Neural_cell': 2, 'Melanocytes': 2, 'Unknown': 1}","{'muscle_fiber': 1, 'Endothelial': 1, 'Lymphatic_endothelial': 1, 'Fibroblast': 1, 'Glandular': 1, 'Keratinocyte': 1, 'Unknown': 1, 'Neural_cell': 1, 'Immune_cell': 1}",0.1111111111111111,0.022222222222222223,0.1111111111111111,0.022222222222222223,,"[[1, 0, 0, 0, 0, 0, 0, 0, 0, 0], [1, 0, 0, 0, 0, 0, 0, 0, 0, 0], [1, 0, 0, 0, 0, 0, 0, 0, 0, 0], [1, 0, 0, 0, 0, 0, 0, 0, 0, 0], [1, 0, 0, 0, 0, 0, 0, 0, 0, 0], [1, 0, 0, 0, 0, 0, 0, 0, 0, 0], [0, 0, 0, 0, 0, 0, 0, 0, 0, 0], [1, 0, 0, 0, 0, 0, 0, 0, 0, 0], [1, 0, 0, 0, 0, 0, 0, 0, 0, 0], [1, 0, 0, 0, 0, 0, 0, 0, 0, 0]]","['Endothelial', 'Fibroblast', 'Glandular', 'Immune_cell', 'Keratinocyte', 'Lymphatic_endothelial', 'Melanocytes', 'Neural_cell', 'Unknown', 'muscle_fiber']",
cell_type,leave_source_out_scrna_pseudobulk_GSE163973_KF3,shared_genes_plus_modules,knn,38,9,"{'Endothelial': 5, 'Fibroblast': 5, 'Keratinocyte': 5, 'muscle_fiber': 5, 'Lymphatic_endothelial': 5, 'Immune_cell': 5, 'Glandular': 3, 'Neural_cell': 2, 'Melanocytes': 2, 'Unknown': 1}","{'muscle_fiber': 1, 'Endothelial': 1, 'Lymphatic_endothelial': 1, 'Fibroblast': 1, 'Glandular': 1, 'Keratinocyte': 1, 'Unknown': 1, 'Neural_cell': 1, 'Immune_cell': 1}",0.7777777777777778,0.7037037037037037,0.7777777777777778,0.7037037037037037,,"[[1, 0, 0, 0, 0, 0, 0, 0, 0, 0], [0, 1, 0, 0, 0, 0, 0, 0, 0, 0], [1, 0, 0, 0, 0, 0, 0, 0, 0, 0], [0, 0, 0, 1, 0, 0, 0, 0, 0, 0], [0, 0, 0, 0, 1, 0, 0, 0, 0, 0], [0, 0, 0, 0, 0, 1, 0, 0, 0, 0], [0, 0, 0, 0, 0, 0, 0, 0, 0, 0], [0, 0, 0, 0, 0, 0, 0, 1, 0, 0], [0, 0, 0, 1, 0, 0, 0, 0, 0, 0], [0, 0, 0, 0, 0, 0, 0, 0, 0, 1]]","['Endothelial', 'Fibroblast', 'Glandular', 'Immune_cell', 'Keratinocyte', 'Lymphatic_endothelial', 'Melanocytes', 'Neural_cell', 'Unknown', 'muscle_fiber']",
cell_type,leave_source_out_scrna_pseudobulk_GSE163973_KF3,shared_genes_plus_modules,small_mlp,38,9,"{'Endothelial': 5, 'Fibroblast': 5, 'Keratinocyte': 5, 'muscle_fiber': 5, 'Lymphatic_endothelial': 5, 'Immune_cell': 5, 'Glandular': 3, 'Neural_cell': 2, 'Melanocytes': 2, 'Unknown': 1}","{'muscle_fiber': 1, 'Endothelial': 1, 'Lymphatic_endothelial': 1, 'Fibroblast': 1, 'Glandular': 1, 'Keratinocyte': 1, 'Unknown': 1, 'Neural_cell': 1, 'Immune_cell': 1}",0.7777777777777778,0.7222222222222222,0.7777777777777778,0.7222222222222222,,"[[1, 0, 0, 0, 0, 0, 0, 0, 0, 0], [0, 1, 0, 0, 0, 0, 0, 0, 0, 0], [0, 0, 0, 1, 0, 0, 0, 0, 0, 0], [0, 0, 0, 1, 0, 0, 0, 0, 0, 0], [0, 0, 0, 0, 1, 0, 0, 0, 0, 0], [0, 0, 0, 0, 0, 1, 0, 0, 0, 0], [0, 0, 0, 0, 0, 0, 0, 0, 0, 0], [0, 0, 0, 0, 0, 0, 0, 1, 0, 0], [0, 0, 0, 1, 0, 0, 0, 0, 0, 0], [0, 0, 0, 0, 0, 0, 0, 0, 0, 1]]","['Endothelial', 'Fibroblast', 'Glandular', 'Immune_cell', 'Keratinocyte', 'Lymphatic_endothelial', 'Melanocytes', 'Neural_cell', 'Unknown', 'muscle_fiber']",
cell_type,leave_source_out_scrna_pseudobulk_GSE163973_KF3,shared_genes,majority,38,9,"{'Endothelial': 5, 'Fibroblast': 5, 'Keratinocyte': 5, 'muscle_fiber': 5, 'Lymphatic_endothelial': 5, 'Immune_cell': 5, 'Glandular': 3, 'Neural_cell': 2, 'Melanocytes': 2, 'Unknown': 1}","{'muscle_fiber': 1, 'Endothelial': 1, 'Lymphatic_endothelial': 1, 'Fibroblast': 1, 'Glandular': 1, 'Keratinocyte': 1, 'Unknown': 1, 'Neural_cell': 1, 'Immune_cell': 1}",0.1111111111111111,0.022222222222222223,0.1111111111111111,0.022222222222222223,,"[[1, 0, 0, 0, 0, 0, 0, 0, 0, 0], [1, 0, 0, 0, 0, 0, 0, 0, 0, 0], [1, 0, 0, 0, 0, 0, 0, 0, 0, 0], [1, 0, 0, 0, 0, 0, 0, 0, 0, 0], [1, 0, 0, 0, 0, 0, 0, 0, 0, 0], [1, 0, 0, 0, 0, 0, 0, 0, 0, 0], [0, 0, 0, 0, 0, 0, 0, 0, 0, 0], [1, 0, 0, 0, 0, 0, 0, 0, 0, 0], [1, 0, 0, 0, 0, 0, 0, 0, 0, 0], [1, 0, 0, 0, 0, 0, 0, 0, 0, 0]]","['Endothelial', 'Fibroblast', 'Glandular', 'Immune_cell', 'Keratinocyte', 'Lymphatic_endothelial', 'Melanocytes', 'Neural_cell', 'Unknown', 'muscle_fiber']",
cell_type,leave_source_out_scrna_pseudobulk_GSE163973_KF3,shared_genes,stratified_random,38,9,"{'Endothelial': 5, 'Fibroblast': 5, 'Keratinocyte': 5, 'muscle_fiber': 5, 'Lymphatic_endothelial': 5, 'Immune_cell': 5, 'Glandular': 3, 'Neural_cell': 2, 'Melanocytes': 2, 'Unknown': 1}","{'muscle_fiber': 1, 'Endothelial': 1, 'Lymphatic_endothelial': 1, 'Fibroblast': 1, 'Glandular': 1, 'Keratinocyte': 1, 'Unknown': 1, 'Neural_cell': 1, 'Immune_cell': 1}",0.2222222222222222,0.18518518518518517,0.2222222222222222,0.16666666666666666,,"[[1, 0, 0, 0, 0, 0, 0, 0, 0, 0], [0, 0, 0, 0, 0, 0, 1, 0, 0, 0], [0, 0, 1, 0, 0, 0, 0, 0, 0, 0], [1, 0, 0, 0, 0, 0, 0, 0, 0, 0], [0, 0, 0, 1, 0, 0, 0, 0, 0, 0], [0, 0, 0, 0, 0, 0, 0, 0, 1, 0], [0, 0, 0, 0, 0, 0, 0, 0, 0, 0], [0, 0, 0, 0, 0, 1, 0, 0, 0, 0], [0, 0, 0, 0, 0, 0, 0, 1, 0, 0], [0, 0, 0, 1, 0, 0, 0, 0, 0, 0]]","['Endothelial', 'Fibroblast', 'Glandular', 'Immune_cell', 'Keratinocyte', 'Lymphatic_endothelial', 'Melanocytes', 'Neural_cell', 'Unknown', 'muscle_fiber']",
cell_type,leave_source_out_scrna_pseudobulk_GSE163973_KF3,shared_genes,elastic_net_logreg,38,9,"{'Endothelial': 5, 'Fibroblast': 5, 'Keratinocyte': 5, 'muscle_fiber': 5, 'Lymphatic_endothelial': 5, 'Immune_cell': 5, 'Glandular': 3, 'Neural_cell': 2, 'Melanocytes': 2, 'Unknown': 1}","{'muscle_fiber': 1, 'Endothelial': 1, 'Lymphatic_endothelial': 1, 'Fibroblast': 1, 'Glandular': 1, 'Keratinocyte': 1, 'Unknown': 1, 'Neural_cell': 1, 'Immune_cell': 1}",1.0,1.0,1.0,1.0,,"[[1, 0, 0, 0, 0, 0, 0, 0, 0, 0], [0, 1, 0, 0, 0, 0, 0, 0, 0, 0], [0, 0, 1, 0, 0, 0, 0, 0, 0, 0], [0, 0, 0, 1, 0, 0, 0, 0, 0, 0], [0, 0, 0, 0, 1, 0, 0, 0, 0, 0], [0, 0, 0, 0, 0, 1, 0, 0, 0, 0], [0, 0, 0, 0, 0, 0, 0, 0, 0, 0], [0, 0, 0, 0, 0, 0, 0, 1, 0, 0], [0, 0, 0, 0, 0, 0, 0, 0, 1, 0], [0, 0, 0, 0, 0, 0, 0, 0, 0, 1]]","['Endothelial', 'Fibroblast', 'Glandular', 'Immune_cell', 'Keratinocyte', 'Lymphatic_endothelial', 'Melanocytes', 'Neural_cell', 'Unknown', 'muscle_fiber']",
cell_type,leave_source_out_scrna_pseudobulk_GSE163973_KF3,shared_genes,linear_svm,38,9,"{'Endothelial': 5, 'Fibroblast': 5, 'Keratinocyte': 5, 'muscle_fiber': 5, 'Lymphatic_endothelial': 5, 'Immune_cell': 5, 'Glandular': 3, 'Neural_cell': 2, 'Melanocytes': 2, 'Unknown': 1}","{'muscle_fiber': 1, 'Endothelial': 1, 'Lymphatic_endothelial': 1, 'Fibroblast': 1, 'Glandular': 1, 'Keratinocyte': 1, 'Unknown': 1, 'Neural_cell': 1, 'Immune_cell': 1}",1.0,1.0,1.0,1.0,,"[[1, 0, 0, 0, 0, 0, 0, 0, 0, 0], [0, 1, 0, 0, 0, 0, 0, 0, 0, 0], [0, 0, 1, 0, 0, 0, 0, 0, 0, 0], [0, 0, 0, 1, 0, 0, 0, 0, 0, 0], [0, 0, 0, 0, 1, 0, 0, 0, 0, 0], [0, 0, 0, 0, 0, 1, 0, 0, 0, 0], [0, 0, 0, 0, 0, 0, 0, 0, 0, 0], [0, 0, 0, 0, 0, 0, 0, 1, 0, 0], [0, 0, 0, 0, 0, 0, 0, 0, 1, 0], [0, 0, 0, 0, 0, 0, 0, 0, 0, 1]]","['Endothelial', 'Fibroblast', 'Glandular', 'Immune_cell', 'Keratinocyte', 'Lymphatic_endothelial', 'Melanocytes', 'Neural_cell', 'Unknown', 'muscle_fiber']",
cell_type,leave_source_out_scrna_pseudobulk_GSE163973_KF3,shared_genes,random_forest,38,9,"{'Endothelial': 5, 'Fibroblast': 5, 'Keratinocyte': 5, 'muscle_fiber': 5, 'Lymphatic_endothelial': 5, 'Immune_cell': 5, 'Glandular': 3, 'Neural_cell': 2, 'Melanocytes': 2, 'Unknown': 1}","{'muscle_fiber': 1, 'Endothelial': 1, 'Lymphatic_endothelial': 1, 'Fibroblast': 1, 'Glandular': 1, 'Keratinocyte': 1, 'Unknown': 1, 'Neural_cell': 1, 'Immune_cell': 1}",0.8888888888888888,0.8518518518518517,0.8888888888888888,0.8518518518518517,,"[[1, 0, 0, 0, 0, 0, 0, 0, 0, 0], [0, 1, 0, 0, 0, 0, 0, 0, 0, 0], [0, 0, 1, 0, 0, 0, 0, 0, 0, 0], [0, 0, 0, 1, 0, 0, 0, 0, 0, 0], [0, 0, 0, 0, 1, 0, 0, 0, 0, 0], [0, 0, 0, 0, 0, 1, 0, 0, 0, 0], [0, 0, 0, 0, 0, 0, 0, 0, 0, 0], [0, 0, 0, 0, 0, 0, 0, 1, 0, 0], [0, 0, 0, 1, 0, 0, 0, 0, 0, 0], [0, 0, 0, 0, 0, 0, 0, 0, 0, 1]]","['Endothelial', 'Fibroblast', 'Glandular', 'Immune_cell', 'Keratinocyte', 'Lymphatic_endothelial', 'Melanocytes', 'Neural_cell', 'Unknown', 'muscle_fiber']",
cell_type,leave_source_out_scrna_pseudobulk_GSE163973_KF3,shared_genes,hist_gradient_boosting,38,9,"{'Endothelial': 5, 'Fibroblast': 5, 'Keratinocyte': 5, 'muscle_fiber': 5, 'Lymphatic_endothelial': 5, 'Immune_cell': 5, 'Glandular': 3, 'Neural_cell': 2, 'Melanocytes': 2, 'Unknown': 1}","{'muscle_fiber': 1, 'Endothelial': 1, 'Lymphatic_endothelial': 1, 'Fibroblast': 1, 'Glandular': 1, 'Keratinocyte': 1, 'Unknown': 1, 'Neural_cell': 1, 'Immune_cell': 1}",0.1111111111111111,0.022222222222222223,0.1111111111111111,0.022222222222222223,,"[[1, 0, 0, 0, 0, 0, 0, 0, 0, 0], [1, 0, 0, 0, 0, 0, 0, 0, 0, 0], [1, 0, 0, 0, 0, 0, 0, 0, 0, 0], [1, 0, 0, 0, 0, 0, 0, 0, 0, 0], [1, 0, 0, 0, 0, 0, 0, 0, 0, 0], [1, 0, 0, 0, 0, 0, 0, 0, 0, 0], [0, 0, 0, 0, 0, 0, 0, 0, 0, 0], [1, 0, 0, 0, 0, 0, 0, 0, 0, 0], [1, 0, 0, 0, 0, 0, 0, 0, 0, 0], [1, 0, 0, 0, 0, 0, 0, 0, 0, 0]]","['Endothelial', 'Fibroblast', 'Glandular', 'Immune_cell', 'Keratinocyte', 'Lymphatic_endothelial', 'Melanocytes', 'Neural_cell', 'Unknown', 'muscle_fiber']",
cell_type,leave_source_out_scrna_pseudobulk_GSE163973_KF3,shared_genes,knn,38,9,"{'Endothelial': 5, 'Fibroblast': 5, 'Keratinocyte': 5, 'muscle_fiber': 5, 'Lymphatic_endothelial': 5, 'Immune_cell': 5, 'Glandular': 3, 'Neural_cell': 2, 'Melanocytes': 2, 'Unknown': 1}","{'muscle_fiber': 1, 'Endothelial': 1, 'Lymphatic_endothelial': 1, 'Fibroblast': 1, 'Glandular': 1, 'Keratinocyte': 1, 'Unknown': 1, 'Neural_cell': 1, 'Immune_cell': 1}",0.7777777777777778,0.7037037037037037,0.7777777777777778,0.7037037037037037,,"[[1, 0, 0, 0, 0, 0, 0, 0, 0, 0], [0, 1, 0, 0, 0, 0, 0, 0, 0, 0], [1, 0, 0, 0, 0, 0, 0, 0, 0, 0], [0, 0, 0, 1, 0, 0, 0, 0, 0, 0], [0, 0, 0, 0, 1, 0, 0, 0, 0, 0], [0, 0, 0, 0, 0, 1, 0, 0, 0, 0], [0, 0, 0, 0, 0, 0, 0, 0, 0, 0], [0, 0, 0, 0, 0, 0, 0, 1, 0, 0], [0, 0, 0, 1, 0, 0, 0, 0, 0, 0], [0, 0, 0, 0, 0, 0, 0, 0, 0, 1]]","['Endothelial', 'Fibroblast', 'Glandular', 'Immune_cell', 'Keratinocyte', 'Lymphatic_endothelial', 'Melanocytes', 'Neural_cell', 'Unknown', 'muscle_fiber']",
cell_type,leave_source_out_scrna_pseudobulk_GSE163973_KF3,modules_only,majority,38,9,"{'Endothelial': 5, 'Fibroblast': 5, 'Keratinocyte': 5, 'muscle_fiber': 5, 'Lymphatic_endothelial': 5, 'Immune_cell': 5, 'Glandular': 3, 'Neural_cell': 2, 'Melanocytes': 2, 'Unknown': 1}","{'muscle_fiber': 1, 'Endothelial': 1, 'Lymphatic_endothelial': 1, 'Fibroblast': 1, 'Glandular': 1, 'Keratinocyte': 1, 'Unknown': 1, 'Neural_cell': 1, 'Immune_cell': 1}",0.1111111111111111,0.022222222222222223,0.1111111111111111,0.022222222222222223,,"[[1, 0, 0, 0, 0, 0, 0, 0, 0, 0], [1, 0, 0, 0, 0, 0, 0, 0, 0, 0], [1, 0, 0, 0, 0, 0, 0, 0, 0, 0], [1, 0, 0, 0, 0, 0, 0, 0, 0, 0], [1, 0, 0, 0, 0, 0, 0, 0, 0, 0], [1, 0, 0, 0, 0, 0, 0, 0, 0, 0], [0, 0, 0, 0, 0, 0, 0, 0, 0, 0], [1, 0, 0, 0, 0, 0, 0, 0, 0, 0], [1, 0, 0, 0, 0, 0, 0, 0, 0, 0], [1, 0, 0, 0, 0, 0, 0, 0, 0, 0]]","['Endothelial', 'Fibroblast', 'Glandular', 'Immune_cell', 'Keratinocyte', 'Lymphatic_endothelial', 'Melanocytes', 'Neural_cell', 'Unknown', 'muscle_fiber']",
cell_type,leave_source_out_scrna_pseudobulk_GSE163973_KF3,modules_only,stratified_random,38,9,"{'Endothelial': 5, 'Fibroblast': 5, 'Keratinocyte': 5, 'muscle_fiber': 5, 'Lymphatic_endothelial': 5, 'Immune_cell': 5, 'Glandular': 3, 'Neural_cell': 2, 'Melanocytes': 2, 'Unknown': 1}","{'muscle_fiber': 1, 'Endothelial': 1, 'Lymphatic_endothelial': 1, 'Fibroblast': 1, 'Glandular': 1, 'Keratinocyte': 1, 'Unknown': 1, 'Neural_cell': 1, 'Immune_cell': 1}",0.2222222222222222,0.18518518518518517,0.2222222222222222,0.16666666666666666,,"[[1, 0, 0, 0, 0, 0, 0, 0, 0, 0], [0, 0, 0, 0, 0, 0, 1, 0, 0, 0], [0, 0, 1, 0, 0, 0, 0, 0, 0, 0], [1, 0, 0, 0, 0, 0, 0, 0, 0, 0], [0, 0, 0, 1, 0, 0, 0, 0, 0, 0], [0, 0, 0, 0, 0, 0, 0, 0, 1, 0], [0, 0, 0, 0, 0, 0, 0, 0, 0, 0], [0, 0, 0, 0, 0, 1, 0, 0, 0, 0], [0, 0, 0, 0, 0, 0, 0, 1, 0, 0], [0, 0, 0, 1, 0, 0, 0, 0, 0, 0]]","['Endothelial', 'Fibroblast', 'Glandular', 'Immune_cell', 'Keratinocyte', 'Lymphatic_endothelial', 'Melanocytes', 'Neural_cell', 'Unknown', 'muscle_fiber']",
cell_type,leave_source_out_scrna_pseudobulk_GSE163973_KF3,modules_only,elastic_net_logreg,38,9,"{'Endothelial': 5, 'Fibroblast': 5, 'Keratinocyte': 5, 'muscle_fiber': 5, 'Lymphatic_endothelial': 5, 'Immune_cell': 5, 'Glandular': 3, 'Neural_cell': 2, 'Melanocytes': 2, 'Unknown': 1}","{'muscle_fiber': 1, 'Endothelial': 1, 'Lymphatic_endothelial': 1, 'Fibroblast': 1, 'Glandular': 1, 'Keratinocyte': 1, 'Unknown': 1, 'Neural_cell': 1, 'Immune_cell': 1}",0.6666666666666666,0.5555555555555556,0.6666666666666666,0.5555555555555556,,"[[1, 0, 0, 0, 0, 0, 0, 0, 0, 0], [0, 1, 0, 0, 0, 0, 0, 0, 0, 0], [0, 0, 0, 0, 0, 1, 0, 0, 0, 0], [0, 0, 0, 1, 0, 0, 0, 0, 0, 0], [0, 1, 0, 0, 0, 0, 0, 0, 0, 0], [0, 0, 0, 0, 0, 1, 0, 0, 0, 0], [0, 0, 0, 0, 0, 0, 0, 0, 0, 0], [0, 0, 0, 0, 0, 0, 0, 1, 0, 0], [0, 0, 0, 1, 0, 0, 0, 0, 0, 0], [0, 0, 0, 0, 0, 0, 0, 0, 0, 1]]","['Endothelial', 'Fibroblast', 'Glandular', 'Immune_cell', 'Keratinocyte', 'Lymphatic_endothelial', 'Melanocytes', 'Neural_cell', 'Unknown', 'muscle_fiber']",
cell_type,leave_source_out_scrna_pseudobulk_GSE163973_KF3,modules_only,linear_svm,38,9,"{'Endothelial': 5, 'Fibroblast': 5, 'Keratinocyte': 5, 'muscle_fiber': 5, 'Lymphatic_endothelial': 5, 'Immune_cell': 5, 'Glandular': 3, 'Neural_cell': 2, 'Melanocytes': 2, 'Unknown': 1}","{'muscle_fiber': 1, 'Endothelial': 1, 'Lymphatic_endothelial': 1, 'Fibroblast': 1, 'Glandular': 1, 'Keratinocyte': 1, 'Unknown': 1, 'Neural_cell': 1, 'Immune_cell': 1}",0.6666666666666666,0.574074074074074,0.6666666666666666,0.574074074074074,,"[[1, 0, 0, 0, 0, 0, 0, 0, 0, 0], [0, 1, 0, 0, 0, 0, 0, 0, 0, 0], [0, 0, 0, 0, 0, 1, 0, 0, 0, 0], [0, 0, 0, 1, 0, 0, 0, 0, 0, 0], [0, 1, 0, 0, 0, 0, 0, 0, 0, 0], [0, 0, 0, 0, 0, 1, 0, 0, 0, 0], [0, 0, 0, 0, 0, 0, 0, 0, 0, 0], [0, 1, 0, 0, 0, 0, 0, 0, 0, 0], [0, 0, 0, 0, 0, 0, 0, 0, 1, 0], [0, 0, 0, 0, 0, 0, 0, 0, 0, 1]]","['Endothelial', 'Fibroblast', 'Glandular', 'Immune_cell', 'Keratinocyte', 'Lymphatic_endothelial', 'Melanocytes', 'Neural_cell', 'Unknown', 'muscle_fiber']",
cell_type,leave_source_out_scrna_pseudobulk_GSE163973_KF3,modules_only,random_forest,38,9,"{'Endothelial': 5, 'Fibroblast': 5, 'Keratinocyte': 5, 'muscle_fiber': 5, 'Lymphatic_endothelial': 5, 'Immune_cell': 5, 'Glandular': 3, 'Neural_cell': 2, 'Melanocytes': 2, 'Unknown': 1}","{'muscle_fiber': 1, 'Endothelial': 1, 'Lymphatic_endothelial': 1, 'Fibroblast': 1, 'Glandular': 1, 'Keratinocyte': 1, 'Unknown': 1, 'Neural_cell': 1, 'Immune_cell': 1}",0.5555555555555556,0.4259259259259259,0.5555555555555556,0.4259259259259259,,"[[1, 0, 0, 0, 0, 0, 0, 0, 0, 0], [0, 1, 0, 0, 0, 0, 0, 0, 0, 0], [0, 0, 0, 0, 0, 1, 0, 0, 0, 0], [0, 0, 0, 1, 0, 0, 0, 0, 0, 0], [0, 1, 0, 0, 0, 0, 0, 0, 0, 0], [0, 0, 0, 0, 0, 1, 0, 0, 0, 0], [0, 0, 0, 0, 0, 0, 0, 0, 0, 0], [0, 0, 0, 0, 0, 0, 0, 1, 0, 0], [0, 0, 0, 1, 0, 0, 0, 0, 0, 0], [0, 1, 0, 0, 0, 0, 0, 0, 0, 0]]","['Endothelial', 'Fibroblast', 'Glandular', 'Immune_cell', 'Keratinocyte', 'Lymphatic_endothelial', 'Melanocytes', 'Neural_cell', 'Unknown', 'muscle_fiber']",
cell_type,leave_source_out_scrna_pseudobulk_GSE163973_KF3,modules_only,hist_gradient_boosting,38,9,"{'Endothelial': 5, 'Fibroblast': 5, 'Keratinocyte': 5, 'muscle_fiber': 5, 'Lymphatic_endothelial': 5, 'Immune_cell': 5, 'Glandular': 3, 'Neural_cell': 2, 'Melanocytes': 2, 'Unknown': 1}","{'muscle_fiber': 1, 'Endothelial': 1, 'Lymphatic_endothelial': 1, 'Fibroblast': 1, 'Glandular': 1, 'Keratinocyte': 1, 'Unknown': 1, 'Neural_cell': 1, 'Immune_cell': 1}",0.1111111111111111,0.022222222222222223,0.1111111111111111,0.022222222222222223,,"[[1, 0, 0, 0, 0, 0, 0, 0, 0, 0], [1, 0, 0, 0, 0, 0, 0, 0, 0, 0], [1, 0, 0, 0, 0, 0, 0, 0, 0, 0], [1, 0, 0, 0, 0, 0, 0, 0, 0, 0], [1, 0, 0, 0, 0, 0, 0, 0, 0, 0], [1, 0, 0, 0, 0, 0, 0, 0, 0, 0], [0, 0, 0, 0, 0, 0, 0, 0, 0, 0], [1, 0, 0, 0, 0, 0, 0, 0, 0, 0], [1, 0, 0, 0, 0, 0, 0, 0, 0, 0], [1, 0, 0, 0, 0, 0, 0, 0, 0, 0]]","['Endothelial', 'Fibroblast', 'Glandular', 'Immune_cell', 'Keratinocyte', 'Lymphatic_endothelial', 'Melanocytes', 'Neural_cell', 'Unknown', 'muscle_fiber']",
cell_type,leave_source_out_scrna_pseudobulk_GSE163973_KF3,modules_only,knn,38,9,"{'Endothelial': 5, 'Fibroblast': 5, 'Keratinocyte': 5, 'muscle_fiber': 5, 'Lymphatic_endothelial': 5, 'Immune_cell': 5, 'Glandular': 3, 'Neural_cell': 2, 'Melanocytes': 2, 'Unknown': 1}","{'muscle_fiber': 1, 'Endothelial': 1, 'Lymphatic_endothelial': 1, 'Fibroblast': 1, 'Glandular': 1, 'Keratinocyte': 1, 'Unknown': 1, 'Neural_cell': 1, 'Immune_cell': 1}",0.5555555555555556,0.40740740740740733,0.5555555555555556,0.40740740740740733,,"[[1, 0, 0, 0, 0, 0, 0, 0, 0, 0], [0, 1, 0, 0, 0, 0, 0, 0, 0, 0], [0, 0, 0, 0, 0, 1, 0, 0, 0, 0], [0, 0, 0, 1, 0, 0, 0, 0, 0, 0], [0, 1, 0, 0, 0, 0, 0, 0, 0, 0], [0, 0, 0, 0, 0, 1, 0, 0, 0, 0], [0, 0, 0, 0, 0, 0, 0, 0, 0, 0], [0, 0, 0, 0, 0, 0, 0, 0, 0, 1], [0, 0, 0, 1, 0, 0, 0, 0, 0, 0], [0, 0, 0, 0, 0, 0, 0, 0, 0, 1]]","['Endothelial', 'Fibroblast', 'Glandular', 'Immune_cell', 'Keratinocyte', 'Lymphatic_endothelial', 'Melanocytes', 'Neural_cell', 'Unknown', 'muscle_fiber']",
cell_type,leave_source_out_scrna_pseudobulk_GSE163973_KF3,modules_only,small_mlp,38,9,"{'Endothelial': 5, 'Fibroblast': 5, 'Keratinocyte': 5, 'muscle_fiber': 5, 'Lymphatic_endothelial': 5, 'Immune_cell': 5, 'Glandular': 3, 'Neural_cell': 2, 'Melanocytes': 2, 'Unknown': 1}","{'muscle_fiber': 1, 'Endothelial': 1, 'Lymphatic_endothelial': 1, 'Fibroblast': 1, 'Glandular': 1, 'Keratinocyte': 1, 'Unknown': 1, 'Neural_cell': 1, 'Immune_cell': 1}",0.1111111111111111,0.1111111111111111,0.1111111111111111,0.1,,"[[0, 0, 0, 0, 0, 0, 1, 0, 0, 0], [0, 1, 0, 0, 0, 0, 0, 0, 0, 0], [0, 0, 0, 0, 0, 0, 1, 0, 0, 0], [1, 0, 0, 0, 0, 0, 0, 0, 0, 0], [0, 0, 0, 0, 0, 1, 0, 0, 0, 0], [0, 0, 0, 0, 0, 0, 1, 0, 0, 0], [0, 0, 0, 0, 0, 0, 0, 0, 0, 0], [0, 0, 0, 0, 0, 1, 0, 0, 0, 0], [0, 0, 0, 0, 0, 0, 0, 0, 0, 1], [0, 0, 0, 0, 0, 1, 0, 0, 0, 0]]","['Endothelial', 'Fibroblast', 'Glandular', 'Immune_cell', 'Keratinocyte', 'Lymphatic_endothelial', 'Melanocytes', 'Neural_cell', 'Unknown', 'muscle_fiber']",
cell_type,leave_source_out_scrna_pseudobulk_GSE163973_NF1,shared_genes_plus_modules,majority,40,7,"{'Endothelial': 5, 'Fibroblast': 5, 'Keratinocyte': 5, 'muscle_fiber': 5, 'Lymphatic_endothelial': 5, 'Immune_cell': 5, 'Neural_cell': 3, 'Glandular': 3, 'Unknown': 2, 'Melanocytes': 2}","{'Lymphatic_endothelial': 1, 'Endothelial': 1, 'Fibroblast': 1, 'Glandular': 1, 'muscle_fiber': 1, 'Immune_cell': 1, 'Keratinocyte': 1}",0.14285714285714285,0.03571428571428571,0.14285714285714285,0.03571428571428571,,"[[1, 0, 0, 0, 0, 0, 0, 0, 0, 0], [1, 0, 0, 0, 0, 0, 0, 0, 0, 0], [1, 0, 0, 0, 0, 0, 0, 0, 0, 0], [1, 0, 0, 0, 0, 0, 0, 0, 0, 0], [1, 0, 0, 0, 0, 0, 0, 0, 0, 0], [1, 0, 0, 0, 0, 0, 0, 0, 0, 0], [0, 0, 0, 0, 0, 0, 0, 0, 0, 0], [0, 0, 0, 0, 0, 0, 0, 0, 0, 0], [0, 0, 0, 0, 0, 0, 0, 0, 0, 0], [1, 0, 0, 0, 0, 0, 0, 0, 0, 0]]","['Endothelial', 'Fibroblast', 'Glandular', 'Immune_cell', 'Keratinocyte', 'Lymphatic_endothelial', 'Melanocytes', 'Neural_cell', 'Unknown', 'muscle_fiber']",
cell_type,leave_source_out_scrna_pseudobulk_GSE163973_NF1,shared_genes_plus_modules,stratified_random,40,7,"{'Endothelial': 5, 'Fibroblast': 5, 'Keratinocyte': 5, 'muscle_fiber': 5, 'Lymphatic_endothelial': 5, 'Immune_cell': 5, 'Neural_cell': 3, 'Glandular': 3, 'Unknown': 2, 'Melanocytes': 2}","{'Lymphatic_endothelial': 1, 'Endothelial': 1, 'Fibroblast': 1, 'Glandular': 1, 'muscle_fiber': 1, 'Immune_cell': 1, 'Keratinocyte': 1}",0.2857142857142857,0.23809523809523808,0.2857142857142857,0.16666666666666666,,"[[1, 0, 0, 0, 0, 0, 0, 0, 0, 0], [0, 0, 0, 0, 0, 0, 0, 0, 1, 0], [0, 0, 0, 0, 0, 0, 1, 0, 0, 0], [0, 0, 0, 1, 0, 0, 0, 0, 0, 0], [0, 0, 0, 0, 0, 0, 0, 1, 0, 0], [0, 0, 0, 1, 0, 0, 0, 0, 0, 0], [0, 0, 0, 0, 0, 0, 0, 0, 0, 0], [0, 0, 0, 0, 0, 0, 0, 0, 0, 0], [0, 0, 0, 0, 0, 0, 0, 0, 0, 0], [0, 0, 1, 0, 0, 0, 0, 0, 0, 0]]","['Endothelial', 'Fibroblast', 'Glandular', 'Immune_cell', 'Keratinocyte', 'Lymphatic_endothelial', 'Melanocytes', 'Neural_cell', 'Unknown', 'muscle_fiber']",
cell_type,leave_source_out_scrna_pseudobulk_GSE163973_NF1,shared_genes_plus_modules,elastic_net_logreg,40,7,"{'Endothelial': 5, 'Fibroblast': 5, 'Keratinocyte': 5, 'muscle_fiber': 5, 'Lymphatic_endothelial': 5, 'Immune_cell': 5, 'Neural_cell': 3, 'Glandular': 3, 'Unknown': 2, 'Melanocytes': 2}","{'Lymphatic_endothelial': 1, 'Endothelial': 1, 'Fibroblast': 1, 'Glandular': 1, 'muscle_fiber': 1, 'Immune_cell': 1, 'Keratinocyte': 1}",1.0,1.0,1.0,1.0,,"[[1, 0, 0, 0, 0, 0, 0, 0, 0, 0], [0, 1, 0, 0, 0, 0, 0, 0, 0, 0], [0, 0, 1, 0, 0, 0, 0, 0, 0, 0], [0, 0, 0, 1, 0, 0, 0, 0, 0, 0], [0, 0, 0, 0, 1, 0, 0, 0, 0, 0], [0, 0, 0, 0, 0, 1, 0, 0, 0, 0], [0, 0, 0, 0, 0, 0, 0, 0, 0, 0], [0, 0, 0, 0, 0, 0, 0, 0, 0, 0], [0, 0, 0, 0, 0, 0, 0, 0, 0, 0], [0, 0, 0, 0, 0, 0, 0, 0, 0, 1]]","['Endothelial', 'Fibroblast', 'Glandular', 'Immune_cell', 'Keratinocyte', 'Lymphatic_endothelial', 'Melanocytes', 'Neural_cell', 'Unknown', 'muscle_fiber']",
cell_type,leave_source_out_scrna_pseudobulk_GSE163973_NF1,shared_genes_plus_modules,linear_svm,40,7,"{'Endothelial': 5, 'Fibroblast': 5, 'Keratinocyte': 5, 'muscle_fiber': 5, 'Lymphatic_endothelial': 5, 'Immune_cell': 5, 'Neural_cell': 3, 'Glandular': 3, 'Unknown': 2, 'Melanocytes': 2}","{'Lymphatic_endothelial': 1, 'Endothelial': 1, 'Fibroblast': 1, 'Glandular': 1, 'muscle_fiber': 1, 'Immune_cell': 1, 'Keratinocyte': 1}",1.0,1.0,1.0,1.0,,"[[1, 0, 0, 0, 0, 0, 0, 0, 0, 0], [0, 1, 0, 0, 0, 0, 0, 0, 0, 0], [0, 0, 1, 0, 0, 0, 0, 0, 0, 0], [0, 0, 0, 1, 0, 0, 0, 0, 0, 0], [0, 0, 0, 0, 1, 0, 0, 0, 0, 0], [0, 0, 0, 0, 0, 1, 0, 0, 0, 0], [0, 0, 0, 0, 0, 0, 0, 0, 0, 0], [0, 0, 0, 0, 0, 0, 0, 0, 0, 0], [0, 0, 0, 0, 0, 0, 0, 0, 0, 0], [0, 0, 0, 0, 0, 0, 0, 0, 0, 1]]","['Endothelial', 'Fibroblast', 'Glandular', 'Immune_cell', 'Keratinocyte', 'Lymphatic_endothelial', 'Melanocytes', 'Neural_cell', 'Unknown', 'muscle_fiber']",
cell_type,leave_source_out_scrna_pseudobulk_GSE163973_NF1,shared_genes_plus_modules,random_forest,40,7,"{'Endothelial': 5, 'Fibroblast': 5, 'Keratinocyte': 5, 'muscle_fiber': 5, 'Lymphatic_endothelial': 5, 'Immune_cell': 5, 'Neural_cell': 3, 'Glandular': 3, 'Unknown': 2, 'Melanocytes': 2}","{'Lymphatic_endothelial': 1, 'Endothelial': 1, 'Fibroblast': 1, 'Glandular': 1, 'muscle_fiber': 1, 'Immune_cell': 1, 'Keratinocyte': 1}",1.0,1.0,1.0,1.0,,"[[1, 0, 0, 0, 0, 0, 0, 0, 0, 0], [0, 1, 0, 0, 0, 0, 0, 0, 0, 0], [0, 0, 1, 0, 0, 0, 0, 0, 0, 0], [0, 0, 0, 1, 0, 0, 0, 0, 0, 0], [0, 0, 0, 0, 1, 0, 0, 0, 0, 0], [0, 0, 0, 0, 0, 1, 0, 0, 0, 0], [0, 0, 0, 0, 0, 0, 0, 0, 0, 0], [0, 0, 0, 0, 0, 0, 0, 0, 0, 0], [0, 0, 0, 0, 0, 0, 0, 0, 0, 0], [0, 0, 0, 0, 0, 0, 0, 0, 0, 1]]","['Endothelial', 'Fibroblast', 'Glandular', 'Immune_cell', 'Keratinocyte', 'Lymphatic_endothelial', 'Melanocytes', 'Neural_cell', 'Unknown', 'muscle_fiber']",
cell_type,leave_source_out_scrna_pseudobulk_GSE163973_NF1,shared_genes_plus_modules,hist_gradient_boosting,40,7,"{'Endothelial': 5, 'Fibroblast': 5, 'Keratinocyte': 5, 'muscle_fiber': 5, 'Lymphatic_endothelial': 5, 'Immune_cell': 5, 'Neural_cell': 3, 'Glandular': 3, 'Unknown': 2, 'Melanocytes': 2}","{'Lymphatic_endothelial': 1, 'Endothelial': 1, 'Fibroblast': 1, 'Glandular': 1, 'muscle_fiber': 1, 'Immune_cell': 1, 'Keratinocyte': 1}",1.0,1.0,1.0,1.0,,"[[1, 0, 0, 0, 0, 0, 0, 0, 0, 0], [0, 1, 0, 0, 0, 0, 0, 0, 0, 0], [0, 0, 1, 0, 0, 0, 0, 0, 0, 0], [0, 0, 0, 1, 0, 0, 0, 0, 0, 0], [0, 0, 0, 0, 1, 0, 0, 0, 0, 0], [0, 0, 0, 0, 0, 1, 0, 0, 0, 0], [0, 0, 0, 0, 0, 0, 0, 0, 0, 0], [0, 0, 0, 0, 0, 0, 0, 0, 0, 0], [0, 0, 0, 0, 0, 0, 0, 0, 0, 0], [0, 0, 0, 0, 0, 0, 0, 0, 0, 1]]","['Endothelial', 'Fibroblast', 'Glandular', 'Immune_cell', 'Keratinocyte', 'Lymphatic_endothelial', 'Melanocytes', 'Neural_cell', 'Unknown', 'muscle_fiber']",
cell_type,leave_source_out_scrna_pseudobulk_GSE163973_NF1,shared_genes_plus_modules,knn,40,7,"{'Endothelial': 5, 'Fibroblast': 5, 'Keratinocyte': 5, 'muscle_fiber': 5, 'Lymphatic_endothelial': 5, 'Immune_cell': 5, 'Neural_cell': 3, 'Glandular': 3, 'Unknown': 2, 'Melanocytes': 2}","{'Lymphatic_endothelial': 1, 'Endothelial': 1, 'Fibroblast': 1, 'Glandular': 1, 'muscle_fiber': 1, 'Immune_cell': 1, 'Keratinocyte': 1}",0.8571428571428571,0.8095238095238094,0.8571428571428571,0.8095238095238094,,"[[1, 0, 0, 0, 0, 0, 0, 0, 0, 0], [0, 1, 0, 0, 0, 0, 0, 0, 0, 0], [1, 0, 0, 0, 0, 0, 0, 0, 0, 0], [0, 0, 0, 1, 0, 0, 0, 0, 0, 0], [0, 0, 0, 0, 1, 0, 0, 0, 0, 0], [0, 0, 0, 0, 0, 1, 0, 0, 0, 0], [0, 0, 0, 0, 0, 0, 0, 0, 0, 0], [0, 0, 0, 0, 0, 0, 0, 0, 0, 0], [0, 0, 0, 0, 0, 0, 0, 0, 0, 0], [0, 0, 0, 0, 0, 0, 0, 0, 0, 1]]","['Endothelial', 'Fibroblast', 'Glandular', 'Immune_cell', 'Keratinocyte', 'Lymphatic_endothelial', 'Melanocytes', 'Neural_cell', 'Unknown', 'muscle_fiber']",
cell_type,leave_source_out_scrna_pseudobulk_GSE163973_NF1,shared_genes_plus_modules,small_mlp,40,7,"{'Endothelial': 5, 'Fibroblast': 5, 'Keratinocyte': 5, 'muscle_fiber': 5, 'Lymphatic_endothelial': 5, 'Immune_cell': 5, 'Neural_cell': 3, 'Glandular': 3, 'Unknown': 2, 'Melanocytes': 2}","{'Lymphatic_endothelial': 1, 'Endothelial': 1, 'Fibroblast': 1, 'Glandular': 1, 'muscle_fiber': 1, 'Immune_cell': 1, 'Keratinocyte': 1}",0.8571428571428571,0.8095238095238094,0.8571428571428571,0.8095238095238094,,"[[1, 0, 0, 0, 0, 0, 0, 0, 0, 0], [0, 1, 0, 0, 0, 0, 0, 0, 0, 0], [1, 0, 0, 0, 0, 0, 0, 0, 0, 0], [0, 0, 0, 1, 0, 0, 0, 0, 0, 0], [0, 0, 0, 0, 1, 0, 0, 0, 0, 0], [0, 0, 0, 0, 0, 1, 0, 0, 0, 0], [0, 0, 0, 0, 0, 0, 0, 0, 0, 0], [0, 0, 0, 0, 0, 0, 0, 0, 0, 0], [0, 0, 0, 0, 0, 0, 0, 0, 0, 0], [0, 0, 0, 0, 0, 0, 0, 0, 0, 1]]","['Endothelial', 'Fibroblast', 'Glandular', 'Immune_cell', 'Keratinocyte', 'Lymphatic_endothelial', 'Melanocytes', 'Neural_cell', 'Unknown', 'muscle_fiber']",
cell_type,leave_source_out_scrna_pseudobulk_GSE163973_NF1,shared_genes,majority,40,7,"{'Endothelial': 5, 'Fibroblast': 5, 'Keratinocyte': 5, 'muscle_fiber': 5, 'Lymphatic_endothelial': 5, 'Immune_cell': 5, 'Neural_cell': 3, 'Glandular': 3, 'Unknown': 2, 'Melanocytes': 2}","{'Lymphatic_endothelial': 1, 'Endothelial': 1, 'Fibroblast': 1, 'Glandular': 1, 'muscle_fiber': 1, 'Immune_cell': 1, 'Keratinocyte': 1}",0.14285714285714285,0.03571428571428571,0.14285714285714285,0.03571428571428571,,"[[1, 0, 0, 0, 0, 0, 0, 0, 0, 0], [1, 0, 0, 0, 0, 0, 0, 0, 0, 0], [1, 0, 0, 0, 0, 0, 0, 0, 0, 0], [1, 0, 0, 0, 0, 0, 0, 0, 0, 0], [1, 0, 0, 0, 0, 0, 0, 0, 0, 0], [1, 0, 0, 0, 0, 0, 0, 0, 0, 0], [0, 0, 0, 0, 0, 0, 0, 0, 0, 0], [0, 0, 0, 0, 0, 0, 0, 0, 0, 0], [0, 0, 0, 0, 0, 0, 0, 0, 0, 0], [1, 0, 0, 0, 0, 0, 0, 0, 0, 0]]","['Endothelial', 'Fibroblast', 'Glandular', 'Immune_cell', 'Keratinocyte', 'Lymphatic_endothelial', 'Melanocytes', 'Neural_cell', 'Unknown', 'muscle_fiber']",
cell_type,leave_source_out_scrna_pseudobulk_GSE163973_NF1,shared_genes,stratified_random,40,7,"{'Endothelial': 5, 'Fibroblast': 5, 'Keratinocyte': 5, 'muscle_fiber': 5, 'Lymphatic_endothelial': 5, 'Immune_cell': 5, 'Neural_cell': 3, 'Glandular': 3, 'Unknown': 2, 'Melanocytes': 2}","{'Lymphatic_endothelial': 1, 'Endothelial': 1, 'Fibroblast': 1, 'Glandular': 1, 'muscle_fiber': 1, 'Immune_cell': 1, 'Keratinocyte': 1}",0.2857142857142857,0.23809523809523808,0.2857142857142857,0.16666666666666666,,"[[1, 0, 0, 0, 0, 0, 0, 0, 0, 0], [0, 0, 0, 0, 0, 0, 0, 0, 1, 0], [0, 0, 0, 0, 0, 0, 1, 0, 0, 0], [0, 0, 0, 1, 0, 0, 0, 0, 0, 0], [0, 0, 0, 0, 0, 0, 0, 1, 0, 0], [0, 0, 0, 1, 0, 0, 0, 0, 0, 0], [0, 0, 0, 0, 0, 0, 0, 0, 0, 0], [0, 0, 0, 0, 0, 0, 0, 0, 0, 0], [0, 0, 0, 0, 0, 0, 0, 0, 0, 0], [0, 0, 1, 0, 0, 0, 0, 0, 0, 0]]","['Endothelial', 'Fibroblast', 'Glandular', 'Immune_cell', 'Keratinocyte', 'Lymphatic_endothelial', 'Melanocytes', 'Neural_cell', 'Unknown', 'muscle_fiber']",
cell_type,leave_source_out_scrna_pseudobulk_GSE163973_NF1,shared_genes,elastic_net_logreg,40,7,"{'Endothelial': 5, 'Fibroblast': 5, 'Keratinocyte': 5, 'muscle_fiber': 5, 'Lymphatic_endothelial': 5, 'Immune_cell': 5, 'Neural_cell': 3, 'Glandular': 3, 'Unknown': 2, 'Melanocytes': 2}","{'Lymphatic_endothelial': 1, 'Endothelial': 1, 'Fibroblast': 1, 'Glandular': 1, 'muscle_fiber': 1, 'Immune_cell': 1, 'Keratinocyte': 1}",1.0,1.0,1.0,1.0,,"[[1, 0, 0, 0, 0, 0, 0, 0, 0, 0], [0, 1, 0, 0, 0, 0, 0, 0, 0, 0], [0, 0, 1, 0, 0, 0, 0, 0, 0, 0], [0, 0, 0, 1, 0, 0, 0, 0, 0, 0], [0, 0, 0, 0, 1, 0, 0, 0, 0, 0], [0, 0, 0, 0, 0, 1, 0, 0, 0, 0], [0, 0, 0, 0, 0, 0, 0, 0, 0, 0], [0, 0, 0, 0, 0, 0, 0, 0, 0, 0], [0, 0, 0, 0, 0, 0, 0, 0, 0, 0], [0, 0, 0, 0, 0, 0, 0, 0, 0, 1]]","['Endothelial', 'Fibroblast', 'Glandular', 'Immune_cell', 'Keratinocyte', 'Lymphatic_endothelial', 'Melanocytes', 'Neural_cell', 'Unknown', 'muscle_fiber']",
cell_type,leave_source_out_scrna_pseudobulk_GSE163973_NF1,shared_genes,linear_svm,40,7,"{'Endothelial': 5, 'Fibroblast': 5, 'Keratinocyte': 5, 'muscle_fiber': 5, 'Lymphatic_endothelial': 5, 'Immune_cell': 5, 'Neural_cell': 3, 'Glandular': 3, 'Unknown': 2, 'Melanocytes': 2}","{'Lymphatic_endothelial': 1, 'Endothelial': 1, 'Fibroblast': 1, 'Glandular': 1, 'muscle_fiber': 1, 'Immune_cell': 1, 'Keratinocyte': 1}",1.0,1.0,1.0,1.0,,"[[1, 0, 0, 0, 0, 0, 0, 0, 0, 0], [0, 1, 0, 0, 0, 0, 0, 0, 0, 0], [0, 0, 1, 0, 0, 0, 0, 0, 0, 0], [0, 0, 0, 1, 0, 0, 0, 0, 0, 0], [0, 0, 0, 0, 1, 0, 0, 0, 0, 0], [0, 0, 0, 0, 0, 1, 0, 0, 0, 0], [0, 0, 0, 0, 0, 0, 0, 0, 0, 0], [0, 0, 0, 0, 0, 0, 0, 0, 0, 0], [0, 0, 0, 0, 0, 0, 0, 0, 0, 0], [0, 0, 0, 0, 0, 0, 0, 0, 0, 1]]","['Endothelial', 'Fibroblast', 'Glandular', 'Immune_cell', 'Keratinocyte', 'Lymphatic_endothelial', 'Melanocytes', 'Neural_cell', 'Unknown', 'muscle_fiber']",
cell_type,leave_source_out_scrna_pseudobulk_GSE163973_NF1,shared_genes,random_forest,40,7,"{'Endothelial': 5, 'Fibroblast': 5, 'Keratinocyte': 5, 'muscle_fiber': 5, 'Lymphatic_endothelial': 5, 'Immune_cell': 5, 'Neural_cell': 3, 'Glandular': 3, 'Unknown': 2, 'Melanocytes': 2}","{'Lymphatic_endothelial': 1, 'Endothelial': 1, 'Fibroblast': 1, 'Glandular': 1, 'muscle_fiber': 1, 'Immune_cell': 1, 'Keratinocyte': 1}",1.0,1.0,1.0,1.0,,"[[1, 0, 0, 0, 0, 0, 0, 0, 0, 0], [0, 1, 0, 0, 0, 0, 0, 0, 0, 0], [0, 0, 1, 0, 0, 0, 0, 0, 0, 0], [0, 0, 0, 1, 0, 0, 0, 0, 0, 0], [0, 0, 0, 0, 1, 0, 0, 0, 0, 0], [0, 0, 0, 0, 0, 1, 0, 0, 0, 0], [0, 0, 0, 0, 0, 0, 0, 0, 0, 0], [0, 0, 0, 0, 0, 0, 0, 0, 0, 0], [0, 0, 0, 0, 0, 0, 0, 0, 0, 0], [0, 0, 0, 0, 0, 0, 0, 0, 0, 1]]","['Endothelial', 'Fibroblast', 'Glandular', 'Immune_cell', 'Keratinocyte', 'Lymphatic_endothelial', 'Melanocytes', 'Neural_cell', 'Unknown', 'muscle_fiber']",
cell_type,leave_source_out_scrna_pseudobulk_GSE163973_NF1,shared_genes,hist_gradient_boosting,40,7,"{'Endothelial': 5, 'Fibroblast': 5, 'Keratinocyte': 5, 'muscle_fiber': 5, 'Lymphatic_endothelial': 5, 'Immune_cell': 5, 'Neural_cell': 3, 'Glandular': 3, 'Unknown': 2, 'Melanocytes': 2}","{'Lymphatic_endothelial': 1, 'Endothelial': 1, 'Fibroblast': 1, 'Glandular': 1, 'muscle_fiber': 1, 'Immune_cell': 1, 'Keratinocyte': 1}",1.0,1.0,1.0,1.0,,"[[1, 0, 0, 0, 0, 0, 0, 0, 0, 0], [0, 1, 0, 0, 0, 0, 0, 0, 0, 0], [0, 0, 1, 0, 0, 0, 0, 0, 0, 0], [0, 0, 0, 1, 0, 0, 0, 0, 0, 0], [0, 0, 0, 0, 1, 0, 0, 0, 0, 0], [0, 0, 0, 0, 0, 1, 0, 0, 0, 0], [0, 0, 0, 0, 0, 0, 0, 0, 0, 0], [0, 0, 0, 0, 0, 0, 0, 0, 0, 0], [0, 0, 0, 0, 0, 0, 0, 0, 0, 0], [0, 0, 0, 0, 0, 0, 0, 0, 0, 1]]","['Endothelial', 'Fibroblast', 'Glandular', 'Immune_cell', 'Keratinocyte', 'Lymphatic_endothelial', 'Melanocytes', 'Neural_cell', 'Unknown', 'muscle_fiber']",
cell_type,leave_source_out_scrna_pseudobulk_GSE163973_NF1,shared_genes,knn,40,7,"{'Endothelial': 5, 'Fibroblast': 5, 'Keratinocyte': 5, 'muscle_fiber': 5, 'Lymphatic_endothelial': 5, 'Immune_cell': 5, 'Neural_cell': 3, 'Glandular': 3, 'Unknown': 2, 'Melanocytes': 2}","{'Lymphatic_endothelial': 1, 'Endothelial': 1, 'Fibroblast': 1, 'Glandular': 1, 'muscle_fiber': 1, 'Immune_cell': 1, 'Keratinocyte': 1}",0.8571428571428571,0.8095238095238094,0.8571428571428571,0.8095238095238094,,"[[1, 0, 0, 0, 0, 0, 0, 0, 0, 0], [0, 1, 0, 0, 0, 0, 0, 0, 0, 0], [1, 0, 0, 0, 0, 0, 0, 0, 0, 0], [0, 0, 0, 1, 0, 0, 0, 0, 0, 0], [0, 0, 0, 0, 1, 0, 0, 0, 0, 0], [0, 0, 0, 0, 0, 1, 0, 0, 0, 0], [0, 0, 0, 0, 0, 0, 0, 0, 0, 0], [0, 0, 0, 0, 0, 0, 0, 0, 0, 0], [0, 0, 0, 0, 0, 0, 0, 0, 0, 0], [0, 0, 0, 0, 0, 0, 0, 0, 0, 1]]","['Endothelial', 'Fibroblast', 'Glandular', 'Immune_cell', 'Keratinocyte', 'Lymphatic_endothelial', 'Melanocytes', 'Neural_cell', 'Unknown', 'muscle_fiber']",
cell_type,leave_source_out_scrna_pseudobulk_GSE163973_NF1,modules_only,majority,40,7,"{'Endothelial': 5, 'Fibroblast': 5, 'Keratinocyte': 5, 'muscle_fiber': 5, 'Lymphatic_endothelial': 5, 'Immune_cell': 5, 'Neural_cell': 3, 'Glandular': 3, 'Unknown': 2, 'Melanocytes': 2}","{'Lymphatic_endothelial': 1, 'Endothelial': 1, 'Fibroblast': 1, 'Glandular': 1, 'muscle_fiber': 1, 'Immune_cell': 1, 'Keratinocyte': 1}",0.14285714285714285,0.03571428571428571,0.14285714285714285,0.03571428571428571,,"[[1, 0, 0, 0, 0, 0, 0, 0, 0, 0], [1, 0, 0, 0, 0, 0, 0, 0, 0, 0], [1, 0, 0, 0, 0, 0, 0, 0, 0, 0], [1, 0, 0, 0, 0, 0, 0, 0, 0, 0], [1, 0, 0, 0, 0, 0, 0, 0, 0, 0], [1, 0, 0, 0, 0, 0, 0, 0, 0, 0], [0, 0, 0, 0, 0, 0, 0, 0, 0, 0], [0, 0, 0, 0, 0, 0, 0, 0, 0, 0], [0, 0, 0, 0, 0, 0, 0, 0, 0, 0], [1, 0, 0, 0, 0, 0, 0, 0, 0, 0]]","['Endothelial', 'Fibroblast', 'Glandular', 'Immune_cell', 'Keratinocyte', 'Lymphatic_endothelial', 'Melanocytes', 'Neural_cell', 'Unknown', 'muscle_fiber']",
cell_type,leave_source_out_scrna_pseudobulk_GSE163973_NF1,modules_only,stratified_random,40,7,"{'Endothelial': 5, 'Fibroblast': 5, 'Keratinocyte': 5, 'muscle_fiber': 5, 'Lymphatic_endothelial': 5, 'Immune_cell': 5, 'Neural_cell': 3, 'Glandular': 3, 'Unknown': 2, 'Melanocytes': 2}","{'Lymphatic_endothelial': 1, 'Endothelial': 1, 'Fibroblast': 1, 'Glandular': 1, 'muscle_fiber': 1, 'Immune_cell': 1, 'Keratinocyte': 1}",0.2857142857142857,0.23809523809523808,0.2857142857142857,0.16666666666666666,,"[[1, 0, 0, 0, 0, 0, 0, 0, 0, 0], [0, 0, 0, 0, 0, 0, 0, 0, 1, 0], [0, 0, 0, 0, 0, 0, 1, 0, 0, 0], [0, 0, 0, 1, 0, 0, 0, 0, 0, 0], [0, 0, 0, 0, 0, 0, 0, 1, 0, 0], [0, 0, 0, 1, 0, 0, 0, 0, 0, 0], [0, 0, 0, 0, 0, 0, 0, 0, 0, 0], [0, 0, 0, 0, 0, 0, 0, 0, 0, 0], [0, 0, 0, 0, 0, 0, 0, 0, 0, 0], [0, 0, 1, 0, 0, 0, 0, 0, 0, 0]]","['Endothelial', 'Fibroblast', 'Glandular', 'Immune_cell', 'Keratinocyte', 'Lymphatic_endothelial', 'Melanocytes', 'Neural_cell', 'Unknown', 'muscle_fiber']",
cell_type,leave_source_out_scrna_pseudobulk_GSE163973_NF1,modules_only,elastic_net_logreg,40,7,"{'Endothelial': 5, 'Fibroblast': 5, 'Keratinocyte': 5, 'muscle_fiber': 5, 'Lymphatic_endothelial': 5, 'Immune_cell': 5, 'Neural_cell': 3, 'Glandular': 3, 'Unknown': 2, 'Melanocytes': 2}","{'Lymphatic_endothelial': 1, 'Endothelial': 1, 'Fibroblast': 1, 'Glandular': 1, 'muscle_fiber': 1, 'Immune_cell': 1, 'Keratinocyte': 1}",0.7142857142857143,0.6666666666666666,0.7142857142857143,0.5833333333333333,,"[[1, 0, 0, 0, 0, 0, 0, 0, 0, 0], [0, 1, 0, 0, 0, 0, 0, 0, 0, 0], [1, 0, 0, 0, 0, 0, 0, 0, 0, 0], [0, 0, 0, 0, 0, 0, 1, 0, 0, 0], [0, 0, 0, 0, 1, 0, 0, 0, 0, 0], [0, 0, 0, 0, 0, 1, 0, 0, 0, 0], [0, 0, 0, 0, 0, 0, 0, 0, 0, 0], [0, 0, 0, 0, 0, 0, 0, 0, 0, 0], [0, 0, 0, 0, 0, 0, 0, 0, 0, 0], [0, 0, 0, 0, 0, 0, 0, 0, 0, 1]]","['Endothelial', 'Fibroblast', 'Glandular', 'Immune_cell', 'Keratinocyte', 'Lymphatic_endothelial', 'Melanocytes', 'Neural_cell', 'Unknown', 'muscle_fiber']",
cell_type,leave_source_out_scrna_pseudobulk_GSE163973_NF1,modules_only,linear_svm,40,7,"{'Endothelial': 5, 'Fibroblast': 5, 'Keratinocyte': 5, 'muscle_fiber': 5, 'Lymphatic_endothelial': 5, 'Immune_cell': 5, 'Neural_cell': 3, 'Glandular': 3, 'Unknown': 2, 'Melanocytes': 2}","{'Lymphatic_endothelial': 1, 'Endothelial': 1, 'Fibroblast': 1, 'Glandular': 1, 'muscle_fiber': 1, 'Immune_cell': 1, 'Keratinocyte': 1}",0.5714285714285714,0.47619047619047616,0.5714285714285714,0.41666666666666663,,"[[1, 0, 0, 0, 0, 0, 0, 0, 0, 0], [0, 0, 0, 0, 0, 0, 1, 0, 0, 0], [1, 0, 0, 0, 0, 0, 0, 0, 0, 0], [0, 0, 0, 0, 0, 1, 0, 0, 0, 0], [0, 0, 0, 0, 1, 0, 0, 0, 0, 0], [0, 0, 0, 0, 0, 1, 0, 0, 0, 0], [0, 0, 0, 0, 0, 0, 0, 0, 0, 0], [0, 0, 0, 0, 0, 0, 0, 0, 0, 0], [0, 0, 0, 0, 0, 0, 0, 0, 0, 0], [0, 0, 0, 0, 0, 0, 0, 0, 0, 1]]","['Endothelial', 'Fibroblast', 'Glandular', 'Immune_cell', 'Keratinocyte', 'Lymphatic_endothelial', 'Melanocytes', 'Neural_cell', 'Unknown', 'muscle_fiber']",
cell_type,leave_source_out_scrna_pseudobulk_GSE163973_NF1,modules_only,random_forest,40,7,"{'Endothelial': 5, 'Fibroblast': 5, 'Keratinocyte': 5, 'muscle_fiber': 5, 'Lymphatic_endothelial': 5, 'Immune_cell': 5, 'Neural_cell': 3, 'Glandular': 3, 'Unknown': 2, 'Melanocytes': 2}","{'Lymphatic_endothelial': 1, 'Endothelial': 1, 'Fibroblast': 1, 'Glandular': 1, 'muscle_fiber': 1, 'Immune_cell': 1, 'Keratinocyte': 1}",0.8571428571428571,0.8095238095238094,0.8571428571428571,0.8095238095238094,,"[[1, 0, 0, 0, 0, 0, 0, 0, 0, 0], [0, 1, 0, 0, 0, 0, 0, 0, 0, 0], [1, 0, 0, 0, 0, 0, 0, 0, 0, 0], [0, 0, 0, 1, 0, 0, 0, 0, 0, 0], [0, 0, 0, 0, 1, 0, 0, 0, 0, 0], [0, 0, 0, 0, 0, 1, 0, 0, 0, 0], [0, 0, 0, 0, 0, 0, 0, 0, 0, 0], [0, 0, 0, 0, 0, 0, 0, 0, 0, 0], [0, 0, 0, 0, 0, 0, 0, 0, 0, 0], [0, 0, 0, 0, 0, 0, 0, 0, 0, 1]]","['Endothelial', 'Fibroblast', 'Glandular', 'Immune_cell', 'Keratinocyte', 'Lymphatic_endothelial', 'Melanocytes', 'Neural_cell', 'Unknown', 'muscle_fiber']",
cell_type,leave_source_out_scrna_pseudobulk_GSE163973_NF1,modules_only,hist_gradient_boosting,40,7,"{'Endothelial': 5, 'Fibroblast': 5, 'Keratinocyte': 5, 'muscle_fiber': 5, 'Lymphatic_endothelial': 5, 'Immune_cell': 5, 'Neural_cell': 3, 'Glandular': 3, 'Unknown': 2, 'Melanocytes': 2}","{'Lymphatic_endothelial': 1, 'Endothelial': 1, 'Fibroblast': 1, 'Glandular': 1, 'muscle_fiber': 1, 'Immune_cell': 1, 'Keratinocyte': 1}",0.14285714285714285,0.09523809523809523,0.14285714285714285,0.08333333333333333,,"[[0, 0, 0, 0, 0, 0, 0, 0, 0, 1], [0, 0, 0, 0, 0, 1, 0, 0, 0, 0], [0, 0, 0, 0, 0, 0, 0, 0, 1, 0], [0, 0, 1, 0, 0, 0, 0, 0, 0, 0], [0, 0, 0, 1, 0, 0, 0, 0, 0, 0], [0, 0, 0, 0, 0, 1, 0, 0, 0, 0], [0, 0, 0, 0, 0, 0, 0, 0, 0, 0], [0, 0, 0, 0, 0, 0, 0, 0, 0, 0], [0, 0, 0, 0, 0, 0, 0, 0, 0, 0], [0, 0, 0, 0, 0, 0, 0, 0, 1, 0]]","['Endothelial', 'Fibroblast', 'Glandular', 'Immune_cell', 'Keratinocyte', 'Lymphatic_endothelial', 'Melanocytes', 'Neural_cell', 'Unknown', 'muscle_fiber']",
cell_type,leave_source_out_scrna_pseudobulk_GSE163973_NF1,modules_only,knn,40,7,"{'Endothelial': 5, 'Fibroblast': 5, 'Keratinocyte': 5, 'muscle_fiber': 5, 'Lymphatic_endothelial': 5, 'Immune_cell': 5, 'Neural_cell': 3, 'Glandular': 3, 'Unknown': 2, 'Melanocytes': 2}","{'Lymphatic_endothelial': 1, 'Endothelial': 1, 'Fibroblast': 1, 'Glandular': 1, 'muscle_fiber': 1, 'Immune_cell': 1, 'Keratinocyte': 1}",0.7142857142857143,0.6666666666666666,0.7142857142857143,0.6666666666666666,,"[[1, 0, 0, 0, 0, 0, 0, 0, 0, 0], [0, 1, 0, 0, 0, 0, 0, 0, 0, 0], [1, 0, 0, 0, 0, 0, 0, 0, 0, 0], [0, 0, 1, 0, 0, 0, 0, 0, 0, 0], [0, 0, 0, 0, 1, 0, 0, 0, 0, 0], [0, 0, 0, 0, 0, 1, 0, 0, 0, 0], [0, 0, 0, 0, 0, 0, 0, 0, 0, 0], [0, 0, 0, 0, 0, 0, 0, 0, 0, 0], [0, 0, 0, 0, 0, 0, 0, 0, 0, 0], [0, 0, 0, 0, 0, 0, 0, 0, 0, 1]]","['Endothelial', 'Fibroblast', 'Glandular', 'Immune_cell', 'Keratinocyte', 'Lymphatic_endothelial', 'Melanocytes', 'Neural_cell', 'Unknown', 'muscle_fiber']",
cell_type,leave_source_out_scrna_pseudobulk_GSE163973_NF1,modules_only,small_mlp,40,7,"{'Endothelial': 5, 'Fibroblast': 5, 'Keratinocyte': 5, 'muscle_fiber': 5, 'Lymphatic_endothelial': 5, 'Immune_cell': 5, 'Neural_cell': 3, 'Glandular': 3, 'Unknown': 2, 'Melanocytes': 2}","{'Lymphatic_endothelial': 1, 'Endothelial': 1, 'Fibroblast': 1, 'Glandular': 1, 'muscle_fiber': 1, 'Immune_cell': 1, 'Keratinocyte': 1}",0.14285714285714285,0.14285714285714285,0.14285714285714285,0.125,,"[[0, 0, 0, 0, 0, 0, 1, 0, 0, 0], [0, 0, 0, 0, 0, 0, 1, 0, 0, 0], [0, 0, 0, 0, 0, 0, 1, 0, 0, 0], [0, 0, 1, 0, 0, 0, 0, 0, 0, 0], [0, 0, 0, 0, 1, 0, 0, 0, 0, 0], [0, 0, 0, 0, 0, 0, 1, 0, 0, 0], [0, 0, 0, 0, 0, 0, 0, 0, 0, 0], [0, 0, 0, 0, 0, 0, 0, 0, 0, 0], [0, 0, 0, 0, 0, 0, 0, 0, 0, 0], [0, 0, 0, 0, 0, 1, 0, 0, 0, 0]]","['Endothelial', 'Fibroblast', 'Glandular', 'Immune_cell', 'Keratinocyte', 'Lymphatic_endothelial', 'Melanocytes', 'Neural_cell', 'Unknown', 'muscle_fiber']",
cell_type,leave_source_out_scrna_pseudobulk_GSE163973_NF2,shared_genes_plus_modules,majority,39,8,"{'Endothelial': 5, 'Fibroblast': 5, 'Keratinocyte': 5, 'muscle_fiber': 5, 'Lymphatic_endothelial': 5, 'Immune_cell': 5, 'Neural_cell': 3, 'Glandular': 3, 'Unknown': 2, 'Melanocytes': 1}","{'Fibroblast': 1, 'Keratinocyte': 1, 'Endothelial': 1, 'muscle_fiber': 1, 'Lymphatic_endothelial': 1, 'Glandular': 1, 'Melanocytes': 1, 'Immune_cell': 1}",0.125,0.027777777777777776,0.125,0.027777777777777776,,"[[1, 0, 0, 0, 0, 0, 0, 0, 0, 0], [1, 0, 0, 0, 0, 0, 0, 0, 0, 0], [1, 0, 0, 0, 0, 0, 0, 0, 0, 0], [1, 0, 0, 0, 0, 0, 0, 0, 0, 0], [1, 0, 0, 0, 0, 0, 0, 0, 0, 0], [1, 0, 0, 0, 0, 0, 0, 0, 0, 0], [1, 0, 0, 0, 0, 0, 0, 0, 0, 0], [0, 0, 0, 0, 0, 0, 0, 0, 0, 0], [0, 0, 0, 0, 0, 0, 0, 0, 0, 0], [1, 0, 0, 0, 0, 0, 0, 0, 0, 0]]","['Endothelial', 'Fibroblast', 'Glandular', 'Immune_cell', 'Keratinocyte', 'Lymphatic_endothelial', 'Melanocytes', 'Neural_cell', 'Unknown', 'muscle_fiber']",
cell_type,leave_source_out_scrna_pseudobulk_GSE163973_NF2,shared_genes_plus_modules,stratified_random,39,8,"{'Endothelial': 5, 'Fibroblast': 5, 'Keratinocyte': 5, 'muscle_fiber': 5, 'Lymphatic_endothelial': 5, 'Immune_cell': 5, 'Neural_cell': 3, 'Glandular': 3, 'Unknown': 2, 'Melanocytes': 1}","{'Fibroblast': 1, 'Keratinocyte': 1, 'Endothelial': 1, 'muscle_fiber': 1, 'Lymphatic_endothelial': 1, 'Glandular': 1, 'Melanocytes': 1, 'Immune_cell': 1}",0.0,0.0,0.0,0.0,,"[[0, 0, 0, 0, 0, 0, 0, 0, 1, 0], [0, 0, 0, 1, 0, 0, 0, 0, 0, 0], [0, 0, 0, 1, 0, 0, 0, 0, 0, 0], [0, 0, 0, 0, 0, 1, 0, 0, 0, 0], [1, 0, 0, 0, 0, 0, 0, 0, 0, 0], [0, 0, 1, 0, 0, 0, 0, 0, 0, 0], [0, 0, 0, 0, 0, 0, 0, 1, 0, 0], [0, 0, 0, 0, 0, 0, 0, 0, 0, 0], [0, 0, 0, 0, 0, 0, 0, 0, 0, 0], [0, 0, 0, 0, 0, 0, 1, 0, 0, 0]]","['Endothelial', 'Fibroblast', 'Glandular', 'Immune_cell', 'Keratinocyte', 'Lymphatic_endothelial', 'Melanocytes', 'Neural_cell', 'Unknown', 'muscle_fiber']",
cell_type,leave_source_out_scrna_pseudobulk_GSE163973_NF2,shared_genes_plus_modules,elastic_net_logreg,39,8,"{'Endothelial': 5, 'Fibroblast': 5, 'Keratinocyte': 5, 'muscle_fiber': 5, 'Lymphatic_endothelial': 5, 'Immune_cell': 5, 'Neural_cell': 3, 'Glandular': 3, 'Unknown': 2, 'Melanocytes': 1}","{'Fibroblast': 1, 'Keratinocyte': 1, 'Endothelial': 1, 'muscle_fiber': 1, 'Lymphatic_endothelial': 1, 'Glandular': 1, 'Melanocytes': 1, 'Immune_cell': 1}",1.0,1.0,1.0,1.0,,"[[1, 0, 0, 0, 0, 0, 0, 0, 0, 0], [0, 1, 0, 0, 0, 0, 0, 0, 0, 0], [0, 0, 1, 0, 0, 0, 0, 0, 0, 0], [0, 0, 0, 1, 0, 0, 0, 0, 0, 0], [0, 0, 0, 0, 1, 0, 0, 0, 0, 0], [0, 0, 0, 0, 0, 1, 0, 0, 0, 0], [0, 0, 0, 0, 0, 0, 1, 0, 0, 0], [0, 0, 0, 0, 0, 0, 0, 0, 0, 0], [0, 0, 0, 0, 0, 0, 0, 0, 0, 0], [0, 0, 0, 0, 0, 0, 0, 0, 0, 1]]","['Endothelial', 'Fibroblast', 'Glandular', 'Immune_cell', 'Keratinocyte', 'Lymphatic_endothelial', 'Melanocytes', 'Neural_cell', 'Unknown', 'muscle_fiber']",
cell_type,leave_source_out_scrna_pseudobulk_GSE163973_NF2,shared_genes_plus_modules,linear_svm,39,8,"{'Endothelial': 5, 'Fibroblast': 5, 'Keratinocyte': 5, 'muscle_fiber': 5, 'Lymphatic_endothelial': 5, 'Immune_cell': 5, 'Neural_cell': 3, 'Glandular': 3, 'Unknown': 2, 'Melanocytes': 1}","{'Fibroblast': 1, 'Keratinocyte': 1, 'Endothelial': 1, 'muscle_fiber': 1, 'Lymphatic_endothelial': 1, 'Glandular': 1, 'Melanocytes': 1, 'Immune_cell': 1}",1.0,1.0,1.0,1.0,,"[[1, 0, 0, 0, 0, 0, 0, 0, 0, 0], [0, 1, 0, 0, 0, 0, 0, 0, 0, 0], [0, 0, 1, 0, 0, 0, 0, 0, 0, 0], [0, 0, 0, 1, 0, 0, 0, 0, 0, 0], [0, 0, 0, 0, 1, 0, 0, 0, 0, 0], [0, 0, 0, 0, 0, 1, 0, 0, 0, 0], [0, 0, 0, 0, 0, 0, 1, 0, 0, 0], [0, 0, 0, 0, 0, 0, 0, 0, 0, 0], [0, 0, 0, 0, 0, 0, 0, 0, 0, 0], [0, 0, 0, 0, 0, 0, 0, 0, 0, 1]]","['Endothelial', 'Fibroblast', 'Glandular', 'Immune_cell', 'Keratinocyte', 'Lymphatic_endothelial', 'Melanocytes', 'Neural_cell', 'Unknown', 'muscle_fiber']",
cell_type,leave_source_out_scrna_pseudobulk_GSE163973_NF2,shared_genes_plus_modules,random_forest,39,8,"{'Endothelial': 5, 'Fibroblast': 5, 'Keratinocyte': 5, 'muscle_fiber': 5, 'Lymphatic_endothelial': 5, 'Immune_cell': 5, 'Neural_cell': 3, 'Glandular': 3, 'Unknown': 2, 'Melanocytes': 1}","{'Fibroblast': 1, 'Keratinocyte': 1, 'Endothelial': 1, 'muscle_fiber': 1, 'Lymphatic_endothelial': 1, 'Glandular': 1, 'Melanocytes': 1, 'Immune_cell': 1}",1.0,1.0,1.0,1.0,,"[[1, 0, 0, 0, 0, 0, 0, 0, 0, 0], [0, 1, 0, 0, 0, 0, 0, 0, 0, 0], [0, 0, 1, 0, 0, 0, 0, 0, 0, 0], [0, 0, 0, 1, 0, 0, 0, 0, 0, 0], [0, 0, 0, 0, 1, 0, 0, 0, 0, 0], [0, 0, 0, 0, 0, 1, 0, 0, 0, 0], [0, 0, 0, 0, 0, 0, 1, 0, 0, 0], [0, 0, 0, 0, 0, 0, 0, 0, 0, 0], [0, 0, 0, 0, 0, 0, 0, 0, 0, 0], [0, 0, 0, 0, 0, 0, 0, 0, 0, 1]]","['Endothelial', 'Fibroblast', 'Glandular', 'Immune_cell', 'Keratinocyte', 'Lymphatic_endothelial', 'Melanocytes', 'Neural_cell', 'Unknown', 'muscle_fiber']",
cell_type,leave_source_out_scrna_pseudobulk_GSE163973_NF2,shared_genes_plus_modules,hist_gradient_boosting,39,8,"{'Endothelial': 5, 'Fibroblast': 5, 'Keratinocyte': 5, 'muscle_fiber': 5, 'Lymphatic_endothelial': 5, 'Immune_cell': 5, 'Neural_cell': 3, 'Glandular': 3, 'Unknown': 2, 'Melanocytes': 1}","{'Fibroblast': 1, 'Keratinocyte': 1, 'Endothelial': 1, 'muscle_fiber': 1, 'Lymphatic_endothelial': 1, 'Glandular': 1, 'Melanocytes': 1, 'Immune_cell': 1}",0.125,0.027777777777777776,0.125,0.027777777777777776,,"[[1, 0, 0, 0, 0, 0, 0, 0, 0, 0], [1, 0, 0, 0, 0, 0, 0, 0, 0, 0], [1, 0, 0, 0, 0, 0, 0, 0, 0, 0], [1, 0, 0, 0, 0, 0, 0, 0, 0, 0], [1, 0, 0, 0, 0, 0, 0, 0, 0, 0], [1, 0, 0, 0, 0, 0, 0, 0, 0, 0], [1, 0, 0, 0, 0, 0, 0, 0, 0, 0], [0, 0, 0, 0, 0, 0, 0, 0, 0, 0], [0, 0, 0, 0, 0, 0, 0, 0, 0, 0], [1, 0, 0, 0, 0, 0, 0, 0, 0, 0]]","['Endothelial', 'Fibroblast', 'Glandular', 'Immune_cell', 'Keratinocyte', 'Lymphatic_endothelial', 'Melanocytes', 'Neural_cell', 'Unknown', 'muscle_fiber']",
cell_type,leave_source_out_scrna_pseudobulk_GSE163973_NF2,shared_genes_plus_modules,knn,39,8,"{'Endothelial': 5, 'Fibroblast': 5, 'Keratinocyte': 5, 'muscle_fiber': 5, 'Lymphatic_endothelial': 5, 'Immune_cell': 5, 'Neural_cell': 3, 'Glandular': 3, 'Unknown': 2, 'Melanocytes': 1}","{'Fibroblast': 1, 'Keratinocyte': 1, 'Endothelial': 1, 'muscle_fiber': 1, 'Lymphatic_endothelial': 1, 'Glandular': 1, 'Melanocytes': 1, 'Immune_cell': 1}",0.75,0.6666666666666666,0.75,0.6666666666666666,,"[[1, 0, 0, 0, 0, 0, 0, 0, 0, 0], [0, 1, 0, 0, 0, 0, 0, 0, 0, 0], [0, 0, 0, 0, 1, 0, 0, 0, 0, 0], [0, 0, 0, 1, 0, 0, 0, 0, 0, 0], [0, 0, 0, 0, 1, 0, 0, 0, 0, 0], [0, 0, 0, 0, 0, 1, 0, 0, 0, 0], [0, 1, 0, 0, 0, 0, 0, 0, 0, 0], [0, 0, 0, 0, 0, 0, 0, 0, 0, 0], [0, 0, 0, 0, 0, 0, 0, 0, 0, 0], [0, 0, 0, 0, 0, 0, 0, 0, 0, 1]]","['Endothelial', 'Fibroblast', 'Glandular', 'Immune_cell', 'Keratinocyte', 'Lymphatic_endothelial', 'Melanocytes', 'Neural_cell', 'Unknown', 'muscle_fiber']",
cell_type,leave_source_out_scrna_pseudobulk_GSE163973_NF2,shared_genes_plus_modules,small_mlp,39,8,"{'Endothelial': 5, 'Fibroblast': 5, 'Keratinocyte': 5, 'muscle_fiber': 5, 'Lymphatic_endothelial': 5, 'Immune_cell': 5, 'Neural_cell': 3, 'Glandular': 3, 'Unknown': 2, 'Melanocytes': 1}","{'Fibroblast': 1, 'Keratinocyte': 1, 'Endothelial': 1, 'muscle_fiber': 1, 'Lymphatic_endothelial': 1, 'Glandular': 1, 'Melanocytes': 1, 'Immune_cell': 1}",0.875,0.8333333333333333,0.875,0.8333333333333333,,"[[1, 0, 0, 0, 0, 0, 0, 0, 0, 0], [0, 1, 0, 0, 0, 0, 0, 0, 0, 0], [1, 0, 0, 0, 0, 0, 0, 0, 0, 0], [0, 0, 0, 1, 0, 0, 0, 0, 0, 0], [0, 0, 0, 0, 1, 0, 0, 0, 0, 0], [0, 0, 0, 0, 0, 1, 0, 0, 0, 0], [0, 0, 0, 0, 0, 0, 1, 0, 0, 0], [0, 0, 0, 0, 0, 0, 0, 0, 0, 0], [0, 0, 0, 0, 0, 0, 0, 0, 0, 0], [0, 0, 0, 0, 0, 0, 0, 0, 0, 1]]","['Endothelial', 'Fibroblast', 'Glandular', 'Immune_cell', 'Keratinocyte', 'Lymphatic_endothelial', 'Melanocytes', 'Neural_cell', 'Unknown', 'muscle_fiber']",
cell_type,leave_source_out_scrna_pseudobulk_GSE163973_NF2,shared_genes,majority,39,8,"{'Endothelial': 5, 'Fibroblast': 5, 'Keratinocyte': 5, 'muscle_fiber': 5, 'Lymphatic_endothelial': 5, 'Immune_cell': 5, 'Neural_cell': 3, 'Glandular': 3, 'Unknown': 2, 'Melanocytes': 1}","{'Fibroblast': 1, 'Keratinocyte': 1, 'Endothelial': 1, 'muscle_fiber': 1, 'Lymphatic_endothelial': 1, 'Glandular': 1, 'Melanocytes': 1, 'Immune_cell': 1}",0.125,0.027777777777777776,0.125,0.027777777777777776,,"[[1, 0, 0, 0, 0, 0, 0, 0, 0, 0], [1, 0, 0, 0, 0, 0, 0, 0, 0, 0], [1, 0, 0, 0, 0, 0, 0, 0, 0, 0], [1, 0, 0, 0, 0, 0, 0, 0, 0, 0], [1, 0, 0, 0, 0, 0, 0, 0, 0, 0], [1, 0, 0, 0, 0, 0, 0, 0, 0, 0], [1, 0, 0, 0, 0, 0, 0, 0, 0, 0], [0, 0, 0, 0, 0, 0, 0, 0, 0, 0], [0, 0, 0, 0, 0, 0, 0, 0, 0, 0], [1, 0, 0, 0, 0, 0, 0, 0, 0, 0]]","['Endothelial', 'Fibroblast', 'Glandular', 'Immune_cell', 'Keratinocyte', 'Lymphatic_endothelial', 'Melanocytes', 'Neural_cell', 'Unknown', 'muscle_fiber']",
cell_type,leave_source_out_scrna_pseudobulk_GSE163973_NF2,shared_genes,stratified_random,39,8,"{'Endothelial': 5, 'Fibroblast': 5, 'Keratinocyte': 5, 'muscle_fiber': 5, 'Lymphatic_endothelial': 5, 'Immune_cell': 5, 'Neural_cell': 3, 'Glandular': 3, 'Unknown': 2, 'Melanocytes': 1}","{'Fibroblast': 1, 'Keratinocyte': 1, 'Endothelial': 1, 'muscle_fiber': 1, 'Lymphatic_endothelial': 1, 'Glandular': 1, 'Melanocytes': 1, 'Immune_cell': 1}",0.0,0.0,0.0,0.0,,"[[0, 0, 0, 0, 0, 0, 0, 0, 1, 0], [0, 0, 0, 1, 0, 0, 0, 0, 0, 0], [0, 0, 0, 1, 0, 0, 0, 0, 0, 0], [0, 0, 0, 0, 0, 1, 0, 0, 0, 0], [1, 0, 0, 0, 0, 0, 0, 0, 0, 0], [0, 0, 1, 0, 0, 0, 0, 0, 0, 0], [0, 0, 0, 0, 0, 0, 0, 1, 0, 0], [0, 0, 0, 0, 0, 0, 0, 0, 0, 0], [0, 0, 0, 0, 0, 0, 0, 0, 0, 0], [0, 0, 0, 0, 0, 0, 1, 0, 0, 0]]","['Endothelial', 'Fibroblast', 'Glandular', 'Immune_cell', 'Keratinocyte', 'Lymphatic_endothelial', 'Melanocytes', 'Neural_cell', 'Unknown', 'muscle_fiber']",
cell_type,leave_source_out_scrna_pseudobulk_GSE163973_NF2,shared_genes,elastic_net_logreg,39,8,"{'Endothelial': 5, 'Fibroblast': 5, 'Keratinocyte': 5, 'muscle_fiber': 5, 'Lymphatic_endothelial': 5, 'Immune_cell': 5, 'Neural_cell': 3, 'Glandular': 3, 'Unknown': 2, 'Melanocytes': 1}","{'Fibroblast': 1, 'Keratinocyte': 1, 'Endothelial': 1, 'muscle_fiber': 1, 'Lymphatic_endothelial': 1, 'Glandular': 1, 'Melanocytes': 1, 'Immune_cell': 1}",1.0,1.0,1.0,1.0,,"[[1, 0, 0, 0, 0, 0, 0, 0, 0, 0], [0, 1, 0, 0, 0, 0, 0, 0, 0, 0], [0, 0, 1, 0, 0, 0, 0, 0, 0, 0], [0, 0, 0, 1, 0, 0, 0, 0, 0, 0], [0, 0, 0, 0, 1, 0, 0, 0, 0, 0], [0, 0, 0, 0, 0, 1, 0, 0, 0, 0], [0, 0, 0, 0, 0, 0, 1, 0, 0, 0], [0, 0, 0, 0, 0, 0, 0, 0, 0, 0], [0, 0, 0, 0, 0, 0, 0, 0, 0, 0], [0, 0, 0, 0, 0, 0, 0, 0, 0, 1]]","['Endothelial', 'Fibroblast', 'Glandular', 'Immune_cell', 'Keratinocyte', 'Lymphatic_endothelial', 'Melanocytes', 'Neural_cell', 'Unknown', 'muscle_fiber']",
cell_type,leave_source_out_scrna_pseudobulk_GSE163973_NF2,shared_genes,linear_svm,39,8,"{'Endothelial': 5, 'Fibroblast': 5, 'Keratinocyte': 5, 'muscle_fiber': 5, 'Lymphatic_endothelial': 5, 'Immune_cell': 5, 'Neural_cell': 3, 'Glandular': 3, 'Unknown': 2, 'Melanocytes': 1}","{'Fibroblast': 1, 'Keratinocyte': 1, 'Endothelial': 1, 'muscle_fiber': 1, 'Lymphatic_endothelial': 1, 'Glandular': 1, 'Melanocytes': 1, 'Immune_cell': 1}",1.0,1.0,1.0,1.0,,"[[1, 0, 0, 0, 0, 0, 0, 0, 0, 0], [0, 1, 0, 0, 0, 0, 0, 0, 0, 0], [0, 0, 1, 0, 0, 0, 0, 0, 0, 0], [0, 0, 0, 1, 0, 0, 0, 0, 0, 0], [0, 0, 0, 0, 1, 0, 0, 0, 0, 0], [0, 0, 0, 0, 0, 1, 0, 0, 0, 0], [0, 0, 0, 0, 0, 0, 1, 0, 0, 0], [0, 0, 0, 0, 0, 0, 0, 0, 0, 0], [0, 0, 0, 0, 0, 0, 0, 0, 0, 0], [0, 0, 0, 0, 0, 0, 0, 0, 0, 1]]","['Endothelial', 'Fibroblast', 'Glandular', 'Immune_cell', 'Keratinocyte', 'Lymphatic_endothelial', 'Melanocytes', 'Neural_cell', 'Unknown', 'muscle_fiber']",
cell_type,leave_source_out_scrna_pseudobulk_GSE163973_NF2,shared_genes,random_forest,39,8,"{'Endothelial': 5, 'Fibroblast': 5, 'Keratinocyte': 5, 'muscle_fiber': 5, 'Lymphatic_endothelial': 5, 'Immune_cell': 5, 'Neural_cell': 3, 'Glandular': 3, 'Unknown': 2, 'Melanocytes': 1}","{'Fibroblast': 1, 'Keratinocyte': 1, 'Endothelial': 1, 'muscle_fiber': 1, 'Lymphatic_endothelial': 1, 'Glandular': 1, 'Melanocytes': 1, 'Immune_cell': 1}",1.0,1.0,1.0,1.0,,"[[1, 0, 0, 0, 0, 0, 0, 0, 0, 0], [0, 1, 0, 0, 0, 0, 0, 0, 0, 0], [0, 0, 1, 0, 0, 0, 0, 0, 0, 0], [0, 0, 0, 1, 0, 0, 0, 0, 0, 0], [0, 0, 0, 0, 1, 0, 0, 0, 0, 0], [0, 0, 0, 0, 0, 1, 0, 0, 0, 0], [0, 0, 0, 0, 0, 0, 1, 0, 0, 0], [0, 0, 0, 0, 0, 0, 0, 0, 0, 0], [0, 0, 0, 0, 0, 0, 0, 0, 0, 0], [0, 0, 0, 0, 0, 0, 0, 0, 0, 1]]","['Endothelial', 'Fibroblast', 'Glandular', 'Immune_cell', 'Keratinocyte', 'Lymphatic_endothelial', 'Melanocytes', 'Neural_cell', 'Unknown', 'muscle_fiber']",
cell_type,leave_source_out_scrna_pseudobulk_GSE163973_NF2,shared_genes,hist_gradient_boosting,39,8,"{'Endothelial': 5, 'Fibroblast': 5, 'Keratinocyte': 5, 'muscle_fiber': 5, 'Lymphatic_endothelial': 5, 'Immune_cell': 5, 'Neural_cell': 3, 'Glandular': 3, 'Unknown': 2, 'Melanocytes': 1}","{'Fibroblast': 1, 'Keratinocyte': 1, 'Endothelial': 1, 'muscle_fiber': 1, 'Lymphatic_endothelial': 1, 'Glandular': 1, 'Melanocytes': 1, 'Immune_cell': 1}",0.125,0.027777777777777776,0.125,0.027777777777777776,,"[[1, 0, 0, 0, 0, 0, 0, 0, 0, 0], [1, 0, 0, 0, 0, 0, 0, 0, 0, 0], [1, 0, 0, 0, 0, 0, 0, 0, 0, 0], [1, 0, 0, 0, 0, 0, 0, 0, 0, 0], [1, 0, 0, 0, 0, 0, 0, 0, 0, 0], [1, 0, 0, 0, 0, 0, 0, 0, 0, 0], [1, 0, 0, 0, 0, 0, 0, 0, 0, 0], [0, 0, 0, 0, 0, 0, 0, 0, 0, 0], [0, 0, 0, 0, 0, 0, 0, 0, 0, 0], [1, 0, 0, 0, 0, 0, 0, 0, 0, 0]]","['Endothelial', 'Fibroblast', 'Glandular', 'Immune_cell', 'Keratinocyte', 'Lymphatic_endothelial', 'Melanocytes', 'Neural_cell', 'Unknown', 'muscle_fiber']",
cell_type,leave_source_out_scrna_pseudobulk_GSE163973_NF2,shared_genes,knn,39,8,"{'Endothelial': 5, 'Fibroblast': 5, 'Keratinocyte': 5, 'muscle_fiber': 5, 'Lymphatic_endothelial': 5, 'Immune_cell': 5, 'Neural_cell': 3, 'Glandular': 3, 'Unknown': 2, 'Melanocytes': 1}","{'Fibroblast': 1, 'Keratinocyte': 1, 'Endothelial': 1, 'muscle_fiber': 1, 'Lymphatic_endothelial': 1, 'Glandular': 1, 'Melanocytes': 1, 'Immune_cell': 1}",0.75,0.6666666666666666,0.75,0.6666666666666666,,"[[1, 0, 0, 0, 0, 0, 0, 0, 0, 0], [0, 1, 0, 0, 0, 0, 0, 0, 0, 0], [0, 0, 0, 0, 1, 0, 0, 0, 0, 0], [0, 0, 0, 1, 0, 0, 0, 0, 0, 0], [0, 0, 0, 0, 1, 0, 0, 0, 0, 0], [0, 0, 0, 0, 0, 1, 0, 0, 0, 0], [0, 1, 0, 0, 0, 0, 0, 0, 0, 0], [0, 0, 0, 0, 0, 0, 0, 0, 0, 0], [0, 0, 0, 0, 0, 0, 0, 0, 0, 0], [0, 0, 0, 0, 0, 0, 0, 0, 0, 1]]","['Endothelial', 'Fibroblast', 'Glandular', 'Immune_cell', 'Keratinocyte', 'Lymphatic_endothelial', 'Melanocytes', 'Neural_cell', 'Unknown', 'muscle_fiber']",
cell_type,leave_source_out_scrna_pseudobulk_GSE163973_NF2,modules_only,majority,39,8,"{'Endothelial': 5, 'Fibroblast': 5, 'Keratinocyte': 5, 'muscle_fiber': 5, 'Lymphatic_endothelial': 5, 'Immune_cell': 5, 'Neural_cell': 3, 'Glandular': 3, 'Unknown': 2, 'Melanocytes': 1}","{'Fibroblast': 1, 'Keratinocyte': 1, 'Endothelial': 1, 'muscle_fiber': 1, 'Lymphatic_endothelial': 1, 'Glandular': 1, 'Melanocytes': 1, 'Immune_cell': 1}",0.125,0.027777777777777776,0.125,0.027777777777777776,,"[[1, 0, 0, 0, 0, 0, 0, 0, 0, 0], [1, 0, 0, 0, 0, 0, 0, 0, 0, 0], [1, 0, 0, 0, 0, 0, 0, 0, 0, 0], [1, 0, 0, 0, 0, 0, 0, 0, 0, 0], [1, 0, 0, 0, 0, 0, 0, 0, 0, 0], [1, 0, 0, 0, 0, 0, 0, 0, 0, 0], [1, 0, 0, 0, 0, 0, 0, 0, 0, 0], [0, 0, 0, 0, 0, 0, 0, 0, 0, 0], [0, 0, 0, 0, 0, 0, 0, 0, 0, 0], [1, 0, 0, 0, 0, 0, 0, 0, 0, 0]]","['Endothelial', 'Fibroblast', 'Glandular', 'Immune_cell', 'Keratinocyte', 'Lymphatic_endothelial', 'Melanocytes', 'Neural_cell', 'Unknown', 'muscle_fiber']",
cell_type,leave_source_out_scrna_pseudobulk_GSE163973_NF2,modules_only,stratified_random,39,8,"{'Endothelial': 5, 'Fibroblast': 5, 'Keratinocyte': 5, 'muscle_fiber': 5, 'Lymphatic_endothelial': 5, 'Immune_cell': 5, 'Neural_cell': 3, 'Glandular': 3, 'Unknown': 2, 'Melanocytes': 1}","{'Fibroblast': 1, 'Keratinocyte': 1, 'Endothelial': 1, 'muscle_fiber': 1, 'Lymphatic_endothelial': 1, 'Glandular': 1, 'Melanocytes': 1, 'Immune_cell': 1}",0.0,0.0,0.0,0.0,,"[[0, 0, 0, 0, 0, 0, 0, 0, 1, 0], [0, 0, 0, 1, 0, 0, 0, 0, 0, 0], [0, 0, 0, 1, 0, 0, 0, 0, 0, 0], [0, 0, 0, 0, 0, 1, 0, 0, 0, 0], [1, 0, 0, 0, 0, 0, 0, 0, 0, 0], [0, 0, 1, 0, 0, 0, 0, 0, 0, 0], [0, 0, 0, 0, 0, 0, 0, 1, 0, 0], [0, 0, 0, 0, 0, 0, 0, 0, 0, 0], [0, 0, 0, 0, 0, 0, 0, 0, 0, 0], [0, 0, 0, 0, 0, 0, 1, 0, 0, 0]]","['Endothelial', 'Fibroblast', 'Glandular', 'Immune_cell', 'Keratinocyte', 'Lymphatic_endothelial', 'Melanocytes', 'Neural_cell', 'Unknown', 'muscle_fiber']",
cell_type,leave_source_out_scrna_pseudobulk_GSE163973_NF2,modules_only,elastic_net_logreg,39,8,"{'Endothelial': 5, 'Fibroblast': 5, 'Keratinocyte': 5, 'muscle_fiber': 5, 'Lymphatic_endothelial': 5, 'Immune_cell': 5, 'Neural_cell': 3, 'Glandular': 3, 'Unknown': 2, 'Melanocytes': 1}","{'Fibroblast': 1, 'Keratinocyte': 1, 'Endothelial': 1, 'muscle_fiber': 1, 'Lymphatic_endothelial': 1, 'Glandular': 1, 'Melanocytes': 1, 'Immune_cell': 1}",0.875,0.8333333333333333,0.875,0.8333333333333333,,"[[1, 0, 0, 0, 0, 0, 0, 0, 0, 0], [0, 1, 0, 0, 0, 0, 0, 0, 0, 0], [0, 0, 1, 0, 0, 0, 0, 0, 0, 0], [0, 0, 0, 1, 0, 0, 0, 0, 0, 0], [0, 0, 0, 0, 1, 0, 0, 0, 0, 0], [0, 0, 0, 0, 0, 1, 0, 0, 0, 0], [0, 0, 0, 1, 0, 0, 0, 0, 0, 0], [0, 0, 0, 0, 0, 0, 0, 0, 0, 0], [0, 0, 0, 0, 0, 0, 0, 0, 0, 0], [0, 0, 0, 0, 0, 0, 0, 0, 0, 1]]","['Endothelial', 'Fibroblast', 'Glandular', 'Immune_cell', 'Keratinocyte', 'Lymphatic_endothelial', 'Melanocytes', 'Neural_cell', 'Unknown', 'muscle_fiber']",
cell_type,leave_source_out_scrna_pseudobulk_GSE163973_NF2,modules_only,linear_svm,39,8,"{'Endothelial': 5, 'Fibroblast': 5, 'Keratinocyte': 5, 'muscle_fiber': 5, 'Lymphatic_endothelial': 5, 'Immune_cell': 5, 'Neural_cell': 3, 'Glandular': 3, 'Unknown': 2, 'Melanocytes': 1}","{'Fibroblast': 1, 'Keratinocyte': 1, 'Endothelial': 1, 'muscle_fiber': 1, 'Lymphatic_endothelial': 1, 'Glandular': 1, 'Melanocytes': 1, 'Immune_cell': 1}",0.75,0.7083333333333333,0.75,0.6296296296296295,,"[[1, 0, 0, 0, 0, 0, 0, 0, 0, 0], [0, 1, 0, 0, 0, 0, 0, 0, 0, 0], [0, 0, 0, 0, 0, 0, 0, 1, 0, 0], [0, 0, 0, 1, 0, 0, 0, 0, 0, 0], [0, 0, 0, 0, 1, 0, 0, 0, 0, 0], [0, 0, 0, 0, 0, 1, 0, 0, 0, 0], [0, 0, 0, 0, 1, 0, 0, 0, 0, 0], [0, 0, 0, 0, 0, 0, 0, 0, 0, 0], [0, 0, 0, 0, 0, 0, 0, 0, 0, 0], [0, 0, 0, 0, 0, 0, 0, 0, 0, 1]]","['Endothelial', 'Fibroblast', 'Glandular', 'Immune_cell', 'Keratinocyte', 'Lymphatic_endothelial', 'Melanocytes', 'Neural_cell', 'Unknown', 'muscle_fiber']",
cell_type,leave_source_out_scrna_pseudobulk_GSE163973_NF2,modules_only,random_forest,39,8,"{'Endothelial': 5, 'Fibroblast': 5, 'Keratinocyte': 5, 'muscle_fiber': 5, 'Lymphatic_endothelial': 5, 'Immune_cell': 5, 'Neural_cell': 3, 'Glandular': 3, 'Unknown': 2, 'Melanocytes': 1}","{'Fibroblast': 1, 'Keratinocyte': 1, 'Endothelial': 1, 'muscle_fiber': 1, 'Lymphatic_endothelial': 1, 'Glandular': 1, 'Melanocytes': 1, 'Immune_cell': 1}",0.625,0.5833333333333333,0.625,0.5833333333333333,,"[[1, 0, 0, 0, 0, 0, 0, 0, 0, 0], [0, 1, 0, 0, 0, 0, 0, 0, 0, 0], [0, 0, 0, 1, 0, 0, 0, 0, 0, 0], [0, 0, 0, 0, 1, 0, 0, 0, 0, 0], [0, 0, 0, 0, 1, 0, 0, 0, 0, 0], [0, 0, 0, 0, 0, 1, 0, 0, 0, 0], [0, 0, 0, 1, 0, 0, 0, 0, 0, 0], [0, 0, 0, 0, 0, 0, 0, 0, 0, 0], [0, 0, 0, 0, 0, 0, 0, 0, 0, 0], [0, 0, 0, 0, 0, 0, 0, 0, 0, 1]]","['Endothelial', 'Fibroblast', 'Glandular', 'Immune_cell', 'Keratinocyte', 'Lymphatic_endothelial', 'Melanocytes', 'Neural_cell', 'Unknown', 'muscle_fiber']",
cell_type,leave_source_out_scrna_pseudobulk_GSE163973_NF2,modules_only,hist_gradient_boosting,39,8,"{'Endothelial': 5, 'Fibroblast': 5, 'Keratinocyte': 5, 'muscle_fiber': 5, 'Lymphatic_endothelial': 5, 'Immune_cell': 5, 'Neural_cell': 3, 'Glandular': 3, 'Unknown': 2, 'Melanocytes': 1}","{'Fibroblast': 1, 'Keratinocyte': 1, 'Endothelial': 1, 'muscle_fiber': 1, 'Lymphatic_endothelial': 1, 'Glandular': 1, 'Melanocytes': 1, 'Immune_cell': 1}",0.125,0.027777777777777776,0.125,0.027777777777777776,,"[[1, 0, 0, 0, 0, 0, 0, 0, 0, 0], [1, 0, 0, 0, 0, 0, 0, 0, 0, 0], [1, 0, 0, 0, 0, 0, 0, 0, 0, 0], [1, 0, 0, 0, 0, 0, 0, 0, 0, 0], [1, 0, 0, 0, 0, 0, 0, 0, 0, 0], [1, 0, 0, 0, 0, 0, 0, 0, 0, 0], [1, 0, 0, 0, 0, 0, 0, 0, 0, 0], [0, 0, 0, 0, 0, 0, 0, 0, 0, 0], [0, 0, 0, 0, 0, 0, 0, 0, 0, 0], [1, 0, 0, 0, 0, 0, 0, 0, 0, 0]]","['Endothelial', 'Fibroblast', 'Glandular', 'Immune_cell', 'Keratinocyte', 'Lymphatic_endothelial', 'Melanocytes', 'Neural_cell', 'Unknown', 'muscle_fiber']",
cell_type,leave_source_out_scrna_pseudobulk_GSE163973_NF2,modules_only,knn,39,8,"{'Endothelial': 5, 'Fibroblast': 5, 'Keratinocyte': 5, 'muscle_fiber': 5, 'Lymphatic_endothelial': 5, 'Immune_cell': 5, 'Neural_cell': 3, 'Glandular': 3, 'Unknown': 2, 'Melanocytes': 1}","{'Fibroblast': 1, 'Keratinocyte': 1, 'Endothelial': 1, 'muscle_fiber': 1, 'Lymphatic_endothelial': 1, 'Glandular': 1, 'Melanocytes': 1, 'Immune_cell': 1}",0.75,0.6666666666666666,0.75,0.6666666666666666,,"[[1, 0, 0, 0, 0, 0, 0, 0, 0, 0], [0, 1, 0, 0, 0, 0, 0, 0, 0, 0], [0, 0, 0, 1, 0, 0, 0, 0, 0, 0], [0, 0, 0, 1, 0, 0, 0, 0, 0, 0], [0, 0, 0, 0, 1, 0, 0, 0, 0, 0], [0, 0, 0, 0, 0, 1, 0, 0, 0, 0], [0, 0, 0, 0, 1, 0, 0, 0, 0, 0], [0, 0, 0, 0, 0, 0, 0, 0, 0, 0], [0, 0, 0, 0, 0, 0, 0, 0, 0, 0], [0, 0, 0, 0, 0, 0, 0, 0, 0, 1]]","['Endothelial', 'Fibroblast', 'Glandular', 'Immune_cell', 'Keratinocyte', 'Lymphatic_endothelial', 'Melanocytes', 'Neural_cell', 'Unknown', 'muscle_fiber']",
cell_type,leave_source_out_scrna_pseudobulk_GSE163973_NF2,modules_only,small_mlp,39,8,"{'Endothelial': 5, 'Fibroblast': 5, 'Keratinocyte': 5, 'muscle_fiber': 5, 'Lymphatic_endothelial': 5, 'Immune_cell': 5, 'Neural_cell': 3, 'Glandular': 3, 'Unknown': 2, 'Melanocytes': 1}","{'Fibroblast': 1, 'Keratinocyte': 1, 'Endothelial': 1, 'muscle_fiber': 1, 'Lymphatic_endothelial': 1, 'Glandular': 1, 'Melanocytes': 1, 'Immune_cell': 1}",0.375,0.3125,0.375,0.3125,,"[[0, 0, 0, 0, 0, 0, 1, 0, 0, 0], [0, 1, 0, 0, 0, 0, 0, 0, 0, 0], [0, 0, 1, 0, 0, 0, 0, 0, 0, 0], [0, 0, 0, 0, 1, 0, 0, 0, 0, 0], [0, 0, 0, 0, 1, 0, 0, 0, 0, 0], [0, 0, 0, 0, 0, 0, 1, 0, 0, 0], [1, 0, 0, 0, 0, 0, 0, 0, 0, 0], [0, 0, 0, 0, 0, 0, 0, 0, 0, 0], [0, 0, 0, 0, 0, 0, 0, 0, 0, 0], [0, 0, 0, 0, 1, 0, 0, 0, 0, 0]]","['Endothelial', 'Fibroblast', 'Glandular', 'Immune_cell', 'Keratinocyte', 'Lymphatic_endothelial', 'Melanocytes', 'Neural_cell', 'Unknown', 'muscle_fiber']",
cell_type,leave_source_out_scrna_pseudobulk_GSE163973_NF3,shared_genes_plus_modules,majority,40,7,"{'Endothelial': 5, 'Fibroblast': 5, 'Keratinocyte': 5, 'muscle_fiber': 5, 'Lymphatic_endothelial': 5, 'Immune_cell': 5, 'Glandular': 4, 'Neural_cell': 3, 'Unknown': 2, 'Melanocytes': 1}","{'Fibroblast': 1, 'Endothelial': 1, 'Keratinocyte': 1, 'Lymphatic_endothelial': 1, 'muscle_fiber': 1, 'Melanocytes': 1, 'Immune_cell': 1}",0.14285714285714285,0.03571428571428571,0.14285714285714285,0.03571428571428571,,"[[1, 0, 0, 0, 0, 0, 0, 0, 0, 0], [1, 0, 0, 0, 0, 0, 0, 0, 0, 0], [0, 0, 0, 0, 0, 0, 0, 0, 0, 0], [1, 0, 0, 0, 0, 0, 0, 0, 0, 0], [1, 0, 0, 0, 0, 0, 0, 0, 0, 0], [1, 0, 0, 0, 0, 0, 0, 0, 0, 0], [1, 0, 0, 0, 0, 0, 0, 0, 0, 0], [0, 0, 0, 0, 0, 0, 0, 0, 0, 0], [0, 0, 0, 0, 0, 0, 0, 0, 0, 0], [1, 0, 0, 0, 0, 0, 0, 0, 0, 0]]","['Endothelial', 'Fibroblast', 'Glandular', 'Immune_cell', 'Keratinocyte', 'Lymphatic_endothelial', 'Melanocytes', 'Neural_cell', 'Unknown', 'muscle_fiber']",
cell_type,leave_source_out_scrna_pseudobulk_GSE163973_NF3,shared_genes_plus_modules,stratified_random,40,7,"{'Endothelial': 5, 'Fibroblast': 5, 'Keratinocyte': 5, 'muscle_fiber': 5, 'Lymphatic_endothelial': 5, 'Immune_cell': 5, 'Glandular': 4, 'Neural_cell': 3, 'Unknown': 2, 'Melanocytes': 1}","{'Fibroblast': 1, 'Endothelial': 1, 'Keratinocyte': 1, 'Lymphatic_endothelial': 1, 'muscle_fiber': 1, 'Melanocytes': 1, 'Immune_cell': 1}",0.14285714285714285,0.14285714285714285,0.14285714285714285,0.1,,"[[1, 0, 0, 0, 0, 0, 0, 0, 0, 0], [0, 0, 0, 1, 0, 0, 0, 0, 0, 0], [0, 0, 0, 0, 0, 0, 0, 0, 0, 0], [0, 0, 0, 0, 0, 0, 0, 1, 0, 0], [0, 0, 0, 0, 0, 0, 0, 0, 1, 0], [0, 0, 0, 0, 0, 0, 1, 0, 0, 0], [0, 0, 0, 1, 0, 0, 0, 0, 0, 0], [0, 0, 0, 0, 0, 0, 0, 0, 0, 0], [0, 0, 0, 0, 0, 0, 0, 0, 0, 0], [0, 0, 1, 0, 0, 0, 0, 0, 0, 0]]","['Endothelial', 'Fibroblast', 'Glandular', 'Immune_cell', 'Keratinocyte', 'Lymphatic_endothelial', 'Melanocytes', 'Neural_cell', 'Unknown', 'muscle_fiber']",
cell_type,leave_source_out_scrna_pseudobulk_GSE163973_NF3,shared_genes_plus_modules,elastic_net_logreg,40,7,"{'Endothelial': 5, 'Fibroblast': 5, 'Keratinocyte': 5, 'muscle_fiber': 5, 'Lymphatic_endothelial': 5, 'Immune_cell': 5, 'Glandular': 4, 'Neural_cell': 3, 'Unknown': 2, 'Melanocytes': 1}","{'Fibroblast': 1, 'Endothelial': 1, 'Keratinocyte': 1, 'Lymphatic_endothelial': 1, 'muscle_fiber': 1, 'Melanocytes': 1, 'Immune_cell': 1}",1.0,1.0,1.0,1.0,,"[[1, 0, 0, 0, 0, 0, 0, 0, 0, 0], [0, 1, 0, 0, 0, 0, 0, 0, 0, 0], [0, 0, 0, 0, 0, 0, 0, 0, 0, 0], [0, 0, 0, 1, 0, 0, 0, 0, 0, 0], [0, 0, 0, 0, 1, 0, 0, 0, 0, 0], [0, 0, 0, 0, 0, 1, 0, 0, 0, 0], [0, 0, 0, 0, 0, 0, 1, 0, 0, 0], [0, 0, 0, 0, 0, 0, 0, 0, 0, 0], [0, 0, 0, 0, 0, 0, 0, 0, 0, 0], [0, 0, 0, 0, 0, 0, 0, 0, 0, 1]]","['Endothelial', 'Fibroblast', 'Glandular', 'Immune_cell', 'Keratinocyte', 'Lymphatic_endothelial', 'Melanocytes', 'Neural_cell', 'Unknown', 'muscle_fiber']",
cell_type,leave_source_out_scrna_pseudobulk_GSE163973_NF3,shared_genes_plus_modules,linear_svm,40,7,"{'Endothelial': 5, 'Fibroblast': 5, 'Keratinocyte': 5, 'muscle_fiber': 5, 'Lymphatic_endothelial': 5, 'Immune_cell': 5, 'Glandular': 4, 'Neural_cell': 3, 'Unknown': 2, 'Melanocytes': 1}","{'Fibroblast': 1, 'Endothelial': 1, 'Keratinocyte': 1, 'Lymphatic_endothelial': 1, 'muscle_fiber': 1, 'Melanocytes': 1, 'Immune_cell': 1}",1.0,1.0,1.0,1.0,,"[[1, 0, 0, 0, 0, 0, 0, 0, 0, 0], [0, 1, 0, 0, 0, 0, 0, 0, 0, 0], [0, 0, 0, 0, 0, 0, 0, 0, 0, 0], [0, 0, 0, 1, 0, 0, 0, 0, 0, 0], [0, 0, 0, 0, 1, 0, 0, 0, 0, 0], [0, 0, 0, 0, 0, 1, 0, 0, 0, 0], [0, 0, 0, 0, 0, 0, 1, 0, 0, 0], [0, 0, 0, 0, 0, 0, 0, 0, 0, 0], [0, 0, 0, 0, 0, 0, 0, 0, 0, 0], [0, 0, 0, 0, 0, 0, 0, 0, 0, 1]]","['Endothelial', 'Fibroblast', 'Glandular', 'Immune_cell', 'Keratinocyte', 'Lymphatic_endothelial', 'Melanocytes', 'Neural_cell', 'Unknown', 'muscle_fiber']",
cell_type,leave_source_out_scrna_pseudobulk_GSE163973_NF3,shared_genes_plus_modules,random_forest,40,7,"{'Endothelial': 5, 'Fibroblast': 5, 'Keratinocyte': 5, 'muscle_fiber': 5, 'Lymphatic_endothelial': 5, 'Immune_cell': 5, 'Glandular': 4, 'Neural_cell': 3, 'Unknown': 2, 'Melanocytes': 1}","{'Fibroblast': 1, 'Endothelial': 1, 'Keratinocyte': 1, 'Lymphatic_endothelial': 1, 'muscle_fiber': 1, 'Melanocytes': 1, 'Immune_cell': 1}",1.0,1.0,1.0,1.0,,"[[1, 0, 0, 0, 0, 0, 0, 0, 0, 0], [0, 1, 0, 0, 0, 0, 0, 0, 0, 0], [0, 0, 0, 0, 0, 0, 0, 0, 0, 0], [0, 0, 0, 1, 0, 0, 0, 0, 0, 0], [0, 0, 0, 0, 1, 0, 0, 0, 0, 0], [0, 0, 0, 0, 0, 1, 0, 0, 0, 0], [0, 0, 0, 0, 0, 0, 1, 0, 0, 0], [0, 0, 0, 0, 0, 0, 0, 0, 0, 0], [0, 0, 0, 0, 0, 0, 0, 0, 0, 0], [0, 0, 0, 0, 0, 0, 0, 0, 0, 1]]","['Endothelial', 'Fibroblast', 'Glandular', 'Immune_cell', 'Keratinocyte', 'Lymphatic_endothelial', 'Melanocytes', 'Neural_cell', 'Unknown', 'muscle_fiber']",
cell_type,leave_source_out_scrna_pseudobulk_GSE163973_NF3,shared_genes_plus_modules,hist_gradient_boosting,40,7,"{'Endothelial': 5, 'Fibroblast': 5, 'Keratinocyte': 5, 'muscle_fiber': 5, 'Lymphatic_endothelial': 5, 'Immune_cell': 5, 'Glandular': 4, 'Neural_cell': 3, 'Unknown': 2, 'Melanocytes': 1}","{'Fibroblast': 1, 'Endothelial': 1, 'Keratinocyte': 1, 'Lymphatic_endothelial': 1, 'muscle_fiber': 1, 'Melanocytes': 1, 'Immune_cell': 1}",1.0,1.0,1.0,1.0,,"[[1, 0, 0, 0, 0, 0, 0, 0, 0, 0], [0, 1, 0, 0, 0, 0, 0, 0, 0, 0], [0, 0, 0, 0, 0, 0, 0, 0, 0, 0], [0, 0, 0, 1, 0, 0, 0, 0, 0, 0], [0, 0, 0, 0, 1, 0, 0, 0, 0, 0], [0, 0, 0, 0, 0, 1, 0, 0, 0, 0], [0, 0, 0, 0, 0, 0, 1, 0, 0, 0], [0, 0, 0, 0, 0, 0, 0, 0, 0, 0], [0, 0, 0, 0, 0, 0, 0, 0, 0, 0], [0, 0, 0, 0, 0, 0, 0, 0, 0, 1]]","['Endothelial', 'Fibroblast', 'Glandular', 'Immune_cell', 'Keratinocyte', 'Lymphatic_endothelial', 'Melanocytes', 'Neural_cell', 'Unknown', 'muscle_fiber']",
cell_type,leave_source_out_scrna_pseudobulk_GSE163973_NF3,shared_genes_plus_modules,knn,40,7,"{'Endothelial': 5, 'Fibroblast': 5, 'Keratinocyte': 5, 'muscle_fiber': 5, 'Lymphatic_endothelial': 5, 'Immune_cell': 5, 'Glandular': 4, 'Neural_cell': 3, 'Unknown': 2, 'Melanocytes': 1}","{'Fibroblast': 1, 'Endothelial': 1, 'Keratinocyte': 1, 'Lymphatic_endothelial': 1, 'muscle_fiber': 1, 'Melanocytes': 1, 'Immune_cell': 1}",0.8571428571428571,0.8095238095238095,0.8571428571428571,0.8095238095238095,,"[[1, 0, 0, 0, 0, 0, 0, 0, 0, 0], [0, 1, 0, 0, 0, 0, 0, 0, 0, 0], [0, 0, 0, 0, 0, 0, 0, 0, 0, 0], [0, 0, 0, 1, 0, 0, 0, 0, 0, 0], [0, 0, 0, 0, 1, 0, 0, 0, 0, 0], [0, 0, 0, 0, 0, 1, 0, 0, 0, 0], [0, 0, 0, 0, 0, 0, 0, 0, 0, 1], [0, 0, 0, 0, 0, 0, 0, 0, 0, 0], [0, 0, 0, 0, 0, 0, 0, 0, 0, 0], [0, 0, 0, 0, 0, 0, 0, 0, 0, 1]]","['Endothelial', 'Fibroblast', 'Glandular', 'Immune_cell', 'Keratinocyte', 'Lymphatic_endothelial', 'Melanocytes', 'Neural_cell', 'Unknown', 'muscle_fiber']",
cell_type,leave_source_out_scrna_pseudobulk_GSE163973_NF3,shared_genes_plus_modules,small_mlp,40,7,"{'Endothelial': 5, 'Fibroblast': 5, 'Keratinocyte': 5, 'muscle_fiber': 5, 'Lymphatic_endothelial': 5, 'Immune_cell': 5, 'Glandular': 4, 'Neural_cell': 3, 'Unknown': 2, 'Melanocytes': 1}","{'Fibroblast': 1, 'Endothelial': 1, 'Keratinocyte': 1, 'Lymphatic_endothelial': 1, 'muscle_fiber': 1, 'Melanocytes': 1, 'Immune_cell': 1}",1.0,1.0,1.0,1.0,,"[[1, 0, 0, 0, 0, 0, 0, 0, 0, 0], [0, 1, 0, 0, 0, 0, 0, 0, 0, 0], [0, 0, 0, 0, 0, 0, 0, 0, 0, 0], [0, 0, 0, 1, 0, 0, 0, 0, 0, 0], [0, 0, 0, 0, 1, 0, 0, 0, 0, 0], [0, 0, 0, 0, 0, 1, 0, 0, 0, 0], [0, 0, 0, 0, 0, 0, 1, 0, 0, 0], [0, 0, 0, 0, 0, 0, 0, 0, 0, 0], [0, 0, 0, 0, 0, 0, 0, 0, 0, 0], [0, 0, 0, 0, 0, 0, 0, 0, 0, 1]]","['Endothelial', 'Fibroblast', 'Glandular', 'Immune_cell', 'Keratinocyte', 'Lymphatic_endothelial', 'Melanocytes', 'Neural_cell', 'Unknown', 'muscle_fiber']",
cell_type,leave_source_out_scrna_pseudobulk_GSE163973_NF3,shared_genes,majority,40,7,"{'Endothelial': 5, 'Fibroblast': 5, 'Keratinocyte': 5, 'muscle_fiber': 5, 'Lymphatic_endothelial': 5, 'Immune_cell': 5, 'Glandular': 4, 'Neural_cell': 3, 'Unknown': 2, 'Melanocytes': 1}","{'Fibroblast': 1, 'Endothelial': 1, 'Keratinocyte': 1, 'Lymphatic_endothelial': 1, 'muscle_fiber': 1, 'Melanocytes': 1, 'Immune_cell': 1}",0.14285714285714285,0.03571428571428571,0.14285714285714285,0.03571428571428571,,"[[1, 0, 0, 0, 0, 0, 0, 0, 0, 0], [1, 0, 0, 0, 0, 0, 0, 0, 0, 0], [0, 0, 0, 0, 0, 0, 0, 0, 0, 0], [1, 0, 0, 0, 0, 0, 0, 0, 0, 0], [1, 0, 0, 0, 0, 0, 0, 0, 0, 0], [1, 0, 0, 0, 0, 0, 0, 0, 0, 0], [1, 0, 0, 0, 0, 0, 0, 0, 0, 0], [0, 0, 0, 0, 0, 0, 0, 0, 0, 0], [0, 0, 0, 0, 0, 0, 0, 0, 0, 0], [1, 0, 0, 0, 0, 0, 0, 0, 0, 0]]","['Endothelial', 'Fibroblast', 'Glandular', 'Immune_cell', 'Keratinocyte', 'Lymphatic_endothelial', 'Melanocytes', 'Neural_cell', 'Unknown', 'muscle_fiber']",
cell_type,leave_source_out_scrna_pseudobulk_GSE163973_NF3,shared_genes,stratified_random,40,7,"{'Endothelial': 5, 'Fibroblast': 5, 'Keratinocyte': 5, 'muscle_fiber': 5, 'Lymphatic_endothelial': 5, 'Immune_cell': 5, 'Glandular': 4, 'Neural_cell': 3, 'Unknown': 2, 'Melanocytes': 1}","{'Fibroblast': 1, 'Endothelial': 1, 'Keratinocyte': 1, 'Lymphatic_endothelial': 1, 'muscle_fiber': 1, 'Melanocytes': 1, 'Immune_cell': 1}",0.14285714285714285,0.14285714285714285,0.14285714285714285,0.1,,"[[1, 0, 0, 0, 0, 0, 0, 0, 0, 0], [0, 0, 0, 1, 0, 0, 0, 0, 0, 0], [0, 0, 0, 0, 0, 0, 0, 0, 0, 0], [0, 0, 0, 0, 0, 0, 0, 1, 0, 0], [0, 0, 0, 0, 0, 0, 0, 0, 1, 0], [0, 0, 0, 0, 0, 0, 1, 0, 0, 0], [0, 0, 0, 1, 0, 0, 0, 0, 0, 0], [0, 0, 0, 0, 0, 0, 0, 0, 0, 0], [0, 0, 0, 0, 0, 0, 0, 0, 0, 0], [0, 0, 1, 0, 0, 0, 0, 0, 0, 0]]","['Endothelial', 'Fibroblast', 'Glandular', 'Immune_cell', 'Keratinocyte', 'Lymphatic_endothelial', 'Melanocytes', 'Neural_cell', 'Unknown', 'muscle_fiber']",
cell_type,leave_source_out_scrna_pseudobulk_GSE163973_NF3,shared_genes,elastic_net_logreg,40,7,"{'Endothelial': 5, 'Fibroblast': 5, 'Keratinocyte': 5, 'muscle_fiber': 5, 'Lymphatic_endothelial': 5, 'Immune_cell': 5, 'Glandular': 4, 'Neural_cell': 3, 'Unknown': 2, 'Melanocytes': 1}","{'Fibroblast': 1, 'Endothelial': 1, 'Keratinocyte': 1, 'Lymphatic_endothelial': 1, 'muscle_fiber': 1, 'Melanocytes': 1, 'Immune_cell': 1}",1.0,1.0,1.0,1.0,,"[[1, 0, 0, 0, 0, 0, 0, 0, 0, 0], [0, 1, 0, 0, 0, 0, 0, 0, 0, 0], [0, 0, 0, 0, 0, 0, 0, 0, 0, 0], [0, 0, 0, 1, 0, 0, 0, 0, 0, 0], [0, 0, 0, 0, 1, 0, 0, 0, 0, 0], [0, 0, 0, 0, 0, 1, 0, 0, 0, 0], [0, 0, 0, 0, 0, 0, 1, 0, 0, 0], [0, 0, 0, 0, 0, 0, 0, 0, 0, 0], [0, 0, 0, 0, 0, 0, 0, 0, 0, 0], [0, 0, 0, 0, 0, 0, 0, 0, 0, 1]]","['Endothelial', 'Fibroblast', 'Glandular', 'Immune_cell', 'Keratinocyte', 'Lymphatic_endothelial', 'Melanocytes', 'Neural_cell', 'Unknown', 'muscle_fiber']",
cell_type,leave_source_out_scrna_pseudobulk_GSE163973_NF3,shared_genes,linear_svm,40,7,"{'Endothelial': 5, 'Fibroblast': 5, 'Keratinocyte': 5, 'muscle_fiber': 5, 'Lymphatic_endothelial': 5, 'Immune_cell': 5, 'Glandular': 4, 'Neural_cell': 3, 'Unknown': 2, 'Melanocytes': 1}","{'Fibroblast': 1, 'Endothelial': 1, 'Keratinocyte': 1, 'Lymphatic_endothelial': 1, 'muscle_fiber': 1, 'Melanocytes': 1, 'Immune_cell': 1}",1.0,1.0,1.0,1.0,,"[[1, 0, 0, 0, 0, 0, 0, 0, 0, 0], [0, 1, 0, 0, 0, 0, 0, 0, 0, 0], [0, 0, 0, 0, 0, 0, 0, 0, 0, 0], [0, 0, 0, 1, 0, 0, 0, 0, 0, 0], [0, 0, 0, 0, 1, 0, 0, 0, 0, 0], [0, 0, 0, 0, 0, 1, 0, 0, 0, 0], [0, 0, 0, 0, 0, 0, 1, 0, 0, 0], [0, 0, 0, 0, 0, 0, 0, 0, 0, 0], [0, 0, 0, 0, 0, 0, 0, 0, 0, 0], [0, 0, 0, 0, 0, 0, 0, 0, 0, 1]]","['Endothelial', 'Fibroblast', 'Glandular', 'Immune_cell', 'Keratinocyte', 'Lymphatic_endothelial', 'Melanocytes', 'Neural_cell', 'Unknown', 'muscle_fiber']",
cell_type,leave_source_out_scrna_pseudobulk_GSE163973_NF3,shared_genes,random_forest,40,7,"{'Endothelial': 5, 'Fibroblast': 5, 'Keratinocyte': 5, 'muscle_fiber': 5, 'Lymphatic_endothelial': 5, 'Immune_cell': 5, 'Glandular': 4, 'Neural_cell': 3, 'Unknown': 2, 'Melanocytes': 1}","{'Fibroblast': 1, 'Endothelial': 1, 'Keratinocyte': 1, 'Lymphatic_endothelial': 1, 'muscle_fiber': 1, 'Melanocytes': 1, 'Immune_cell': 1}",1.0,1.0,1.0,1.0,,"[[1, 0, 0, 0, 0, 0, 0, 0, 0, 0], [0, 1, 0, 0, 0, 0, 0, 0, 0, 0], [0, 0, 0, 0, 0, 0, 0, 0, 0, 0], [0, 0, 0, 1, 0, 0, 0, 0, 0, 0], [0, 0, 0, 0, 1, 0, 0, 0, 0, 0], [0, 0, 0, 0, 0, 1, 0, 0, 0, 0], [0, 0, 0, 0, 0, 0, 1, 0, 0, 0], [0, 0, 0, 0, 0, 0, 0, 0, 0, 0], [0, 0, 0, 0, 0, 0, 0, 0, 0, 0], [0, 0, 0, 0, 0, 0, 0, 0, 0, 1]]","['Endothelial', 'Fibroblast', 'Glandular', 'Immune_cell', 'Keratinocyte', 'Lymphatic_endothelial', 'Melanocytes', 'Neural_cell', 'Unknown', 'muscle_fiber']",
cell_type,leave_source_out_scrna_pseudobulk_GSE163973_NF3,shared_genes,hist_gradient_boosting,40,7,"{'Endothelial': 5, 'Fibroblast': 5, 'Keratinocyte': 5, 'muscle_fiber': 5, 'Lymphatic_endothelial': 5, 'Immune_cell': 5, 'Glandular': 4, 'Neural_cell': 3, 'Unknown': 2, 'Melanocytes': 1}","{'Fibroblast': 1, 'Endothelial': 1, 'Keratinocyte': 1, 'Lymphatic_endothelial': 1, 'muscle_fiber': 1, 'Melanocytes': 1, 'Immune_cell': 1}",1.0,1.0,1.0,1.0,,"[[1, 0, 0, 0, 0, 0, 0, 0, 0, 0], [0, 1, 0, 0, 0, 0, 0, 0, 0, 0], [0, 0, 0, 0, 0, 0, 0, 0, 0, 0], [0, 0, 0, 1, 0, 0, 0, 0, 0, 0], [0, 0, 0, 0, 1, 0, 0, 0, 0, 0], [0, 0, 0, 0, 0, 1, 0, 0, 0, 0], [0, 0, 0, 0, 0, 0, 1, 0, 0, 0], [0, 0, 0, 0, 0, 0, 0, 0, 0, 0], [0, 0, 0, 0, 0, 0, 0, 0, 0, 0], [0, 0, 0, 0, 0, 0, 0, 0, 0, 1]]","['Endothelial', 'Fibroblast', 'Glandular', 'Immune_cell', 'Keratinocyte', 'Lymphatic_endothelial', 'Melanocytes', 'Neural_cell', 'Unknown', 'muscle_fiber']",
cell_type,leave_source_out_scrna_pseudobulk_GSE163973_NF3,shared_genes,knn,40,7,"{'Endothelial': 5, 'Fibroblast': 5, 'Keratinocyte': 5, 'muscle_fiber': 5, 'Lymphatic_endothelial': 5, 'Immune_cell': 5, 'Glandular': 4, 'Neural_cell': 3, 'Unknown': 2, 'Melanocytes': 1}","{'Fibroblast': 1, 'Endothelial': 1, 'Keratinocyte': 1, 'Lymphatic_endothelial': 1, 'muscle_fiber': 1, 'Melanocytes': 1, 'Immune_cell': 1}",0.8571428571428571,0.8095238095238095,0.8571428571428571,0.8095238095238095,,"[[1, 0, 0, 0, 0, 0, 0, 0, 0, 0], [0, 1, 0, 0, 0, 0, 0, 0, 0, 0], [0, 0, 0, 0, 0, 0, 0, 0, 0, 0], [0, 0, 0, 1, 0, 0, 0, 0, 0, 0], [0, 0, 0, 0, 1, 0, 0, 0, 0, 0], [0, 0, 0, 0, 0, 1, 0, 0, 0, 0], [0, 0, 0, 0, 0, 0, 0, 0, 0, 1], [0, 0, 0, 0, 0, 0, 0, 0, 0, 0], [0, 0, 0, 0, 0, 0, 0, 0, 0, 0], [0, 0, 0, 0, 0, 0, 0, 0, 0, 1]]","['Endothelial', 'Fibroblast', 'Glandular', 'Immune_cell', 'Keratinocyte', 'Lymphatic_endothelial', 'Melanocytes', 'Neural_cell', 'Unknown', 'muscle_fiber']",
cell_type,leave_source_out_scrna_pseudobulk_GSE163973_NF3,modules_only,majority,40,7,"{'Endothelial': 5, 'Fibroblast': 5, 'Keratinocyte': 5, 'muscle_fiber': 5, 'Lymphatic_endothelial': 5, 'Immune_cell': 5, 'Glandular': 4, 'Neural_cell': 3, 'Unknown': 2, 'Melanocytes': 1}","{'Fibroblast': 1, 'Endothelial': 1, 'Keratinocyte': 1, 'Lymphatic_endothelial': 1, 'muscle_fiber': 1, 'Melanocytes': 1, 'Immune_cell': 1}",0.14285714285714285,0.03571428571428571,0.14285714285714285,0.03571428571428571,,"[[1, 0, 0, 0, 0, 0, 0, 0, 0, 0], [1, 0, 0, 0, 0, 0, 0, 0, 0, 0], [0, 0, 0, 0, 0, 0, 0, 0, 0, 0], [1, 0, 0, 0, 0, 0, 0, 0, 0, 0], [1, 0, 0, 0, 0, 0, 0, 0, 0, 0], [1, 0, 0, 0, 0, 0, 0, 0, 0, 0], [1, 0, 0, 0, 0, 0, 0, 0, 0, 0], [0, 0, 0, 0, 0, 0, 0, 0, 0, 0], [0, 0, 0, 0, 0, 0, 0, 0, 0, 0], [1, 0, 0, 0, 0, 0, 0, 0, 0, 0]]","['Endothelial', 'Fibroblast', 'Glandular', 'Immune_cell', 'Keratinocyte', 'Lymphatic_endothelial', 'Melanocytes', 'Neural_cell', 'Unknown', 'muscle_fiber']",
cell_type,leave_source_out_scrna_pseudobulk_GSE163973_NF3,modules_only,stratified_random,40,7,"{'Endothelial': 5, 'Fibroblast': 5, 'Keratinocyte': 5, 'muscle_fiber': 5, 'Lymphatic_endothelial': 5, 'Immune_cell': 5, 'Glandular': 4, 'Neural_cell': 3, 'Unknown': 2, 'Melanocytes': 1}","{'Fibroblast': 1, 'Endothelial': 1, 'Keratinocyte': 1, 'Lymphatic_endothelial': 1, 'muscle_fiber': 1, 'Melanocytes': 1, 'Immune_cell': 1}",0.14285714285714285,0.14285714285714285,0.14285714285714285,0.1,,"[[1, 0, 0, 0, 0, 0, 0, 0, 0, 0], [0, 0, 0, 1, 0, 0, 0, 0, 0, 0], [0, 0, 0, 0, 0, 0, 0, 0, 0, 0], [0, 0, 0, 0, 0, 0, 0, 1, 0, 0], [0, 0, 0, 0, 0, 0, 0, 0, 1, 0], [0, 0, 0, 0, 0, 0, 1, 0, 0, 0], [0, 0, 0, 1, 0, 0, 0, 0, 0, 0], [0, 0, 0, 0, 0, 0, 0, 0, 0, 0], [0, 0, 0, 0, 0, 0, 0, 0, 0, 0], [0, 0, 1, 0, 0, 0, 0, 0, 0, 0]]","['Endothelial', 'Fibroblast', 'Glandular', 'Immune_cell', 'Keratinocyte', 'Lymphatic_endothelial', 'Melanocytes', 'Neural_cell', 'Unknown', 'muscle_fiber']",
cell_type,leave_source_out_scrna_pseudobulk_GSE163973_NF3,modules_only,elastic_net_logreg,40,7,"{'Endothelial': 5, 'Fibroblast': 5, 'Keratinocyte': 5, 'muscle_fiber': 5, 'Lymphatic_endothelial': 5, 'Immune_cell': 5, 'Glandular': 4, 'Neural_cell': 3, 'Unknown': 2, 'Melanocytes': 1}","{'Fibroblast': 1, 'Endothelial': 1, 'Keratinocyte': 1, 'Lymphatic_endothelial': 1, 'muscle_fiber': 1, 'Melanocytes': 1, 'Immune_cell': 1}",0.7142857142857143,0.7142857142857143,0.7142857142857143,0.5555555555555556,,"[[1, 0, 0, 0, 0, 0, 0, 0, 0, 0], [0, 0, 0, 0, 0, 0, 0, 1, 0, 0], [0, 0, 0, 0, 0, 0, 0, 0, 0, 0], [0, 0, 1, 0, 0, 0, 0, 0, 0, 0], [0, 0, 0, 0, 1, 0, 0, 0, 0, 0], [0, 0, 0, 0, 0, 1, 0, 0, 0, 0], [0, 0, 0, 0, 0, 0, 1, 0, 0, 0], [0, 0, 0, 0, 0, 0, 0, 0, 0, 0], [0, 0, 0, 0, 0, 0, 0, 0, 0, 0], [0, 0, 0, 0, 0, 0, 0, 0, 0, 1]]","['Endothelial', 'Fibroblast', 'Glandular', 'Immune_cell', 'Keratinocyte', 'Lymphatic_endothelial', 'Melanocytes', 'Neural_cell', 'Unknown', 'muscle_fiber']",
cell_type,leave_source_out_scrna_pseudobulk_GSE163973_NF3,modules_only,linear_svm,40,7,"{'Endothelial': 5, 'Fibroblast': 5, 'Keratinocyte': 5, 'muscle_fiber': 5, 'Lymphatic_endothelial': 5, 'Immune_cell': 5, 'Glandular': 4, 'Neural_cell': 3, 'Unknown': 2, 'Melanocytes': 1}","{'Fibroblast': 1, 'Endothelial': 1, 'Keratinocyte': 1, 'Lymphatic_endothelial': 1, 'muscle_fiber': 1, 'Melanocytes': 1, 'Immune_cell': 1}",0.8571428571428571,0.8571428571428571,0.8571428571428571,0.75,,"[[1, 0, 0, 0, 0, 0, 0, 0, 0, 0], [0, 1, 0, 0, 0, 0, 0, 0, 0, 0], [0, 0, 0, 0, 0, 0, 0, 0, 0, 0], [0, 0, 1, 0, 0, 0, 0, 0, 0, 0], [0, 0, 0, 0, 1, 0, 0, 0, 0, 0], [0, 0, 0, 0, 0, 1, 0, 0, 0, 0], [0, 0, 0, 0, 0, 0, 1, 0, 0, 0], [0, 0, 0, 0, 0, 0, 0, 0, 0, 0], [0, 0, 0, 0, 0, 0, 0, 0, 0, 0], [0, 0, 0, 0, 0, 0, 0, 0, 0, 1]]","['Endothelial', 'Fibroblast', 'Glandular', 'Immune_cell', 'Keratinocyte', 'Lymphatic_endothelial', 'Melanocytes', 'Neural_cell', 'Unknown', 'muscle_fiber']",
cell_type,leave_source_out_scrna_pseudobulk_GSE163973_NF3,modules_only,random_forest,40,7,"{'Endothelial': 5, 'Fibroblast': 5, 'Keratinocyte': 5, 'muscle_fiber': 5, 'Lymphatic_endothelial': 5, 'Immune_cell': 5, 'Glandular': 4, 'Neural_cell': 3, 'Unknown': 2, 'Melanocytes': 1}","{'Fibroblast': 1, 'Endothelial': 1, 'Keratinocyte': 1, 'Lymphatic_endothelial': 1, 'muscle_fiber': 1, 'Melanocytes': 1, 'Immune_cell': 1}",0.7142857142857143,0.619047619047619,0.7142857142857143,0.619047619047619,,"[[1, 0, 0, 0, 0, 0, 0, 0, 0, 0], [0, 0, 0, 0, 0, 0, 0, 0, 0, 1], [0, 0, 0, 0, 0, 0, 0, 0, 0, 0], [0, 0, 0, 1, 0, 0, 0, 0, 0, 0], [0, 0, 0, 0, 1, 0, 0, 0, 0, 0], [0, 0, 0, 0, 0, 1, 0, 0, 0, 0], [0, 0, 0, 0, 1, 0, 0, 0, 0, 0], [0, 0, 0, 0, 0, 0, 0, 0, 0, 0], [0, 0, 0, 0, 0, 0, 0, 0, 0, 0], [0, 0, 0, 0, 0, 0, 0, 0, 0, 1]]","['Endothelial', 'Fibroblast', 'Glandular', 'Immune_cell', 'Keratinocyte', 'Lymphatic_endothelial', 'Melanocytes', 'Neural_cell', 'Unknown', 'muscle_fiber']",
cell_type,leave_source_out_scrna_pseudobulk_GSE163973_NF3,modules_only,hist_gradient_boosting,40,7,"{'Endothelial': 5, 'Fibroblast': 5, 'Keratinocyte': 5, 'muscle_fiber': 5, 'Lymphatic_endothelial': 5, 'Immune_cell': 5, 'Glandular': 4, 'Neural_cell': 3, 'Unknown': 2, 'Melanocytes': 1}","{'Fibroblast': 1, 'Endothelial': 1, 'Keratinocyte': 1, 'Lymphatic_endothelial': 1, 'muscle_fiber': 1, 'Melanocytes': 1, 'Immune_cell': 1}",0.5714285714285714,0.4523809523809524,0.5714285714285714,0.4523809523809524,,"[[1, 0, 0, 0, 0, 0, 0, 0, 0, 0], [0, 1, 0, 0, 0, 0, 0, 0, 0, 0], [0, 0, 0, 0, 0, 0, 0, 0, 0, 0], [0, 0, 0, 1, 0, 0, 0, 0, 0, 0], [0, 0, 0, 0, 1, 0, 0, 0, 0, 0], [0, 0, 0, 1, 0, 0, 0, 0, 0, 0], [0, 0, 0, 0, 1, 0, 0, 0, 0, 0], [0, 0, 0, 0, 0, 0, 0, 0, 0, 0], [0, 0, 0, 0, 0, 0, 0, 0, 0, 0], [0, 0, 0, 0, 1, 0, 0, 0, 0, 0]]","['Endothelial', 'Fibroblast', 'Glandular', 'Immune_cell', 'Keratinocyte', 'Lymphatic_endothelial', 'Melanocytes', 'Neural_cell', 'Unknown', 'muscle_fiber']",
cell_type,leave_source_out_scrna_pseudobulk_GSE163973_NF3,modules_only,knn,40,7,"{'Endothelial': 5, 'Fibroblast': 5, 'Keratinocyte': 5, 'muscle_fiber': 5, 'Lymphatic_endothelial': 5, 'Immune_cell': 5, 'Glandular': 4, 'Neural_cell': 3, 'Unknown': 2, 'Melanocytes': 1}","{'Fibroblast': 1, 'Endothelial': 1, 'Keratinocyte': 1, 'Lymphatic_endothelial': 1, 'muscle_fiber': 1, 'Melanocytes': 1, 'Immune_cell': 1}",0.8571428571428571,0.8571428571428571,0.8571428571428571,0.75,,"[[1, 0, 0, 0, 0, 0, 0, 0, 0, 0], [0, 1, 0, 0, 0, 0, 0, 0, 0, 0], [0, 0, 0, 0, 0, 0, 0, 0, 0, 0], [0, 0, 0, 1, 0, 0, 0, 0, 0, 0], [0, 0, 0, 0, 1, 0, 0, 0, 0, 0], [0, 0, 0, 0, 0, 1, 0, 0, 0, 0], [0, 0, 1, 0, 0, 0, 0, 0, 0, 0], [0, 0, 0, 0, 0, 0, 0, 0, 0, 0], [0, 0, 0, 0, 0, 0, 0, 0, 0, 0], [0, 0, 0, 0, 0, 0, 0, 0, 0, 1]]","['Endothelial', 'Fibroblast', 'Glandular', 'Immune_cell', 'Keratinocyte', 'Lymphatic_endothelial', 'Melanocytes', 'Neural_cell', 'Unknown', 'muscle_fiber']",
cell_type,leave_source_out_scrna_pseudobulk_GSE163973_NF3,modules_only,small_mlp,40,7,"{'Endothelial': 5, 'Fibroblast': 5, 'Keratinocyte': 5, 'muscle_fiber': 5, 'Lymphatic_endothelial': 5, 'Immune_cell': 5, 'Glandular': 4, 'Neural_cell': 3, 'Unknown': 2, 'Melanocytes': 1}","{'Fibroblast': 1, 'Endothelial': 1, 'Keratinocyte': 1, 'Lymphatic_endothelial': 1, 'muscle_fiber': 1, 'Melanocytes': 1, 'Immune_cell': 1}",0.42857142857142855,0.38095238095238093,0.42857142857142855,0.3333333333333333,,"[[1, 0, 0, 0, 0, 0, 0, 0, 0, 0], [0, 1, 0, 0, 0, 0, 0, 0, 0, 0], [0, 0, 0, 0, 0, 0, 0, 0, 0, 0], [0, 0, 1, 0, 0, 0, 0, 0, 0, 0], [0, 0, 0, 0, 1, 0, 0, 0, 0, 0], [0, 0, 0, 0, 0, 0, 1, 0, 0, 0], [0, 0, 1, 0, 0, 0, 0, 0, 0, 0], [0, 0, 0, 0, 0, 0, 0, 0, 0, 0], [0, 0, 0, 0, 0, 0, 0, 0, 0, 0], [0, 0, 0, 0, 1, 0, 0, 0, 0, 0]]","['Endothelial', 'Fibroblast', 'Glandular', 'Immune_cell', 'Keratinocyte', 'Lymphatic_endothelial', 'Melanocytes', 'Neural_cell', 'Unknown', 'muscle_fiber']",
