image_id,image_number,image_pos_x,image_pos_y,image_shape_h,image_shape_w,crop_number,acquisition_id,bc_depth,bc_invalid,bc_valid,bc_highest_count,bc_second_count,condition_id,condition_name,time_point,barcode,concentration,plate_id,bc_plate,bc_x,bc_y,well_name,sampleblock_id,site_id,acquisition_mcd_acid,acquisition_mcd_roiid,slideac_id,site_mcd_panoramaid,slide_id,slideac_name,slide_number,sampleblock_name,cellline,hastelox,mask_filename_cell,mask_filename_cyto,mask_filename_nucleiexp,image_stack_filename_FullStackComp,image_stack_filename_FullStackFiltered
2,2,217,72,318,321,2,1,30.0,97,67,63,1,19,HT-29_c1.0_tp72,72.0,"{'Pd102': 0, 'Pd104': 1, 'Pd105': 1, 'Pd106': 1, 'Pd108': 1, 'Pd110': 0, 'In113': 0, 'In115': 0}",1.0,173,1,11,B,B11,1,1,11,11,1,1,1,20190619_p173_slide31_ac1_vz,31,p173,HT-29,1,20190619_p173_slide31_ac1_vz_s1_p1_r11_a11_ac_full_l2_x217_y72_cell.tiff,20190619_p173_slide31_ac1_vz_s1_p1_r11_a11_ac_full_l2_x217_y72_cyto.tiff,20190619_p173_slide31_ac1_vz_s1_p1_r11_a11_ac_full_l2_x217_y72_nucleiexp.tiff,20190619_p173_slide31_ac1_vz_s1_p1_r11_a11_ac_full_l2_x217_y72_comp.tiff,20190619_p173_slide31_ac1_vz_s1_p1_r11_a11_ac_full_l2_x217_y72_filtered.tiff
125,125,0,0,289,329,1,39,30.0,86,40,40,0,19,HT-29_c1.0_tp72,72.0,"{'Pd102': 0, 'Pd104': 1, 'Pd105': 1, 'Pd106': 1, 'Pd108': 1, 'Pd110': 0, 'In113': 0, 'In115': 0}",1.0,173,1,11,B,B11,1,6,2,2,6,1,6,20190620_p173_slide34_ac1_vz,34,p173,HT-29,1,20190620_p173_slide34_ac1_vz_s1_p1_r2_a2_ac_full_l1_x0_y0_cell.tiff,20190620_p173_slide34_ac1_vz_s1_p1_r2_a2_ac_full_l1_x0_y0_cyto.tiff,20190620_p173_slide34_ac1_vz_s1_p1_r2_a2_ac_full_l1_x0_y0_nucleiexp.tiff,20190620_p173_slide34_ac1_vz_s1_p1_r2_a2_ac_full_l1_x0_y0_comp.tiff,20190620_p173_slide34_ac1_vz_s1_p1_r2_a2_ac_full_l1_x0_y0_filtered.tiff
284,284,0,91,279,268,1,118,30.0,90,39,38,1,19,HT-29_c1.0_tp72,72.0,"{'Pd102': 0, 'Pd104': 1, 'Pd105': 1, 'Pd106': 1, 'Pd108': 1, 'Pd110': 0, 'In113': 0, 'In115': 0}",1.0,173,1,11,B,B11,1,14,31,31,14,4,14,20190708_p173_slide26_ac1_vz,26,p173,HT-29,1,20190708_p173_slide26_ac1_vz_s1_p4_r31_a31_ac_full_l1_x0_y91_cell.tiff,20190708_p173_slide26_ac1_vz_s1_p4_r31_a31_ac_full_l1_x0_y91_cyto.tiff,20190708_p173_slide26_ac1_vz_s1_p4_r31_a31_ac_full_l1_x0_y91_nucleiexp.tiff,20190708_p173_slide26_ac1_vz_s1_p4_r31_a31_ac_full_l1_x0_y91_comp.tiff,20190708_p173_slide26_ac1_vz_s1_p4_r31_a31_ac_full_l1_x0_y91_filtered.tiff
310,310,0,772,237,301,1,133,30.0,87,50,49,1,19,HT-29_c1.0_tp72,72.0,"{'Pd102': 0, 'Pd104': 1, 'Pd105': 1, 'Pd106': 1, 'Pd108': 1, 'Pd110': 0, 'In113': 0, 'In115': 0}",1.0,173,1,11,B,B11,1,15,78,78,14,5,14,20190708_p173_slide26_ac1_vz,26,p173,HT-29,1,20190708_p173_slide26_ac1_vz_s1_p5_r78_a78_ac_full_l1_x0_y772_cell.tiff,20190708_p173_slide26_ac1_vz_s1_p5_r78_a78_ac_full_l1_x0_y772_cyto.tiff,20190708_p173_slide26_ac1_vz_s1_p5_r78_a78_ac_full_l1_x0_y772_nucleiexp.tiff,20190708_p173_slide26_ac1_vz_s1_p5_r78_a78_ac_full_l1_x0_y772_comp.tiff,20190708_p173_slide26_ac1_vz_s1_p5_r78_a78_ac_full_l1_x0_y772_filtered.tiff
332,332,0,185,270,278,1,148,30.0,85,53,53,0,19,HT-29_c1.0_tp72,72.0,"{'Pd102': 0, 'Pd104': 1, 'Pd105': 1, 'Pd106': 1, 'Pd108': 1, 'Pd110': 0, 'In113': 0, 'In115': 0}",1.0,173,1,11,B,B11,1,16,63,63,14,6,14,20190708_p173_slide26_ac1_vz,26,p173,HT-29,1,20190708_p173_slide26_ac1_vz_s1_p6_r63_a63_ac_full_l1_x0_y185_cell.tiff,20190708_p173_slide26_ac1_vz_s1_p6_r63_a63_ac_full_l1_x0_y185_cyto.tiff,20190708_p173_slide26_ac1_vz_s1_p6_r63_a63_ac_full_l1_x0_y185_nucleiexp.tiff,20190708_p173_slide26_ac1_vz_s1_p6_r63_a63_ac_full_l1_x0_y185_comp.tiff,20190708_p173_slide26_ac1_vz_s1_p6_r63_a63_ac_full_l1_x0_y185_filtered.tiff
457,457,0,0,241,300,1,181,30.0,96,47,47,0,19,HT-29_c1.0_tp72,72.0,"{'Pd102': 0, 'Pd104': 1, 'Pd105': 1, 'Pd106': 1, 'Pd108': 1, 'Pd110': 0, 'In113': 0, 'In115': 0}",1.0,173,1,11,B,B11,1,23,4,4,21,1,21,20190710_p173_slide36_ac1_vz,36,p173,HT-29,1,20190710_p173_slide36_ac1_vz_s1_p1_r4_a4_ac_full_l1_x0_y0_cell.tiff,20190710_p173_slide36_ac1_vz_s1_p1_r4_a4_ac_full_l1_x0_y0_cyto.tiff,20190710_p173_slide36_ac1_vz_s1_p1_r4_a4_ac_full_l1_x0_y0_nucleiexp.tiff,20190710_p173_slide36_ac1_vz_s1_p1_r4_a4_ac_full_l1_x0_y0_comp.tiff,20190710_p173_slide36_ac1_vz_s1_p1_r4_a4_ac_full_l1_x0_y0_filtered.tiff
547,547,0,190,350,299,1,198,30.0,57,32,28,1,19,HT-29_c1.0_tp72,72.0,"{'Pd102': 0, 'Pd104': 1, 'Pd105': 1, 'Pd106': 1, 'Pd108': 1, 'Pd110': 0, 'In113': 0, 'In115': 0}",1.0,173,1,11,B,B11,1,27,13,13,25,1,25,20190711_p173_slide28_ac1_vz,28,p173,HT-29,1,20190711_p173_slide28_ac1_vz_s1_p1_r13_a13_ac_full_l1_x0_y190_cell.tiff,20190711_p173_slide28_ac1_vz_s1_p1_r13_a13_ac_full_l1_x0_y190_cyto.tiff,20190711_p173_slide28_ac1_vz_s1_p1_r13_a13_ac_full_l1_x0_y190_nucleiexp.tiff,20190711_p173_slide28_ac1_vz_s1_p1_r13_a13_ac_full_l1_x0_y190_comp.tiff,20190711_p173_slide28_ac1_vz_s1_p1_r13_a13_ac_full_l1_x0_y190_filtered.tiff
3,3,0,0,271,261,1,2,30.0,128,46,44,1,77,DLD-1_c0.25_tp72,72.0,"{'Pd102': 1, 'Pd104': 0, 'Pd105': 1, 'Pd106': 1, 'Pd108': 0, 'Pd110': 0, 'In113': 0, 'In115': 1}",0.25,173,1,10,E,E10,1,1,13,13,1,1,1,20190619_p173_slide31_ac1_vz,31,p173,DLD-1,1,20190619_p173_slide31_ac1_vz_s1_p1_r13_a13_ac_full_l1_x0_y0_cell.tiff,20190619_p173_slide31_ac1_vz_s1_p1_r13_a13_ac_full_l1_x0_y0_cyto.tiff,20190619_p173_slide31_ac1_vz_s1_p1_r13_a13_ac_full_l1_x0_y0_nucleiexp.tiff,20190619_p173_slide31_ac1_vz_s1_p1_r13_a13_ac_full_l1_x0_y0_comp.tiff,20190619_p173_slide31_ac1_vz_s1_p1_r13_a13_ac_full_l1_x0_y0_filtered.tiff
126,126,0,0,290,278,1,40,30.0,126,37,36,1,77,DLD-1_c0.25_tp72,72.0,"{'Pd102': 1, 'Pd104': 0, 'Pd105': 1, 'Pd106': 1, 'Pd108': 0, 'Pd110': 0, 'In113': 0, 'In115': 1}",0.25,173,1,10,E,E10,1,6,3,3,6,1,6,20190620_p173_slide34_ac1_vz,34,p173,DLD-1,1,20190620_p173_slide34_ac1_vz_s1_p1_r3_a3_ac_full_l1_x0_y0_cell.tiff,20190620_p173_slide34_ac1_vz_s1_p1_r3_a3_ac_full_l1_x0_y0_cyto.tiff,20190620_p173_slide34_ac1_vz_s1_p1_r3_a3_ac_full_l1_x0_y0_nucleiexp.tiff,20190620_p173_slide34_ac1_vz_s1_p1_r3_a3_ac_full_l1_x0_y0_comp.tiff,20190620_p173_slide34_ac1_vz_s1_p1_r3_a3_ac_full_l1_x0_y0_filtered.tiff
334,334,371,303,182,160,3,148,30.0,24,20,20,0,77,DLD-1_c0.25_tp72,72.0,"{'Pd102': 1, 'Pd104': 0, 'Pd105': 1, 'Pd106': 1, 'Pd108': 0, 'Pd110': 0, 'In113': 0, 'In115': 1}",0.25,173,1,10,E,E10,1,16,63,63,14,6,14,20190708_p173_slide26_ac1_vz,26,p173,DLD-1,1,20190708_p173_slide26_ac1_vz_s1_p6_r63_a63_ac_full_l3_x371_y303_cell.tiff,20190708_p173_slide26_ac1_vz_s1_p6_r63_a63_ac_full_l3_x371_y303_cyto.tiff,20190708_p173_slide26_ac1_vz_s1_p6_r63_a63_ac_full_l3_x371_y303_nucleiexp.tiff,20190708_p173_slide26_ac1_vz_s1_p6_r63_a63_ac_full_l3_x371_y303_comp.tiff,20190708_p173_slide26_ac1_vz_s1_p6_r63_a63_ac_full_l3_x371_y303_filtered.tiff
458,458,0,0,253,229,1,182,30.0,102,49,48,1,77,DLD-1_c0.25_tp72,72.0,"{'Pd102': 1, 'Pd104': 0, 'Pd105': 1, 'Pd106': 1, 'Pd108': 0, 'Pd110': 0, 'In113': 0, 'In115': 1}",0.25,173,1,10,E,E10,1,23,7,7,21,1,21,20190710_p173_slide36_ac1_vz,36,p173,DLD-1,1,20190710_p173_slide36_ac1_vz_s1_p1_r7_a7_ac_full_l1_x0_y0_cell.tiff,20190710_p173_slide36_ac1_vz_s1_p1_r7_a7_ac_full_l1_x0_y0_cyto.tiff,20190710_p173_slide36_ac1_vz_s1_p1_r7_a7_ac_full_l1_x0_y0_nucleiexp.tiff,20190710_p173_slide36_ac1_vz_s1_p1_r7_a7_ac_full_l1_x0_y0_comp.tiff,20190710_p173_slide36_ac1_vz_s1_p1_r7_a7_ac_full_l1_x0_y0_filtered.tiff
549,549,282,286,270,263,3,198,30.0,50,42,40,2,77,DLD-1_c0.25_tp72,72.0,"{'Pd102': 1, 'Pd104': 0, 'Pd105': 1, 'Pd106': 1, 'Pd108': 0, 'Pd110': 0, 'In113': 0, 'In115': 1}",0.25,173,1,10,E,E10,1,27,13,13,25,1,25,20190711_p173_slide28_ac1_vz,28,p173,DLD-1,1,20190711_p173_slide28_ac1_vz_s1_p1_r13_a13_ac_full_l3_x282_y286_cell.tiff,20190711_p173_slide28_ac1_vz_s1_p1_r13_a13_ac_full_l3_x282_y286_cyto.tiff,20190711_p173_slide28_ac1_vz_s1_p1_r13_a13_ac_full_l3_x282_y286_nucleiexp.tiff,20190711_p173_slide28_ac1_vz_s1_p1_r13_a13_ac_full_l3_x282_y286_comp.tiff,20190711_p173_slide28_ac1_vz_s1_p1_r13_a13_ac_full_l3_x282_y286_filtered.tiff
4,4,0,127,409,383,1,3,30.0,178,77,76,1,29,DLD-1_c1.0_tp72,72.0,"{'Pd102': 0, 'Pd104': 1, 'Pd105': 0, 'Pd106': 1, 'Pd108': 1, 'Pd110': 0, 'In113': 1, 'In115': 0}",1.0,173,1,6,C,C06,1,1,14,14,1,1,1,20190619_p173_slide31_ac1_vz,31,p173,DLD-1,1,20190619_p173_slide31_ac1_vz_s1_p1_r14_a14_ac_full_l1_x0_y127_cell.tiff,20190619_p173_slide31_ac1_vz_s1_p1_r14_a14_ac_full_l1_x0_y127_cyto.tiff,20190619_p173_slide31_ac1_vz_s1_p1_r14_a14_ac_full_l1_x0_y127_nucleiexp.tiff,20190619_p173_slide31_ac1_vz_s1_p1_r14_a14_ac_full_l1_x0_y127_comp.tiff,20190619_p173_slide31_ac1_vz_s1_p1_r14_a14_ac_full_l1_x0_y127_filtered.tiff
128,128,0,148,367,379,2,41,30.0,158,37,34,1,29,DLD-1_c1.0_tp72,72.0,"{'Pd102': 0, 'Pd104': 1, 'Pd105': 0, 'Pd106': 1, 'Pd108': 1, 'Pd110': 0, 'In113': 1, 'In115': 0}",1.0,173,1,6,C,C06,1,6,6,6,6,1,6,20190620_p173_slide34_ac1_vz,34,p173,DLD-1,1,20190620_p173_slide34_ac1_vz_s1_p1_r6_a6_ac_full_l2_x0_y148_cell.tiff,20190620_p173_slide34_ac1_vz_s1_p1_r6_a6_ac_full_l2_x0_y148_cyto.tiff,20190620_p173_slide34_ac1_vz_s1_p1_r6_a6_ac_full_l2_x0_y148_nucleiexp.tiff,20190620_p173_slide34_ac1_vz_s1_p1_r6_a6_ac_full_l2_x0_y148_comp.tiff,20190620_p173_slide34_ac1_vz_s1_p1_r6_a6_ac_full_l2_x0_y148_filtered.tiff
286,286,602,162,410,316,3,118,30.0,142,57,56,1,29,DLD-1_c1.0_tp72,72.0,"{'Pd102': 0, 'Pd104': 1, 'Pd105': 0, 'Pd106': 1, 'Pd108': 1, 'Pd110': 0, 'In113': 1, 'In115': 0}",1.0,173,1,6,C,C06,1,14,31,31,14,4,14,20190708_p173_slide26_ac1_vz,26,p173,DLD-1,1,20190708_p173_slide26_ac1_vz_s1_p4_r31_a31_ac_full_l3_x602_y162_cell.tiff,20190708_p173_slide26_ac1_vz_s1_p4_r31_a31_ac_full_l3_x602_y162_cyto.tiff,20190708_p173_slide26_ac1_vz_s1_p4_r31_a31_ac_full_l3_x602_y162_nucleiexp.tiff,20190708_p173_slide26_ac1_vz_s1_p4_r31_a31_ac_full_l3_x602_y162_comp.tiff,20190708_p173_slide26_ac1_vz_s1_p4_r31_a31_ac_full_l3_x602_y162_filtered.tiff
313,313,405,266,399,399,4,133,30.0,187,65,65,0,29,DLD-1_c1.0_tp72,72.0,"{'Pd102': 0, 'Pd104': 1, 'Pd105': 0, 'Pd106': 1, 'Pd108': 1, 'Pd110': 0, 'In113': 1, 'In115': 0}",1.0,173,1,6,C,C06,1,15,78,78,14,5,14,20190708_p173_slide26_ac1_vz,26,p173,DLD-1,1,20190708_p173_slide26_ac1_vz_s1_p5_r78_a78_ac_full_l4_x405_y266_cell.tiff,20190708_p173_slide26_ac1_vz_s1_p5_r78_a78_ac_full_l4_x405_y266_cyto.tiff,20190708_p173_slide26_ac1_vz_s1_p5_r78_a78_ac_full_l4_x405_y266_nucleiexp.tiff,20190708_p173_slide26_ac1_vz_s1_p5_r78_a78_ac_full_l4_x405_y266_comp.tiff,20190708_p173_slide26_ac1_vz_s1_p5_r78_a78_ac_full_l4_x405_y266_filtered.tiff
328,328,0,220,375,362,1,146,30.0,163,69,67,1,29,DLD-1_c1.0_tp72,72.0,"{'Pd102': 0, 'Pd104': 1, 'Pd105': 0, 'Pd106': 1, 'Pd108': 1, 'Pd110': 0, 'In113': 1, 'In115': 0}",1.0,173,1,6,C,C06,1,16,59,59,14,6,14,20190708_p173_slide26_ac1_vz,26,p173,DLD-1,1,20190708_p173_slide26_ac1_vz_s1_p6_r59_a59_ac_full_l1_x0_y220_cell.tiff,20190708_p173_slide26_ac1_vz_s1_p6_r59_a59_ac_full_l1_x0_y220_cyto.tiff,20190708_p173_slide26_ac1_vz_s1_p6_r59_a59_ac_full_l1_x0_y220_nucleiexp.tiff,20190708_p173_slide26_ac1_vz_s1_p6_r59_a59_ac_full_l1_x0_y220_comp.tiff,20190708_p173_slide26_ac1_vz_s1_p6_r59_a59_ac_full_l1_x0_y220_filtered.tiff
453,453,0,229,262,311,1,180,30.0,78,59,59,0,29,DLD-1_c1.0_tp72,72.0,"{'Pd102': 0, 'Pd104': 1, 'Pd105': 0, 'Pd106': 1, 'Pd108': 1, 'Pd110': 0, 'In113': 1, 'In115': 0}",1.0,173,1,6,C,C06,1,23,13,13,21,1,21,20190710_p173_slide36_ac1_vz,36,p173,DLD-1,1,20190710_p173_slide36_ac1_vz_s1_p1_r13_a13_ac_full_l1_x0_y229_cell.tiff,20190710_p173_slide36_ac1_vz_s1_p1_r13_a13_ac_full_l1_x0_y229_cyto.tiff,20190710_p173_slide36_ac1_vz_s1_p1_r13_a13_ac_full_l1_x0_y229_nucleiexp.tiff,20190710_p173_slide36_ac1_vz_s1_p1_r13_a13_ac_full_l1_x0_y229_comp.tiff,20190710_p173_slide36_ac1_vz_s1_p1_r13_a13_ac_full_l1_x0_y229_filtered.tiff
551,551,571,153,446,390,5,198,30.0,171,76,73,1,29,DLD-1_c1.0_tp72,72.0,"{'Pd102': 0, 'Pd104': 1, 'Pd105': 0, 'Pd106': 1, 'Pd108': 1, 'Pd110': 0, 'In113': 1, 'In115': 0}",1.0,173,1,6,C,C06,1,27,13,13,25,1,25,20190711_p173_slide28_ac1_vz,28,p173,DLD-1,1,20190711_p173_slide28_ac1_vz_s1_p1_r13_a13_ac_full_l5_x571_y153_cell.tiff,20190711_p173_slide28_ac1_vz_s1_p1_r13_a13_ac_full_l5_x571_y153_cyto.tiff,20190711_p173_slide28_ac1_vz_s1_p1_r13_a13_ac_full_l5_x571_y153_nucleiexp.tiff,20190711_p173_slide28_ac1_vz_s1_p1_r13_a13_ac_full_l5_x571_y153_comp.tiff,20190711_p173_slide28_ac1_vz_s1_p1_r13_a13_ac_full_l5_x571_y153_filtered.tiff
656,656,0,0,257,224,1,244,30.0,37,32,31,1,29,DLD-1_c1.0_tp72,72.0,"{'Pd102': 0, 'Pd104': 1, 'Pd105': 0, 'Pd106': 1, 'Pd108': 1, 'Pd110': 0, 'In113': 1, 'In115': 0}",1.0,173,1,6,C,C06,1,32,16,16,29,1,29,20190715_p173_slide22_ac1_vz,22,p173,DLD-1,1,20190715_p173_slide22_ac1_vz_s1_p1_r16_a16_ac_full_l1_x0_y0_cell.tiff,20190715_p173_slide22_ac1_vz_s1_p1_r16_a16_ac_full_l1_x0_y0_cyto.tiff,20190715_p173_slide22_ac1_vz_s1_p1_r16_a16_ac_full_l1_x0_y0_nucleiexp.tiff,20190715_p173_slide22_ac1_vz_s1_p1_r16_a16_ac_full_l1_x0_y0_comp.tiff,20190715_p173_slide22_ac1_vz_s1_p1_r16_a16_ac_full_l1_x0_y0_filtered.tiff
5,5,277,0,188,209,2,3,30.0,71,24,23,1,65,DLD-1_c0.25_tp72,72.0,"{'Pd102': 1, 'Pd104': 0, 'Pd105': 0, 'Pd106': 1, 'Pd108': 0, 'Pd110': 1, 'In113': 1, 'In115': 0}",0.25,173,1,4,E,E04,1,1,14,14,1,1,1,20190619_p173_slide31_ac1_vz,31,p173,DLD-1,0,20190619_p173_slide31_ac1_vz_s1_p1_r14_a14_ac_full_l2_x277_y0_cell.tiff,20190619_p173_slide31_ac1_vz_s1_p1_r14_a14_ac_full_l2_x277_y0_cyto.tiff,20190619_p173_slide31_ac1_vz_s1_p1_r14_a14_ac_full_l2_x277_y0_nucleiexp.tiff,20190619_p173_slide31_ac1_vz_s1_p1_r14_a14_ac_full_l2_x277_y0_comp.tiff,20190619_p173_slide31_ac1_vz_s1_p1_r14_a14_ac_full_l2_x277_y0_filtered.tiff
287,287,867,0,277,277,4,118,30.0,118,32,31,1,65,DLD-1_c0.25_tp72,72.0,"{'Pd102': 1, 'Pd104': 0, 'Pd105': 0, 'Pd106': 1, 'Pd108': 0, 'Pd110': 1, 'In113': 1, 'In115': 0}",0.25,173,1,4,E,E04,1,14,31,31,14,4,14,20190708_p173_slide26_ac1_vz,26,p173,DLD-1,0,20190708_p173_slide26_ac1_vz_s1_p4_r31_a31_ac_full_l4_x867_y0_cell.tiff,20190708_p173_slide26_ac1_vz_s1_p4_r31_a31_ac_full_l4_x867_y0_cyto.tiff,20190708_p173_slide26_ac1_vz_s1_p4_r31_a31_ac_full_l4_x867_y0_nucleiexp.tiff,20190708_p173_slide26_ac1_vz_s1_p4_r31_a31_ac_full_l4_x867_y0_comp.tiff,20190708_p173_slide26_ac1_vz_s1_p4_r31_a31_ac_full_l4_x867_y0_filtered.tiff
312,312,393,45,287,259,3,133,30.0,113,45,45,0,65,DLD-1_c0.25_tp72,72.0,"{'Pd102': 1, 'Pd104': 0, 'Pd105': 0, 'Pd106': 1, 'Pd108': 0, 'Pd110': 1, 'In113': 1, 'In115': 0}",0.25,173,1,4,E,E04,1,15,78,78,14,5,14,20190708_p173_slide26_ac1_vz,26,p173,DLD-1,0,20190708_p173_slide26_ac1_vz_s1_p5_r78_a78_ac_full_l3_x393_y45_cell.tiff,20190708_p173_slide26_ac1_vz_s1_p5_r78_a78_ac_full_l3_x393_y45_cyto.tiff,20190708_p173_slide26_ac1_vz_s1_p5_r78_a78_ac_full_l3_x393_y45_nucleiexp.tiff,20190708_p173_slide26_ac1_vz_s1_p5_r78_a78_ac_full_l3_x393_y45_comp.tiff,20190708_p173_slide26_ac1_vz_s1_p5_r78_a78_ac_full_l3_x393_y45_filtered.tiff
329,329,128,0,249,267,2,146,30.0,118,42,42,0,65,DLD-1_c0.25_tp72,72.0,"{'Pd102': 1, 'Pd104': 0, 'Pd105': 0, 'Pd106': 1, 'Pd108': 0, 'Pd110': 1, 'In113': 1, 'In115': 0}",0.25,173,1,4,E,E04,1,16,59,59,14,6,14,20190708_p173_slide26_ac1_vz,26,p173,DLD-1,0,20190708_p173_slide26_ac1_vz_s1_p6_r59_a59_ac_full_l2_x128_y0_cell.tiff,20190708_p173_slide26_ac1_vz_s1_p6_r59_a59_ac_full_l2_x128_y0_cyto.tiff,20190708_p173_slide26_ac1_vz_s1_p6_r59_a59_ac_full_l2_x128_y0_nucleiexp.tiff,20190708_p173_slide26_ac1_vz_s1_p6_r59_a59_ac_full_l2_x128_y0_comp.tiff,20190708_p173_slide26_ac1_vz_s1_p6_r59_a59_ac_full_l2_x128_y0_filtered.tiff
552,552,851,0,270,261,6,198,30.0,121,33,33,0,65,DLD-1_c0.25_tp72,72.0,"{'Pd102': 1, 'Pd104': 0, 'Pd105': 0, 'Pd106': 1, 'Pd108': 0, 'Pd110': 1, 'In113': 1, 'In115': 0}",0.25,173,1,4,E,E04,1,27,13,13,25,1,25,20190711_p173_slide28_ac1_vz,28,p173,DLD-1,0,20190711_p173_slide28_ac1_vz_s1_p1_r13_a13_ac_full_l6_x851_y0_cell.tiff,20190711_p173_slide28_ac1_vz_s1_p1_r13_a13_ac_full_l6_x851_y0_cyto.tiff,20190711_p173_slide28_ac1_vz_s1_p1_r13_a13_ac_full_l6_x851_y0_nucleiexp.tiff,20190711_p173_slide28_ac1_vz_s1_p1_r13_a13_ac_full_l6_x851_y0_comp.tiff,20190711_p173_slide28_ac1_vz_s1_p1_r13_a13_ac_full_l6_x851_y0_filtered.tiff
657,657,0,281,212,236,1,245,30.0,98,32,31,1,65,DLD-1_c0.25_tp72,72.0,"{'Pd102': 1, 'Pd104': 0, 'Pd105': 0, 'Pd106': 1, 'Pd108': 0, 'Pd110': 1, 'In113': 1, 'In115': 0}",0.25,173,1,4,E,E04,1,32,17,17,29,1,29,20190715_p173_slide22_ac1_vz,22,p173,DLD-1,0,20190715_p173_slide22_ac1_vz_s1_p1_r17_a17_ac_full_l1_x0_y281_cell.tiff,20190715_p173_slide22_ac1_vz_s1_p1_r17_a17_ac_full_l1_x0_y281_cyto.tiff,20190715_p173_slide22_ac1_vz_s1_p1_r17_a17_ac_full_l1_x0_y281_nucleiexp.tiff,20190715_p173_slide22_ac1_vz_s1_p1_r17_a17_ac_full_l1_x0_y281_comp.tiff,20190715_p173_slide22_ac1_vz_s1_p1_r17_a17_ac_full_l1_x0_y281_filtered.tiff
6,6,389,144,351,355,3,3,30.0,84,72,71,1,53,T-REx-293_c0.5_tp72,72.0,"{'Pd102': 1, 'Pd104': 1, 'Pd105': 1, 'Pd106': 0, 'Pd108': 0, 'Pd110': 0, 'In113': 1, 'In115': 0}",0.5,173,1,8,D,D08,1,1,14,14,1,1,1,20190619_p173_slide31_ac1_vz,31,p173,T-REx-293,0,20190619_p173_slide31_ac1_vz_s1_p1_r14_a14_ac_full_l3_x389_y144_cell.tiff,20190619_p173_slide31_ac1_vz_s1_p1_r14_a14_ac_full_l3_x389_y144_cyto.tiff,20190619_p173_slide31_ac1_vz_s1_p1_r14_a14_ac_full_l3_x389_y144_nucleiexp.tiff,20190619_p173_slide31_ac1_vz_s1_p1_r14_a14_ac_full_l3_x389_y144_comp.tiff,20190619_p173_slide31_ac1_vz_s1_p1_r14_a14_ac_full_l3_x389_y144_filtered.tiff
130,130,361,0,350,358,4,41,30.0,77,38,35,1,53,T-REx-293_c0.5_tp72,72.0,"{'Pd102': 1, 'Pd104': 1, 'Pd105': 1, 'Pd106': 0, 'Pd108': 0, 'Pd110': 0, 'In113': 1, 'In115': 0}",0.5,173,1,8,D,D08,1,6,6,6,6,1,6,20190620_p173_slide34_ac1_vz,34,p173,T-REx-293,0,20190620_p173_slide34_ac1_vz_s1_p1_r6_a6_ac_full_l4_x361_y0_cell.tiff,20190620_p173_slide34_ac1_vz_s1_p1_r6_a6_ac_full_l4_x361_y0_cyto.tiff,20190620_p173_slide34_ac1_vz_s1_p1_r6_a6_ac_full_l4_x361_y0_nucleiexp.tiff,20190620_p173_slide34_ac1_vz_s1_p1_r6_a6_ac_full_l4_x361_y0_comp.tiff,20190620_p173_slide34_ac1_vz_s1_p1_r6_a6_ac_full_l4_x361_y0_filtered.tiff
288,288,1011,215,357,236,5,118,30.0,71,63,58,3,53,T-REx-293_c0.5_tp72,72.0,"{'Pd102': 1, 'Pd104': 1, 'Pd105': 1, 'Pd106': 0, 'Pd108': 0, 'Pd110': 0, 'In113': 1, 'In115': 0}",0.5,173,1,8,D,D08,1,14,31,31,14,4,14,20190708_p173_slide26_ac1_vz,26,p173,T-REx-293,0,20190708_p173_slide26_ac1_vz_s1_p4_r31_a31_ac_full_l5_x1011_y215_cell.tiff,20190708_p173_slide26_ac1_vz_s1_p4_r31_a31_ac_full_l5_x1011_y215_cyto.tiff,20190708_p173_slide26_ac1_vz_s1_p4_r31_a31_ac_full_l5_x1011_y215_nucleiexp.tiff,20190708_p173_slide26_ac1_vz_s1_p4_r31_a31_ac_full_l5_x1011_y215_comp.tiff,20190708_p173_slide26_ac1_vz_s1_p4_r31_a31_ac_full_l5_x1011_y215_filtered.tiff
314,314,680,0,270,353,5,133,30.0,91,77,74,1,53,T-REx-293_c0.5_tp72,72.0,"{'Pd102': 1, 'Pd104': 1, 'Pd105': 1, 'Pd106': 0, 'Pd108': 0, 'Pd110': 0, 'In113': 1, 'In115': 0}",0.5,173,1,8,D,D08,1,15,78,78,14,5,14,20190708_p173_slide26_ac1_vz,26,p173,T-REx-293,0,20190708_p173_slide26_ac1_vz_s1_p5_r78_a78_ac_full_l5_x680_y0_cell.tiff,20190708_p173_slide26_ac1_vz_s1_p5_r78_a78_ac_full_l5_x680_y0_cyto.tiff,20190708_p173_slide26_ac1_vz_s1_p5_r78_a78_ac_full_l5_x680_y0_nucleiexp.tiff,20190708_p173_slide26_ac1_vz_s1_p5_r78_a78_ac_full_l5_x680_y0_comp.tiff,20190708_p173_slide26_ac1_vz_s1_p5_r78_a78_ac_full_l5_x680_y0_filtered.tiff
330,330,349,78,285,339,3,146,30.0,75,63,61,1,53,T-REx-293_c0.5_tp72,72.0,"{'Pd102': 1, 'Pd104': 1, 'Pd105': 1, 'Pd106': 0, 'Pd108': 0, 'Pd110': 0, 'In113': 1, 'In115': 0}",0.5,173,1,8,D,D08,1,16,59,59,14,6,14,20190708_p173_slide26_ac1_vz,26,p173,T-REx-293,0,20190708_p173_slide26_ac1_vz_s1_p6_r59_a59_ac_full_l3_x349_y78_cell.tiff,20190708_p173_slide26_ac1_vz_s1_p6_r59_a59_ac_full_l3_x349_y78_cyto.tiff,20190708_p173_slide26_ac1_vz_s1_p6_r59_a59_ac_full_l3_x349_y78_nucleiexp.tiff,20190708_p173_slide26_ac1_vz_s1_p6_r59_a59_ac_full_l3_x349_y78_comp.tiff,20190708_p173_slide26_ac1_vz_s1_p6_r59_a59_ac_full_l3_x349_y78_filtered.tiff
456,456,250,0,265,284,4,180,30.0,78,52,51,1,53,T-REx-293_c0.5_tp72,72.0,"{'Pd102': 1, 'Pd104': 1, 'Pd105': 1, 'Pd106': 0, 'Pd108': 0, 'Pd110': 0, 'In113': 1, 'In115': 0}",0.5,173,1,8,D,D08,1,23,13,13,21,1,21,20190710_p173_slide36_ac1_vz,36,p173,T-REx-293,0,20190710_p173_slide36_ac1_vz_s1_p1_r13_a13_ac_full_l4_x250_y0_cell.tiff,20190710_p173_slide36_ac1_vz_s1_p1_r13_a13_ac_full_l4_x250_y0_cyto.tiff,20190710_p173_slide36_ac1_vz_s1_p1_r13_a13_ac_full_l4_x250_y0_nucleiexp.tiff,20190710_p173_slide36_ac1_vz_s1_p1_r13_a13_ac_full_l4_x250_y0_comp.tiff,20190710_p173_slide36_ac1_vz_s1_p1_r13_a13_ac_full_l4_x250_y0_filtered.tiff
553,553,976,166,373,357,7,198,30.0,73,66,64,1,53,T-REx-293_c0.5_tp72,72.0,"{'Pd102': 1, 'Pd104': 1, 'Pd105': 1, 'Pd106': 0, 'Pd108': 0, 'Pd110': 0, 'In113': 1, 'In115': 0}",0.5,173,1,8,D,D08,1,27,13,13,25,1,25,20190711_p173_slide28_ac1_vz,28,p173,T-REx-293,0,20190711_p173_slide28_ac1_vz_s1_p1_r13_a13_ac_full_l7_x976_y166_cell.tiff,20190711_p173_slide28_ac1_vz_s1_p1_r13_a13_ac_full_l7_x976_y166_cyto.tiff,20190711_p173_slide28_ac1_vz_s1_p1_r13_a13_ac_full_l7_x976_y166_nucleiexp.tiff,20190711_p173_slide28_ac1_vz_s1_p1_r13_a13_ac_full_l7_x976_y166_comp.tiff,20190711_p173_slide28_ac1_vz_s1_p1_r13_a13_ac_full_l7_x976_y166_filtered.tiff
7,7,0,0,189,177,1,4,30.0,34,44,44,0,23,T-47D_c1.0_tp72,72.0,"{'Pd102': 1, 'Pd104': 0, 'Pd105': 1, 'Pd106': 0, 'Pd108': 1, 'Pd110': 0, 'In113': 1, 'In115': 0}",1.0,173,1,3,C,C03,1,1,15,15,1,1,1,20190619_p173_slide31_ac1_vz,31,p173,T-47D,1,20190619_p173_slide31_ac1_vz_s1_p1_r15_a15_ac_full_l1_x0_y0_cell.tiff,20190619_p173_slide31_ac1_vz_s1_p1_r15_a15_ac_full_l1_x0_y0_cyto.tiff,20190619_p173_slide31_ac1_vz_s1_p1_r15_a15_ac_full_l1_x0_y0_nucleiexp.tiff,20190619_p173_slide31_ac1_vz_s1_p1_r15_a15_ac_full_l1_x0_y0_comp.tiff,20190619_p173_slide31_ac1_vz_s1_p1_r15_a15_ac_full_l1_x0_y0_filtered.tiff
282,282,0,0,257,264,1,116,30.0,96,35,35,0,23,T-47D_c1.0_tp72,72.0,"{'Pd102': 1, 'Pd104': 0, 'Pd105': 1, 'Pd106': 0, 'Pd108': 1, 'Pd110': 0, 'In113': 1, 'In115': 0}",1.0,173,1,3,C,C03,1,14,25,25,14,4,14,20190708_p173_slide26_ac1_vz,26,p173,T-47D,1,20190708_p173_slide26_ac1_vz_s1_p4_r25_a25_ac_full_l1_x0_y0_cell.tiff,20190708_p173_slide26_ac1_vz_s1_p4_r25_a25_ac_full_l1_x0_y0_cyto.tiff,20190708_p173_slide26_ac1_vz_s1_p4_r25_a25_ac_full_l1_x0_y0_nucleiexp.tiff,20190708_p173_slide26_ac1_vz_s1_p4_r25_a25_ac_full_l1_x0_y0_comp.tiff,20190708_p173_slide26_ac1_vz_s1_p4_r25_a25_ac_full_l1_x0_y0_filtered.tiff
294,294,0,0,239,291,1,122,30.0,85,47,47,0,23,T-47D_c1.0_tp72,72.0,"{'Pd102': 1, 'Pd104': 0, 'Pd105': 1, 'Pd106': 0, 'Pd108': 1, 'Pd110': 0, 'In113': 1, 'In115': 0}",1.0,173,1,3,C,C03,1,15,65,65,14,5,14,20190708_p173_slide26_ac1_vz,26,p173,T-47D,1,20190708_p173_slide26_ac1_vz_s1_p5_r65_a65_ac_full_l1_x0_y0_cell.tiff,20190708_p173_slide26_ac1_vz_s1_p5_r65_a65_ac_full_l1_x0_y0_cyto.tiff,20190708_p173_slide26_ac1_vz_s1_p5_r65_a65_ac_full_l1_x0_y0_nucleiexp.tiff,20190708_p173_slide26_ac1_vz_s1_p5_r65_a65_ac_full_l1_x0_y0_comp.tiff,20190708_p173_slide26_ac1_vz_s1_p5_r65_a65_ac_full_l1_x0_y0_filtered.tiff
331,331,0,0,212,281,1,147,30.0,85,28,27,1,23,T-47D_c1.0_tp72,72.0,"{'Pd102': 1, 'Pd104': 0, 'Pd105': 1, 'Pd106': 0, 'Pd108': 1, 'Pd110': 0, 'In113': 1, 'In115': 0}",1.0,173,1,3,C,C03,1,16,60,60,14,6,14,20190708_p173_slide26_ac1_vz,26,p173,T-47D,1,20190708_p173_slide26_ac1_vz_s1_p6_r60_a60_ac_full_l1_x0_y0_cell.tiff,20190708_p173_slide26_ac1_vz_s1_p6_r60_a60_ac_full_l1_x0_y0_cyto.tiff,20190708_p173_slide26_ac1_vz_s1_p6_r60_a60_ac_full_l1_x0_y0_nucleiexp.tiff,20190708_p173_slide26_ac1_vz_s1_p6_r60_a60_ac_full_l1_x0_y0_comp.tiff,20190708_p173_slide26_ac1_vz_s1_p6_r60_a60_ac_full_l1_x0_y0_filtered.tiff
545,545,4,0,261,260,1,196,30.0,63,27,27,0,23,T-47D_c1.0_tp72,72.0,"{'Pd102': 1, 'Pd104': 0, 'Pd105': 1, 'Pd106': 0, 'Pd108': 1, 'Pd110': 0, 'In113': 1, 'In115': 0}",1.0,173,1,3,C,C03,1,27,10,10,25,1,25,20190711_p173_slide28_ac1_vz,28,p173,T-47D,1,20190711_p173_slide28_ac1_vz_s1_p1_r10_a10_ac_full_l1_x4_y0_cell.tiff,20190711_p173_slide28_ac1_vz_s1_p1_r10_a10_ac_full_l1_x4_y0_cyto.tiff,20190711_p173_slide28_ac1_vz_s1_p1_r10_a10_ac_full_l1_x4_y0_nucleiexp.tiff,20190711_p173_slide28_ac1_vz_s1_p1_r10_a10_ac_full_l1_x4_y0_comp.tiff,20190711_p173_slide28_ac1_vz_s1_p1_r10_a10_ac_full_l1_x4_y0_filtered.tiff
9,9,0,0,233,267,1,6,30.0,97,36,35,1,47,HT-29_c0.5_tp72,72.0,"{'Pd102': 0, 'Pd104': 1, 'Pd105': 1, 'Pd106': 0, 'Pd108': 1, 'Pd110': 0, 'In113': 0, 'In115': 1}",0.5,173,1,5,D,D05,1,1,3,3,1,1,1,20190619_p173_slide31_ac1_vz,31,p173,HT-29,0,20190619_p173_slide31_ac1_vz_s1_p1_r3_a3_ac_full_l1_x0_y0_cell.tiff,20190619_p173_slide31_ac1_vz_s1_p1_r3_a3_ac_full_l1_x0_y0_cyto.tiff,20190619_p173_slide31_ac1_vz_s1_p1_r3_a3_ac_full_l1_x0_y0_nucleiexp.tiff,20190619_p173_slide31_ac1_vz_s1_p1_r3_a3_ac_full_l1_x0_y0_comp.tiff,20190619_p173_slide31_ac1_vz_s1_p1_r3_a3_ac_full_l1_x0_y0_filtered.tiff
292,292,0,0,274,312,1,120,30.0,93,38,37,1,47,HT-29_c0.5_tp72,72.0,"{'Pd102': 0, 'Pd104': 1, 'Pd105': 1, 'Pd106': 0, 'Pd108': 1, 'Pd110': 0, 'In113': 0, 'In115': 1}",0.5,173,1,5,D,D05,1,14,8,8,14,4,14,20190708_p173_slide26_ac1_vz,26,p173,HT-29,0,20190708_p173_slide26_ac1_vz_s1_p4_r8_a8_ac_full_l1_x0_y0_cell.tiff,20190708_p173_slide26_ac1_vz_s1_p4_r8_a8_ac_full_l1_x0_y0_cyto.tiff,20190708_p173_slide26_ac1_vz_s1_p4_r8_a8_ac_full_l1_x0_y0_nucleiexp.tiff,20190708_p173_slide26_ac1_vz_s1_p4_r8_a8_ac_full_l1_x0_y0_comp.tiff,20190708_p173_slide26_ac1_vz_s1_p4_r8_a8_ac_full_l1_x0_y0_filtered.tiff
304,304,0,424,279,303,1,132,30.0,104,40,39,1,47,HT-29_c0.5_tp72,72.0,"{'Pd102': 0, 'Pd104': 1, 'Pd105': 1, 'Pd106': 0, 'Pd108': 1, 'Pd110': 0, 'In113': 0, 'In115': 1}",0.5,173,1,5,D,D05,1,15,77,77,14,5,14,20190708_p173_slide26_ac1_vz,26,p173,HT-29,0,20190708_p173_slide26_ac1_vz_s1_p5_r77_a77_ac_full_l1_x0_y424_cell.tiff,20190708_p173_slide26_ac1_vz_s1_p5_r77_a77_ac_full_l1_x0_y424_cyto.tiff,20190708_p173_slide26_ac1_vz_s1_p5_r77_a77_ac_full_l1_x0_y424_nucleiexp.tiff,20190708_p173_slide26_ac1_vz_s1_p5_r77_a77_ac_full_l1_x0_y424_comp.tiff,20190708_p173_slide26_ac1_vz_s1_p5_r77_a77_ac_full_l1_x0_y424_filtered.tiff
321,321,0,0,244,333,1,140,30.0,102,34,33,1,47,HT-29_c0.5_tp72,72.0,"{'Pd102': 0, 'Pd104': 1, 'Pd105': 1, 'Pd106': 0, 'Pd108': 1, 'Pd110': 0, 'In113': 0, 'In115': 1}",0.5,173,1,5,D,D05,1,16,46,46,14,6,14,20190708_p173_slide26_ac1_vz,26,p173,HT-29,0,20190708_p173_slide26_ac1_vz_s1_p6_r46_a46_ac_full_l1_x0_y0_cell.tiff,20190708_p173_slide26_ac1_vz_s1_p6_r46_a46_ac_full_l1_x0_y0_cyto.tiff,20190708_p173_slide26_ac1_vz_s1_p6_r46_a46_ac_full_l1_x0_y0_nucleiexp.tiff,20190708_p173_slide26_ac1_vz_s1_p6_r46_a46_ac_full_l1_x0_y0_comp.tiff,20190708_p173_slide26_ac1_vz_s1_p6_r46_a46_ac_full_l1_x0_y0_filtered.tiff
559,559,0,2,310,330,1,204,30.0,103,32,30,1,47,HT-29_c0.5_tp72,72.0,"{'Pd102': 0, 'Pd104': 1, 'Pd105': 1, 'Pd106': 0, 'Pd108': 1, 'Pd110': 0, 'In113': 0, 'In115': 1}",0.5,173,1,5,D,D05,1,27,8,8,25,1,25,20190711_p173_slide28_ac1_vz,28,p173,HT-29,0,20190711_p173_slide28_ac1_vz_s1_p1_r8_a8_ac_full_l1_x0_y2_cell.tiff,20190711_p173_slide28_ac1_vz_s1_p1_r8_a8_ac_full_l1_x0_y2_cyto.tiff,20190711_p173_slide28_ac1_vz_s1_p1_r8_a8_ac_full_l1_x0_y2_nucleiexp.tiff,20190711_p173_slide28_ac1_vz_s1_p1_r8_a8_ac_full_l1_x0_y2_comp.tiff,20190711_p173_slide28_ac1_vz_s1_p1_r8_a8_ac_full_l1_x0_y2_filtered.tiff
672,672,0,0,175,225,1,253,30.0,22,46,46,0,47,HT-29_c0.5_tp72,72.0,"{'Pd102': 0, 'Pd104': 1, 'Pd105': 1, 'Pd106': 0, 'Pd108': 1, 'Pd110': 0, 'In113': 0, 'In115': 1}",0.5,173,1,5,D,D05,1,32,6,6,29,1,29,20190715_p173_slide22_ac1_vz,22,p173,HT-29,0,20190715_p173_slide22_ac1_vz_s1_p1_r6_a6_ac_full_l1_x0_y0_cell.tiff,20190715_p173_slide22_ac1_vz_s1_p1_r6_a6_ac_full_l1_x0_y0_cyto.tiff,20190715_p173_slide22_ac1_vz_s1_p1_r6_a6_ac_full_l1_x0_y0_nucleiexp.tiff,20190715_p173_slide22_ac1_vz_s1_p1_r6_a6_ac_full_l1_x0_y0_comp.tiff,20190715_p173_slide22_ac1_vz_s1_p1_r6_a6_ac_full_l1_x0_y0_filtered.tiff
11,11,0,0,199,213,1,8,30.0,31,52,52,0,33,DLD-1_c1.0_tp72,72.0,"{'Pd102': 1, 'Pd104': 1, 'Pd105': 1, 'Pd106': 0, 'Pd108': 0, 'Pd110': 1, 'In113': 0, 'In115': 0}",1.0,173,1,8,C,C08,1,1,5,5,1,1,1,20190619_p173_slide31_ac1_vz,31,p173,DLD-1,0,20190619_p173_slide31_ac1_vz_s1_p1_r5_a5_ac_full_l1_x0_y0_cell.tiff,20190619_p173_slide31_ac1_vz_s1_p1_r5_a5_ac_full_l1_x0_y0_cyto.tiff,20190619_p173_slide31_ac1_vz_s1_p1_r5_a5_ac_full_l1_x0_y0_nucleiexp.tiff,20190619_p173_slide31_ac1_vz_s1_p1_r5_a5_ac_full_l1_x0_y0_comp.tiff,20190619_p173_slide31_ac1_vz_s1_p1_r5_a5_ac_full_l1_x0_y0_filtered.tiff
97,97,0,255,360,377,1,32,30.0,131,31,30,1,33,DLD-1_c1.0_tp72,72.0,"{'Pd102': 1, 'Pd104': 1, 'Pd105': 1, 'Pd106': 0, 'Pd108': 0, 'Pd110': 1, 'In113': 0, 'In115': 0}",1.0,173,1,8,C,C08,1,5,22,22,5,1,5,20190620_p173_slide19_ac1_vz,19,p173,DLD-1,0,20190620_p173_slide19_ac1_vz_s1_p1_r22_a22_ac_full_l1_x0_y255_cell.tiff,20190620_p173_slide19_ac1_vz_s1_p1_r22_a22_ac_full_l1_x0_y255_cyto.tiff,20190620_p173_slide19_ac1_vz_s1_p1_r22_a22_ac_full_l1_x0_y255_nucleiexp.tiff,20190620_p173_slide19_ac1_vz_s1_p1_r22_a22_ac_full_l1_x0_y255_comp.tiff,20190620_p173_slide19_ac1_vz_s1_p1_r22_a22_ac_full_l1_x0_y255_filtered.tiff
299,299,0,0,342,364,1,127,30.0,148,58,58,0,33,DLD-1_c1.0_tp72,72.0,"{'Pd102': 1, 'Pd104': 1, 'Pd105': 1, 'Pd106': 0, 'Pd108': 0, 'Pd110': 1, 'In113': 0, 'In115': 0}",1.0,173,1,8,C,C08,1,15,70,70,14,5,14,20190708_p173_slide26_ac1_vz,26,p173,DLD-1,0,20190708_p173_slide26_ac1_vz_s1_p5_r70_a70_ac_full_l1_x0_y0_cell.tiff,20190708_p173_slide26_ac1_vz_s1_p5_r70_a70_ac_full_l1_x0_y0_cyto.tiff,20190708_p173_slide26_ac1_vz_s1_p5_r70_a70_ac_full_l1_x0_y0_nucleiexp.tiff,20190708_p173_slide26_ac1_vz_s1_p5_r70_a70_ac_full_l1_x0_y0_comp.tiff,20190708_p173_slide26_ac1_vz_s1_p5_r70_a70_ac_full_l1_x0_y0_filtered.tiff
318,318,0,0,309,359,1,137,30.0,144,57,56,1,33,DLD-1_c1.0_tp72,72.0,"{'Pd102': 1, 'Pd104': 1, 'Pd105': 1, 'Pd106': 0, 'Pd108': 0, 'Pd110': 1, 'In113': 0, 'In115': 0}",1.0,173,1,8,C,C08,1,16,37,37,14,6,14,20190708_p173_slide26_ac1_vz,26,p173,DLD-1,0,20190708_p173_slide26_ac1_vz_s1_p6_r37_a37_ac_full_l1_x0_y0_cell.tiff,20190708_p173_slide26_ac1_vz_s1_p6_r37_a37_ac_full_l1_x0_y0_cyto.tiff,20190708_p173_slide26_ac1_vz_s1_p6_r37_a37_ac_full_l1_x0_y0_nucleiexp.tiff,20190708_p173_slide26_ac1_vz_s1_p6_r37_a37_ac_full_l1_x0_y0_comp.tiff,20190708_p173_slide26_ac1_vz_s1_p6_r37_a37_ac_full_l1_x0_y0_filtered.tiff
556,556,2,0,329,313,1,201,30.0,113,66,63,2,33,DLD-1_c1.0_tp72,72.0,"{'Pd102': 1, 'Pd104': 1, 'Pd105': 1, 'Pd106': 0, 'Pd108': 0, 'Pd110': 1, 'In113': 0, 'In115': 0}",1.0,173,1,8,C,C08,1,27,4,4,25,1,25,20190711_p173_slide28_ac1_vz,28,p173,DLD-1,0,20190711_p173_slide28_ac1_vz_s1_p1_r4_a4_ac_full_l1_x2_y0_cell.tiff,20190711_p173_slide28_ac1_vz_s1_p1_r4_a4_ac_full_l1_x2_y0_cyto.tiff,20190711_p173_slide28_ac1_vz_s1_p1_r4_a4_ac_full_l1_x2_y0_nucleiexp.tiff,20190711_p173_slide28_ac1_vz_s1_p1_r4_a4_ac_full_l1_x2_y0_comp.tiff,20190711_p173_slide28_ac1_vz_s1_p1_r4_a4_ac_full_l1_x2_y0_filtered.tiff
585,585,354,174,307,318,5,217,30.0,127,32,30,1,33,DLD-1_c1.0_tp72,72.0,"{'Pd102': 1, 'Pd104': 1, 'Pd105': 1, 'Pd106': 0, 'Pd108': 0, 'Pd110': 1, 'In113': 0, 'In115': 0}",1.0,173,1,8,C,C08,1,30,12,12,28,1,28,20190715_p173_slide16_ac1_vz,16,p173,DLD-1,0,20190715_p173_slide16_ac1_vz_s1_p1_r12_a12_ac_full_l5_x354_y174_cell.tiff,20190715_p173_slide16_ac1_vz_s1_p1_r12_a12_ac_full_l5_x354_y174_cyto.tiff,20190715_p173_slide16_ac1_vz_s1_p1_r12_a12_ac_full_l5_x354_y174_nucleiexp.tiff,20190715_p173_slide16_ac1_vz_s1_p1_r12_a12_ac_full_l5_x354_y174_comp.tiff,20190715_p173_slide16_ac1_vz_s1_p1_r12_a12_ac_full_l5_x354_y174_filtered.tiff
670,670,173,0,359,355,3,251,30.0,121,52,51,1,33,DLD-1_c1.0_tp72,72.0,"{'Pd102': 1, 'Pd104': 1, 'Pd105': 1, 'Pd106': 0, 'Pd108': 0, 'Pd110': 1, 'In113': 0, 'In115': 0}",1.0,173,1,8,C,C08,1,32,27,27,29,1,29,20190715_p173_slide22_ac1_vz,22,p173,DLD-1,0,20190715_p173_slide22_ac1_vz_s1_p1_r27_a27_ac_full_l3_x173_y0_cell.tiff,20190715_p173_slide22_ac1_vz_s1_p1_r27_a27_ac_full_l3_x173_y0_cyto.tiff,20190715_p173_slide22_ac1_vz_s1_p1_r27_a27_ac_full_l3_x173_y0_nucleiexp.tiff,20190715_p173_slide22_ac1_vz_s1_p1_r27_a27_ac_full_l3_x173_y0_comp.tiff,20190715_p173_slide22_ac1_vz_s1_p1_r27_a27_ac_full_l3_x173_y0_filtered.tiff
12,12,0,0,408,324,1,9,30.0,101,29,29,0,1,T-REx-293_c1.0_tp72,72.0,"{'Pd102': 1, 'Pd104': 1, 'Pd105': 0, 'Pd106': 0, 'Pd108': 1, 'Pd110': 1, 'In113': 0, 'In115': 0}",1.0,173,1,2,B,B02,1,1,6,6,1,1,1,20190619_p173_slide31_ac1_vz,31,p173,T-REx-293,1,20190619_p173_slide31_ac1_vz_s1_p1_r6_a6_ac_full_l1_x0_y0_cell.tiff,20190619_p173_slide31_ac1_vz_s1_p1_r6_a6_ac_full_l1_x0_y0_cyto.tiff,20190619_p173_slide31_ac1_vz_s1_p1_r6_a6_ac_full_l1_x0_y0_nucleiexp.tiff,20190619_p173_slide31_ac1_vz_s1_p1_r6_a6_ac_full_l1_x0_y0_comp.tiff,20190619_p173_slide31_ac1_vz_s1_p1_r6_a6_ac_full_l1_x0_y0_filtered.tiff
114,114,423,287,396,425,9,32,30.0,116,86,85,1,1,T-REx-293_c1.0_tp72,72.0,"{'Pd102': 1, 'Pd104': 1, 'Pd105': 0, 'Pd106': 0, 'Pd108': 1, 'Pd110': 1, 'In113': 0, 'In115': 0}",1.0,173,1,2,B,B02,1,5,22,22,5,1,5,20190620_p173_slide19_ac1_vz,19,p173,T-REx-293,1,20190620_p173_slide19_ac1_vz_s1_p1_r22_a22_ac_full_l9_x423_y287_cell.tiff,20190620_p173_slide19_ac1_vz_s1_p1_r22_a22_ac_full_l9_x423_y287_cyto.tiff,20190620_p173_slide19_ac1_vz_s1_p1_r22_a22_ac_full_l9_x423_y287_nucleiexp.tiff,20190620_p173_slide19_ac1_vz_s1_p1_r22_a22_ac_full_l9_x423_y287_comp.tiff,20190620_p173_slide19_ac1_vz_s1_p1_r22_a22_ac_full_l9_x423_y287_filtered.tiff
290,290,0,282,490,460,2,119,30.0,142,132,131,1,1,T-REx-293_c1.0_tp72,72.0,"{'Pd102': 1, 'Pd104': 1, 'Pd105': 0, 'Pd106': 0, 'Pd108': 1, 'Pd110': 1, 'In113': 0, 'In115': 0}",1.0,173,1,2,B,B02,1,14,5,5,14,4,14,20190708_p173_slide26_ac1_vz,26,p173,T-REx-293,1,20190708_p173_slide26_ac1_vz_s1_p4_r5_a5_ac_full_l2_x0_y282_cell.tiff,20190708_p173_slide26_ac1_vz_s1_p4_r5_a5_ac_full_l2_x0_y282_cyto.tiff,20190708_p173_slide26_ac1_vz_s1_p4_r5_a5_ac_full_l2_x0_y282_nucleiexp.tiff,20190708_p173_slide26_ac1_vz_s1_p4_r5_a5_ac_full_l2_x0_y282_comp.tiff,20190708_p173_slide26_ac1_vz_s1_p4_r5_a5_ac_full_l2_x0_y282_filtered.tiff
309,309,281,165,451,548,6,132,30.0,148,151,149,1,1,T-REx-293_c1.0_tp72,72.0,"{'Pd102': 1, 'Pd104': 1, 'Pd105': 0, 'Pd106': 0, 'Pd108': 1, 'Pd110': 1, 'In113': 0, 'In115': 0}",1.0,173,1,2,B,B02,1,15,77,77,14,5,14,20190708_p173_slide26_ac1_vz,26,p173,T-REx-293,1,20190708_p173_slide26_ac1_vz_s1_p5_r77_a77_ac_full_l6_x281_y165_cell.tiff,20190708_p173_slide26_ac1_vz_s1_p5_r77_a77_ac_full_l6_x281_y165_cyto.tiff,20190708_p173_slide26_ac1_vz_s1_p5_r77_a77_ac_full_l6_x281_y165_nucleiexp.tiff,20190708_p173_slide26_ac1_vz_s1_p5_r77_a77_ac_full_l6_x281_y165_comp.tiff,20190708_p173_slide26_ac1_vz_s1_p5_r77_a77_ac_full_l6_x281_y165_filtered.tiff
323,323,0,0,442,481,1,141,30.0,136,125,122,2,1,T-REx-293_c1.0_tp72,72.0,"{'Pd102': 1, 'Pd104': 1, 'Pd105': 0, 'Pd106': 0, 'Pd108': 1, 'Pd110': 1, 'In113': 0, 'In115': 0}",1.0,173,1,2,B,B02,1,16,49,49,14,6,14,20190708_p173_slide26_ac1_vz,26,p173,T-REx-293,1,20190708_p173_slide26_ac1_vz_s1_p6_r49_a49_ac_full_l1_x0_y0_cell.tiff,20190708_p173_slide26_ac1_vz_s1_p6_r49_a49_ac_full_l1_x0_y0_cyto.tiff,20190708_p173_slide26_ac1_vz_s1_p6_r49_a49_ac_full_l1_x0_y0_nucleiexp.tiff,20190708_p173_slide26_ac1_vz_s1_p6_r49_a49_ac_full_l1_x0_y0_comp.tiff,20190708_p173_slide26_ac1_vz_s1_p6_r49_a49_ac_full_l1_x0_y0_filtered.tiff
633,633,790,744,279,325,10,238,30.0,84,50,50,0,1,T-REx-293_c1.0_tp72,72.0,"{'Pd102': 1, 'Pd104': 1, 'Pd105': 0, 'Pd106': 0, 'Pd108': 1, 'Pd110': 1, 'In113': 0, 'In115': 0}",1.0,173,1,2,B,B02,1,31,37,37,28,2,28,20190715_p173_slide16_ac1_vz,16,p173,T-REx-293,1,20190715_p173_slide16_ac1_vz_s1_p2_r37_a37_ac_full_l10_x790_y744_cell.tiff,20190715_p173_slide16_ac1_vz_s1_p2_r37_a37_ac_full_l10_x790_y744_cyto.tiff,20190715_p173_slide16_ac1_vz_s1_p2_r37_a37_ac_full_l10_x790_y744_nucleiexp.tiff,20190715_p173_slide16_ac1_vz_s1_p2_r37_a37_ac_full_l10_x790_y744_comp.tiff,20190715_p173_slide16_ac1_vz_s1_p2_r37_a37_ac_full_l10_x790_y744_filtered.tiff
665,665,113,408,486,466,3,249,30.0,141,137,136,1,1,T-REx-293_c1.0_tp72,72.0,"{'Pd102': 1, 'Pd104': 1, 'Pd105': 0, 'Pd106': 0, 'Pd108': 1, 'Pd110': 1, 'In113': 0, 'In115': 0}",1.0,173,1,2,B,B02,1,32,24,24,29,1,29,20190715_p173_slide22_ac1_vz,22,p173,T-REx-293,1,20190715_p173_slide22_ac1_vz_s1_p1_r24_a24_ac_full_l3_x113_y408_cell.tiff,20190715_p173_slide22_ac1_vz_s1_p1_r24_a24_ac_full_l3_x113_y408_cyto.tiff,20190715_p173_slide22_ac1_vz_s1_p1_r24_a24_ac_full_l3_x113_y408_nucleiexp.tiff,20190715_p173_slide22_ac1_vz_s1_p1_r24_a24_ac_full_l3_x113_y408_comp.tiff,20190715_p173_slide22_ac1_vz_s1_p1_r24_a24_ac_full_l3_x113_y408_filtered.tiff
13,13,2,0,275,333,1,10,30.0,50,108,107,1,49,T-REx-293_c0.5_tp72,72.0,"{'Pd102': 0, 'Pd104': 1, 'Pd105': 0, 'Pd106': 1, 'Pd108': 1, 'Pd110': 0, 'In113': 0, 'In115': 1}",0.5,173,1,6,D,D06,1,1,7,7,1,1,1,20190619_p173_slide31_ac1_vz,31,p173,T-REx-293,1,20190619_p173_slide31_ac1_vz_s1_p1_r7_a7_ac_full_l1_x2_y0_cell.tiff,20190619_p173_slide31_ac1_vz_s1_p1_r7_a7_ac_full_l1_x2_y0_cyto.tiff,20190619_p173_slide31_ac1_vz_s1_p1_r7_a7_ac_full_l1_x2_y0_nucleiexp.tiff,20190619_p173_slide31_ac1_vz_s1_p1_r7_a7_ac_full_l1_x2_y0_comp.tiff,20190619_p173_slide31_ac1_vz_s1_p1_r7_a7_ac_full_l1_x2_y0_filtered.tiff
301,301,0,0,355,403,1,129,30.0,93,120,120,0,49,T-REx-293_c0.5_tp72,72.0,"{'Pd102': 0, 'Pd104': 1, 'Pd105': 0, 'Pd106': 1, 'Pd108': 1, 'Pd110': 0, 'In113': 0, 'In115': 1}",0.5,173,1,6,D,D06,1,15,72,72,14,5,14,20190708_p173_slide26_ac1_vz,26,p173,T-REx-293,1,20190708_p173_slide26_ac1_vz_s1_p5_r72_a72_ac_full_l1_x0_y0_cell.tiff,20190708_p173_slide26_ac1_vz_s1_p5_r72_a72_ac_full_l1_x0_y0_cyto.tiff,20190708_p173_slide26_ac1_vz_s1_p5_r72_a72_ac_full_l1_x0_y0_nucleiexp.tiff,20190708_p173_slide26_ac1_vz_s1_p5_r72_a72_ac_full_l1_x0_y0_comp.tiff,20190708_p173_slide26_ac1_vz_s1_p5_r72_a72_ac_full_l1_x0_y0_filtered.tiff
325,325,0,0,349,412,1,143,30.0,110,119,118,1,49,T-REx-293_c0.5_tp72,72.0,"{'Pd102': 0, 'Pd104': 1, 'Pd105': 0, 'Pd106': 1, 'Pd108': 1, 'Pd110': 0, 'In113': 0, 'In115': 1}",0.5,173,1,6,D,D06,1,16,53,53,14,6,14,20190708_p173_slide26_ac1_vz,26,p173,T-REx-293,1,20190708_p173_slide26_ac1_vz_s1_p6_r53_a53_ac_full_l1_x0_y0_cell.tiff,20190708_p173_slide26_ac1_vz_s1_p6_r53_a53_ac_full_l1_x0_y0_cyto.tiff,20190708_p173_slide26_ac1_vz_s1_p6_r53_a53_ac_full_l1_x0_y0_nucleiexp.tiff,20190708_p173_slide26_ac1_vz_s1_p6_r53_a53_ac_full_l1_x0_y0_comp.tiff,20190708_p173_slide26_ac1_vz_s1_p6_r53_a53_ac_full_l1_x0_y0_filtered.tiff
564,564,2,0,367,389,1,205,30.0,62,139,139,0,49,T-REx-293_c0.5_tp72,72.0,"{'Pd102': 0, 'Pd104': 1, 'Pd105': 0, 'Pd106': 1, 'Pd108': 1, 'Pd110': 0, 'In113': 0, 'In115': 1}",0.5,173,1,6,D,D06,1,27,9,9,25,1,25,20190711_p173_slide28_ac1_vz,28,p173,T-REx-293,1,20190711_p173_slide28_ac1_vz_s1_p1_r9_a9_ac_full_l1_x2_y0_cell.tiff,20190711_p173_slide28_ac1_vz_s1_p1_r9_a9_ac_full_l1_x2_y0_cyto.tiff,20190711_p173_slide28_ac1_vz_s1_p1_r9_a9_ac_full_l1_x2_y0_nucleiexp.tiff,20190711_p173_slide28_ac1_vz_s1_p1_r9_a9_ac_full_l1_x2_y0_comp.tiff,20190711_p173_slide28_ac1_vz_s1_p1_r9_a9_ac_full_l1_x2_y0_filtered.tiff
15,15,0,0,214,252,1,12,30.0,48,50,49,1,51,HT-29_c0.5_tp72,72.0,"{'Pd102': 0, 'Pd104': 0, 'Pd105': 1, 'Pd106': 1, 'Pd108': 1, 'Pd110': 0, 'In113': 0, 'In115': 1}",0.5,173,1,7,D,D07,1,1,9,9,1,1,1,20190619_p173_slide31_ac1_vz,31,p173,HT-29,1,20190619_p173_slide31_ac1_vz_s1_p1_r9_a9_ac_full_l1_x0_y0_cell.tiff,20190619_p173_slide31_ac1_vz_s1_p1_r9_a9_ac_full_l1_x0_y0_cyto.tiff,20190619_p173_slide31_ac1_vz_s1_p1_r9_a9_ac_full_l1_x0_y0_nucleiexp.tiff,20190619_p173_slide31_ac1_vz_s1_p1_r9_a9_ac_full_l1_x0_y0_comp.tiff,20190619_p173_slide31_ac1_vz_s1_p1_r9_a9_ac_full_l1_x0_y0_filtered.tiff
283,283,0,0,264,299,1,117,30.0,122,41,41,0,51,HT-29_c0.5_tp72,72.0,"{'Pd102': 0, 'Pd104': 0, 'Pd105': 1, 'Pd106': 1, 'Pd108': 1, 'Pd110': 0, 'In113': 0, 'In115': 1}",0.5,173,1,7,D,D07,1,14,26,26,14,4,14,20190708_p173_slide26_ac1_vz,26,p173,HT-29,1,20190708_p173_slide26_ac1_vz_s1_p4_r26_a26_ac_full_l1_x0_y0_cell.tiff,20190708_p173_slide26_ac1_vz_s1_p4_r26_a26_ac_full_l1_x0_y0_cyto.tiff,20190708_p173_slide26_ac1_vz_s1_p4_r26_a26_ac_full_l1_x0_y0_nucleiexp.tiff,20190708_p173_slide26_ac1_vz_s1_p4_r26_a26_ac_full_l1_x0_y0_comp.tiff,20190708_p173_slide26_ac1_vz_s1_p4_r26_a26_ac_full_l1_x0_y0_filtered.tiff
296,296,0,0,298,290,1,124,30.0,116,40,40,0,51,HT-29_c0.5_tp72,72.0,"{'Pd102': 0, 'Pd104': 0, 'Pd105': 1, 'Pd106': 1, 'Pd108': 1, 'Pd110': 0, 'In113': 0, 'In115': 1}",0.5,173,1,7,D,D07,1,15,67,67,14,5,14,20190708_p173_slide26_ac1_vz,26,p173,HT-29,1,20190708_p173_slide26_ac1_vz_s1_p5_r67_a67_ac_full_l1_x0_y0_cell.tiff,20190708_p173_slide26_ac1_vz_s1_p5_r67_a67_ac_full_l1_x0_y0_cyto.tiff,20190708_p173_slide26_ac1_vz_s1_p5_r67_a67_ac_full_l1_x0_y0_nucleiexp.tiff,20190708_p173_slide26_ac1_vz_s1_p5_r67_a67_ac_full_l1_x0_y0_comp.tiff,20190708_p173_slide26_ac1_vz_s1_p5_r67_a67_ac_full_l1_x0_y0_filtered.tiff
327,327,0,0,268,287,1,145,30.0,99,24,24,0,51,HT-29_c0.5_tp72,72.0,"{'Pd102': 0, 'Pd104': 0, 'Pd105': 1, 'Pd106': 1, 'Pd108': 1, 'Pd110': 0, 'In113': 0, 'In115': 1}",0.5,173,1,7,D,D07,1,16,56,56,14,6,14,20190708_p173_slide26_ac1_vz,26,p173,HT-29,1,20190708_p173_slide26_ac1_vz_s1_p6_r56_a56_ac_full_l1_x0_y0_cell.tiff,20190708_p173_slide26_ac1_vz_s1_p6_r56_a56_ac_full_l1_x0_y0_cyto.tiff,20190708_p173_slide26_ac1_vz_s1_p6_r56_a56_ac_full_l1_x0_y0_nucleiexp.tiff,20190708_p173_slide26_ac1_vz_s1_p6_r56_a56_ac_full_l1_x0_y0_comp.tiff,20190708_p173_slide26_ac1_vz_s1_p6_r56_a56_ac_full_l1_x0_y0_filtered.tiff
546,546,0,0,260,301,1,197,30.0,95,43,43,0,51,HT-29_c0.5_tp72,72.0,"{'Pd102': 0, 'Pd104': 0, 'Pd105': 1, 'Pd106': 1, 'Pd108': 1, 'Pd110': 0, 'In113': 0, 'In115': 1}",0.5,173,1,7,D,D07,1,27,11,11,25,1,25,20190711_p173_slide28_ac1_vz,28,p173,HT-29,1,20190711_p173_slide28_ac1_vz_s1_p1_r11_a11_ac_full_l1_x0_y0_cell.tiff,20190711_p173_slide28_ac1_vz_s1_p1_r11_a11_ac_full_l1_x0_y0_cyto.tiff,20190711_p173_slide28_ac1_vz_s1_p1_r11_a11_ac_full_l1_x0_y0_nucleiexp.tiff,20190711_p173_slide28_ac1_vz_s1_p1_r11_a11_ac_full_l1_x0_y0_comp.tiff,20190711_p173_slide28_ac1_vz_s1_p1_r11_a11_ac_full_l1_x0_y0_filtered.tiff
16,16,0,0,212,230,1,13,30.0,50,20,19,1,55,HT-29_c0.5_tp72,72.0,"{'Pd102': 1, 'Pd104': 1, 'Pd105': 0, 'Pd106': 1, 'Pd108': 0, 'Pd110': 0, 'In113': 1, 'In115': 0}",0.5,173,1,9,D,D09,1,2,3,3,2,1,2,20190619_p173_slide8_ac1_vz,8,p173,HT-29,0,20190619_p173_slide8_ac1_vz_s1_p1_r3_a3_ac_full_l1_x0_y0_cell.tiff,20190619_p173_slide8_ac1_vz_s1_p1_r3_a3_ac_full_l1_x0_y0_cyto.tiff,20190619_p173_slide8_ac1_vz_s1_p1_r3_a3_ac_full_l1_x0_y0_nucleiexp.tiff,20190619_p173_slide8_ac1_vz_s1_p1_r3_a3_ac_full_l1_x0_y0_comp.tiff,20190619_p173_slide8_ac1_vz_s1_p1_r3_a3_ac_full_l1_x0_y0_filtered.tiff
110,110,256,515,187,202,5,32,30.0,37,17,17,0,55,HT-29_c0.5_tp72,72.0,"{'Pd102': 1, 'Pd104': 1, 'Pd105': 0, 'Pd106': 1, 'Pd108': 0, 'Pd110': 0, 'In113': 1, 'In115': 0}",0.5,173,1,9,D,D09,1,5,22,22,5,1,5,20190620_p173_slide19_ac1_vz,19,p173,HT-29,0,20190620_p173_slide19_ac1_vz_s1_p1_r22_a22_ac_full_l5_x256_y515_cell.tiff,20190620_p173_slide19_ac1_vz_s1_p1_r22_a22_ac_full_l5_x256_y515_cyto.tiff,20190620_p173_slide19_ac1_vz_s1_p1_r22_a22_ac_full_l5_x256_y515_nucleiexp.tiff,20190620_p173_slide19_ac1_vz_s1_p1_r22_a22_ac_full_l5_x256_y515_comp.tiff,20190620_p173_slide19_ac1_vz_s1_p1_r22_a22_ac_full_l5_x256_y515_filtered.tiff
199,199,521,1283,377,305,10,77,30.0,123,36,34,1,55,HT-29_c0.5_tp72,72.0,"{'Pd102': 1, 'Pd104': 1, 'Pd105': 0, 'Pd106': 1, 'Pd108': 0, 'Pd110': 0, 'In113': 1, 'In115': 0}",0.5,173,1,9,D,D09,1,9,8,8,9,1,9,20190621_p173_slide13_ac1_vz,13,p173,HT-29,0,20190621_p173_slide13_ac1_vz_s1_p1_r8_a8_ac_full_l10_x521_y1283_cell.tiff,20190621_p173_slide13_ac1_vz_s1_p1_r8_a8_ac_full_l10_x521_y1283_cyto.tiff,20190621_p173_slide13_ac1_vz_s1_p1_r8_a8_ac_full_l10_x521_y1283_nucleiexp.tiff,20190621_p173_slide13_ac1_vz_s1_p1_r8_a8_ac_full_l10_x521_y1283_comp.tiff,20190621_p173_slide13_ac1_vz_s1_p1_r8_a8_ac_full_l10_x521_y1283_filtered.tiff
260,260,374,0,323,333,2,100,30.0,120,34,27,2,55,HT-29_c0.5_tp72,72.0,"{'Pd102': 1, 'Pd104': 1, 'Pd105': 0, 'Pd106': 1, 'Pd108': 0, 'Pd110': 0, 'In113': 1, 'In115': 0}",0.5,173,1,9,D,D09,1,13,2,2,13,1,13,20190625_p173_slide10_ac1_vz,10,p173,HT-29,0,20190625_p173_slide10_ac1_vz_s1_p1_r2_a2_ac_full_l2_x374_y0_cell.tiff,20190625_p173_slide10_ac1_vz_s1_p1_r2_a2_ac_full_l2_x374_y0_cyto.tiff,20190625_p173_slide10_ac1_vz_s1_p1_r2_a2_ac_full_l2_x374_y0_nucleiexp.tiff,20190625_p173_slide10_ac1_vz_s1_p1_r2_a2_ac_full_l2_x374_y0_comp.tiff,20190625_p173_slide10_ac1_vz_s1_p1_r2_a2_ac_full_l2_x374_y0_filtered.tiff
637,637,1031,763,313,315,14,238,30.0,93,29,29,0,55,HT-29_c0.5_tp72,72.0,"{'Pd102': 1, 'Pd104': 1, 'Pd105': 0, 'Pd106': 1, 'Pd108': 0, 'Pd110': 0, 'In113': 1, 'In115': 0}",0.5,173,1,9,D,D09,1,31,37,37,28,2,28,20190715_p173_slide16_ac1_vz,16,p173,HT-29,0,20190715_p173_slide16_ac1_vz_s1_p2_r37_a37_ac_full_l14_x1031_y763_cell.tiff,20190715_p173_slide16_ac1_vz_s1_p2_r37_a37_ac_full_l14_x1031_y763_cyto.tiff,20190715_p173_slide16_ac1_vz_s1_p2_r37_a37_ac_full_l14_x1031_y763_nucleiexp.tiff,20190715_p173_slide16_ac1_vz_s1_p2_r37_a37_ac_full_l14_x1031_y763_comp.tiff,20190715_p173_slide16_ac1_vz_s1_p2_r37_a37_ac_full_l14_x1031_y763_filtered.tiff
17,17,0,0,406,346,1,14,30.0,95,83,81,1,17,T-REx-293_c1.0_tp72,72.0,"{'Pd102': 1, 'Pd104': 0, 'Pd105': 1, 'Pd106': 1, 'Pd108': 1, 'Pd110': 0, 'In113': 0, 'In115': 0}",1.0,173,1,10,B,B10,1,2,4,4,2,1,2,20190619_p173_slide8_ac1_vz,8,p173,T-REx-293,1,20190619_p173_slide8_ac1_vz_s1_p1_r4_a4_ac_full_l1_x0_y0_cell.tiff,20190619_p173_slide8_ac1_vz_s1_p1_r4_a4_ac_full_l1_x0_y0_cyto.tiff,20190619_p173_slide8_ac1_vz_s1_p1_r4_a4_ac_full_l1_x0_y0_nucleiexp.tiff,20190619_p173_slide8_ac1_vz_s1_p1_r4_a4_ac_full_l1_x0_y0_comp.tiff,20190619_p173_slide8_ac1_vz_s1_p1_r4_a4_ac_full_l1_x0_y0_filtered.tiff
203,203,54,1161,504,523,4,77,30.0,158,121,120,1,17,T-REx-293_c1.0_tp72,72.0,"{'Pd102': 1, 'Pd104': 0, 'Pd105': 1, 'Pd106': 1, 'Pd108': 1, 'Pd110': 0, 'In113': 0, 'In115': 0}",1.0,173,1,10,B,B10,1,9,8,8,9,1,9,20190621_p173_slide13_ac1_vz,13,p173,T-REx-293,1,20190621_p173_slide13_ac1_vz_s1_p1_r8_a8_ac_full_l4_x54_y1161_cell.tiff,20190621_p173_slide13_ac1_vz_s1_p1_r8_a8_ac_full_l4_x54_y1161_cyto.tiff,20190621_p173_slide13_ac1_vz_s1_p1_r8_a8_ac_full_l4_x54_y1161_nucleiexp.tiff,20190621_p173_slide13_ac1_vz_s1_p1_r8_a8_ac_full_l4_x54_y1161_comp.tiff,20190621_p173_slide13_ac1_vz_s1_p1_r8_a8_ac_full_l4_x54_y1161_filtered.tiff
259,259,0,97,476,450,1,100,30.0,120,102,100,1,17,T-REx-293_c1.0_tp72,72.0,"{'Pd102': 1, 'Pd104': 0, 'Pd105': 1, 'Pd106': 1, 'Pd108': 1, 'Pd110': 0, 'In113': 0, 'In115': 0}",1.0,173,1,10,B,B10,1,13,2,2,13,1,13,20190625_p173_slide10_ac1_vz,10,p173,T-REx-293,1,20190625_p173_slide10_ac1_vz_s1_p1_r2_a2_ac_full_l1_x0_y97_cell.tiff,20190625_p173_slide10_ac1_vz_s1_p1_r2_a2_ac_full_l1_x0_y97_cyto.tiff,20190625_p173_slide10_ac1_vz_s1_p1_r2_a2_ac_full_l1_x0_y97_nucleiexp.tiff,20190625_p173_slide10_ac1_vz_s1_p1_r2_a2_ac_full_l1_x0_y97_comp.tiff,20190625_p173_slide10_ac1_vz_s1_p1_r2_a2_ac_full_l1_x0_y97_filtered.tiff
461,461,16,0,284,219,1,185,30.0,36,42,41,1,17,T-REx-293_c1.0_tp72,72.0,"{'Pd102': 1, 'Pd104': 0, 'Pd105': 1, 'Pd106': 1, 'Pd108': 1, 'Pd110': 0, 'In113': 0, 'In115': 0}",1.0,173,1,10,B,B10,1,24,1,1,22,1,22,20190710_p173_slide6_ac1_vz,6,p173,T-REx-293,1,20190710_p173_slide6_ac1_vz_s1_p1_r1_a1_ac_full_l1_x16_y0_cell.tiff,20190710_p173_slide6_ac1_vz_s1_p1_r1_a1_ac_full_l1_x16_y0_cyto.tiff,20190710_p173_slide6_ac1_vz_s1_p1_r1_a1_ac_full_l1_x16_y0_nucleiexp.tiff,20190710_p173_slide6_ac1_vz_s1_p1_r1_a1_ac_full_l1_x16_y0_comp.tiff,20190710_p173_slide6_ac1_vz_s1_p1_r1_a1_ac_full_l1_x16_y0_filtered.tiff
18,18,0,819,275,417,1,15,30.0,128,36,33,1,15,HT-29_c1.0_tp72,72.0,"{'Pd102': 1, 'Pd104': 1, 'Pd105': 0, 'Pd106': 1, 'Pd108': 1, 'Pd110': 0, 'In113': 0, 'In115': 0}",1.0,173,1,9,B,B09,1,2,6,6,2,1,2,20190619_p173_slide8_ac1_vz,8,p173,HT-29,0,20190619_p173_slide8_ac1_vz_s1_p1_r6_a6_ac_full_l1_x0_y819_cell.tiff,20190619_p173_slide8_ac1_vz_s1_p1_r6_a6_ac_full_l1_x0_y819_cyto.tiff,20190619_p173_slide8_ac1_vz_s1_p1_r6_a6_ac_full_l1_x0_y819_nucleiexp.tiff,20190619_p173_slide8_ac1_vz_s1_p1_r6_a6_ac_full_l1_x0_y819_comp.tiff,20190619_p173_slide8_ac1_vz_s1_p1_r6_a6_ac_full_l1_x0_y819_filtered.tiff
207,207,368,0,357,334,8,77,30.0,125,23,20,1,15,HT-29_c1.0_tp72,72.0,"{'Pd102': 1, 'Pd104': 1, 'Pd105': 0, 'Pd106': 1, 'Pd108': 1, 'Pd110': 0, 'In113': 0, 'In115': 0}",1.0,173,1,9,B,B09,1,9,8,8,9,1,9,20190621_p173_slide13_ac1_vz,13,p173,HT-29,0,20190621_p173_slide13_ac1_vz_s1_p1_r8_a8_ac_full_l8_x368_y0_cell.tiff,20190621_p173_slide13_ac1_vz_s1_p1_r8_a8_ac_full_l8_x368_y0_cyto.tiff,20190621_p173_slide13_ac1_vz_s1_p1_r8_a8_ac_full_l8_x368_y0_nucleiexp.tiff,20190621_p173_slide13_ac1_vz_s1_p1_r8_a8_ac_full_l8_x368_y0_comp.tiff,20190621_p173_slide13_ac1_vz_s1_p1_r8_a8_ac_full_l8_x368_y0_filtered.tiff
222,222,0,0,276,296,1,83,30.0,117,15,14,1,15,HT-29_c1.0_tp72,72.0,"{'Pd102': 1, 'Pd104': 1, 'Pd105': 0, 'Pd106': 1, 'Pd108': 1, 'Pd110': 0, 'In113': 0, 'In115': 0}",1.0,173,1,9,B,B09,1,10,5,5,10,1,10,20190621_p173_slide4_ac1_vz,4,p173,HT-29,0,20190621_p173_slide4_ac1_vz_s1_p1_r5_a5_ac_full_l1_x0_y0_cell.tiff,20190621_p173_slide4_ac1_vz_s1_p1_r5_a5_ac_full_l1_x0_y0_cyto.tiff,20190621_p173_slide4_ac1_vz_s1_p1_r5_a5_ac_full_l1_x0_y0_nucleiexp.tiff,20190621_p173_slide4_ac1_vz_s1_p1_r5_a5_ac_full_l1_x0_y0_comp.tiff,20190621_p173_slide4_ac1_vz_s1_p1_r5_a5_ac_full_l1_x0_y0_filtered.tiff
361,361,0,0,196,186,1,165,30.0,35,25,24,1,15,HT-29_c1.0_tp72,72.0,"{'Pd102': 1, 'Pd104': 1, 'Pd105': 0, 'Pd106': 1, 'Pd108': 1, 'Pd110': 0, 'In113': 0, 'In115': 0}",1.0,173,1,9,B,B09,1,19,4,4,17,1,17,20190709_p173_slide2_ac1_vz,2,p173,HT-29,0,20190709_p173_slide2_ac1_vz_s1_p1_r4_a4_ac_full_l1_x0_y0_cell.tiff,20190709_p173_slide2_ac1_vz_s1_p1_r4_a4_ac_full_l1_x0_y0_cyto.tiff,20190709_p173_slide2_ac1_vz_s1_p1_r4_a4_ac_full_l1_x0_y0_nucleiexp.tiff,20190709_p173_slide2_ac1_vz_s1_p1_r4_a4_ac_full_l1_x0_y0_comp.tiff,20190709_p173_slide2_ac1_vz_s1_p1_r4_a4_ac_full_l1_x0_y0_filtered.tiff
477,477,275,1290,344,339,9,187,30.0,154,31,31,0,15,HT-29_c1.0_tp72,72.0,"{'Pd102': 1, 'Pd104': 1, 'Pd105': 0, 'Pd106': 1, 'Pd108': 1, 'Pd110': 0, 'In113': 0, 'In115': 0}",1.0,173,1,9,B,B09,1,24,6,6,22,1,22,20190710_p173_slide6_ac1_vz,6,p173,HT-29,0,20190710_p173_slide6_ac1_vz_s1_p1_r6_a6_ac_full_l9_x275_y1290_cell.tiff,20190710_p173_slide6_ac1_vz_s1_p1_r6_a6_ac_full_l9_x275_y1290_cyto.tiff,20190710_p173_slide6_ac1_vz_s1_p1_r6_a6_ac_full_l9_x275_y1290_nucleiexp.tiff,20190710_p173_slide6_ac1_vz_s1_p1_r6_a6_ac_full_l9_x275_y1290_comp.tiff,20190710_p173_slide6_ac1_vz_s1_p1_r6_a6_ac_full_l9_x275_y1290_filtered.tiff
587,587,20,52,214,304,1,219,30.0,75,31,30,1,15,HT-29_c1.0_tp72,72.0,"{'Pd102': 1, 'Pd104': 1, 'Pd105': 0, 'Pd106': 1, 'Pd108': 1, 'Pd110': 0, 'In113': 0, 'In115': 0}",1.0,173,1,9,B,B09,1,30,17,17,28,1,28,20190715_p173_slide16_ac1_vz,16,p173,HT-29,0,20190715_p173_slide16_ac1_vz_s1_p1_r17_a17_ac_full_l1_x20_y52_cell.tiff,20190715_p173_slide16_ac1_vz_s1_p1_r17_a17_ac_full_l1_x20_y52_cyto.tiff,20190715_p173_slide16_ac1_vz_s1_p1_r17_a17_ac_full_l1_x20_y52_nucleiexp.tiff,20190715_p173_slide16_ac1_vz_s1_p1_r17_a17_ac_full_l1_x20_y52_comp.tiff,20190715_p173_slide16_ac1_vz_s1_p1_r17_a17_ac_full_l1_x20_y52_filtered.tiff
19,19,323,1211,446,429,10,15,30.0,89,134,132,1,13,T-REx-293_c1.0_tp72,72.0,"{'Pd102': 1, 'Pd104': 1, 'Pd105': 1, 'Pd106': 0, 'Pd108': 1, 'Pd110': 0, 'In113': 0, 'In115': 0}",1.0,173,1,8,B,B08,1,2,6,6,2,1,2,20190619_p173_slide8_ac1_vz,8,p173,T-REx-293,0,20190619_p173_slide8_ac1_vz_s1_p1_r6_a6_ac_full_l10_x323_y1211_cell.tiff,20190619_p173_slide8_ac1_vz_s1_p1_r6_a6_ac_full_l10_x323_y1211_cyto.tiff,20190619_p173_slide8_ac1_vz_s1_p1_r6_a6_ac_full_l10_x323_y1211_nucleiexp.tiff,20190619_p173_slide8_ac1_vz_s1_p1_r6_a6_ac_full_l10_x323_y1211_comp.tiff,20190619_p173_slide8_ac1_vz_s1_p1_r6_a6_ac_full_l10_x323_y1211_filtered.tiff
208,208,463,460,399,578,9,77,30.0,112,135,133,1,13,T-REx-293_c1.0_tp72,72.0,"{'Pd102': 1, 'Pd104': 1, 'Pd105': 1, 'Pd106': 0, 'Pd108': 1, 'Pd110': 0, 'In113': 0, 'In115': 0}",1.0,173,1,8,B,B08,1,9,8,8,9,1,9,20190621_p173_slide13_ac1_vz,13,p173,T-REx-293,0,20190621_p173_slide13_ac1_vz_s1_p1_r8_a8_ac_full_l9_x463_y460_cell.tiff,20190621_p173_slide13_ac1_vz_s1_p1_r8_a8_ac_full_l9_x463_y460_cyto.tiff,20190621_p173_slide13_ac1_vz_s1_p1_r8_a8_ac_full_l9_x463_y460_nucleiexp.tiff,20190621_p173_slide13_ac1_vz_s1_p1_r8_a8_ac_full_l9_x463_y460_comp.tiff,20190621_p173_slide13_ac1_vz_s1_p1_r8_a8_ac_full_l9_x463_y460_filtered.tiff
212,212,275,194,296,393,3,79,30.0,61,74,74,0,13,T-REx-293_c1.0_tp72,72.0,"{'Pd102': 1, 'Pd104': 1, 'Pd105': 1, 'Pd106': 0, 'Pd108': 1, 'Pd110': 0, 'In113': 0, 'In115': 0}",1.0,173,1,8,B,B08,1,10,10,10,10,1,10,20190621_p173_slide4_ac1_vz,4,p173,T-REx-293,0,20190621_p173_slide4_ac1_vz_s1_p1_r10_a10_ac_full_l3_x275_y194_cell.tiff,20190621_p173_slide4_ac1_vz_s1_p1_r10_a10_ac_full_l3_x275_y194_cyto.tiff,20190621_p173_slide4_ac1_vz_s1_p1_r10_a10_ac_full_l3_x275_y194_nucleiexp.tiff,20190621_p173_slide4_ac1_vz_s1_p1_r10_a10_ac_full_l3_x275_y194_comp.tiff,20190621_p173_slide4_ac1_vz_s1_p1_r10_a10_ac_full_l3_x275_y194_filtered.tiff
248,248,342,145,468,484,7,98,30.0,112,119,117,1,13,T-REx-293_c1.0_tp72,72.0,"{'Pd102': 1, 'Pd104': 1, 'Pd105': 1, 'Pd106': 0, 'Pd108': 1, 'Pd110': 0, 'In113': 0, 'In115': 0}",1.0,173,1,8,B,B08,1,13,17,17,13,1,13,20190625_p173_slide10_ac1_vz,10,p173,T-REx-293,0,20190625_p173_slide10_ac1_vz_s1_p1_r17_a17_ac_full_l7_x342_y145_cell.tiff,20190625_p173_slide10_ac1_vz_s1_p1_r17_a17_ac_full_l7_x342_y145_cyto.tiff,20190625_p173_slide10_ac1_vz_s1_p1_r17_a17_ac_full_l7_x342_y145_nucleiexp.tiff,20190625_p173_slide10_ac1_vz_s1_p1_r17_a17_ac_full_l7_x342_y145_comp.tiff,20190625_p173_slide10_ac1_vz_s1_p1_r17_a17_ac_full_l7_x342_y145_filtered.tiff
468,468,751,1253,458,309,14,187,30.0,77,111,109,1,13,T-REx-293_c1.0_tp72,72.0,"{'Pd102': 1, 'Pd104': 1, 'Pd105': 1, 'Pd106': 0, 'Pd108': 1, 'Pd110': 0, 'In113': 0, 'In115': 0}",1.0,173,1,8,B,B08,1,24,6,6,22,1,22,20190710_p173_slide6_ac1_vz,6,p173,T-REx-293,0,20190710_p173_slide6_ac1_vz_s1_p1_r6_a6_ac_full_l14_x751_y1253_cell.tiff,20190710_p173_slide6_ac1_vz_s1_p1_r6_a6_ac_full_l14_x751_y1253_cyto.tiff,20190710_p173_slide6_ac1_vz_s1_p1_r6_a6_ac_full_l14_x751_y1253_nucleiexp.tiff,20190710_p173_slide6_ac1_vz_s1_p1_r6_a6_ac_full_l14_x751_y1253_comp.tiff,20190710_p173_slide6_ac1_vz_s1_p1_r6_a6_ac_full_l14_x751_y1253_filtered.tiff
645,645,421,214,509,435,7,238,30.0,130,129,128,1,13,T-REx-293_c1.0_tp72,72.0,"{'Pd102': 1, 'Pd104': 1, 'Pd105': 1, 'Pd106': 0, 'Pd108': 1, 'Pd110': 0, 'In113': 0, 'In115': 0}",1.0,173,1,8,B,B08,1,31,37,37,28,2,28,20190715_p173_slide16_ac1_vz,16,p173,T-REx-293,0,20190715_p173_slide16_ac1_vz_s1_p2_r37_a37_ac_full_l7_x421_y214_cell.tiff,20190715_p173_slide16_ac1_vz_s1_p2_r37_a37_ac_full_l7_x421_y214_cyto.tiff,20190715_p173_slide16_ac1_vz_s1_p2_r37_a37_ac_full_l7_x421_y214_nucleiexp.tiff,20190715_p173_slide16_ac1_vz_s1_p2_r37_a37_ac_full_l7_x421_y214_comp.tiff,20190715_p173_slide16_ac1_vz_s1_p2_r37_a37_ac_full_l7_x421_y214_filtered.tiff
20,20,701,305,249,232,11,15,30.0,51,30,30,0,83,HT-29_c0.25_tp72,72.0,"{'Pd102': 1, 'Pd104': 0, 'Pd105': 1, 'Pd106': 0, 'Pd108': 0, 'Pd110': 1, 'In113': 0, 'In115': 1}",0.25,173,1,3,F,F03,1,2,6,6,2,1,2,20190619_p173_slide8_ac1_vz,8,p173,HT-29,1,20190619_p173_slide8_ac1_vz_s1_p1_r6_a6_ac_full_l11_x701_y305_cell.tiff,20190619_p173_slide8_ac1_vz_s1_p1_r6_a6_ac_full_l11_x701_y305_cyto.tiff,20190619_p173_slide8_ac1_vz_s1_p1_r6_a6_ac_full_l11_x701_y305_nucleiexp.tiff,20190619_p173_slide8_ac1_vz_s1_p1_r6_a6_ac_full_l11_x701_y305_comp.tiff,20190619_p173_slide8_ac1_vz_s1_p1_r6_a6_ac_full_l11_x701_y305_filtered.tiff
220,220,721,194,271,272,6,82,30.0,82,23,23,0,83,HT-29_c0.25_tp72,72.0,"{'Pd102': 1, 'Pd104': 0, 'Pd105': 1, 'Pd106': 0, 'Pd108': 0, 'Pd110': 1, 'In113': 0, 'In115': 1}",0.25,173,1,3,F,F03,1,10,16,16,10,1,10,20190621_p173_slide4_ac1_vz,4,p173,HT-29,1,20190621_p173_slide4_ac1_vz_s1_p1_r16_a16_ac_full_l6_x721_y194_cell.tiff,20190621_p173_slide4_ac1_vz_s1_p1_r16_a16_ac_full_l6_x721_y194_cyto.tiff,20190621_p173_slide4_ac1_vz_s1_p1_r16_a16_ac_full_l6_x721_y194_nucleiexp.tiff,20190621_p173_slide4_ac1_vz_s1_p1_r16_a16_ac_full_l6_x721_y194_comp.tiff,20190621_p173_slide4_ac1_vz_s1_p1_r16_a16_ac_full_l6_x721_y194_filtered.tiff
356,356,0,0,199,205,1,162,30.0,66,21,21,0,83,HT-29_c0.25_tp72,72.0,"{'Pd102': 1, 'Pd104': 0, 'Pd105': 1, 'Pd106': 0, 'Pd108': 0, 'Pd110': 1, 'In113': 0, 'In115': 1}",0.25,173,1,3,F,F03,1,19,1,1,17,1,17,20190709_p173_slide2_ac1_vz,2,p173,HT-29,1,20190709_p173_slide2_ac1_vz_s1_p1_r1_a1_ac_full_l1_x0_y0_cell.tiff,20190709_p173_slide2_ac1_vz_s1_p1_r1_a1_ac_full_l1_x0_y0_cyto.tiff,20190709_p173_slide2_ac1_vz_s1_p1_r1_a1_ac_full_l1_x0_y0_nucleiexp.tiff,20190709_p173_slide2_ac1_vz_s1_p1_r1_a1_ac_full_l1_x0_y0_comp.tiff,20190709_p173_slide2_ac1_vz_s1_p1_r1_a1_ac_full_l1_x0_y0_filtered.tiff
476,476,238,433,256,262,8,187,30.0,88,29,29,0,83,HT-29_c0.25_tp72,72.0,"{'Pd102': 1, 'Pd104': 0, 'Pd105': 1, 'Pd106': 0, 'Pd108': 0, 'Pd110': 1, 'In113': 0, 'In115': 1}",0.25,173,1,3,F,F03,1,24,6,6,22,1,22,20190710_p173_slide6_ac1_vz,6,p173,HT-29,1,20190710_p173_slide6_ac1_vz_s1_p1_r6_a6_ac_full_l8_x238_y433_cell.tiff,20190710_p173_slide6_ac1_vz_s1_p1_r6_a6_ac_full_l8_x238_y433_cyto.tiff,20190710_p173_slide6_ac1_vz_s1_p1_r6_a6_ac_full_l8_x238_y433_nucleiexp.tiff,20190710_p173_slide6_ac1_vz_s1_p1_r6_a6_ac_full_l8_x238_y433_comp.tiff,20190710_p173_slide6_ac1_vz_s1_p1_r6_a6_ac_full_l8_x238_y433_filtered.tiff
21,21,616,997,433,414,12,15,30.0,147,77,77,0,25,DLD-1_c1.0_tp72,72.0,"{'Pd102': 1, 'Pd104': 0, 'Pd105': 0, 'Pd106': 1, 'Pd108': 1, 'Pd110': 0, 'In113': 1, 'In115': 0}",1.0,173,1,4,C,C04,1,2,6,6,2,1,2,20190619_p173_slide8_ac1_vz,8,p173,DLD-1,0,20190619_p173_slide8_ac1_vz_s1_p1_r6_a6_ac_full_l12_x616_y997_cell.tiff,20190619_p173_slide8_ac1_vz_s1_p1_r6_a6_ac_full_l12_x616_y997_cyto.tiff,20190619_p173_slide8_ac1_vz_s1_p1_r6_a6_ac_full_l12_x616_y997_nucleiexp.tiff,20190619_p173_slide8_ac1_vz_s1_p1_r6_a6_ac_full_l12_x616_y997_comp.tiff,20190619_p173_slide8_ac1_vz_s1_p1_r6_a6_ac_full_l12_x616_y997_filtered.tiff
100,100,743,981,338,309,12,32,30.0,85,63,61,1,25,DLD-1_c1.0_tp72,72.0,"{'Pd102': 1, 'Pd104': 0, 'Pd105': 0, 'Pd106': 1, 'Pd108': 1, 'Pd110': 0, 'In113': 1, 'In115': 0}",1.0,173,1,4,C,C04,1,5,22,22,5,1,5,20190620_p173_slide19_ac1_vz,19,p173,DLD-1,0,20190620_p173_slide19_ac1_vz_s1_p1_r22_a22_ac_full_l12_x743_y981_cell.tiff,20190620_p173_slide19_ac1_vz_s1_p1_r22_a22_ac_full_l12_x743_y981_cyto.tiff,20190620_p173_slide19_ac1_vz_s1_p1_r22_a22_ac_full_l12_x743_y981_nucleiexp.tiff,20190620_p173_slide19_ac1_vz_s1_p1_r22_a22_ac_full_l12_x743_y981_comp.tiff,20190620_p173_slide19_ac1_vz_s1_p1_r22_a22_ac_full_l12_x743_y981_filtered.tiff
200,200,798,561,423,428,11,77,30.0,172,68,62,2,25,DLD-1_c1.0_tp72,72.0,"{'Pd102': 1, 'Pd104': 0, 'Pd105': 0, 'Pd106': 1, 'Pd108': 1, 'Pd110': 0, 'In113': 1, 'In115': 0}",1.0,173,1,4,C,C04,1,9,8,8,9,1,9,20190621_p173_slide13_ac1_vz,13,p173,DLD-1,0,20190621_p173_slide13_ac1_vz_s1_p1_r8_a8_ac_full_l11_x798_y561_cell.tiff,20190621_p173_slide13_ac1_vz_s1_p1_r8_a8_ac_full_l11_x798_y561_cyto.tiff,20190621_p173_slide13_ac1_vz_s1_p1_r8_a8_ac_full_l11_x798_y561_nucleiexp.tiff,20190621_p173_slide13_ac1_vz_s1_p1_r8_a8_ac_full_l11_x798_y561_comp.tiff,20190621_p173_slide13_ac1_vz_s1_p1_r8_a8_ac_full_l11_x798_y561_filtered.tiff
213,213,0,0,278,301,1,80,30.0,78,43,42,1,25,DLD-1_c1.0_tp72,72.0,"{'Pd102': 1, 'Pd104': 0, 'Pd105': 0, 'Pd106': 1, 'Pd108': 1, 'Pd110': 0, 'In113': 1, 'In115': 0}",1.0,173,1,4,C,C04,1,10,11,11,10,1,10,20190621_p173_slide4_ac1_vz,4,p173,DLD-1,0,20190621_p173_slide4_ac1_vz_s1_p1_r11_a11_ac_full_l1_x0_y0_cell.tiff,20190621_p173_slide4_ac1_vz_s1_p1_r11_a11_ac_full_l1_x0_y0_cyto.tiff,20190621_p173_slide4_ac1_vz_s1_p1_r11_a11_ac_full_l1_x0_y0_nucleiexp.tiff,20190621_p173_slide4_ac1_vz_s1_p1_r11_a11_ac_full_l1_x0_y0_comp.tiff,20190621_p173_slide4_ac1_vz_s1_p1_r11_a11_ac_full_l1_x0_y0_filtered.tiff
249,249,649,0,424,420,8,98,30.0,172,56,56,0,25,DLD-1_c1.0_tp72,72.0,"{'Pd102': 1, 'Pd104': 0, 'Pd105': 0, 'Pd106': 1, 'Pd108': 1, 'Pd110': 0, 'In113': 1, 'In115': 0}",1.0,173,1,4,C,C04,1,13,17,17,13,1,13,20190625_p173_slide10_ac1_vz,10,p173,DLD-1,0,20190625_p173_slide10_ac1_vz_s1_p1_r17_a17_ac_full_l8_x649_y0_cell.tiff,20190625_p173_slide10_ac1_vz_s1_p1_r17_a17_ac_full_l8_x649_y0_cyto.tiff,20190625_p173_slide10_ac1_vz_s1_p1_r17_a17_ac_full_l8_x649_y0_nucleiexp.tiff,20190625_p173_slide10_ac1_vz_s1_p1_r17_a17_ac_full_l8_x649_y0_comp.tiff,20190625_p173_slide10_ac1_vz_s1_p1_r17_a17_ac_full_l8_x649_y0_filtered.tiff
467,467,786,833,376,374,13,187,30.0,129,74,72,1,25,DLD-1_c1.0_tp72,72.0,"{'Pd102': 1, 'Pd104': 0, 'Pd105': 0, 'Pd106': 1, 'Pd108': 1, 'Pd110': 0, 'In113': 1, 'In115': 0}",1.0,173,1,4,C,C04,1,24,6,6,22,1,22,20190710_p173_slide6_ac1_vz,6,p173,DLD-1,0,20190710_p173_slide6_ac1_vz_s1_p1_r6_a6_ac_full_l13_x786_y833_cell.tiff,20190710_p173_slide6_ac1_vz_s1_p1_r6_a6_ac_full_l13_x786_y833_cyto.tiff,20190710_p173_slide6_ac1_vz_s1_p1_r6_a6_ac_full_l13_x786_y833_nucleiexp.tiff,20190710_p173_slide6_ac1_vz_s1_p1_r6_a6_ac_full_l13_x786_y833_comp.tiff,20190710_p173_slide6_ac1_vz_s1_p1_r6_a6_ac_full_l13_x786_y833_filtered.tiff
597,597,683,0,404,400,9,219,30.0,139,57,55,2,25,DLD-1_c1.0_tp72,72.0,"{'Pd102': 1, 'Pd104': 0, 'Pd105': 0, 'Pd106': 1, 'Pd108': 1, 'Pd110': 0, 'In113': 1, 'In115': 0}",1.0,173,1,4,C,C04,1,30,17,17,28,1,28,20190715_p173_slide16_ac1_vz,16,p173,DLD-1,0,20190715_p173_slide16_ac1_vz_s1_p1_r17_a17_ac_full_l9_x683_y0_cell.tiff,20190715_p173_slide16_ac1_vz_s1_p1_r17_a17_ac_full_l9_x683_y0_cyto.tiff,20190715_p173_slide16_ac1_vz_s1_p1_r17_a17_ac_full_l9_x683_y0_nucleiexp.tiff,20190715_p173_slide16_ac1_vz_s1_p1_r17_a17_ac_full_l9_x683_y0_comp.tiff,20190715_p173_slide16_ac1_vz_s1_p1_r17_a17_ac_full_l9_x683_y0_filtered.tiff
647,647,681,0,413,402,9,238,30.0,139,65,64,1,25,DLD-1_c1.0_tp72,72.0,"{'Pd102': 1, 'Pd104': 0, 'Pd105': 0, 'Pd106': 1, 'Pd108': 1, 'Pd110': 0, 'In113': 1, 'In115': 0}",1.0,173,1,4,C,C04,1,31,37,37,28,2,28,20190715_p173_slide16_ac1_vz,16,p173,DLD-1,0,20190715_p173_slide16_ac1_vz_s1_p2_r37_a37_ac_full_l9_x681_y0_cell.tiff,20190715_p173_slide16_ac1_vz_s1_p2_r37_a37_ac_full_l9_x681_y0_cyto.tiff,20190715_p173_slide16_ac1_vz_s1_p2_r37_a37_ac_full_l9_x681_y0_nucleiexp.tiff,20190715_p173_slide16_ac1_vz_s1_p2_r37_a37_ac_full_l9_x681_y0_comp.tiff,20190715_p173_slide16_ac1_vz_s1_p2_r37_a37_ac_full_l9_x681_y0_filtered.tiff
22,22,654,481,408,400,13,15,30.0,182,54,50,2,21,DLD-1_c1.0_tp72,72.0,"{'Pd102': 1, 'Pd104': 1, 'Pd105': 0, 'Pd106': 0, 'Pd108': 1, 'Pd110': 0, 'In113': 1, 'In115': 0}",1.0,173,1,2,C,C02,1,2,6,6,2,1,2,20190619_p173_slide8_ac1_vz,8,p173,DLD-1,1,20190619_p173_slide8_ac1_vz_s1_p1_r6_a6_ac_full_l13_x654_y481_cell.tiff,20190619_p173_slide8_ac1_vz_s1_p1_r6_a6_ac_full_l13_x654_y481_cyto.tiff,20190619_p173_slide8_ac1_vz_s1_p1_r6_a6_ac_full_l13_x654_y481_nucleiexp.tiff,20190619_p173_slide8_ac1_vz_s1_p1_r6_a6_ac_full_l13_x654_y481_comp.tiff,20190619_p173_slide8_ac1_vz_s1_p1_r6_a6_ac_full_l13_x654_y481_filtered.tiff
94,94,0,0,312,309,1,29,30.0,81,49,48,1,21,DLD-1_c1.0_tp72,72.0,"{'Pd102': 1, 'Pd104': 1, 'Pd105': 0, 'Pd106': 0, 'Pd108': 1, 'Pd110': 0, 'In113': 1, 'In115': 0}",1.0,173,1,2,C,C02,1,5,14,14,5,1,5,20190620_p173_slide19_ac1_vz,19,p173,DLD-1,1,20190620_p173_slide19_ac1_vz_s1_p1_r14_a14_ac_full_l1_x0_y0_cell.tiff,20190620_p173_slide19_ac1_vz_s1_p1_r14_a14_ac_full_l1_x0_y0_cyto.tiff,20190620_p173_slide19_ac1_vz_s1_p1_r14_a14_ac_full_l1_x0_y0_nucleiexp.tiff,20190620_p173_slide19_ac1_vz_s1_p1_r14_a14_ac_full_l1_x0_y0_comp.tiff,20190620_p173_slide19_ac1_vz_s1_p1_r14_a14_ac_full_l1_x0_y0_filtered.tiff
188,188,0,308,381,367,2,73,30.0,157,30,27,2,21,DLD-1_c1.0_tp72,72.0,"{'Pd102': 1, 'Pd104': 1, 'Pd105': 0, 'Pd106': 0, 'Pd108': 1, 'Pd110': 0, 'In113': 1, 'In115': 0}",1.0,173,1,2,C,C02,1,9,17,17,9,1,9,20190621_p173_slide13_ac1_vz,13,p173,DLD-1,1,20190621_p173_slide13_ac1_vz_s1_p1_r17_a17_ac_full_l2_x0_y308_cell.tiff,20190621_p173_slide13_ac1_vz_s1_p1_r17_a17_ac_full_l2_x0_y308_cyto.tiff,20190621_p173_slide13_ac1_vz_s1_p1_r17_a17_ac_full_l2_x0_y308_nucleiexp.tiff,20190621_p173_slide13_ac1_vz_s1_p1_r17_a17_ac_full_l2_x0_y308_comp.tiff,20190621_p173_slide13_ac1_vz_s1_p1_r17_a17_ac_full_l2_x0_y308_filtered.tiff
219,219,605,427,345,291,5,82,30.0,110,50,49,1,21,DLD-1_c1.0_tp72,72.0,"{'Pd102': 1, 'Pd104': 1, 'Pd105': 0, 'Pd106': 0, 'Pd108': 1, 'Pd110': 0, 'In113': 1, 'In115': 0}",1.0,173,1,2,C,C02,1,10,16,16,10,1,10,20190621_p173_slide4_ac1_vz,4,p173,DLD-1,1,20190621_p173_slide4_ac1_vz_s1_p1_r16_a16_ac_full_l5_x605_y427_cell.tiff,20190621_p173_slide4_ac1_vz_s1_p1_r16_a16_ac_full_l5_x605_y427_cyto.tiff,20190621_p173_slide4_ac1_vz_s1_p1_r16_a16_ac_full_l5_x605_y427_nucleiexp.tiff,20190621_p173_slide4_ac1_vz_s1_p1_r16_a16_ac_full_l5_x605_y427_comp.tiff,20190621_p173_slide4_ac1_vz_s1_p1_r16_a16_ac_full_l5_x605_y427_filtered.tiff
241,241,17,0,396,364,1,97,30.0,181,53,51,1,21,DLD-1_c1.0_tp72,72.0,"{'Pd102': 1, 'Pd104': 1, 'Pd105': 0, 'Pd106': 0, 'Pd108': 1, 'Pd110': 0, 'In113': 1, 'In115': 0}",1.0,173,1,2,C,C02,1,13,14,14,13,1,13,20190625_p173_slide10_ac1_vz,10,p173,DLD-1,1,20190625_p173_slide10_ac1_vz_s1_p1_r14_a14_ac_full_l1_x17_y0_cell.tiff,20190625_p173_slide10_ac1_vz_s1_p1_r14_a14_ac_full_l1_x17_y0_cyto.tiff,20190625_p173_slide10_ac1_vz_s1_p1_r14_a14_ac_full_l1_x17_y0_nucleiexp.tiff,20190625_p173_slide10_ac1_vz_s1_p1_r14_a14_ac_full_l1_x17_y0_comp.tiff,20190625_p173_slide10_ac1_vz_s1_p1_r14_a14_ac_full_l1_x17_y0_filtered.tiff
360,360,0,0,160,186,1,164,30.0,43,22,22,0,21,DLD-1_c1.0_tp72,72.0,"{'Pd102': 1, 'Pd104': 1, 'Pd105': 0, 'Pd106': 0, 'Pd108': 1, 'Pd110': 0, 'In113': 1, 'In115': 0}",1.0,173,1,2,C,C02,1,19,3,3,17,1,17,20190709_p173_slide2_ac1_vz,2,p173,DLD-1,1,20190709_p173_slide2_ac1_vz_s1_p1_r3_a3_ac_full_l1_x0_y0_cell.tiff,20190709_p173_slide2_ac1_vz_s1_p1_r3_a3_ac_full_l1_x0_y0_cyto.tiff,20190709_p173_slide2_ac1_vz_s1_p1_r3_a3_ac_full_l1_x0_y0_nucleiexp.tiff,20190709_p173_slide2_ac1_vz_s1_p1_r3_a3_ac_full_l1_x0_y0_comp.tiff,20190709_p173_slide2_ac1_vz_s1_p1_r3_a3_ac_full_l1_x0_y0_filtered.tiff
465,465,416,499,345,386,11,187,30.0,144,50,48,1,21,DLD-1_c1.0_tp72,72.0,"{'Pd102': 1, 'Pd104': 1, 'Pd105': 0, 'Pd106': 0, 'Pd108': 1, 'Pd110': 0, 'In113': 1, 'In115': 0}",1.0,173,1,2,C,C02,1,24,6,6,22,1,22,20190710_p173_slide6_ac1_vz,6,p173,DLD-1,1,20190710_p173_slide6_ac1_vz_s1_p1_r6_a6_ac_full_l11_x416_y499_cell.tiff,20190710_p173_slide6_ac1_vz_s1_p1_r6_a6_ac_full_l11_x416_y499_cyto.tiff,20190710_p173_slide6_ac1_vz_s1_p1_r6_a6_ac_full_l11_x416_y499_nucleiexp.tiff,20190710_p173_slide6_ac1_vz_s1_p1_r6_a6_ac_full_l11_x416_y499_comp.tiff,20190710_p173_slide6_ac1_vz_s1_p1_r6_a6_ac_full_l11_x416_y499_filtered.tiff
603,603,0,0,366,383,1,223,30.0,163,44,42,1,21,DLD-1_c1.0_tp72,72.0,"{'Pd102': 1, 'Pd104': 1, 'Pd105': 0, 'Pd106': 0, 'Pd108': 1, 'Pd110': 0, 'In113': 1, 'In115': 0}",1.0,173,1,2,C,C02,1,30,5,5,28,1,28,20190715_p173_slide16_ac1_vz,16,p173,DLD-1,1,20190715_p173_slide16_ac1_vz_s1_p1_r5_a5_ac_full_l1_x0_y0_cell.tiff,20190715_p173_slide16_ac1_vz_s1_p1_r5_a5_ac_full_l1_x0_y0_cyto.tiff,20190715_p173_slide16_ac1_vz_s1_p1_r5_a5_ac_full_l1_x0_y0_nucleiexp.tiff,20190715_p173_slide16_ac1_vz_s1_p1_r5_a5_ac_full_l1_x0_y0_comp.tiff,20190715_p173_slide16_ac1_vz_s1_p1_r5_a5_ac_full_l1_x0_y0_filtered.tiff
626,626,9,17,377,351,3,234,30.0,134,30,29,1,21,DLD-1_c1.0_tp72,72.0,"{'Pd102': 1, 'Pd104': 1, 'Pd105': 0, 'Pd106': 0, 'Pd108': 1, 'Pd110': 0, 'In113': 1, 'In115': 0}",1.0,173,1,2,C,C02,1,31,27,27,28,2,28,20190715_p173_slide16_ac1_vz,16,p173,DLD-1,1,20190715_p173_slide16_ac1_vz_s1_p2_r27_a27_ac_full_l3_x9_y17_cell.tiff,20190715_p173_slide16_ac1_vz_s1_p2_r27_a27_ac_full_l3_x9_y17_cyto.tiff,20190715_p173_slide16_ac1_vz_s1_p2_r27_a27_ac_full_l3_x9_y17_nucleiexp.tiff,20190715_p173_slide16_ac1_vz_s1_p2_r27_a27_ac_full_l3_x9_y17_comp.tiff,20190715_p173_slide16_ac1_vz_s1_p2_r27_a27_ac_full_l3_x9_y17_filtered.tiff
23,23,714,0,402,348,14,15,30.0,99,65,63,1,41,T-REx-293_c0.5_tp72,72.0,"{'Pd102': 1, 'Pd104': 1, 'Pd105': 0, 'Pd106': 0, 'Pd108': 1, 'Pd110': 0, 'In113': 0, 'In115': 1}",0.5,173,1,2,D,D02,1,2,6,6,2,1,2,20190619_p173_slide8_ac1_vz,8,p173,T-REx-293,1,20190619_p173_slide8_ac1_vz_s1_p1_r6_a6_ac_full_l14_x714_y0_cell.tiff,20190619_p173_slide8_ac1_vz_s1_p1_r6_a6_ac_full_l14_x714_y0_cyto.tiff,20190619_p173_slide8_ac1_vz_s1_p1_r6_a6_ac_full_l14_x714_y0_nucleiexp.tiff,20190619_p173_slide8_ac1_vz_s1_p1_r6_a6_ac_full_l14_x714_y0_comp.tiff,20190619_p173_slide8_ac1_vz_s1_p1_r6_a6_ac_full_l14_x714_y0_filtered.tiff
221,221,861,0,360,315,7,82,30.0,58,50,50,0,41,T-REx-293_c0.5_tp72,72.0,"{'Pd102': 1, 'Pd104': 1, 'Pd105': 0, 'Pd106': 0, 'Pd108': 1, 'Pd110': 0, 'In113': 0, 'In115': 1}",0.5,173,1,2,D,D02,1,10,16,16,10,1,10,20190621_p173_slide4_ac1_vz,4,p173,T-REx-293,1,20190621_p173_slide4_ac1_vz_s1_p1_r16_a16_ac_full_l7_x861_y0_cell.tiff,20190621_p173_slide4_ac1_vz_s1_p1_r16_a16_ac_full_l7_x861_y0_cyto.tiff,20190621_p173_slide4_ac1_vz_s1_p1_r16_a16_ac_full_l7_x861_y0_nucleiexp.tiff,20190621_p173_slide4_ac1_vz_s1_p1_r16_a16_ac_full_l7_x861_y0_comp.tiff,20190621_p173_slide4_ac1_vz_s1_p1_r16_a16_ac_full_l7_x861_y0_filtered.tiff
250,250,13,10,406,345,1,99,30.0,103,76,73,1,41,T-REx-293_c0.5_tp72,72.0,"{'Pd102': 1, 'Pd104': 1, 'Pd105': 0, 'Pd106': 0, 'Pd108': 1, 'Pd110': 0, 'In113': 0, 'In115': 1}",0.5,173,1,2,D,D02,1,13,18,18,13,1,13,20190625_p173_slide10_ac1_vz,10,p173,T-REx-293,1,20190625_p173_slide10_ac1_vz_s1_p1_r18_a18_ac_full_l1_x13_y10_cell.tiff,20190625_p173_slide10_ac1_vz_s1_p1_r18_a18_ac_full_l1_x13_y10_cyto.tiff,20190625_p173_slide10_ac1_vz_s1_p1_r18_a18_ac_full_l1_x13_y10_nucleiexp.tiff,20190625_p173_slide10_ac1_vz_s1_p1_r18_a18_ac_full_l1_x13_y10_comp.tiff,20190625_p173_slide10_ac1_vz_s1_p1_r18_a18_ac_full_l1_x13_y10_filtered.tiff
471,471,46,161,363,386,3,187,30.0,107,81,80,1,41,T-REx-293_c0.5_tp72,72.0,"{'Pd102': 1, 'Pd104': 1, 'Pd105': 0, 'Pd106': 0, 'Pd108': 1, 'Pd110': 0, 'In113': 0, 'In115': 1}",0.5,173,1,2,D,D02,1,24,6,6,22,1,22,20190710_p173_slide6_ac1_vz,6,p173,T-REx-293,1,20190710_p173_slide6_ac1_vz_s1_p1_r6_a6_ac_full_l3_x46_y161_cell.tiff,20190710_p173_slide6_ac1_vz_s1_p1_r6_a6_ac_full_l3_x46_y161_cyto.tiff,20190710_p173_slide6_ac1_vz_s1_p1_r6_a6_ac_full_l3_x46_y161_nucleiexp.tiff,20190710_p173_slide6_ac1_vz_s1_p1_r6_a6_ac_full_l3_x46_y161_comp.tiff,20190710_p173_slide6_ac1_vz_s1_p1_r6_a6_ac_full_l3_x46_y161_filtered.tiff
24,24,992,210,318,309,15,15,30.0,135,17,16,1,61,DLD-1_c0.25_tp72,72.0,"{'Pd102': 1, 'Pd104': 1, 'Pd105': 0, 'Pd106': 0, 'Pd108': 0, 'Pd110': 1, 'In113': 1, 'In115': 0}",0.25,173,1,2,E,E02,1,2,6,6,2,1,2,20190619_p173_slide8_ac1_vz,8,p173,DLD-1,1,20190619_p173_slide8_ac1_vz_s1_p1_r6_a6_ac_full_l15_x992_y210_cell.tiff,20190619_p173_slide8_ac1_vz_s1_p1_r6_a6_ac_full_l15_x992_y210_cyto.tiff,20190619_p173_slide8_ac1_vz_s1_p1_r6_a6_ac_full_l15_x992_y210_nucleiexp.tiff,20190619_p173_slide8_ac1_vz_s1_p1_r6_a6_ac_full_l15_x992_y210_comp.tiff,20190619_p173_slide8_ac1_vz_s1_p1_r6_a6_ac_full_l15_x992_y210_filtered.tiff
190,190,495,264,266,238,5,73,30.0,57,37,37,0,61,DLD-1_c0.25_tp72,72.0,"{'Pd102': 1, 'Pd104': 1, 'Pd105': 0, 'Pd106': 0, 'Pd108': 0, 'Pd110': 1, 'In113': 1, 'In115': 0}",0.25,173,1,2,E,E02,1,9,17,17,9,1,9,20190621_p173_slide13_ac1_vz,13,p173,DLD-1,1,20190621_p173_slide13_ac1_vz_s1_p1_r17_a17_ac_full_l5_x495_y264_cell.tiff,20190621_p173_slide13_ac1_vz_s1_p1_r17_a17_ac_full_l5_x495_y264_cyto.tiff,20190621_p173_slide13_ac1_vz_s1_p1_r17_a17_ac_full_l5_x495_y264_nucleiexp.tiff,20190621_p173_slide13_ac1_vz_s1_p1_r17_a17_ac_full_l5_x495_y264_comp.tiff,20190621_p173_slide13_ac1_vz_s1_p1_r17_a17_ac_full_l5_x495_y264_filtered.tiff
214,214,0,0,239,241,1,81,30.0,76,23,23,0,61,DLD-1_c0.25_tp72,72.0,"{'Pd102': 1, 'Pd104': 1, 'Pd105': 0, 'Pd106': 0, 'Pd108': 0, 'Pd110': 1, 'In113': 1, 'In115': 0}",0.25,173,1,2,E,E02,1,10,12,12,10,1,10,20190621_p173_slide4_ac1_vz,4,p173,DLD-1,1,20190621_p173_slide4_ac1_vz_s1_p1_r12_a12_ac_full_l1_x0_y0_cell.tiff,20190621_p173_slide4_ac1_vz_s1_p1_r12_a12_ac_full_l1_x0_y0_cyto.tiff,20190621_p173_slide4_ac1_vz_s1_p1_r12_a12_ac_full_l1_x0_y0_nucleiexp.tiff,20190621_p173_slide4_ac1_vz_s1_p1_r12_a12_ac_full_l1_x0_y0_comp.tiff,20190621_p173_slide4_ac1_vz_s1_p1_r12_a12_ac_full_l1_x0_y0_filtered.tiff
251,251,261,260,295,285,2,99,30.0,119,21,21,0,61,DLD-1_c0.25_tp72,72.0,"{'Pd102': 1, 'Pd104': 1, 'Pd105': 0, 'Pd106': 0, 'Pd108': 0, 'Pd110': 1, 'In113': 1, 'In115': 0}",0.25,173,1,2,E,E02,1,13,18,18,13,1,13,20190625_p173_slide10_ac1_vz,10,p173,DLD-1,1,20190625_p173_slide10_ac1_vz_s1_p1_r18_a18_ac_full_l2_x261_y260_cell.tiff,20190625_p173_slide10_ac1_vz_s1_p1_r18_a18_ac_full_l2_x261_y260_cyto.tiff,20190625_p173_slide10_ac1_vz_s1_p1_r18_a18_ac_full_l2_x261_y260_nucleiexp.tiff,20190625_p173_slide10_ac1_vz_s1_p1_r18_a18_ac_full_l2_x261_y260_comp.tiff,20190625_p173_slide10_ac1_vz_s1_p1_r18_a18_ac_full_l2_x261_y260_filtered.tiff
464,464,370,131,291,293,10,187,30.0,130,31,31,0,61,DLD-1_c0.25_tp72,72.0,"{'Pd102': 1, 'Pd104': 1, 'Pd105': 0, 'Pd106': 0, 'Pd108': 0, 'Pd110': 1, 'In113': 1, 'In115': 0}",0.25,173,1,2,E,E02,1,24,6,6,22,1,22,20190710_p173_slide6_ac1_vz,6,p173,DLD-1,1,20190710_p173_slide6_ac1_vz_s1_p1_r6_a6_ac_full_l10_x370_y131_cell.tiff,20190710_p173_slide6_ac1_vz_s1_p1_r6_a6_ac_full_l10_x370_y131_cyto.tiff,20190710_p173_slide6_ac1_vz_s1_p1_r6_a6_ac_full_l10_x370_y131_nucleiexp.tiff,20190710_p173_slide6_ac1_vz_s1_p1_r6_a6_ac_full_l10_x370_y131_comp.tiff,20190710_p173_slide6_ac1_vz_s1_p1_r6_a6_ac_full_l10_x370_y131_filtered.tiff
26,26,1096,11,286,257,17,15,30.0,54,68,68,0,89,T-REx-293_c0.25_tp72,72.0,"{'Pd102': 0, 'Pd104': 1, 'Pd105': 0, 'Pd106': 1, 'Pd108': 0, 'Pd110': 1, 'In113': 0, 'In115': 1}",0.25,173,1,6,F,F06,1,2,6,6,2,1,2,20190619_p173_slide8_ac1_vz,8,p173,T-REx-293,1,20190619_p173_slide8_ac1_vz_s1_p1_r6_a6_ac_full_l17_x1096_y11_cell.tiff,20190619_p173_slide8_ac1_vz_s1_p1_r6_a6_ac_full_l17_x1096_y11_cyto.tiff,20190619_p173_slide8_ac1_vz_s1_p1_r6_a6_ac_full_l17_x1096_y11_nucleiexp.tiff,20190619_p173_slide8_ac1_vz_s1_p1_r6_a6_ac_full_l17_x1096_y11_comp.tiff,20190619_p173_slide8_ac1_vz_s1_p1_r6_a6_ac_full_l17_x1096_y11_filtered.tiff
191,191,716,73,359,301,6,73,30.0,71,83,83,0,89,T-REx-293_c0.25_tp72,72.0,"{'Pd102': 0, 'Pd104': 1, 'Pd105': 0, 'Pd106': 1, 'Pd108': 0, 'Pd110': 1, 'In113': 0, 'In115': 1}",0.25,173,1,6,F,F06,1,9,17,17,9,1,9,20190621_p173_slide13_ac1_vz,13,p173,T-REx-293,1,20190621_p173_slide13_ac1_vz_s1_p1_r17_a17_ac_full_l6_x716_y73_cell.tiff,20190621_p173_slide13_ac1_vz_s1_p1_r17_a17_ac_full_l6_x716_y73_cyto.tiff,20190621_p173_slide13_ac1_vz_s1_p1_r17_a17_ac_full_l6_x716_y73_nucleiexp.tiff,20190621_p173_slide13_ac1_vz_s1_p1_r17_a17_ac_full_l6_x716_y73_comp.tiff,20190621_p173_slide13_ac1_vz_s1_p1_r17_a17_ac_full_l6_x716_y73_filtered.tiff
255,255,386,63,307,284,6,99,30.0,57,65,65,0,89,T-REx-293_c0.25_tp72,72.0,"{'Pd102': 0, 'Pd104': 1, 'Pd105': 0, 'Pd106': 1, 'Pd108': 0, 'Pd110': 1, 'In113': 0, 'In115': 1}",0.25,173,1,6,F,F06,1,13,18,18,13,1,13,20190625_p173_slide10_ac1_vz,10,p173,T-REx-293,1,20190625_p173_slide10_ac1_vz_s1_p1_r18_a18_ac_full_l6_x386_y63_cell.tiff,20190625_p173_slide10_ac1_vz_s1_p1_r18_a18_ac_full_l6_x386_y63_cyto.tiff,20190625_p173_slide10_ac1_vz_s1_p1_r18_a18_ac_full_l6_x386_y63_nucleiexp.tiff,20190625_p173_slide10_ac1_vz_s1_p1_r18_a18_ac_full_l6_x386_y63_comp.tiff,20190625_p173_slide10_ac1_vz_s1_p1_r18_a18_ac_full_l6_x386_y63_filtered.tiff
602,602,84,92,242,221,2,222,30.0,47,72,69,2,89,T-REx-293_c0.25_tp72,72.0,"{'Pd102': 0, 'Pd104': 1, 'Pd105': 0, 'Pd106': 1, 'Pd108': 0, 'Pd110': 1, 'In113': 0, 'In115': 1}",0.25,173,1,6,F,F06,1,30,4,4,28,1,28,20190715_p173_slide16_ac1_vz,16,p173,T-REx-293,1,20190715_p173_slide16_ac1_vz_s1_p1_r4_a4_ac_full_l2_x84_y92_cell.tiff,20190715_p173_slide16_ac1_vz_s1_p1_r4_a4_ac_full_l2_x84_y92_cyto.tiff,20190715_p173_slide16_ac1_vz_s1_p1_r4_a4_ac_full_l2_x84_y92_nucleiexp.tiff,20190715_p173_slide16_ac1_vz_s1_p1_r4_a4_ac_full_l2_x84_y92_comp.tiff,20190715_p173_slide16_ac1_vz_s1_p1_r4_a4_ac_full_l2_x84_y92_filtered.tiff
623,623,55,105,273,216,2,233,30.0,21,18,18,0,89,T-REx-293_c0.25_tp72,72.0,"{'Pd102': 0, 'Pd104': 1, 'Pd105': 0, 'Pd106': 1, 'Pd108': 0, 'Pd110': 1, 'In113': 0, 'In115': 1}",0.25,173,1,6,F,F06,1,31,25,25,28,2,28,20190715_p173_slide16_ac1_vz,16,p173,T-REx-293,1,20190715_p173_slide16_ac1_vz_s1_p2_r25_a25_ac_full_l2_x55_y105_cell.tiff,20190715_p173_slide16_ac1_vz_s1_p2_r25_a25_ac_full_l2_x55_y105_cyto.tiff,20190715_p173_slide16_ac1_vz_s1_p2_r25_a25_ac_full_l2_x55_y105_nucleiexp.tiff,20190715_p173_slide16_ac1_vz_s1_p2_r25_a25_ac_full_l2_x55_y105_comp.tiff,20190715_p173_slide16_ac1_vz_s1_p2_r25_a25_ac_full_l2_x55_y105_filtered.tiff
28,28,1300,175,305,285,19,15,30.0,39,66,66,0,11,HT-29_c1.0_tp72,72.0,"{'Pd102': 0, 'Pd104': 0, 'Pd105': 1, 'Pd106': 1, 'Pd108': 1, 'Pd110': 1, 'In113': 0, 'In115': 0}",1.0,173,1,7,B,B07,1,2,6,6,2,1,2,20190619_p173_slide8_ac1_vz,8,p173,HT-29,1,20190619_p173_slide8_ac1_vz_s1_p1_r6_a6_ac_full_l19_x1300_y175_cell.tiff,20190619_p173_slide8_ac1_vz_s1_p1_r6_a6_ac_full_l19_x1300_y175_cyto.tiff,20190619_p173_slide8_ac1_vz_s1_p1_r6_a6_ac_full_l19_x1300_y175_nucleiexp.tiff,20190619_p173_slide8_ac1_vz_s1_p1_r6_a6_ac_full_l19_x1300_y175_comp.tiff,20190619_p173_slide8_ac1_vz_s1_p1_r6_a6_ac_full_l19_x1300_y175_filtered.tiff
118,118,0,0,253,228,1,35,30.0,25,72,71,1,11,HT-29_c1.0_tp72,72.0,"{'Pd102': 0, 'Pd104': 0, 'Pd105': 1, 'Pd106': 1, 'Pd108': 1, 'Pd110': 1, 'In113': 0, 'In115': 0}",1.0,173,1,7,B,B07,1,5,5,5,5,1,5,20190620_p173_slide19_ac1_vz,19,p173,HT-29,1,20190620_p173_slide19_ac1_vz_s1_p1_r5_a5_ac_full_l1_x0_y0_cell.tiff,20190620_p173_slide19_ac1_vz_s1_p1_r5_a5_ac_full_l1_x0_y0_cyto.tiff,20190620_p173_slide19_ac1_vz_s1_p1_r5_a5_ac_full_l1_x0_y0_nucleiexp.tiff,20190620_p173_slide19_ac1_vz_s1_p1_r5_a5_ac_full_l1_x0_y0_comp.tiff,20190620_p173_slide19_ac1_vz_s1_p1_r5_a5_ac_full_l1_x0_y0_filtered.tiff
193,193,776,314,427,393,8,73,30.0,101,85,80,2,11,HT-29_c1.0_tp72,72.0,"{'Pd102': 0, 'Pd104': 0, 'Pd105': 1, 'Pd106': 1, 'Pd108': 1, 'Pd110': 1, 'In113': 0, 'In115': 0}",1.0,173,1,7,B,B07,1,9,17,17,9,1,9,20190621_p173_slide13_ac1_vz,13,p173,HT-29,1,20190621_p173_slide13_ac1_vz_s1_p1_r17_a17_ac_full_l8_x776_y314_cell.tiff,20190621_p173_slide13_ac1_vz_s1_p1_r17_a17_ac_full_l8_x776_y314_cyto.tiff,20190621_p173_slide13_ac1_vz_s1_p1_r17_a17_ac_full_l8_x776_y314_nucleiexp.tiff,20190621_p173_slide13_ac1_vz_s1_p1_r17_a17_ac_full_l8_x776_y314_comp.tiff,20190621_p173_slide13_ac1_vz_s1_p1_r17_a17_ac_full_l8_x776_y314_filtered.tiff
258,258,542,250,339,364,9,99,30.0,91,69,69,0,11,HT-29_c1.0_tp72,72.0,"{'Pd102': 0, 'Pd104': 0, 'Pd105': 1, 'Pd106': 1, 'Pd108': 1, 'Pd110': 1, 'In113': 0, 'In115': 0}",1.0,173,1,7,B,B07,1,13,18,18,13,1,13,20190625_p173_slide10_ac1_vz,10,p173,HT-29,1,20190625_p173_slide10_ac1_vz_s1_p1_r18_a18_ac_full_l9_x542_y250_cell.tiff,20190625_p173_slide10_ac1_vz_s1_p1_r18_a18_ac_full_l9_x542_y250_cyto.tiff,20190625_p173_slide10_ac1_vz_s1_p1_r18_a18_ac_full_l9_x542_y250_nucleiexp.tiff,20190625_p173_slide10_ac1_vz_s1_p1_r18_a18_ac_full_l9_x542_y250_comp.tiff,20190625_p173_slide10_ac1_vz_s1_p1_r18_a18_ac_full_l9_x542_y250_filtered.tiff
605,605,0,0,341,322,1,225,30.0,57,114,113,1,11,HT-29_c1.0_tp72,72.0,"{'Pd102': 0, 'Pd104': 0, 'Pd105': 1, 'Pd106': 1, 'Pd108': 1, 'Pd110': 1, 'In113': 0, 'In115': 0}",1.0,173,1,7,B,B07,1,30,7,7,28,1,28,20190715_p173_slide16_ac1_vz,16,p173,HT-29,1,20190715_p173_slide16_ac1_vz_s1_p1_r7_a7_ac_full_l1_x0_y0_cell.tiff,20190715_p173_slide16_ac1_vz_s1_p1_r7_a7_ac_full_l1_x0_y0_cyto.tiff,20190715_p173_slide16_ac1_vz_s1_p1_r7_a7_ac_full_l1_x0_y0_nucleiexp.tiff,20190715_p173_slide16_ac1_vz_s1_p1_r7_a7_ac_full_l1_x0_y0_comp.tiff,20190715_p173_slide16_ac1_vz_s1_p1_r7_a7_ac_full_l1_x0_y0_filtered.tiff
628,628,134,0,353,342,2,235,30.0,70,100,99,1,11,HT-29_c1.0_tp72,72.0,"{'Pd102': 0, 'Pd104': 0, 'Pd105': 1, 'Pd106': 1, 'Pd108': 1, 'Pd110': 1, 'In113': 0, 'In115': 0}",1.0,173,1,7,B,B07,1,31,30,30,28,2,28,20190715_p173_slide16_ac1_vz,16,p173,HT-29,1,20190715_p173_slide16_ac1_vz_s1_p2_r30_a30_ac_full_l2_x134_y0_cell.tiff,20190715_p173_slide16_ac1_vz_s1_p2_r30_a30_ac_full_l2_x134_y0_cyto.tiff,20190715_p173_slide16_ac1_vz_s1_p2_r30_a30_ac_full_l2_x134_y0_nucleiexp.tiff,20190715_p173_slide16_ac1_vz_s1_p2_r30_a30_ac_full_l2_x134_y0_comp.tiff,20190715_p173_slide16_ac1_vz_s1_p2_r30_a30_ac_full_l2_x134_y0_filtered.tiff
29,29,34,674,205,202,2,15,30.0,39,27,23,2,107,T-47D_c0.25_tp72,72.0,"{'Pd102': 0, 'Pd104': 1, 'Pd105': 1, 'Pd106': 0, 'Pd108': 0, 'Pd110': 0, 'In113': 1, 'In115': 1}",0.25,173,1,5,G,G05,1,2,6,6,2,1,2,20190619_p173_slide8_ac1_vz,8,p173,T-47D,0,20190619_p173_slide8_ac1_vz_s1_p1_r6_a6_ac_full_l2_x34_y674_cell.tiff,20190619_p173_slide8_ac1_vz_s1_p1_r6_a6_ac_full_l2_x34_y674_cyto.tiff,20190619_p173_slide8_ac1_vz_s1_p1_r6_a6_ac_full_l2_x34_y674_nucleiexp.tiff,20190619_p173_slide8_ac1_vz_s1_p1_r6_a6_ac_full_l2_x34_y674_comp.tiff,20190619_p173_slide8_ac1_vz_s1_p1_r6_a6_ac_full_l2_x34_y674_filtered.tiff
240,240,93,0,183,170,2,96,30.0,50,28,28,0,107,T-47D_c0.25_tp72,72.0,"{'Pd102': 0, 'Pd104': 1, 'Pd105': 1, 'Pd106': 0, 'Pd108': 0, 'Pd110': 0, 'In113': 1, 'In115': 1}",0.25,173,1,5,G,G05,1,13,12,12,13,1,13,20190625_p173_slide10_ac1_vz,10,p173,T-47D,0,20190625_p173_slide10_ac1_vz_s1_p1_r12_a12_ac_full_l2_x93_y0_cell.tiff,20190625_p173_slide10_ac1_vz_s1_p1_r12_a12_ac_full_l2_x93_y0_cyto.tiff,20190625_p173_slide10_ac1_vz_s1_p1_r12_a12_ac_full_l2_x93_y0_nucleiexp.tiff,20190625_p173_slide10_ac1_vz_s1_p1_r12_a12_ac_full_l2_x93_y0_comp.tiff,20190625_p173_slide10_ac1_vz_s1_p1_r12_a12_ac_full_l2_x93_y0_filtered.tiff
473,473,151,1219,179,192,5,187,30.0,38,41,41,0,107,T-47D_c0.25_tp72,72.0,"{'Pd102': 0, 'Pd104': 1, 'Pd105': 1, 'Pd106': 0, 'Pd108': 0, 'Pd110': 0, 'In113': 1, 'In115': 1}",0.25,173,1,5,G,G05,1,24,6,6,22,1,22,20190710_p173_slide6_ac1_vz,6,p173,T-47D,0,20190710_p173_slide6_ac1_vz_s1_p1_r6_a6_ac_full_l5_x151_y1219_cell.tiff,20190710_p173_slide6_ac1_vz_s1_p1_r6_a6_ac_full_l5_x151_y1219_cyto.tiff,20190710_p173_slide6_ac1_vz_s1_p1_r6_a6_ac_full_l5_x151_y1219_nucleiexp.tiff,20190710_p173_slide6_ac1_vz_s1_p1_r6_a6_ac_full_l5_x151_y1219_comp.tiff,20190710_p173_slide6_ac1_vz_s1_p1_r6_a6_ac_full_l5_x151_y1219_filtered.tiff
30,30,93,1195,271,290,3,15,30.0,71,48,45,2,59,HT-29_c0.5_tp72,72.0,"{'Pd102': 0, 'Pd104': 1, 'Pd105': 1, 'Pd106': 1, 'Pd108': 0, 'Pd110': 0, 'In113': 1, 'In115': 0}",0.5,173,1,11,D,D11,1,2,6,6,2,1,2,20190619_p173_slide8_ac1_vz,8,p173,HT-29,1,20190619_p173_slide8_ac1_vz_s1_p1_r6_a6_ac_full_l3_x93_y1195_cell.tiff,20190619_p173_slide8_ac1_vz_s1_p1_r6_a6_ac_full_l3_x93_y1195_cyto.tiff,20190619_p173_slide8_ac1_vz_s1_p1_r6_a6_ac_full_l3_x93_y1195_nucleiexp.tiff,20190619_p173_slide8_ac1_vz_s1_p1_r6_a6_ac_full_l3_x93_y1195_comp.tiff,20190619_p173_slide8_ac1_vz_s1_p1_r6_a6_ac_full_l3_x93_y1195_filtered.tiff
211,211,47,0,320,336,2,79,30.0,110,47,40,3,59,HT-29_c0.5_tp72,72.0,"{'Pd102': 0, 'Pd104': 1, 'Pd105': 1, 'Pd106': 1, 'Pd108': 0, 'Pd110': 0, 'In113': 1, 'In115': 0}",0.5,173,1,11,D,D11,1,10,10,10,10,1,10,20190621_p173_slide4_ac1_vz,4,p173,HT-29,1,20190621_p173_slide4_ac1_vz_s1_p1_r10_a10_ac_full_l2_x47_y0_cell.tiff,20190621_p173_slide4_ac1_vz_s1_p1_r10_a10_ac_full_l2_x47_y0_cyto.tiff,20190621_p173_slide4_ac1_vz_s1_p1_r10_a10_ac_full_l2_x47_y0_nucleiexp.tiff,20190621_p173_slide4_ac1_vz_s1_p1_r10_a10_ac_full_l2_x47_y0_comp.tiff,20190621_p173_slide4_ac1_vz_s1_p1_r10_a10_ac_full_l2_x47_y0_filtered.tiff
245,245,143,160,200,217,4,98,30.0,25,36,36,0,59,HT-29_c0.5_tp72,72.0,"{'Pd102': 0, 'Pd104': 1, 'Pd105': 1, 'Pd106': 1, 'Pd108': 0, 'Pd110': 0, 'In113': 1, 'In115': 0}",0.5,173,1,11,D,D11,1,13,17,17,13,1,13,20190625_p173_slide10_ac1_vz,10,p173,HT-29,1,20190625_p173_slide10_ac1_vz_s1_p1_r17_a17_ac_full_l4_x143_y160_cell.tiff,20190625_p173_slide10_ac1_vz_s1_p1_r17_a17_ac_full_l4_x143_y160_cyto.tiff,20190625_p173_slide10_ac1_vz_s1_p1_r17_a17_ac_full_l4_x143_y160_nucleiexp.tiff,20190625_p173_slide10_ac1_vz_s1_p1_r17_a17_ac_full_l4_x143_y160_comp.tiff,20190625_p173_slide10_ac1_vz_s1_p1_r17_a17_ac_full_l4_x143_y160_filtered.tiff
362,362,0,0,284,256,1,166,30.0,51,40,39,1,59,HT-29_c0.5_tp72,72.0,"{'Pd102': 0, 'Pd104': 1, 'Pd105': 1, 'Pd106': 1, 'Pd108': 0, 'Pd110': 0, 'In113': 1, 'In115': 0}",0.5,173,1,11,D,D11,1,19,7,7,17,1,17,20190709_p173_slide2_ac1_vz,2,p173,HT-29,1,20190709_p173_slide2_ac1_vz_s1_p1_r7_a7_ac_full_l1_x0_y0_cell.tiff,20190709_p173_slide2_ac1_vz_s1_p1_r7_a7_ac_full_l1_x0_y0_cyto.tiff,20190709_p173_slide2_ac1_vz_s1_p1_r7_a7_ac_full_l1_x0_y0_nucleiexp.tiff,20190709_p173_slide2_ac1_vz_s1_p1_r7_a7_ac_full_l1_x0_y0_comp.tiff,20190709_p173_slide2_ac1_vz_s1_p1_r7_a7_ac_full_l1_x0_y0_filtered.tiff
466,466,570,1408,331,322,12,187,30.0,96,64,59,2,59,HT-29_c0.5_tp72,72.0,"{'Pd102': 0, 'Pd104': 1, 'Pd105': 1, 'Pd106': 1, 'Pd108': 0, 'Pd110': 0, 'In113': 1, 'In115': 0}",0.5,173,1,11,D,D11,1,24,6,6,22,1,22,20190710_p173_slide6_ac1_vz,6,p173,HT-29,1,20190710_p173_slide6_ac1_vz_s1_p1_r6_a6_ac_full_l12_x570_y1408_cell.tiff,20190710_p173_slide6_ac1_vz_s1_p1_r6_a6_ac_full_l12_x570_y1408_cyto.tiff,20190710_p173_slide6_ac1_vz_s1_p1_r6_a6_ac_full_l12_x570_y1408_nucleiexp.tiff,20190710_p173_slide6_ac1_vz_s1_p1_r6_a6_ac_full_l12_x570_y1408_comp.tiff,20190710_p173_slide6_ac1_vz_s1_p1_r6_a6_ac_full_l12_x570_y1408_filtered.tiff
32,32,113,1472,421,434,5,15,30.0,137,73,73,0,45,T-REx-293_c0.5_tp72,72.0,"{'Pd102': 1, 'Pd104': 0, 'Pd105': 0, 'Pd106': 1, 'Pd108': 1, 'Pd110': 0, 'In113': 0, 'In115': 1}",0.5,173,1,4,D,D04,1,2,6,6,2,1,2,20190619_p173_slide8_ac1_vz,8,p173,T-REx-293,0,20190619_p173_slide8_ac1_vz_s1_p1_r6_a6_ac_full_l5_x113_y1472_cell.tiff,20190619_p173_slide8_ac1_vz_s1_p1_r6_a6_ac_full_l5_x113_y1472_cyto.tiff,20190619_p173_slide8_ac1_vz_s1_p1_r6_a6_ac_full_l5_x113_y1472_nucleiexp.tiff,20190619_p173_slide8_ac1_vz_s1_p1_r6_a6_ac_full_l5_x113_y1472_comp.tiff,20190619_p173_slide8_ac1_vz_s1_p1_r6_a6_ac_full_l5_x113_y1472_filtered.tiff
202,202,76,629,314,394,3,77,30.0,133,43,43,0,45,T-REx-293_c0.5_tp72,72.0,"{'Pd102': 1, 'Pd104': 0, 'Pd105': 0, 'Pd106': 1, 'Pd108': 1, 'Pd110': 0, 'In113': 0, 'In115': 1}",0.5,173,1,4,D,D04,1,9,8,8,9,1,9,20190621_p173_slide13_ac1_vz,13,p173,T-REx-293,0,20190621_p173_slide13_ac1_vz_s1_p1_r8_a8_ac_full_l3_x76_y629_cell.tiff,20190621_p173_slide13_ac1_vz_s1_p1_r8_a8_ac_full_l3_x76_y629_cyto.tiff,20190621_p173_slide13_ac1_vz_s1_p1_r8_a8_ac_full_l3_x76_y629_nucleiexp.tiff,20190621_p173_slide13_ac1_vz_s1_p1_r8_a8_ac_full_l3_x76_y629_comp.tiff,20190621_p173_slide13_ac1_vz_s1_p1_r8_a8_ac_full_l3_x76_y629_filtered.tiff
210,210,0,295,345,386,1,79,30.0,122,33,33,0,45,T-REx-293_c0.5_tp72,72.0,"{'Pd102': 1, 'Pd104': 0, 'Pd105': 0, 'Pd106': 1, 'Pd108': 1, 'Pd110': 0, 'In113': 0, 'In115': 1}",0.5,173,1,4,D,D04,1,10,10,10,10,1,10,20190621_p173_slide4_ac1_vz,4,p173,T-REx-293,0,20190621_p173_slide4_ac1_vz_s1_p1_r10_a10_ac_full_l1_x0_y295_cell.tiff,20190621_p173_slide4_ac1_vz_s1_p1_r10_a10_ac_full_l1_x0_y295_cyto.tiff,20190621_p173_slide4_ac1_vz_s1_p1_r10_a10_ac_full_l1_x0_y295_nucleiexp.tiff,20190621_p173_slide4_ac1_vz_s1_p1_r10_a10_ac_full_l1_x0_y295_comp.tiff,20190621_p173_slide4_ac1_vz_s1_p1_r10_a10_ac_full_l1_x0_y295_filtered.tiff
246,246,96,426,414,420,5,98,30.0,133,86,84,1,45,T-REx-293_c0.5_tp72,72.0,"{'Pd102': 1, 'Pd104': 0, 'Pd105': 0, 'Pd106': 1, 'Pd108': 1, 'Pd110': 0, 'In113': 0, 'In115': 1}",0.5,173,1,4,D,D04,1,13,17,17,13,1,13,20190625_p173_slide10_ac1_vz,10,p173,T-REx-293,0,20190625_p173_slide10_ac1_vz_s1_p1_r17_a17_ac_full_l5_x96_y426_cell.tiff,20190625_p173_slide10_ac1_vz_s1_p1_r17_a17_ac_full_l5_x96_y426_cyto.tiff,20190625_p173_slide10_ac1_vz_s1_p1_r17_a17_ac_full_l5_x96_y426_nucleiexp.tiff,20190625_p173_slide10_ac1_vz_s1_p1_r17_a17_ac_full_l5_x96_y426_comp.tiff,20190625_p173_slide10_ac1_vz_s1_p1_r17_a17_ac_full_l5_x96_y426_filtered.tiff
469,469,840,1499,418,361,15,187,30.0,116,63,63,0,45,T-REx-293_c0.5_tp72,72.0,"{'Pd102': 1, 'Pd104': 0, 'Pd105': 0, 'Pd106': 1, 'Pd108': 1, 'Pd110': 0, 'In113': 0, 'In115': 1}",0.5,173,1,4,D,D04,1,24,6,6,22,1,22,20190710_p173_slide6_ac1_vz,6,p173,T-REx-293,0,20190710_p173_slide6_ac1_vz_s1_p1_r6_a6_ac_full_l15_x840_y1499_cell.tiff,20190710_p173_slide6_ac1_vz_s1_p1_r6_a6_ac_full_l15_x840_y1499_cyto.tiff,20190710_p173_slide6_ac1_vz_s1_p1_r6_a6_ac_full_l15_x840_y1499_nucleiexp.tiff,20190710_p173_slide6_ac1_vz_s1_p1_r6_a6_ac_full_l15_x840_y1499_comp.tiff,20190710_p173_slide6_ac1_vz_s1_p1_r6_a6_ac_full_l15_x840_y1499_filtered.tiff
33,33,163,357,302,254,6,15,30.0,93,47,44,1,35,T-47D_c1.0_tp72,72.0,"{'Pd102': 1, 'Pd104': 1, 'Pd105': 0, 'Pd106': 1, 'Pd108': 0, 'Pd110': 1, 'In113': 0, 'In115': 0}",1.0,173,1,9,C,C09,1,2,6,6,2,1,2,20190619_p173_slide8_ac1_vz,8,p173,T-47D,0,20190619_p173_slide8_ac1_vz_s1_p1_r6_a6_ac_full_l6_x163_y357_cell.tiff,20190619_p173_slide8_ac1_vz_s1_p1_r6_a6_ac_full_l6_x163_y357_cyto.tiff,20190619_p173_slide8_ac1_vz_s1_p1_r6_a6_ac_full_l6_x163_y357_nucleiexp.tiff,20190619_p173_slide8_ac1_vz_s1_p1_r6_a6_ac_full_l6_x163_y357_comp.tiff,20190619_p173_slide8_ac1_vz_s1_p1_r6_a6_ac_full_l6_x163_y357_filtered.tiff
216,216,233,88,239,174,2,82,30.0,57,39,39,0,35,T-47D_c1.0_tp72,72.0,"{'Pd102': 1, 'Pd104': 1, 'Pd105': 0, 'Pd106': 1, 'Pd108': 0, 'Pd110': 1, 'In113': 0, 'In115': 0}",1.0,173,1,9,C,C09,1,10,16,16,10,1,10,20190621_p173_slide4_ac1_vz,4,p173,T-47D,0,20190621_p173_slide4_ac1_vz_s1_p1_r16_a16_ac_full_l2_x233_y88_cell.tiff,20190621_p173_slide4_ac1_vz_s1_p1_r16_a16_ac_full_l2_x233_y88_cyto.tiff,20190621_p173_slide4_ac1_vz_s1_p1_r16_a16_ac_full_l2_x233_y88_nucleiexp.tiff,20190621_p173_slide4_ac1_vz_s1_p1_r16_a16_ac_full_l2_x233_y88_comp.tiff,20190621_p173_slide4_ac1_vz_s1_p1_r16_a16_ac_full_l2_x233_y88_filtered.tiff
463,463,30,871,183,271,1,187,30.0,63,30,30,0,35,T-47D_c1.0_tp72,72.0,"{'Pd102': 1, 'Pd104': 1, 'Pd105': 0, 'Pd106': 1, 'Pd108': 0, 'Pd110': 1, 'In113': 0, 'In115': 0}",1.0,173,1,9,C,C09,1,24,6,6,22,1,22,20190710_p173_slide6_ac1_vz,6,p173,T-47D,0,20190710_p173_slide6_ac1_vz_s1_p1_r6_a6_ac_full_l1_x30_y871_cell.tiff,20190710_p173_slide6_ac1_vz_s1_p1_r6_a6_ac_full_l1_x30_y871_cyto.tiff,20190710_p173_slide6_ac1_vz_s1_p1_r6_a6_ac_full_l1_x30_y871_nucleiexp.tiff,20190710_p173_slide6_ac1_vz_s1_p1_r6_a6_ac_full_l1_x30_y871_comp.tiff,20190710_p173_slide6_ac1_vz_s1_p1_r6_a6_ac_full_l1_x30_y871_filtered.tiff
580,580,0,6,229,190,1,216,30.0,56,40,39,1,35,T-47D_c1.0_tp72,72.0,"{'Pd102': 1, 'Pd104': 1, 'Pd105': 0, 'Pd106': 1, 'Pd108': 0, 'Pd110': 1, 'In113': 0, 'In115': 0}",1.0,173,1,9,C,C09,1,30,1,1,28,1,28,20190715_p173_slide16_ac1_vz,16,p173,T-47D,0,20190715_p173_slide16_ac1_vz_s1_p1_r1_a1_ac_full_l1_x0_y6_cell.tiff,20190715_p173_slide16_ac1_vz_s1_p1_r1_a1_ac_full_l1_x0_y6_cyto.tiff,20190715_p173_slide16_ac1_vz_s1_p1_r1_a1_ac_full_l1_x0_y6_nucleiexp.tiff,20190715_p173_slide16_ac1_vz_s1_p1_r1_a1_ac_full_l1_x0_y6_comp.tiff,20190715_p173_slide16_ac1_vz_s1_p1_r1_a1_ac_full_l1_x0_y6_filtered.tiff
618,618,0,0,241,174,1,230,30.0,45,29,27,1,35,T-47D_c1.0_tp72,72.0,"{'Pd102': 1, 'Pd104': 1, 'Pd105': 0, 'Pd106': 1, 'Pd108': 0, 'Pd110': 1, 'In113': 0, 'In115': 0}",1.0,173,1,9,C,C09,1,31,22,22,28,2,28,20190715_p173_slide16_ac1_vz,16,p173,T-47D,0,20190715_p173_slide16_ac1_vz_s1_p2_r22_a22_ac_full_l1_x0_y0_cell.tiff,20190715_p173_slide16_ac1_vz_s1_p2_r22_a22_ac_full_l1_x0_y0_cyto.tiff,20190715_p173_slide16_ac1_vz_s1_p2_r22_a22_ac_full_l1_x0_y0_nucleiexp.tiff,20190715_p173_slide16_ac1_vz_s1_p2_r22_a22_ac_full_l1_x0_y0_comp.tiff,20190715_p173_slide16_ac1_vz_s1_p2_r22_a22_ac_full_l1_x0_y0_filtered.tiff
34,34,376,127,251,260,7,15,30.0,53,42,42,0,85,T-REx-293_c0.25_tp72,72.0,"{'Pd102': 1, 'Pd104': 0, 'Pd105': 0, 'Pd106': 1, 'Pd108': 0, 'Pd110': 1, 'In113': 0, 'In115': 1}",0.25,173,1,4,F,F04,1,2,6,6,2,1,2,20190619_p173_slide8_ac1_vz,8,p173,T-REx-293,0,20190619_p173_slide8_ac1_vz_s1_p1_r6_a6_ac_full_l7_x376_y127_cell.tiff,20190619_p173_slide8_ac1_vz_s1_p1_r6_a6_ac_full_l7_x376_y127_cyto.tiff,20190619_p173_slide8_ac1_vz_s1_p1_r6_a6_ac_full_l7_x376_y127_nucleiexp.tiff,20190619_p173_slide8_ac1_vz_s1_p1_r6_a6_ac_full_l7_x376_y127_comp.tiff,20190619_p173_slide8_ac1_vz_s1_p1_r6_a6_ac_full_l7_x376_y127_filtered.tiff
183,183,0,0,313,265,1,72,30.0,73,44,44,0,85,T-REx-293_c0.25_tp72,72.0,"{'Pd102': 1, 'Pd104': 0, 'Pd105': 0, 'Pd106': 1, 'Pd108': 0, 'Pd110': 1, 'In113': 0, 'In115': 1}",0.25,173,1,4,F,F04,1,9,10,10,9,1,9,20190621_p173_slide13_ac1_vz,13,p173,T-REx-293,0,20190621_p173_slide13_ac1_vz_s1_p1_r10_a10_ac_full_l1_x0_y0_cell.tiff,20190621_p173_slide13_ac1_vz_s1_p1_r10_a10_ac_full_l1_x0_y0_cyto.tiff,20190621_p173_slide13_ac1_vz_s1_p1_r10_a10_ac_full_l1_x0_y0_nucleiexp.tiff,20190621_p173_slide13_ac1_vz_s1_p1_r10_a10_ac_full_l1_x0_y0_comp.tiff,20190621_p173_slide13_ac1_vz_s1_p1_r10_a10_ac_full_l1_x0_y0_filtered.tiff
267,267,238,0,277,260,3,105,30.0,76,51,50,1,85,T-REx-293_c0.25_tp72,72.0,"{'Pd102': 1, 'Pd104': 0, 'Pd105': 0, 'Pd106': 1, 'Pd108': 0, 'Pd110': 1, 'In113': 0, 'In115': 1}",0.25,173,1,4,F,F04,1,13,9,9,13,1,13,20190625_p173_slide10_ac1_vz,10,p173,T-REx-293,0,20190625_p173_slide10_ac1_vz_s1_p1_r9_a9_ac_full_l3_x238_y0_cell.tiff,20190625_p173_slide10_ac1_vz_s1_p1_r9_a9_ac_full_l3_x238_y0_cyto.tiff,20190625_p173_slide10_ac1_vz_s1_p1_r9_a9_ac_full_l3_x238_y0_nucleiexp.tiff,20190625_p173_slide10_ac1_vz_s1_p1_r9_a9_ac_full_l3_x238_y0_comp.tiff,20190625_p173_slide10_ac1_vz_s1_p1_r9_a9_ac_full_l3_x238_y0_filtered.tiff
598,598,0,176,231,246,1,220,30.0,86,32,32,0,85,T-REx-293_c0.25_tp72,72.0,"{'Pd102': 1, 'Pd104': 0, 'Pd105': 0, 'Pd106': 1, 'Pd108': 0, 'Pd110': 1, 'In113': 0, 'In115': 1}",0.25,173,1,4,F,F04,1,30,2,2,28,1,28,20190715_p173_slide16_ac1_vz,16,p173,T-REx-293,0,20190715_p173_slide16_ac1_vz_s1_p1_r2_a2_ac_full_l1_x0_y176_cell.tiff,20190715_p173_slide16_ac1_vz_s1_p1_r2_a2_ac_full_l1_x0_y176_cyto.tiff,20190715_p173_slide16_ac1_vz_s1_p1_r2_a2_ac_full_l1_x0_y176_nucleiexp.tiff,20190715_p173_slide16_ac1_vz_s1_p1_r2_a2_ac_full_l1_x0_y176_comp.tiff,20190715_p173_slide16_ac1_vz_s1_p1_r2_a2_ac_full_l1_x0_y176_filtered.tiff
35,35,339,545,277,240,8,15,30.0,62,33,33,0,93,T-REx-293_c0.25_tp72,72.0,"{'Pd102': 1, 'Pd104': 0, 'Pd105': 0, 'Pd106': 0, 'Pd108': 1, 'Pd110': 1, 'In113': 1, 'In115': 0}",0.25,173,1,8,F,F08,1,2,6,6,2,1,2,20190619_p173_slide8_ac1_vz,8,p173,T-REx-293,0,20190619_p173_slide8_ac1_vz_s1_p1_r6_a6_ac_full_l8_x339_y545_cell.tiff,20190619_p173_slide8_ac1_vz_s1_p1_r6_a6_ac_full_l8_x339_y545_cyto.tiff,20190619_p173_slide8_ac1_vz_s1_p1_r6_a6_ac_full_l8_x339_y545_nucleiexp.tiff,20190619_p173_slide8_ac1_vz_s1_p1_r6_a6_ac_full_l8_x339_y545_comp.tiff,20190619_p173_slide8_ac1_vz_s1_p1_r6_a6_ac_full_l8_x339_y545_filtered.tiff
217,217,263,238,349,330,3,82,30.0,74,47,47,0,93,T-REx-293_c0.25_tp72,72.0,"{'Pd102': 1, 'Pd104': 0, 'Pd105': 0, 'Pd106': 0, 'Pd108': 1, 'Pd110': 1, 'In113': 1, 'In115': 0}",0.25,173,1,8,F,F08,1,10,16,16,10,1,10,20190621_p173_slide4_ac1_vz,4,p173,T-REx-293,0,20190621_p173_slide4_ac1_vz_s1_p1_r16_a16_ac_full_l3_x263_y238_cell.tiff,20190621_p173_slide4_ac1_vz_s1_p1_r16_a16_ac_full_l3_x263_y238_cyto.tiff,20190621_p173_slide4_ac1_vz_s1_p1_r16_a16_ac_full_l3_x263_y238_nucleiexp.tiff,20190621_p173_slide4_ac1_vz_s1_p1_r16_a16_ac_full_l3_x263_y238_comp.tiff,20190621_p173_slide4_ac1_vz_s1_p1_r16_a16_ac_full_l3_x263_y238_filtered.tiff
264,264,12,0,203,181,1,104,30.0,46,20,20,0,93,T-REx-293_c0.25_tp72,72.0,"{'Pd102': 1, 'Pd104': 0, 'Pd105': 0, 'Pd106': 0, 'Pd108': 1, 'Pd110': 1, 'In113': 1, 'In115': 0}",0.25,173,1,8,F,F08,1,13,6,6,13,1,13,20190625_p173_slide10_ac1_vz,10,p173,T-REx-293,0,20190625_p173_slide10_ac1_vz_s1_p1_r6_a6_ac_full_l1_x12_y0_cell.tiff,20190625_p173_slide10_ac1_vz_s1_p1_r6_a6_ac_full_l1_x12_y0_cyto.tiff,20190625_p173_slide10_ac1_vz_s1_p1_r6_a6_ac_full_l1_x12_y0_nucleiexp.tiff,20190625_p173_slide10_ac1_vz_s1_p1_r6_a6_ac_full_l1_x12_y0_comp.tiff,20190625_p173_slide10_ac1_vz_s1_p1_r6_a6_ac_full_l1_x12_y0_filtered.tiff
359,359,174,143,285,337,3,163,30.0,88,64,63,1,93,T-REx-293_c0.25_tp72,72.0,"{'Pd102': 1, 'Pd104': 0, 'Pd105': 0, 'Pd106': 0, 'Pd108': 1, 'Pd110': 1, 'In113': 1, 'In115': 0}",0.25,173,1,8,F,F08,1,19,11,11,17,1,17,20190709_p173_slide2_ac1_vz,2,p173,T-REx-293,0,20190709_p173_slide2_ac1_vz_s1_p1_r11_a11_ac_full_l3_x174_y143_cell.tiff,20190709_p173_slide2_ac1_vz_s1_p1_r11_a11_ac_full_l3_x174_y143_cyto.tiff,20190709_p173_slide2_ac1_vz_s1_p1_r11_a11_ac_full_l3_x174_y143_nucleiexp.tiff,20190709_p173_slide2_ac1_vz_s1_p1_r11_a11_ac_full_l3_x174_y143_comp.tiff,20190709_p173_slide2_ac1_vz_s1_p1_r11_a11_ac_full_l3_x174_y143_filtered.tiff
475,475,217,829,283,297,7,187,30.0,86,60,58,1,93,T-REx-293_c0.25_tp72,72.0,"{'Pd102': 1, 'Pd104': 0, 'Pd105': 0, 'Pd106': 0, 'Pd108': 1, 'Pd110': 1, 'In113': 1, 'In115': 0}",0.25,173,1,8,F,F08,1,24,6,6,22,1,22,20190710_p173_slide6_ac1_vz,6,p173,T-REx-293,0,20190710_p173_slide6_ac1_vz_s1_p1_r6_a6_ac_full_l7_x217_y829_cell.tiff,20190710_p173_slide6_ac1_vz_s1_p1_r6_a6_ac_full_l7_x217_y829_cyto.tiff,20190710_p173_slide6_ac1_vz_s1_p1_r6_a6_ac_full_l7_x217_y829_nucleiexp.tiff,20190710_p173_slide6_ac1_vz_s1_p1_r6_a6_ac_full_l7_x217_y829_comp.tiff,20190710_p173_slide6_ac1_vz_s1_p1_r6_a6_ac_full_l7_x217_y829_filtered.tiff
36,36,416,292,257,251,9,15,30.0,76,31,31,0,81,T-REx-293_c0.25_tp72,72.0,"{'Pd102': 1, 'Pd104': 1, 'Pd105': 0, 'Pd106': 0, 'Pd108': 0, 'Pd110': 1, 'In113': 0, 'In115': 1}",0.25,173,1,2,F,F02,1,2,6,6,2,1,2,20190619_p173_slide8_ac1_vz,8,p173,T-REx-293,1,20190619_p173_slide8_ac1_vz_s1_p1_r6_a6_ac_full_l9_x416_y292_cell.tiff,20190619_p173_slide8_ac1_vz_s1_p1_r6_a6_ac_full_l9_x416_y292_cyto.tiff,20190619_p173_slide8_ac1_vz_s1_p1_r6_a6_ac_full_l9_x416_y292_nucleiexp.tiff,20190619_p173_slide8_ac1_vz_s1_p1_r6_a6_ac_full_l9_x416_y292_comp.tiff,20190619_p173_slide8_ac1_vz_s1_p1_r6_a6_ac_full_l9_x416_y292_filtered.tiff
218,218,447,64,328,297,4,82,30.0,72,49,48,1,81,T-REx-293_c0.25_tp72,72.0,"{'Pd102': 1, 'Pd104': 1, 'Pd105': 0, 'Pd106': 0, 'Pd108': 0, 'Pd110': 1, 'In113': 0, 'In115': 1}",0.25,173,1,2,F,F02,1,10,16,16,10,1,10,20190621_p173_slide4_ac1_vz,4,p173,T-REx-293,1,20190621_p173_slide4_ac1_vz_s1_p1_r16_a16_ac_full_l4_x447_y64_cell.tiff,20190621_p173_slide4_ac1_vz_s1_p1_r16_a16_ac_full_l4_x447_y64_cyto.tiff,20190621_p173_slide4_ac1_vz_s1_p1_r16_a16_ac_full_l4_x447_y64_nucleiexp.tiff,20190621_p173_slide4_ac1_vz_s1_p1_r16_a16_ac_full_l4_x447_y64_comp.tiff,20190621_p173_slide4_ac1_vz_s1_p1_r16_a16_ac_full_l4_x447_y64_filtered.tiff
357,357,0,0,266,306,1,163,30.0,75,62,60,2,81,T-REx-293_c0.25_tp72,72.0,"{'Pd102': 1, 'Pd104': 1, 'Pd105': 0, 'Pd106': 0, 'Pd108': 0, 'Pd110': 1, 'In113': 0, 'In115': 1}",0.25,173,1,2,F,F02,1,19,11,11,17,1,17,20190709_p173_slide2_ac1_vz,2,p173,T-REx-293,1,20190709_p173_slide2_ac1_vz_s1_p1_r11_a11_ac_full_l1_x0_y0_cell.tiff,20190709_p173_slide2_ac1_vz_s1_p1_r11_a11_ac_full_l1_x0_y0_cyto.tiff,20190709_p173_slide2_ac1_vz_s1_p1_r11_a11_ac_full_l1_x0_y0_nucleiexp.tiff,20190709_p173_slide2_ac1_vz_s1_p1_r11_a11_ac_full_l1_x0_y0_comp.tiff,20190709_p173_slide2_ac1_vz_s1_p1_r11_a11_ac_full_l1_x0_y0_filtered.tiff
470,470,81,639,267,305,2,187,30.0,102,50,50,0,81,T-REx-293_c0.25_tp72,72.0,"{'Pd102': 1, 'Pd104': 1, 'Pd105': 0, 'Pd106': 0, 'Pd108': 0, 'Pd110': 1, 'In113': 0, 'In115': 1}",0.25,173,1,2,F,F02,1,24,6,6,22,1,22,20190710_p173_slide6_ac1_vz,6,p173,T-REx-293,1,20190710_p173_slide6_ac1_vz_s1_p1_r6_a6_ac_full_l2_x81_y639_cell.tiff,20190710_p173_slide6_ac1_vz_s1_p1_r6_a6_ac_full_l2_x81_y639_cyto.tiff,20190710_p173_slide6_ac1_vz_s1_p1_r6_a6_ac_full_l2_x81_y639_nucleiexp.tiff,20190710_p173_slide6_ac1_vz_s1_p1_r6_a6_ac_full_l2_x81_y639_comp.tiff,20190710_p173_slide6_ac1_vz_s1_p1_r6_a6_ac_full_l2_x81_y639_filtered.tiff
37,37,48,635,232,220,1,16,30.0,62,24,23,1,102,DLD-1_c0.5_tp96,96.0,"{'Pd102': 1, 'Pd104': 1, 'Pd105': 0, 'Pd106': 0, 'Pd108': 0, 'Pd110': 0, 'In113': 1, 'In115': 1}",0.5,176,1,2,G,G02,2,3,6,6,3,1,3,20190619_p176_slide20_ac1_vz,20,p176,DLD-1,0,20190619_p176_slide20_ac1_vz_s1_p1_r6_a6_ac_full_l1_x48_y635_cell.tiff,20190619_p176_slide20_ac1_vz_s1_p1_r6_a6_ac_full_l1_x48_y635_cyto.tiff,20190619_p176_slide20_ac1_vz_s1_p1_r6_a6_ac_full_l1_x48_y635_nucleiexp.tiff,20190619_p176_slide20_ac1_vz_s1_p1_r6_a6_ac_full_l1_x48_y635_comp.tiff,20190619_p176_slide20_ac1_vz_s1_p1_r6_a6_ac_full_l1_x48_y635_filtered.tiff
153,153,0,191,367,387,1,54,30.0,179,42,39,2,102,DLD-1_c0.5_tp96,96.0,"{'Pd102': 1, 'Pd104': 1, 'Pd105': 0, 'Pd106': 0, 'Pd108': 0, 'Pd110': 0, 'In113': 1, 'In115': 1}",0.5,176,1,2,G,G02,2,7,22,22,7,1,7,20190620_p176_slide27_ac1_vz,27,p176,DLD-1,0,20190620_p176_slide27_ac1_vz_s1_p1_r22_a22_ac_full_l1_x0_y191_cell.tiff,20190620_p176_slide27_ac1_vz_s1_p1_r22_a22_ac_full_l1_x0_y191_cyto.tiff,20190620_p176_slide27_ac1_vz_s1_p1_r22_a22_ac_full_l1_x0_y191_nucleiexp.tiff,20190620_p176_slide27_ac1_vz_s1_p1_r22_a22_ac_full_l1_x0_y191_comp.tiff,20190620_p176_slide27_ac1_vz_s1_p1_r22_a22_ac_full_l1_x0_y191_filtered.tiff
232,232,111,0,199,204,2,90,30.0,60,23,23,0,102,DLD-1_c0.5_tp96,96.0,"{'Pd102': 1, 'Pd104': 1, 'Pd105': 0, 'Pd106': 0, 'Pd108': 0, 'Pd110': 0, 'In113': 1, 'In115': 1}",0.5,176,1,2,G,G02,2,11,5,5,11,1,11,20190621_p176_slide36_ac1_vz,36,p176,DLD-1,0,20190621_p176_slide36_ac1_vz_s1_p1_r5_a5_ac_full_l2_x111_y0_cell.tiff,20190621_p176_slide36_ac1_vz_s1_p1_r5_a5_ac_full_l2_x111_y0_cyto.tiff,20190621_p176_slide36_ac1_vz_s1_p1_r5_a5_ac_full_l2_x111_y0_nucleiexp.tiff,20190621_p176_slide36_ac1_vz_s1_p1_r5_a5_ac_full_l2_x111_y0_comp.tiff,20190621_p176_slide36_ac1_vz_s1_p1_r5_a5_ac_full_l2_x111_y0_filtered.tiff
344,344,0,0,298,307,1,158,30.0,137,26,25,1,102,DLD-1_c0.5_tp96,96.0,"{'Pd102': 1, 'Pd104': 1, 'Pd105': 0, 'Pd106': 0, 'Pd108': 0, 'Pd110': 0, 'In113': 1, 'In115': 1}",0.5,176,1,2,G,G02,2,18,16,16,16,1,16,20190708_p176_slide33_ac1_vz,33,p176,DLD-1,0,20190708_p176_slide33_ac1_vz_s1_p1_r16_a16_ac_full_l1_x0_y0_cell.tiff,20190708_p176_slide33_ac1_vz_s1_p1_r16_a16_ac_full_l1_x0_y0_cyto.tiff,20190708_p176_slide33_ac1_vz_s1_p1_r16_a16_ac_full_l1_x0_y0_nucleiexp.tiff,20190708_p176_slide33_ac1_vz_s1_p1_r16_a16_ac_full_l1_x0_y0_comp.tiff,20190708_p176_slide33_ac1_vz_s1_p1_r16_a16_ac_full_l1_x0_y0_filtered.tiff
478,478,11,1138,315,346,1,188,30.0,125,47,44,1,102,DLD-1_c0.5_tp96,96.0,"{'Pd102': 1, 'Pd104': 1, 'Pd105': 0, 'Pd106': 0, 'Pd108': 0, 'Pd110': 0, 'In113': 1, 'In115': 1}",0.5,176,1,2,G,G02,2,25,6,6,23,1,23,20190710_p176_slide23_ac1_vz,23,p176,DLD-1,0,20190710_p176_slide23_ac1_vz_s1_p1_r6_a6_ac_full_l1_x11_y1138_cell.tiff,20190710_p176_slide23_ac1_vz_s1_p1_r6_a6_ac_full_l1_x11_y1138_cyto.tiff,20190710_p176_slide23_ac1_vz_s1_p1_r6_a6_ac_full_l1_x11_y1138_nucleiexp.tiff,20190710_p176_slide23_ac1_vz_s1_p1_r6_a6_ac_full_l1_x11_y1138_comp.tiff,20190710_p176_slide23_ac1_vz_s1_p1_r6_a6_ac_full_l1_x11_y1138_filtered.tiff
734,734,0,0,305,346,1,264,30.0,120,20,19,1,102,DLD-1_c0.5_tp96,96.0,"{'Pd102': 1, 'Pd104': 1, 'Pd105': 0, 'Pd106': 0, 'Pd108': 0, 'Pd110': 0, 'In113': 1, 'In115': 1}",0.5,176,1,2,G,G02,2,34,7,7,31,1,30,20190715_p176_slide30_ac1_vz,30,p176,DLD-1,0,20190715_p176_slide30_ac1_vz_s1_p1_r7_a7_ac_full_l1_x0_y0_cell.tiff,20190715_p176_slide30_ac1_vz_s1_p1_r7_a7_ac_full_l1_x0_y0_cyto.tiff,20190715_p176_slide30_ac1_vz_s1_p1_r7_a7_ac_full_l1_x0_y0_nucleiexp.tiff,20190715_p176_slide30_ac1_vz_s1_p1_r7_a7_ac_full_l1_x0_y0_comp.tiff,20190715_p176_slide30_ac1_vz_s1_p1_r7_a7_ac_full_l1_x0_y0_filtered.tiff
38,38,510,2087,401,358,10,16,30.0,161,50,47,1,114,DLD-1_c0.5_tp96,96.0,"{'Pd102': 0, 'Pd104': 1, 'Pd105': 0, 'Pd106': 0, 'Pd108': 1, 'Pd110': 1, 'In113': 1, 'In115': 0}",0.5,176,1,8,G,G08,2,3,6,6,3,1,3,20190619_p176_slide20_ac1_vz,20,p176,DLD-1,0,20190619_p176_slide20_ac1_vz_s1_p1_r6_a6_ac_full_l10_x510_y2087_cell.tiff,20190619_p176_slide20_ac1_vz_s1_p1_r6_a6_ac_full_l10_x510_y2087_cyto.tiff,20190619_p176_slide20_ac1_vz_s1_p1_r6_a6_ac_full_l10_x510_y2087_nucleiexp.tiff,20190619_p176_slide20_ac1_vz_s1_p1_r6_a6_ac_full_l10_x510_y2087_comp.tiff,20190619_p176_slide20_ac1_vz_s1_p1_r6_a6_ac_full_l10_x510_y2087_filtered.tiff
366,366,555,1863,304,268,11,168,30.0,109,36,35,1,114,DLD-1_c0.5_tp96,96.0,"{'Pd102': 0, 'Pd104': 1, 'Pd105': 0, 'Pd106': 0, 'Pd108': 1, 'Pd110': 1, 'In113': 1, 'In115': 0}",0.5,176,1,8,G,G08,2,20,15,15,18,1,18,20190709_p176_slide11_ac1_vz,11,p176,DLD-1,0,20190709_p176_slide11_ac1_vz_s1_p1_r15_a15_ac_full_l11_x555_y1863_cell.tiff,20190709_p176_slide11_ac1_vz_s1_p1_r15_a15_ac_full_l11_x555_y1863_cyto.tiff,20190709_p176_slide11_ac1_vz_s1_p1_r15_a15_ac_full_l11_x555_y1863_nucleiexp.tiff,20190709_p176_slide11_ac1_vz_s1_p1_r15_a15_ac_full_l11_x555_y1863_comp.tiff,20190709_p176_slide11_ac1_vz_s1_p1_r15_a15_ac_full_l11_x555_y1863_filtered.tiff
406,406,622,2246,382,358,13,172,30.0,163,49,47,1,114,DLD-1_c0.5_tp96,96.0,"{'Pd102': 0, 'Pd104': 1, 'Pd105': 0, 'Pd106': 0, 'Pd108': 1, 'Pd110': 1, 'In113': 1, 'In115': 0}",0.5,176,1,8,G,G08,2,21,7,7,19,1,19,20190709_p176_slide16_ac1_vz,16,p176,DLD-1,0,20190709_p176_slide16_ac1_vz_s1_p1_r7_a7_ac_full_l13_x622_y2246_cell.tiff,20190709_p176_slide16_ac1_vz_s1_p1_r7_a7_ac_full_l13_x622_y2246_cyto.tiff,20190709_p176_slide16_ac1_vz_s1_p1_r7_a7_ac_full_l13_x622_y2246_nucleiexp.tiff,20190709_p176_slide16_ac1_vz_s1_p1_r7_a7_ac_full_l13_x622_y2246_comp.tiff,20190709_p176_slide16_ac1_vz_s1_p1_r7_a7_ac_full_l13_x622_y2246_filtered.tiff
493,493,1089,2329,332,278,24,188,30.0,105,47,47,0,114,DLD-1_c0.5_tp96,96.0,"{'Pd102': 0, 'Pd104': 1, 'Pd105': 0, 'Pd106': 0, 'Pd108': 1, 'Pd110': 1, 'In113': 1, 'In115': 0}",0.5,176,1,8,G,G08,2,25,6,6,23,1,23,20190710_p176_slide23_ac1_vz,23,p176,DLD-1,0,20190710_p176_slide23_ac1_vz_s1_p1_r6_a6_ac_full_l24_x1089_y2329_cell.tiff,20190710_p176_slide23_ac1_vz_s1_p1_r6_a6_ac_full_l24_x1089_y2329_cyto.tiff,20190710_p176_slide23_ac1_vz_s1_p1_r6_a6_ac_full_l24_x1089_y2329_nucleiexp.tiff,20190710_p176_slide23_ac1_vz_s1_p1_r6_a6_ac_full_l24_x1089_y2329_comp.tiff,20190710_p176_slide23_ac1_vz_s1_p1_r6_a6_ac_full_l24_x1089_y2329_filtered.tiff
678,678,616,2164,368,357,13,254,30.0,145,33,33,0,114,DLD-1_c0.5_tp96,96.0,"{'Pd102': 0, 'Pd104': 1, 'Pd105': 0, 'Pd106': 0, 'Pd108': 1, 'Pd110': 1, 'In113': 1, 'In115': 0}",0.5,176,1,8,G,G08,2,33,4,4,30,1,12,20190715_p176_slide14_ac1_vz,14,p176,DLD-1,0,20190715_p176_slide14_ac1_vz_s1_p1_r4_a4_ac_full_l13_x616_y2164_cell.tiff,20190715_p176_slide14_ac1_vz_s1_p1_r4_a4_ac_full_l13_x616_y2164_cyto.tiff,20190715_p176_slide14_ac1_vz_s1_p1_r4_a4_ac_full_l13_x616_y2164_nucleiexp.tiff,20190715_p176_slide14_ac1_vz_s1_p1_r4_a4_ac_full_l13_x616_y2164_comp.tiff,20190715_p176_slide14_ac1_vz_s1_p1_r4_a4_ac_full_l13_x616_y2164_filtered.tiff
39,39,637,1874,204,197,11,16,30.0,48,33,32,1,78,DLD-1_c0.25_tp96,96.0,"{'Pd102': 1, 'Pd104': 0, 'Pd105': 1, 'Pd106': 1, 'Pd108': 0, 'Pd110': 0, 'In113': 0, 'In115': 1}",0.25,176,1,10,E,E10,2,3,6,6,3,1,3,20190619_p176_slide20_ac1_vz,20,p176,DLD-1,0,20190619_p176_slide20_ac1_vz_s1_p1_r6_a6_ac_full_l11_x637_y1874_cell.tiff,20190619_p176_slide20_ac1_vz_s1_p1_r6_a6_ac_full_l11_x637_y1874_cyto.tiff,20190619_p176_slide20_ac1_vz_s1_p1_r6_a6_ac_full_l11_x637_y1874_nucleiexp.tiff,20190619_p176_slide20_ac1_vz_s1_p1_r6_a6_ac_full_l11_x637_y1874_comp.tiff,20190619_p176_slide20_ac1_vz_s1_p1_r6_a6_ac_full_l11_x637_y1874_filtered.tiff
176,176,0,2,171,200,1,65,30.0,41,23,23,0,78,DLD-1_c0.25_tp96,96.0,"{'Pd102': 1, 'Pd104': 0, 'Pd105': 1, 'Pd106': 1, 'Pd108': 0, 'Pd110': 0, 'In113': 0, 'In115': 1}",0.25,176,1,10,E,E10,2,8,4,4,8,1,8,20190620_p176_slide5_ac1_vz,5,p176,DLD-1,0,20190620_p176_slide5_ac1_vz_s1_p1_r4_a4_ac_full_l1_x0_y2_cell.tiff,20190620_p176_slide5_ac1_vz_s1_p1_r4_a4_ac_full_l1_x0_y2_cyto.tiff,20190620_p176_slide5_ac1_vz_s1_p1_r4_a4_ac_full_l1_x0_y2_nucleiexp.tiff,20190620_p176_slide5_ac1_vz_s1_p1_r4_a4_ac_full_l1_x0_y2_comp.tiff,20190620_p176_slide5_ac1_vz_s1_p1_r4_a4_ac_full_l1_x0_y2_filtered.tiff
398,398,503,1561,335,331,9,168,30.0,143,45,44,1,78,DLD-1_c0.25_tp96,96.0,"{'Pd102': 1, 'Pd104': 0, 'Pd105': 1, 'Pd106': 1, 'Pd108': 0, 'Pd110': 0, 'In113': 0, 'In115': 1}",0.25,176,1,10,E,E10,2,20,15,15,18,1,18,20190709_p176_slide11_ac1_vz,11,p176,DLD-1,0,20190709_p176_slide11_ac1_vz_s1_p1_r15_a15_ac_full_l9_x503_y1561_cell.tiff,20190709_p176_slide11_ac1_vz_s1_p1_r15_a15_ac_full_l9_x503_y1561_cyto.tiff,20190709_p176_slide11_ac1_vz_s1_p1_r15_a15_ac_full_l9_x503_y1561_nucleiexp.tiff,20190709_p176_slide11_ac1_vz_s1_p1_r15_a15_ac_full_l9_x503_y1561_comp.tiff,20190709_p176_slide11_ac1_vz_s1_p1_r15_a15_ac_full_l9_x503_y1561_filtered.tiff
405,405,659,1979,310,299,12,172,30.0,108,40,40,0,78,DLD-1_c0.25_tp96,96.0,"{'Pd102': 1, 'Pd104': 0, 'Pd105': 1, 'Pd106': 1, 'Pd108': 0, 'Pd110': 0, 'In113': 0, 'In115': 1}",0.25,176,1,10,E,E10,2,21,7,7,19,1,19,20190709_p176_slide16_ac1_vz,16,p176,DLD-1,0,20190709_p176_slide16_ac1_vz_s1_p1_r7_a7_ac_full_l12_x659_y1979_cell.tiff,20190709_p176_slide16_ac1_vz_s1_p1_r7_a7_ac_full_l12_x659_y1979_cyto.tiff,20190709_p176_slide16_ac1_vz_s1_p1_r7_a7_ac_full_l12_x659_y1979_nucleiexp.tiff,20190709_p176_slide16_ac1_vz_s1_p1_r7_a7_ac_full_l12_x659_y1979_comp.tiff,20190709_p176_slide16_ac1_vz_s1_p1_r7_a7_ac_full_l12_x659_y1979_filtered.tiff
532,532,0,1099,292,300,2,190,30.0,119,40,39,1,78,DLD-1_c0.25_tp96,96.0,"{'Pd102': 1, 'Pd104': 0, 'Pd105': 1, 'Pd106': 1, 'Pd108': 0, 'Pd110': 0, 'In113': 0, 'In115': 1}",0.25,176,1,10,E,E10,2,26,14,14,24,1,24,20190710_p176_slide8_ac1_vz,8,p176,DLD-1,0,20190710_p176_slide8_ac1_vz_s1_p1_r14_a14_ac_full_l2_x0_y1099_cell.tiff,20190710_p176_slide8_ac1_vz_s1_p1_r14_a14_ac_full_l2_x0_y1099_cyto.tiff,20190710_p176_slide8_ac1_vz_s1_p1_r14_a14_ac_full_l2_x0_y1099_nucleiexp.tiff,20190710_p176_slide8_ac1_vz_s1_p1_r14_a14_ac_full_l2_x0_y1099_comp.tiff,20190710_p176_slide8_ac1_vz_s1_p1_r14_a14_ac_full_l2_x0_y1099_filtered.tiff
677,677,636,1878,337,328,12,254,30.0,111,39,39,0,78,DLD-1_c0.25_tp96,96.0,"{'Pd102': 1, 'Pd104': 0, 'Pd105': 1, 'Pd106': 1, 'Pd108': 0, 'Pd110': 0, 'In113': 0, 'In115': 1}",0.25,176,1,10,E,E10,2,33,4,4,30,1,12,20190715_p176_slide14_ac1_vz,14,p176,DLD-1,0,20190715_p176_slide14_ac1_vz_s1_p1_r4_a4_ac_full_l12_x636_y1878_cell.tiff,20190715_p176_slide14_ac1_vz_s1_p1_r4_a4_ac_full_l12_x636_y1878_cyto.tiff,20190715_p176_slide14_ac1_vz_s1_p1_r4_a4_ac_full_l12_x636_y1878_nucleiexp.tiff,20190715_p176_slide14_ac1_vz_s1_p1_r4_a4_ac_full_l12_x636_y1878_comp.tiff,20190715_p176_slide14_ac1_vz_s1_p1_r4_a4_ac_full_l12_x636_y1878_filtered.tiff
40,40,525,384,441,441,12,16,30.0,201,59,59,0,30,DLD-1_c1.0_tp96,96.0,"{'Pd102': 0, 'Pd104': 1, 'Pd105': 0, 'Pd106': 1, 'Pd108': 1, 'Pd110': 0, 'In113': 1, 'In115': 0}",1.0,176,1,6,C,C06,2,3,6,6,3,1,3,20190619_p176_slide20_ac1_vz,20,p176,DLD-1,0,20190619_p176_slide20_ac1_vz_s1_p1_r6_a6_ac_full_l12_x525_y384_cell.tiff,20190619_p176_slide20_ac1_vz_s1_p1_r6_a6_ac_full_l12_x525_y384_cyto.tiff,20190619_p176_slide20_ac1_vz_s1_p1_r6_a6_ac_full_l12_x525_y384_nucleiexp.tiff,20190619_p176_slide20_ac1_vz_s1_p1_r6_a6_ac_full_l12_x525_y384_comp.tiff,20190619_p176_slide20_ac1_vz_s1_p1_r6_a6_ac_full_l12_x525_y384_filtered.tiff
156,156,613,188,360,436,4,54,30.0,173,37,36,1,30,DLD-1_c1.0_tp96,96.0,"{'Pd102': 0, 'Pd104': 1, 'Pd105': 0, 'Pd106': 1, 'Pd108': 1, 'Pd110': 0, 'In113': 1, 'In115': 0}",1.0,176,1,6,C,C06,2,7,22,22,7,1,7,20190620_p176_slide27_ac1_vz,27,p176,DLD-1,0,20190620_p176_slide27_ac1_vz_s1_p1_r22_a22_ac_full_l4_x613_y188_cell.tiff,20190620_p176_slide27_ac1_vz_s1_p1_r22_a22_ac_full_l4_x613_y188_cyto.tiff,20190620_p176_slide27_ac1_vz_s1_p1_r22_a22_ac_full_l4_x613_y188_nucleiexp.tiff,20190620_p176_slide27_ac1_vz_s1_p1_r22_a22_ac_full_l4_x613_y188_comp.tiff,20190620_p176_slide27_ac1_vz_s1_p1_r22_a22_ac_full_l4_x613_y188_filtered.tiff
386,386,211,313,271,238,3,168,30.0,69,46,43,1,30,DLD-1_c1.0_tp96,96.0,"{'Pd102': 0, 'Pd104': 1, 'Pd105': 0, 'Pd106': 1, 'Pd108': 1, 'Pd110': 0, 'In113': 1, 'In115': 0}",1.0,176,1,6,C,C06,2,20,15,15,18,1,18,20190709_p176_slide11_ac1_vz,11,p176,DLD-1,0,20190709_p176_slide11_ac1_vz_s1_p1_r15_a15_ac_full_l3_x211_y313_cell.tiff,20190709_p176_slide11_ac1_vz_s1_p1_r15_a15_ac_full_l3_x211_y313_cyto.tiff,20190709_p176_slide11_ac1_vz_s1_p1_r15_a15_ac_full_l3_x211_y313_nucleiexp.tiff,20190709_p176_slide11_ac1_vz_s1_p1_r15_a15_ac_full_l3_x211_y313_comp.tiff,20190709_p176_slide11_ac1_vz_s1_p1_r15_a15_ac_full_l3_x211_y313_filtered.tiff
444,444,421,508,414,417,9,172,30.0,182,59,58,1,30,DLD-1_c1.0_tp96,96.0,"{'Pd102': 0, 'Pd104': 1, 'Pd105': 0, 'Pd106': 1, 'Pd108': 1, 'Pd110': 0, 'In113': 1, 'In115': 0}",1.0,176,1,6,C,C06,2,21,7,7,19,1,19,20190709_p176_slide16_ac1_vz,16,p176,DLD-1,0,20190709_p176_slide16_ac1_vz_s1_p1_r7_a7_ac_full_l9_x421_y508_cell.tiff,20190709_p176_slide16_ac1_vz_s1_p1_r7_a7_ac_full_l9_x421_y508_cyto.tiff,20190709_p176_slide16_ac1_vz_s1_p1_r7_a7_ac_full_l9_x421_y508_nucleiexp.tiff,20190709_p176_slide16_ac1_vz_s1_p1_r7_a7_ac_full_l9_x421_y508_comp.tiff,20190709_p176_slide16_ac1_vz_s1_p1_r7_a7_ac_full_l9_x421_y508_filtered.tiff
522,522,416,721,466,425,8,188,30.0,214,41,41,0,30,DLD-1_c1.0_tp96,96.0,"{'Pd102': 0, 'Pd104': 1, 'Pd105': 0, 'Pd106': 1, 'Pd108': 1, 'Pd110': 0, 'In113': 1, 'In115': 0}",1.0,176,1,6,C,C06,2,25,6,6,23,1,23,20190710_p176_slide23_ac1_vz,23,p176,DLD-1,0,20190710_p176_slide23_ac1_vz_s1_p1_r6_a6_ac_full_l8_x416_y721_cell.tiff,20190710_p176_slide23_ac1_vz_s1_p1_r6_a6_ac_full_l8_x416_y721_cyto.tiff,20190710_p176_slide23_ac1_vz_s1_p1_r6_a6_ac_full_l8_x416_y721_nucleiexp.tiff,20190710_p176_slide23_ac1_vz_s1_p1_r6_a6_ac_full_l8_x416_y721_comp.tiff,20190710_p176_slide23_ac1_vz_s1_p1_r6_a6_ac_full_l8_x416_y721_filtered.tiff
721,721,337,276,336,358,3,258,30.0,113,51,51,0,30,DLD-1_c1.0_tp96,96.0,"{'Pd102': 0, 'Pd104': 1, 'Pd105': 0, 'Pd106': 1, 'Pd108': 1, 'Pd110': 0, 'In113': 1, 'In115': 0}",1.0,176,1,6,C,C06,2,34,16,16,31,1,30,20190715_p176_slide30_ac1_vz,30,p176,DLD-1,0,20190715_p176_slide30_ac1_vz_s1_p1_r16_a16_ac_full_l3_x337_y276_cell.tiff,20190715_p176_slide30_ac1_vz_s1_p1_r16_a16_ac_full_l3_x337_y276_cyto.tiff,20190715_p176_slide30_ac1_vz_s1_p1_r16_a16_ac_full_l3_x337_y276_nucleiexp.tiff,20190715_p176_slide30_ac1_vz_s1_p1_r16_a16_ac_full_l3_x337_y276_comp.tiff,20190715_p176_slide30_ac1_vz_s1_p1_r16_a16_ac_full_l3_x337_y276_filtered.tiff
41,41,615,862,396,393,13,16,30.0,158,59,58,1,60,HT-29_c0.5_tp96,96.0,"{'Pd102': 0, 'Pd104': 1, 'Pd105': 1, 'Pd106': 1, 'Pd108': 0, 'Pd110': 0, 'In113': 1, 'In115': 0}",0.5,176,1,11,D,D11,2,3,6,6,3,1,3,20190619_p176_slide20_ac1_vz,20,p176,HT-29,0,20190619_p176_slide20_ac1_vz_s1_p1_r6_a6_ac_full_l13_x615_y862_cell.tiff,20190619_p176_slide20_ac1_vz_s1_p1_r6_a6_ac_full_l13_x615_y862_cyto.tiff,20190619_p176_slide20_ac1_vz_s1_p1_r6_a6_ac_full_l13_x615_y862_nucleiexp.tiff,20190619_p176_slide20_ac1_vz_s1_p1_r6_a6_ac_full_l13_x615_y862_comp.tiff,20190619_p176_slide20_ac1_vz_s1_p1_r6_a6_ac_full_l13_x615_y862_filtered.tiff
151,151,198,0,223,220,3,52,30.0,43,26,25,1,60,HT-29_c0.5_tp96,96.0,"{'Pd102': 0, 'Pd104': 1, 'Pd105': 1, 'Pd106': 1, 'Pd108': 0, 'Pd110': 0, 'In113': 1, 'In115': 0}",0.5,176,1,11,D,D11,2,7,18,18,7,1,7,20190620_p176_slide27_ac1_vz,27,p176,HT-29,0,20190620_p176_slide27_ac1_vz_s1_p1_r18_a18_ac_full_l3_x198_y0_cell.tiff,20190620_p176_slide27_ac1_vz_s1_p1_r18_a18_ac_full_l3_x198_y0_cyto.tiff,20190620_p176_slide27_ac1_vz_s1_p1_r18_a18_ac_full_l3_x198_y0_nucleiexp.tiff,20190620_p176_slide27_ac1_vz_s1_p1_r18_a18_ac_full_l3_x198_y0_comp.tiff,20190620_p176_slide27_ac1_vz_s1_p1_r18_a18_ac_full_l3_x198_y0_filtered.tiff
395,395,345,676,321,296,6,168,30.0,85,45,44,1,60,HT-29_c0.5_tp96,96.0,"{'Pd102': 0, 'Pd104': 1, 'Pd105': 1, 'Pd106': 1, 'Pd108': 0, 'Pd110': 0, 'In113': 1, 'In115': 0}",0.5,176,1,11,D,D11,2,20,15,15,18,1,18,20190709_p176_slide11_ac1_vz,11,p176,HT-29,0,20190709_p176_slide11_ac1_vz_s1_p1_r15_a15_ac_full_l6_x345_y676_cell.tiff,20190709_p176_slide11_ac1_vz_s1_p1_r15_a15_ac_full_l6_x345_y676_cyto.tiff,20190709_p176_slide11_ac1_vz_s1_p1_r15_a15_ac_full_l6_x345_y676_nucleiexp.tiff,20190709_p176_slide11_ac1_vz_s1_p1_r15_a15_ac_full_l6_x345_y676_comp.tiff,20190709_p176_slide11_ac1_vz_s1_p1_r15_a15_ac_full_l6_x345_y676_filtered.tiff
404,404,552,964,390,412,11,172,30.0,144,59,59,0,60,HT-29_c0.5_tp96,96.0,"{'Pd102': 0, 'Pd104': 1, 'Pd105': 1, 'Pd106': 1, 'Pd108': 0, 'Pd110': 0, 'In113': 1, 'In115': 0}",0.5,176,1,11,D,D11,2,21,7,7,19,1,19,20190709_p176_slide16_ac1_vz,16,p176,HT-29,0,20190709_p176_slide16_ac1_vz_s1_p1_r7_a7_ac_full_l11_x552_y964_cell.tiff,20190709_p176_slide16_ac1_vz_s1_p1_r7_a7_ac_full_l11_x552_y964_cyto.tiff,20190709_p176_slide16_ac1_vz_s1_p1_r7_a7_ac_full_l11_x552_y964_nucleiexp.tiff,20190709_p176_slide16_ac1_vz_s1_p1_r7_a7_ac_full_l11_x552_y964_comp.tiff,20190709_p176_slide16_ac1_vz_s1_p1_r7_a7_ac_full_l11_x552_y964_filtered.tiff
483,483,715,1159,339,353,14,188,30.0,116,52,50,1,60,HT-29_c0.5_tp96,96.0,"{'Pd102': 0, 'Pd104': 1, 'Pd105': 1, 'Pd106': 1, 'Pd108': 0, 'Pd110': 0, 'In113': 1, 'In115': 0}",0.5,176,1,11,D,D11,2,25,6,6,23,1,23,20190710_p176_slide23_ac1_vz,23,p176,HT-29,0,20190710_p176_slide23_ac1_vz_s1_p1_r6_a6_ac_full_l14_x715_y1159_cell.tiff,20190710_p176_slide23_ac1_vz_s1_p1_r6_a6_ac_full_l14_x715_y1159_cyto.tiff,20190710_p176_slide23_ac1_vz_s1_p1_r6_a6_ac_full_l14_x715_y1159_nucleiexp.tiff,20190710_p176_slide23_ac1_vz_s1_p1_r6_a6_ac_full_l14_x715_y1159_comp.tiff,20190710_p176_slide23_ac1_vz_s1_p1_r6_a6_ac_full_l14_x715_y1159_filtered.tiff
676,676,587,884,389,400,11,254,30.0,142,48,45,1,60,HT-29_c0.5_tp96,96.0,"{'Pd102': 0, 'Pd104': 1, 'Pd105': 1, 'Pd106': 1, 'Pd108': 0, 'Pd110': 0, 'In113': 1, 'In115': 0}",0.5,176,1,11,D,D11,2,33,4,4,30,1,12,20190715_p176_slide14_ac1_vz,14,p176,HT-29,0,20190715_p176_slide14_ac1_vz_s1_p1_r4_a4_ac_full_l11_x587_y884_cell.tiff,20190715_p176_slide14_ac1_vz_s1_p1_r4_a4_ac_full_l11_x587_y884_cyto.tiff,20190715_p176_slide14_ac1_vz_s1_p1_r4_a4_ac_full_l11_x587_y884_nucleiexp.tiff,20190715_p176_slide14_ac1_vz_s1_p1_r4_a4_ac_full_l11_x587_y884_comp.tiff,20190715_p176_slide14_ac1_vz_s1_p1_r4_a4_ac_full_l11_x587_y884_filtered.tiff
43,43,706,1521,354,370,15,16,30.0,120,35,35,0,52,HT-29_c0.5_tp96,96.0,"{'Pd102': 0, 'Pd104': 0, 'Pd105': 1, 'Pd106': 1, 'Pd108': 1, 'Pd110': 0, 'In113': 0, 'In115': 1}",0.5,176,1,7,D,D07,2,3,6,6,3,1,3,20190619_p176_slide20_ac1_vz,20,p176,HT-29,0,20190619_p176_slide20_ac1_vz_s1_p1_r6_a6_ac_full_l15_x706_y1521_cell.tiff,20190619_p176_slide20_ac1_vz_s1_p1_r6_a6_ac_full_l15_x706_y1521_cyto.tiff,20190619_p176_slide20_ac1_vz_s1_p1_r6_a6_ac_full_l15_x706_y1521_nucleiexp.tiff,20190619_p176_slide20_ac1_vz_s1_p1_r6_a6_ac_full_l15_x706_y1521_comp.tiff,20190619_p176_slide20_ac1_vz_s1_p1_r6_a6_ac_full_l15_x706_y1521_filtered.tiff
367,367,568,1232,386,384,12,168,30.0,129,49,49,0,52,HT-29_c0.5_tp96,96.0,"{'Pd102': 0, 'Pd104': 0, 'Pd105': 1, 'Pd106': 1, 'Pd108': 1, 'Pd110': 0, 'In113': 0, 'In115': 1}",0.5,176,1,7,D,D07,2,20,15,15,18,1,18,20190709_p176_slide11_ac1_vz,11,p176,HT-29,0,20190709_p176_slide11_ac1_vz_s1_p1_r15_a15_ac_full_l12_x568_y1232_cell.tiff,20190709_p176_slide11_ac1_vz_s1_p1_r15_a15_ac_full_l12_x568_y1232_cyto.tiff,20190709_p176_slide11_ac1_vz_s1_p1_r15_a15_ac_full_l12_x568_y1232_nucleiexp.tiff,20190709_p176_slide11_ac1_vz_s1_p1_r15_a15_ac_full_l12_x568_y1232_comp.tiff,20190709_p176_slide11_ac1_vz_s1_p1_r15_a15_ac_full_l12_x568_y1232_filtered.tiff
409,409,729,1617,393,410,16,172,30.0,149,45,45,0,52,HT-29_c0.5_tp96,96.0,"{'Pd102': 0, 'Pd104': 0, 'Pd105': 1, 'Pd106': 1, 'Pd108': 1, 'Pd110': 0, 'In113': 0, 'In115': 1}",0.5,176,1,7,D,D07,2,21,7,7,19,1,19,20190709_p176_slide16_ac1_vz,16,p176,HT-29,0,20190709_p176_slide16_ac1_vz_s1_p1_r7_a7_ac_full_l16_x729_y1617_cell.tiff,20190709_p176_slide16_ac1_vz_s1_p1_r7_a7_ac_full_l16_x729_y1617_cyto.tiff,20190709_p176_slide16_ac1_vz_s1_p1_r7_a7_ac_full_l16_x729_y1617_nucleiexp.tiff,20190709_p176_slide16_ac1_vz_s1_p1_r7_a7_ac_full_l16_x729_y1617_comp.tiff,20190709_p176_slide16_ac1_vz_s1_p1_r7_a7_ac_full_l16_x729_y1617_filtered.tiff
491,491,1041,1752,296,292,22,188,30.0,91,22,22,0,52,HT-29_c0.5_tp96,96.0,"{'Pd102': 0, 'Pd104': 0, 'Pd105': 1, 'Pd106': 1, 'Pd108': 1, 'Pd110': 0, 'In113': 0, 'In115': 1}",0.5,176,1,7,D,D07,2,25,6,6,23,1,23,20190710_p176_slide23_ac1_vz,23,p176,HT-29,0,20190710_p176_slide23_ac1_vz_s1_p1_r6_a6_ac_full_l22_x1041_y1752_cell.tiff,20190710_p176_slide23_ac1_vz_s1_p1_r6_a6_ac_full_l22_x1041_y1752_cyto.tiff,20190710_p176_slide23_ac1_vz_s1_p1_r6_a6_ac_full_l22_x1041_y1752_nucleiexp.tiff,20190710_p176_slide23_ac1_vz_s1_p1_r6_a6_ac_full_l22_x1041_y1752_comp.tiff,20190710_p176_slide23_ac1_vz_s1_p1_r6_a6_ac_full_l22_x1041_y1752_filtered.tiff
533,533,99,784,313,322,3,190,30.0,102,27,27,0,52,HT-29_c0.5_tp96,96.0,"{'Pd102': 0, 'Pd104': 0, 'Pd105': 1, 'Pd106': 1, 'Pd108': 1, 'Pd110': 0, 'In113': 0, 'In115': 1}",0.5,176,1,7,D,D07,2,26,14,14,24,1,24,20190710_p176_slide8_ac1_vz,8,p176,HT-29,0,20190710_p176_slide8_ac1_vz_s1_p1_r14_a14_ac_full_l3_x99_y784_cell.tiff,20190710_p176_slide8_ac1_vz_s1_p1_r14_a14_ac_full_l3_x99_y784_cyto.tiff,20190710_p176_slide8_ac1_vz_s1_p1_r14_a14_ac_full_l3_x99_y784_nucleiexp.tiff,20190710_p176_slide8_ac1_vz_s1_p1_r14_a14_ac_full_l3_x99_y784_comp.tiff,20190710_p176_slide8_ac1_vz_s1_p1_r14_a14_ac_full_l3_x99_y784_filtered.tiff
680,680,748,1538,407,418,15,254,30.0,146,38,38,0,52,HT-29_c0.5_tp96,96.0,"{'Pd102': 0, 'Pd104': 0, 'Pd105': 1, 'Pd106': 1, 'Pd108': 1, 'Pd110': 0, 'In113': 0, 'In115': 1}",0.5,176,1,7,D,D07,2,33,4,4,30,1,12,20190715_p176_slide14_ac1_vz,14,p176,HT-29,0,20190715_p176_slide14_ac1_vz_s1_p1_r4_a4_ac_full_l15_x748_y1538_cell.tiff,20190715_p176_slide14_ac1_vz_s1_p1_r4_a4_ac_full_l15_x748_y1538_cyto.tiff,20190715_p176_slide14_ac1_vz_s1_p1_r4_a4_ac_full_l15_x748_y1538_nucleiexp.tiff,20190715_p176_slide14_ac1_vz_s1_p1_r4_a4_ac_full_l15_x748_y1538_comp.tiff,20190715_p176_slide14_ac1_vz_s1_p1_r4_a4_ac_full_l15_x748_y1538_filtered.tiff
44,44,784,270,186,194,16,16,30.0,28,30,30,0,120,T-47D_c0.25_tp96,96.0,"{'Pd102': 0, 'Pd104': 1, 'Pd105': 0, 'Pd106': 0, 'Pd108': 0, 'Pd110': 1, 'In113': 1, 'In115': 1}",0.25,176,1,11,G,G11,2,3,6,6,3,1,3,20190619_p176_slide20_ac1_vz,20,p176,T-47D,0,20190619_p176_slide20_ac1_vz_s1_p1_r6_a6_ac_full_l16_x784_y270_cell.tiff,20190619_p176_slide20_ac1_vz_s1_p1_r6_a6_ac_full_l16_x784_y270_cyto.tiff,20190619_p176_slide20_ac1_vz_s1_p1_r6_a6_ac_full_l16_x784_y270_nucleiexp.tiff,20190619_p176_slide20_ac1_vz_s1_p1_r6_a6_ac_full_l16_x784_y270_comp.tiff,20190619_p176_slide20_ac1_vz_s1_p1_r6_a6_ac_full_l16_x784_y270_filtered.tiff
403,403,575,337,254,227,10,172,30.0,74,34,33,1,120,T-47D_c0.25_tp96,96.0,"{'Pd102': 0, 'Pd104': 1, 'Pd105': 0, 'Pd106': 0, 'Pd108': 0, 'Pd110': 1, 'In113': 1, 'In115': 1}",0.25,176,1,11,G,G11,2,21,7,7,19,1,19,20190709_p176_slide16_ac1_vz,16,p176,T-47D,0,20190709_p176_slide16_ac1_vz_s1_p1_r7_a7_ac_full_l10_x575_y337_cell.tiff,20190709_p176_slide16_ac1_vz_s1_p1_r7_a7_ac_full_l10_x575_y337_cyto.tiff,20190709_p176_slide16_ac1_vz_s1_p1_r7_a7_ac_full_l10_x575_y337_nucleiexp.tiff,20190709_p176_slide16_ac1_vz_s1_p1_r7_a7_ac_full_l10_x575_y337_comp.tiff,20190709_p176_slide16_ac1_vz_s1_p1_r7_a7_ac_full_l10_x575_y337_filtered.tiff
714,714,642,233,234,206,9,254,30.0,69,29,29,0,120,T-47D_c0.25_tp96,96.0,"{'Pd102': 0, 'Pd104': 1, 'Pd105': 0, 'Pd106': 0, 'Pd108': 0, 'Pd110': 1, 'In113': 1, 'In115': 1}",0.25,176,1,11,G,G11,2,33,4,4,30,1,12,20190715_p176_slide14_ac1_vz,14,p176,T-47D,0,20190715_p176_slide14_ac1_vz_s1_p1_r4_a4_ac_full_l9_x642_y233_cell.tiff,20190715_p176_slide14_ac1_vz_s1_p1_r4_a4_ac_full_l9_x642_y233_cyto.tiff,20190715_p176_slide14_ac1_vz_s1_p1_r4_a4_ac_full_l9_x642_y233_nucleiexp.tiff,20190715_p176_slide14_ac1_vz_s1_p1_r4_a4_ac_full_l9_x642_y233_comp.tiff,20190715_p176_slide14_ac1_vz_s1_p1_r4_a4_ac_full_l9_x642_y233_filtered.tiff
46,46,906,376,306,347,18,16,30.0,96,41,40,1,28,T-47D_c1.0_tp96,96.0,"{'Pd102': 0, 'Pd104': 1, 'Pd105': 1, 'Pd106': 0, 'Pd108': 1, 'Pd110': 0, 'In113': 1, 'In115': 0}",1.0,176,1,5,C,C05,2,3,6,6,3,1,3,20190619_p176_slide20_ac1_vz,20,p176,T-47D,0,20190619_p176_slide20_ac1_vz_s1_p1_r6_a6_ac_full_l18_x906_y376_cell.tiff,20190619_p176_slide20_ac1_vz_s1_p1_r6_a6_ac_full_l18_x906_y376_cyto.tiff,20190619_p176_slide20_ac1_vz_s1_p1_r6_a6_ac_full_l18_x906_y376_nucleiexp.tiff,20190619_p176_slide20_ac1_vz_s1_p1_r6_a6_ac_full_l18_x906_y376_comp.tiff,20190619_p176_slide20_ac1_vz_s1_p1_r6_a6_ac_full_l18_x906_y376_filtered.tiff
158,158,952,284,242,311,6,54,30.0,51,45,45,0,28,T-47D_c1.0_tp96,96.0,"{'Pd102': 0, 'Pd104': 1, 'Pd105': 1, 'Pd106': 0, 'Pd108': 1, 'Pd110': 0, 'In113': 1, 'In115': 0}",1.0,176,1,5,C,C05,2,7,22,22,7,1,7,20190620_p176_slide27_ac1_vz,27,p176,T-47D,0,20190620_p176_slide27_ac1_vz_s1_p1_r22_a22_ac_full_l6_x952_y284_cell.tiff,20190620_p176_slide27_ac1_vz_s1_p1_r22_a22_ac_full_l6_x952_y284_cyto.tiff,20190620_p176_slide27_ac1_vz_s1_p1_r22_a22_ac_full_l6_x952_y284_nucleiexp.tiff,20190620_p176_slide27_ac1_vz_s1_p1_r22_a22_ac_full_l6_x952_y284_comp.tiff,20190620_p176_slide27_ac1_vz_s1_p1_r22_a22_ac_full_l6_x952_y284_filtered.tiff
410,410,784,440,288,325,17,172,30.0,80,50,50,0,28,T-47D_c1.0_tp96,96.0,"{'Pd102': 0, 'Pd104': 1, 'Pd105': 1, 'Pd106': 0, 'Pd108': 1, 'Pd110': 0, 'In113': 1, 'In115': 0}",1.0,176,1,5,C,C05,2,21,7,7,19,1,19,20190709_p176_slide16_ac1_vz,16,p176,T-47D,0,20190709_p176_slide16_ac1_vz_s1_p1_r7_a7_ac_full_l17_x784_y440_cell.tiff,20190709_p176_slide16_ac1_vz_s1_p1_r7_a7_ac_full_l17_x784_y440_cyto.tiff,20190709_p176_slide16_ac1_vz_s1_p1_r7_a7_ac_full_l17_x784_y440_nucleiexp.tiff,20190709_p176_slide16_ac1_vz_s1_p1_r7_a7_ac_full_l17_x784_y440_comp.tiff,20190709_p176_slide16_ac1_vz_s1_p1_r7_a7_ac_full_l17_x784_y440_filtered.tiff
484,484,730,612,345,313,15,188,30.0,105,33,33,0,28,T-47D_c1.0_tp96,96.0,"{'Pd102': 0, 'Pd104': 1, 'Pd105': 1, 'Pd106': 0, 'Pd108': 1, 'Pd110': 0, 'In113': 1, 'In115': 0}",1.0,176,1,5,C,C05,2,25,6,6,23,1,23,20190710_p176_slide23_ac1_vz,23,p176,T-47D,0,20190710_p176_slide23_ac1_vz_s1_p1_r6_a6_ac_full_l15_x730_y612_cell.tiff,20190710_p176_slide23_ac1_vz_s1_p1_r6_a6_ac_full_l15_x730_y612_cyto.tiff,20190710_p176_slide23_ac1_vz_s1_p1_r6_a6_ac_full_l15_x730_y612_nucleiexp.tiff,20190710_p176_slide23_ac1_vz_s1_p1_r6_a6_ac_full_l15_x730_y612_comp.tiff,20190710_p176_slide23_ac1_vz_s1_p1_r6_a6_ac_full_l15_x730_y612_filtered.tiff
682,682,868,350,263,301,17,254,30.0,62,57,56,1,28,T-47D_c1.0_tp96,96.0,"{'Pd102': 0, 'Pd104': 1, 'Pd105': 1, 'Pd106': 0, 'Pd108': 1, 'Pd110': 0, 'In113': 1, 'In115': 0}",1.0,176,1,5,C,C05,2,33,4,4,30,1,12,20190715_p176_slide14_ac1_vz,14,p176,T-47D,0,20190715_p176_slide14_ac1_vz_s1_p1_r4_a4_ac_full_l17_x868_y350_cell.tiff,20190715_p176_slide14_ac1_vz_s1_p1_r4_a4_ac_full_l17_x868_y350_cyto.tiff,20190715_p176_slide14_ac1_vz_s1_p1_r4_a4_ac_full_l17_x868_y350_nucleiexp.tiff,20190715_p176_slide14_ac1_vz_s1_p1_r4_a4_ac_full_l17_x868_y350_comp.tiff,20190715_p176_slide14_ac1_vz_s1_p1_r4_a4_ac_full_l17_x868_y350_filtered.tiff
47,47,919,91,324,328,19,16,30.0,158,31,29,1,62,DLD-1_c0.25_tp96,96.0,"{'Pd102': 1, 'Pd104': 1, 'Pd105': 0, 'Pd106': 0, 'Pd108': 0, 'Pd110': 1, 'In113': 1, 'In115': 0}",0.25,176,1,2,E,E02,2,3,6,6,3,1,3,20190619_p176_slide20_ac1_vz,20,p176,DLD-1,0,20190619_p176_slide20_ac1_vz_s1_p1_r6_a6_ac_full_l19_x919_y91_cell.tiff,20190619_p176_slide20_ac1_vz_s1_p1_r6_a6_ac_full_l19_x919_y91_cyto.tiff,20190619_p176_slide20_ac1_vz_s1_p1_r6_a6_ac_full_l19_x919_y91_nucleiexp.tiff,20190619_p176_slide20_ac1_vz_s1_p1_r6_a6_ac_full_l19_x919_y91_comp.tiff,20190619_p176_slide20_ac1_vz_s1_p1_r6_a6_ac_full_l19_x919_y91_filtered.tiff
160,160,1137,75,171,171,8,54,30.0,20,13,13,0,62,DLD-1_c0.25_tp96,96.0,"{'Pd102': 1, 'Pd104': 1, 'Pd105': 0, 'Pd106': 0, 'Pd108': 0, 'Pd110': 1, 'In113': 1, 'In115': 0}",0.25,176,1,2,E,E02,2,7,22,22,7,1,7,20190620_p176_slide27_ac1_vz,27,p176,DLD-1,0,20190620_p176_slide27_ac1_vz_s1_p1_r22_a22_ac_full_l8_x1137_y75_cell.tiff,20190620_p176_slide27_ac1_vz_s1_p1_r22_a22_ac_full_l8_x1137_y75_cyto.tiff,20190620_p176_slide27_ac1_vz_s1_p1_r22_a22_ac_full_l8_x1137_y75_nucleiexp.tiff,20190620_p176_slide27_ac1_vz_s1_p1_r22_a22_ac_full_l8_x1137_y75_comp.tiff,20190620_p176_slide27_ac1_vz_s1_p1_r22_a22_ac_full_l8_x1137_y75_filtered.tiff
408,408,752,150,290,312,15,172,30.0,136,28,27,1,62,DLD-1_c0.25_tp96,96.0,"{'Pd102': 1, 'Pd104': 1, 'Pd105': 0, 'Pd106': 0, 'Pd108': 0, 'Pd110': 1, 'In113': 1, 'In115': 0}",0.25,176,1,2,E,E02,2,21,7,7,19,1,19,20190709_p176_slide16_ac1_vz,16,p176,DLD-1,0,20190709_p176_slide16_ac1_vz_s1_p1_r7_a7_ac_full_l15_x752_y150_cell.tiff,20190709_p176_slide16_ac1_vz_s1_p1_r7_a7_ac_full_l15_x752_y150_cyto.tiff,20190709_p176_slide16_ac1_vz_s1_p1_r7_a7_ac_full_l15_x752_y150_nucleiexp.tiff,20190709_p176_slide16_ac1_vz_s1_p1_r7_a7_ac_full_l15_x752_y150_comp.tiff,20190709_p176_slide16_ac1_vz_s1_p1_r7_a7_ac_full_l15_x752_y150_filtered.tiff
480,480,683,347,295,294,11,188,30.0,131,27,24,1,62,DLD-1_c0.25_tp96,96.0,"{'Pd102': 1, 'Pd104': 1, 'Pd105': 0, 'Pd106': 0, 'Pd108': 0, 'Pd110': 1, 'In113': 1, 'In115': 0}",0.25,176,1,2,E,E02,2,25,6,6,23,1,23,20190710_p176_slide23_ac1_vz,23,p176,DLD-1,0,20190710_p176_slide23_ac1_vz_s1_p1_r6_a6_ac_full_l11_x683_y347_cell.tiff,20190710_p176_slide23_ac1_vz_s1_p1_r6_a6_ac_full_l11_x683_y347_cyto.tiff,20190710_p176_slide23_ac1_vz_s1_p1_r6_a6_ac_full_l11_x683_y347_nucleiexp.tiff,20190710_p176_slide23_ac1_vz_s1_p1_r6_a6_ac_full_l11_x683_y347_comp.tiff,20190710_p176_slide23_ac1_vz_s1_p1_r6_a6_ac_full_l11_x683_y347_filtered.tiff
681,681,855,74,241,264,16,254,30.0,78,18,18,0,62,DLD-1_c0.25_tp96,96.0,"{'Pd102': 1, 'Pd104': 1, 'Pd105': 0, 'Pd106': 0, 'Pd108': 0, 'Pd110': 1, 'In113': 1, 'In115': 0}",0.25,176,1,2,E,E02,2,33,4,4,30,1,12,20190715_p176_slide14_ac1_vz,14,p176,DLD-1,0,20190715_p176_slide14_ac1_vz_s1_p1_r4_a4_ac_full_l16_x855_y74_cell.tiff,20190715_p176_slide14_ac1_vz_s1_p1_r4_a4_ac_full_l16_x855_y74_cyto.tiff,20190715_p176_slide14_ac1_vz_s1_p1_r4_a4_ac_full_l16_x855_y74_nucleiexp.tiff,20190715_p176_slide14_ac1_vz_s1_p1_r4_a4_ac_full_l16_x855_y74_comp.tiff,20190715_p176_slide14_ac1_vz_s1_p1_r4_a4_ac_full_l16_x855_y74_filtered.tiff
48,48,0,949,385,419,2,16,30.0,163,25,24,1,56,HT-29_c0.5_tp96,96.0,"{'Pd102': 1, 'Pd104': 1, 'Pd105': 0, 'Pd106': 1, 'Pd108': 0, 'Pd110': 0, 'In113': 1, 'In115': 0}",0.5,176,1,9,D,D09,2,3,6,6,3,1,3,20190619_p176_slide20_ac1_vz,20,p176,HT-29,0,20190619_p176_slide20_ac1_vz_s1_p1_r6_a6_ac_full_l2_x0_y949_cell.tiff,20190619_p176_slide20_ac1_vz_s1_p1_r6_a6_ac_full_l2_x0_y949_cyto.tiff,20190619_p176_slide20_ac1_vz_s1_p1_r6_a6_ac_full_l2_x0_y949_nucleiexp.tiff,20190619_p176_slide20_ac1_vz_s1_p1_r6_a6_ac_full_l2_x0_y949_comp.tiff,20190619_p176_slide20_ac1_vz_s1_p1_r6_a6_ac_full_l2_x0_y949_filtered.tiff
163,163,0,13,351,348,1,56,30.0,115,30,29,1,56,HT-29_c0.5_tp96,96.0,"{'Pd102': 1, 'Pd104': 1, 'Pd105': 0, 'Pd106': 1, 'Pd108': 0, 'Pd110': 0, 'In113': 1, 'In115': 0}",0.5,176,1,9,D,D09,2,7,5,5,7,1,7,20190620_p176_slide27_ac1_vz,27,p176,HT-29,0,20190620_p176_slide27_ac1_vz_s1_p1_r5_a5_ac_full_l1_x0_y13_cell.tiff,20190620_p176_slide27_ac1_vz_s1_p1_r5_a5_ac_full_l1_x0_y13_cyto.tiff,20190620_p176_slide27_ac1_vz_s1_p1_r5_a5_ac_full_l1_x0_y13_nucleiexp.tiff,20190620_p176_slide27_ac1_vz_s1_p1_r5_a5_ac_full_l1_x0_y13_comp.tiff,20190620_p176_slide27_ac1_vz_s1_p1_r5_a5_ac_full_l1_x0_y13_filtered.tiff
402,402,0,1143,343,408,1,172,30.0,138,33,33,0,56,HT-29_c0.5_tp96,96.0,"{'Pd102': 1, 'Pd104': 1, 'Pd105': 0, 'Pd106': 1, 'Pd108': 0, 'Pd110': 0, 'In113': 1, 'In115': 0}",0.5,176,1,9,D,D09,2,21,7,7,19,1,19,20190709_p176_slide16_ac1_vz,16,p176,HT-29,0,20190709_p176_slide16_ac1_vz_s1_p1_r7_a7_ac_full_l1_x0_y1143_cell.tiff,20190709_p176_slide16_ac1_vz_s1_p1_r7_a7_ac_full_l1_x0_y1143_cyto.tiff,20190709_p176_slide16_ac1_vz_s1_p1_r7_a7_ac_full_l1_x0_y1143_nucleiexp.tiff,20190709_p176_slide16_ac1_vz_s1_p1_r7_a7_ac_full_l1_x0_y1143_comp.tiff,20190709_p176_slide16_ac1_vz_s1_p1_r7_a7_ac_full_l1_x0_y1143_filtered.tiff
489,489,130,1468,390,411,2,188,30.0,145,42,41,1,56,HT-29_c0.5_tp96,96.0,"{'Pd102': 1, 'Pd104': 1, 'Pd105': 0, 'Pd106': 1, 'Pd108': 0, 'Pd110': 0, 'In113': 1, 'In115': 0}",0.5,176,1,9,D,D09,2,25,6,6,23,1,23,20190710_p176_slide23_ac1_vz,23,p176,HT-29,0,20190710_p176_slide23_ac1_vz_s1_p1_r6_a6_ac_full_l2_x130_y1468_cell.tiff,20190710_p176_slide23_ac1_vz_s1_p1_r6_a6_ac_full_l2_x130_y1468_cyto.tiff,20190710_p176_slide23_ac1_vz_s1_p1_r6_a6_ac_full_l2_x130_y1468_nucleiexp.tiff,20190710_p176_slide23_ac1_vz_s1_p1_r6_a6_ac_full_l2_x130_y1468_comp.tiff,20190710_p176_slide23_ac1_vz_s1_p1_r6_a6_ac_full_l2_x130_y1468_filtered.tiff
674,674,0,1070,343,347,1,254,30.0,100,26,24,1,56,HT-29_c0.5_tp96,96.0,"{'Pd102': 1, 'Pd104': 1, 'Pd105': 0, 'Pd106': 1, 'Pd108': 0, 'Pd110': 0, 'In113': 1, 'In115': 0}",0.5,176,1,9,D,D09,2,33,4,4,30,1,12,20190715_p176_slide14_ac1_vz,14,p176,HT-29,0,20190715_p176_slide14_ac1_vz_s1_p1_r4_a4_ac_full_l1_x0_y1070_cell.tiff,20190715_p176_slide14_ac1_vz_s1_p1_r4_a4_ac_full_l1_x0_y1070_cyto.tiff,20190715_p176_slide14_ac1_vz_s1_p1_r4_a4_ac_full_l1_x0_y1070_nucleiexp.tiff,20190715_p176_slide14_ac1_vz_s1_p1_r4_a4_ac_full_l1_x0_y1070_comp.tiff,20190715_p176_slide14_ac1_vz_s1_p1_r4_a4_ac_full_l1_x0_y1070_filtered.tiff
49,49,959,729,543,571,20,16,30.0,152,144,144,0,6,T-REx-293_c1.0_tp96,96.0,"{'Pd102': 1, 'Pd104': 0, 'Pd105': 0, 'Pd106': 1, 'Pd108': 1, 'Pd110': 1, 'In113': 0, 'In115': 0}",1.0,176,1,4,B,B04,2,3,6,6,3,1,3,20190619_p176_slide20_ac1_vz,20,p176,T-REx-293,0,20190619_p176_slide20_ac1_vz_s1_p1_r6_a6_ac_full_l20_x959_y729_cell.tiff,20190619_p176_slide20_ac1_vz_s1_p1_r6_a6_ac_full_l20_x959_y729_cyto.tiff,20190619_p176_slide20_ac1_vz_s1_p1_r6_a6_ac_full_l20_x959_y729_nucleiexp.tiff,20190619_p176_slide20_ac1_vz_s1_p1_r6_a6_ac_full_l20_x959_y729_comp.tiff,20190619_p176_slide20_ac1_vz_s1_p1_r6_a6_ac_full_l20_x959_y729_filtered.tiff
412,412,879,765,572,595,19,172,30.0,167,171,171,0,6,T-REx-293_c1.0_tp96,96.0,"{'Pd102': 1, 'Pd104': 0, 'Pd105': 0, 'Pd106': 1, 'Pd108': 1, 'Pd110': 1, 'In113': 0, 'In115': 0}",1.0,176,1,4,B,B04,2,21,7,7,19,1,19,20190709_p176_slide16_ac1_vz,16,p176,T-REx-293,0,20190709_p176_slide16_ac1_vz_s1_p1_r7_a7_ac_full_l19_x879_y765_cell.tiff,20190709_p176_slide16_ac1_vz_s1_p1_r7_a7_ac_full_l19_x879_y765_cyto.tiff,20190709_p176_slide16_ac1_vz_s1_p1_r7_a7_ac_full_l19_x879_y765_nucleiexp.tiff,20190709_p176_slide16_ac1_vz_s1_p1_r7_a7_ac_full_l19_x879_y765_comp.tiff,20190709_p176_slide16_ac1_vz_s1_p1_r7_a7_ac_full_l19_x879_y765_filtered.tiff
496,496,980,872,491,515,27,188,30.0,131,158,157,1,6,T-REx-293_c1.0_tp96,96.0,"{'Pd102': 1, 'Pd104': 0, 'Pd105': 0, 'Pd106': 1, 'Pd108': 1, 'Pd110': 1, 'In113': 0, 'In115': 0}",1.0,176,1,4,B,B04,2,25,6,6,23,1,23,20190710_p176_slide23_ac1_vz,23,p176,T-REx-293,0,20190710_p176_slide23_ac1_vz_s1_p1_r6_a6_ac_full_l27_x980_y872_cell.tiff,20190710_p176_slide23_ac1_vz_s1_p1_r6_a6_ac_full_l27_x980_y872_cyto.tiff,20190710_p176_slide23_ac1_vz_s1_p1_r6_a6_ac_full_l27_x980_y872_nucleiexp.tiff,20190710_p176_slide23_ac1_vz_s1_p1_r6_a6_ac_full_l27_x980_y872_comp.tiff,20190710_p176_slide23_ac1_vz_s1_p1_r6_a6_ac_full_l27_x980_y872_filtered.tiff
686,686,946,697,541,582,20,254,30.0,170,176,174,1,6,T-REx-293_c1.0_tp96,96.0,"{'Pd102': 1, 'Pd104': 0, 'Pd105': 0, 'Pd106': 1, 'Pd108': 1, 'Pd110': 1, 'In113': 0, 'In115': 0}",1.0,176,1,4,B,B04,2,33,4,4,30,1,12,20190715_p176_slide14_ac1_vz,14,p176,T-REx-293,0,20190715_p176_slide14_ac1_vz_s1_p1_r4_a4_ac_full_l20_x946_y697_cell.tiff,20190715_p176_slide14_ac1_vz_s1_p1_r4_a4_ac_full_l20_x946_y697_cyto.tiff,20190715_p176_slide14_ac1_vz_s1_p1_r4_a4_ac_full_l20_x946_y697_nucleiexp.tiff,20190715_p176_slide14_ac1_vz_s1_p1_r4_a4_ac_full_l20_x946_y697_comp.tiff,20190715_p176_slide14_ac1_vz_s1_p1_r4_a4_ac_full_l20_x946_y697_filtered.tiff
51,51,1024,1436,435,393,22,16,30.0,162,52,52,0,4,HT-29_c1.0_tp96,96.0,"{'Pd102': 1, 'Pd104': 0, 'Pd105': 1, 'Pd106': 0, 'Pd108': 1, 'Pd110': 1, 'In113': 0, 'In115': 0}",1.0,176,1,3,B,B03,2,3,6,6,3,1,3,20190619_p176_slide20_ac1_vz,20,p176,HT-29,0,20190619_p176_slide20_ac1_vz_s1_p1_r6_a6_ac_full_l22_x1024_y1436_cell.tiff,20190619_p176_slide20_ac1_vz_s1_p1_r6_a6_ac_full_l22_x1024_y1436_cyto.tiff,20190619_p176_slide20_ac1_vz_s1_p1_r6_a6_ac_full_l22_x1024_y1436_nucleiexp.tiff,20190619_p176_slide20_ac1_vz_s1_p1_r6_a6_ac_full_l22_x1024_y1436_comp.tiff,20190619_p176_slide20_ac1_vz_s1_p1_r6_a6_ac_full_l22_x1024_y1436_filtered.tiff
142,142,0,361,238,256,1,50,30.0,30,38,38,0,4,HT-29_c1.0_tp96,96.0,"{'Pd102': 1, 'Pd104': 0, 'Pd105': 1, 'Pd106': 0, 'Pd108': 1, 'Pd110': 1, 'In113': 0, 'In115': 0}",1.0,176,1,3,B,B03,2,7,15,15,7,1,7,20190620_p176_slide27_ac1_vz,27,p176,HT-29,0,20190620_p176_slide27_ac1_vz_s1_p1_r15_a15_ac_full_l1_x0_y361_cell.tiff,20190620_p176_slide27_ac1_vz_s1_p1_r15_a15_ac_full_l1_x0_y361_cyto.tiff,20190620_p176_slide27_ac1_vz_s1_p1_r15_a15_ac_full_l1_x0_y361_nucleiexp.tiff,20190620_p176_slide27_ac1_vz_s1_p1_r15_a15_ac_full_l1_x0_y361_comp.tiff,20190620_p176_slide27_ac1_vz_s1_p1_r15_a15_ac_full_l1_x0_y361_filtered.tiff
376,376,877,1090,438,373,20,168,30.0,138,65,64,1,4,HT-29_c1.0_tp96,96.0,"{'Pd102': 1, 'Pd104': 0, 'Pd105': 1, 'Pd106': 0, 'Pd108': 1, 'Pd110': 1, 'In113': 0, 'In115': 0}",1.0,176,1,3,B,B03,2,20,15,15,18,1,18,20190709_p176_slide11_ac1_vz,11,p176,HT-29,0,20190709_p176_slide11_ac1_vz_s1_p1_r15_a15_ac_full_l20_x877_y1090_cell.tiff,20190709_p176_slide11_ac1_vz_s1_p1_r15_a15_ac_full_l20_x877_y1090_cyto.tiff,20190709_p176_slide11_ac1_vz_s1_p1_r15_a15_ac_full_l20_x877_y1090_nucleiexp.tiff,20190709_p176_slide11_ac1_vz_s1_p1_r15_a15_ac_full_l20_x877_y1090_comp.tiff,20190709_p176_slide11_ac1_vz_s1_p1_r15_a15_ac_full_l20_x877_y1090_filtered.tiff
417,417,1043,1491,464,419,23,172,30.0,160,61,59,1,4,HT-29_c1.0_tp96,96.0,"{'Pd102': 1, 'Pd104': 0, 'Pd105': 1, 'Pd106': 0, 'Pd108': 1, 'Pd110': 1, 'In113': 0, 'In115': 0}",1.0,176,1,3,B,B03,2,21,7,7,19,1,19,20190709_p176_slide16_ac1_vz,16,p176,HT-29,0,20190709_p176_slide16_ac1_vz_s1_p1_r7_a7_ac_full_l23_x1043_y1491_cell.tiff,20190709_p176_slide16_ac1_vz_s1_p1_r7_a7_ac_full_l23_x1043_y1491_cyto.tiff,20190709_p176_slide16_ac1_vz_s1_p1_r7_a7_ac_full_l23_x1043_y1491_nucleiexp.tiff,20190709_p176_slide16_ac1_vz_s1_p1_r7_a7_ac_full_l23_x1043_y1491_comp.tiff,20190709_p176_slide16_ac1_vz_s1_p1_r7_a7_ac_full_l23_x1043_y1491_filtered.tiff
498,498,1298,1525,386,332,29,188,30.0,131,49,49,0,4,HT-29_c1.0_tp96,96.0,"{'Pd102': 1, 'Pd104': 0, 'Pd105': 1, 'Pd106': 0, 'Pd108': 1, 'Pd110': 1, 'In113': 0, 'In115': 0}",1.0,176,1,3,B,B03,2,25,6,6,23,1,23,20190710_p176_slide23_ac1_vz,23,p176,HT-29,0,20190710_p176_slide23_ac1_vz_s1_p1_r6_a6_ac_full_l29_x1298_y1525_cell.tiff,20190710_p176_slide23_ac1_vz_s1_p1_r6_a6_ac_full_l29_x1298_y1525_cyto.tiff,20190710_p176_slide23_ac1_vz_s1_p1_r6_a6_ac_full_l29_x1298_y1525_nucleiexp.tiff,20190710_p176_slide23_ac1_vz_s1_p1_r6_a6_ac_full_l29_x1298_y1525_comp.tiff,20190710_p176_slide23_ac1_vz_s1_p1_r6_a6_ac_full_l29_x1298_y1525_filtered.tiff
536,536,393,620,351,319,6,190,30.0,94,49,48,1,4,HT-29_c1.0_tp96,96.0,"{'Pd102': 1, 'Pd104': 0, 'Pd105': 1, 'Pd106': 0, 'Pd108': 1, 'Pd110': 1, 'In113': 0, 'In115': 0}",1.0,176,1,3,B,B03,2,26,14,14,24,1,24,20190710_p176_slide8_ac1_vz,8,p176,HT-29,0,20190710_p176_slide8_ac1_vz_s1_p1_r14_a14_ac_full_l6_x393_y620_cell.tiff,20190710_p176_slide8_ac1_vz_s1_p1_r14_a14_ac_full_l6_x393_y620_cyto.tiff,20190710_p176_slide8_ac1_vz_s1_p1_r14_a14_ac_full_l6_x393_y620_nucleiexp.tiff,20190710_p176_slide8_ac1_vz_s1_p1_r14_a14_ac_full_l6_x393_y620_comp.tiff,20190710_p176_slide8_ac1_vz_s1_p1_r14_a14_ac_full_l6_x393_y620_filtered.tiff
689,689,1069,1417,466,416,23,254,30.0,153,57,56,1,4,HT-29_c1.0_tp96,96.0,"{'Pd102': 1, 'Pd104': 0, 'Pd105': 1, 'Pd106': 0, 'Pd108': 1, 'Pd110': 1, 'In113': 0, 'In115': 0}",1.0,176,1,3,B,B03,2,33,4,4,30,1,12,20190715_p176_slide14_ac1_vz,14,p176,HT-29,0,20190715_p176_slide14_ac1_vz_s1_p1_r4_a4_ac_full_l23_x1069_y1417_cell.tiff,20190715_p176_slide14_ac1_vz_s1_p1_r4_a4_ac_full_l23_x1069_y1417_cyto.tiff,20190715_p176_slide14_ac1_vz_s1_p1_r4_a4_ac_full_l23_x1069_y1417_nucleiexp.tiff,20190715_p176_slide14_ac1_vz_s1_p1_r4_a4_ac_full_l23_x1069_y1417_comp.tiff,20190715_p176_slide14_ac1_vz_s1_p1_r4_a4_ac_full_l23_x1069_y1417_filtered.tiff
52,52,1206,2272,191,173,23,16,30.0,4,29,29,0,92,HT-29_c0.25_tp96,96.0,"{'Pd102': 0, 'Pd104': 0, 'Pd105': 1, 'Pd106': 1, 'Pd108': 0, 'Pd110': 1, 'In113': 0, 'In115': 1}",0.25,176,1,7,F,F07,2,3,6,6,3,1,3,20190619_p176_slide20_ac1_vz,20,p176,HT-29,0,20190619_p176_slide20_ac1_vz_s1_p1_r6_a6_ac_full_l23_x1206_y2272_cell.tiff,20190619_p176_slide20_ac1_vz_s1_p1_r6_a6_ac_full_l23_x1206_y2272_cyto.tiff,20190619_p176_slide20_ac1_vz_s1_p1_r6_a6_ac_full_l23_x1206_y2272_nucleiexp.tiff,20190619_p176_slide20_ac1_vz_s1_p1_r6_a6_ac_full_l23_x1206_y2272_comp.tiff,20190619_p176_slide20_ac1_vz_s1_p1_r6_a6_ac_full_l23_x1206_y2272_filtered.tiff
174,174,3,0,208,197,1,63,30.0,24,24,24,0,92,HT-29_c0.25_tp96,96.0,"{'Pd102': 0, 'Pd104': 0, 'Pd105': 1, 'Pd106': 1, 'Pd108': 0, 'Pd110': 1, 'In113': 0, 'In115': 1}",0.25,176,1,7,F,F07,2,8,2,2,8,1,8,20190620_p176_slide5_ac1_vz,5,p176,HT-29,0,20190620_p176_slide5_ac1_vz_s1_p1_r2_a2_ac_full_l1_x3_y0_cell.tiff,20190620_p176_slide5_ac1_vz_s1_p1_r2_a2_ac_full_l1_x3_y0_cyto.tiff,20190620_p176_slide5_ac1_vz_s1_p1_r2_a2_ac_full_l1_x3_y0_nucleiexp.tiff,20190620_p176_slide5_ac1_vz_s1_p1_r2_a2_ac_full_l1_x3_y0_comp.tiff,20190620_p176_slide5_ac1_vz_s1_p1_r2_a2_ac_full_l1_x3_y0_filtered.tiff
379,379,1151,1828,316,303,23,168,30.0,89,45,44,1,92,HT-29_c0.25_tp96,96.0,"{'Pd102': 0, 'Pd104': 0, 'Pd105': 1, 'Pd106': 1, 'Pd108': 0, 'Pd110': 1, 'In113': 0, 'In115': 1}",0.25,176,1,7,F,F07,2,20,15,15,18,1,18,20190709_p176_slide11_ac1_vz,11,p176,HT-29,0,20190709_p176_slide11_ac1_vz_s1_p1_r15_a15_ac_full_l23_x1151_y1828_cell.tiff,20190709_p176_slide11_ac1_vz_s1_p1_r15_a15_ac_full_l23_x1151_y1828_cyto.tiff,20190709_p176_slide11_ac1_vz_s1_p1_r15_a15_ac_full_l23_x1151_y1828_nucleiexp.tiff,20190709_p176_slide11_ac1_vz_s1_p1_r15_a15_ac_full_l23_x1151_y1828_comp.tiff,20190709_p176_slide11_ac1_vz_s1_p1_r15_a15_ac_full_l23_x1151_y1828_filtered.tiff
418,418,1258,2323,297,276,24,172,30.0,85,55,55,0,92,HT-29_c0.25_tp96,96.0,"{'Pd102': 0, 'Pd104': 0, 'Pd105': 1, 'Pd106': 1, 'Pd108': 0, 'Pd110': 1, 'In113': 0, 'In115': 1}",0.25,176,1,7,F,F07,2,21,7,7,19,1,19,20190709_p176_slide16_ac1_vz,16,p176,HT-29,0,20190709_p176_slide16_ac1_vz_s1_p1_r7_a7_ac_full_l24_x1258_y2323_cell.tiff,20190709_p176_slide16_ac1_vz_s1_p1_r7_a7_ac_full_l24_x1258_y2323_cyto.tiff,20190709_p176_slide16_ac1_vz_s1_p1_r7_a7_ac_full_l24_x1258_y2323_nucleiexp.tiff,20190709_p176_slide16_ac1_vz_s1_p1_r7_a7_ac_full_l24_x1258_y2323_comp.tiff,20190709_p176_slide16_ac1_vz_s1_p1_r7_a7_ac_full_l24_x1258_y2323_filtered.tiff
537,537,599,1328,320,301,7,190,30.0,79,46,46,0,92,HT-29_c0.25_tp96,96.0,"{'Pd102': 0, 'Pd104': 0, 'Pd105': 1, 'Pd106': 1, 'Pd108': 0, 'Pd110': 1, 'In113': 0, 'In115': 1}",0.25,176,1,7,F,F07,2,26,14,14,24,1,24,20190710_p176_slide8_ac1_vz,8,p176,HT-29,0,20190710_p176_slide8_ac1_vz_s1_p1_r14_a14_ac_full_l7_x599_y1328_cell.tiff,20190710_p176_slide8_ac1_vz_s1_p1_r14_a14_ac_full_l7_x599_y1328_cyto.tiff,20190710_p176_slide8_ac1_vz_s1_p1_r14_a14_ac_full_l7_x599_y1328_nucleiexp.tiff,20190710_p176_slide8_ac1_vz_s1_p1_r14_a14_ac_full_l7_x599_y1328_comp.tiff,20190710_p176_slide8_ac1_vz_s1_p1_r14_a14_ac_full_l7_x599_y1328_filtered.tiff
690,690,1247,2221,332,307,24,254,30.0,82,51,50,1,92,HT-29_c0.25_tp96,96.0,"{'Pd102': 0, 'Pd104': 0, 'Pd105': 1, 'Pd106': 1, 'Pd108': 0, 'Pd110': 1, 'In113': 0, 'In115': 1}",0.25,176,1,7,F,F07,2,33,4,4,30,1,12,20190715_p176_slide14_ac1_vz,14,p176,HT-29,0,20190715_p176_slide14_ac1_vz_s1_p1_r4_a4_ac_full_l24_x1247_y2221_cell.tiff,20190715_p176_slide14_ac1_vz_s1_p1_r4_a4_ac_full_l24_x1247_y2221_cyto.tiff,20190715_p176_slide14_ac1_vz_s1_p1_r4_a4_ac_full_l24_x1247_y2221_nucleiexp.tiff,20190715_p176_slide14_ac1_vz_s1_p1_r4_a4_ac_full_l24_x1247_y2221_comp.tiff,20190715_p176_slide14_ac1_vz_s1_p1_r4_a4_ac_full_l24_x1247_y2221_filtered.tiff
54,54,1165,343,333,390,25,16,30.0,123,55,54,1,36,T-47D_c1.0_tp96,96.0,"{'Pd102': 1, 'Pd104': 1, 'Pd105': 0, 'Pd106': 1, 'Pd108': 0, 'Pd110': 1, 'In113': 0, 'In115': 0}",1.0,176,1,9,C,C09,2,3,6,6,3,1,3,20190619_p176_slide20_ac1_vz,20,p176,T-47D,0,20190619_p176_slide20_ac1_vz_s1_p1_r6_a6_ac_full_l25_x1165_y343_cell.tiff,20190619_p176_slide20_ac1_vz_s1_p1_r6_a6_ac_full_l25_x1165_y343_cyto.tiff,20190619_p176_slide20_ac1_vz_s1_p1_r6_a6_ac_full_l25_x1165_y343_nucleiexp.tiff,20190619_p176_slide20_ac1_vz_s1_p1_r6_a6_ac_full_l25_x1165_y343_comp.tiff,20190619_p176_slide20_ac1_vz_s1_p1_r6_a6_ac_full_l25_x1165_y343_filtered.tiff
415,415,1004,334,370,430,21,172,30.0,138,52,50,1,36,T-47D_c1.0_tp96,96.0,"{'Pd102': 1, 'Pd104': 1, 'Pd105': 0, 'Pd106': 1, 'Pd108': 0, 'Pd110': 1, 'In113': 0, 'In115': 0}",1.0,176,1,9,C,C09,2,21,7,7,19,1,19,20190709_p176_slide16_ac1_vz,16,p176,T-47D,0,20190709_p176_slide16_ac1_vz_s1_p1_r7_a7_ac_full_l21_x1004_y334_cell.tiff,20190709_p176_slide16_ac1_vz_s1_p1_r7_a7_ac_full_l21_x1004_y334_cyto.tiff,20190709_p176_slide16_ac1_vz_s1_p1_r7_a7_ac_full_l21_x1004_y334_nucleiexp.tiff,20190709_p176_slide16_ac1_vz_s1_p1_r7_a7_ac_full_l21_x1004_y334_comp.tiff,20190709_p176_slide16_ac1_vz_s1_p1_r7_a7_ac_full_l21_x1004_y334_filtered.tiff
490,490,1032,547,147,169,20,188,30.0,17,16,16,0,36,T-47D_c1.0_tp96,96.0,"{'Pd102': 1, 'Pd104': 1, 'Pd105': 0, 'Pd106': 1, 'Pd108': 0, 'Pd110': 1, 'In113': 0, 'In115': 0}",1.0,176,1,9,C,C09,2,25,6,6,23,1,23,20190710_p176_slide23_ac1_vz,23,p176,T-47D,0,20190710_p176_slide23_ac1_vz_s1_p1_r6_a6_ac_full_l20_x1032_y547_cell.tiff,20190710_p176_slide23_ac1_vz_s1_p1_r6_a6_ac_full_l20_x1032_y547_cyto.tiff,20190710_p176_slide23_ac1_vz_s1_p1_r6_a6_ac_full_l20_x1032_y547_nucleiexp.tiff,20190710_p176_slide23_ac1_vz_s1_p1_r6_a6_ac_full_l20_x1032_y547_comp.tiff,20190710_p176_slide23_ac1_vz_s1_p1_r6_a6_ac_full_l20_x1032_y547_filtered.tiff
688,688,1100,251,356,431,22,254,30.0,138,60,60,0,36,T-47D_c1.0_tp96,96.0,"{'Pd102': 1, 'Pd104': 1, 'Pd105': 0, 'Pd106': 1, 'Pd108': 0, 'Pd110': 1, 'In113': 0, 'In115': 0}",1.0,176,1,9,C,C09,2,33,4,4,30,1,12,20190715_p176_slide14_ac1_vz,14,p176,T-47D,0,20190715_p176_slide14_ac1_vz_s1_p1_r4_a4_ac_full_l22_x1100_y251_cell.tiff,20190715_p176_slide14_ac1_vz_s1_p1_r4_a4_ac_full_l22_x1100_y251_cyto.tiff,20190715_p176_slide14_ac1_vz_s1_p1_r4_a4_ac_full_l22_x1100_y251_nucleiexp.tiff,20190715_p176_slide14_ac1_vz_s1_p1_r4_a4_ac_full_l22_x1100_y251_comp.tiff,20190715_p176_slide14_ac1_vz_s1_p1_r4_a4_ac_full_l22_x1100_y251_filtered.tiff
55,55,1233,0,310,303,26,16,30.0,101,31,31,0,84,HT-29_c0.25_tp96,96.0,"{'Pd102': 1, 'Pd104': 0, 'Pd105': 1, 'Pd106': 0, 'Pd108': 0, 'Pd110': 1, 'In113': 0, 'In115': 1}",0.25,176,1,3,F,F03,2,3,6,6,3,1,3,20190619_p176_slide20_ac1_vz,20,p176,HT-29,0,20190619_p176_slide20_ac1_vz_s1_p1_r6_a6_ac_full_l26_x1233_y0_cell.tiff,20190619_p176_slide20_ac1_vz_s1_p1_r6_a6_ac_full_l26_x1233_y0_cyto.tiff,20190619_p176_slide20_ac1_vz_s1_p1_r6_a6_ac_full_l26_x1233_y0_nucleiexp.tiff,20190619_p176_slide20_ac1_vz_s1_p1_r6_a6_ac_full_l26_x1233_y0_comp.tiff,20190619_p176_slide20_ac1_vz_s1_p1_r6_a6_ac_full_l26_x1233_y0_filtered.tiff
139,139,10,23,293,278,1,49,30.0,86,34,34,0,84,HT-29_c0.25_tp96,96.0,"{'Pd102': 1, 'Pd104': 0, 'Pd105': 1, 'Pd106': 0, 'Pd108': 0, 'Pd110': 1, 'In113': 0, 'In115': 1}",0.25,176,1,3,F,F03,2,7,13,13,7,1,7,20190620_p176_slide27_ac1_vz,27,p176,HT-29,0,20190620_p176_slide27_ac1_vz_s1_p1_r13_a13_ac_full_l1_x10_y23_cell.tiff,20190620_p176_slide27_ac1_vz_s1_p1_r13_a13_ac_full_l1_x10_y23_cyto.tiff,20190620_p176_slide27_ac1_vz_s1_p1_r13_a13_ac_full_l1_x10_y23_nucleiexp.tiff,20190620_p176_slide27_ac1_vz_s1_p1_r13_a13_ac_full_l1_x10_y23_comp.tiff,20190620_p176_slide27_ac1_vz_s1_p1_r13_a13_ac_full_l1_x10_y23_filtered.tiff
414,414,1056,3,249,274,20,172,30.0,78,39,37,1,84,HT-29_c0.25_tp96,96.0,"{'Pd102': 1, 'Pd104': 0, 'Pd105': 1, 'Pd106': 0, 'Pd108': 0, 'Pd110': 1, 'In113': 0, 'In115': 1}",0.25,176,1,3,F,F03,2,21,7,7,19,1,19,20190709_p176_slide16_ac1_vz,16,p176,HT-29,0,20190709_p176_slide16_ac1_vz_s1_p1_r7_a7_ac_full_l20_x1056_y3_cell.tiff,20190709_p176_slide16_ac1_vz_s1_p1_r7_a7_ac_full_l20_x1056_y3_cyto.tiff,20190709_p176_slide16_ac1_vz_s1_p1_r7_a7_ac_full_l20_x1056_y3_nucleiexp.tiff,20190709_p176_slide16_ac1_vz_s1_p1_r7_a7_ac_full_l20_x1056_y3_comp.tiff,20190709_p176_slide16_ac1_vz_s1_p1_r7_a7_ac_full_l20_x1056_y3_filtered.tiff
487,487,926,94,309,338,18,188,30.0,109,51,50,1,84,HT-29_c0.25_tp96,96.0,"{'Pd102': 1, 'Pd104': 0, 'Pd105': 1, 'Pd106': 0, 'Pd108': 0, 'Pd110': 1, 'In113': 0, 'In115': 1}",0.25,176,1,3,F,F03,2,25,6,6,23,1,23,20190710_p176_slide23_ac1_vz,23,p176,HT-29,0,20190710_p176_slide23_ac1_vz_s1_p1_r6_a6_ac_full_l18_x926_y94_cell.tiff,20190710_p176_slide23_ac1_vz_s1_p1_r6_a6_ac_full_l18_x926_y94_cyto.tiff,20190710_p176_slide23_ac1_vz_s1_p1_r6_a6_ac_full_l18_x926_y94_nucleiexp.tiff,20190710_p176_slide23_ac1_vz_s1_p1_r6_a6_ac_full_l18_x926_y94_comp.tiff,20190710_p176_slide23_ac1_vz_s1_p1_r6_a6_ac_full_l18_x926_y94_filtered.tiff
57,57,1362,1123,349,442,28,16,30.0,148,56,55,1,46,T-REx-293_c0.5_tp96,96.0,"{'Pd102': 1, 'Pd104': 0, 'Pd105': 0, 'Pd106': 1, 'Pd108': 1, 'Pd110': 0, 'In113': 0, 'In115': 1}",0.5,176,1,4,D,D04,2,3,6,6,3,1,3,20190619_p176_slide20_ac1_vz,20,p176,T-REx-293,0,20190619_p176_slide20_ac1_vz_s1_p1_r6_a6_ac_full_l28_x1362_y1123_cell.tiff,20190619_p176_slide20_ac1_vz_s1_p1_r6_a6_ac_full_l28_x1362_y1123_cyto.tiff,20190619_p176_slide20_ac1_vz_s1_p1_r6_a6_ac_full_l28_x1362_y1123_nucleiexp.tiff,20190619_p176_slide20_ac1_vz_s1_p1_r6_a6_ac_full_l28_x1362_y1123_comp.tiff,20190619_p176_slide20_ac1_vz_s1_p1_r6_a6_ac_full_l28_x1362_y1123_filtered.tiff
145,145,339,150,283,350,4,50,30.0,77,72,68,2,46,T-REx-293_c0.5_tp96,96.0,"{'Pd102': 1, 'Pd104': 0, 'Pd105': 0, 'Pd106': 1, 'Pd108': 1, 'Pd110': 0, 'In113': 0, 'In115': 1}",0.5,176,1,4,D,D04,2,7,15,15,7,1,7,20190620_p176_slide27_ac1_vz,27,p176,T-REx-293,0,20190620_p176_slide27_ac1_vz_s1_p1_r15_a15_ac_full_l4_x339_y150_cell.tiff,20190620_p176_slide27_ac1_vz_s1_p1_r15_a15_ac_full_l4_x339_y150_cyto.tiff,20190620_p176_slide27_ac1_vz_s1_p1_r15_a15_ac_full_l4_x339_y150_nucleiexp.tiff,20190620_p176_slide27_ac1_vz_s1_p1_r15_a15_ac_full_l4_x339_y150_comp.tiff,20190620_p176_slide27_ac1_vz_s1_p1_r15_a15_ac_full_l4_x339_y150_filtered.tiff
380,380,1146,730,335,377,24,168,30.0,126,93,90,1,46,T-REx-293_c0.5_tp96,96.0,"{'Pd102': 1, 'Pd104': 0, 'Pd105': 0, 'Pd106': 1, 'Pd108': 1, 'Pd110': 0, 'In113': 0, 'In115': 1}",0.5,176,1,4,D,D04,2,20,15,15,18,1,18,20190709_p176_slide11_ac1_vz,11,p176,T-REx-293,0,20190709_p176_slide11_ac1_vz_s1_p1_r15_a15_ac_full_l24_x1146_y730_cell.tiff,20190709_p176_slide11_ac1_vz_s1_p1_r15_a15_ac_full_l24_x1146_y730_cyto.tiff,20190709_p176_slide11_ac1_vz_s1_p1_r15_a15_ac_full_l24_x1146_y730_nucleiexp.tiff,20190709_p176_slide11_ac1_vz_s1_p1_r15_a15_ac_full_l24_x1146_y730_comp.tiff,20190709_p176_slide11_ac1_vz_s1_p1_r15_a15_ac_full_l24_x1146_y730_filtered.tiff
421,421,1337,1136,389,449,27,172,30.0,146,74,71,2,46,T-REx-293_c0.5_tp96,96.0,"{'Pd102': 1, 'Pd104': 0, 'Pd105': 0, 'Pd106': 1, 'Pd108': 1, 'Pd110': 0, 'In113': 0, 'In115': 1}",0.5,176,1,4,D,D04,2,21,7,7,19,1,19,20190709_p176_slide16_ac1_vz,16,p176,T-REx-293,0,20190709_p176_slide16_ac1_vz_s1_p1_r7_a7_ac_full_l27_x1337_y1136_cell.tiff,20190709_p176_slide16_ac1_vz_s1_p1_r7_a7_ac_full_l27_x1337_y1136_cyto.tiff,20190709_p176_slide16_ac1_vz_s1_p1_r7_a7_ac_full_l27_x1337_y1136_nucleiexp.tiff,20190709_p176_slide16_ac1_vz_s1_p1_r7_a7_ac_full_l27_x1337_y1136_comp.tiff,20190709_p176_slide16_ac1_vz_s1_p1_r7_a7_ac_full_l27_x1337_y1136_filtered.tiff
503,503,1450,1120,356,374,33,188,30.0,138,63,63,0,46,T-REx-293_c0.5_tp96,96.0,"{'Pd102': 1, 'Pd104': 0, 'Pd105': 0, 'Pd106': 1, 'Pd108': 1, 'Pd110': 0, 'In113': 0, 'In115': 1}",0.5,176,1,4,D,D04,2,25,6,6,23,1,23,20190710_p176_slide23_ac1_vz,23,p176,T-REx-293,0,20190710_p176_slide23_ac1_vz_s1_p1_r6_a6_ac_full_l33_x1450_y1120_cell.tiff,20190710_p176_slide23_ac1_vz_s1_p1_r6_a6_ac_full_l33_x1450_y1120_cyto.tiff,20190710_p176_slide23_ac1_vz_s1_p1_r6_a6_ac_full_l33_x1450_y1120_nucleiexp.tiff,20190710_p176_slide23_ac1_vz_s1_p1_r6_a6_ac_full_l33_x1450_y1120_comp.tiff,20190710_p176_slide23_ac1_vz_s1_p1_r6_a6_ac_full_l33_x1450_y1120_filtered.tiff
538,538,663,276,233,266,8,190,30.0,59,61,60,1,46,T-REx-293_c0.5_tp96,96.0,"{'Pd102': 1, 'Pd104': 0, 'Pd105': 0, 'Pd106': 1, 'Pd108': 1, 'Pd110': 0, 'In113': 0, 'In115': 1}",0.5,176,1,4,D,D04,2,26,14,14,24,1,24,20190710_p176_slide8_ac1_vz,8,p176,T-REx-293,0,20190710_p176_slide8_ac1_vz_s1_p1_r14_a14_ac_full_l8_x663_y276_cell.tiff,20190710_p176_slide8_ac1_vz_s1_p1_r14_a14_ac_full_l8_x663_y276_cyto.tiff,20190710_p176_slide8_ac1_vz_s1_p1_r14_a14_ac_full_l8_x663_y276_nucleiexp.tiff,20190710_p176_slide8_ac1_vz_s1_p1_r14_a14_ac_full_l8_x663_y276_comp.tiff,20190710_p176_slide8_ac1_vz_s1_p1_r14_a14_ac_full_l8_x663_y276_filtered.tiff
693,693,1390,1075,367,428,27,254,30.0,127,93,91,1,46,T-REx-293_c0.5_tp96,96.0,"{'Pd102': 1, 'Pd104': 0, 'Pd105': 0, 'Pd106': 1, 'Pd108': 1, 'Pd110': 0, 'In113': 0, 'In115': 1}",0.5,176,1,4,D,D04,2,33,4,4,30,1,12,20190715_p176_slide14_ac1_vz,14,p176,T-REx-293,0,20190715_p176_slide14_ac1_vz_s1_p1_r4_a4_ac_full_l27_x1390_y1075_cell.tiff,20190715_p176_slide14_ac1_vz_s1_p1_r4_a4_ac_full_l27_x1390_y1075_cyto.tiff,20190715_p176_slide14_ac1_vz_s1_p1_r4_a4_ac_full_l27_x1390_y1075_nucleiexp.tiff,20190715_p176_slide14_ac1_vz_s1_p1_r4_a4_ac_full_l27_x1390_y1075_comp.tiff,20190715_p176_slide14_ac1_vz_s1_p1_r4_a4_ac_full_l27_x1390_y1075_filtered.tiff
715,715,0,0,191,225,1,255,30.0,47,20,20,0,46,T-REx-293_c0.5_tp96,96.0,"{'Pd102': 1, 'Pd104': 0, 'Pd105': 0, 'Pd106': 1, 'Pd108': 1, 'Pd110': 0, 'In113': 0, 'In115': 1}",0.5,176,1,4,D,D04,2,34,10,10,31,1,30,20190715_p176_slide30_ac1_vz,30,p176,T-REx-293,0,20190715_p176_slide30_ac1_vz_s1_p1_r10_a10_ac_full_l1_x0_y0_cell.tiff,20190715_p176_slide30_ac1_vz_s1_p1_r10_a10_ac_full_l1_x0_y0_cyto.tiff,20190715_p176_slide30_ac1_vz_s1_p1_r10_a10_ac_full_l1_x0_y0_nucleiexp.tiff,20190715_p176_slide30_ac1_vz_s1_p1_r10_a10_ac_full_l1_x0_y0_comp.tiff,20190715_p176_slide30_ac1_vz_s1_p1_r10_a10_ac_full_l1_x0_y0_filtered.tiff
58,58,1495,279,257,266,29,16,30.0,72,47,46,1,76,T-47D_c0.5_tp96,96.0,"{'Pd102': 1, 'Pd104': 1, 'Pd105': 0, 'Pd106': 1, 'Pd108': 0, 'Pd110': 0, 'In113': 0, 'In115': 1}",0.5,176,1,9,E,E09,2,3,6,6,3,1,3,20190619_p176_slide20_ac1_vz,20,p176,T-47D,0,20190619_p176_slide20_ac1_vz_s1_p1_r6_a6_ac_full_l29_x1495_y279_cell.tiff,20190619_p176_slide20_ac1_vz_s1_p1_r6_a6_ac_full_l29_x1495_y279_cyto.tiff,20190619_p176_slide20_ac1_vz_s1_p1_r6_a6_ac_full_l29_x1495_y279_nucleiexp.tiff,20190619_p176_slide20_ac1_vz_s1_p1_r6_a6_ac_full_l29_x1495_y279_comp.tiff,20190619_p176_slide20_ac1_vz_s1_p1_r6_a6_ac_full_l29_x1495_y279_filtered.tiff
419,419,1278,210,315,319,25,172,30.0,89,37,36,1,76,T-47D_c0.5_tp96,96.0,"{'Pd102': 1, 'Pd104': 1, 'Pd105': 0, 'Pd106': 1, 'Pd108': 0, 'Pd110': 0, 'In113': 0, 'In115': 1}",0.5,176,1,9,E,E09,2,21,7,7,19,1,19,20190709_p176_slide16_ac1_vz,16,p176,T-47D,0,20190709_p176_slide16_ac1_vz_s1_p1_r7_a7_ac_full_l25_x1278_y210_cell.tiff,20190709_p176_slide16_ac1_vz_s1_p1_r7_a7_ac_full_l25_x1278_y210_cyto.tiff,20190709_p176_slide16_ac1_vz_s1_p1_r7_a7_ac_full_l25_x1278_y210_nucleiexp.tiff,20190709_p176_slide16_ac1_vz_s1_p1_r7_a7_ac_full_l25_x1278_y210_comp.tiff,20190709_p176_slide16_ac1_vz_s1_p1_r7_a7_ac_full_l25_x1278_y210_filtered.tiff
691,691,1371,147,320,311,25,254,30.0,106,39,38,1,76,T-47D_c0.5_tp96,96.0,"{'Pd102': 1, 'Pd104': 1, 'Pd105': 0, 'Pd106': 1, 'Pd108': 0, 'Pd110': 0, 'In113': 0, 'In115': 1}",0.5,176,1,9,E,E09,2,33,4,4,30,1,12,20190715_p176_slide14_ac1_vz,14,p176,T-47D,0,20190715_p176_slide14_ac1_vz_s1_p1_r4_a4_ac_full_l25_x1371_y147_cell.tiff,20190715_p176_slide14_ac1_vz_s1_p1_r4_a4_ac_full_l25_x1371_y147_cyto.tiff,20190715_p176_slide14_ac1_vz_s1_p1_r4_a4_ac_full_l25_x1371_y147_nucleiexp.tiff,20190715_p176_slide14_ac1_vz_s1_p1_r4_a4_ac_full_l25_x1371_y147_comp.tiff,20190715_p176_slide14_ac1_vz_s1_p1_r4_a4_ac_full_l25_x1371_y147_filtered.tiff
59,59,82,1305,314,392,3,16,30.0,111,59,57,1,32,T-47D_c1.0_tp96,96.0,"{'Pd102': 0, 'Pd104': 0, 'Pd105': 1, 'Pd106': 1, 'Pd108': 1, 'Pd110': 0, 'In113': 1, 'In115': 0}",1.0,176,1,7,C,C07,2,3,6,6,3,1,3,20190619_p176_slide20_ac1_vz,20,p176,T-47D,0,20190619_p176_slide20_ac1_vz_s1_p1_r6_a6_ac_full_l3_x82_y1305_cell.tiff,20190619_p176_slide20_ac1_vz_s1_p1_r6_a6_ac_full_l3_x82_y1305_cyto.tiff,20190619_p176_slide20_ac1_vz_s1_p1_r6_a6_ac_full_l3_x82_y1305_nucleiexp.tiff,20190619_p176_slide20_ac1_vz_s1_p1_r6_a6_ac_full_l3_x82_y1305_comp.tiff,20190619_p176_slide20_ac1_vz_s1_p1_r6_a6_ac_full_l3_x82_y1305_filtered.tiff
364,364,0,1215,250,313,1,168,30.0,80,47,46,1,32,T-47D_c1.0_tp96,96.0,"{'Pd102': 0, 'Pd104': 0, 'Pd105': 1, 'Pd106': 1, 'Pd108': 1, 'Pd110': 0, 'In113': 1, 'In115': 0}",1.0,176,1,7,C,C07,2,20,15,15,18,1,18,20190709_p176_slide11_ac1_vz,11,p176,T-47D,0,20190709_p176_slide11_ac1_vz_s1_p1_r15_a15_ac_full_l1_x0_y1215_cell.tiff,20190709_p176_slide11_ac1_vz_s1_p1_r15_a15_ac_full_l1_x0_y1215_cyto.tiff,20190709_p176_slide11_ac1_vz_s1_p1_r15_a15_ac_full_l1_x0_y1215_nucleiexp.tiff,20190709_p176_slide11_ac1_vz_s1_p1_r15_a15_ac_full_l1_x0_y1215_comp.tiff,20190709_p176_slide11_ac1_vz_s1_p1_r15_a15_ac_full_l1_x0_y1215_filtered.tiff
413,413,97,1467,342,442,2,172,30.0,135,57,57,0,32,T-47D_c1.0_tp96,96.0,"{'Pd102': 0, 'Pd104': 0, 'Pd105': 1, 'Pd106': 1, 'Pd108': 1, 'Pd110': 0, 'In113': 1, 'In115': 0}",1.0,176,1,7,C,C07,2,21,7,7,19,1,19,20190709_p176_slide16_ac1_vz,16,p176,T-47D,0,20190709_p176_slide16_ac1_vz_s1_p1_r7_a7_ac_full_l2_x97_y1467_cell.tiff,20190709_p176_slide16_ac1_vz_s1_p1_r7_a7_ac_full_l2_x97_y1467_cyto.tiff,20190709_p176_slide16_ac1_vz_s1_p1_r7_a7_ac_full_l2_x97_y1467_nucleiexp.tiff,20190709_p176_slide16_ac1_vz_s1_p1_r7_a7_ac_full_l2_x97_y1467_comp.tiff,20190709_p176_slide16_ac1_vz_s1_p1_r7_a7_ac_full_l2_x97_y1467_filtered.tiff
685,685,101,1380,350,417,2,254,30.0,126,46,45,1,32,T-47D_c1.0_tp96,96.0,"{'Pd102': 0, 'Pd104': 0, 'Pd105': 1, 'Pd106': 1, 'Pd108': 1, 'Pd110': 0, 'In113': 1, 'In115': 0}",1.0,176,1,7,C,C07,2,33,4,4,30,1,12,20190715_p176_slide14_ac1_vz,14,p176,T-47D,0,20190715_p176_slide14_ac1_vz_s1_p1_r4_a4_ac_full_l2_x101_y1380_cell.tiff,20190715_p176_slide14_ac1_vz_s1_p1_r4_a4_ac_full_l2_x101_y1380_cyto.tiff,20190715_p176_slide14_ac1_vz_s1_p1_r4_a4_ac_full_l2_x101_y1380_nucleiexp.tiff,20190715_p176_slide14_ac1_vz_s1_p1_r4_a4_ac_full_l2_x101_y1380_comp.tiff,20190715_p176_slide14_ac1_vz_s1_p1_r4_a4_ac_full_l2_x101_y1380_filtered.tiff
60,60,1446,772,448,408,30,16,30.0,146,60,59,1,12,HT-29_c1.0_tp96,96.0,"{'Pd102': 0, 'Pd104': 0, 'Pd105': 1, 'Pd106': 1, 'Pd108': 1, 'Pd110': 1, 'In113': 0, 'In115': 0}",1.0,176,1,7,B,B07,2,3,6,6,3,1,3,20190619_p176_slide20_ac1_vz,20,p176,HT-29,0,20190619_p176_slide20_ac1_vz_s1_p1_r6_a6_ac_full_l30_x1446_y772_cell.tiff,20190619_p176_slide20_ac1_vz_s1_p1_r6_a6_ac_full_l30_x1446_y772_cyto.tiff,20190619_p176_slide20_ac1_vz_s1_p1_r6_a6_ac_full_l30_x1446_y772_nucleiexp.tiff,20190619_p176_slide20_ac1_vz_s1_p1_r6_a6_ac_full_l30_x1446_y772_comp.tiff,20190619_p176_slide20_ac1_vz_s1_p1_r6_a6_ac_full_l30_x1446_y772_filtered.tiff
146,146,0,90,324,295,1,51,30.0,37,71,71,0,12,HT-29_c1.0_tp96,96.0,"{'Pd102': 0, 'Pd104': 0, 'Pd105': 1, 'Pd106': 1, 'Pd108': 1, 'Pd110': 1, 'In113': 0, 'In115': 0}",1.0,176,1,7,B,B07,2,7,16,16,7,1,7,20190620_p176_slide27_ac1_vz,27,p176,HT-29,0,20190620_p176_slide27_ac1_vz_s1_p1_r16_a16_ac_full_l1_x0_y90_cell.tiff,20190620_p176_slide27_ac1_vz_s1_p1_r16_a16_ac_full_l1_x0_y90_cyto.tiff,20190620_p176_slide27_ac1_vz_s1_p1_r16_a16_ac_full_l1_x0_y90_nucleiexp.tiff,20190620_p176_slide27_ac1_vz_s1_p1_r16_a16_ac_full_l1_x0_y90_comp.tiff,20190620_p176_slide27_ac1_vz_s1_p1_r16_a16_ac_full_l1_x0_y90_filtered.tiff
381,381,1167,348,374,372,25,168,30.0,113,64,64,0,12,HT-29_c1.0_tp96,96.0,"{'Pd102': 0, 'Pd104': 0, 'Pd105': 1, 'Pd106': 1, 'Pd108': 1, 'Pd110': 1, 'In113': 0, 'In115': 0}",1.0,176,1,7,B,B07,2,20,15,15,18,1,18,20190709_p176_slide11_ac1_vz,11,p176,HT-29,0,20190709_p176_slide11_ac1_vz_s1_p1_r15_a15_ac_full_l25_x1167_y348_cell.tiff,20190709_p176_slide11_ac1_vz_s1_p1_r15_a15_ac_full_l25_x1167_y348_cyto.tiff,20190709_p176_slide11_ac1_vz_s1_p1_r15_a15_ac_full_l25_x1167_y348_nucleiexp.tiff,20190709_p176_slide11_ac1_vz_s1_p1_r15_a15_ac_full_l25_x1167_y348_comp.tiff,20190709_p176_slide11_ac1_vz_s1_p1_r15_a15_ac_full_l25_x1167_y348_filtered.tiff
425,425,1389,740,462,447,30,172,30.0,172,62,62,0,12,HT-29_c1.0_tp96,96.0,"{'Pd102': 0, 'Pd104': 0, 'Pd105': 1, 'Pd106': 1, 'Pd108': 1, 'Pd110': 1, 'In113': 0, 'In115': 0}",1.0,176,1,7,B,B07,2,21,7,7,19,1,19,20190709_p176_slide16_ac1_vz,16,p176,HT-29,0,20190709_p176_slide16_ac1_vz_s1_p1_r7_a7_ac_full_l30_x1389_y740_cell.tiff,20190709_p176_slide16_ac1_vz_s1_p1_r7_a7_ac_full_l30_x1389_y740_cyto.tiff,20190709_p176_slide16_ac1_vz_s1_p1_r7_a7_ac_full_l30_x1389_y740_nucleiexp.tiff,20190709_p176_slide16_ac1_vz_s1_p1_r7_a7_ac_full_l30_x1389_y740_comp.tiff,20190709_p176_slide16_ac1_vz_s1_p1_r7_a7_ac_full_l30_x1389_y740_filtered.tiff
504,504,1426,715,388,407,34,188,30.0,142,78,78,0,12,HT-29_c1.0_tp96,96.0,"{'Pd102': 0, 'Pd104': 0, 'Pd105': 1, 'Pd106': 1, 'Pd108': 1, 'Pd110': 1, 'In113': 0, 'In115': 0}",1.0,176,1,7,B,B07,2,25,6,6,23,1,23,20190710_p176_slide23_ac1_vz,23,p176,HT-29,0,20190710_p176_slide23_ac1_vz_s1_p1_r6_a6_ac_full_l34_x1426_y715_cell.tiff,20190710_p176_slide23_ac1_vz_s1_p1_r6_a6_ac_full_l34_x1426_y715_cyto.tiff,20190710_p176_slide23_ac1_vz_s1_p1_r6_a6_ac_full_l34_x1426_y715_nucleiexp.tiff,20190710_p176_slide23_ac1_vz_s1_p1_r6_a6_ac_full_l34_x1426_y715_comp.tiff,20190710_p176_slide23_ac1_vz_s1_p1_r6_a6_ac_full_l34_x1426_y715_filtered.tiff
541,541,0,0,228,212,1,192,30.0,38,41,41,0,12,HT-29_c1.0_tp96,96.0,"{'Pd102': 0, 'Pd104': 0, 'Pd105': 1, 'Pd106': 1, 'Pd108': 1, 'Pd110': 1, 'In113': 0, 'In115': 0}",1.0,176,1,7,B,B07,2,26,4,4,24,1,24,20190710_p176_slide8_ac1_vz,8,p176,HT-29,0,20190710_p176_slide8_ac1_vz_s1_p1_r4_a4_ac_full_l1_x0_y0_cell.tiff,20190710_p176_slide8_ac1_vz_s1_p1_r4_a4_ac_full_l1_x0_y0_cyto.tiff,20190710_p176_slide8_ac1_vz_s1_p1_r4_a4_ac_full_l1_x0_y0_nucleiexp.tiff,20190710_p176_slide8_ac1_vz_s1_p1_r4_a4_ac_full_l1_x0_y0_comp.tiff,20190710_p176_slide8_ac1_vz_s1_p1_r4_a4_ac_full_l1_x0_y0_filtered.tiff
695,695,1463,685,440,429,29,254,30.0,158,70,70,0,12,HT-29_c1.0_tp96,96.0,"{'Pd102': 0, 'Pd104': 0, 'Pd105': 1, 'Pd106': 1, 'Pd108': 1, 'Pd110': 1, 'In113': 0, 'In115': 0}",1.0,176,1,7,B,B07,2,33,4,4,30,1,12,20190715_p176_slide14_ac1_vz,14,p176,HT-29,0,20190715_p176_slide14_ac1_vz_s1_p1_r4_a4_ac_full_l29_x1463_y685_cell.tiff,20190715_p176_slide14_ac1_vz_s1_p1_r4_a4_ac_full_l29_x1463_y685_cyto.tiff,20190715_p176_slide14_ac1_vz_s1_p1_r4_a4_ac_full_l29_x1463_y685_nucleiexp.tiff,20190715_p176_slide14_ac1_vz_s1_p1_r4_a4_ac_full_l29_x1463_y685_comp.tiff,20190715_p176_slide14_ac1_vz_s1_p1_r4_a4_ac_full_l29_x1463_y685_filtered.tiff
61,61,1518,4,320,324,31,16,30.0,137,41,40,1,70,DLD-1_c0.25_tp96,96.0,"{'Pd102': 0, 'Pd104': 1, 'Pd105': 0, 'Pd106': 1, 'Pd108': 0, 'Pd110': 1, 'In113': 1, 'In115': 0}",0.25,176,1,6,E,E06,2,3,6,6,3,1,3,20190619_p176_slide20_ac1_vz,20,p176,DLD-1,0,20190619_p176_slide20_ac1_vz_s1_p1_r6_a6_ac_full_l31_x1518_y4_cell.tiff,20190619_p176_slide20_ac1_vz_s1_p1_r6_a6_ac_full_l31_x1518_y4_cyto.tiff,20190619_p176_slide20_ac1_vz_s1_p1_r6_a6_ac_full_l31_x1518_y4_nucleiexp.tiff,20190619_p176_slide20_ac1_vz_s1_p1_r6_a6_ac_full_l31_x1518_y4_comp.tiff,20190619_p176_slide20_ac1_vz_s1_p1_r6_a6_ac_full_l31_x1518_y4_filtered.tiff
420,420,1333,0,240,244,26,172,30.0,73,42,41,1,70,DLD-1_c0.25_tp96,96.0,"{'Pd102': 0, 'Pd104': 1, 'Pd105': 0, 'Pd106': 1, 'Pd108': 0, 'Pd110': 1, 'In113': 1, 'In115': 0}",0.25,176,1,6,E,E06,2,21,7,7,19,1,19,20190709_p176_slide16_ac1_vz,16,p176,DLD-1,0,20190709_p176_slide16_ac1_vz_s1_p1_r7_a7_ac_full_l26_x1333_y0_cell.tiff,20190709_p176_slide16_ac1_vz_s1_p1_r7_a7_ac_full_l26_x1333_y0_cyto.tiff,20190709_p176_slide16_ac1_vz_s1_p1_r7_a7_ac_full_l26_x1333_y0_nucleiexp.tiff,20190709_p176_slide16_ac1_vz_s1_p1_r7_a7_ac_full_l26_x1333_y0_comp.tiff,20190709_p176_slide16_ac1_vz_s1_p1_r7_a7_ac_full_l26_x1333_y0_filtered.tiff
494,494,1176,25,332,309,25,188,30.0,137,50,50,0,70,DLD-1_c0.25_tp96,96.0,"{'Pd102': 0, 'Pd104': 1, 'Pd105': 0, 'Pd106': 1, 'Pd108': 0, 'Pd110': 1, 'In113': 1, 'In115': 0}",0.25,176,1,6,E,E06,2,25,6,6,23,1,23,20190710_p176_slide23_ac1_vz,23,p176,DLD-1,0,20190710_p176_slide23_ac1_vz_s1_p1_r6_a6_ac_full_l25_x1176_y25_cell.tiff,20190710_p176_slide23_ac1_vz_s1_p1_r6_a6_ac_full_l25_x1176_y25_cyto.tiff,20190710_p176_slide23_ac1_vz_s1_p1_r6_a6_ac_full_l25_x1176_y25_nucleiexp.tiff,20190710_p176_slide23_ac1_vz_s1_p1_r6_a6_ac_full_l25_x1176_y25_comp.tiff,20190710_p176_slide23_ac1_vz_s1_p1_r6_a6_ac_full_l25_x1176_y25_filtered.tiff
716,716,0,0,166,166,1,256,30.0,18,24,24,0,70,DLD-1_c0.25_tp96,96.0,"{'Pd102': 0, 'Pd104': 1, 'Pd105': 0, 'Pd106': 1, 'Pd108': 0, 'Pd110': 1, 'In113': 1, 'In115': 0}",0.25,176,1,6,E,E06,2,34,11,11,31,1,30,20190715_p176_slide30_ac1_vz,30,p176,DLD-1,0,20190715_p176_slide30_ac1_vz_s1_p1_r11_a11_ac_full_l1_x0_y0_cell.tiff,20190715_p176_slide30_ac1_vz_s1_p1_r11_a11_ac_full_l1_x0_y0_cyto.tiff,20190715_p176_slide30_ac1_vz_s1_p1_r11_a11_ac_full_l1_x0_y0_nucleiexp.tiff,20190715_p176_slide30_ac1_vz_s1_p1_r11_a11_ac_full_l1_x0_y0_comp.tiff,20190715_p176_slide30_ac1_vz_s1_p1_r11_a11_ac_full_l1_x0_y0_filtered.tiff
62,62,1537,493,345,334,32,16,30.0,134,40,38,1,66,DLD-1_c0.25_tp96,96.0,"{'Pd102': 1, 'Pd104': 0, 'Pd105': 0, 'Pd106': 1, 'Pd108': 0, 'Pd110': 1, 'In113': 1, 'In115': 0}",0.25,176,1,4,E,E04,2,3,6,6,3,1,3,20190619_p176_slide20_ac1_vz,20,p176,DLD-1,0,20190619_p176_slide20_ac1_vz_s1_p1_r6_a6_ac_full_l32_x1537_y493_cell.tiff,20190619_p176_slide20_ac1_vz_s1_p1_r6_a6_ac_full_l32_x1537_y493_cyto.tiff,20190619_p176_slide20_ac1_vz_s1_p1_r6_a6_ac_full_l32_x1537_y493_nucleiexp.tiff,20190619_p176_slide20_ac1_vz_s1_p1_r6_a6_ac_full_l32_x1537_y493_comp.tiff,20190619_p176_slide20_ac1_vz_s1_p1_r6_a6_ac_full_l32_x1537_y493_filtered.tiff
378,378,1157,84,232,237,22,168,30.0,54,42,42,0,66,DLD-1_c0.25_tp96,96.0,"{'Pd102': 1, 'Pd104': 0, 'Pd105': 0, 'Pd106': 1, 'Pd108': 0, 'Pd110': 1, 'In113': 1, 'In115': 0}",0.25,176,1,4,E,E04,2,20,15,15,18,1,18,20190709_p176_slide11_ac1_vz,11,p176,DLD-1,0,20190709_p176_slide11_ac1_vz_s1_p1_r15_a15_ac_full_l22_x1157_y84_cell.tiff,20190709_p176_slide11_ac1_vz_s1_p1_r15_a15_ac_full_l22_x1157_y84_cyto.tiff,20190709_p176_slide11_ac1_vz_s1_p1_r15_a15_ac_full_l22_x1157_y84_nucleiexp.tiff,20190709_p176_slide11_ac1_vz_s1_p1_r15_a15_ac_full_l22_x1157_y84_comp.tiff,20190709_p176_slide11_ac1_vz_s1_p1_r15_a15_ac_full_l22_x1157_y84_filtered.tiff
423,423,1412,448,326,327,29,172,30.0,141,24,24,0,66,DLD-1_c0.25_tp96,96.0,"{'Pd102': 1, 'Pd104': 0, 'Pd105': 0, 'Pd106': 1, 'Pd108': 0, 'Pd110': 1, 'In113': 1, 'In115': 0}",0.25,176,1,4,E,E04,2,21,7,7,19,1,19,20190709_p176_slide16_ac1_vz,16,p176,DLD-1,0,20190709_p176_slide16_ac1_vz_s1_p1_r7_a7_ac_full_l29_x1412_y448_cell.tiff,20190709_p176_slide16_ac1_vz_s1_p1_r7_a7_ac_full_l29_x1412_y448_cyto.tiff,20190709_p176_slide16_ac1_vz_s1_p1_r7_a7_ac_full_l29_x1412_y448_nucleiexp.tiff,20190709_p176_slide16_ac1_vz_s1_p1_r7_a7_ac_full_l29_x1412_y448_comp.tiff,20190709_p176_slide16_ac1_vz_s1_p1_r7_a7_ac_full_l29_x1412_y448_filtered.tiff
500,500,1386,477,280,272,30,188,30.0,107,36,36,0,66,DLD-1_c0.25_tp96,96.0,"{'Pd102': 1, 'Pd104': 0, 'Pd105': 0, 'Pd106': 1, 'Pd108': 0, 'Pd110': 1, 'In113': 1, 'In115': 0}",0.25,176,1,4,E,E04,2,25,6,6,23,1,23,20190710_p176_slide23_ac1_vz,23,p176,DLD-1,0,20190710_p176_slide23_ac1_vz_s1_p1_r6_a6_ac_full_l30_x1386_y477_cell.tiff,20190710_p176_slide23_ac1_vz_s1_p1_r6_a6_ac_full_l30_x1386_y477_cyto.tiff,20190710_p176_slide23_ac1_vz_s1_p1_r6_a6_ac_full_l30_x1386_y477_nucleiexp.tiff,20190710_p176_slide23_ac1_vz_s1_p1_r6_a6_ac_full_l30_x1386_y477_comp.tiff,20190710_p176_slide23_ac1_vz_s1_p1_r6_a6_ac_full_l30_x1386_y477_filtered.tiff
694,694,1484,384,324,321,28,254,30.0,142,41,41,0,66,DLD-1_c0.25_tp96,96.0,"{'Pd102': 1, 'Pd104': 0, 'Pd105': 0, 'Pd106': 1, 'Pd108': 0, 'Pd110': 1, 'In113': 1, 'In115': 0}",0.25,176,1,4,E,E04,2,33,4,4,30,1,12,20190715_p176_slide14_ac1_vz,14,p176,DLD-1,0,20190715_p176_slide14_ac1_vz_s1_p1_r4_a4_ac_full_l28_x1484_y384_cell.tiff,20190715_p176_slide14_ac1_vz_s1_p1_r4_a4_ac_full_l28_x1484_y384_cyto.tiff,20190715_p176_slide14_ac1_vz_s1_p1_r4_a4_ac_full_l28_x1484_y384_nucleiexp.tiff,20190715_p176_slide14_ac1_vz_s1_p1_r4_a4_ac_full_l28_x1484_y384_comp.tiff,20190715_p176_slide14_ac1_vz_s1_p1_r4_a4_ac_full_l28_x1484_y384_filtered.tiff
63,63,1580,1515,373,347,33,16,30.0,156,31,30,1,22,DLD-1_c1.0_tp96,96.0,"{'Pd102': 1, 'Pd104': 1, 'Pd105': 0, 'Pd106': 0, 'Pd108': 1, 'Pd110': 0, 'In113': 1, 'In115': 0}",1.0,176,1,2,C,C02,2,3,6,6,3,1,3,20190619_p176_slide20_ac1_vz,20,p176,DLD-1,0,20190619_p176_slide20_ac1_vz_s1_p1_r6_a6_ac_full_l33_x1580_y1515_cell.tiff,20190619_p176_slide20_ac1_vz_s1_p1_r6_a6_ac_full_l33_x1580_y1515_cyto.tiff,20190619_p176_slide20_ac1_vz_s1_p1_r6_a6_ac_full_l33_x1580_y1515_nucleiexp.tiff,20190619_p176_slide20_ac1_vz_s1_p1_r6_a6_ac_full_l33_x1580_y1515_comp.tiff,20190619_p176_slide20_ac1_vz_s1_p1_r6_a6_ac_full_l33_x1580_y1515_filtered.tiff
181,181,0,0,308,334,1,70,30.0,118,31,28,2,22,DLD-1_c1.0_tp96,96.0,"{'Pd102': 1, 'Pd104': 1, 'Pd105': 0, 'Pd106': 0, 'Pd108': 1, 'Pd110': 0, 'In113': 1, 'In115': 0}",1.0,176,1,2,C,C02,2,8,9,9,8,1,8,20190620_p176_slide5_ac1_vz,5,p176,DLD-1,0,20190620_p176_slide5_ac1_vz_s1_p1_r9_a9_ac_full_l1_x0_y0_cell.tiff,20190620_p176_slide5_ac1_vz_s1_p1_r9_a9_ac_full_l1_x0_y0_cyto.tiff,20190620_p176_slide5_ac1_vz_s1_p1_r9_a9_ac_full_l1_x0_y0_nucleiexp.tiff,20190620_p176_slide5_ac1_vz_s1_p1_r9_a9_ac_full_l1_x0_y0_comp.tiff,20190620_p176_slide5_ac1_vz_s1_p1_r9_a9_ac_full_l1_x0_y0_filtered.tiff
384,384,1386,985,442,430,28,168,30.0,206,41,37,1,22,DLD-1_c1.0_tp96,96.0,"{'Pd102': 1, 'Pd104': 1, 'Pd105': 0, 'Pd106': 0, 'Pd108': 1, 'Pd110': 0, 'In113': 1, 'In115': 0}",1.0,176,1,2,C,C02,2,20,15,15,18,1,18,20190709_p176_slide11_ac1_vz,11,p176,DLD-1,0,20190709_p176_slide11_ac1_vz_s1_p1_r15_a15_ac_full_l28_x1386_y985_cell.tiff,20190709_p176_slide11_ac1_vz_s1_p1_r15_a15_ac_full_l28_x1386_y985_cyto.tiff,20190709_p176_slide11_ac1_vz_s1_p1_r15_a15_ac_full_l28_x1386_y985_nucleiexp.tiff,20190709_p176_slide11_ac1_vz_s1_p1_r15_a15_ac_full_l28_x1386_y985_comp.tiff,20190709_p176_slide11_ac1_vz_s1_p1_r15_a15_ac_full_l28_x1386_y985_filtered.tiff
429,429,1571,1467,444,404,34,172,30.0,211,37,36,1,22,DLD-1_c1.0_tp96,96.0,"{'Pd102': 1, 'Pd104': 1, 'Pd105': 0, 'Pd106': 0, 'Pd108': 1, 'Pd110': 0, 'In113': 1, 'In115': 0}",1.0,176,1,2,C,C02,2,21,7,7,19,1,19,20190709_p176_slide16_ac1_vz,16,p176,DLD-1,0,20190709_p176_slide16_ac1_vz_s1_p1_r7_a7_ac_full_l34_x1571_y1467_cell.tiff,20190709_p176_slide16_ac1_vz_s1_p1_r7_a7_ac_full_l34_x1571_y1467_cyto.tiff,20190709_p176_slide16_ac1_vz_s1_p1_r7_a7_ac_full_l34_x1571_y1467_nucleiexp.tiff,20190709_p176_slide16_ac1_vz_s1_p1_r7_a7_ac_full_l34_x1571_y1467_comp.tiff,20190709_p176_slide16_ac1_vz_s1_p1_r7_a7_ac_full_l34_x1571_y1467_filtered.tiff
527,527,871,475,397,384,11,190,30.0,195,36,33,1,22,DLD-1_c1.0_tp96,96.0,"{'Pd102': 1, 'Pd104': 1, 'Pd105': 0, 'Pd106': 0, 'Pd108': 1, 'Pd110': 0, 'In113': 1, 'In115': 0}",1.0,176,1,2,C,C02,2,26,14,14,24,1,24,20190710_p176_slide8_ac1_vz,8,p176,DLD-1,0,20190710_p176_slide8_ac1_vz_s1_p1_r14_a14_ac_full_l11_x871_y475_cell.tiff,20190710_p176_slide8_ac1_vz_s1_p1_r14_a14_ac_full_l11_x871_y475_cyto.tiff,20190710_p176_slide8_ac1_vz_s1_p1_r14_a14_ac_full_l11_x871_y475_nucleiexp.tiff,20190710_p176_slide8_ac1_vz_s1_p1_r14_a14_ac_full_l11_x871_y475_comp.tiff,20190710_p176_slide8_ac1_vz_s1_p1_r14_a14_ac_full_l11_x871_y475_filtered.tiff
566,566,0,0,191,189,1,207,30.0,51,22,22,0,22,DLD-1_c1.0_tp96,96.0,"{'Pd102': 1, 'Pd104': 1, 'Pd105': 0, 'Pd106': 0, 'Pd108': 1, 'Pd110': 0, 'In113': 1, 'In115': 0}",1.0,176,1,2,C,C02,2,28,2,2,26,1,26,20190711_p176_slide2_ac1_vz,2,p176,DLD-1,0,20190711_p176_slide2_ac1_vz_s1_p1_r2_a2_ac_full_l1_x0_y0_cell.tiff,20190711_p176_slide2_ac1_vz_s1_p1_r2_a2_ac_full_l1_x0_y0_cyto.tiff,20190711_p176_slide2_ac1_vz_s1_p1_r2_a2_ac_full_l1_x0_y0_nucleiexp.tiff,20190711_p176_slide2_ac1_vz_s1_p1_r2_a2_ac_full_l1_x0_y0_comp.tiff,20190711_p176_slide2_ac1_vz_s1_p1_r2_a2_ac_full_l1_x0_y0_filtered.tiff
700,700,1603,1376,443,444,33,254,30.0,213,45,43,2,22,DLD-1_c1.0_tp96,96.0,"{'Pd102': 1, 'Pd104': 1, 'Pd105': 0, 'Pd106': 0, 'Pd108': 1, 'Pd110': 0, 'In113': 1, 'In115': 0}",1.0,176,1,2,C,C02,2,33,4,4,30,1,12,20190715_p176_slide14_ac1_vz,14,p176,DLD-1,0,20190715_p176_slide14_ac1_vz_s1_p1_r4_a4_ac_full_l33_x1603_y1376_cell.tiff,20190715_p176_slide14_ac1_vz_s1_p1_r4_a4_ac_full_l33_x1603_y1376_cyto.tiff,20190715_p176_slide14_ac1_vz_s1_p1_r4_a4_ac_full_l33_x1603_y1376_nucleiexp.tiff,20190715_p176_slide14_ac1_vz_s1_p1_r4_a4_ac_full_l33_x1603_y1376_comp.tiff,20190715_p176_slide14_ac1_vz_s1_p1_r4_a4_ac_full_l33_x1603_y1376_filtered.tiff
64,64,1760,394,206,213,34,16,30.0,54,31,30,1,112,T-47D_c0.25_tp96,96.0,"{'Pd102': 0, 'Pd104': 0, 'Pd105': 1, 'Pd106': 1, 'Pd108': 0, 'Pd110': 0, 'In113': 1, 'In115': 1}",0.25,176,1,7,G,G07,2,3,6,6,3,1,3,20190619_p176_slide20_ac1_vz,20,p176,T-47D,0,20190619_p176_slide20_ac1_vz_s1_p1_r6_a6_ac_full_l34_x1760_y394_cell.tiff,20190619_p176_slide20_ac1_vz_s1_p1_r6_a6_ac_full_l34_x1760_y394_cyto.tiff,20190619_p176_slide20_ac1_vz_s1_p1_r6_a6_ac_full_l34_x1760_y394_nucleiexp.tiff,20190619_p176_slide20_ac1_vz_s1_p1_r6_a6_ac_full_l34_x1760_y394_comp.tiff,20190619_p176_slide20_ac1_vz_s1_p1_r6_a6_ac_full_l34_x1760_y394_filtered.tiff
426,426,1579,291,231,237,31,172,30.0,69,26,26,0,112,T-47D_c0.25_tp96,96.0,"{'Pd102': 0, 'Pd104': 0, 'Pd105': 1, 'Pd106': 1, 'Pd108': 0, 'Pd110': 0, 'In113': 1, 'In115': 1}",0.25,176,1,7,G,G07,2,21,7,7,19,1,19,20190709_p176_slide16_ac1_vz,16,p176,T-47D,0,20190709_p176_slide16_ac1_vz_s1_p1_r7_a7_ac_full_l31_x1579_y291_cell.tiff,20190709_p176_slide16_ac1_vz_s1_p1_r7_a7_ac_full_l31_x1579_y291_cyto.tiff,20190709_p176_slide16_ac1_vz_s1_p1_r7_a7_ac_full_l31_x1579_y291_nucleiexp.tiff,20190709_p176_slide16_ac1_vz_s1_p1_r7_a7_ac_full_l31_x1579_y291_comp.tiff,20190709_p176_slide16_ac1_vz_s1_p1_r7_a7_ac_full_l31_x1579_y291_filtered.tiff
699,699,1685,235,217,225,32,254,30.0,63,37,36,1,112,T-47D_c0.25_tp96,96.0,"{'Pd102': 0, 'Pd104': 0, 'Pd105': 1, 'Pd106': 1, 'Pd108': 0, 'Pd110': 0, 'In113': 1, 'In115': 1}",0.25,176,1,7,G,G07,2,33,4,4,30,1,12,20190715_p176_slide14_ac1_vz,14,p176,T-47D,0,20190715_p176_slide14_ac1_vz_s1_p1_r4_a4_ac_full_l32_x1685_y235_cell.tiff,20190715_p176_slide14_ac1_vz_s1_p1_r4_a4_ac_full_l32_x1685_y235_cyto.tiff,20190715_p176_slide14_ac1_vz_s1_p1_r4_a4_ac_full_l32_x1685_y235_nucleiexp.tiff,20190715_p176_slide14_ac1_vz_s1_p1_r4_a4_ac_full_l32_x1685_y235_comp.tiff,20190715_p176_slide14_ac1_vz_s1_p1_r4_a4_ac_full_l32_x1685_y235_filtered.tiff
66,66,1813,911,314,357,36,16,30.0,82,73,71,1,18,T-REx-293_c1.0_tp96,96.0,"{'Pd102': 1, 'Pd104': 0, 'Pd105': 1, 'Pd106': 1, 'Pd108': 1, 'Pd110': 0, 'In113': 0, 'In115': 0}",1.0,176,1,10,B,B10,2,3,6,6,3,1,3,20190619_p176_slide20_ac1_vz,20,p176,T-REx-293,0,20190619_p176_slide20_ac1_vz_s1_p1_r6_a6_ac_full_l36_x1813_y911_cell.tiff,20190619_p176_slide20_ac1_vz_s1_p1_r6_a6_ac_full_l36_x1813_y911_cyto.tiff,20190619_p176_slide20_ac1_vz_s1_p1_r6_a6_ac_full_l36_x1813_y911_nucleiexp.tiff,20190619_p176_slide20_ac1_vz_s1_p1_r6_a6_ac_full_l36_x1813_y911_comp.tiff,20190619_p176_slide20_ac1_vz_s1_p1_r6_a6_ac_full_l36_x1813_y911_filtered.tiff
147,147,74,209,537,490,2,51,30.0,172,112,106,2,18,T-REx-293_c1.0_tp96,96.0,"{'Pd102': 1, 'Pd104': 0, 'Pd105': 1, 'Pd106': 1, 'Pd108': 1, 'Pd110': 0, 'In113': 0, 'In115': 0}",1.0,176,1,10,B,B10,2,7,16,16,7,1,7,20190620_p176_slide27_ac1_vz,27,p176,T-REx-293,0,20190620_p176_slide27_ac1_vz_s1_p1_r16_a16_ac_full_l2_x74_y209_cell.tiff,20190620_p176_slide27_ac1_vz_s1_p1_r16_a16_ac_full_l2_x74_y209_cyto.tiff,20190620_p176_slide27_ac1_vz_s1_p1_r16_a16_ac_full_l2_x74_y209_nucleiexp.tiff,20190620_p176_slide27_ac1_vz_s1_p1_r16_a16_ac_full_l2_x74_y209_comp.tiff,20190620_p176_slide27_ac1_vz_s1_p1_r16_a16_ac_full_l2_x74_y209_filtered.tiff
223,223,0,4,511,440,1,84,30.0,101,83,80,1,18,T-REx-293_c1.0_tp96,96.0,"{'Pd102': 1, 'Pd104': 0, 'Pd105': 1, 'Pd106': 1, 'Pd108': 1, 'Pd110': 0, 'In113': 0, 'In115': 0}",1.0,176,1,10,B,B10,2,11,1,1,11,1,11,20190621_p176_slide36_ac1_vz,36,p176,T-REx-293,0,20190621_p176_slide36_ac1_vz_s1_p1_r1_a1_ac_full_l1_x0_y4_cell.tiff,20190621_p176_slide36_ac1_vz_s1_p1_r1_a1_ac_full_l1_x0_y4_cyto.tiff,20190621_p176_slide36_ac1_vz_s1_p1_r1_a1_ac_full_l1_x0_y4_nucleiexp.tiff,20190621_p176_slide36_ac1_vz_s1_p1_r1_a1_ac_full_l1_x0_y4_comp.tiff,20190621_p176_slide36_ac1_vz_s1_p1_r1_a1_ac_full_l1_x0_y4_filtered.tiff
341,341,0,3,527,541,1,155,30.0,170,104,96,3,18,T-REx-293_c1.0_tp96,96.0,"{'Pd102': 1, 'Pd104': 0, 'Pd105': 1, 'Pd106': 1, 'Pd108': 1, 'Pd110': 0, 'In113': 0, 'In115': 0}",1.0,176,1,10,B,B10,2,18,1,1,16,1,16,20190708_p176_slide33_ac1_vz,33,p176,T-REx-293,0,20190708_p176_slide33_ac1_vz_s1_p1_r1_a1_ac_full_l1_x0_y3_cell.tiff,20190708_p176_slide33_ac1_vz_s1_p1_r1_a1_ac_full_l1_x0_y3_cyto.tiff,20190708_p176_slide33_ac1_vz_s1_p1_r1_a1_ac_full_l1_x0_y3_nucleiexp.tiff,20190708_p176_slide33_ac1_vz_s1_p1_r1_a1_ac_full_l1_x0_y3_comp.tiff,20190708_p176_slide33_ac1_vz_s1_p1_r1_a1_ac_full_l1_x0_y3_filtered.tiff
512,512,1728,683,385,482,41,188,30.0,173,64,63,1,18,T-REx-293_c1.0_tp96,96.0,"{'Pd102': 1, 'Pd104': 0, 'Pd105': 1, 'Pd106': 1, 'Pd108': 1, 'Pd110': 0, 'In113': 0, 'In115': 0}",1.0,176,1,10,B,B10,2,25,6,6,23,1,23,20190710_p176_slide23_ac1_vz,23,p176,T-REx-293,0,20190710_p176_slide23_ac1_vz_s1_p1_r6_a6_ac_full_l41_x1728_y683_cell.tiff,20190710_p176_slide23_ac1_vz_s1_p1_r6_a6_ac_full_l41_x1728_y683_cyto.tiff,20190710_p176_slide23_ac1_vz_s1_p1_r6_a6_ac_full_l41_x1728_y683_nucleiexp.tiff,20190710_p176_slide23_ac1_vz_s1_p1_r6_a6_ac_full_l41_x1728_y683_comp.tiff,20190710_p176_slide23_ac1_vz_s1_p1_r6_a6_ac_full_l41_x1728_y683_filtered.tiff
569,569,0,16,401,364,1,210,30.0,110,86,85,1,18,T-REx-293_c1.0_tp96,96.0,"{'Pd102': 1, 'Pd104': 0, 'Pd105': 1, 'Pd106': 1, 'Pd108': 1, 'Pd110': 0, 'In113': 0, 'In115': 0}",1.0,176,1,10,B,B10,2,29,1,1,27,1,27,20190711_p176_slide39_ac1_vz,39,p176,T-REx-293,0,20190711_p176_slide39_ac1_vz_s1_p1_r1_a1_ac_full_l1_x0_y16_cell.tiff,20190711_p176_slide39_ac1_vz_s1_p1_r1_a1_ac_full_l1_x0_y16_cyto.tiff,20190711_p176_slide39_ac1_vz_s1_p1_r1_a1_ac_full_l1_x0_y16_nucleiexp.tiff,20190711_p176_slide39_ac1_vz_s1_p1_r1_a1_ac_full_l1_x0_y16_comp.tiff,20190711_p176_slide39_ac1_vz_s1_p1_r1_a1_ac_full_l1_x0_y16_filtered.tiff
736,736,0,0,541,537,1,266,30.0,96,46,45,1,18,T-REx-293_c1.0_tp96,96.0,"{'Pd102': 1, 'Pd104': 0, 'Pd105': 1, 'Pd106': 1, 'Pd108': 1, 'Pd110': 0, 'In113': 0, 'In115': 0}",1.0,176,1,10,B,B10,2,34,9,9,31,1,30,20190715_p176_slide30_ac1_vz,30,p176,T-REx-293,0,20190715_p176_slide30_ac1_vz_s1_p1_r9_a9_ac_full_l1_x0_y0_cell.tiff,20190715_p176_slide30_ac1_vz_s1_p1_r9_a9_ac_full_l1_x0_y0_cyto.tiff,20190715_p176_slide30_ac1_vz_s1_p1_r9_a9_ac_full_l1_x0_y0_nucleiexp.tiff,20190715_p176_slide30_ac1_vz_s1_p1_r9_a9_ac_full_l1_x0_y0_comp.tiff,20190715_p176_slide30_ac1_vz_s1_p1_r9_a9_ac_full_l1_x0_y0_filtered.tiff
67,67,1833,497,411,422,37,16,30.0,128,77,75,1,58,T-REx-293_c0.5_tp96,96.0,"{'Pd102': 1, 'Pd104': 0, 'Pd105': 1, 'Pd106': 1, 'Pd108': 0, 'Pd110': 0, 'In113': 1, 'In115': 0}",0.5,176,1,10,D,D10,2,3,6,6,3,1,3,20190619_p176_slide20_ac1_vz,20,p176,T-REx-293,0,20190619_p176_slide20_ac1_vz_s1_p1_r6_a6_ac_full_l37_x1833_y497_cell.tiff,20190619_p176_slide20_ac1_vz_s1_p1_r6_a6_ac_full_l37_x1833_y497_cyto.tiff,20190619_p176_slide20_ac1_vz_s1_p1_r6_a6_ac_full_l37_x1833_y497_nucleiexp.tiff,20190619_p176_slide20_ac1_vz_s1_p1_r6_a6_ac_full_l37_x1833_y497_comp.tiff,20190619_p176_slide20_ac1_vz_s1_p1_r6_a6_ac_full_l37_x1833_y497_filtered.tiff
148,148,420,0,191,275,3,51,30.0,55,56,55,1,58,T-REx-293_c0.5_tp96,96.0,"{'Pd102': 1, 'Pd104': 0, 'Pd105': 1, 'Pd106': 1, 'Pd108': 0, 'Pd110': 0, 'In113': 1, 'In115': 0}",0.5,176,1,10,D,D10,2,7,16,16,7,1,7,20190620_p176_slide27_ac1_vz,27,p176,T-REx-293,0,20190620_p176_slide27_ac1_vz_s1_p1_r16_a16_ac_full_l3_x420_y0_cell.tiff,20190620_p176_slide27_ac1_vz_s1_p1_r16_a16_ac_full_l3_x420_y0_cyto.tiff,20190620_p176_slide27_ac1_vz_s1_p1_r16_a16_ac_full_l3_x420_y0_nucleiexp.tiff,20190620_p176_slide27_ac1_vz_s1_p1_r16_a16_ac_full_l3_x420_y0_comp.tiff,20190620_p176_slide27_ac1_vz_s1_p1_r16_a16_ac_full_l3_x420_y0_filtered.tiff
387,387,1464,0,330,345,30,168,30.0,71,94,91,1,58,T-REx-293_c0.5_tp96,96.0,"{'Pd102': 1, 'Pd104': 0, 'Pd105': 1, 'Pd106': 1, 'Pd108': 0, 'Pd110': 0, 'In113': 1, 'In115': 0}",0.5,176,1,10,D,D10,2,20,15,15,18,1,18,20190709_p176_slide11_ac1_vz,11,p176,T-REx-293,0,20190709_p176_slide11_ac1_vz_s1_p1_r15_a15_ac_full_l30_x1464_y0_cell.tiff,20190709_p176_slide11_ac1_vz_s1_p1_r15_a15_ac_full_l30_x1464_y0_cyto.tiff,20190709_p176_slide11_ac1_vz_s1_p1_r15_a15_ac_full_l30_x1464_y0_nucleiexp.tiff,20190709_p176_slide11_ac1_vz_s1_p1_r15_a15_ac_full_l30_x1464_y0_comp.tiff,20190709_p176_slide11_ac1_vz_s1_p1_r15_a15_ac_full_l30_x1464_y0_filtered.tiff
431,431,1699,376,438,469,36,172,30.0,146,105,104,1,58,T-REx-293_c0.5_tp96,96.0,"{'Pd102': 1, 'Pd104': 0, 'Pd105': 1, 'Pd106': 1, 'Pd108': 0, 'Pd110': 0, 'In113': 1, 'In115': 0}",0.5,176,1,10,D,D10,2,21,7,7,19,1,19,20190709_p176_slide16_ac1_vz,16,p176,T-REx-293,0,20190709_p176_slide16_ac1_vz_s1_p1_r7_a7_ac_full_l36_x1699_y376_cell.tiff,20190709_p176_slide16_ac1_vz_s1_p1_r7_a7_ac_full_l36_x1699_y376_cyto.tiff,20190709_p176_slide16_ac1_vz_s1_p1_r7_a7_ac_full_l36_x1699_y376_nucleiexp.tiff,20190709_p176_slide16_ac1_vz_s1_p1_r7_a7_ac_full_l36_x1699_y376_comp.tiff,20190709_p176_slide16_ac1_vz_s1_p1_r7_a7_ac_full_l36_x1699_y376_filtered.tiff
507,507,1644,341,369,402,37,188,30.0,145,82,81,1,58,T-REx-293_c0.5_tp96,96.0,"{'Pd102': 1, 'Pd104': 0, 'Pd105': 1, 'Pd106': 1, 'Pd108': 0, 'Pd110': 0, 'In113': 1, 'In115': 0}",0.5,176,1,10,D,D10,2,25,6,6,23,1,23,20190710_p176_slide23_ac1_vz,23,p176,T-REx-293,0,20190710_p176_slide23_ac1_vz_s1_p1_r6_a6_ac_full_l37_x1644_y341_cell.tiff,20190710_p176_slide23_ac1_vz_s1_p1_r6_a6_ac_full_l37_x1644_y341_cyto.tiff,20190710_p176_slide23_ac1_vz_s1_p1_r6_a6_ac_full_l37_x1644_y341_nucleiexp.tiff,20190710_p176_slide23_ac1_vz_s1_p1_r6_a6_ac_full_l37_x1644_y341_comp.tiff,20190710_p176_slide23_ac1_vz_s1_p1_r6_a6_ac_full_l37_x1644_y341_filtered.tiff
702,702,1794,328,409,452,35,254,30.0,141,93,91,1,58,T-REx-293_c0.5_tp96,96.0,"{'Pd102': 1, 'Pd104': 0, 'Pd105': 1, 'Pd106': 1, 'Pd108': 0, 'Pd110': 0, 'In113': 1, 'In115': 0}",0.5,176,1,10,D,D10,2,33,4,4,30,1,12,20190715_p176_slide14_ac1_vz,14,p176,T-REx-293,0,20190715_p176_slide14_ac1_vz_s1_p1_r4_a4_ac_full_l35_x1794_y328_cell.tiff,20190715_p176_slide14_ac1_vz_s1_p1_r4_a4_ac_full_l35_x1794_y328_cyto.tiff,20190715_p176_slide14_ac1_vz_s1_p1_r4_a4_ac_full_l35_x1794_y328_nucleiexp.tiff,20190715_p176_slide14_ac1_vz_s1_p1_r4_a4_ac_full_l35_x1794_y328_comp.tiff,20190715_p176_slide14_ac1_vz_s1_p1_r4_a4_ac_full_l35_x1794_y328_filtered.tiff
69,69,2000,218,334,350,39,16,30.0,120,41,41,0,24,T-47D_c1.0_tp96,96.0,"{'Pd102': 1, 'Pd104': 0, 'Pd105': 1, 'Pd106': 0, 'Pd108': 1, 'Pd110': 0, 'In113': 1, 'In115': 0}",1.0,176,1,3,C,C03,2,3,6,6,3,1,3,20190619_p176_slide20_ac1_vz,20,p176,T-47D,0,20190619_p176_slide20_ac1_vz_s1_p1_r6_a6_ac_full_l39_x2000_y218_cell.tiff,20190619_p176_slide20_ac1_vz_s1_p1_r6_a6_ac_full_l39_x2000_y218_cyto.tiff,20190619_p176_slide20_ac1_vz_s1_p1_r6_a6_ac_full_l39_x2000_y218_nucleiexp.tiff,20190619_p176_slide20_ac1_vz_s1_p1_r6_a6_ac_full_l39_x2000_y218_comp.tiff,20190619_p176_slide20_ac1_vz_s1_p1_r6_a6_ac_full_l39_x2000_y218_filtered.tiff
137,137,1,11,228,280,1,47,30.0,78,35,33,1,24,T-47D_c1.0_tp96,96.0,"{'Pd102': 1, 'Pd104': 0, 'Pd105': 1, 'Pd106': 0, 'Pd108': 1, 'Pd110': 0, 'In113': 1, 'In115': 0}",1.0,176,1,3,C,C03,2,7,11,11,7,1,7,20190620_p176_slide27_ac1_vz,27,p176,T-47D,0,20190620_p176_slide27_ac1_vz_s1_p1_r11_a11_ac_full_l1_x1_y11_cell.tiff,20190620_p176_slide27_ac1_vz_s1_p1_r11_a11_ac_full_l1_x1_y11_cyto.tiff,20190620_p176_slide27_ac1_vz_s1_p1_r11_a11_ac_full_l1_x1_y11_nucleiexp.tiff,20190620_p176_slide27_ac1_vz_s1_p1_r11_a11_ac_full_l1_x1_y11_comp.tiff,20190620_p176_slide27_ac1_vz_s1_p1_r11_a11_ac_full_l1_x1_y11_filtered.tiff
432,432,1814,146,279,281,37,172,30.0,84,46,44,1,24,T-47D_c1.0_tp96,96.0,"{'Pd102': 1, 'Pd104': 0, 'Pd105': 1, 'Pd106': 0, 'Pd108': 1, 'Pd110': 0, 'In113': 1, 'In115': 0}",1.0,176,1,3,C,C03,2,21,7,7,19,1,19,20190709_p176_slide16_ac1_vz,16,p176,T-47D,0,20190709_p176_slide16_ac1_vz_s1_p1_r7_a7_ac_full_l37_x1814_y146_cell.tiff,20190709_p176_slide16_ac1_vz_s1_p1_r7_a7_ac_full_l37_x1814_y146_cyto.tiff,20190709_p176_slide16_ac1_vz_s1_p1_r7_a7_ac_full_l37_x1814_y146_nucleiexp.tiff,20190709_p176_slide16_ac1_vz_s1_p1_r7_a7_ac_full_l37_x1814_y146_comp.tiff,20190709_p176_slide16_ac1_vz_s1_p1_r7_a7_ac_full_l37_x1814_y146_filtered.tiff
508,508,1681,1,338,308,38,188,30.0,110,53,53,0,24,T-47D_c1.0_tp96,96.0,"{'Pd102': 1, 'Pd104': 0, 'Pd105': 1, 'Pd106': 0, 'Pd108': 1, 'Pd110': 0, 'In113': 1, 'In115': 0}",1.0,176,1,3,C,C03,2,25,6,6,23,1,23,20190710_p176_slide23_ac1_vz,23,p176,T-47D,0,20190710_p176_slide23_ac1_vz_s1_p1_r6_a6_ac_full_l38_x1681_y1_cell.tiff,20190710_p176_slide23_ac1_vz_s1_p1_r6_a6_ac_full_l38_x1681_y1_cyto.tiff,20190710_p176_slide23_ac1_vz_s1_p1_r6_a6_ac_full_l38_x1681_y1_nucleiexp.tiff,20190710_p176_slide23_ac1_vz_s1_p1_r6_a6_ac_full_l38_x1681_y1_comp.tiff,20190710_p176_slide23_ac1_vz_s1_p1_r6_a6_ac_full_l38_x1681_y1_filtered.tiff
703,703,1955,137,207,211,36,254,30.0,40,27,26,1,24,T-47D_c1.0_tp96,96.0,"{'Pd102': 1, 'Pd104': 0, 'Pd105': 1, 'Pd106': 0, 'Pd108': 1, 'Pd110': 0, 'In113': 1, 'In115': 0}",1.0,176,1,3,C,C03,2,33,4,4,30,1,12,20190715_p176_slide14_ac1_vz,14,p176,T-47D,0,20190715_p176_slide14_ac1_vz_s1_p1_r4_a4_ac_full_l36_x1955_y137_cell.tiff,20190715_p176_slide14_ac1_vz_s1_p1_r4_a4_ac_full_l36_x1955_y137_cyto.tiff,20190715_p176_slide14_ac1_vz_s1_p1_r4_a4_ac_full_l36_x1955_y137_nucleiexp.tiff,20190715_p176_slide14_ac1_vz_s1_p1_r4_a4_ac_full_l36_x1955_y137_comp.tiff,20190715_p176_slide14_ac1_vz_s1_p1_r4_a4_ac_full_l36_x1955_y137_filtered.tiff
71,71,2066,820,326,322,40,16,30.0,86,31,31,0,48,HT-29_c0.5_tp96,96.0,"{'Pd102': 0, 'Pd104': 1, 'Pd105': 1, 'Pd106': 0, 'Pd108': 1, 'Pd110': 0, 'In113': 0, 'In115': 1}",0.5,176,1,5,D,D05,2,3,6,6,3,1,3,20190619_p176_slide20_ac1_vz,20,p176,HT-29,0,20190619_p176_slide20_ac1_vz_s1_p1_r6_a6_ac_full_l40_x2066_y820_cell.tiff,20190619_p176_slide20_ac1_vz_s1_p1_r6_a6_ac_full_l40_x2066_y820_cyto.tiff,20190619_p176_slide20_ac1_vz_s1_p1_r6_a6_ac_full_l40_x2066_y820_nucleiexp.tiff,20190619_p176_slide20_ac1_vz_s1_p1_r6_a6_ac_full_l40_x2066_y820_comp.tiff,20190619_p176_slide20_ac1_vz_s1_p1_r6_a6_ac_full_l40_x2066_y820_filtered.tiff
169,169,0,0,198,199,1,61,30.0,37,12,11,1,48,HT-29_c0.5_tp96,96.0,"{'Pd102': 0, 'Pd104': 1, 'Pd105': 1, 'Pd106': 0, 'Pd108': 1, 'Pd110': 0, 'In113': 0, 'In115': 1}",0.5,176,1,5,D,D05,2,8,10,10,8,1,8,20190620_p176_slide5_ac1_vz,5,p176,HT-29,0,20190620_p176_slide5_ac1_vz_s1_p1_r10_a10_ac_full_l1_x0_y0_cell.tiff,20190620_p176_slide5_ac1_vz_s1_p1_r10_a10_ac_full_l1_x0_y0_cyto.tiff,20190620_p176_slide5_ac1_vz_s1_p1_r10_a10_ac_full_l1_x0_y0_nucleiexp.tiff,20190620_p176_slide5_ac1_vz_s1_p1_r10_a10_ac_full_l1_x0_y0_comp.tiff,20190620_p176_slide5_ac1_vz_s1_p1_r10_a10_ac_full_l1_x0_y0_filtered.tiff
390,390,1726,195,375,400,33,168,30.0,129,44,43,1,48,HT-29_c0.5_tp96,96.0,"{'Pd102': 0, 'Pd104': 1, 'Pd105': 1, 'Pd106': 0, 'Pd108': 1, 'Pd110': 0, 'In113': 0, 'In115': 1}",0.5,176,1,5,D,D05,2,20,15,15,18,1,18,20190709_p176_slide11_ac1_vz,11,p176,HT-29,0,20190709_p176_slide11_ac1_vz_s1_p1_r15_a15_ac_full_l33_x1726_y195_cell.tiff,20190709_p176_slide11_ac1_vz_s1_p1_r15_a15_ac_full_l33_x1726_y195_cyto.tiff,20190709_p176_slide11_ac1_vz_s1_p1_r15_a15_ac_full_l33_x1726_y195_nucleiexp.tiff,20190709_p176_slide11_ac1_vz_s1_p1_r15_a15_ac_full_l33_x1726_y195_comp.tiff,20190709_p176_slide11_ac1_vz_s1_p1_r15_a15_ac_full_l33_x1726_y195_filtered.tiff
434,434,1983,684,368,406,39,172,30.0,147,31,31,0,48,HT-29_c0.5_tp96,96.0,"{'Pd102': 0, 'Pd104': 1, 'Pd105': 1, 'Pd106': 0, 'Pd108': 1, 'Pd110': 0, 'In113': 0, 'In115': 1}",0.5,176,1,5,D,D05,2,21,7,7,19,1,19,20190709_p176_slide16_ac1_vz,16,p176,HT-29,0,20190709_p176_slide16_ac1_vz_s1_p1_r7_a7_ac_full_l39_x1983_y684_cell.tiff,20190709_p176_slide16_ac1_vz_s1_p1_r7_a7_ac_full_l39_x1983_y684_cyto.tiff,20190709_p176_slide16_ac1_vz_s1_p1_r7_a7_ac_full_l39_x1983_y684_nucleiexp.tiff,20190709_p176_slide16_ac1_vz_s1_p1_r7_a7_ac_full_l39_x1983_y684_comp.tiff,20190709_p176_slide16_ac1_vz_s1_p1_r7_a7_ac_full_l39_x1983_y684_filtered.tiff
515,515,2021,587,232,253,44,188,30.0,68,28,28,0,48,HT-29_c0.5_tp96,96.0,"{'Pd102': 0, 'Pd104': 1, 'Pd105': 1, 'Pd106': 0, 'Pd108': 1, 'Pd110': 0, 'In113': 0, 'In115': 1}",0.5,176,1,5,D,D05,2,25,6,6,23,1,23,20190710_p176_slide23_ac1_vz,23,p176,HT-29,0,20190710_p176_slide23_ac1_vz_s1_p1_r6_a6_ac_full_l44_x2021_y587_cell.tiff,20190710_p176_slide23_ac1_vz_s1_p1_r6_a6_ac_full_l44_x2021_y587_cyto.tiff,20190710_p176_slide23_ac1_vz_s1_p1_r6_a6_ac_full_l44_x2021_y587_nucleiexp.tiff,20190710_p176_slide23_ac1_vz_s1_p1_r6_a6_ac_full_l44_x2021_y587_comp.tiff,20190710_p176_slide23_ac1_vz_s1_p1_r6_a6_ac_full_l44_x2021_y587_filtered.tiff
542,542,0,0,298,301,1,193,30.0,102,34,33,1,48,HT-29_c0.5_tp96,96.0,"{'Pd102': 0, 'Pd104': 1, 'Pd105': 1, 'Pd106': 0, 'Pd108': 1, 'Pd110': 0, 'In113': 0, 'In115': 1}",0.5,176,1,5,D,D05,2,26,7,7,24,1,24,20190710_p176_slide8_ac1_vz,8,p176,HT-29,0,20190710_p176_slide8_ac1_vz_s1_p1_r7_a7_ac_full_l1_x0_y0_cell.tiff,20190710_p176_slide8_ac1_vz_s1_p1_r7_a7_ac_full_l1_x0_y0_cyto.tiff,20190710_p176_slide8_ac1_vz_s1_p1_r7_a7_ac_full_l1_x0_y0_nucleiexp.tiff,20190710_p176_slide8_ac1_vz_s1_p1_r7_a7_ac_full_l1_x0_y0_comp.tiff,20190710_p176_slide8_ac1_vz_s1_p1_r7_a7_ac_full_l1_x0_y0_filtered.tiff
705,705,2040,613,400,423,38,254,30.0,145,41,40,1,48,HT-29_c0.5_tp96,96.0,"{'Pd102': 0, 'Pd104': 1, 'Pd105': 1, 'Pd106': 0, 'Pd108': 1, 'Pd110': 0, 'In113': 0, 'In115': 1}",0.5,176,1,5,D,D05,2,33,4,4,30,1,12,20190715_p176_slide14_ac1_vz,14,p176,HT-29,0,20190715_p176_slide14_ac1_vz_s1_p1_r4_a4_ac_full_l38_x2040_y613_cell.tiff,20190715_p176_slide14_ac1_vz_s1_p1_r4_a4_ac_full_l38_x2040_y613_cyto.tiff,20190715_p176_slide14_ac1_vz_s1_p1_r4_a4_ac_full_l38_x2040_y613_nucleiexp.tiff,20190715_p176_slide14_ac1_vz_s1_p1_r4_a4_ac_full_l38_x2040_y613_comp.tiff,20190715_p176_slide14_ac1_vz_s1_p1_r4_a4_ac_full_l38_x2040_y613_filtered.tiff
72,72,2218,525,305,338,41,16,30.0,49,22,22,0,82,T-REx-293_c0.25_tp96,96.0,"{'Pd102': 1, 'Pd104': 1, 'Pd105': 0, 'Pd106': 0, 'Pd108': 0, 'Pd110': 1, 'In113': 0, 'In115': 1}",0.25,176,1,2,F,F02,2,3,6,6,3,1,3,20190619_p176_slide20_ac1_vz,20,p176,T-REx-293,0,20190619_p176_slide20_ac1_vz_s1_p1_r6_a6_ac_full_l41_x2218_y525_cell.tiff,20190619_p176_slide20_ac1_vz_s1_p1_r6_a6_ac_full_l41_x2218_y525_cyto.tiff,20190619_p176_slide20_ac1_vz_s1_p1_r6_a6_ac_full_l41_x2218_y525_nucleiexp.tiff,20190619_p176_slide20_ac1_vz_s1_p1_r6_a6_ac_full_l41_x2218_y525_comp.tiff,20190619_p176_slide20_ac1_vz_s1_p1_r6_a6_ac_full_l41_x2218_y525_filtered.tiff
436,436,2066,381,287,330,40,172,30.0,119,48,46,1,82,T-REx-293_c0.25_tp96,96.0,"{'Pd102': 1, 'Pd104': 1, 'Pd105': 0, 'Pd106': 0, 'Pd108': 0, 'Pd110': 1, 'In113': 0, 'In115': 1}",0.25,176,1,2,F,F02,2,21,7,7,19,1,19,20190709_p176_slide16_ac1_vz,16,p176,T-REx-293,0,20190709_p176_slide16_ac1_vz_s1_p1_r7_a7_ac_full_l40_x2066_y381_cell.tiff,20190709_p176_slide16_ac1_vz_s1_p1_r7_a7_ac_full_l40_x2066_y381_cyto.tiff,20190709_p176_slide16_ac1_vz_s1_p1_r7_a7_ac_full_l40_x2066_y381_nucleiexp.tiff,20190709_p176_slide16_ac1_vz_s1_p1_r7_a7_ac_full_l40_x2066_y381_comp.tiff,20190709_p176_slide16_ac1_vz_s1_p1_r7_a7_ac_full_l40_x2066_y381_filtered.tiff
514,514,1981,241,274,286,43,188,30.0,79,54,54,0,82,T-REx-293_c0.25_tp96,96.0,"{'Pd102': 1, 'Pd104': 1, 'Pd105': 0, 'Pd106': 0, 'Pd108': 0, 'Pd110': 1, 'In113': 0, 'In115': 1}",0.25,176,1,2,F,F02,2,25,6,6,23,1,23,20190710_p176_slide23_ac1_vz,23,p176,T-REx-293,0,20190710_p176_slide23_ac1_vz_s1_p1_r6_a6_ac_full_l43_x1981_y241_cell.tiff,20190710_p176_slide23_ac1_vz_s1_p1_r6_a6_ac_full_l43_x1981_y241_cyto.tiff,20190710_p176_slide23_ac1_vz_s1_p1_r6_a6_ac_full_l43_x1981_y241_nucleiexp.tiff,20190710_p176_slide23_ac1_vz_s1_p1_r6_a6_ac_full_l43_x1981_y241_comp.tiff,20190710_p176_slide23_ac1_vz_s1_p1_r6_a6_ac_full_l43_x1981_y241_filtered.tiff
706,706,2164,333,288,312,39,254,30.0,79,60,59,1,82,T-REx-293_c0.25_tp96,96.0,"{'Pd102': 1, 'Pd104': 1, 'Pd105': 0, 'Pd106': 0, 'Pd108': 0, 'Pd110': 1, 'In113': 0, 'In115': 1}",0.25,176,1,2,F,F02,2,33,4,4,30,1,12,20190715_p176_slide14_ac1_vz,14,p176,T-REx-293,0,20190715_p176_slide14_ac1_vz_s1_p1_r4_a4_ac_full_l39_x2164_y333_cell.tiff,20190715_p176_slide14_ac1_vz_s1_p1_r4_a4_ac_full_l39_x2164_y333_cyto.tiff,20190715_p176_slide14_ac1_vz_s1_p1_r4_a4_ac_full_l39_x2164_y333_nucleiexp.tiff,20190715_p176_slide14_ac1_vz_s1_p1_r4_a4_ac_full_l39_x2164_y333_comp.tiff,20190715_p176_slide14_ac1_vz_s1_p1_r4_a4_ac_full_l39_x2164_y333_filtered.tiff
73,73,2202,1325,335,308,42,16,30.0,92,29,29,0,94,T-REx-293_c0.25_tp96,96.0,"{'Pd102': 1, 'Pd104': 0, 'Pd105': 0, 'Pd106': 0, 'Pd108': 1, 'Pd110': 1, 'In113': 1, 'In115': 0}",0.25,176,1,8,F,F08,2,3,6,6,3,1,3,20190619_p176_slide20_ac1_vz,20,p176,T-REx-293,0,20190619_p176_slide20_ac1_vz_s1_p1_r6_a6_ac_full_l42_x2202_y1325_cell.tiff,20190619_p176_slide20_ac1_vz_s1_p1_r6_a6_ac_full_l42_x2202_y1325_cyto.tiff,20190619_p176_slide20_ac1_vz_s1_p1_r6_a6_ac_full_l42_x2202_y1325_nucleiexp.tiff,20190619_p176_slide20_ac1_vz_s1_p1_r6_a6_ac_full_l42_x2202_y1325_comp.tiff,20190619_p176_slide20_ac1_vz_s1_p1_r6_a6_ac_full_l42_x2202_y1325_filtered.tiff
437,437,2211,1248,326,304,41,172,30.0,137,39,36,1,94,T-REx-293_c0.25_tp96,96.0,"{'Pd102': 1, 'Pd104': 0, 'Pd105': 0, 'Pd106': 0, 'Pd108': 1, 'Pd110': 1, 'In113': 1, 'In115': 0}",0.25,176,1,8,F,F08,2,21,7,7,19,1,19,20190709_p176_slide16_ac1_vz,16,p176,T-REx-293,0,20190709_p176_slide16_ac1_vz_s1_p1_r7_a7_ac_full_l41_x2211_y1248_cell.tiff,20190709_p176_slide16_ac1_vz_s1_p1_r7_a7_ac_full_l41_x2211_y1248_cyto.tiff,20190709_p176_slide16_ac1_vz_s1_p1_r7_a7_ac_full_l41_x2211_y1248_nucleiexp.tiff,20190709_p176_slide16_ac1_vz_s1_p1_r7_a7_ac_full_l41_x2211_y1248_comp.tiff,20190709_p176_slide16_ac1_vz_s1_p1_r7_a7_ac_full_l41_x2211_y1248_filtered.tiff
517,517,2253,974,313,256,46,188,30.0,100,29,28,1,94,T-REx-293_c0.25_tp96,96.0,"{'Pd102': 1, 'Pd104': 0, 'Pd105': 0, 'Pd106': 0, 'Pd108': 1, 'Pd110': 1, 'In113': 1, 'In115': 0}",0.25,176,1,8,F,F08,2,25,6,6,23,1,23,20190710_p176_slide23_ac1_vz,23,p176,T-REx-293,0,20190710_p176_slide23_ac1_vz_s1_p1_r6_a6_ac_full_l46_x2253_y974_cell.tiff,20190710_p176_slide23_ac1_vz_s1_p1_r6_a6_ac_full_l46_x2253_y974_cyto.tiff,20190710_p176_slide23_ac1_vz_s1_p1_r6_a6_ac_full_l46_x2253_y974_nucleiexp.tiff,20190710_p176_slide23_ac1_vz_s1_p1_r6_a6_ac_full_l46_x2253_y974_comp.tiff,20190710_p176_slide23_ac1_vz_s1_p1_r6_a6_ac_full_l46_x2253_y974_filtered.tiff
708,708,2245,1193,312,276,40,254,30.0,63,40,38,2,94,T-REx-293_c0.25_tp96,96.0,"{'Pd102': 1, 'Pd104': 0, 'Pd105': 0, 'Pd106': 0, 'Pd108': 1, 'Pd110': 1, 'In113': 1, 'In115': 0}",0.25,176,1,8,F,F08,2,33,4,4,30,1,12,20190715_p176_slide14_ac1_vz,14,p176,T-REx-293,0,20190715_p176_slide14_ac1_vz_s1_p1_r4_a4_ac_full_l40_x2245_y1193_cell.tiff,20190715_p176_slide14_ac1_vz_s1_p1_r4_a4_ac_full_l40_x2245_y1193_cyto.tiff,20190715_p176_slide14_ac1_vz_s1_p1_r4_a4_ac_full_l40_x2245_y1193_nucleiexp.tiff,20190715_p176_slide14_ac1_vz_s1_p1_r4_a4_ac_full_l40_x2245_y1193_comp.tiff,20190715_p176_slide14_ac1_vz_s1_p1_r4_a4_ac_full_l40_x2245_y1193_filtered.tiff
74,74,2368,936,329,358,43,16,30.0,140,36,36,0,118,DLD-1_c0.5_tp96,96.0,"{'Pd102': 0, 'Pd104': 1, 'Pd105': 0, 'Pd106': 0, 'Pd108': 1, 'Pd110': 0, 'In113': 1, 'In115': 1}",0.5,176,1,10,G,G10,2,3,6,6,3,1,3,20190619_p176_slide20_ac1_vz,20,p176,DLD-1,0,20190619_p176_slide20_ac1_vz_s1_p1_r6_a6_ac_full_l43_x2368_y936_cell.tiff,20190619_p176_slide20_ac1_vz_s1_p1_r6_a6_ac_full_l43_x2368_y936_cyto.tiff,20190619_p176_slide20_ac1_vz_s1_p1_r6_a6_ac_full_l43_x2368_y936_nucleiexp.tiff,20190619_p176_slide20_ac1_vz_s1_p1_r6_a6_ac_full_l43_x2368_y936_comp.tiff,20190619_p176_slide20_ac1_vz_s1_p1_r6_a6_ac_full_l43_x2368_y936_filtered.tiff
392,392,2063,312,317,347,35,168,30.0,149,44,43,1,118,DLD-1_c0.5_tp96,96.0,"{'Pd102': 0, 'Pd104': 1, 'Pd105': 0, 'Pd106': 0, 'Pd108': 1, 'Pd110': 0, 'In113': 1, 'In115': 1}",0.5,176,1,10,G,G10,2,20,15,15,18,1,18,20190709_p176_slide11_ac1_vz,11,p176,DLD-1,0,20190709_p176_slide11_ac1_vz_s1_p1_r15_a15_ac_full_l35_x2063_y312_cell.tiff,20190709_p176_slide11_ac1_vz_s1_p1_r15_a15_ac_full_l35_x2063_y312_cyto.tiff,20190709_p176_slide11_ac1_vz_s1_p1_r15_a15_ac_full_l35_x2063_y312_nucleiexp.tiff,20190709_p176_slide11_ac1_vz_s1_p1_r15_a15_ac_full_l35_x2063_y312_comp.tiff,20190709_p176_slide11_ac1_vz_s1_p1_r15_a15_ac_full_l35_x2063_y312_filtered.tiff
439,439,2301,814,348,403,43,172,30.0,162,53,53,0,118,DLD-1_c0.5_tp96,96.0,"{'Pd102': 0, 'Pd104': 1, 'Pd105': 0, 'Pd106': 0, 'Pd108': 1, 'Pd110': 0, 'In113': 1, 'In115': 1}",0.5,176,1,10,G,G10,2,21,7,7,19,1,19,20190709_p176_slide16_ac1_vz,16,p176,DLD-1,0,20190709_p176_slide16_ac1_vz_s1_p1_r7_a7_ac_full_l43_x2301_y814_cell.tiff,20190709_p176_slide16_ac1_vz_s1_p1_r7_a7_ac_full_l43_x2301_y814_cyto.tiff,20190709_p176_slide16_ac1_vz_s1_p1_r7_a7_ac_full_l43_x2301_y814_nucleiexp.tiff,20190709_p176_slide16_ac1_vz_s1_p1_r7_a7_ac_full_l43_x2301_y814_comp.tiff,20190709_p176_slide16_ac1_vz_s1_p1_r7_a7_ac_full_l43_x2301_y814_filtered.tiff
518,518,2333,612,241,284,47,188,30.0,78,33,33,0,118,DLD-1_c0.5_tp96,96.0,"{'Pd102': 0, 'Pd104': 1, 'Pd105': 0, 'Pd106': 0, 'Pd108': 1, 'Pd110': 0, 'In113': 1, 'In115': 1}",0.5,176,1,10,G,G10,2,25,6,6,23,1,23,20190710_p176_slide23_ac1_vz,23,p176,DLD-1,0,20190710_p176_slide23_ac1_vz_s1_p1_r6_a6_ac_full_l47_x2333_y612_cell.tiff,20190710_p176_slide23_ac1_vz_s1_p1_r6_a6_ac_full_l47_x2333_y612_cyto.tiff,20190710_p176_slide23_ac1_vz_s1_p1_r6_a6_ac_full_l47_x2333_y612_nucleiexp.tiff,20190710_p176_slide23_ac1_vz_s1_p1_r6_a6_ac_full_l47_x2333_y612_comp.tiff,20190710_p176_slide23_ac1_vz_s1_p1_r6_a6_ac_full_l47_x2333_y612_filtered.tiff
543,543,0,0,205,215,1,194,30.0,58,42,42,0,118,DLD-1_c0.5_tp96,96.0,"{'Pd102': 0, 'Pd104': 1, 'Pd105': 0, 'Pd106': 0, 'Pd108': 1, 'Pd110': 0, 'In113': 1, 'In115': 1}",0.5,176,1,10,G,G10,2,26,8,8,24,1,24,20190710_p176_slide8_ac1_vz,8,p176,DLD-1,0,20190710_p176_slide8_ac1_vz_s1_p1_r8_a8_ac_full_l1_x0_y0_cell.tiff,20190710_p176_slide8_ac1_vz_s1_p1_r8_a8_ac_full_l1_x0_y0_cyto.tiff,20190710_p176_slide8_ac1_vz_s1_p1_r8_a8_ac_full_l1_x0_y0_nucleiexp.tiff,20190710_p176_slide8_ac1_vz_s1_p1_r8_a8_ac_full_l1_x0_y0_comp.tiff,20190710_p176_slide8_ac1_vz_s1_p1_r8_a8_ac_full_l1_x0_y0_filtered.tiff
709,709,2362,759,366,402,41,254,30.0,146,39,39,0,118,DLD-1_c0.5_tp96,96.0,"{'Pd102': 0, 'Pd104': 1, 'Pd105': 0, 'Pd106': 0, 'Pd108': 1, 'Pd110': 0, 'In113': 1, 'In115': 1}",0.5,176,1,10,G,G10,2,33,4,4,30,1,12,20190715_p176_slide14_ac1_vz,14,p176,DLD-1,0,20190715_p176_slide14_ac1_vz_s1_p1_r4_a4_ac_full_l41_x2362_y759_cell.tiff,20190715_p176_slide14_ac1_vz_s1_p1_r4_a4_ac_full_l41_x2362_y759_cyto.tiff,20190715_p176_slide14_ac1_vz_s1_p1_r4_a4_ac_full_l41_x2362_y759_nucleiexp.tiff,20190715_p176_slide14_ac1_vz_s1_p1_r4_a4_ac_full_l41_x2362_y759_comp.tiff,20190715_p176_slide14_ac1_vz_s1_p1_r4_a4_ac_full_l41_x2362_y759_filtered.tiff
76,76,223,1835,417,396,5,16,30.0,71,25,21,1,42,T-REx-293_c0.5_tp96,96.0,"{'Pd102': 1, 'Pd104': 1, 'Pd105': 0, 'Pd106': 0, 'Pd108': 1, 'Pd110': 0, 'In113': 0, 'In115': 1}",0.5,176,1,2,D,D02,2,3,6,6,3,1,3,20190619_p176_slide20_ac1_vz,20,p176,T-REx-293,0,20190619_p176_slide20_ac1_vz_s1_p1_r6_a6_ac_full_l5_x223_y1835_cell.tiff,20190619_p176_slide20_ac1_vz_s1_p1_r6_a6_ac_full_l5_x223_y1835_cyto.tiff,20190619_p176_slide20_ac1_vz_s1_p1_r6_a6_ac_full_l5_x223_y1835_nucleiexp.tiff,20190619_p176_slide20_ac1_vz_s1_p1_r6_a6_ac_full_l5_x223_y1835_comp.tiff,20190619_p176_slide20_ac1_vz_s1_p1_r6_a6_ac_full_l5_x223_y1835_filtered.tiff
162,162,78,294,314,346,2,55,30.0,86,54,52,1,42,T-REx-293_c0.5_tp96,96.0,"{'Pd102': 1, 'Pd104': 1, 'Pd105': 0, 'Pd106': 0, 'Pd108': 1, 'Pd110': 0, 'In113': 0, 'In115': 1}",0.5,176,1,2,D,D02,2,7,4,4,7,1,7,20190620_p176_slide27_ac1_vz,27,p176,T-REx-293,0,20190620_p176_slide27_ac1_vz_s1_p1_r4_a4_ac_full_l2_x78_y294_cell.tiff,20190620_p176_slide27_ac1_vz_s1_p1_r4_a4_ac_full_l2_x78_y294_cyto.tiff,20190620_p176_slide27_ac1_vz_s1_p1_r4_a4_ac_full_l2_x78_y294_nucleiexp.tiff,20190620_p176_slide27_ac1_vz_s1_p1_r4_a4_ac_full_l2_x78_y294_comp.tiff,20190620_p176_slide27_ac1_vz_s1_p1_r4_a4_ac_full_l2_x78_y294_filtered.tiff
394,394,272,1702,266,229,5,168,30.0,71,34,31,1,42,T-REx-293_c0.5_tp96,96.0,"{'Pd102': 1, 'Pd104': 1, 'Pd105': 0, 'Pd106': 0, 'Pd108': 1, 'Pd110': 0, 'In113': 0, 'In115': 1}",0.5,176,1,2,D,D02,2,20,15,15,18,1,18,20190709_p176_slide11_ac1_vz,11,p176,T-REx-293,0,20190709_p176_slide11_ac1_vz_s1_p1_r15_a15_ac_full_l5_x272_y1702_cell.tiff,20190709_p176_slide11_ac1_vz_s1_p1_r15_a15_ac_full_l5_x272_y1702_cyto.tiff,20190709_p176_slide11_ac1_vz_s1_p1_r15_a15_ac_full_l5_x272_y1702_nucleiexp.tiff,20190709_p176_slide11_ac1_vz_s1_p1_r15_a15_ac_full_l5_x272_y1702_comp.tiff,20190709_p176_slide11_ac1_vz_s1_p1_r15_a15_ac_full_l5_x272_y1702_filtered.tiff
442,442,326,2018,405,382,7,172,30.0,108,36,33,1,42,T-REx-293_c0.5_tp96,96.0,"{'Pd102': 1, 'Pd104': 1, 'Pd105': 0, 'Pd106': 0, 'Pd108': 1, 'Pd110': 0, 'In113': 0, 'In115': 1}",0.5,176,1,2,D,D02,2,21,7,7,19,1,19,20190709_p176_slide16_ac1_vz,16,p176,T-REx-293,0,20190709_p176_slide16_ac1_vz_s1_p1_r7_a7_ac_full_l7_x326_y2018_cell.tiff,20190709_p176_slide16_ac1_vz_s1_p1_r7_a7_ac_full_l7_x326_y2018_cyto.tiff,20190709_p176_slide16_ac1_vz_s1_p1_r7_a7_ac_full_l7_x326_y2018_nucleiexp.tiff,20190709_p176_slide16_ac1_vz_s1_p1_r7_a7_ac_full_l7_x326_y2018_comp.tiff,20190709_p176_slide16_ac1_vz_s1_p1_r7_a7_ac_full_l7_x326_y2018_filtered.tiff
481,481,703,2225,416,346,12,188,30.0,149,43,43,0,42,T-REx-293_c0.5_tp96,96.0,"{'Pd102': 1, 'Pd104': 1, 'Pd105': 0, 'Pd106': 0, 'Pd108': 1, 'Pd110': 0, 'In113': 0, 'In115': 1}",0.5,176,1,2,D,D02,2,25,6,6,23,1,23,20190710_p176_slide23_ac1_vz,23,p176,T-REx-293,0,20190710_p176_slide23_ac1_vz_s1_p1_r6_a6_ac_full_l12_x703_y2225_cell.tiff,20190710_p176_slide23_ac1_vz_s1_p1_r6_a6_ac_full_l12_x703_y2225_cyto.tiff,20190710_p176_slide23_ac1_vz_s1_p1_r6_a6_ac_full_l12_x703_y2225_nucleiexp.tiff,20190710_p176_slide23_ac1_vz_s1_p1_r6_a6_ac_full_l12_x703_y2225_comp.tiff,20190710_p176_slide23_ac1_vz_s1_p1_r6_a6_ac_full_l12_x703_y2225_filtered.tiff
707,707,345,1935,359,350,4,254,30.0,80,34,30,2,42,T-REx-293_c0.5_tp96,96.0,"{'Pd102': 1, 'Pd104': 1, 'Pd105': 0, 'Pd106': 0, 'Pd108': 1, 'Pd110': 0, 'In113': 0, 'In115': 1}",0.5,176,1,2,D,D02,2,33,4,4,30,1,12,20190715_p176_slide14_ac1_vz,14,p176,T-REx-293,0,20190715_p176_slide14_ac1_vz_s1_p1_r4_a4_ac_full_l4_x345_y1935_cell.tiff,20190715_p176_slide14_ac1_vz_s1_p1_r4_a4_ac_full_l4_x345_y1935_cyto.tiff,20190715_p176_slide14_ac1_vz_s1_p1_r4_a4_ac_full_l4_x345_y1935_nucleiexp.tiff,20190715_p176_slide14_ac1_vz_s1_p1_r4_a4_ac_full_l4_x345_y1935_comp.tiff,20190715_p176_slide14_ac1_vz_s1_p1_r4_a4_ac_full_l4_x345_y1935_filtered.tiff
77,77,293,650,421,389,6,16,30.0,167,52,50,1,26,DLD-1_c1.0_tp96,96.0,"{'Pd102': 1, 'Pd104': 0, 'Pd105': 0, 'Pd106': 1, 'Pd108': 1, 'Pd110': 0, 'In113': 1, 'In115': 0}",1.0,176,1,4,C,C04,2,3,6,6,3,1,3,20190619_p176_slide20_ac1_vz,20,p176,DLD-1,0,20190619_p176_slide20_ac1_vz_s1_p1_r6_a6_ac_full_l6_x293_y650_cell.tiff,20190619_p176_slide20_ac1_vz_s1_p1_r6_a6_ac_full_l6_x293_y650_cyto.tiff,20190619_p176_slide20_ac1_vz_s1_p1_r6_a6_ac_full_l6_x293_y650_nucleiexp.tiff,20190619_p176_slide20_ac1_vz_s1_p1_r6_a6_ac_full_l6_x293_y650_comp.tiff,20190619_p176_slide20_ac1_vz_s1_p1_r6_a6_ac_full_l6_x293_y650_filtered.tiff
154,154,245,364,444,442,2,54,30.0,202,43,43,0,26,DLD-1_c1.0_tp96,96.0,"{'Pd102': 1, 'Pd104': 0, 'Pd105': 0, 'Pd106': 1, 'Pd108': 1, 'Pd110': 0, 'In113': 1, 'In115': 0}",1.0,176,1,4,C,C04,2,7,22,22,7,1,7,20190620_p176_slide27_ac1_vz,27,p176,DLD-1,0,20190620_p176_slide27_ac1_vz_s1_p1_r22_a22_ac_full_l2_x245_y364_cell.tiff,20190620_p176_slide27_ac1_vz_s1_p1_r22_a22_ac_full_l2_x245_y364_cyto.tiff,20190620_p176_slide27_ac1_vz_s1_p1_r22_a22_ac_full_l2_x245_y364_nucleiexp.tiff,20190620_p176_slide27_ac1_vz_s1_p1_r22_a22_ac_full_l2_x245_y364_comp.tiff,20190620_p176_slide27_ac1_vz_s1_p1_r22_a22_ac_full_l2_x245_y364_filtered.tiff
233,233,0,5,199,219,1,91,30.0,48,33,33,0,26,DLD-1_c1.0_tp96,96.0,"{'Pd102': 1, 'Pd104': 0, 'Pd105': 0, 'Pd106': 1, 'Pd108': 1, 'Pd110': 0, 'In113': 1, 'In115': 0}",1.0,176,1,4,C,C04,2,11,6,6,11,1,11,20190621_p176_slide36_ac1_vz,36,p176,DLD-1,0,20190621_p176_slide36_ac1_vz_s1_p1_r6_a6_ac_full_l1_x0_y5_cell.tiff,20190621_p176_slide36_ac1_vz_s1_p1_r6_a6_ac_full_l1_x0_y5_cyto.tiff,20190621_p176_slide36_ac1_vz_s1_p1_r6_a6_ac_full_l1_x0_y5_nucleiexp.tiff,20190621_p176_slide36_ac1_vz_s1_p1_r6_a6_ac_full_l1_x0_y5_comp.tiff,20190621_p176_slide36_ac1_vz_s1_p1_r6_a6_ac_full_l1_x0_y5_filtered.tiff
348,348,303,97,371,357,5,158,30.0,148,42,41,1,26,DLD-1_c1.0_tp96,96.0,"{'Pd102': 1, 'Pd104': 0, 'Pd105': 0, 'Pd106': 1, 'Pd108': 1, 'Pd110': 0, 'In113': 1, 'In115': 0}",1.0,176,1,4,C,C04,2,18,16,16,16,1,16,20190708_p176_slide33_ac1_vz,33,p176,DLD-1,0,20190708_p176_slide33_ac1_vz_s1_p1_r16_a16_ac_full_l5_x303_y97_cell.tiff,20190708_p176_slide33_ac1_vz_s1_p1_r16_a16_ac_full_l5_x303_y97_cyto.tiff,20190708_p176_slide33_ac1_vz_s1_p1_r16_a16_ac_full_l5_x303_y97_nucleiexp.tiff,20190708_p176_slide33_ac1_vz_s1_p1_r16_a16_ac_full_l5_x303_y97_comp.tiff,20190708_p176_slide33_ac1_vz_s1_p1_r16_a16_ac_full_l5_x303_y97_filtered.tiff
440,440,255,839,338,360,5,172,30.0,147,53,52,1,26,DLD-1_c1.0_tp96,96.0,"{'Pd102': 1, 'Pd104': 0, 'Pd105': 0, 'Pd106': 1, 'Pd108': 1, 'Pd110': 0, 'In113': 1, 'In115': 0}",1.0,176,1,4,C,C04,2,21,7,7,19,1,19,20190709_p176_slide16_ac1_vz,16,p176,DLD-1,0,20190709_p176_slide16_ac1_vz_s1_p1_r7_a7_ac_full_l5_x255_y839_cell.tiff,20190709_p176_slide16_ac1_vz_s1_p1_r7_a7_ac_full_l5_x255_y839_cyto.tiff,20190709_p176_slide16_ac1_vz_s1_p1_r7_a7_ac_full_l5_x255_y839_nucleiexp.tiff,20190709_p176_slide16_ac1_vz_s1_p1_r7_a7_ac_full_l5_x255_y839_comp.tiff,20190709_p176_slide16_ac1_vz_s1_p1_r7_a7_ac_full_l5_x255_y839_filtered.tiff
696,696,313,767,295,291,3,254,30.0,73,51,51,0,26,DLD-1_c1.0_tp96,96.0,"{'Pd102': 1, 'Pd104': 0, 'Pd105': 0, 'Pd106': 1, 'Pd108': 1, 'Pd110': 0, 'In113': 1, 'In115': 0}",1.0,176,1,4,C,C04,2,33,4,4,30,1,12,20190715_p176_slide14_ac1_vz,14,p176,DLD-1,0,20190715_p176_slide14_ac1_vz_s1_p1_r4_a4_ac_full_l3_x313_y767_cell.tiff,20190715_p176_slide14_ac1_vz_s1_p1_r4_a4_ac_full_l3_x313_y767_cyto.tiff,20190715_p176_slide14_ac1_vz_s1_p1_r4_a4_ac_full_l3_x313_y767_nucleiexp.tiff,20190715_p176_slide14_ac1_vz_s1_p1_r4_a4_ac_full_l3_x313_y767_comp.tiff,20190715_p176_slide14_ac1_vz_s1_p1_r4_a4_ac_full_l3_x313_y767_filtered.tiff
720,720,47,510,425,442,2,258,30.0,193,53,53,0,26,DLD-1_c1.0_tp96,96.0,"{'Pd102': 1, 'Pd104': 0, 'Pd105': 0, 'Pd106': 1, 'Pd108': 1, 'Pd110': 0, 'In113': 1, 'In115': 0}",1.0,176,1,4,C,C04,2,34,16,16,31,1,30,20190715_p176_slide30_ac1_vz,30,p176,DLD-1,0,20190715_p176_slide30_ac1_vz_s1_p1_r16_a16_ac_full_l2_x47_y510_cell.tiff,20190715_p176_slide30_ac1_vz_s1_p1_r16_a16_ac_full_l2_x47_y510_cyto.tiff,20190715_p176_slide30_ac1_vz_s1_p1_r16_a16_ac_full_l2_x47_y510_nucleiexp.tiff,20190715_p176_slide30_ac1_vz_s1_p1_r16_a16_ac_full_l2_x47_y510_comp.tiff,20190715_p176_slide30_ac1_vz_s1_p1_r16_a16_ac_full_l2_x47_y510_filtered.tiff
78,78,376,262,238,217,7,16,30.0,48,23,23,0,108,T-47D_c0.25_tp96,96.0,"{'Pd102': 0, 'Pd104': 1, 'Pd105': 1, 'Pd106': 0, 'Pd108': 0, 'Pd110': 0, 'In113': 1, 'In115': 1}",0.25,176,1,5,G,G05,2,3,6,6,3,1,3,20190619_p176_slide20_ac1_vz,20,p176,T-47D,0,20190619_p176_slide20_ac1_vz_s1_p1_r6_a6_ac_full_l7_x376_y262_cell.tiff,20190619_p176_slide20_ac1_vz_s1_p1_r6_a6_ac_full_l7_x376_y262_cyto.tiff,20190619_p176_slide20_ac1_vz_s1_p1_r6_a6_ac_full_l7_x376_y262_nucleiexp.tiff,20190619_p176_slide20_ac1_vz_s1_p1_r6_a6_ac_full_l7_x376_y262_comp.tiff,20190619_p176_slide20_ac1_vz_s1_p1_r6_a6_ac_full_l7_x376_y262_filtered.tiff
435,435,258,441,189,169,4,172,30.0,25,34,34,0,108,T-47D_c0.25_tp96,96.0,"{'Pd102': 0, 'Pd104': 1, 'Pd105': 1, 'Pd106': 0, 'Pd108': 0, 'Pd110': 0, 'In113': 1, 'In115': 1}",0.25,176,1,5,G,G05,2,21,7,7,19,1,19,20190709_p176_slide16_ac1_vz,16,p176,T-47D,0,20190709_p176_slide16_ac1_vz_s1_p1_r7_a7_ac_full_l4_x258_y441_cell.tiff,20190709_p176_slide16_ac1_vz_s1_p1_r7_a7_ac_full_l4_x258_y441_cyto.tiff,20190709_p176_slide16_ac1_vz_s1_p1_r7_a7_ac_full_l4_x258_y441_nucleiexp.tiff,20190709_p176_slide16_ac1_vz_s1_p1_r7_a7_ac_full_l4_x258_y441_comp.tiff,20190709_p176_slide16_ac1_vz_s1_p1_r7_a7_ac_full_l4_x258_y441_filtered.tiff
510,510,228,723,192,173,4,188,30.0,28,42,40,1,108,T-47D_c0.25_tp96,96.0,"{'Pd102': 0, 'Pd104': 1, 'Pd105': 1, 'Pd106': 0, 'Pd108': 0, 'Pd110': 0, 'In113': 1, 'In115': 1}",0.25,176,1,5,G,G05,2,25,6,6,23,1,23,20190710_p176_slide23_ac1_vz,23,p176,T-47D,0,20190710_p176_slide23_ac1_vz_s1_p1_r6_a6_ac_full_l4_x228_y723_cell.tiff,20190710_p176_slide23_ac1_vz_s1_p1_r6_a6_ac_full_l4_x228_y723_cyto.tiff,20190710_p176_slide23_ac1_vz_s1_p1_r6_a6_ac_full_l4_x228_y723_nucleiexp.tiff,20190710_p176_slide23_ac1_vz_s1_p1_r6_a6_ac_full_l4_x228_y723_comp.tiff,20190710_p176_slide23_ac1_vz_s1_p1_r6_a6_ac_full_l4_x228_y723_filtered.tiff
79,79,332,1481,412,445,8,16,30.0,180,56,56,0,38,DLD-1_c1.0_tp96,96.0,"{'Pd102': 1, 'Pd104': 0, 'Pd105': 1, 'Pd106': 1, 'Pd108': 0, 'Pd110': 1, 'In113': 0, 'In115': 0}",1.0,176,1,10,C,C10,2,3,6,6,3,1,3,20190619_p176_slide20_ac1_vz,20,p176,DLD-1,0,20190619_p176_slide20_ac1_vz_s1_p1_r6_a6_ac_full_l8_x332_y1481_cell.tiff,20190619_p176_slide20_ac1_vz_s1_p1_r6_a6_ac_full_l8_x332_y1481_cyto.tiff,20190619_p176_slide20_ac1_vz_s1_p1_r6_a6_ac_full_l8_x332_y1481_nucleiexp.tiff,20190619_p176_slide20_ac1_vz_s1_p1_r6_a6_ac_full_l8_x332_y1481_comp.tiff,20190619_p176_slide20_ac1_vz_s1_p1_r6_a6_ac_full_l8_x332_y1481_filtered.tiff
135,135,0,12,305,270,1,45,30.0,88,38,37,1,38,DLD-1_c1.0_tp96,96.0,"{'Pd102': 1, 'Pd104': 0, 'Pd105': 1, 'Pd106': 1, 'Pd108': 0, 'Pd110': 1, 'In113': 0, 'In115': 0}",1.0,176,1,10,C,C10,2,7,1,1,7,1,7,20190620_p176_slide27_ac1_vz,27,p176,DLD-1,0,20190620_p176_slide27_ac1_vz_s1_p1_r1_a1_ac_full_l1_x0_y12_cell.tiff,20190620_p176_slide27_ac1_vz_s1_p1_r1_a1_ac_full_l1_x0_y12_cyto.tiff,20190620_p176_slide27_ac1_vz_s1_p1_r1_a1_ac_full_l1_x0_y12_nucleiexp.tiff,20190620_p176_slide27_ac1_vz_s1_p1_r1_a1_ac_full_l1_x0_y12_comp.tiff,20190620_p176_slide27_ac1_vz_s1_p1_r1_a1_ac_full_l1_x0_y12_filtered.tiff
393,393,209,1309,382,388,4,168,30.0,153,60,59,1,38,DLD-1_c1.0_tp96,96.0,"{'Pd102': 1, 'Pd104': 0, 'Pd105': 1, 'Pd106': 1, 'Pd108': 0, 'Pd110': 1, 'In113': 0, 'In115': 0}",1.0,176,1,10,C,C10,2,20,15,15,18,1,18,20190709_p176_slide11_ac1_vz,11,p176,DLD-1,0,20190709_p176_slide11_ac1_vz_s1_p1_r15_a15_ac_full_l4_x209_y1309_cell.tiff,20190709_p176_slide11_ac1_vz_s1_p1_r15_a15_ac_full_l4_x209_y1309_cyto.tiff,20190709_p176_slide11_ac1_vz_s1_p1_r15_a15_ac_full_l4_x209_y1309_nucleiexp.tiff,20190709_p176_slide11_ac1_vz_s1_p1_r15_a15_ac_full_l4_x209_y1309_comp.tiff,20190709_p176_slide11_ac1_vz_s1_p1_r15_a15_ac_full_l4_x209_y1309_filtered.tiff
443,443,365,1630,416,466,8,172,30.0,183,51,51,0,38,DLD-1_c1.0_tp96,96.0,"{'Pd102': 1, 'Pd104': 0, 'Pd105': 1, 'Pd106': 1, 'Pd108': 0, 'Pd110': 1, 'In113': 0, 'In115': 0}",1.0,176,1,10,C,C10,2,21,7,7,19,1,19,20190709_p176_slide16_ac1_vz,16,p176,DLD-1,0,20190709_p176_slide16_ac1_vz_s1_p1_r7_a7_ac_full_l8_x365_y1630_cell.tiff,20190709_p176_slide16_ac1_vz_s1_p1_r7_a7_ac_full_l8_x365_y1630_cyto.tiff,20190709_p176_slide16_ac1_vz_s1_p1_r7_a7_ac_full_l8_x365_y1630_nucleiexp.tiff,20190709_p176_slide16_ac1_vz_s1_p1_r7_a7_ac_full_l8_x365_y1630_comp.tiff,20190709_p176_slide16_ac1_vz_s1_p1_r7_a7_ac_full_l8_x365_y1630_filtered.tiff
482,482,681,1816,382,391,13,188,30.0,149,46,45,1,38,DLD-1_c1.0_tp96,96.0,"{'Pd102': 1, 'Pd104': 0, 'Pd105': 1, 'Pd106': 1, 'Pd108': 0, 'Pd110': 1, 'In113': 0, 'In115': 0}",1.0,176,1,10,C,C10,2,25,6,6,23,1,23,20190710_p176_slide23_ac1_vz,23,p176,DLD-1,0,20190710_p176_slide23_ac1_vz_s1_p1_r6_a6_ac_full_l13_x681_y1816_cell.tiff,20190710_p176_slide23_ac1_vz_s1_p1_r6_a6_ac_full_l13_x681_y1816_cyto.tiff,20190710_p176_slide23_ac1_vz_s1_p1_r6_a6_ac_full_l13_x681_y1816_nucleiexp.tiff,20190710_p176_slide23_ac1_vz_s1_p1_r6_a6_ac_full_l13_x681_y1816_comp.tiff,20190710_p176_slide23_ac1_vz_s1_p1_r6_a6_ac_full_l13_x681_y1816_filtered.tiff
540,540,0,0,276,272,1,191,30.0,95,45,45,0,38,DLD-1_c1.0_tp96,96.0,"{'Pd102': 1, 'Pd104': 0, 'Pd105': 1, 'Pd106': 1, 'Pd108': 0, 'Pd110': 1, 'In113': 0, 'In115': 0}",1.0,176,1,10,C,C10,2,26,2,2,24,1,24,20190710_p176_slide8_ac1_vz,8,p176,DLD-1,0,20190710_p176_slide8_ac1_vz_s1_p1_r2_a2_ac_full_l1_x0_y0_cell.tiff,20190710_p176_slide8_ac1_vz_s1_p1_r2_a2_ac_full_l1_x0_y0_cyto.tiff,20190710_p176_slide8_ac1_vz_s1_p1_r2_a2_ac_full_l1_x0_y0_nucleiexp.tiff,20190710_p176_slide8_ac1_vz_s1_p1_r2_a2_ac_full_l1_x0_y0_comp.tiff,20190710_p176_slide8_ac1_vz_s1_p1_r2_a2_ac_full_l1_x0_y0_filtered.tiff
711,711,357,1545,422,456,6,254,30.0,190,71,70,1,38,DLD-1_c1.0_tp96,96.0,"{'Pd102': 1, 'Pd104': 0, 'Pd105': 1, 'Pd106': 1, 'Pd108': 0, 'Pd110': 1, 'In113': 0, 'In115': 0}",1.0,176,1,10,C,C10,2,33,4,4,30,1,12,20190715_p176_slide14_ac1_vz,14,p176,DLD-1,0,20190715_p176_slide14_ac1_vz_s1_p1_r4_a4_ac_full_l6_x357_y1545_cell.tiff,20190715_p176_slide14_ac1_vz_s1_p1_r4_a4_ac_full_l6_x357_y1545_cyto.tiff,20190715_p176_slide14_ac1_vz_s1_p1_r4_a4_ac_full_l6_x357_y1545_nucleiexp.tiff,20190715_p176_slide14_ac1_vz_s1_p1_r4_a4_ac_full_l6_x357_y1545_comp.tiff,20190715_p176_slide14_ac1_vz_s1_p1_r4_a4_ac_full_l6_x357_y1545_filtered.tiff
80,80,370,1125,368,366,9,16,30.0,143,68,66,1,110,DLD-1_c0.5_tp96,96.0,"{'Pd102': 0, 'Pd104': 1, 'Pd105': 0, 'Pd106': 1, 'Pd108': 0, 'Pd110': 0, 'In113': 1, 'In115': 1}",0.5,176,1,6,G,G06,2,3,6,6,3,1,3,20190619_p176_slide20_ac1_vz,20,p176,DLD-1,0,20190619_p176_slide20_ac1_vz_s1_p1_r6_a6_ac_full_l9_x370_y1125_cell.tiff,20190619_p176_slide20_ac1_vz_s1_p1_r6_a6_ac_full_l9_x370_y1125_cyto.tiff,20190619_p176_slide20_ac1_vz_s1_p1_r6_a6_ac_full_l9_x370_y1125_nucleiexp.tiff,20190619_p176_slide20_ac1_vz_s1_p1_r6_a6_ac_full_l9_x370_y1125_comp.tiff,20190619_p176_slide20_ac1_vz_s1_p1_r6_a6_ac_full_l9_x370_y1125_filtered.tiff
375,375,140,938,360,367,2,168,30.0,136,54,53,1,110,DLD-1_c0.5_tp96,96.0,"{'Pd102': 0, 'Pd104': 1, 'Pd105': 0, 'Pd106': 1, 'Pd108': 0, 'Pd110': 0, 'In113': 1, 'In115': 1}",0.5,176,1,6,G,G06,2,20,15,15,18,1,18,20190709_p176_slide11_ac1_vz,11,p176,DLD-1,0,20190709_p176_slide11_ac1_vz_s1_p1_r15_a15_ac_full_l2_x140_y938_cell.tiff,20190709_p176_slide11_ac1_vz_s1_p1_r15_a15_ac_full_l2_x140_y938_cyto.tiff,20190709_p176_slide11_ac1_vz_s1_p1_r15_a15_ac_full_l2_x140_y938_nucleiexp.tiff,20190709_p176_slide11_ac1_vz_s1_p1_r15_a15_ac_full_l2_x140_y938_comp.tiff,20190709_p176_slide11_ac1_vz_s1_p1_r15_a15_ac_full_l2_x140_y938_filtered.tiff
441,441,342,1266,393,403,6,172,30.0,171,52,51,1,110,DLD-1_c0.5_tp96,96.0,"{'Pd102': 0, 'Pd104': 1, 'Pd105': 0, 'Pd106': 1, 'Pd108': 0, 'Pd110': 0, 'In113': 1, 'In115': 1}",0.5,176,1,6,G,G06,2,21,7,7,19,1,19,20190709_p176_slide16_ac1_vz,16,p176,DLD-1,0,20190709_p176_slide16_ac1_vz_s1_p1_r7_a7_ac_full_l6_x342_y1266_cell.tiff,20190709_p176_slide16_ac1_vz_s1_p1_r7_a7_ac_full_l6_x342_y1266_cyto.tiff,20190709_p176_slide16_ac1_vz_s1_p1_r7_a7_ac_full_l6_x342_y1266_nucleiexp.tiff,20190709_p176_slide16_ac1_vz_s1_p1_r7_a7_ac_full_l6_x342_y1266_comp.tiff,20190709_p176_slide16_ac1_vz_s1_p1_r7_a7_ac_full_l6_x342_y1266_filtered.tiff
479,479,566,1509,330,309,10,188,30.0,88,60,58,1,110,DLD-1_c0.5_tp96,96.0,"{'Pd102': 0, 'Pd104': 1, 'Pd105': 0, 'Pd106': 1, 'Pd108': 0, 'Pd110': 0, 'In113': 1, 'In115': 1}",0.5,176,1,6,G,G06,2,25,6,6,23,1,23,20190710_p176_slide23_ac1_vz,23,p176,DLD-1,0,20190710_p176_slide23_ac1_vz_s1_p1_r6_a6_ac_full_l10_x566_y1509_cell.tiff,20190710_p176_slide23_ac1_vz_s1_p1_r6_a6_ac_full_l10_x566_y1509_cyto.tiff,20190710_p176_slide23_ac1_vz_s1_p1_r6_a6_ac_full_l10_x566_y1509_nucleiexp.tiff,20190710_p176_slide23_ac1_vz_s1_p1_r6_a6_ac_full_l10_x566_y1509_comp.tiff,20190710_p176_slide23_ac1_vz_s1_p1_r6_a6_ac_full_l10_x566_y1509_filtered.tiff
524,524,0,0,200,167,1,189,30.0,40,28,28,0,110,DLD-1_c0.5_tp96,96.0,"{'Pd102': 0, 'Pd104': 1, 'Pd105': 0, 'Pd106': 1, 'Pd108': 0, 'Pd110': 0, 'In113': 1, 'In115': 1}",0.5,176,1,6,G,G06,2,26,1,1,24,1,24,20190710_p176_slide8_ac1_vz,8,p176,DLD-1,0,20190710_p176_slide8_ac1_vz_s1_p1_r1_a1_ac_full_l1_x0_y0_cell.tiff,20190710_p176_slide8_ac1_vz_s1_p1_r1_a1_ac_full_l1_x0_y0_cyto.tiff,20190710_p176_slide8_ac1_vz_s1_p1_r1_a1_ac_full_l1_x0_y0_nucleiexp.tiff,20190710_p176_slide8_ac1_vz_s1_p1_r1_a1_ac_full_l1_x0_y0_comp.tiff,20190710_p176_slide8_ac1_vz_s1_p1_r1_a1_ac_full_l1_x0_y0_filtered.tiff
710,710,357,1169,407,411,5,254,30.0,161,47,44,2,110,DLD-1_c0.5_tp96,96.0,"{'Pd102': 0, 'Pd104': 1, 'Pd105': 0, 'Pd106': 1, 'Pd108': 0, 'Pd110': 0, 'In113': 1, 'In115': 1}",0.5,176,1,6,G,G06,2,33,4,4,30,1,12,20190715_p176_slide14_ac1_vz,14,p176,DLD-1,0,20190715_p176_slide14_ac1_vz_s1_p1_r4_a4_ac_full_l5_x357_y1169_cell.tiff,20190715_p176_slide14_ac1_vz_s1_p1_r4_a4_ac_full_l5_x357_y1169_cyto.tiff,20190715_p176_slide14_ac1_vz_s1_p1_r4_a4_ac_full_l5_x357_y1169_nucleiexp.tiff,20190715_p176_slide14_ac1_vz_s1_p1_r4_a4_ac_full_l5_x357_y1169_comp.tiff,20190715_p176_slide14_ac1_vz_s1_p1_r4_a4_ac_full_l5_x357_y1169_filtered.tiff
81,81,0,0,273,290,1,17,30.0,76,53,52,1,8,HT-29_c1.0_tp96,96.0,"{'Pd102': 0, 'Pd104': 1, 'Pd105': 1, 'Pd106': 0, 'Pd108': 1, 'Pd110': 1, 'In113': 0, 'In115': 0}",1.0,176,1,5,B,B05,2,4,1,1,4,1,4,20190619_p176_slide43_ac1_vz,43,p176,HT-29,0,20190619_p176_slide43_ac1_vz_s1_p1_r1_a1_ac_full_l1_x0_y0_cell.tiff,20190619_p176_slide43_ac1_vz_s1_p1_r1_a1_ac_full_l1_x0_y0_cyto.tiff,20190619_p176_slide43_ac1_vz_s1_p1_r1_a1_ac_full_l1_x0_y0_nucleiexp.tiff,20190619_p176_slide43_ac1_vz_s1_p1_r1_a1_ac_full_l1_x0_y0_comp.tiff,20190619_p176_slide43_ac1_vz_s1_p1_r1_a1_ac_full_l1_x0_y0_filtered.tiff
159,159,1034,544,267,303,7,54,30.0,65,59,58,1,8,HT-29_c1.0_tp96,96.0,"{'Pd102': 0, 'Pd104': 1, 'Pd105': 1, 'Pd106': 0, 'Pd108': 1, 'Pd110': 1, 'In113': 0, 'In115': 0}",1.0,176,1,5,B,B05,2,7,22,22,7,1,7,20190620_p176_slide27_ac1_vz,27,p176,HT-29,0,20190620_p176_slide27_ac1_vz_s1_p1_r22_a22_ac_full_l7_x1034_y544_cell.tiff,20190620_p176_slide27_ac1_vz_s1_p1_r22_a22_ac_full_l7_x1034_y544_cyto.tiff,20190620_p176_slide27_ac1_vz_s1_p1_r22_a22_ac_full_l7_x1034_y544_nucleiexp.tiff,20190620_p176_slide27_ac1_vz_s1_p1_r22_a22_ac_full_l7_x1034_y544_comp.tiff,20190620_p176_slide27_ac1_vz_s1_p1_r22_a22_ac_full_l7_x1034_y544_filtered.tiff
228,228,2,0,450,460,1,87,30.0,139,73,71,1,8,HT-29_c1.0_tp96,96.0,"{'Pd102': 0, 'Pd104': 1, 'Pd105': 1, 'Pd106': 0, 'Pd108': 1, 'Pd110': 1, 'In113': 0, 'In115': 0}",1.0,176,1,5,B,B05,2,11,2,2,11,1,11,20190621_p176_slide36_ac1_vz,36,p176,HT-29,0,20190621_p176_slide36_ac1_vz_s1_p1_r2_a2_ac_full_l1_x2_y0_cell.tiff,20190621_p176_slide36_ac1_vz_s1_p1_r2_a2_ac_full_l1_x2_y0_cyto.tiff,20190621_p176_slide36_ac1_vz_s1_p1_r2_a2_ac_full_l1_x2_y0_nucleiexp.tiff,20190621_p176_slide36_ac1_vz_s1_p1_r2_a2_ac_full_l1_x2_y0_comp.tiff,20190621_p176_slide36_ac1_vz_s1_p1_r2_a2_ac_full_l1_x2_y0_filtered.tiff
352,352,0,0,416,419,1,159,30.0,150,62,57,2,8,HT-29_c1.0_tp96,96.0,"{'Pd102': 0, 'Pd104': 1, 'Pd105': 1, 'Pd106': 0, 'Pd108': 1, 'Pd110': 1, 'In113': 0, 'In115': 0}",1.0,176,1,5,B,B05,2,18,2,2,16,1,16,20190708_p176_slide33_ac1_vz,33,p176,HT-29,0,20190708_p176_slide33_ac1_vz_s1_p1_r2_a2_ac_full_l1_x0_y0_cell.tiff,20190708_p176_slide33_ac1_vz_s1_p1_r2_a2_ac_full_l1_x0_y0_cyto.tiff,20190708_p176_slide33_ac1_vz_s1_p1_r2_a2_ac_full_l1_x0_y0_nucleiexp.tiff,20190708_p176_slide33_ac1_vz_s1_p1_r2_a2_ac_full_l1_x0_y0_comp.tiff,20190708_p176_slide33_ac1_vz_s1_p1_r2_a2_ac_full_l1_x0_y0_filtered.tiff
570,570,7,0,403,379,1,211,30.0,156,55,55,0,8,HT-29_c1.0_tp96,96.0,"{'Pd102': 0, 'Pd104': 1, 'Pd105': 1, 'Pd106': 0, 'Pd108': 1, 'Pd110': 1, 'In113': 0, 'In115': 0}",1.0,176,1,5,B,B05,2,29,2,2,27,1,27,20190711_p176_slide39_ac1_vz,39,p176,HT-29,0,20190711_p176_slide39_ac1_vz_s1_p1_r2_a2_ac_full_l1_x7_y0_cell.tiff,20190711_p176_slide39_ac1_vz_s1_p1_r2_a2_ac_full_l1_x7_y0_cyto.tiff,20190711_p176_slide39_ac1_vz_s1_p1_r2_a2_ac_full_l1_x7_y0_nucleiexp.tiff,20190711_p176_slide39_ac1_vz_s1_p1_r2_a2_ac_full_l1_x7_y0_comp.tiff,20190711_p176_slide39_ac1_vz_s1_p1_r2_a2_ac_full_l1_x7_y0_filtered.tiff
725,725,746,382,397,424,7,258,30.0,108,41,41,0,8,HT-29_c1.0_tp96,96.0,"{'Pd102': 0, 'Pd104': 1, 'Pd105': 1, 'Pd106': 0, 'Pd108': 1, 'Pd110': 1, 'In113': 0, 'In115': 0}",1.0,176,1,5,B,B05,2,34,16,16,31,1,30,20190715_p176_slide30_ac1_vz,30,p176,HT-29,0,20190715_p176_slide30_ac1_vz_s1_p1_r16_a16_ac_full_l7_x746_y382_cell.tiff,20190715_p176_slide30_ac1_vz_s1_p1_r16_a16_ac_full_l7_x746_y382_cyto.tiff,20190715_p176_slide30_ac1_vz_s1_p1_r16_a16_ac_full_l7_x746_y382_nucleiexp.tiff,20190715_p176_slide30_ac1_vz_s1_p1_r16_a16_ac_full_l7_x746_y382_comp.tiff,20190715_p176_slide30_ac1_vz_s1_p1_r16_a16_ac_full_l7_x746_y382_filtered.tiff
82,82,0,0,288,335,1,18,30.0,82,92,91,1,50,T-REx-293_c0.5_tp96,96.0,"{'Pd102': 0, 'Pd104': 1, 'Pd105': 0, 'Pd106': 1, 'Pd108': 1, 'Pd110': 0, 'In113': 0, 'In115': 1}",0.5,176,1,6,D,D06,2,4,2,2,4,1,4,20190619_p176_slide43_ac1_vz,43,p176,T-REx-293,0,20190619_p176_slide43_ac1_vz_s1_p1_r2_a2_ac_full_l1_x0_y0_cell.tiff,20190619_p176_slide43_ac1_vz_s1_p1_r2_a2_ac_full_l1_x0_y0_cyto.tiff,20190619_p176_slide43_ac1_vz_s1_p1_r2_a2_ac_full_l1_x0_y0_nucleiexp.tiff,20190619_p176_slide43_ac1_vz_s1_p1_r2_a2_ac_full_l1_x0_y0_comp.tiff,20190619_p176_slide43_ac1_vz_s1_p1_r2_a2_ac_full_l1_x0_y0_filtered.tiff
157,157,888,66,258,263,5,54,30.0,32,52,52,0,50,T-REx-293_c0.5_tp96,96.0,"{'Pd102': 0, 'Pd104': 1, 'Pd105': 0, 'Pd106': 1, 'Pd108': 1, 'Pd110': 0, 'In113': 0, 'In115': 1}",0.5,176,1,6,D,D06,2,7,22,22,7,1,7,20190620_p176_slide27_ac1_vz,27,p176,T-REx-293,0,20190620_p176_slide27_ac1_vz_s1_p1_r22_a22_ac_full_l5_x888_y66_cell.tiff,20190620_p176_slide27_ac1_vz_s1_p1_r22_a22_ac_full_l5_x888_y66_cyto.tiff,20190620_p176_slide27_ac1_vz_s1_p1_r22_a22_ac_full_l5_x888_y66_nucleiexp.tiff,20190620_p176_slide27_ac1_vz_s1_p1_r22_a22_ac_full_l5_x888_y66_comp.tiff,20190620_p176_slide27_ac1_vz_s1_p1_r22_a22_ac_full_l5_x888_y66_filtered.tiff
229,229,0,0,381,413,1,88,30.0,49,46,45,1,50,T-REx-293_c0.5_tp96,96.0,"{'Pd102': 0, 'Pd104': 1, 'Pd105': 0, 'Pd106': 1, 'Pd108': 1, 'Pd110': 0, 'In113': 0, 'In115': 1}",0.5,176,1,6,D,D06,2,11,3,3,11,1,11,20190621_p176_slide36_ac1_vz,36,p176,T-REx-293,0,20190621_p176_slide36_ac1_vz_s1_p1_r3_a3_ac_full_l1_x0_y0_cell.tiff,20190621_p176_slide36_ac1_vz_s1_p1_r3_a3_ac_full_l1_x0_y0_cyto.tiff,20190621_p176_slide36_ac1_vz_s1_p1_r3_a3_ac_full_l1_x0_y0_nucleiexp.tiff,20190621_p176_slide36_ac1_vz_s1_p1_r3_a3_ac_full_l1_x0_y0_comp.tiff,20190621_p176_slide36_ac1_vz_s1_p1_r3_a3_ac_full_l1_x0_y0_filtered.tiff
355,355,0,0,356,402,1,161,30.0,121,103,100,1,50,T-REx-293_c0.5_tp96,96.0,"{'Pd102': 0, 'Pd104': 1, 'Pd105': 0, 'Pd106': 1, 'Pd108': 1, 'Pd110': 0, 'In113': 0, 'In115': 1}",0.5,176,1,6,D,D06,2,18,6,6,16,1,16,20190708_p176_slide33_ac1_vz,33,p176,T-REx-293,0,20190708_p176_slide33_ac1_vz_s1_p1_r6_a6_ac_full_l1_x0_y0_cell.tiff,20190708_p176_slide33_ac1_vz_s1_p1_r6_a6_ac_full_l1_x0_y0_cyto.tiff,20190708_p176_slide33_ac1_vz_s1_p1_r6_a6_ac_full_l1_x0_y0_nucleiexp.tiff,20190708_p176_slide33_ac1_vz_s1_p1_r6_a6_ac_full_l1_x0_y0_comp.tiff,20190708_p176_slide33_ac1_vz_s1_p1_r6_a6_ac_full_l1_x0_y0_filtered.tiff
571,571,5,0,376,411,1,212,30.0,164,79,78,1,50,T-REx-293_c0.5_tp96,96.0,"{'Pd102': 0, 'Pd104': 1, 'Pd105': 0, 'Pd106': 1, 'Pd108': 1, 'Pd110': 0, 'In113': 0, 'In115': 1}",0.5,176,1,6,D,D06,2,29,3,3,27,1,27,20190711_p176_slide39_ac1_vz,39,p176,T-REx-293,0,20190711_p176_slide39_ac1_vz_s1_p1_r3_a3_ac_full_l1_x5_y0_cell.tiff,20190711_p176_slide39_ac1_vz_s1_p1_r3_a3_ac_full_l1_x5_y0_cyto.tiff,20190711_p176_slide39_ac1_vz_s1_p1_r3_a3_ac_full_l1_x5_y0_nucleiexp.tiff,20190711_p176_slide39_ac1_vz_s1_p1_r3_a3_ac_full_l1_x5_y0_comp.tiff,20190711_p176_slide39_ac1_vz_s1_p1_r3_a3_ac_full_l1_x5_y0_filtered.tiff
724,724,464,0,327,370,6,258,30.0,69,58,58,0,50,T-REx-293_c0.5_tp96,96.0,"{'Pd102': 0, 'Pd104': 1, 'Pd105': 0, 'Pd106': 1, 'Pd108': 1, 'Pd110': 0, 'In113': 0, 'In115': 1}",0.5,176,1,6,D,D06,2,34,16,16,31,1,30,20190715_p176_slide30_ac1_vz,30,p176,T-REx-293,0,20190715_p176_slide30_ac1_vz_s1_p1_r16_a16_ac_full_l6_x464_y0_cell.tiff,20190715_p176_slide30_ac1_vz_s1_p1_r16_a16_ac_full_l6_x464_y0_cyto.tiff,20190715_p176_slide30_ac1_vz_s1_p1_r16_a16_ac_full_l6_x464_y0_nucleiexp.tiff,20190715_p176_slide30_ac1_vz_s1_p1_r16_a16_ac_full_l6_x464_y0_comp.tiff,20190715_p176_slide30_ac1_vz_s1_p1_r16_a16_ac_full_l6_x464_y0_filtered.tiff
83,83,0,0,251,261,1,19,30.0,64,22,21,1,16,HT-29_c1.0_tp96,96.0,"{'Pd102': 1, 'Pd104': 1, 'Pd105': 0, 'Pd106': 1, 'Pd108': 1, 'Pd110': 0, 'In113': 0, 'In115': 0}",1.0,176,1,9,B,B09,2,4,3,3,4,1,4,20190619_p176_slide43_ac1_vz,43,p176,HT-29,0,20190619_p176_slide43_ac1_vz_s1_p1_r3_a3_ac_full_l1_x0_y0_cell.tiff,20190619_p176_slide43_ac1_vz_s1_p1_r3_a3_ac_full_l1_x0_y0_cyto.tiff,20190619_p176_slide43_ac1_vz_s1_p1_r3_a3_ac_full_l1_x0_y0_nucleiexp.tiff,20190619_p176_slide43_ac1_vz_s1_p1_r3_a3_ac_full_l1_x0_y0_comp.tiff,20190619_p176_slide43_ac1_vz_s1_p1_r3_a3_ac_full_l1_x0_y0_filtered.tiff
155,155,377,13,381,384,3,54,30.0,123,39,37,1,16,HT-29_c1.0_tp96,96.0,"{'Pd102': 1, 'Pd104': 1, 'Pd105': 0, 'Pd106': 1, 'Pd108': 1, 'Pd110': 0, 'In113': 0, 'In115': 0}",1.0,176,1,9,B,B09,2,7,22,22,7,1,7,20190620_p176_slide27_ac1_vz,27,p176,HT-29,0,20190620_p176_slide27_ac1_vz_s1_p1_r22_a22_ac_full_l3_x377_y13_cell.tiff,20190620_p176_slide27_ac1_vz_s1_p1_r22_a22_ac_full_l3_x377_y13_cyto.tiff,20190620_p176_slide27_ac1_vz_s1_p1_r22_a22_ac_full_l3_x377_y13_nucleiexp.tiff,20190620_p176_slide27_ac1_vz_s1_p1_r22_a22_ac_full_l3_x377_y13_comp.tiff,20190620_p176_slide27_ac1_vz_s1_p1_r22_a22_ac_full_l3_x377_y13_filtered.tiff
230,230,0,0,418,440,1,89,30.0,174,32,31,1,16,HT-29_c1.0_tp96,96.0,"{'Pd102': 1, 'Pd104': 1, 'Pd105': 0, 'Pd106': 1, 'Pd108': 1, 'Pd110': 0, 'In113': 0, 'In115': 0}",1.0,176,1,9,B,B09,2,11,4,4,11,1,11,20190621_p176_slide36_ac1_vz,36,p176,HT-29,0,20190621_p176_slide36_ac1_vz_s1_p1_r4_a4_ac_full_l1_x0_y0_cell.tiff,20190621_p176_slide36_ac1_vz_s1_p1_r4_a4_ac_full_l1_x0_y0_cyto.tiff,20190621_p176_slide36_ac1_vz_s1_p1_r4_a4_ac_full_l1_x0_y0_nucleiexp.tiff,20190621_p176_slide36_ac1_vz_s1_p1_r4_a4_ac_full_l1_x0_y0_comp.tiff,20190621_p176_slide36_ac1_vz_s1_p1_r4_a4_ac_full_l1_x0_y0_filtered.tiff
342,342,0,0,379,436,1,156,30.0,199,38,37,1,16,HT-29_c1.0_tp96,96.0,"{'Pd102': 1, 'Pd104': 1, 'Pd105': 0, 'Pd106': 1, 'Pd108': 1, 'Pd110': 0, 'In113': 0, 'In115': 0}",1.0,176,1,9,B,B09,2,18,10,10,16,1,16,20190708_p176_slide33_ac1_vz,33,p176,HT-29,0,20190708_p176_slide33_ac1_vz_s1_p1_r10_a10_ac_full_l1_x0_y0_cell.tiff,20190708_p176_slide33_ac1_vz_s1_p1_r10_a10_ac_full_l1_x0_y0_cyto.tiff,20190708_p176_slide33_ac1_vz_s1_p1_r10_a10_ac_full_l1_x0_y0_nucleiexp.tiff,20190708_p176_slide33_ac1_vz_s1_p1_r10_a10_ac_full_l1_x0_y0_comp.tiff,20190708_p176_slide33_ac1_vz_s1_p1_r10_a10_ac_full_l1_x0_y0_filtered.tiff
499,499,246,862,165,175,3,188,30.0,22,14,14,0,16,HT-29_c1.0_tp96,96.0,"{'Pd102': 1, 'Pd104': 1, 'Pd105': 0, 'Pd106': 1, 'Pd108': 1, 'Pd110': 0, 'In113': 0, 'In115': 0}",1.0,176,1,9,B,B09,2,25,6,6,23,1,23,20190710_p176_slide23_ac1_vz,23,p176,HT-29,0,20190710_p176_slide23_ac1_vz_s1_p1_r6_a6_ac_full_l3_x246_y862_cell.tiff,20190710_p176_slide23_ac1_vz_s1_p1_r6_a6_ac_full_l3_x246_y862_cyto.tiff,20190710_p176_slide23_ac1_vz_s1_p1_r6_a6_ac_full_l3_x246_y862_nucleiexp.tiff,20190710_p176_slide23_ac1_vz_s1_p1_r6_a6_ac_full_l3_x246_y862_comp.tiff,20190710_p176_slide23_ac1_vz_s1_p1_r6_a6_ac_full_l3_x246_y862_filtered.tiff
573,573,0,0,351,397,1,214,30.0,145,36,36,0,16,HT-29_c1.0_tp96,96.0,"{'Pd102': 1, 'Pd104': 1, 'Pd105': 0, 'Pd106': 1, 'Pd108': 1, 'Pd110': 0, 'In113': 0, 'In115': 0}",1.0,176,1,9,B,B09,2,29,5,5,27,1,27,20190711_p176_slide39_ac1_vz,39,p176,HT-29,0,20190711_p176_slide39_ac1_vz_s1_p1_r5_a5_ac_full_l1_x0_y0_cell.tiff,20190711_p176_slide39_ac1_vz_s1_p1_r5_a5_ac_full_l1_x0_y0_cyto.tiff,20190711_p176_slide39_ac1_vz_s1_p1_r5_a5_ac_full_l1_x0_y0_nucleiexp.tiff,20190711_p176_slide39_ac1_vz_s1_p1_r5_a5_ac_full_l1_x0_y0_comp.tiff,20190711_p176_slide39_ac1_vz_s1_p1_r5_a5_ac_full_l1_x0_y0_filtered.tiff
718,718,0,96,399,458,1,258,30.0,143,40,40,0,16,HT-29_c1.0_tp96,96.0,"{'Pd102': 1, 'Pd104': 1, 'Pd105': 0, 'Pd106': 1, 'Pd108': 1, 'Pd110': 0, 'In113': 0, 'In115': 0}",1.0,176,1,9,B,B09,2,34,16,16,31,1,30,20190715_p176_slide30_ac1_vz,30,p176,HT-29,0,20190715_p176_slide30_ac1_vz_s1_p1_r16_a16_ac_full_l1_x0_y96_cell.tiff,20190715_p176_slide30_ac1_vz_s1_p1_r16_a16_ac_full_l1_x0_y96_cyto.tiff,20190715_p176_slide30_ac1_vz_s1_p1_r16_a16_ac_full_l1_x0_y96_nucleiexp.tiff,20190715_p176_slide30_ac1_vz_s1_p1_r16_a16_ac_full_l1_x0_y96_comp.tiff,20190715_p176_slide30_ac1_vz_s1_p1_r16_a16_ac_full_l1_x0_y96_filtered.tiff
84,84,0,5,361,331,1,20,30.0,171,39,37,1,106,DLD-1_c0.5_tp96,96.0,"{'Pd102': 1, 'Pd104': 0, 'Pd105': 0, 'Pd106': 1, 'Pd108': 0, 'Pd110': 0, 'In113': 1, 'In115': 1}",0.5,176,1,4,G,G04,2,4,4,4,4,1,4,20190619_p176_slide43_ac1_vz,43,p176,DLD-1,0,20190619_p176_slide43_ac1_vz_s1_p1_r4_a4_ac_full_l1_x0_y5_cell.tiff,20190619_p176_slide43_ac1_vz_s1_p1_r4_a4_ac_full_l1_x0_y5_cyto.tiff,20190619_p176_slide43_ac1_vz_s1_p1_r4_a4_ac_full_l1_x0_y5_nucleiexp.tiff,20190619_p176_slide43_ac1_vz_s1_p1_r4_a4_ac_full_l1_x0_y5_comp.tiff,20190619_p176_slide43_ac1_vz_s1_p1_r4_a4_ac_full_l1_x0_y5_filtered.tiff
231,231,0,115,222,220,1,90,30.0,63,26,25,1,106,DLD-1_c0.5_tp96,96.0,"{'Pd102': 1, 'Pd104': 0, 'Pd105': 0, 'Pd106': 1, 'Pd108': 0, 'Pd110': 0, 'In113': 1, 'In115': 1}",0.5,176,1,4,G,G04,2,11,5,5,11,1,11,20190621_p176_slide36_ac1_vz,36,p176,DLD-1,0,20190621_p176_slide36_ac1_vz_s1_p1_r5_a5_ac_full_l1_x0_y115_cell.tiff,20190621_p176_slide36_ac1_vz_s1_p1_r5_a5_ac_full_l1_x0_y115_cyto.tiff,20190621_p176_slide36_ac1_vz_s1_p1_r5_a5_ac_full_l1_x0_y115_nucleiexp.tiff,20190621_p176_slide36_ac1_vz_s1_p1_r5_a5_ac_full_l1_x0_y115_comp.tiff,20190621_p176_slide36_ac1_vz_s1_p1_r5_a5_ac_full_l1_x0_y115_filtered.tiff
451,451,0,0,346,314,1,178,30.0,90,20,20,0,106,DLD-1_c0.5_tp96,96.0,"{'Pd102': 1, 'Pd104': 0, 'Pd105': 0, 'Pd106': 1, 'Pd108': 0, 'Pd110': 0, 'In113': 1, 'In115': 1}",0.5,176,1,4,G,G04,2,22,8,8,20,1,20,20190709_p176_slide47_ac1_vz,47,p176,DLD-1,0,20190709_p176_slide47_ac1_vz_s1_p1_r8_a8_ac_full_l1_x0_y0_cell.tiff,20190709_p176_slide47_ac1_vz_s1_p1_r8_a8_ac_full_l1_x0_y0_cyto.tiff,20190709_p176_slide47_ac1_vz_s1_p1_r8_a8_ac_full_l1_x0_y0_nucleiexp.tiff,20190709_p176_slide47_ac1_vz_s1_p1_r8_a8_ac_full_l1_x0_y0_comp.tiff,20190709_p176_slide47_ac1_vz_s1_p1_r8_a8_ac_full_l1_x0_y0_filtered.tiff
572,572,0,0,291,251,1,213,30.0,121,34,34,0,106,DLD-1_c0.5_tp96,96.0,"{'Pd102': 1, 'Pd104': 0, 'Pd105': 0, 'Pd106': 1, 'Pd108': 0, 'Pd110': 0, 'In113': 1, 'In115': 1}",0.5,176,1,4,G,G04,2,29,4,4,27,1,27,20190711_p176_slide39_ac1_vz,39,p176,DLD-1,0,20190711_p176_slide39_ac1_vz_s1_p1_r4_a4_ac_full_l1_x0_y0_cell.tiff,20190711_p176_slide39_ac1_vz_s1_p1_r4_a4_ac_full_l1_x0_y0_cyto.tiff,20190711_p176_slide39_ac1_vz_s1_p1_r4_a4_ac_full_l1_x0_y0_nucleiexp.tiff,20190711_p176_slide39_ac1_vz_s1_p1_r4_a4_ac_full_l1_x0_y0_comp.tiff,20190711_p176_slide39_ac1_vz_s1_p1_r4_a4_ac_full_l1_x0_y0_filtered.tiff
85,85,0,0,371,370,1,21,30.0,140,55,51,1,54,T-REx-293_c0.5_tp96,96.0,"{'Pd102': 1, 'Pd104': 1, 'Pd105': 1, 'Pd106': 0, 'Pd108': 0, 'Pd110': 0, 'In113': 1, 'In115': 0}",0.5,176,1,8,D,D08,2,4,5,5,4,1,4,20190619_p176_slide43_ac1_vz,43,p176,T-REx-293,0,20190619_p176_slide43_ac1_vz_s1_p1_r5_a5_ac_full_l1_x0_y0_cell.tiff,20190619_p176_slide43_ac1_vz_s1_p1_r5_a5_ac_full_l1_x0_y0_cyto.tiff,20190619_p176_slide43_ac1_vz_s1_p1_r5_a5_ac_full_l1_x0_y0_nucleiexp.tiff,20190619_p176_slide43_ac1_vz_s1_p1_r5_a5_ac_full_l1_x0_y0_comp.tiff,20190619_p176_slide43_ac1_vz_s1_p1_r5_a5_ac_full_l1_x0_y0_filtered.tiff
236,236,0,0,399,423,2,93,30.0,101,44,39,2,54,T-REx-293_c0.5_tp96,96.0,"{'Pd102': 1, 'Pd104': 1, 'Pd105': 1, 'Pd106': 0, 'Pd108': 0, 'Pd110': 0, 'In113': 1, 'In115': 0}",0.5,176,1,8,D,D08,2,11,9,9,11,1,11,20190621_p176_slide36_ac1_vz,36,p176,T-REx-293,0,20190621_p176_slide36_ac1_vz_s1_p1_r9_a9_ac_full_l2_x0_y0_cell.tiff,20190621_p176_slide36_ac1_vz_s1_p1_r9_a9_ac_full_l2_x0_y0_cyto.tiff,20190621_p176_slide36_ac1_vz_s1_p1_r9_a9_ac_full_l2_x0_y0_nucleiexp.tiff,20190621_p176_slide36_ac1_vz_s1_p1_r9_a9_ac_full_l2_x0_y0_comp.tiff,20190621_p176_slide36_ac1_vz_s1_p1_r9_a9_ac_full_l2_x0_y0_filtered.tiff
347,347,162,876,373,316,4,158,30.0,138,57,52,1,54,T-REx-293_c0.5_tp96,96.0,"{'Pd102': 1, 'Pd104': 1, 'Pd105': 1, 'Pd106': 0, 'Pd108': 0, 'Pd110': 0, 'In113': 1, 'In115': 0}",0.5,176,1,8,D,D08,2,18,16,16,16,1,16,20190708_p176_slide33_ac1_vz,33,p176,T-REx-293,0,20190708_p176_slide33_ac1_vz_s1_p1_r16_a16_ac_full_l4_x162_y876_cell.tiff,20190708_p176_slide33_ac1_vz_s1_p1_r16_a16_ac_full_l4_x162_y876_cyto.tiff,20190708_p176_slide33_ac1_vz_s1_p1_r16_a16_ac_full_l4_x162_y876_nucleiexp.tiff,20190708_p176_slide33_ac1_vz_s1_p1_r16_a16_ac_full_l4_x162_y876_comp.tiff,20190708_p176_slide33_ac1_vz_s1_p1_r16_a16_ac_full_l4_x162_y876_filtered.tiff
448,448,0,13,280,252,1,175,30.0,33,33,30,2,54,T-REx-293_c0.5_tp96,96.0,"{'Pd102': 1, 'Pd104': 1, 'Pd105': 1, 'Pd106': 0, 'Pd108': 0, 'Pd110': 0, 'In113': 1, 'In115': 0}",0.5,176,1,8,D,D08,2,22,4,4,20,1,20,20190709_p176_slide47_ac1_vz,47,p176,T-REx-293,0,20190709_p176_slide47_ac1_vz_s1_p1_r4_a4_ac_full_l1_x0_y13_cell.tiff,20190709_p176_slide47_ac1_vz_s1_p1_r4_a4_ac_full_l1_x0_y13_cyto.tiff,20190709_p176_slide47_ac1_vz_s1_p1_r4_a4_ac_full_l1_x0_y13_nucleiexp.tiff,20190709_p176_slide47_ac1_vz_s1_p1_r4_a4_ac_full_l1_x0_y13_comp.tiff,20190709_p176_slide47_ac1_vz_s1_p1_r4_a4_ac_full_l1_x0_y13_filtered.tiff
575,575,0,560,428,424,2,215,30.0,214,39,38,1,54,T-REx-293_c0.5_tp96,96.0,"{'Pd102': 1, 'Pd104': 1, 'Pd105': 1, 'Pd106': 0, 'Pd108': 0, 'Pd110': 0, 'In113': 1, 'In115': 0}",0.5,176,1,8,D,D08,2,29,6,6,27,1,27,20190711_p176_slide39_ac1_vz,39,p176,T-REx-293,0,20190711_p176_slide39_ac1_vz_s1_p1_r6_a6_ac_full_l2_x0_y560_cell.tiff,20190711_p176_slide39_ac1_vz_s1_p1_r6_a6_ac_full_l2_x0_y560_cyto.tiff,20190711_p176_slide39_ac1_vz_s1_p1_r6_a6_ac_full_l2_x0_y560_nucleiexp.tiff,20190711_p176_slide39_ac1_vz_s1_p1_r6_a6_ac_full_l2_x0_y560_comp.tiff,20190711_p176_slide39_ac1_vz_s1_p1_r6_a6_ac_full_l2_x0_y560_filtered.tiff
731,731,167,0,226,235,2,261,30.0,79,26,25,1,54,T-REx-293_c0.5_tp96,96.0,"{'Pd102': 1, 'Pd104': 1, 'Pd105': 1, 'Pd106': 0, 'Pd108': 0, 'Pd110': 0, 'In113': 1, 'In115': 0}",0.5,176,1,8,D,D08,2,34,3,3,31,1,30,20190715_p176_slide30_ac1_vz,30,p176,T-REx-293,0,20190715_p176_slide30_ac1_vz_s1_p1_r3_a3_ac_full_l2_x167_y0_cell.tiff,20190715_p176_slide30_ac1_vz_s1_p1_r3_a3_ac_full_l2_x167_y0_cyto.tiff,20190715_p176_slide30_ac1_vz_s1_p1_r3_a3_ac_full_l2_x167_y0_nucleiexp.tiff,20190715_p176_slide30_ac1_vz_s1_p1_r3_a3_ac_full_l2_x167_y0_comp.tiff,20190715_p176_slide30_ac1_vz_s1_p1_r3_a3_ac_full_l2_x167_y0_filtered.tiff
86,86,0,0,321,407,1,22,30.0,73,120,119,1,10,T-REx-293_c1.0_tp96,96.0,"{'Pd102': 0, 'Pd104': 1, 'Pd105': 0, 'Pd106': 1, 'Pd108': 1, 'Pd110': 1, 'In113': 0, 'In115': 0}",1.0,176,1,6,B,B06,2,4,6,6,4,1,4,20190619_p176_slide43_ac1_vz,43,p176,T-REx-293,0,20190619_p176_slide43_ac1_vz_s1_p1_r6_a6_ac_full_l1_x0_y0_cell.tiff,20190619_p176_slide43_ac1_vz_s1_p1_r6_a6_ac_full_l1_x0_y0_cyto.tiff,20190619_p176_slide43_ac1_vz_s1_p1_r6_a6_ac_full_l1_x0_y0_nucleiexp.tiff,20190619_p176_slide43_ac1_vz_s1_p1_r6_a6_ac_full_l1_x0_y0_comp.tiff,20190619_p176_slide43_ac1_vz_s1_p1_r6_a6_ac_full_l1_x0_y0_filtered.tiff
143,143,31,0,324,434,2,50,30.0,71,125,125,0,10,T-REx-293_c1.0_tp96,96.0,"{'Pd102': 0, 'Pd104': 1, 'Pd105': 0, 'Pd106': 1, 'Pd108': 1, 'Pd110': 1, 'In113': 0, 'In115': 0}",1.0,176,1,6,B,B06,2,7,15,15,7,1,7,20190620_p176_slide27_ac1_vz,27,p176,T-REx-293,0,20190620_p176_slide27_ac1_vz_s1_p1_r15_a15_ac_full_l2_x31_y0_cell.tiff,20190620_p176_slide27_ac1_vz_s1_p1_r15_a15_ac_full_l2_x31_y0_cyto.tiff,20190620_p176_slide27_ac1_vz_s1_p1_r15_a15_ac_full_l2_x31_y0_nucleiexp.tiff,20190620_p176_slide27_ac1_vz_s1_p1_r15_a15_ac_full_l2_x31_y0_comp.tiff,20190620_p176_slide27_ac1_vz_s1_p1_r15_a15_ac_full_l2_x31_y0_filtered.tiff
225,225,0,0,460,577,1,86,30.0,96,165,165,0,10,T-REx-293_c1.0_tp96,96.0,"{'Pd102': 0, 'Pd104': 1, 'Pd105': 0, 'Pd106': 1, 'Pd108': 1, 'Pd110': 1, 'In113': 0, 'In115': 0}",1.0,176,1,6,B,B06,2,11,12,12,11,1,11,20190621_p176_slide36_ac1_vz,36,p176,T-REx-293,0,20190621_p176_slide36_ac1_vz_s1_p1_r12_a12_ac_full_l1_x0_y0_cell.tiff,20190621_p176_slide36_ac1_vz_s1_p1_r12_a12_ac_full_l1_x0_y0_cyto.tiff,20190621_p176_slide36_ac1_vz_s1_p1_r12_a12_ac_full_l1_x0_y0_nucleiexp.tiff,20190621_p176_slide36_ac1_vz_s1_p1_r12_a12_ac_full_l1_x0_y0_comp.tiff,20190621_p176_slide36_ac1_vz_s1_p1_r12_a12_ac_full_l1_x0_y0_filtered.tiff
351,351,868,522,438,578,8,158,30.0,134,197,194,1,10,T-REx-293_c1.0_tp96,96.0,"{'Pd102': 0, 'Pd104': 1, 'Pd105': 0, 'Pd106': 1, 'Pd108': 1, 'Pd110': 1, 'In113': 0, 'In115': 0}",1.0,176,1,6,B,B06,2,18,16,16,16,1,16,20190708_p176_slide33_ac1_vz,33,p176,T-REx-293,0,20190708_p176_slide33_ac1_vz_s1_p1_r16_a16_ac_full_l8_x868_y522_cell.tiff,20190708_p176_slide33_ac1_vz_s1_p1_r16_a16_ac_full_l8_x868_y522_cyto.tiff,20190708_p176_slide33_ac1_vz_s1_p1_r16_a16_ac_full_l8_x868_y522_nucleiexp.tiff,20190708_p176_slide33_ac1_vz_s1_p1_r16_a16_ac_full_l8_x868_y522_comp.tiff,20190708_p176_slide33_ac1_vz_s1_p1_r16_a16_ac_full_l8_x868_y522_filtered.tiff
447,447,0,0,253,324,1,174,30.0,18,51,51,0,10,T-REx-293_c1.0_tp96,96.0,"{'Pd102': 0, 'Pd104': 1, 'Pd105': 0, 'Pd106': 1, 'Pd108': 1, 'Pd110': 1, 'In113': 0, 'In115': 0}",1.0,176,1,6,B,B06,2,22,3,3,20,1,20,20190709_p176_slide47_ac1_vz,47,p176,T-REx-293,0,20190709_p176_slide47_ac1_vz_s1_p1_r3_a3_ac_full_l1_x0_y0_cell.tiff,20190709_p176_slide47_ac1_vz_s1_p1_r3_a3_ac_full_l1_x0_y0_cyto.tiff,20190709_p176_slide47_ac1_vz_s1_p1_r3_a3_ac_full_l1_x0_y0_nucleiexp.tiff,20190709_p176_slide47_ac1_vz_s1_p1_r3_a3_ac_full_l1_x0_y0_comp.tiff,20190709_p176_slide47_ac1_vz_s1_p1_r3_a3_ac_full_l1_x0_y0_filtered.tiff
495,495,1220,1328,244,262,26,188,30.0,33,77,76,1,10,T-REx-293_c1.0_tp96,96.0,"{'Pd102': 0, 'Pd104': 1, 'Pd105': 0, 'Pd106': 1, 'Pd108': 1, 'Pd110': 1, 'In113': 0, 'In115': 0}",1.0,176,1,6,B,B06,2,25,6,6,23,1,23,20190710_p176_slide23_ac1_vz,23,p176,T-REx-293,0,20190710_p176_slide23_ac1_vz_s1_p1_r6_a6_ac_full_l26_x1220_y1328_cell.tiff,20190710_p176_slide23_ac1_vz_s1_p1_r6_a6_ac_full_l26_x1220_y1328_cyto.tiff,20190710_p176_slide23_ac1_vz_s1_p1_r6_a6_ac_full_l26_x1220_y1328_nucleiexp.tiff,20190710_p176_slide23_ac1_vz_s1_p1_r6_a6_ac_full_l26_x1220_y1328_comp.tiff,20190710_p176_slide23_ac1_vz_s1_p1_r6_a6_ac_full_l26_x1220_y1328_filtered.tiff
579,579,730,494,418,491,6,215,30.0,158,105,105,0,10,T-REx-293_c1.0_tp96,96.0,"{'Pd102': 0, 'Pd104': 1, 'Pd105': 0, 'Pd106': 1, 'Pd108': 1, 'Pd110': 1, 'In113': 0, 'In115': 0}",1.0,176,1,6,B,B06,2,29,6,6,27,1,27,20190711_p176_slide39_ac1_vz,39,p176,T-REx-293,0,20190711_p176_slide39_ac1_vz_s1_p1_r6_a6_ac_full_l6_x730_y494_cell.tiff,20190711_p176_slide39_ac1_vz_s1_p1_r6_a6_ac_full_l6_x730_y494_cyto.tiff,20190711_p176_slide39_ac1_vz_s1_p1_r6_a6_ac_full_l6_x730_y494_nucleiexp.tiff,20190711_p176_slide39_ac1_vz_s1_p1_r6_a6_ac_full_l6_x730_y494_comp.tiff,20190711_p176_slide39_ac1_vz_s1_p1_r6_a6_ac_full_l6_x730_y494_filtered.tiff
726,726,706,974,429,540,8,258,30.0,96,152,150,1,10,T-REx-293_c1.0_tp96,96.0,"{'Pd102': 0, 'Pd104': 1, 'Pd105': 0, 'Pd106': 1, 'Pd108': 1, 'Pd110': 1, 'In113': 0, 'In115': 0}",1.0,176,1,6,B,B06,2,34,16,16,31,1,30,20190715_p176_slide30_ac1_vz,30,p176,T-REx-293,0,20190715_p176_slide30_ac1_vz_s1_p1_r16_a16_ac_full_l8_x706_y974_cell.tiff,20190715_p176_slide30_ac1_vz_s1_p1_r16_a16_ac_full_l8_x706_y974_cyto.tiff,20190715_p176_slide30_ac1_vz_s1_p1_r16_a16_ac_full_l8_x706_y974_nucleiexp.tiff,20190715_p176_slide30_ac1_vz_s1_p1_r16_a16_ac_full_l8_x706_y974_comp.tiff,20190715_p176_slide30_ac1_vz_s1_p1_r16_a16_ac_full_l8_x706_y974_filtered.tiff
87,87,0,0,504,408,1,23,30.0,163,96,95,1,2,T-REx-293_c1.0_tp96,96.0,"{'Pd102': 1, 'Pd104': 1, 'Pd105': 0, 'Pd106': 0, 'Pd108': 1, 'Pd110': 1, 'In113': 0, 'In115': 0}",1.0,176,1,2,B,B02,2,4,9,9,4,1,4,20190619_p176_slide43_ac1_vz,43,p176,T-REx-293,0,20190619_p176_slide43_ac1_vz_s1_p1_r9_a9_ac_full_l1_x0_y0_cell.tiff,20190619_p176_slide43_ac1_vz_s1_p1_r9_a9_ac_full_l1_x0_y0_cyto.tiff,20190619_p176_slide43_ac1_vz_s1_p1_r9_a9_ac_full_l1_x0_y0_nucleiexp.tiff,20190619_p176_slide43_ac1_vz_s1_p1_r9_a9_ac_full_l1_x0_y0_comp.tiff,20190619_p176_slide43_ac1_vz_s1_p1_r9_a9_ac_full_l1_x0_y0_filtered.tiff
150,150,48,131,306,260,2,52,30.0,60,52,52,0,2,T-REx-293_c1.0_tp96,96.0,"{'Pd102': 1, 'Pd104': 1, 'Pd105': 0, 'Pd106': 0, 'Pd108': 1, 'Pd110': 1, 'In113': 0, 'In115': 0}",1.0,176,1,2,B,B02,2,7,18,18,7,1,7,20190620_p176_slide27_ac1_vz,27,p176,T-REx-293,0,20190620_p176_slide27_ac1_vz_s1_p1_r18_a18_ac_full_l2_x48_y131_cell.tiff,20190620_p176_slide27_ac1_vz_s1_p1_r18_a18_ac_full_l2_x48_y131_cyto.tiff,20190620_p176_slide27_ac1_vz_s1_p1_r18_a18_ac_full_l2_x48_y131_nucleiexp.tiff,20190620_p176_slide27_ac1_vz_s1_p1_r18_a18_ac_full_l2_x48_y131_comp.tiff,20190620_p176_slide27_ac1_vz_s1_p1_r18_a18_ac_full_l2_x48_y131_filtered.tiff
226,226,226,405,576,502,2,86,30.0,144,139,139,0,2,T-REx-293_c1.0_tp96,96.0,"{'Pd102': 1, 'Pd104': 1, 'Pd105': 0, 'Pd106': 0, 'Pd108': 1, 'Pd110': 1, 'In113': 0, 'In115': 0}",1.0,176,1,2,B,B02,2,11,12,12,11,1,11,20190621_p176_slide36_ac1_vz,36,p176,T-REx-293,0,20190621_p176_slide36_ac1_vz_s1_p1_r12_a12_ac_full_l2_x226_y405_cell.tiff,20190621_p176_slide36_ac1_vz_s1_p1_r12_a12_ac_full_l2_x226_y405_cyto.tiff,20190621_p176_slide36_ac1_vz_s1_p1_r12_a12_ac_full_l2_x226_y405_nucleiexp.tiff,20190621_p176_slide36_ac1_vz_s1_p1_r12_a12_ac_full_l2_x226_y405_comp.tiff,20190621_p176_slide36_ac1_vz_s1_p1_r12_a12_ac_full_l2_x226_y405_filtered.tiff
349,349,412,338,530,519,6,158,30.0,153,143,141,1,2,T-REx-293_c1.0_tp96,96.0,"{'Pd102': 1, 'Pd104': 1, 'Pd105': 0, 'Pd106': 0, 'Pd108': 1, 'Pd110': 1, 'In113': 0, 'In115': 0}",1.0,176,1,2,B,B02,2,18,16,16,16,1,16,20190708_p176_slide33_ac1_vz,33,p176,T-REx-293,0,20190708_p176_slide33_ac1_vz_s1_p1_r16_a16_ac_full_l6_x412_y338_cell.tiff,20190708_p176_slide33_ac1_vz_s1_p1_r16_a16_ac_full_l6_x412_y338_cyto.tiff,20190708_p176_slide33_ac1_vz_s1_p1_r16_a16_ac_full_l6_x412_y338_nucleiexp.tiff,20190708_p176_slide33_ac1_vz_s1_p1_r16_a16_ac_full_l6_x412_y338_comp.tiff,20190708_p176_slide33_ac1_vz_s1_p1_r16_a16_ac_full_l6_x412_y338_filtered.tiff
449,449,4,0,320,292,1,176,30.0,45,37,36,1,2,T-REx-293_c1.0_tp96,96.0,"{'Pd102': 1, 'Pd104': 1, 'Pd105': 0, 'Pd106': 0, 'Pd108': 1, 'Pd110': 1, 'In113': 0, 'In115': 0}",1.0,176,1,2,B,B02,2,22,5,5,20,1,20,20190709_p176_slide47_ac1_vz,47,p176,T-REx-293,0,20190709_p176_slide47_ac1_vz_s1_p1_r5_a5_ac_full_l1_x4_y0_cell.tiff,20190709_p176_slide47_ac1_vz_s1_p1_r5_a5_ac_full_l1_x4_y0_cyto.tiff,20190709_p176_slide47_ac1_vz_s1_p1_r5_a5_ac_full_l1_x4_y0_nucleiexp.tiff,20190709_p176_slide47_ac1_vz_s1_p1_r5_a5_ac_full_l1_x4_y0_comp.tiff,20190709_p176_slide47_ac1_vz_s1_p1_r5_a5_ac_full_l1_x4_y0_filtered.tiff
578,578,316,193,578,487,5,215,30.0,209,110,108,1,2,T-REx-293_c1.0_tp96,96.0,"{'Pd102': 1, 'Pd104': 1, 'Pd105': 0, 'Pd106': 0, 'Pd108': 1, 'Pd110': 1, 'In113': 0, 'In115': 0}",1.0,176,1,2,B,B02,2,29,6,6,27,1,27,20190711_p176_slide39_ac1_vz,39,p176,T-REx-293,0,20190711_p176_slide39_ac1_vz_s1_p1_r6_a6_ac_full_l5_x316_y193_cell.tiff,20190711_p176_slide39_ac1_vz_s1_p1_r6_a6_ac_full_l5_x316_y193_cyto.tiff,20190711_p176_slide39_ac1_vz_s1_p1_r6_a6_ac_full_l5_x316_y193_nucleiexp.tiff,20190711_p176_slide39_ac1_vz_s1_p1_r6_a6_ac_full_l5_x316_y193_comp.tiff,20190711_p176_slide39_ac1_vz_s1_p1_r6_a6_ac_full_l5_x316_y193_filtered.tiff
722,722,252,865,447,434,4,258,30.0,133,99,99,0,2,T-REx-293_c1.0_tp96,96.0,"{'Pd102': 1, 'Pd104': 1, 'Pd105': 0, 'Pd106': 0, 'Pd108': 1, 'Pd110': 1, 'In113': 0, 'In115': 0}",1.0,176,1,2,B,B02,2,34,16,16,31,1,30,20190715_p176_slide30_ac1_vz,30,p176,T-REx-293,0,20190715_p176_slide30_ac1_vz_s1_p1_r16_a16_ac_full_l4_x252_y865_cell.tiff,20190715_p176_slide30_ac1_vz_s1_p1_r16_a16_ac_full_l4_x252_y865_cyto.tiff,20190715_p176_slide30_ac1_vz_s1_p1_r16_a16_ac_full_l4_x252_y865_nucleiexp.tiff,20190715_p176_slide30_ac1_vz_s1_p1_r16_a16_ac_full_l4_x252_y865_comp.tiff,20190715_p176_slide30_ac1_vz_s1_p1_r16_a16_ac_full_l4_x252_y865_filtered.tiff
88,88,346,217,402,384,2,23,30.0,133,60,60,0,20,HT-29_c1.0_tp96,96.0,"{'Pd102': 0, 'Pd104': 1, 'Pd105': 1, 'Pd106': 1, 'Pd108': 1, 'Pd110': 0, 'In113': 0, 'In115': 0}",1.0,176,1,11,B,B11,2,4,9,9,4,1,4,20190619_p176_slide43_ac1_vz,43,p176,HT-29,0,20190619_p176_slide43_ac1_vz_s1_p1_r9_a9_ac_full_l2_x346_y217_cell.tiff,20190619_p176_slide43_ac1_vz_s1_p1_r9_a9_ac_full_l2_x346_y217_cyto.tiff,20190619_p176_slide43_ac1_vz_s1_p1_r9_a9_ac_full_l2_x346_y217_nucleiexp.tiff,20190619_p176_slide43_ac1_vz_s1_p1_r9_a9_ac_full_l2_x346_y217_comp.tiff,20190619_p176_slide43_ac1_vz_s1_p1_r9_a9_ac_full_l2_x346_y217_filtered.tiff
234,234,0,0,364,368,1,92,30.0,106,63,60,1,20,HT-29_c1.0_tp96,96.0,"{'Pd102': 0, 'Pd104': 1, 'Pd105': 1, 'Pd106': 1, 'Pd108': 1, 'Pd110': 0, 'In113': 0, 'In115': 0}",1.0,176,1,11,B,B11,2,11,7,7,11,1,11,20190621_p176_slide36_ac1_vz,36,p176,HT-29,0,20190621_p176_slide36_ac1_vz_s1_p1_r7_a7_ac_full_l1_x0_y0_cell.tiff,20190621_p176_slide36_ac1_vz_s1_p1_r7_a7_ac_full_l1_x0_y0_cyto.tiff,20190621_p176_slide36_ac1_vz_s1_p1_r7_a7_ac_full_l1_x0_y0_nucleiexp.tiff,20190621_p176_slide36_ac1_vz_s1_p1_r7_a7_ac_full_l1_x0_y0_comp.tiff,20190621_p176_slide36_ac1_vz_s1_p1_r7_a7_ac_full_l1_x0_y0_filtered.tiff
345,345,88,237,297,347,2,158,30.0,89,44,42,1,20,HT-29_c1.0_tp96,96.0,"{'Pd102': 0, 'Pd104': 1, 'Pd105': 1, 'Pd106': 1, 'Pd108': 1, 'Pd110': 0, 'In113': 0, 'In115': 0}",1.0,176,1,11,B,B11,2,18,16,16,16,1,16,20190708_p176_slide33_ac1_vz,33,p176,HT-29,0,20190708_p176_slide33_ac1_vz_s1_p1_r16_a16_ac_full_l2_x88_y237_cell.tiff,20190708_p176_slide33_ac1_vz_s1_p1_r16_a16_ac_full_l2_x88_y237_cyto.tiff,20190708_p176_slide33_ac1_vz_s1_p1_r16_a16_ac_full_l2_x88_y237_nucleiexp.tiff,20190708_p176_slide33_ac1_vz_s1_p1_r16_a16_ac_full_l2_x88_y237_comp.tiff,20190708_p176_slide33_ac1_vz_s1_p1_r16_a16_ac_full_l2_x88_y237_filtered.tiff
450,450,0,0,352,381,1,177,30.0,58,35,35,0,20,HT-29_c1.0_tp96,96.0,"{'Pd102': 0, 'Pd104': 1, 'Pd105': 1, 'Pd106': 1, 'Pd108': 1, 'Pd110': 0, 'In113': 0, 'In115': 0}",1.0,176,1,11,B,B11,2,22,6,6,20,1,20,20190709_p176_slide47_ac1_vz,47,p176,HT-29,0,20190709_p176_slide47_ac1_vz_s1_p1_r6_a6_ac_full_l1_x0_y0_cell.tiff,20190709_p176_slide47_ac1_vz_s1_p1_r6_a6_ac_full_l1_x0_y0_cyto.tiff,20190709_p176_slide47_ac1_vz_s1_p1_r6_a6_ac_full_l1_x0_y0_nucleiexp.tiff,20190709_p176_slide47_ac1_vz_s1_p1_r6_a6_ac_full_l1_x0_y0_comp.tiff,20190709_p176_slide47_ac1_vz_s1_p1_r6_a6_ac_full_l1_x0_y0_filtered.tiff
576,576,70,0,398,399,3,215,30.0,169,61,61,0,20,HT-29_c1.0_tp96,96.0,"{'Pd102': 0, 'Pd104': 1, 'Pd105': 1, 'Pd106': 1, 'Pd108': 1, 'Pd110': 0, 'In113': 0, 'In115': 0}",1.0,176,1,11,B,B11,2,29,6,6,27,1,27,20190711_p176_slide39_ac1_vz,39,p176,HT-29,0,20190711_p176_slide39_ac1_vz_s1_p1_r6_a6_ac_full_l3_x70_y0_cell.tiff,20190711_p176_slide39_ac1_vz_s1_p1_r6_a6_ac_full_l3_x70_y0_cyto.tiff,20190711_p176_slide39_ac1_vz_s1_p1_r6_a6_ac_full_l3_x70_y0_nucleiexp.tiff,20190711_p176_slide39_ac1_vz_s1_p1_r6_a6_ac_full_l3_x70_y0_comp.tiff,20190711_p176_slide39_ac1_vz_s1_p1_r6_a6_ac_full_l3_x70_y0_filtered.tiff
91,91,0,0,200,217,1,26,30.0,53,19,19,0,95,HT-29_c0.25_tp72,72.0,"{'Pd102': 1, 'Pd104': 0, 'Pd105': 0, 'Pd106': 0, 'Pd108': 1, 'Pd110': 1, 'In113': 0, 'In115': 1}",0.25,173,1,9,F,F09,1,5,11,11,5,1,5,20190620_p173_slide19_ac1_vz,19,p173,HT-29,0,20190620_p173_slide19_ac1_vz_s1_p1_r11_a11_ac_full_l1_x0_y0_cell.tiff,20190620_p173_slide19_ac1_vz_s1_p1_r11_a11_ac_full_l1_x0_y0_cyto.tiff,20190620_p173_slide19_ac1_vz_s1_p1_r11_a11_ac_full_l1_x0_y0_nucleiexp.tiff,20190620_p173_slide19_ac1_vz_s1_p1_r11_a11_ac_full_l1_x0_y0_comp.tiff,20190620_p173_slide19_ac1_vz_s1_p1_r11_a11_ac_full_l1_x0_y0_filtered.tiff
184,184,267,0,246,216,2,72,30.0,48,32,32,0,95,HT-29_c0.25_tp72,72.0,"{'Pd102': 1, 'Pd104': 0, 'Pd105': 0, 'Pd106': 0, 'Pd108': 1, 'Pd110': 1, 'In113': 0, 'In115': 1}",0.25,173,1,9,F,F09,1,9,10,10,9,1,9,20190621_p173_slide13_ac1_vz,13,p173,HT-29,0,20190621_p173_slide13_ac1_vz_s1_p1_r10_a10_ac_full_l2_x267_y0_cell.tiff,20190621_p173_slide13_ac1_vz_s1_p1_r10_a10_ac_full_l2_x267_y0_cyto.tiff,20190621_p173_slide13_ac1_vz_s1_p1_r10_a10_ac_full_l2_x267_y0_nucleiexp.tiff,20190621_p173_slide13_ac1_vz_s1_p1_r10_a10_ac_full_l2_x267_y0_comp.tiff,20190621_p173_slide13_ac1_vz_s1_p1_r10_a10_ac_full_l2_x267_y0_filtered.tiff
599,599,130,0,226,254,2,220,30.0,101,31,29,1,95,HT-29_c0.25_tp72,72.0,"{'Pd102': 1, 'Pd104': 0, 'Pd105': 0, 'Pd106': 0, 'Pd108': 1, 'Pd110': 1, 'In113': 0, 'In115': 1}",0.25,173,1,9,F,F09,1,30,2,2,28,1,28,20190715_p173_slide16_ac1_vz,16,p173,HT-29,0,20190715_p173_slide16_ac1_vz_s1_p1_r2_a2_ac_full_l2_x130_y0_cell.tiff,20190715_p173_slide16_ac1_vz_s1_p1_r2_a2_ac_full_l2_x130_y0_cyto.tiff,20190715_p173_slide16_ac1_vz_s1_p1_r2_a2_ac_full_l2_x130_y0_nucleiexp.tiff,20190715_p173_slide16_ac1_vz_s1_p1_r2_a2_ac_full_l2_x130_y0_comp.tiff,20190715_p173_slide16_ac1_vz_s1_p1_r2_a2_ac_full_l2_x130_y0_filtered.tiff
620,620,134,0,225,257,2,231,30.0,91,18,15,1,95,HT-29_c0.25_tp72,72.0,"{'Pd102': 1, 'Pd104': 0, 'Pd105': 0, 'Pd106': 0, 'Pd108': 1, 'Pd110': 1, 'In113': 0, 'In115': 1}",0.25,173,1,9,F,F09,1,31,23,23,28,2,28,20190715_p173_slide16_ac1_vz,16,p173,HT-29,0,20190715_p173_slide16_ac1_vz_s1_p2_r23_a23_ac_full_l2_x134_y0_cell.tiff,20190715_p173_slide16_ac1_vz_s1_p2_r23_a23_ac_full_l2_x134_y0_cyto.tiff,20190715_p173_slide16_ac1_vz_s1_p2_r23_a23_ac_full_l2_x134_y0_nucleiexp.tiff,20190715_p173_slide16_ac1_vz_s1_p2_r23_a23_ac_full_l2_x134_y0_comp.tiff,20190715_p173_slide16_ac1_vz_s1_p2_r23_a23_ac_full_l2_x134_y0_filtered.tiff
95,95,0,0,431,486,1,30,30.0,168,85,85,0,5,T-REx-293_c1.0_tp72,72.0,"{'Pd102': 1, 'Pd104': 0, 'Pd105': 0, 'Pd106': 1, 'Pd108': 1, 'Pd110': 1, 'In113': 0, 'In115': 0}",1.0,173,1,4,B,B04,1,5,19,19,5,1,5,20190620_p173_slide19_ac1_vz,19,p173,T-REx-293,0,20190620_p173_slide19_ac1_vz_s1_p1_r19_a19_ac_full_l1_x0_y0_cell.tiff,20190620_p173_slide19_ac1_vz_s1_p1_r19_a19_ac_full_l1_x0_y0_cyto.tiff,20190620_p173_slide19_ac1_vz_s1_p1_r19_a19_ac_full_l1_x0_y0_nucleiexp.tiff,20190620_p173_slide19_ac1_vz_s1_p1_r19_a19_ac_full_l1_x0_y0_comp.tiff,20190620_p173_slide19_ac1_vz_s1_p1_r19_a19_ac_full_l1_x0_y0_filtered.tiff
195,195,5,0,507,391,1,75,30.0,141,80,80,0,5,T-REx-293_c1.0_tp72,72.0,"{'Pd102': 1, 'Pd104': 0, 'Pd105': 0, 'Pd106': 1, 'Pd108': 1, 'Pd110': 1, 'In113': 0, 'In115': 0}",1.0,173,1,4,B,B04,1,9,3,3,9,1,9,20190621_p173_slide13_ac1_vz,13,p173,T-REx-293,0,20190621_p173_slide13_ac1_vz_s1_p1_r3_a3_ac_full_l1_x5_y0_cell.tiff,20190621_p173_slide13_ac1_vz_s1_p1_r3_a3_ac_full_l1_x5_y0_cyto.tiff,20190621_p173_slide13_ac1_vz_s1_p1_r3_a3_ac_full_l1_x5_y0_nucleiexp.tiff,20190621_p173_slide13_ac1_vz_s1_p1_r3_a3_ac_full_l1_x5_y0_comp.tiff,20190621_p173_slide13_ac1_vz_s1_p1_r3_a3_ac_full_l1_x5_y0_filtered.tiff
261,261,12,0,296,298,1,101,30.0,100,34,34,0,5,T-REx-293_c1.0_tp72,72.0,"{'Pd102': 1, 'Pd104': 0, 'Pd105': 0, 'Pd106': 1, 'Pd108': 1, 'Pd110': 1, 'In113': 0, 'In115': 0}",1.0,173,1,4,B,B04,1,13,3,3,13,1,13,20190625_p173_slide10_ac1_vz,10,p173,T-REx-293,0,20190625_p173_slide10_ac1_vz_s1_p1_r3_a3_ac_full_l1_x12_y0_cell.tiff,20190625_p173_slide10_ac1_vz_s1_p1_r3_a3_ac_full_l1_x12_y0_cyto.tiff,20190625_p173_slide10_ac1_vz_s1_p1_r3_a3_ac_full_l1_x12_y0_nucleiexp.tiff,20190625_p173_slide10_ac1_vz_s1_p1_r3_a3_ac_full_l1_x12_y0_comp.tiff,20190625_p173_slide10_ac1_vz_s1_p1_r3_a3_ac_full_l1_x12_y0_filtered.tiff
275,275,0,0,271,243,1,110,30.0,81,43,43,0,5,T-REx-293_c1.0_tp72,72.0,"{'Pd102': 1, 'Pd104': 0, 'Pd105': 0, 'Pd106': 1, 'Pd108': 1, 'Pd110': 1, 'In113': 0, 'In115': 0}",1.0,173,1,4,B,B04,1,14,17,17,14,4,14,20190708_p173_slide26_ac1_vz,26,p173,T-REx-293,0,20190708_p173_slide26_ac1_vz_s1_p4_r17_a17_ac_full_l1_x0_y0_cell.tiff,20190708_p173_slide26_ac1_vz_s1_p4_r17_a17_ac_full_l1_x0_y0_cyto.tiff,20190708_p173_slide26_ac1_vz_s1_p4_r17_a17_ac_full_l1_x0_y0_nucleiexp.tiff,20190708_p173_slide26_ac1_vz_s1_p4_r17_a17_ac_full_l1_x0_y0_comp.tiff,20190708_p173_slide26_ac1_vz_s1_p4_r17_a17_ac_full_l1_x0_y0_filtered.tiff
300,300,0,0,219,294,1,128,30.0,88,28,28,0,5,T-REx-293_c1.0_tp72,72.0,"{'Pd102': 1, 'Pd104': 0, 'Pd105': 0, 'Pd106': 1, 'Pd108': 1, 'Pd110': 1, 'In113': 0, 'In115': 0}",1.0,173,1,4,B,B04,1,15,71,71,14,5,14,20190708_p173_slide26_ac1_vz,26,p173,T-REx-293,0,20190708_p173_slide26_ac1_vz_s1_p5_r71_a71_ac_full_l1_x0_y0_cell.tiff,20190708_p173_slide26_ac1_vz_s1_p5_r71_a71_ac_full_l1_x0_y0_cyto.tiff,20190708_p173_slide26_ac1_vz_s1_p5_r71_a71_ac_full_l1_x0_y0_nucleiexp.tiff,20190708_p173_slide26_ac1_vz_s1_p5_r71_a71_ac_full_l1_x0_y0_comp.tiff,20190708_p173_slide26_ac1_vz_s1_p5_r71_a71_ac_full_l1_x0_y0_filtered.tiff
589,589,1051,52,387,540,11,219,30.0,83,82,82,0,5,T-REx-293_c1.0_tp72,72.0,"{'Pd102': 1, 'Pd104': 0, 'Pd105': 0, 'Pd106': 1, 'Pd108': 1, 'Pd110': 1, 'In113': 0, 'In115': 0}",1.0,173,1,4,B,B04,1,30,17,17,28,1,28,20190715_p173_slide16_ac1_vz,16,p173,T-REx-293,0,20190715_p173_slide16_ac1_vz_s1_p1_r17_a17_ac_full_l11_x1051_y52_cell.tiff,20190715_p173_slide16_ac1_vz_s1_p1_r17_a17_ac_full_l11_x1051_y52_cyto.tiff,20190715_p173_slide16_ac1_vz_s1_p1_r17_a17_ac_full_l11_x1051_y52_nucleiexp.tiff,20190715_p173_slide16_ac1_vz_s1_p1_r17_a17_ac_full_l11_x1051_y52_comp.tiff,20190715_p173_slide16_ac1_vz_s1_p1_r17_a17_ac_full_l11_x1051_y52_filtered.tiff
98,98,625,22,208,170,10,32,30.0,10,13,11,1,91,HT-29_c0.25_tp72,72.0,"{'Pd102': 0, 'Pd104': 0, 'Pd105': 1, 'Pd106': 1, 'Pd108': 0, 'Pd110': 1, 'In113': 0, 'In115': 1}",0.25,173,1,7,F,F07,1,5,22,22,5,1,5,20190620_p173_slide19_ac1_vz,19,p173,HT-29,1,20190620_p173_slide19_ac1_vz_s1_p1_r22_a22_ac_full_l10_x625_y22_cell.tiff,20190620_p173_slide19_ac1_vz_s1_p1_r22_a22_ac_full_l10_x625_y22_cyto.tiff,20190620_p173_slide19_ac1_vz_s1_p1_r22_a22_ac_full_l10_x625_y22_nucleiexp.tiff,20190620_p173_slide19_ac1_vz_s1_p1_r22_a22_ac_full_l10_x625_y22_comp.tiff,20190620_p173_slide19_ac1_vz_s1_p1_r22_a22_ac_full_l10_x625_y22_filtered.tiff
270,270,0,0,183,200,1,107,30.0,39,70,69,1,91,HT-29_c0.25_tp72,72.0,"{'Pd102': 0, 'Pd104': 0, 'Pd105': 1, 'Pd106': 1, 'Pd108': 0, 'Pd110': 1, 'In113': 0, 'In115': 1}",0.25,173,1,7,F,F07,1,14,10,10,14,4,14,20190708_p173_slide26_ac1_vz,26,p173,HT-29,1,20190708_p173_slide26_ac1_vz_s1_p4_r10_a10_ac_full_l1_x0_y0_cell.tiff,20190708_p173_slide26_ac1_vz_s1_p4_r10_a10_ac_full_l1_x0_y0_cyto.tiff,20190708_p173_slide26_ac1_vz_s1_p4_r10_a10_ac_full_l1_x0_y0_nucleiexp.tiff,20190708_p173_slide26_ac1_vz_s1_p4_r10_a10_ac_full_l1_x0_y0_comp.tiff,20190708_p173_slide26_ac1_vz_s1_p4_r10_a10_ac_full_l1_x0_y0_filtered.tiff
308,308,186,655,198,203,5,132,30.0,27,66,65,1,91,HT-29_c0.25_tp72,72.0,"{'Pd102': 0, 'Pd104': 0, 'Pd105': 1, 'Pd106': 1, 'Pd108': 0, 'Pd110': 1, 'In113': 0, 'In115': 1}",0.25,173,1,7,F,F07,1,15,77,77,14,5,14,20190708_p173_slide26_ac1_vz,26,p173,HT-29,1,20190708_p173_slide26_ac1_vz_s1_p5_r77_a77_ac_full_l5_x186_y655_cell.tiff,20190708_p173_slide26_ac1_vz_s1_p5_r77_a77_ac_full_l5_x186_y655_cyto.tiff,20190708_p173_slide26_ac1_vz_s1_p5_r77_a77_ac_full_l5_x186_y655_nucleiexp.tiff,20190708_p173_slide26_ac1_vz_s1_p5_r77_a77_ac_full_l5_x186_y655_comp.tiff,20190708_p173_slide26_ac1_vz_s1_p5_r77_a77_ac_full_l5_x186_y655_filtered.tiff
322,322,63,280,181,200,2,140,30.0,21,39,39,0,91,HT-29_c0.25_tp72,72.0,"{'Pd102': 0, 'Pd104': 0, 'Pd105': 1, 'Pd106': 1, 'Pd108': 0, 'Pd110': 1, 'In113': 0, 'In115': 1}",0.25,173,1,7,F,F07,1,16,46,46,14,6,14,20190708_p173_slide26_ac1_vz,26,p173,HT-29,1,20190708_p173_slide26_ac1_vz_s1_p6_r46_a46_ac_full_l2_x63_y280_cell.tiff,20190708_p173_slide26_ac1_vz_s1_p6_r46_a46_ac_full_l2_x63_y280_cyto.tiff,20190708_p173_slide26_ac1_vz_s1_p6_r46_a46_ac_full_l2_x63_y280_nucleiexp.tiff,20190708_p173_slide26_ac1_vz_s1_p6_r46_a46_ac_full_l2_x63_y280_comp.tiff,20190708_p173_slide26_ac1_vz_s1_p6_r46_a46_ac_full_l2_x63_y280_filtered.tiff
673,673,30,183,218,261,2,253,30.0,72,42,41,1,91,HT-29_c0.25_tp72,72.0,"{'Pd102': 0, 'Pd104': 0, 'Pd105': 1, 'Pd106': 1, 'Pd108': 0, 'Pd110': 1, 'In113': 0, 'In115': 1}",0.25,173,1,7,F,F07,1,32,6,6,29,1,29,20190715_p173_slide22_ac1_vz,22,p173,HT-29,1,20190715_p173_slide22_ac1_vz_s1_p1_r6_a6_ac_full_l2_x30_y183_cell.tiff,20190715_p173_slide22_ac1_vz_s1_p1_r6_a6_ac_full_l2_x30_y183_cyto.tiff,20190715_p173_slide22_ac1_vz_s1_p1_r6_a6_ac_full_l2_x30_y183_nucleiexp.tiff,20190715_p173_slide22_ac1_vz_s1_p1_r6_a6_ac_full_l2_x30_y183_comp.tiff,20190715_p173_slide22_ac1_vz_s1_p1_r6_a6_ac_full_l2_x30_y183_filtered.tiff
102,102,887,437,360,326,14,32,30.0,126,52,49,1,109,DLD-1_c0.5_tp72,72.0,"{'Pd102': 0, 'Pd104': 1, 'Pd105': 0, 'Pd106': 1, 'Pd108': 0, 'Pd110': 0, 'In113': 1, 'In115': 1}",0.5,173,1,6,G,G06,1,5,22,22,5,1,5,20190620_p173_slide19_ac1_vz,19,p173,DLD-1,1,20190620_p173_slide19_ac1_vz_s1_p1_r22_a22_ac_full_l14_x887_y437_cell.tiff,20190620_p173_slide19_ac1_vz_s1_p1_r22_a22_ac_full_l14_x887_y437_cyto.tiff,20190620_p173_slide19_ac1_vz_s1_p1_r22_a22_ac_full_l14_x887_y437_nucleiexp.tiff,20190620_p173_slide19_ac1_vz_s1_p1_r22_a22_ac_full_l14_x887_y437_comp.tiff,20190620_p173_slide19_ac1_vz_s1_p1_r22_a22_ac_full_l14_x887_y437_filtered.tiff
206,206,347,700,160,166,7,77,30.0,17,25,24,1,109,DLD-1_c0.5_tp72,72.0,"{'Pd102': 0, 'Pd104': 1, 'Pd105': 0, 'Pd106': 1, 'Pd108': 0, 'Pd110': 0, 'In113': 1, 'In115': 1}",0.5,173,1,6,G,G06,1,9,8,8,9,1,9,20190621_p173_slide13_ac1_vz,13,p173,DLD-1,1,20190621_p173_slide13_ac1_vz_s1_p1_r8_a8_ac_full_l7_x347_y700_cell.tiff,20190621_p173_slide13_ac1_vz_s1_p1_r8_a8_ac_full_l7_x347_y700_cyto.tiff,20190621_p173_slide13_ac1_vz_s1_p1_r8_a8_ac_full_l7_x347_y700_nucleiexp.tiff,20190621_p173_slide13_ac1_vz_s1_p1_r8_a8_ac_full_l7_x347_y700_comp.tiff,20190621_p173_slide13_ac1_vz_s1_p1_r8_a8_ac_full_l7_x347_y700_filtered.tiff
291,291,133,0,257,310,3,119,30.0,101,35,33,1,109,DLD-1_c0.5_tp72,72.0,"{'Pd102': 0, 'Pd104': 1, 'Pd105': 0, 'Pd106': 1, 'Pd108': 0, 'Pd110': 0, 'In113': 1, 'In115': 1}",0.5,173,1,6,G,G06,1,14,5,5,14,4,14,20190708_p173_slide26_ac1_vz,26,p173,DLD-1,1,20190708_p173_slide26_ac1_vz_s1_p4_r5_a5_ac_full_l3_x133_y0_cell.tiff,20190708_p173_slide26_ac1_vz_s1_p4_r5_a5_ac_full_l3_x133_y0_cyto.tiff,20190708_p173_slide26_ac1_vz_s1_p4_r5_a5_ac_full_l3_x133_y0_nucleiexp.tiff,20190708_p173_slide26_ac1_vz_s1_p4_r5_a5_ac_full_l3_x133_y0_comp.tiff,20190708_p173_slide26_ac1_vz_s1_p4_r5_a5_ac_full_l3_x133_y0_filtered.tiff
307,307,121,0,270,301,4,132,30.0,113,42,42,0,109,DLD-1_c0.5_tp72,72.0,"{'Pd102': 0, 'Pd104': 1, 'Pd105': 0, 'Pd106': 1, 'Pd108': 0, 'Pd110': 0, 'In113': 1, 'In115': 1}",0.5,173,1,6,G,G06,1,15,77,77,14,5,14,20190708_p173_slide26_ac1_vz,26,p173,DLD-1,1,20190708_p173_slide26_ac1_vz_s1_p5_r77_a77_ac_full_l4_x121_y0_cell.tiff,20190708_p173_slide26_ac1_vz_s1_p5_r77_a77_ac_full_l4_x121_y0_cyto.tiff,20190708_p173_slide26_ac1_vz_s1_p5_r77_a77_ac_full_l4_x121_y0_nucleiexp.tiff,20190708_p173_slide26_ac1_vz_s1_p5_r77_a77_ac_full_l4_x121_y0_comp.tiff,20190708_p173_slide26_ac1_vz_s1_p5_r77_a77_ac_full_l4_x121_y0_filtered.tiff
317,317,0,0,204,273,1,136,30.0,93,38,36,1,109,DLD-1_c0.5_tp72,72.0,"{'Pd102': 0, 'Pd104': 1, 'Pd105': 0, 'Pd106': 1, 'Pd108': 0, 'Pd110': 0, 'In113': 1, 'In115': 1}",0.5,173,1,6,G,G06,1,16,35,35,14,6,14,20190708_p173_slide26_ac1_vz,26,p173,DLD-1,1,20190708_p173_slide26_ac1_vz_s1_p6_r35_a35_ac_full_l1_x0_y0_cell.tiff,20190708_p173_slide26_ac1_vz_s1_p6_r35_a35_ac_full_l1_x0_y0_cyto.tiff,20190708_p173_slide26_ac1_vz_s1_p6_r35_a35_ac_full_l1_x0_y0_nucleiexp.tiff,20190708_p173_slide26_ac1_vz_s1_p6_r35_a35_ac_full_l1_x0_y0_comp.tiff,20190708_p173_slide26_ac1_vz_s1_p6_r35_a35_ac_full_l1_x0_y0_filtered.tiff
554,554,0,2,197,229,1,199,30.0,59,36,36,0,109,DLD-1_c0.5_tp72,72.0,"{'Pd102': 0, 'Pd104': 1, 'Pd105': 0, 'Pd106': 1, 'Pd108': 0, 'Pd110': 0, 'In113': 1, 'In115': 1}",0.5,173,1,6,G,G06,1,27,2,2,25,1,25,20190711_p173_slide28_ac1_vz,28,p173,DLD-1,1,20190711_p173_slide28_ac1_vz_s1_p1_r2_a2_ac_full_l1_x0_y2_cell.tiff,20190711_p173_slide28_ac1_vz_s1_p1_r2_a2_ac_full_l1_x0_y2_cyto.tiff,20190711_p173_slide28_ac1_vz_s1_p1_r2_a2_ac_full_l1_x0_y2_nucleiexp.tiff,20190711_p173_slide28_ac1_vz_s1_p1_r2_a2_ac_full_l1_x0_y2_comp.tiff,20190711_p173_slide28_ac1_vz_s1_p1_r2_a2_ac_full_l1_x0_y2_filtered.tiff
643,643,392,501,283,299,5,238,30.0,105,38,38,0,109,DLD-1_c0.5_tp72,72.0,"{'Pd102': 0, 'Pd104': 1, 'Pd105': 0, 'Pd106': 1, 'Pd108': 0, 'Pd110': 0, 'In113': 1, 'In115': 1}",0.5,173,1,6,G,G06,1,31,37,37,28,2,28,20190715_p173_slide16_ac1_vz,16,p173,DLD-1,1,20190715_p173_slide16_ac1_vz_s1_p2_r37_a37_ac_full_l5_x392_y501_cell.tiff,20190715_p173_slide16_ac1_vz_s1_p2_r37_a37_ac_full_l5_x392_y501_cyto.tiff,20190715_p173_slide16_ac1_vz_s1_p2_r37_a37_ac_full_l5_x392_y501_nucleiexp.tiff,20190715_p173_slide16_ac1_vz_s1_p2_r37_a37_ac_full_l5_x392_y501_comp.tiff,20190715_p173_slide16_ac1_vz_s1_p2_r37_a37_ac_full_l5_x392_y501_filtered.tiff
664,664,36,128,295,353,2,249,30.0,141,42,41,1,109,DLD-1_c0.5_tp72,72.0,"{'Pd102': 0, 'Pd104': 1, 'Pd105': 0, 'Pd106': 1, 'Pd108': 0, 'Pd110': 0, 'In113': 1, 'In115': 1}",0.5,173,1,6,G,G06,1,32,24,24,29,1,29,20190715_p173_slide22_ac1_vz,22,p173,DLD-1,1,20190715_p173_slide22_ac1_vz_s1_p1_r24_a24_ac_full_l2_x36_y128_cell.tiff,20190715_p173_slide22_ac1_vz_s1_p1_r24_a24_ac_full_l2_x36_y128_cyto.tiff,20190715_p173_slide22_ac1_vz_s1_p1_r24_a24_ac_full_l2_x36_y128_nucleiexp.tiff,20190715_p173_slide22_ac1_vz_s1_p1_r24_a24_ac_full_l2_x36_y128_comp.tiff,20190715_p173_slide22_ac1_vz_s1_p1_r24_a24_ac_full_l2_x36_y128_filtered.tiff
104,104,1215,515,185,179,16,32,30.0,30,25,25,0,103,T-47D_c0.25_tp72,72.0,"{'Pd102': 1, 'Pd104': 0, 'Pd105': 1, 'Pd106': 0, 'Pd108': 0, 'Pd110': 0, 'In113': 1, 'In115': 1}",0.25,173,1,3,G,G03,1,5,22,22,5,1,5,20190620_p173_slide19_ac1_vz,19,p173,T-47D,1,20190620_p173_slide19_ac1_vz_s1_p1_r22_a22_ac_full_l16_x1215_y515_cell.tiff,20190620_p173_slide19_ac1_vz_s1_p1_r22_a22_ac_full_l16_x1215_y515_cyto.tiff,20190620_p173_slide19_ac1_vz_s1_p1_r22_a22_ac_full_l16_x1215_y515_nucleiexp.tiff,20190620_p173_slide19_ac1_vz_s1_p1_r22_a22_ac_full_l16_x1215_y515_comp.tiff,20190620_p173_slide19_ac1_vz_s1_p1_r22_a22_ac_full_l16_x1215_y515_filtered.tiff
205,205,274,451,205,209,6,77,30.0,37,26,25,1,103,T-47D_c0.25_tp72,72.0,"{'Pd102': 1, 'Pd104': 0, 'Pd105': 1, 'Pd106': 0, 'Pd108': 0, 'Pd110': 0, 'In113': 1, 'In115': 1}",0.25,173,1,3,G,G03,1,9,8,8,9,1,9,20190621_p173_slide13_ac1_vz,13,p173,T-47D,1,20190621_p173_slide13_ac1_vz_s1_p1_r8_a8_ac_full_l6_x274_y451_cell.tiff,20190621_p173_slide13_ac1_vz_s1_p1_r8_a8_ac_full_l6_x274_y451_cyto.tiff,20190621_p173_slide13_ac1_vz_s1_p1_r8_a8_ac_full_l6_x274_y451_nucleiexp.tiff,20190621_p173_slide13_ac1_vz_s1_p1_r8_a8_ac_full_l6_x274_y451_comp.tiff,20190621_p173_slide13_ac1_vz_s1_p1_r8_a8_ac_full_l6_x274_y451_filtered.tiff
592,592,235,489,225,223,4,219,30.0,47,29,27,1,103,T-47D_c0.25_tp72,72.0,"{'Pd102': 1, 'Pd104': 0, 'Pd105': 1, 'Pd106': 0, 'Pd108': 0, 'Pd110': 0, 'In113': 1, 'In115': 1}",0.25,173,1,3,G,G03,1,30,17,17,28,1,28,20190715_p173_slide16_ac1_vz,16,p173,T-47D,1,20190715_p173_slide16_ac1_vz_s1_p1_r17_a17_ac_full_l4_x235_y489_cell.tiff,20190715_p173_slide16_ac1_vz_s1_p1_r17_a17_ac_full_l4_x235_y489_cyto.tiff,20190715_p173_slide16_ac1_vz_s1_p1_r17_a17_ac_full_l4_x235_y489_nucleiexp.tiff,20190715_p173_slide16_ac1_vz_s1_p1_r17_a17_ac_full_l4_x235_y489_comp.tiff,20190715_p173_slide16_ac1_vz_s1_p1_r17_a17_ac_full_l4_x235_y489_filtered.tiff
642,642,212,439,227,200,4,238,30.0,68,25,22,1,103,T-47D_c0.25_tp72,72.0,"{'Pd102': 1, 'Pd104': 0, 'Pd105': 1, 'Pd106': 0, 'Pd108': 0, 'Pd110': 0, 'In113': 1, 'In115': 1}",0.25,173,1,3,G,G03,1,31,37,37,28,2,28,20190715_p173_slide16_ac1_vz,16,p173,T-47D,1,20190715_p173_slide16_ac1_vz_s1_p2_r37_a37_ac_full_l4_x212_y439_cell.tiff,20190715_p173_slide16_ac1_vz_s1_p2_r37_a37_ac_full_l4_x212_y439_cyto.tiff,20190715_p173_slide16_ac1_vz_s1_p2_r37_a37_ac_full_l4_x212_y439_nucleiexp.tiff,20190715_p173_slide16_ac1_vz_s1_p2_r37_a37_ac_full_l4_x212_y439_comp.tiff,20190715_p173_slide16_ac1_vz_s1_p2_r37_a37_ac_full_l4_x212_y439_filtered.tiff
105,105,1296,407,205,170,17,32,30.0,30,21,21,0,75,T-47D_c0.5_tp72,72.0,"{'Pd102': 1, 'Pd104': 1, 'Pd105': 0, 'Pd106': 1, 'Pd108': 0, 'Pd110': 0, 'In113': 0, 'In115': 1}",0.5,173,1,9,E,E09,1,5,22,22,5,1,5,20190620_p173_slide19_ac1_vz,19,p173,T-47D,0,20190620_p173_slide19_ac1_vz_s1_p1_r22_a22_ac_full_l17_x1296_y407_cell.tiff,20190620_p173_slide19_ac1_vz_s1_p1_r22_a22_ac_full_l17_x1296_y407_cyto.tiff,20190620_p173_slide19_ac1_vz_s1_p1_r22_a22_ac_full_l17_x1296_y407_nucleiexp.tiff,20190620_p173_slide19_ac1_vz_s1_p1_r22_a22_ac_full_l17_x1296_y407_comp.tiff,20190620_p173_slide19_ac1_vz_s1_p1_r22_a22_ac_full_l17_x1296_y407_filtered.tiff
201,201,85,426,205,232,2,77,30.0,69,32,28,1,75,T-47D_c0.5_tp72,72.0,"{'Pd102': 1, 'Pd104': 1, 'Pd105': 0, 'Pd106': 1, 'Pd108': 0, 'Pd110': 0, 'In113': 0, 'In115': 1}",0.5,173,1,9,E,E09,1,9,8,8,9,1,9,20190621_p173_slide13_ac1_vz,13,p173,T-47D,0,20190621_p173_slide13_ac1_vz_s1_p1_r8_a8_ac_full_l2_x85_y426_cell.tiff,20190621_p173_slide13_ac1_vz_s1_p1_r8_a8_ac_full_l2_x85_y426_cyto.tiff,20190621_p173_slide13_ac1_vz_s1_p1_r8_a8_ac_full_l2_x85_y426_nucleiexp.tiff,20190621_p173_slide13_ac1_vz_s1_p1_r8_a8_ac_full_l2_x85_y426_comp.tiff,20190621_p173_slide13_ac1_vz_s1_p1_r8_a8_ac_full_l2_x85_y426_filtered.tiff
242,242,0,362,169,181,1,98,30.0,38,24,24,0,75,T-47D_c0.5_tp72,72.0,"{'Pd102': 1, 'Pd104': 1, 'Pd105': 0, 'Pd106': 1, 'Pd108': 0, 'Pd110': 0, 'In113': 0, 'In115': 1}",0.5,173,1,9,E,E09,1,13,17,17,13,1,13,20190625_p173_slide10_ac1_vz,10,p173,T-47D,0,20190625_p173_slide10_ac1_vz_s1_p1_r17_a17_ac_full_l1_x0_y362_cell.tiff,20190625_p173_slide10_ac1_vz_s1_p1_r17_a17_ac_full_l1_x0_y362_cyto.tiff,20190625_p173_slide10_ac1_vz_s1_p1_r17_a17_ac_full_l1_x0_y362_nucleiexp.tiff,20190625_p173_slide10_ac1_vz_s1_p1_r17_a17_ac_full_l1_x0_y362_comp.tiff,20190625_p173_slide10_ac1_vz_s1_p1_r17_a17_ac_full_l1_x0_y362_filtered.tiff
591,591,113,600,237,186,3,219,30.0,69,25,25,0,75,T-47D_c0.5_tp72,72.0,"{'Pd102': 1, 'Pd104': 1, 'Pd105': 0, 'Pd106': 1, 'Pd108': 0, 'Pd110': 0, 'In113': 0, 'In115': 1}",0.5,173,1,9,E,E09,1,30,17,17,28,1,28,20190715_p173_slide16_ac1_vz,16,p173,T-47D,0,20190715_p173_slide16_ac1_vz_s1_p1_r17_a17_ac_full_l3_x113_y600_cell.tiff,20190715_p173_slide16_ac1_vz_s1_p1_r17_a17_ac_full_l3_x113_y600_cyto.tiff,20190715_p173_slide16_ac1_vz_s1_p1_r17_a17_ac_full_l3_x113_y600_nucleiexp.tiff,20190715_p173_slide16_ac1_vz_s1_p1_r17_a17_ac_full_l3_x113_y600_comp.tiff,20190715_p173_slide16_ac1_vz_s1_p1_r17_a17_ac_full_l3_x113_y600_filtered.tiff
641,641,89,542,237,189,3,238,30.0,58,26,25,1,75,T-47D_c0.5_tp72,72.0,"{'Pd102': 1, 'Pd104': 1, 'Pd105': 0, 'Pd106': 1, 'Pd108': 0, 'Pd110': 0, 'In113': 0, 'In115': 1}",0.5,173,1,9,E,E09,1,31,37,37,28,2,28,20190715_p173_slide16_ac1_vz,16,p173,T-47D,0,20190715_p173_slide16_ac1_vz_s1_p2_r37_a37_ac_full_l3_x89_y542_cell.tiff,20190715_p173_slide16_ac1_vz_s1_p2_r37_a37_ac_full_l3_x89_y542_cyto.tiff,20190715_p173_slide16_ac1_vz_s1_p2_r37_a37_ac_full_l3_x89_y542_nucleiexp.tiff,20190715_p173_slide16_ac1_vz_s1_p2_r37_a37_ac_full_l3_x89_y542_comp.tiff,20190715_p173_slide16_ac1_vz_s1_p2_r37_a37_ac_full_l3_x89_y542_filtered.tiff
107,107,5,0,347,286,2,32,30.0,73,76,76,0,31,T-47D_c1.0_tp72,72.0,"{'Pd102': 0, 'Pd104': 0, 'Pd105': 1, 'Pd106': 1, 'Pd108': 1, 'Pd110': 0, 'In113': 1, 'In115': 0}",1.0,173,1,7,C,C07,1,5,22,22,5,1,5,20190620_p173_slide19_ac1_vz,19,p173,T-47D,1,20190620_p173_slide19_ac1_vz_s1_p1_r22_a22_ac_full_l2_x5_y0_cell.tiff,20190620_p173_slide19_ac1_vz_s1_p1_r22_a22_ac_full_l2_x5_y0_cyto.tiff,20190620_p173_slide19_ac1_vz_s1_p1_r22_a22_ac_full_l2_x5_y0_nucleiexp.tiff,20190620_p173_slide19_ac1_vz_s1_p1_r22_a22_ac_full_l2_x5_y0_comp.tiff,20190620_p173_slide19_ac1_vz_s1_p1_r22_a22_ac_full_l2_x5_y0_filtered.tiff
668,668,41,220,195,163,1,251,30.0,12,44,44,0,31,T-47D_c1.0_tp72,72.0,"{'Pd102': 0, 'Pd104': 0, 'Pd105': 1, 'Pd106': 1, 'Pd108': 1, 'Pd110': 0, 'In113': 1, 'In115': 0}",1.0,173,1,7,C,C07,1,32,27,27,29,1,29,20190715_p173_slide22_ac1_vz,22,p173,T-47D,1,20190715_p173_slide22_ac1_vz_s1_p1_r27_a27_ac_full_l1_x41_y220_cell.tiff,20190715_p173_slide22_ac1_vz_s1_p1_r27_a27_ac_full_l1_x41_y220_cyto.tiff,20190715_p173_slide22_ac1_vz_s1_p1_r27_a27_ac_full_l1_x41_y220_nucleiexp.tiff,20190715_p173_slide22_ac1_vz_s1_p1_r27_a27_ac_full_l1_x41_y220_comp.tiff,20190715_p173_slide22_ac1_vz_s1_p1_r27_a27_ac_full_l1_x41_y220_filtered.tiff
115,115,0,0,228,260,1,33,30.0,56,32,31,1,57,T-REx-293_c0.5_tp72,72.0,"{'Pd102': 1, 'Pd104': 0, 'Pd105': 1, 'Pd106': 1, 'Pd108': 0, 'Pd110': 0, 'In113': 1, 'In115': 0}",0.5,173,1,10,D,D10,1,5,3,3,5,1,5,20190620_p173_slide19_ac1_vz,19,p173,T-REx-293,1,20190620_p173_slide19_ac1_vz_s1_p1_r3_a3_ac_full_l1_x0_y0_cell.tiff,20190620_p173_slide19_ac1_vz_s1_p1_r3_a3_ac_full_l1_x0_y0_cyto.tiff,20190620_p173_slide19_ac1_vz_s1_p1_r3_a3_ac_full_l1_x0_y0_nucleiexp.tiff,20190620_p173_slide19_ac1_vz_s1_p1_r3_a3_ac_full_l1_x0_y0_comp.tiff,20190620_p173_slide19_ac1_vz_s1_p1_r3_a3_ac_full_l1_x0_y0_filtered.tiff
285,285,232,0,442,347,2,118,30.0,120,95,94,1,57,T-REx-293_c0.5_tp72,72.0,"{'Pd102': 1, 'Pd104': 0, 'Pd105': 1, 'Pd106': 1, 'Pd108': 0, 'Pd110': 0, 'In113': 1, 'In115': 0}",0.5,173,1,10,D,D10,1,14,31,31,14,4,14,20190708_p173_slide26_ac1_vz,26,p173,T-REx-293,1,20190708_p173_slide26_ac1_vz_s1_p4_r31_a31_ac_full_l2_x232_y0_cell.tiff,20190708_p173_slide26_ac1_vz_s1_p4_r31_a31_ac_full_l2_x232_y0_cyto.tiff,20190708_p173_slide26_ac1_vz_s1_p4_r31_a31_ac_full_l2_x232_y0_nucleiexp.tiff,20190708_p173_slide26_ac1_vz_s1_p4_r31_a31_ac_full_l2_x232_y0_comp.tiff,20190708_p173_slide26_ac1_vz_s1_p4_r31_a31_ac_full_l2_x232_y0_filtered.tiff
311,311,71,461,384,398,2,133,30.0,92,92,92,0,57,T-REx-293_c0.5_tp72,72.0,"{'Pd102': 1, 'Pd104': 0, 'Pd105': 1, 'Pd106': 1, 'Pd108': 0, 'Pd110': 0, 'In113': 1, 'In115': 0}",0.5,173,1,10,D,D10,1,15,78,78,14,5,14,20190708_p173_slide26_ac1_vz,26,p173,T-REx-293,1,20190708_p173_slide26_ac1_vz_s1_p5_r78_a78_ac_full_l2_x71_y461_cell.tiff,20190708_p173_slide26_ac1_vz_s1_p5_r78_a78_ac_full_l2_x71_y461_cyto.tiff,20190708_p173_slide26_ac1_vz_s1_p5_r78_a78_ac_full_l2_x71_y461_nucleiexp.tiff,20190708_p173_slide26_ac1_vz_s1_p5_r78_a78_ac_full_l2_x71_y461_comp.tiff,20190708_p173_slide26_ac1_vz_s1_p5_r78_a78_ac_full_l2_x71_y461_filtered.tiff
333,333,180,0,373,369,2,148,30.0,92,105,104,1,57,T-REx-293_c0.5_tp72,72.0,"{'Pd102': 1, 'Pd104': 0, 'Pd105': 1, 'Pd106': 1, 'Pd108': 0, 'Pd110': 0, 'In113': 1, 'In115': 0}",0.5,173,1,10,D,D10,1,16,63,63,14,6,14,20190708_p173_slide26_ac1_vz,26,p173,T-REx-293,1,20190708_p173_slide26_ac1_vz_s1_p6_r63_a63_ac_full_l2_x180_y0_cell.tiff,20190708_p173_slide26_ac1_vz_s1_p6_r63_a63_ac_full_l2_x180_y0_cyto.tiff,20190708_p173_slide26_ac1_vz_s1_p6_r63_a63_ac_full_l2_x180_y0_nucleiexp.tiff,20190708_p173_slide26_ac1_vz_s1_p6_r63_a63_ac_full_l2_x180_y0_comp.tiff,20190708_p173_slide26_ac1_vz_s1_p6_r63_a63_ac_full_l2_x180_y0_filtered.tiff
660,660,207,0,381,378,2,246,30.0,68,57,56,1,57,T-REx-293_c0.5_tp72,72.0,"{'Pd102': 1, 'Pd104': 0, 'Pd105': 1, 'Pd106': 1, 'Pd108': 0, 'Pd110': 0, 'In113': 1, 'In115': 0}",0.5,173,1,10,D,D10,1,32,18,18,29,1,29,20190715_p173_slide22_ac1_vz,22,p173,T-REx-293,1,20190715_p173_slide22_ac1_vz_s1_p1_r18_a18_ac_full_l2_x207_y0_cell.tiff,20190715_p173_slide22_ac1_vz_s1_p1_r18_a18_ac_full_l2_x207_y0_cyto.tiff,20190715_p173_slide22_ac1_vz_s1_p1_r18_a18_ac_full_l2_x207_y0_nucleiexp.tiff,20190715_p173_slide22_ac1_vz_s1_p1_r18_a18_ac_full_l2_x207_y0_comp.tiff,20190715_p173_slide22_ac1_vz_s1_p1_r18_a18_ac_full_l2_x207_y0_filtered.tiff
120,120,0,221,273,252,1,37,30.0,31,22,21,1,87,HT-29_c0.25_tp72,72.0,"{'Pd102': 0, 'Pd104': 1, 'Pd105': 1, 'Pd106': 0, 'Pd108': 0, 'Pd110': 1, 'In113': 0, 'In115': 1}",0.25,173,1,5,F,F05,1,5,9,9,5,1,5,20190620_p173_slide19_ac1_vz,19,p173,HT-29,0,20190620_p173_slide19_ac1_vz_s1_p1_r9_a9_ac_full_l1_x0_y221_cell.tiff,20190620_p173_slide19_ac1_vz_s1_p1_r9_a9_ac_full_l1_x0_y221_cyto.tiff,20190620_p173_slide19_ac1_vz_s1_p1_r9_a9_ac_full_l1_x0_y221_nucleiexp.tiff,20190620_p173_slide19_ac1_vz_s1_p1_r9_a9_ac_full_l1_x0_y221_comp.tiff,20190620_p173_slide19_ac1_vz_s1_p1_r9_a9_ac_full_l1_x0_y221_filtered.tiff
610,610,245,316,202,211,5,226,30.0,26,15,14,1,87,HT-29_c0.25_tp72,72.0,"{'Pd102': 0, 'Pd104': 1, 'Pd105': 1, 'Pd106': 0, 'Pd108': 0, 'Pd110': 1, 'In113': 0, 'In115': 1}",0.25,173,1,5,F,F05,1,30,8,8,28,1,28,20190715_p173_slide16_ac1_vz,16,p173,HT-29,0,20190715_p173_slide16_ac1_vz_s1_p1_r8_a8_ac_full_l5_x245_y316_cell.tiff,20190715_p173_slide16_ac1_vz_s1_p1_r8_a8_ac_full_l5_x245_y316_cyto.tiff,20190715_p173_slide16_ac1_vz_s1_p1_r8_a8_ac_full_l5_x245_y316_nucleiexp.tiff,20190715_p173_slide16_ac1_vz_s1_p1_r8_a8_ac_full_l5_x245_y316_comp.tiff,20190715_p173_slide16_ac1_vz_s1_p1_r8_a8_ac_full_l5_x245_y316_filtered.tiff
617,617,272,0,174,181,5,229,30.0,17,32,32,0,87,HT-29_c0.25_tp72,72.0,"{'Pd102': 0, 'Pd104': 1, 'Pd105': 1, 'Pd106': 0, 'Pd108': 0, 'Pd110': 1, 'In113': 0, 'In115': 1}",0.25,173,1,5,F,F05,1,31,21,21,28,2,28,20190715_p173_slide16_ac1_vz,16,p173,HT-29,0,20190715_p173_slide16_ac1_vz_s1_p2_r21_a21_ac_full_l5_x272_y0_cell.tiff,20190715_p173_slide16_ac1_vz_s1_p2_r21_a21_ac_full_l5_x272_y0_cyto.tiff,20190715_p173_slide16_ac1_vz_s1_p2_r21_a21_ac_full_l5_x272_y0_nucleiexp.tiff,20190715_p173_slide16_ac1_vz_s1_p2_r21_a21_ac_full_l5_x272_y0_comp.tiff,20190715_p173_slide16_ac1_vz_s1_p2_r21_a21_ac_full_l5_x272_y0_filtered.tiff
651,651,3,0,201,221,1,241,30.0,24,17,17,0,87,HT-29_c0.25_tp72,72.0,"{'Pd102': 0, 'Pd104': 1, 'Pd105': 1, 'Pd106': 0, 'Pd108': 0, 'Pd110': 1, 'In113': 0, 'In115': 1}",0.25,173,1,5,F,F05,1,32,11,11,29,1,29,20190715_p173_slide22_ac1_vz,22,p173,HT-29,0,20190715_p173_slide22_ac1_vz_s1_p1_r11_a11_ac_full_l1_x3_y0_cell.tiff,20190715_p173_slide22_ac1_vz_s1_p1_r11_a11_ac_full_l1_x3_y0_cyto.tiff,20190715_p173_slide22_ac1_vz_s1_p1_r11_a11_ac_full_l1_x3_y0_nucleiexp.tiff,20190715_p173_slide22_ac1_vz_s1_p1_r11_a11_ac_full_l1_x3_y0_comp.tiff,20190715_p173_slide22_ac1_vz_s1_p1_r11_a11_ac_full_l1_x3_y0_filtered.tiff
122,122,131,0,337,327,3,37,30.0,152,37,30,2,105,DLD-1_c0.5_tp72,72.0,"{'Pd102': 1, 'Pd104': 0, 'Pd105': 0, 'Pd106': 1, 'Pd108': 0, 'Pd110': 0, 'In113': 1, 'In115': 1}",0.5,173,1,4,G,G04,1,5,9,9,5,1,5,20190620_p173_slide19_ac1_vz,19,p173,DLD-1,0,20190620_p173_slide19_ac1_vz_s1_p1_r9_a9_ac_full_l3_x131_y0_cell.tiff,20190620_p173_slide19_ac1_vz_s1_p1_r9_a9_ac_full_l3_x131_y0_cyto.tiff,20190620_p173_slide19_ac1_vz_s1_p1_r9_a9_ac_full_l3_x131_y0_nucleiexp.tiff,20190620_p173_slide19_ac1_vz_s1_p1_r9_a9_ac_full_l3_x131_y0_comp.tiff,20190620_p173_slide19_ac1_vz_s1_p1_r9_a9_ac_full_l3_x131_y0_filtered.tiff
182,182,0,1,328,303,1,71,30.0,89,69,69,0,105,DLD-1_c0.5_tp72,72.0,"{'Pd102': 1, 'Pd104': 0, 'Pd105': 0, 'Pd106': 1, 'Pd108': 0, 'Pd110': 0, 'In113': 1, 'In115': 1}",0.5,173,1,4,G,G04,1,9,1,1,9,1,9,20190621_p173_slide13_ac1_vz,13,p173,DLD-1,0,20190621_p173_slide13_ac1_vz_s1_p1_r1_a1_ac_full_l1_x0_y1_cell.tiff,20190621_p173_slide13_ac1_vz_s1_p1_r1_a1_ac_full_l1_x0_y1_cyto.tiff,20190621_p173_slide13_ac1_vz_s1_p1_r1_a1_ac_full_l1_x0_y1_nucleiexp.tiff,20190621_p173_slide13_ac1_vz_s1_p1_r1_a1_ac_full_l1_x0_y1_comp.tiff,20190621_p173_slide13_ac1_vz_s1_p1_r1_a1_ac_full_l1_x0_y1_filtered.tiff
609,609,39,328,284,368,4,226,30.0,98,27,26,1,105,DLD-1_c0.5_tp72,72.0,"{'Pd102': 1, 'Pd104': 0, 'Pd105': 0, 'Pd106': 1, 'Pd108': 0, 'Pd110': 0, 'In113': 1, 'In115': 1}",0.5,173,1,4,G,G04,1,30,8,8,28,1,28,20190715_p173_slide16_ac1_vz,16,p173,DLD-1,0,20190715_p173_slide16_ac1_vz_s1_p1_r8_a8_ac_full_l4_x39_y328_cell.tiff,20190715_p173_slide16_ac1_vz_s1_p1_r8_a8_ac_full_l4_x39_y328_cyto.tiff,20190715_p173_slide16_ac1_vz_s1_p1_r8_a8_ac_full_l4_x39_y328_nucleiexp.tiff,20190715_p173_slide16_ac1_vz_s1_p1_r8_a8_ac_full_l4_x39_y328_comp.tiff,20190715_p173_slide16_ac1_vz_s1_p1_r8_a8_ac_full_l4_x39_y328_filtered.tiff
613,613,0,33,329,327,1,229,30.0,116,42,41,1,105,DLD-1_c0.5_tp72,72.0,"{'Pd102': 1, 'Pd104': 0, 'Pd105': 0, 'Pd106': 1, 'Pd108': 0, 'Pd110': 0, 'In113': 1, 'In115': 1}",0.5,173,1,4,G,G04,1,31,21,21,28,2,28,20190715_p173_slide16_ac1_vz,16,p173,DLD-1,0,20190715_p173_slide16_ac1_vz_s1_p2_r21_a21_ac_full_l1_x0_y33_cell.tiff,20190715_p173_slide16_ac1_vz_s1_p2_r21_a21_ac_full_l1_x0_y33_cyto.tiff,20190715_p173_slide16_ac1_vz_s1_p2_r21_a21_ac_full_l1_x0_y33_nucleiexp.tiff,20190715_p173_slide16_ac1_vz_s1_p2_r21_a21_ac_full_l1_x0_y33_comp.tiff,20190715_p173_slide16_ac1_vz_s1_p2_r21_a21_ac_full_l1_x0_y33_filtered.tiff
123,123,311,257,391,372,4,37,30.0,157,47,46,1,37,DLD-1_c1.0_tp72,72.0,"{'Pd102': 1, 'Pd104': 0, 'Pd105': 1, 'Pd106': 1, 'Pd108': 0, 'Pd110': 1, 'In113': 0, 'In115': 0}",1.0,173,1,10,C,C10,1,5,9,9,5,1,5,20190620_p173_slide19_ac1_vz,19,p173,DLD-1,1,20190620_p173_slide19_ac1_vz_s1_p1_r9_a9_ac_full_l4_x311_y257_cell.tiff,20190620_p173_slide19_ac1_vz_s1_p1_r9_a9_ac_full_l4_x311_y257_cyto.tiff,20190620_p173_slide19_ac1_vz_s1_p1_r9_a9_ac_full_l4_x311_y257_nucleiexp.tiff,20190620_p173_slide19_ac1_vz_s1_p1_r9_a9_ac_full_l4_x311_y257_comp.tiff,20190620_p173_slide19_ac1_vz_s1_p1_r9_a9_ac_full_l4_x311_y257_filtered.tiff
194,194,0,9,354,344,1,74,30.0,103,63,62,1,37,DLD-1_c1.0_tp72,72.0,"{'Pd102': 1, 'Pd104': 0, 'Pd105': 1, 'Pd106': 1, 'Pd108': 0, 'Pd110': 1, 'In113': 0, 'In115': 0}",1.0,173,1,10,C,C10,1,9,2,2,9,1,9,20190621_p173_slide13_ac1_vz,13,p173,DLD-1,1,20190621_p173_slide13_ac1_vz_s1_p1_r2_a2_ac_full_l1_x0_y9_cell.tiff,20190621_p173_slide13_ac1_vz_s1_p1_r2_a2_ac_full_l1_x0_y9_cyto.tiff,20190621_p173_slide13_ac1_vz_s1_p1_r2_a2_ac_full_l1_x0_y9_nucleiexp.tiff,20190621_p173_slide13_ac1_vz_s1_p1_r2_a2_ac_full_l1_x0_y9_comp.tiff,20190621_p173_slide13_ac1_vz_s1_p1_r2_a2_ac_full_l1_x0_y9_filtered.tiff
262,262,12,0,183,164,1,102,30.0,23,26,25,1,37,DLD-1_c1.0_tp72,72.0,"{'Pd102': 1, 'Pd104': 0, 'Pd105': 1, 'Pd106': 1, 'Pd108': 0, 'Pd110': 1, 'In113': 0, 'In115': 0}",1.0,173,1,10,C,C10,1,13,4,4,13,1,13,20190625_p173_slide10_ac1_vz,10,p173,DLD-1,1,20190625_p173_slide10_ac1_vz_s1_p1_r4_a4_ac_full_l1_x12_y0_cell.tiff,20190625_p173_slide10_ac1_vz_s1_p1_r4_a4_ac_full_l1_x12_y0_cyto.tiff,20190625_p173_slide10_ac1_vz_s1_p1_r4_a4_ac_full_l1_x12_y0_nucleiexp.tiff,20190625_p173_slide10_ac1_vz_s1_p1_r4_a4_ac_full_l1_x12_y0_comp.tiff,20190625_p173_slide10_ac1_vz_s1_p1_r4_a4_ac_full_l1_x12_y0_filtered.tiff
281,281,0,0,171,199,1,115,30.0,33,40,40,0,37,DLD-1_c1.0_tp72,72.0,"{'Pd102': 1, 'Pd104': 0, 'Pd105': 1, 'Pd106': 1, 'Pd108': 0, 'Pd110': 1, 'In113': 0, 'In115': 0}",1.0,173,1,10,C,C10,1,14,23,23,14,4,14,20190708_p173_slide26_ac1_vz,26,p173,DLD-1,1,20190708_p173_slide26_ac1_vz_s1_p4_r23_a23_ac_full_l1_x0_y0_cell.tiff,20190708_p173_slide26_ac1_vz_s1_p4_r23_a23_ac_full_l1_x0_y0_cyto.tiff,20190708_p173_slide26_ac1_vz_s1_p4_r23_a23_ac_full_l1_x0_y0_nucleiexp.tiff,20190708_p173_slide26_ac1_vz_s1_p4_r23_a23_ac_full_l1_x0_y0_comp.tiff,20190708_p173_slide26_ac1_vz_s1_p4_r23_a23_ac_full_l1_x0_y0_filtered.tiff
293,293,0,0,158,183,1,121,30.0,22,43,42,1,37,DLD-1_c1.0_tp72,72.0,"{'Pd102': 1, 'Pd104': 0, 'Pd105': 1, 'Pd106': 1, 'Pd108': 0, 'Pd110': 1, 'In113': 0, 'In115': 0}",1.0,173,1,10,C,C10,1,15,64,64,14,5,14,20190708_p173_slide26_ac1_vz,26,p173,DLD-1,1,20190708_p173_slide26_ac1_vz_s1_p5_r64_a64_ac_full_l1_x0_y0_cell.tiff,20190708_p173_slide26_ac1_vz_s1_p5_r64_a64_ac_full_l1_x0_y0_cyto.tiff,20190708_p173_slide26_ac1_vz_s1_p5_r64_a64_ac_full_l1_x0_y0_nucleiexp.tiff,20190708_p173_slide26_ac1_vz_s1_p5_r64_a64_ac_full_l1_x0_y0_comp.tiff,20190708_p173_slide26_ac1_vz_s1_p5_r64_a64_ac_full_l1_x0_y0_filtered.tiff
608,608,0,0,385,388,3,226,30.0,155,52,51,1,37,DLD-1_c1.0_tp72,72.0,"{'Pd102': 1, 'Pd104': 0, 'Pd105': 1, 'Pd106': 1, 'Pd108': 0, 'Pd110': 1, 'In113': 0, 'In115': 0}",1.0,173,1,10,C,C10,1,30,8,8,28,1,28,20190715_p173_slide16_ac1_vz,16,p173,DLD-1,1,20190715_p173_slide16_ac1_vz_s1_p1_r8_a8_ac_full_l3_x0_y0_cell.tiff,20190715_p173_slide16_ac1_vz_s1_p1_r8_a8_ac_full_l3_x0_y0_cyto.tiff,20190715_p173_slide16_ac1_vz_s1_p1_r8_a8_ac_full_l3_x0_y0_nucleiexp.tiff,20190715_p173_slide16_ac1_vz_s1_p1_r8_a8_ac_full_l3_x0_y0_comp.tiff,20190715_p173_slide16_ac1_vz_s1_p1_r8_a8_ac_full_l3_x0_y0_filtered.tiff
612,612,0,0,370,373,1,228,30.0,148,61,59,1,37,DLD-1_c1.0_tp72,72.0,"{'Pd102': 1, 'Pd104': 0, 'Pd105': 1, 'Pd106': 1, 'Pd108': 0, 'Pd110': 1, 'In113': 0, 'In115': 0}",1.0,173,1,10,C,C10,1,31,20,20,28,2,28,20190715_p173_slide16_ac1_vz,16,p173,DLD-1,1,20190715_p173_slide16_ac1_vz_s1_p2_r20_a20_ac_full_l1_x0_y0_cell.tiff,20190715_p173_slide16_ac1_vz_s1_p2_r20_a20_ac_full_l1_x0_y0_cyto.tiff,20190715_p173_slide16_ac1_vz_s1_p2_r20_a20_ac_full_l1_x0_y0_nucleiexp.tiff,20190715_p173_slide16_ac1_vz_s1_p2_r20_a20_ac_full_l1_x0_y0_comp.tiff,20190715_p173_slide16_ac1_vz_s1_p2_r20_a20_ac_full_l1_x0_y0_filtered.tiff
652,652,0,0,311,365,1,242,30.0,141,57,56,1,37,DLD-1_c1.0_tp72,72.0,"{'Pd102': 1, 'Pd104': 0, 'Pd105': 1, 'Pd106': 1, 'Pd108': 0, 'Pd110': 1, 'In113': 0, 'In115': 0}",1.0,173,1,10,C,C10,1,32,13,13,29,1,29,20190715_p173_slide22_ac1_vz,22,p173,DLD-1,1,20190715_p173_slide22_ac1_vz_s1_p1_r13_a13_ac_full_l1_x0_y0_cell.tiff,20190715_p173_slide22_ac1_vz_s1_p1_r13_a13_ac_full_l1_x0_y0_cyto.tiff,20190715_p173_slide22_ac1_vz_s1_p1_r13_a13_ac_full_l1_x0_y0_nucleiexp.tiff,20190715_p173_slide22_ac1_vz_s1_p1_r13_a13_ac_full_l1_x0_y0_comp.tiff,20190715_p173_slide22_ac1_vz_s1_p1_r13_a13_ac_full_l1_x0_y0_filtered.tiff
127,127,50,483,244,153,1,41,30.0,42,34,33,1,63,T-47D_c0.5_tp72,72.0,"{'Pd102': 1, 'Pd104': 0, 'Pd105': 1, 'Pd106': 0, 'Pd108': 0, 'Pd110': 1, 'In113': 1, 'In115': 0}",0.5,173,1,3,E,E03,1,6,6,6,6,1,6,20190620_p173_slide34_ac1_vz,34,p173,T-47D,1,20190620_p173_slide34_ac1_vz_s1_p1_r6_a6_ac_full_l1_x50_y483_cell.tiff,20190620_p173_slide34_ac1_vz_s1_p1_r6_a6_ac_full_l1_x50_y483_cyto.tiff,20190620_p173_slide34_ac1_vz_s1_p1_r6_a6_ac_full_l1_x50_y483_nucleiexp.tiff,20190620_p173_slide34_ac1_vz_s1_p1_r6_a6_ac_full_l1_x50_y483_comp.tiff,20190620_p173_slide34_ac1_vz_s1_p1_r6_a6_ac_full_l1_x50_y483_filtered.tiff
338,338,2,0,191,160,1,152,30.0,30,40,40,0,63,T-47D_c0.5_tp72,72.0,"{'Pd102': 1, 'Pd104': 0, 'Pd105': 1, 'Pd106': 0, 'Pd108': 0, 'Pd110': 1, 'In113': 1, 'In115': 0}",0.5,173,1,3,E,E03,1,17,3,3,15,1,15,20190708_p173_slide39_ac1_vz,39,p173,T-47D,1,20190708_p173_slide39_ac1_vz_s1_p1_r3_a3_ac_full_l1_x2_y0_cell.tiff,20190708_p173_slide39_ac1_vz_s1_p1_r3_a3_ac_full_l1_x2_y0_cyto.tiff,20190708_p173_slide39_ac1_vz_s1_p1_r3_a3_ac_full_l1_x2_y0_nucleiexp.tiff,20190708_p173_slide39_ac1_vz_s1_p1_r3_a3_ac_full_l1_x2_y0_comp.tiff,20190708_p173_slide39_ac1_vz_s1_p1_r3_a3_ac_full_l1_x2_y0_filtered.tiff
454,454,93,469,223,243,2,180,30.0,60,31,31,0,63,T-47D_c0.5_tp72,72.0,"{'Pd102': 1, 'Pd104': 0, 'Pd105': 1, 'Pd106': 0, 'Pd108': 0, 'Pd110': 1, 'In113': 1, 'In115': 0}",0.5,173,1,3,E,E03,1,23,13,13,21,1,21,20190710_p173_slide36_ac1_vz,36,p173,T-47D,1,20190710_p173_slide36_ac1_vz_s1_p1_r13_a13_ac_full_l2_x93_y469_cell.tiff,20190710_p173_slide36_ac1_vz_s1_p1_r13_a13_ac_full_l2_x93_y469_cyto.tiff,20190710_p173_slide36_ac1_vz_s1_p1_r13_a13_ac_full_l2_x93_y469_nucleiexp.tiff,20190710_p173_slide36_ac1_vz_s1_p1_r13_a13_ac_full_l2_x93_y469_comp.tiff,20190710_p173_slide36_ac1_vz_s1_p1_r13_a13_ac_full_l2_x93_y469_filtered.tiff
129,129,318,293,198,173,3,41,30.0,9,40,40,0,79,T-47D_c0.5_tp72,72.0,"{'Pd102': 0, 'Pd104': 1, 'Pd105': 1, 'Pd106': 1, 'Pd108': 0, 'Pd110': 0, 'In113': 0, 'In115': 1}",0.5,173,1,11,E,E11,1,6,6,6,6,1,6,20190620_p173_slide34_ac1_vz,34,p173,T-47D,1,20190620_p173_slide34_ac1_vz_s1_p1_r6_a6_ac_full_l3_x318_y293_cell.tiff,20190620_p173_slide34_ac1_vz_s1_p1_r6_a6_ac_full_l3_x318_y293_cyto.tiff,20190620_p173_slide34_ac1_vz_s1_p1_r6_a6_ac_full_l3_x318_y293_nucleiexp.tiff,20190620_p173_slide34_ac1_vz_s1_p1_r6_a6_ac_full_l3_x318_y293_comp.tiff,20190620_p173_slide34_ac1_vz_s1_p1_r6_a6_ac_full_l3_x318_y293_filtered.tiff
337,337,0,0,181,182,1,151,30.0,22,53,53,0,79,T-47D_c0.5_tp72,72.0,"{'Pd102': 0, 'Pd104': 1, 'Pd105': 1, 'Pd106': 1, 'Pd108': 0, 'Pd110': 0, 'In113': 0, 'In115': 1}",0.5,173,1,11,E,E11,1,17,2,2,15,1,15,20190708_p173_slide39_ac1_vz,39,p173,T-47D,1,20190708_p173_slide39_ac1_vz_s1_p1_r2_a2_ac_full_l1_x0_y0_cell.tiff,20190708_p173_slide39_ac1_vz_s1_p1_r2_a2_ac_full_l1_x0_y0_cyto.tiff,20190708_p173_slide39_ac1_vz_s1_p1_r2_a2_ac_full_l1_x0_y0_nucleiexp.tiff,20190708_p173_slide39_ac1_vz_s1_p1_r2_a2_ac_full_l1_x0_y0_comp.tiff,20190708_p173_slide39_ac1_vz_s1_p1_r2_a2_ac_full_l1_x0_y0_filtered.tiff
455,455,231,214,254,236,3,180,30.0,46,69,68,1,79,T-47D_c0.5_tp72,72.0,"{'Pd102': 0, 'Pd104': 1, 'Pd105': 1, 'Pd106': 1, 'Pd108': 0, 'Pd110': 0, 'In113': 0, 'In115': 1}",0.5,173,1,11,E,E11,1,23,13,13,21,1,21,20190710_p173_slide36_ac1_vz,36,p173,T-47D,1,20190710_p173_slide36_ac1_vz_s1_p1_r13_a13_ac_full_l3_x231_y214_cell.tiff,20190710_p173_slide36_ac1_vz_s1_p1_r13_a13_ac_full_l3_x231_y214_cyto.tiff,20190710_p173_slide36_ac1_vz_s1_p1_r13_a13_ac_full_l3_x231_y214_nucleiexp.tiff,20190710_p173_slide36_ac1_vz_s1_p1_r13_a13_ac_full_l3_x231_y214_comp.tiff,20190710_p173_slide36_ac1_vz_s1_p1_r13_a13_ac_full_l3_x231_y214_filtered.tiff
144,144,209,423,391,330,3,50,30.0,148,34,32,1,34,DLD-1_c1.0_tp96,96.0,"{'Pd102': 1, 'Pd104': 1, 'Pd105': 1, 'Pd106': 0, 'Pd108': 0, 'Pd110': 1, 'In113': 0, 'In115': 0}",1.0,176,1,8,C,C08,2,7,15,15,7,1,7,20190620_p176_slide27_ac1_vz,27,p176,DLD-1,0,20190620_p176_slide27_ac1_vz_s1_p1_r15_a15_ac_full_l3_x209_y423_cell.tiff,20190620_p176_slide27_ac1_vz_s1_p1_r15_a15_ac_full_l3_x209_y423_cyto.tiff,20190620_p176_slide27_ac1_vz_s1_p1_r15_a15_ac_full_l3_x209_y423_nucleiexp.tiff,20190620_p176_slide27_ac1_vz_s1_p1_r15_a15_ac_full_l3_x209_y423_comp.tiff,20190620_p176_slide27_ac1_vz_s1_p1_r15_a15_ac_full_l3_x209_y423_filtered.tiff
343,343,0,0,416,353,1,157,30.0,174,56,54,1,34,DLD-1_c1.0_tp96,96.0,"{'Pd102': 1, 'Pd104': 1, 'Pd105': 1, 'Pd106': 0, 'Pd108': 0, 'Pd110': 1, 'In113': 0, 'In115': 0}",1.0,176,1,8,C,C08,2,18,13,13,16,1,16,20190708_p176_slide33_ac1_vz,33,p176,DLD-1,0,20190708_p176_slide33_ac1_vz_s1_p1_r13_a13_ac_full_l1_x0_y0_cell.tiff,20190708_p176_slide33_ac1_vz_s1_p1_r13_a13_ac_full_l1_x0_y0_cyto.tiff,20190708_p176_slide33_ac1_vz_s1_p1_r13_a13_ac_full_l1_x0_y0_nucleiexp.tiff,20190708_p176_slide33_ac1_vz_s1_p1_r13_a13_ac_full_l1_x0_y0_comp.tiff,20190708_p176_slide33_ac1_vz_s1_p1_r13_a13_ac_full_l1_x0_y0_filtered.tiff
149,149,0,391,332,317,1,52,30.0,104,37,36,1,44,HT-29_c0.5_tp96,96.0,"{'Pd102': 1, 'Pd104': 0, 'Pd105': 1, 'Pd106': 0, 'Pd108': 1, 'Pd110': 0, 'In113': 0, 'In115': 1}",0.5,176,1,3,D,D03,2,7,18,18,7,1,7,20190620_p176_slide27_ac1_vz,27,p176,HT-29,0,20190620_p176_slide27_ac1_vz_s1_p1_r18_a18_ac_full_l1_x0_y391_cell.tiff,20190620_p176_slide27_ac1_vz_s1_p1_r18_a18_ac_full_l1_x0_y391_cyto.tiff,20190620_p176_slide27_ac1_vz_s1_p1_r18_a18_ac_full_l1_x0_y391_nucleiexp.tiff,20190620_p176_slide27_ac1_vz_s1_p1_r18_a18_ac_full_l1_x0_y391_comp.tiff,20190620_p176_slide27_ac1_vz_s1_p1_r18_a18_ac_full_l1_x0_y391_filtered.tiff
227,227,411,92,391,358,3,86,30.0,120,28,28,0,44,HT-29_c0.5_tp96,96.0,"{'Pd102': 1, 'Pd104': 0, 'Pd105': 1, 'Pd106': 0, 'Pd108': 1, 'Pd110': 0, 'In113': 0, 'In115': 1}",0.5,176,1,3,D,D03,2,11,12,12,11,1,11,20190621_p176_slide36_ac1_vz,36,p176,HT-29,0,20190621_p176_slide36_ac1_vz_s1_p1_r12_a12_ac_full_l3_x411_y92_cell.tiff,20190621_p176_slide36_ac1_vz_s1_p1_r12_a12_ac_full_l3_x411_y92_cyto.tiff,20190621_p176_slide36_ac1_vz_s1_p1_r12_a12_ac_full_l3_x411_y92_nucleiexp.tiff,20190621_p176_slide36_ac1_vz_s1_p1_r12_a12_ac_full_l3_x411_y92_comp.tiff,20190621_p176_slide36_ac1_vz_s1_p1_r12_a12_ac_full_l3_x411_y92_filtered.tiff
350,350,552,779,424,392,7,158,30.0,155,45,44,1,44,HT-29_c0.5_tp96,96.0,"{'Pd102': 1, 'Pd104': 0, 'Pd105': 1, 'Pd106': 0, 'Pd108': 1, 'Pd110': 0, 'In113': 0, 'In115': 1}",0.5,176,1,3,D,D03,2,18,16,16,16,1,16,20190708_p176_slide33_ac1_vz,33,p176,HT-29,0,20190708_p176_slide33_ac1_vz_s1_p1_r16_a16_ac_full_l7_x552_y779_cell.tiff,20190708_p176_slide33_ac1_vz_s1_p1_r16_a16_ac_full_l7_x552_y779_cyto.tiff,20190708_p176_slide33_ac1_vz_s1_p1_r16_a16_ac_full_l7_x552_y779_nucleiexp.tiff,20190708_p176_slide33_ac1_vz_s1_p1_r16_a16_ac_full_l7_x552_y779_comp.tiff,20190708_p176_slide33_ac1_vz_s1_p1_r16_a16_ac_full_l7_x552_y779_filtered.tiff
577,577,458,663,313,298,4,215,30.0,94,38,37,1,44,HT-29_c0.5_tp96,96.0,"{'Pd102': 1, 'Pd104': 0, 'Pd105': 1, 'Pd106': 0, 'Pd108': 1, 'Pd110': 0, 'In113': 0, 'In115': 1}",0.5,176,1,3,D,D03,2,29,6,6,27,1,27,20190711_p176_slide39_ac1_vz,39,p176,HT-29,0,20190711_p176_slide39_ac1_vz_s1_p1_r6_a6_ac_full_l4_x458_y663_cell.tiff,20190711_p176_slide39_ac1_vz_s1_p1_r6_a6_ac_full_l4_x458_y663_cyto.tiff,20190711_p176_slide39_ac1_vz_s1_p1_r6_a6_ac_full_l4_x458_y663_nucleiexp.tiff,20190711_p176_slide39_ac1_vz_s1_p1_r6_a6_ac_full_l4_x458_y663_comp.tiff,20190711_p176_slide39_ac1_vz_s1_p1_r6_a6_ac_full_l4_x458_y663_filtered.tiff
723,723,368,1225,401,373,5,258,30.0,149,36,35,1,44,HT-29_c0.5_tp96,96.0,"{'Pd102': 1, 'Pd104': 0, 'Pd105': 1, 'Pd106': 0, 'Pd108': 1, 'Pd110': 0, 'In113': 0, 'In115': 1}",0.5,176,1,3,D,D03,2,34,16,16,31,1,30,20190715_p176_slide30_ac1_vz,30,p176,HT-29,0,20190715_p176_slide30_ac1_vz_s1_p1_r16_a16_ac_full_l5_x368_y1225_cell.tiff,20190715_p176_slide30_ac1_vz_s1_p1_r16_a16_ac_full_l5_x368_y1225_cyto.tiff,20190715_p176_slide30_ac1_vz_s1_p1_r16_a16_ac_full_l5_x368_y1225_nucleiexp.tiff,20190715_p176_slide30_ac1_vz_s1_p1_r16_a16_ac_full_l5_x368_y1225_comp.tiff,20190715_p176_slide30_ac1_vz_s1_p1_r16_a16_ac_full_l5_x368_y1225_filtered.tiff
161,161,0,0,319,326,1,55,30.0,116,31,28,2,96,HT-29_c0.25_tp96,96.0,"{'Pd102': 1, 'Pd104': 0, 'Pd105': 0, 'Pd106': 0, 'Pd108': 1, 'Pd110': 1, 'In113': 0, 'In115': 1}",0.25,176,1,9,F,F09,2,7,4,4,7,1,7,20190620_p176_slide27_ac1_vz,27,p176,HT-29,0,20190620_p176_slide27_ac1_vz_s1_p1_r4_a4_ac_full_l1_x0_y0_cell.tiff,20190620_p176_slide27_ac1_vz_s1_p1_r4_a4_ac_full_l1_x0_y0_cyto.tiff,20190620_p176_slide27_ac1_vz_s1_p1_r4_a4_ac_full_l1_x0_y0_nucleiexp.tiff,20190620_p176_slide27_ac1_vz_s1_p1_r4_a4_ac_full_l1_x0_y0_comp.tiff,20190620_p176_slide27_ac1_vz_s1_p1_r4_a4_ac_full_l1_x0_y0_filtered.tiff
424,424,182,1886,193,205,3,172,30.0,19,21,21,0,96,HT-29_c0.25_tp96,96.0,"{'Pd102': 1, 'Pd104': 0, 'Pd105': 0, 'Pd106': 0, 'Pd108': 1, 'Pd110': 1, 'In113': 0, 'In115': 1}",0.25,176,1,9,F,F09,2,21,7,7,19,1,19,20190709_p176_slide16_ac1_vz,16,p176,HT-29,0,20190709_p176_slide16_ac1_vz_s1_p1_r7_a7_ac_full_l3_x182_y1886_cell.tiff,20190709_p176_slide16_ac1_vz_s1_p1_r7_a7_ac_full_l3_x182_y1886_cyto.tiff,20190709_p176_slide16_ac1_vz_s1_p1_r7_a7_ac_full_l3_x182_y1886_nucleiexp.tiff,20190709_p176_slide16_ac1_vz_s1_p1_r7_a7_ac_full_l3_x182_y1886_comp.tiff,20190709_p176_slide16_ac1_vz_s1_p1_r7_a7_ac_full_l3_x182_y1886_filtered.tiff
521,521,461,2066,320,348,7,188,30.0,130,37,37,0,96,HT-29_c0.25_tp96,96.0,"{'Pd102': 1, 'Pd104': 0, 'Pd105': 0, 'Pd106': 0, 'Pd108': 1, 'Pd110': 1, 'In113': 0, 'In115': 1}",0.25,176,1,9,F,F09,2,25,6,6,23,1,23,20190710_p176_slide23_ac1_vz,23,p176,HT-29,0,20190710_p176_slide23_ac1_vz_s1_p1_r6_a6_ac_full_l7_x461_y2066_cell.tiff,20190710_p176_slide23_ac1_vz_s1_p1_r6_a6_ac_full_l7_x461_y2066_cyto.tiff,20190710_p176_slide23_ac1_vz_s1_p1_r6_a6_ac_full_l7_x461_y2066_nucleiexp.tiff,20190710_p176_slide23_ac1_vz_s1_p1_r6_a6_ac_full_l7_x461_y2066_comp.tiff,20190710_p176_slide23_ac1_vz_s1_p1_r6_a6_ac_full_l7_x461_y2066_filtered.tiff
730,730,0,91,262,272,1,261,30.0,51,19,19,0,96,HT-29_c0.25_tp96,96.0,"{'Pd102': 1, 'Pd104': 0, 'Pd105': 0, 'Pd106': 0, 'Pd108': 1, 'Pd110': 1, 'In113': 0, 'In115': 1}",0.25,176,1,9,F,F09,2,34,3,3,31,1,30,20190715_p176_slide30_ac1_vz,30,p176,HT-29,0,20190715_p176_slide30_ac1_vz_s1_p1_r3_a3_ac_full_l1_x0_y91_cell.tiff,20190715_p176_slide30_ac1_vz_s1_p1_r3_a3_ac_full_l1_x0_y91_cyto.tiff,20190715_p176_slide30_ac1_vz_s1_p1_r3_a3_ac_full_l1_x0_y91_nucleiexp.tiff,20190715_p176_slide30_ac1_vz_s1_p1_r3_a3_ac_full_l1_x0_y91_comp.tiff,20190715_p176_slide30_ac1_vz_s1_p1_r3_a3_ac_full_l1_x0_y91_filtered.tiff
164,164,38,320,313,284,2,56,30.0,106,30,28,2,100,HT-29_c0.25_tp96,96.0,"{'Pd102': 1, 'Pd104': 0, 'Pd105': 0, 'Pd106': 0, 'Pd108': 0, 'Pd110': 1, 'In113': 1, 'In115': 1}",0.25,176,1,11,F,F11,2,7,5,5,7,1,7,20190620_p176_slide27_ac1_vz,27,p176,HT-29,0,20190620_p176_slide27_ac1_vz_s1_p1_r5_a5_ac_full_l2_x38_y320_cell.tiff,20190620_p176_slide27_ac1_vz_s1_p1_r5_a5_ac_full_l2_x38_y320_cyto.tiff,20190620_p176_slide27_ac1_vz_s1_p1_r5_a5_ac_full_l2_x38_y320_nucleiexp.tiff,20190620_p176_slide27_ac1_vz_s1_p1_r5_a5_ac_full_l2_x38_y320_comp.tiff,20190620_p176_slide27_ac1_vz_s1_p1_r5_a5_ac_full_l2_x38_y320_filtered.tiff
235,235,40,372,290,245,1,93,30.0,50,22,22,0,100,HT-29_c0.25_tp96,96.0,"{'Pd102': 1, 'Pd104': 0, 'Pd105': 0, 'Pd106': 0, 'Pd108': 0, 'Pd110': 1, 'In113': 1, 'In115': 1}",0.25,176,1,11,F,F11,2,11,9,9,11,1,11,20190621_p176_slide36_ac1_vz,36,p176,HT-29,0,20190621_p176_slide36_ac1_vz_s1_p1_r9_a9_ac_full_l1_x40_y372_cell.tiff,20190621_p176_slide36_ac1_vz_s1_p1_r9_a9_ac_full_l1_x40_y372_cyto.tiff,20190621_p176_slide36_ac1_vz_s1_p1_r9_a9_ac_full_l1_x40_y372_nucleiexp.tiff,20190621_p176_slide36_ac1_vz_s1_p1_r9_a9_ac_full_l1_x40_y372_comp.tiff,20190621_p176_slide36_ac1_vz_s1_p1_r9_a9_ac_full_l1_x40_y372_filtered.tiff
346,346,78,596,334,322,3,158,30.0,117,32,32,0,100,HT-29_c0.25_tp96,96.0,"{'Pd102': 1, 'Pd104': 0, 'Pd105': 0, 'Pd106': 0, 'Pd108': 0, 'Pd110': 1, 'In113': 1, 'In115': 1}",0.25,176,1,11,F,F11,2,18,16,16,16,1,16,20190708_p176_slide33_ac1_vz,33,p176,HT-29,0,20190708_p176_slide33_ac1_vz_s1_p1_r16_a16_ac_full_l3_x78_y596_cell.tiff,20190708_p176_slide33_ac1_vz_s1_p1_r16_a16_ac_full_l3_x78_y596_cyto.tiff,20190708_p176_slide33_ac1_vz_s1_p1_r16_a16_ac_full_l3_x78_y596_nucleiexp.tiff,20190708_p176_slide33_ac1_vz_s1_p1_r16_a16_ac_full_l3_x78_y596_comp.tiff,20190708_p176_slide33_ac1_vz_s1_p1_r16_a16_ac_full_l3_x78_y596_filtered.tiff
520,520,436,1713,188,184,6,188,30.0,32,26,26,0,100,HT-29_c0.25_tp96,96.0,"{'Pd102': 1, 'Pd104': 0, 'Pd105': 0, 'Pd106': 0, 'Pd108': 0, 'Pd110': 1, 'In113': 1, 'In115': 1}",0.25,176,1,11,F,F11,2,25,6,6,23,1,23,20190710_p176_slide23_ac1_vz,23,p176,HT-29,0,20190710_p176_slide23_ac1_vz_s1_p1_r6_a6_ac_full_l6_x436_y1713_cell.tiff,20190710_p176_slide23_ac1_vz_s1_p1_r6_a6_ac_full_l6_x436_y1713_cyto.tiff,20190710_p176_slide23_ac1_vz_s1_p1_r6_a6_ac_full_l6_x436_y1713_nucleiexp.tiff,20190710_p176_slide23_ac1_vz_s1_p1_r6_a6_ac_full_l6_x436_y1713_comp.tiff,20190710_p176_slide23_ac1_vz_s1_p1_r6_a6_ac_full_l6_x436_y1713_filtered.tiff
732,732,0,0,336,305,1,262,30.0,119,27,27,0,100,HT-29_c0.25_tp96,96.0,"{'Pd102': 1, 'Pd104': 0, 'Pd105': 0, 'Pd106': 0, 'Pd108': 0, 'Pd110': 1, 'In113': 1, 'In115': 1}",0.25,176,1,11,F,F11,2,34,5,5,31,1,30,20190715_p176_slide30_ac1_vz,30,p176,HT-29,0,20190715_p176_slide30_ac1_vz_s1_p1_r5_a5_ac_full_l1_x0_y0_cell.tiff,20190715_p176_slide30_ac1_vz_s1_p1_r5_a5_ac_full_l1_x0_y0_cyto.tiff,20190715_p176_slide30_ac1_vz_s1_p1_r5_a5_ac_full_l1_x0_y0_nucleiexp.tiff,20190715_p176_slide30_ac1_vz_s1_p1_r5_a5_ac_full_l1_x0_y0_comp.tiff,20190715_p176_slide30_ac1_vz_s1_p1_r5_a5_ac_full_l1_x0_y0_filtered.tiff
165,165,0,7,280,310,1,57,30.0,57,62,61,1,14,T-REx-293_c1.0_tp96,96.0,"{'Pd102': 1, 'Pd104': 1, 'Pd105': 1, 'Pd106': 0, 'Pd108': 1, 'Pd110': 0, 'In113': 0, 'In115': 0}",1.0,176,1,8,B,B08,2,7,6,6,7,1,7,20190620_p176_slide27_ac1_vz,27,p176,T-REx-293,0,20190620_p176_slide27_ac1_vz_s1_p1_r6_a6_ac_full_l1_x0_y7_cell.tiff,20190620_p176_slide27_ac1_vz_s1_p1_r6_a6_ac_full_l1_x0_y7_cyto.tiff,20190620_p176_slide27_ac1_vz_s1_p1_r6_a6_ac_full_l1_x0_y7_nucleiexp.tiff,20190620_p176_slide27_ac1_vz_s1_p1_r6_a6_ac_full_l1_x0_y7_comp.tiff,20190620_p176_slide27_ac1_vz_s1_p1_r6_a6_ac_full_l1_x0_y7_filtered.tiff
179,179,0,0,251,299,1,68,30.0,56,60,60,0,14,T-REx-293_c1.0_tp96,96.0,"{'Pd102': 1, 'Pd104': 1, 'Pd105': 1, 'Pd106': 0, 'Pd108': 1, 'Pd110': 0, 'In113': 0, 'In115': 0}",1.0,176,1,8,B,B08,2,8,7,7,8,1,8,20190620_p176_slide5_ac1_vz,5,p176,T-REx-293,0,20190620_p176_slide5_ac1_vz_s1_p1_r7_a7_ac_full_l1_x0_y0_cell.tiff,20190620_p176_slide5_ac1_vz_s1_p1_r7_a7_ac_full_l1_x0_y0_cyto.tiff,20190620_p176_slide5_ac1_vz_s1_p1_r7_a7_ac_full_l1_x0_y0_nucleiexp.tiff,20190620_p176_slide5_ac1_vz_s1_p1_r7_a7_ac_full_l1_x0_y0_comp.tiff,20190620_p176_slide5_ac1_vz_s1_p1_r7_a7_ac_full_l1_x0_y0_filtered.tiff
377,377,834,1435,536,433,21,168,30.0,164,116,114,2,14,T-REx-293_c1.0_tp96,96.0,"{'Pd102': 1, 'Pd104': 1, 'Pd105': 1, 'Pd106': 0, 'Pd108': 1, 'Pd110': 0, 'In113': 0, 'In115': 0}",1.0,176,1,8,B,B08,2,20,15,15,18,1,18,20190709_p176_slide11_ac1_vz,11,p176,T-REx-293,0,20190709_p176_slide11_ac1_vz_s1_p1_r15_a15_ac_full_l21_x834_y1435_cell.tiff,20190709_p176_slide11_ac1_vz_s1_p1_r15_a15_ac_full_l21_x834_y1435_cyto.tiff,20190709_p176_slide11_ac1_vz_s1_p1_r15_a15_ac_full_l21_x834_y1435_nucleiexp.tiff,20190709_p176_slide11_ac1_vz_s1_p1_r15_a15_ac_full_l21_x834_y1435_comp.tiff,20190709_p176_slide11_ac1_vz_s1_p1_r15_a15_ac_full_l21_x834_y1435_filtered.tiff
416,416,959,1855,538,505,22,172,30.0,163,77,74,1,14,T-REx-293_c1.0_tp96,96.0,"{'Pd102': 1, 'Pd104': 1, 'Pd105': 1, 'Pd106': 0, 'Pd108': 1, 'Pd110': 0, 'In113': 0, 'In115': 0}",1.0,176,1,8,B,B08,2,21,7,7,19,1,19,20190709_p176_slide16_ac1_vz,16,p176,T-REx-293,0,20190709_p176_slide16_ac1_vz_s1_p1_r7_a7_ac_full_l22_x959_y1855_cell.tiff,20190709_p176_slide16_ac1_vz_s1_p1_r7_a7_ac_full_l22_x959_y1855_cyto.tiff,20190709_p176_slide16_ac1_vz_s1_p1_r7_a7_ac_full_l22_x959_y1855_nucleiexp.tiff,20190709_p176_slide16_ac1_vz_s1_p1_r7_a7_ac_full_l22_x959_y1855_comp.tiff,20190709_p176_slide16_ac1_vz_s1_p1_r7_a7_ac_full_l22_x959_y1855_filtered.tiff
535,535,328,958,500,333,5,190,30.0,126,100,98,1,14,T-REx-293_c1.0_tp96,96.0,"{'Pd102': 1, 'Pd104': 1, 'Pd105': 1, 'Pd106': 0, 'Pd108': 1, 'Pd110': 0, 'In113': 0, 'In115': 0}",1.0,176,1,8,B,B08,2,26,14,14,24,1,24,20190710_p176_slide8_ac1_vz,8,p176,T-REx-293,0,20190710_p176_slide8_ac1_vz_s1_p1_r14_a14_ac_full_l5_x328_y958_cell.tiff,20190710_p176_slide8_ac1_vz_s1_p1_r14_a14_ac_full_l5_x328_y958_cyto.tiff,20190710_p176_slide8_ac1_vz_s1_p1_r14_a14_ac_full_l5_x328_y958_nucleiexp.tiff,20190710_p176_slide8_ac1_vz_s1_p1_r14_a14_ac_full_l5_x328_y958_comp.tiff,20190710_p176_slide8_ac1_vz_s1_p1_r14_a14_ac_full_l5_x328_y958_filtered.tiff
687,687,963,1782,568,494,21,254,30.0,163,110,109,1,14,T-REx-293_c1.0_tp96,96.0,"{'Pd102': 1, 'Pd104': 1, 'Pd105': 1, 'Pd106': 0, 'Pd108': 1, 'Pd110': 0, 'In113': 0, 'In115': 0}",1.0,176,1,8,B,B08,2,33,4,4,30,1,12,20190715_p176_slide14_ac1_vz,14,p176,T-REx-293,0,20190715_p176_slide14_ac1_vz_s1_p1_r4_a4_ac_full_l21_x963_y1782_cell.tiff,20190715_p176_slide14_ac1_vz_s1_p1_r4_a4_ac_full_l21_x963_y1782_cyto.tiff,20190715_p176_slide14_ac1_vz_s1_p1_r4_a4_ac_full_l21_x963_y1782_nucleiexp.tiff,20190715_p176_slide14_ac1_vz_s1_p1_r4_a4_ac_full_l21_x963_y1782_comp.tiff,20190715_p176_slide14_ac1_vz_s1_p1_r4_a4_ac_full_l21_x963_y1782_filtered.tiff
168,168,0,0,276,297,1,60,30.0,81,19,19,0,88,HT-29_c0.25_tp96,96.0,"{'Pd102': 0, 'Pd104': 1, 'Pd105': 1, 'Pd106': 0, 'Pd108': 0, 'Pd110': 1, 'In113': 0, 'In115': 1}",0.25,176,1,5,F,F05,2,8,1,1,8,1,8,20190620_p176_slide5_ac1_vz,5,p176,HT-29,0,20190620_p176_slide5_ac1_vz_s1_p1_r1_a1_ac_full_l1_x0_y0_cell.tiff,20190620_p176_slide5_ac1_vz_s1_p1_r1_a1_ac_full_l1_x0_y0_cyto.tiff,20190620_p176_slide5_ac1_vz_s1_p1_r1_a1_ac_full_l1_x0_y0_nucleiexp.tiff,20190620_p176_slide5_ac1_vz_s1_p1_r1_a1_ac_full_l1_x0_y0_comp.tiff,20190620_p176_slide5_ac1_vz_s1_p1_r1_a1_ac_full_l1_x0_y0_filtered.tiff
383,383,1404,1754,334,327,27,168,30.0,124,33,33,0,88,HT-29_c0.25_tp96,96.0,"{'Pd102': 0, 'Pd104': 1, 'Pd105': 1, 'Pd106': 0, 'Pd108': 0, 'Pd110': 1, 'In113': 0, 'In115': 1}",0.25,176,1,5,F,F05,2,20,15,15,18,1,18,20190709_p176_slide11_ac1_vz,11,p176,HT-29,0,20190709_p176_slide11_ac1_vz_s1_p1_r15_a15_ac_full_l27_x1404_y1754_cell.tiff,20190709_p176_slide11_ac1_vz_s1_p1_r15_a15_ac_full_l27_x1404_y1754_cyto.tiff,20190709_p176_slide11_ac1_vz_s1_p1_r15_a15_ac_full_l27_x1404_y1754_nucleiexp.tiff,20190709_p176_slide11_ac1_vz_s1_p1_r15_a15_ac_full_l27_x1404_y1754_comp.tiff,20190709_p176_slide11_ac1_vz_s1_p1_r15_a15_ac_full_l27_x1404_y1754_filtered.tiff
428,428,1589,2307,219,200,33,172,30.0,23,31,31,0,88,HT-29_c0.25_tp96,96.0,"{'Pd102': 0, 'Pd104': 1, 'Pd105': 1, 'Pd106': 0, 'Pd108': 0, 'Pd110': 1, 'In113': 0, 'In115': 1}",0.25,176,1,5,F,F05,2,21,7,7,19,1,19,20190709_p176_slide16_ac1_vz,16,p176,HT-29,0,20190709_p176_slide16_ac1_vz_s1_p1_r7_a7_ac_full_l33_x1589_y2307_cell.tiff,20190709_p176_slide16_ac1_vz_s1_p1_r7_a7_ac_full_l33_x1589_y2307_cyto.tiff,20190709_p176_slide16_ac1_vz_s1_p1_r7_a7_ac_full_l33_x1589_y2307_nucleiexp.tiff,20190709_p176_slide16_ac1_vz_s1_p1_r7_a7_ac_full_l33_x1589_y2307_comp.tiff,20190709_p176_slide16_ac1_vz_s1_p1_r7_a7_ac_full_l33_x1589_y2307_filtered.tiff
526,526,860,1228,347,358,10,190,30.0,121,44,43,1,88,HT-29_c0.25_tp96,96.0,"{'Pd102': 0, 'Pd104': 1, 'Pd105': 1, 'Pd106': 0, 'Pd108': 0, 'Pd110': 1, 'In113': 0, 'In115': 1}",0.25,176,1,5,F,F05,2,26,14,14,24,1,24,20190710_p176_slide8_ac1_vz,8,p176,HT-29,0,20190710_p176_slide8_ac1_vz_s1_p1_r14_a14_ac_full_l10_x860_y1228_cell.tiff,20190710_p176_slide8_ac1_vz_s1_p1_r14_a14_ac_full_l10_x860_y1228_cyto.tiff,20190710_p176_slide8_ac1_vz_s1_p1_r14_a14_ac_full_l10_x860_y1228_nucleiexp.tiff,20190710_p176_slide8_ac1_vz_s1_p1_r14_a14_ac_full_l10_x860_y1228_comp.tiff,20190710_p176_slide8_ac1_vz_s1_p1_r14_a14_ac_full_l10_x860_y1228_filtered.tiff
697,697,1552,2176,293,295,30,254,30.0,73,32,31,1,88,HT-29_c0.25_tp96,96.0,"{'Pd102': 0, 'Pd104': 1, 'Pd105': 1, 'Pd106': 0, 'Pd108': 0, 'Pd110': 1, 'In113': 0, 'In115': 1}",0.25,176,1,5,F,F05,2,33,4,4,30,1,12,20190715_p176_slide14_ac1_vz,14,p176,HT-29,0,20190715_p176_slide14_ac1_vz_s1_p1_r4_a4_ac_full_l30_x1552_y2176_cell.tiff,20190715_p176_slide14_ac1_vz_s1_p1_r4_a4_ac_full_l30_x1552_y2176_cyto.tiff,20190715_p176_slide14_ac1_vz_s1_p1_r4_a4_ac_full_l30_x1552_y2176_nucleiexp.tiff,20190715_p176_slide14_ac1_vz_s1_p1_r4_a4_ac_full_l30_x1552_y2176_comp.tiff,20190715_p176_slide14_ac1_vz_s1_p1_r4_a4_ac_full_l30_x1552_y2176_filtered.tiff
171,171,80,448,277,256,2,62,30.0,51,66,65,1,80,T-47D_c0.5_tp96,96.0,"{'Pd102': 0, 'Pd104': 1, 'Pd105': 1, 'Pd106': 1, 'Pd108': 0, 'Pd110': 0, 'In113': 0, 'In115': 1}",0.5,176,1,11,E,E11,2,8,14,14,8,1,8,20190620_p176_slide5_ac1_vz,5,p176,T-47D,0,20190620_p176_slide5_ac1_vz_s1_p1_r14_a14_ac_full_l2_x80_y448_cell.tiff,20190620_p176_slide5_ac1_vz_s1_p1_r14_a14_ac_full_l2_x80_y448_cyto.tiff,20190620_p176_slide5_ac1_vz_s1_p1_r14_a14_ac_full_l2_x80_y448_nucleiexp.tiff,20190620_p176_slide5_ac1_vz_s1_p1_r14_a14_ac_full_l2_x80_y448_comp.tiff,20190620_p176_slide5_ac1_vz_s1_p1_r14_a14_ac_full_l2_x80_y448_filtered.tiff
391,391,2078,602,224,248,34,168,30.0,42,48,48,0,80,T-47D_c0.5_tp96,96.0,"{'Pd102': 0, 'Pd104': 1, 'Pd105': 1, 'Pd106': 1, 'Pd108': 0, 'Pd110': 0, 'In113': 0, 'In115': 1}",0.5,176,1,11,E,E11,2,20,15,15,18,1,18,20190709_p176_slide11_ac1_vz,11,p176,T-47D,0,20190709_p176_slide11_ac1_vz_s1_p1_r15_a15_ac_full_l34_x2078_y602_cell.tiff,20190709_p176_slide11_ac1_vz_s1_p1_r15_a15_ac_full_l34_x2078_y602_cyto.tiff,20190709_p176_slide11_ac1_vz_s1_p1_r15_a15_ac_full_l34_x2078_y602_nucleiexp.tiff,20190709_p176_slide11_ac1_vz_s1_p1_r15_a15_ac_full_l34_x2078_y602_comp.tiff,20190709_p176_slide11_ac1_vz_s1_p1_r15_a15_ac_full_l34_x2078_y602_filtered.tiff
531,531,1451,22,285,295,15,190,30.0,70,64,63,1,80,T-47D_c0.5_tp96,96.0,"{'Pd102': 0, 'Pd104': 1, 'Pd105': 1, 'Pd106': 1, 'Pd108': 0, 'Pd110': 0, 'In113': 0, 'In115': 1}",0.5,176,1,11,E,E11,2,26,14,14,24,1,24,20190710_p176_slide8_ac1_vz,8,p176,T-47D,0,20190710_p176_slide8_ac1_vz_s1_p1_r14_a14_ac_full_l15_x1451_y22_cell.tiff,20190710_p176_slide8_ac1_vz_s1_p1_r14_a14_ac_full_l15_x1451_y22_cyto.tiff,20190710_p176_slide8_ac1_vz_s1_p1_r14_a14_ac_full_l15_x1451_y22_nucleiexp.tiff,20190710_p176_slide8_ac1_vz_s1_p1_r14_a14_ac_full_l15_x1451_y22_comp.tiff,20190710_p176_slide8_ac1_vz_s1_p1_r14_a14_ac_full_l15_x1451_y22_filtered.tiff
172,172,155,0,217,188,3,62,30.0,50,19,19,0,98,T-REx-293_c0.25_tp96,96.0,"{'Pd102': 1, 'Pd104': 0, 'Pd105': 0, 'Pd106': 0, 'Pd108': 1, 'Pd110': 0, 'In113': 1, 'In115': 1}",0.25,176,1,10,F,F10,2,8,14,14,8,1,8,20190620_p176_slide5_ac1_vz,5,p176,T-REx-293,0,20190620_p176_slide5_ac1_vz_s1_p1_r14_a14_ac_full_l3_x155_y0_cell.tiff,20190620_p176_slide5_ac1_vz_s1_p1_r14_a14_ac_full_l3_x155_y0_cyto.tiff,20190620_p176_slide5_ac1_vz_s1_p1_r14_a14_ac_full_l3_x155_y0_nucleiexp.tiff,20190620_p176_slide5_ac1_vz_s1_p1_r14_a14_ac_full_l3_x155_y0_comp.tiff,20190620_p176_slide5_ac1_vz_s1_p1_r14_a14_ac_full_l3_x155_y0_filtered.tiff
385,385,1428,715,396,317,29,168,30.0,119,67,66,1,98,T-REx-293_c0.25_tp96,96.0,"{'Pd102': 1, 'Pd104': 0, 'Pd105': 0, 'Pd106': 0, 'Pd108': 1, 'Pd110': 0, 'In113': 1, 'In115': 1}",0.25,176,1,10,F,F10,2,20,15,15,18,1,18,20190709_p176_slide11_ac1_vz,11,p176,T-REx-293,0,20190709_p176_slide11_ac1_vz_s1_p1_r15_a15_ac_full_l29_x1428_y715_cell.tiff,20190709_p176_slide11_ac1_vz_s1_p1_r15_a15_ac_full_l29_x1428_y715_cyto.tiff,20190709_p176_slide11_ac1_vz_s1_p1_r15_a15_ac_full_l29_x1428_y715_nucleiexp.tiff,20190709_p176_slide11_ac1_vz_s1_p1_r15_a15_ac_full_l29_x1428_y715_comp.tiff,20190709_p176_slide11_ac1_vz_s1_p1_r15_a15_ac_full_l29_x1428_y715_filtered.tiff
430,430,1687,1190,323,273,35,172,30.0,89,45,44,1,98,T-REx-293_c0.25_tp96,96.0,"{'Pd102': 1, 'Pd104': 0, 'Pd105': 0, 'Pd106': 0, 'Pd108': 1, 'Pd110': 0, 'In113': 1, 'In115': 1}",0.25,176,1,10,F,F10,2,21,7,7,19,1,19,20190709_p176_slide16_ac1_vz,16,p176,T-REx-293,0,20190709_p176_slide16_ac1_vz_s1_p1_r7_a7_ac_full_l35_x1687_y1190_cell.tiff,20190709_p176_slide16_ac1_vz_s1_p1_r7_a7_ac_full_l35_x1687_y1190_cyto.tiff,20190709_p176_slide16_ac1_vz_s1_p1_r7_a7_ac_full_l35_x1687_y1190_nucleiexp.tiff,20190709_p176_slide16_ac1_vz_s1_p1_r7_a7_ac_full_l35_x1687_y1190_comp.tiff,20190709_p176_slide16_ac1_vz_s1_p1_r7_a7_ac_full_l35_x1687_y1190_filtered.tiff
528,528,915,208,321,286,12,190,30.0,85,44,43,1,98,T-REx-293_c0.25_tp96,96.0,"{'Pd102': 1, 'Pd104': 0, 'Pd105': 0, 'Pd106': 0, 'Pd108': 1, 'Pd110': 0, 'In113': 1, 'In115': 1}",0.25,176,1,10,F,F10,2,26,14,14,24,1,24,20190710_p176_slide8_ac1_vz,8,p176,T-REx-293,0,20190710_p176_slide8_ac1_vz_s1_p1_r14_a14_ac_full_l12_x915_y208_cell.tiff,20190710_p176_slide8_ac1_vz_s1_p1_r14_a14_ac_full_l12_x915_y208_cyto.tiff,20190710_p176_slide8_ac1_vz_s1_p1_r14_a14_ac_full_l12_x915_y208_nucleiexp.tiff,20190710_p176_slide8_ac1_vz_s1_p1_r14_a14_ac_full_l12_x915_y208_comp.tiff,20190710_p176_slide8_ac1_vz_s1_p1_r14_a14_ac_full_l12_x915_y208_filtered.tiff
701,701,1717,1102,354,305,34,254,30.0,79,57,56,1,98,T-REx-293_c0.25_tp96,96.0,"{'Pd102': 1, 'Pd104': 0, 'Pd105': 0, 'Pd106': 0, 'Pd108': 1, 'Pd110': 0, 'In113': 1, 'In115': 1}",0.25,176,1,10,F,F10,2,33,4,4,30,1,12,20190715_p176_slide14_ac1_vz,14,p176,T-REx-293,0,20190715_p176_slide14_ac1_vz_s1_p1_r4_a4_ac_full_l34_x1717_y1102_cell.tiff,20190715_p176_slide14_ac1_vz_s1_p1_r4_a4_ac_full_l34_x1717_y1102_cyto.tiff,20190715_p176_slide14_ac1_vz_s1_p1_r4_a4_ac_full_l34_x1717_y1102_nucleiexp.tiff,20190715_p176_slide14_ac1_vz_s1_p1_r4_a4_ac_full_l34_x1717_y1102_comp.tiff,20190715_p176_slide14_ac1_vz_s1_p1_r4_a4_ac_full_l34_x1717_y1102_filtered.tiff
175,175,0,0,214,229,1,64,30.0,54,35,35,0,72,T-47D_c0.5_tp96,96.0,"{'Pd102': 0, 'Pd104': 0, 'Pd105': 1, 'Pd106': 1, 'Pd108': 0, 'Pd110': 1, 'In113': 1, 'In115': 0}",0.5,176,1,7,E,E07,2,8,3,3,8,1,8,20190620_p176_slide5_ac1_vz,5,p176,T-47D,0,20190620_p176_slide5_ac1_vz_s1_p1_r3_a3_ac_full_l1_x0_y0_cell.tiff,20190620_p176_slide5_ac1_vz_s1_p1_r3_a3_ac_full_l1_x0_y0_cyto.tiff,20190620_p176_slide5_ac1_vz_s1_p1_r3_a3_ac_full_l1_x0_y0_nucleiexp.tiff,20190620_p176_slide5_ac1_vz_s1_p1_r3_a3_ac_full_l1_x0_y0_comp.tiff,20190620_p176_slide5_ac1_vz_s1_p1_r3_a3_ac_full_l1_x0_y0_filtered.tiff
372,372,772,1763,297,285,17,168,30.0,71,46,46,0,72,T-47D_c0.5_tp96,96.0,"{'Pd102': 0, 'Pd104': 0, 'Pd105': 1, 'Pd106': 1, 'Pd108': 0, 'Pd110': 1, 'In113': 1, 'In115': 0}",0.5,176,1,7,E,E07,2,20,15,15,18,1,18,20190709_p176_slide11_ac1_vz,11,p176,T-47D,0,20190709_p176_slide11_ac1_vz_s1_p1_r15_a15_ac_full_l17_x772_y1763_cell.tiff,20190709_p176_slide11_ac1_vz_s1_p1_r15_a15_ac_full_l17_x772_y1763_cyto.tiff,20190709_p176_slide11_ac1_vz_s1_p1_r15_a15_ac_full_l17_x772_y1763_nucleiexp.tiff,20190709_p176_slide11_ac1_vz_s1_p1_r15_a15_ac_full_l17_x772_y1763_comp.tiff,20190709_p176_slide11_ac1_vz_s1_p1_r15_a15_ac_full_l17_x772_y1763_filtered.tiff
534,534,220,1251,303,309,4,190,30.0,98,50,49,1,72,T-47D_c0.5_tp96,96.0,"{'Pd102': 0, 'Pd104': 0, 'Pd105': 1, 'Pd106': 1, 'Pd108': 0, 'Pd110': 1, 'In113': 1, 'In115': 0}",0.5,176,1,7,E,E07,2,26,14,14,24,1,24,20190710_p176_slide8_ac1_vz,8,p176,T-47D,0,20190710_p176_slide8_ac1_vz_s1_p1_r14_a14_ac_full_l4_x220_y1251_cell.tiff,20190710_p176_slide8_ac1_vz_s1_p1_r14_a14_ac_full_l4_x220_y1251_cyto.tiff,20190710_p176_slide8_ac1_vz_s1_p1_r14_a14_ac_full_l4_x220_y1251_nucleiexp.tiff,20190710_p176_slide8_ac1_vz_s1_p1_r14_a14_ac_full_l4_x220_y1251_comp.tiff,20190710_p176_slide8_ac1_vz_s1_p1_r14_a14_ac_full_l4_x220_y1251_filtered.tiff
683,683,934,2173,208,197,18,254,30.0,20,36,35,1,72,T-47D_c0.5_tp96,96.0,"{'Pd102': 0, 'Pd104': 0, 'Pd105': 1, 'Pd106': 1, 'Pd108': 0, 'Pd110': 1, 'In113': 1, 'In115': 0}",0.5,176,1,7,E,E07,2,33,4,4,30,1,12,20190715_p176_slide14_ac1_vz,14,p176,T-47D,0,20190715_p176_slide14_ac1_vz_s1_p1_r4_a4_ac_full_l18_x934_y2173_cell.tiff,20190715_p176_slide14_ac1_vz_s1_p1_r4_a4_ac_full_l18_x934_y2173_cyto.tiff,20190715_p176_slide14_ac1_vz_s1_p1_r4_a4_ac_full_l18_x934_y2173_nucleiexp.tiff,20190715_p176_slide14_ac1_vz_s1_p1_r4_a4_ac_full_l18_x934_y2173_comp.tiff,20190715_p176_slide14_ac1_vz_s1_p1_r4_a4_ac_full_l18_x934_y2173_filtered.tiff
180,180,0,0,263,299,1,69,30.0,90,64,63,1,86,T-REx-293_c0.25_tp96,96.0,"{'Pd102': 1, 'Pd104': 0, 'Pd105': 0, 'Pd106': 1, 'Pd108': 0, 'Pd110': 1, 'In113': 0, 'In115': 1}",0.25,176,1,4,F,F04,2,8,8,8,8,1,8,20190620_p176_slide5_ac1_vz,5,p176,T-REx-293,0,20190620_p176_slide5_ac1_vz_s1_p1_r8_a8_ac_full_l1_x0_y0_cell.tiff,20190620_p176_slide5_ac1_vz_s1_p1_r8_a8_ac_full_l1_x0_y0_cyto.tiff,20190620_p176_slide5_ac1_vz_s1_p1_r8_a8_ac_full_l1_x0_y0_nucleiexp.tiff,20190620_p176_slide5_ac1_vz_s1_p1_r8_a8_ac_full_l1_x0_y0_comp.tiff,20190620_p176_slide5_ac1_vz_s1_p1_r8_a8_ac_full_l1_x0_y0_filtered.tiff
382,382,1222,1251,346,353,26,168,30.0,120,72,70,1,86,T-REx-293_c0.25_tp96,96.0,"{'Pd102': 1, 'Pd104': 0, 'Pd105': 0, 'Pd106': 1, 'Pd108': 0, 'Pd110': 1, 'In113': 0, 'In115': 1}",0.25,176,1,4,F,F04,2,20,15,15,18,1,18,20190709_p176_slide11_ac1_vz,11,p176,T-REx-293,0,20190709_p176_slide11_ac1_vz_s1_p1_r15_a15_ac_full_l26_x1222_y1251_cell.tiff,20190709_p176_slide11_ac1_vz_s1_p1_r15_a15_ac_full_l26_x1222_y1251_cyto.tiff,20190709_p176_slide11_ac1_vz_s1_p1_r15_a15_ac_full_l26_x1222_y1251_nucleiexp.tiff,20190709_p176_slide11_ac1_vz_s1_p1_r15_a15_ac_full_l26_x1222_y1251_comp.tiff,20190709_p176_slide11_ac1_vz_s1_p1_r15_a15_ac_full_l26_x1222_y1251_filtered.tiff
422,422,1394,1748,293,285,28,172,30.0,54,74,74,0,86,T-REx-293_c0.25_tp96,96.0,"{'Pd102': 1, 'Pd104': 0, 'Pd105': 0, 'Pd106': 1, 'Pd108': 0, 'Pd110': 1, 'In113': 0, 'In115': 1}",0.25,176,1,4,F,F04,2,21,7,7,19,1,19,20190709_p176_slide16_ac1_vz,16,p176,T-REx-293,0,20190709_p176_slide16_ac1_vz_s1_p1_r7_a7_ac_full_l28_x1394_y1748_cell.tiff,20190709_p176_slide16_ac1_vz_s1_p1_r7_a7_ac_full_l28_x1394_y1748_cyto.tiff,20190709_p176_slide16_ac1_vz_s1_p1_r7_a7_ac_full_l28_x1394_y1748_nucleiexp.tiff,20190709_p176_slide16_ac1_vz_s1_p1_r7_a7_ac_full_l28_x1394_y1748_comp.tiff,20190709_p176_slide16_ac1_vz_s1_p1_r7_a7_ac_full_l28_x1394_y1748_filtered.tiff
539,539,694,745,340,354,9,190,30.0,92,80,80,0,86,T-REx-293_c0.25_tp96,96.0,"{'Pd102': 1, 'Pd104': 0, 'Pd105': 0, 'Pd106': 1, 'Pd108': 0, 'Pd110': 1, 'In113': 0, 'In115': 1}",0.25,176,1,4,F,F04,2,26,14,14,24,1,24,20190710_p176_slide8_ac1_vz,8,p176,T-REx-293,0,20190710_p176_slide8_ac1_vz_s1_p1_r14_a14_ac_full_l9_x694_y745_cell.tiff,20190710_p176_slide8_ac1_vz_s1_p1_r14_a14_ac_full_l9_x694_y745_cyto.tiff,20190710_p176_slide8_ac1_vz_s1_p1_r14_a14_ac_full_l9_x694_y745_nucleiexp.tiff,20190710_p176_slide8_ac1_vz_s1_p1_r14_a14_ac_full_l9_x694_y745_comp.tiff,20190710_p176_slide8_ac1_vz_s1_p1_r14_a14_ac_full_l9_x694_y745_filtered.tiff
692,692,1411,1657,324,318,26,254,30.0,72,76,75,1,86,T-REx-293_c0.25_tp96,96.0,"{'Pd102': 1, 'Pd104': 0, 'Pd105': 0, 'Pd106': 1, 'Pd108': 0, 'Pd110': 1, 'In113': 0, 'In115': 1}",0.25,176,1,4,F,F04,2,33,4,4,30,1,12,20190715_p176_slide14_ac1_vz,14,p176,T-REx-293,0,20190715_p176_slide14_ac1_vz_s1_p1_r4_a4_ac_full_l26_x1411_y1657_cell.tiff,20190715_p176_slide14_ac1_vz_s1_p1_r4_a4_ac_full_l26_x1411_y1657_cyto.tiff,20190715_p176_slide14_ac1_vz_s1_p1_r4_a4_ac_full_l26_x1411_y1657_nucleiexp.tiff,20190715_p176_slide14_ac1_vz_s1_p1_r4_a4_ac_full_l26_x1411_y1657_comp.tiff,20190715_p176_slide14_ac1_vz_s1_p1_r4_a4_ac_full_l26_x1411_y1657_filtered.tiff
192,192,885,0,154,147,7,73,30.0,24,25,25,0,119,T-47D_c0.25_tp72,72.0,"{'Pd102': 0, 'Pd104': 1, 'Pd105': 0, 'Pd106': 0, 'Pd108': 0, 'Pd110': 1, 'In113': 1, 'In115': 1}",0.25,173,1,11,G,G11,1,9,17,17,9,1,9,20190621_p173_slide13_ac1_vz,13,p173,T-47D,1,20190621_p173_slide13_ac1_vz_s1_p1_r17_a17_ac_full_l7_x885_y0_cell.tiff,20190621_p173_slide13_ac1_vz_s1_p1_r17_a17_ac_full_l7_x885_y0_cyto.tiff,20190621_p173_slide13_ac1_vz_s1_p1_r17_a17_ac_full_l7_x885_y0_nucleiexp.tiff,20190621_p173_slide13_ac1_vz_s1_p1_r17_a17_ac_full_l7_x885_y0_comp.tiff,20190621_p173_slide13_ac1_vz_s1_p1_r17_a17_ac_full_l7_x885_y0_filtered.tiff
601,601,0,0,206,152,1,222,30.0,47,34,33,1,119,T-47D_c0.25_tp72,72.0,"{'Pd102': 0, 'Pd104': 1, 'Pd105': 0, 'Pd106': 0, 'Pd108': 0, 'Pd110': 1, 'In113': 1, 'In115': 1}",0.25,173,1,11,G,G11,1,30,4,4,28,1,28,20190715_p173_slide16_ac1_vz,16,p173,T-47D,1,20190715_p173_slide16_ac1_vz_s1_p1_r4_a4_ac_full_l1_x0_y0_cell.tiff,20190715_p173_slide16_ac1_vz_s1_p1_r4_a4_ac_full_l1_x0_y0_cyto.tiff,20190715_p173_slide16_ac1_vz_s1_p1_r4_a4_ac_full_l1_x0_y0_nucleiexp.tiff,20190715_p173_slide16_ac1_vz_s1_p1_r4_a4_ac_full_l1_x0_y0_comp.tiff,20190715_p173_slide16_ac1_vz_s1_p1_r4_a4_ac_full_l1_x0_y0_filtered.tiff
622,622,0,0,212,150,1,233,30.0,37,29,28,1,119,T-47D_c0.25_tp72,72.0,"{'Pd102': 0, 'Pd104': 1, 'Pd105': 0, 'Pd106': 0, 'Pd108': 0, 'Pd110': 1, 'In113': 1, 'In115': 1}",0.25,173,1,11,G,G11,1,31,25,25,28,2,28,20190715_p173_slide16_ac1_vz,16,p173,T-47D,1,20190715_p173_slide16_ac1_vz_s1_p2_r25_a25_ac_full_l1_x0_y0_cell.tiff,20190715_p173_slide16_ac1_vz_s1_p2_r25_a25_ac_full_l1_x0_y0_cyto.tiff,20190715_p173_slide16_ac1_vz_s1_p2_r25_a25_ac_full_l1_x0_y0_nucleiexp.tiff,20190715_p173_slide16_ac1_vz_s1_p2_r25_a25_ac_full_l1_x0_y0_comp.tiff,20190715_p173_slide16_ac1_vz_s1_p2_r25_a25_ac_full_l1_x0_y0_filtered.tiff
269,269,0,0,158,185,1,106,30.0,24,51,49,1,111,T-47D_c0.25_tp72,72.0,"{'Pd102': 0, 'Pd104': 0, 'Pd105': 1, 'Pd106': 1, 'Pd108': 0, 'Pd110': 0, 'In113': 1, 'In115': 1}",0.25,173,1,7,G,G07,1,14,1,1,14,4,14,20190708_p173_slide26_ac1_vz,26,p173,T-47D,1,20190708_p173_slide26_ac1_vz_s1_p4_r1_a1_ac_full_l1_x0_y0_cell.tiff,20190708_p173_slide26_ac1_vz_s1_p4_r1_a1_ac_full_l1_x0_y0_cyto.tiff,20190708_p173_slide26_ac1_vz_s1_p4_r1_a1_ac_full_l1_x0_y0_nucleiexp.tiff,20190708_p173_slide26_ac1_vz_s1_p4_r1_a1_ac_full_l1_x0_y0_comp.tiff,20190708_p173_slide26_ac1_vz_s1_p4_r1_a1_ac_full_l1_x0_y0_filtered.tiff
302,302,2,0,162,153,1,130,30.0,17,48,47,1,111,T-47D_c0.25_tp72,72.0,"{'Pd102': 0, 'Pd104': 0, 'Pd105': 1, 'Pd106': 1, 'Pd108': 0, 'Pd110': 0, 'In113': 1, 'In115': 1}",0.25,173,1,7,G,G07,1,15,73,73,14,5,14,20190708_p173_slide26_ac1_vz,26,p173,T-47D,1,20190708_p173_slide26_ac1_vz_s1_p5_r73_a73_ac_full_l1_x2_y0_cell.tiff,20190708_p173_slide26_ac1_vz_s1_p5_r73_a73_ac_full_l1_x2_y0_cyto.tiff,20190708_p173_slide26_ac1_vz_s1_p5_r73_a73_ac_full_l1_x2_y0_nucleiexp.tiff,20190708_p173_slide26_ac1_vz_s1_p5_r73_a73_ac_full_l1_x2_y0_comp.tiff,20190708_p173_slide26_ac1_vz_s1_p5_r73_a73_ac_full_l1_x2_y0_filtered.tiff
316,316,0,0,139,129,1,135,30.0,4,39,39,0,111,T-47D_c0.25_tp72,72.0,"{'Pd102': 0, 'Pd104': 0, 'Pd105': 1, 'Pd106': 1, 'Pd108': 0, 'Pd110': 0, 'In113': 1, 'In115': 1}",0.25,173,1,7,G,G07,1,16,33,33,14,6,14,20190708_p173_slide26_ac1_vz,26,p173,T-47D,1,20190708_p173_slide26_ac1_vz_s1_p6_r33_a33_ac_full_l1_x0_y0_cell.tiff,20190708_p173_slide26_ac1_vz_s1_p6_r33_a33_ac_full_l1_x0_y0_cyto.tiff,20190708_p173_slide26_ac1_vz_s1_p6_r33_a33_ac_full_l1_x0_y0_nucleiexp.tiff,20190708_p173_slide26_ac1_vz_s1_p6_r33_a33_ac_full_l1_x0_y0_comp.tiff,20190708_p173_slide26_ac1_vz_s1_p6_r33_a33_ac_full_l1_x0_y0_filtered.tiff
649,649,98,270,192,227,2,239,30.0,52,39,39,0,111,T-47D_c0.25_tp72,72.0,"{'Pd102': 0, 'Pd104': 0, 'Pd105': 1, 'Pd106': 1, 'Pd108': 0, 'Pd110': 0, 'In113': 1, 'In115': 1}",0.25,173,1,7,G,G07,1,32,1,1,29,1,29,20190715_p173_slide22_ac1_vz,22,p173,T-47D,1,20190715_p173_slide22_ac1_vz_s1_p1_r1_a1_ac_full_l2_x98_y270_cell.tiff,20190715_p173_slide22_ac1_vz_s1_p1_r1_a1_ac_full_l2_x98_y270_cyto.tiff,20190715_p173_slide22_ac1_vz_s1_p1_r1_a1_ac_full_l2_x98_y270_nucleiexp.tiff,20190715_p173_slide22_ac1_vz_s1_p1_r1_a1_ac_full_l2_x98_y270_comp.tiff,20190715_p173_slide22_ac1_vz_s1_p1_r1_a1_ac_full_l2_x98_y270_filtered.tiff
289,289,0,122,162,218,1,119,30.0,42,42,41,1,115,T-47D_c0.25_tp72,72.0,"{'Pd102': 0, 'Pd104': 1, 'Pd105': 0, 'Pd106': 0, 'Pd108': 1, 'Pd110': 1, 'In113': 0, 'In115': 1}",0.25,173,1,9,G,G09,1,14,5,5,14,4,14,20190708_p173_slide26_ac1_vz,26,p173,T-47D,0,20190708_p173_slide26_ac1_vz_s1_p4_r5_a5_ac_full_l1_x0_y122_cell.tiff,20190708_p173_slide26_ac1_vz_s1_p4_r5_a5_ac_full_l1_x0_y122_cyto.tiff,20190708_p173_slide26_ac1_vz_s1_p4_r5_a5_ac_full_l1_x0_y122_nucleiexp.tiff,20190708_p173_slide26_ac1_vz_s1_p4_r5_a5_ac_full_l1_x0_y122_comp.tiff,20190708_p173_slide26_ac1_vz_s1_p4_r5_a5_ac_full_l1_x0_y122_filtered.tiff
306,306,94,238,188,217,3,132,30.0,44,31,31,0,115,T-47D_c0.25_tp72,72.0,"{'Pd102': 0, 'Pd104': 1, 'Pd105': 0, 'Pd106': 0, 'Pd108': 1, 'Pd110': 1, 'In113': 0, 'In115': 1}",0.25,173,1,9,G,G09,1,15,77,77,14,5,14,20190708_p173_slide26_ac1_vz,26,p173,T-47D,0,20190708_p173_slide26_ac1_vz_s1_p5_r77_a77_ac_full_l3_x94_y238_cell.tiff,20190708_p173_slide26_ac1_vz_s1_p5_r77_a77_ac_full_l3_x94_y238_cyto.tiff,20190708_p173_slide26_ac1_vz_s1_p5_r77_a77_ac_full_l3_x94_y238_nucleiexp.tiff,20190708_p173_slide26_ac1_vz_s1_p5_r77_a77_ac_full_l3_x94_y238_comp.tiff,20190708_p173_slide26_ac1_vz_s1_p5_r77_a77_ac_full_l3_x94_y238_filtered.tiff
320,320,0,0,118,188,1,139,30.0,45,33,33,0,115,T-47D_c0.25_tp72,72.0,"{'Pd102': 0, 'Pd104': 1, 'Pd105': 0, 'Pd106': 0, 'Pd108': 1, 'Pd110': 1, 'In113': 0, 'In115': 1}",0.25,173,1,9,G,G09,1,16,43,43,14,6,14,20190708_p173_slide26_ac1_vz,26,p173,T-47D,0,20190708_p173_slide26_ac1_vz_s1_p6_r43_a43_ac_full_l1_x0_y0_cell.tiff,20190708_p173_slide26_ac1_vz_s1_p6_r43_a43_ac_full_l1_x0_y0_cyto.tiff,20190708_p173_slide26_ac1_vz_s1_p6_r43_a43_ac_full_l1_x0_y0_nucleiexp.tiff,20190708_p173_slide26_ac1_vz_s1_p6_r43_a43_ac_full_l1_x0_y0_comp.tiff,20190708_p173_slide26_ac1_vz_s1_p6_r43_a43_ac_full_l1_x0_y0_filtered.tiff
555,555,0,0,145,172,1,200,30.0,24,38,38,0,115,T-47D_c0.25_tp72,72.0,"{'Pd102': 0, 'Pd104': 1, 'Pd105': 0, 'Pd106': 0, 'Pd108': 1, 'Pd110': 1, 'In113': 0, 'In115': 1}",0.25,173,1,9,G,G09,1,27,3,3,25,1,25,20190711_p173_slide28_ac1_vz,28,p173,T-47D,0,20190711_p173_slide28_ac1_vz_s1_p1_r3_a3_ac_full_l1_x0_y0_cell.tiff,20190711_p173_slide28_ac1_vz_s1_p1_r3_a3_ac_full_l1_x0_y0_cyto.tiff,20190711_p173_slide28_ac1_vz_s1_p1_r3_a3_ac_full_l1_x0_y0_nucleiexp.tiff,20190711_p173_slide28_ac1_vz_s1_p1_r3_a3_ac_full_l1_x0_y0_comp.tiff,20190711_p173_slide28_ac1_vz_s1_p1_r3_a3_ac_full_l1_x0_y0_filtered.tiff
336,336,0,0,277,278,1,150,30.0,54,96,96,0,39,T-47D_c1.0_tp72,72.0,"{'Pd102': 0, 'Pd104': 1, 'Pd105': 1, 'Pd106': 1, 'Pd108': 0, 'Pd110': 1, 'In113': 0, 'In115': 0}",1.0,173,1,11,C,C11,1,17,11,11,15,1,15,20190708_p173_slide39_ac1_vz,39,p173,T-47D,1,20190708_p173_slide39_ac1_vz_s1_p1_r11_a11_ac_full_l1_x0_y0_cell.tiff,20190708_p173_slide39_ac1_vz_s1_p1_r11_a11_ac_full_l1_x0_y0_cyto.tiff,20190708_p173_slide39_ac1_vz_s1_p1_r11_a11_ac_full_l1_x0_y0_nucleiexp.tiff,20190708_p173_slide39_ac1_vz_s1_p1_r11_a11_ac_full_l1_x0_y0_comp.tiff,20190708_p173_slide39_ac1_vz_s1_p1_r11_a11_ac_full_l1_x0_y0_filtered.tiff
459,459,0,0,284,312,1,183,30.0,62,70,70,0,39,T-47D_c1.0_tp72,72.0,"{'Pd102': 0, 'Pd104': 1, 'Pd105': 1, 'Pd106': 1, 'Pd108': 0, 'Pd110': 1, 'In113': 0, 'In115': 0}",1.0,173,1,11,C,C11,1,23,8,8,21,1,21,20190710_p173_slide36_ac1_vz,36,p173,T-47D,1,20190710_p173_slide36_ac1_vz_s1_p1_r8_a8_ac_full_l1_x0_y0_cell.tiff,20190710_p173_slide36_ac1_vz_s1_p1_r8_a8_ac_full_l1_x0_y0_cyto.tiff,20190710_p173_slide36_ac1_vz_s1_p1_r8_a8_ac_full_l1_x0_y0_nucleiexp.tiff,20190710_p173_slide36_ac1_vz_s1_p1_r8_a8_ac_full_l1_x0_y0_comp.tiff,20190710_p173_slide36_ac1_vz_s1_p1_r8_a8_ac_full_l1_x0_y0_filtered.tiff
370,370,792,925,245,235,15,168,30.0,76,35,35,0,116,T-47D_c0.25_tp96,96.0,"{'Pd102': 0, 'Pd104': 1, 'Pd105': 0, 'Pd106': 0, 'Pd108': 1, 'Pd110': 1, 'In113': 0, 'In115': 1}",0.25,176,1,9,G,G09,2,20,15,15,18,1,18,20190709_p176_slide11_ac1_vz,11,p176,T-47D,0,20190709_p176_slide11_ac1_vz_s1_p1_r15_a15_ac_full_l15_x792_y925_cell.tiff,20190709_p176_slide11_ac1_vz_s1_p1_r15_a15_ac_full_l15_x792_y925_cyto.tiff,20190709_p176_slide11_ac1_vz_s1_p1_r15_a15_ac_full_l15_x792_y925_nucleiexp.tiff,20190709_p176_slide11_ac1_vz_s1_p1_r15_a15_ac_full_l15_x792_y925_comp.tiff,20190709_p176_slide11_ac1_vz_s1_p1_r15_a15_ac_full_l15_x792_y925_filtered.tiff
411,411,1034,1351,175,178,18,172,30.0,29,29,29,0,116,T-47D_c0.25_tp96,96.0,"{'Pd102': 0, 'Pd104': 1, 'Pd105': 0, 'Pd106': 0, 'Pd108': 1, 'Pd110': 1, 'In113': 0, 'In115': 1}",0.25,176,1,9,G,G09,2,21,7,7,19,1,19,20190709_p176_slide16_ac1_vz,16,p176,T-47D,0,20190709_p176_slide16_ac1_vz_s1_p1_r7_a7_ac_full_l18_x1034_y1351_cell.tiff,20190709_p176_slide16_ac1_vz_s1_p1_r7_a7_ac_full_l18_x1034_y1351_cyto.tiff,20190709_p176_slide16_ac1_vz_s1_p1_r7_a7_ac_full_l18_x1034_y1351_nucleiexp.tiff,20190709_p176_slide16_ac1_vz_s1_p1_r7_a7_ac_full_l18_x1034_y1351_comp.tiff,20190709_p176_slide16_ac1_vz_s1_p1_r7_a7_ac_full_l18_x1034_y1351_filtered.tiff
684,684,1043,1258,228,224,19,254,30.0,54,40,40,0,116,T-47D_c0.25_tp96,96.0,"{'Pd102': 0, 'Pd104': 1, 'Pd105': 0, 'Pd106': 0, 'Pd108': 1, 'Pd110': 1, 'In113': 0, 'In115': 1}",0.25,176,1,9,G,G09,2,33,4,4,30,1,12,20190715_p176_slide14_ac1_vz,14,p176,T-47D,0,20190715_p176_slide14_ac1_vz_s1_p1_r4_a4_ac_full_l19_x1043_y1258_cell.tiff,20190715_p176_slide14_ac1_vz_s1_p1_r4_a4_ac_full_l19_x1043_y1258_cyto.tiff,20190715_p176_slide14_ac1_vz_s1_p1_r4_a4_ac_full_l19_x1043_y1258_nucleiexp.tiff,20190715_p176_slide14_ac1_vz_s1_p1_r4_a4_ac_full_l19_x1043_y1258_comp.tiff,20190715_p176_slide14_ac1_vz_s1_p1_r4_a4_ac_full_l19_x1043_y1258_filtered.tiff
