path,method,compressed_size,uncompressed_size,local_offset
cell_obs.csv,8,1585046,5974082,0
cell_var.csv,8,4461,31490,1585116
cell_X.csv,8,535937845,1184170978,1589647
cyto_obs.csv,8,1597028,6119404,537527560
cyto_var.csv,8,1689,5697,539124658
cyto_X.csv,8,102654944,221524968,539126417
image_meta.csv,8,32868,320671,641781429
images/,0,0,0,641814369
images/20190709_p176_slide11_ac1_vz_s1_p1_r7_a7_ac_full_l32768_x0_y0_comp.tiff,8,113357,1203632,641814434
images/20190620_p173_slide19_ac1_vz_s1_p1_r22_a22_ac_full_l13_x747_y683_comp.tiff,8,1825285,13894982,641927927
images/20190619_p176_slide20_ac1_vz_s1_p1_r6_a6_ac_full_l22_x1024_y1436_comp.tiff,8,2020405,17444582,643753351
images/20190709_p176_slide11_ac1_vz_s1_p1_r15_a15_ac_full_l25_x1167_y348_comp.tiff,8,1395029,14198228,645773895
images/20190625_p173_slide10_ac1_vz_s1_p1_r18_a18_ac_full_l8_x588_y600_comp.tiff,8,709417,5086772,647169064
images/20190708_p173_slide26_ac1_vz_s1_p6_r35_a35_ac_full_l1_x0_y0_filtered.tiff,8,604969,5687756,647878619
images/20190619_p176_slide20_ac1_vz_s1_p1_r6_a6_ac_full_l3_x82_y1305_filtered.tiff,8,1400222,12562148,648483726
images/20190710_p176_slide23_ac1_vz_s1_p1_r6_a6_ac_full_l5_x295_y1063_filtered.tiff,8,1489256,17981306,649884088
images/20190710_p176_slide23_ac1_vz_s1_p1_r6_a6_ac_full_l26_x1220_y1328_comp.tiff,8,574225,6527828,651373485
images/20190619_p173_slide31_ac1_vz_s1_p1_r14_a14_ac_full_l3_x389_y144_filtered.tiff,8,1507355,12716882,651947849
images/20190620_p173_slide34_ac1_vz_s1_p1_r3_a3_ac_full_l1_x0_y0_comp.tiff,8,918804,8230412,653455346
images/20190715_p173_slide16_ac1_vz_s1_p1_r8_a8_ac_full_l2_x80_y373_filtered.tiff,8,133187,1086127,654374282
images/20190715_p176_slide30_ac1_vz_s1_p1_r16_a16_ac_full_l10_x1082_y1420_filtered.tiff,8,64586,560928,654507608
images/20190621_p173_slide4_ac1_vz_s1_p1_r11_a11_ac_full_l1_x0_y0_filtered.tiff,8,1093535,8542328,654572339
images/20190709_p176_slide11_ac1_vz_s1_p1_r15_a15_ac_full_l4_x209_y1309_filtered.tiff,8,1388442,15125204,655666011
images/20190620_p173_slide19_ac1_vz_s1_p1_r22_a22_ac_full_l2_x5_y0_filtered.tiff,8,1253114,10129856,657054596
images/20190710_p176_slide8_ac1_vz_s1_p1_r14_a14_ac_full_l7_x599_y1328_comp.tiff,8,1045024,9831812,658307848
images/20190620_p173_slide19_ac1_vz_s1_p1_r22_a22_ac_full_l3_x166_y1098_filtered.tiff,8,92922,1020643,659353010
images/20190625_p173_slide10_ac1_vz_s1_p1_r17_a17_ac_full_l8_x649_y0_comp.tiff,8,1900310,18171332,659446075
images/20190709_p176_slide11_ac1_vz_s1_p1_r15_a15_ac_full_l3_x211_y313_comp.tiff,8,642283,6585968,661346521
images/20190715_p173_slide16_ac1_vz_s1_p1_r3_a3_ac_full_l32768_x0_y0_comp.tiff,8,291724,3153464,661988942
images/20190619_p176_slide43_ac1_vz_s1_p1_r1_a1_ac_full_l1_x0_y0_filtered.tiff,8,1041368,8082512,662280802
images/20190708_p173_slide26_ac1_vz_s1_p4_r15_a15_ac_full_l2_x0_y0_comp.tiff,8,956781,9389132,663322306
images/20190711_p173_slide28_ac1_vz_s1_p1_r5_a5_ac_full_l1_x0_y8_comp.tiff,8,639866,5289548,664279221
images/20190621_p173_slide13_ac1_vz_s1_p1_r10_a10_ac_full_l1_x0_y0_filtered.tiff,8,1112988,8467562,664919219
images/20190708_p176_slide33_ac1_vz_s1_p1_r6_a6_ac_full_l1_x0_y0_filtered.tiff,8,1894782,14604596,666032345
images/20190619_p176_slide20_ac1_vz_s1_p1_r6_a6_ac_full_l19_x919_y91_comp.tiff,8,1076989,10846916,667927263
images/20190710_p176_slide8_ac1_vz_s1_p1_r7_a7_ac_full_l1_x0_y0_filtered.tiff,8,1093558,9156368,669004388
images/20190620_p173_slide19_ac1_vz_s1_p1_r22_a22_ac_full_l8_x391_y60_filtered.tiff,8,1026155,7106372,670098081
images/20190710_p176_slide23_ac1_vz_s1_p1_r6_a6_ac_full_l42_x1930_y1392_comp.tiff,8,141525,1463732,671124377
images/20190715_p173_slide22_ac1_vz_s1_p1_r25_a25_ac_full_l1_x1_y0_comp.tiff,8,499010,4549028,671266041
images/20190625_p173_slide10_ac1_vz_s1_p1_r18_a18_ac_full_l6_x386_y63_filtered.tiff,8,1306167,8900348,671765185
images/20190620_p176_slide27_ac1_vz_s1_p1_r18_a18_ac_full_l2_x48_y131_comp.tiff,8,949072,8122292,673071493
images/20190709_p176_slide16_ac1_vz_s1_p1_r7_a7_ac_full_l26_x1333_y0_comp.tiff,8,555380,5980292,674020702
images/20190620_p173_slide19_ac1_vz_s1_p1_r2_a2_ac_full_l1_x0_y0_filtered.tiff,8,1130233,6972650,674576218
images/20190620_p176_slide27_ac1_vz_s1_p1_r9_a9_ac_full_l32768_x0_y0_filtered.tiff,8,274365,3256484,675706587
images/20190621_p173_slide13_ac1_vz_s1_p1_r17_a17_ac_full_l2_x0_y308_comp.tiff,8,1832605,14269526,675981092
images/20190620_p173_slide19_ac1_vz_s1_p1_r22_a22_ac_full_l15_x932_y759_comp.tiff,8,1367074,10425554,677813833
images/20190620_p173_slide19_ac1_vz_s1_p1_r9_a9_ac_full_l4_x311_y257_filtered.tiff,8,1920189,14843276,679181046
images/20190708_p173_slide26_ac1_vz_s1_p4_r23_a23_ac_full_l1_x0_y0_comp.tiff,8,351433,3478130,681101375
images/20190709_p176_slide11_ac1_vz_s1_p1_r15_a15_ac_full_l28_x1386_y985_filtered.tiff,8,1837376,19393292,681452942
images/20190619_p173_slide31_ac1_vz_s1_p1_r13_a13_ac_full_l1_x0_y0_filtered.tiff,8,776396,7221734,683290462
images/20190619_p173_slide8_ac1_vz_s1_p1_r6_a6_ac_full_l10_x323_y1211_filtered.tiff,8,2316767,19523240,684066996
images/20190708_p173_slide39_ac1_vz_s1_p1_r7_a7_ac_full_l1_x0_y0_comp.tiff,8,700050,4957232,686383904
images/20190711_p176_slide39_ac1_vz_s1_p1_r1_a1_ac_full_l1_x0_y16_filtered.tiff,8,1262479,14895500,687084086
images/20190620_p176_slide27_ac1_vz_s1_p1_r15_a15_ac_full_l1_x0_y361_comp.tiff,8,838506,6221828,688346702
images/20190621_p176_slide36_ac1_vz_s1_p1_r1_a1_ac_full_l1_x0_y4_comp.tiff,8,2796296,22940852,689185344
images/20190715_p176_slide14_ac1_vz_s1_p1_r4_a4_ac_full_l6_x357_y1545_filtered.tiff,8,2204152,19635236,691981772
images/20190715_p173_slide22_ac1_vz_s1_p1_r17_a17_ac_full_l1_x0_y281_comp.tiff,8,667650,5110436,694186065
images/20190619_p173_slide8_ac1_vz_s1_p1_r6_a6_ac_full_l7_x376_y127_comp.tiff,8,792091,6663692,694853851
images/20190710_p173_slide6_ac1_vz_s1_p1_r6_a6_ac_full_l7_x217_y829_filtered.tiff,8,1050116,8580374,695646077
images/20190715_p173_slide22_ac1_vz_s1_p1_r15_a15_ac_full_l1_x0_y0_filtered.tiff,8,697089,4797500,696696332
images/20190715_p176_slide30_ac1_vz_s1_p1_r16_a16_ac_full_l7_x746_y382_comp.tiff,8,2065336,17176628,697393559
images/20190619_p176_slide20_ac1_vz_s1_p1_r6_a6_ac_full_l8_x332_y1481_comp.tiff,8,1986634,18707852,699459033
images/20190715_p173_slide16_ac1_vz_s1_p2_r30_a30_ac_full_l2_x134_y0_comp.tiff,8,1448764,12321224,701445804
images/20190620_p173_slide19_ac1_vz_s1_p1_r4_a4_ac_full_l1_x0_y0_comp.tiff,8,665674,4416428,702894704
images/20190620_p176_slide27_ac1_vz_s1_p1_r4_a4_ac_full_l1_x0_y0_comp.tiff,8,1357913,10614560,703560510
images/20190709_p176_slide11_ac1_vz_s1_p1_r15_a15_ac_full_l23_x1151_y1828_filtered.tiff,8,1048553,9773468,704918555
images/20190715_p173_slide16_ac1_vz_s1_p1_r17_a17_ac_full_l10_x1081_y732_filtered.tiff,8,59114,635694,705967253
images/20190708_p176_slide33_ac1_vz_s1_p1_r16_a16_ac_full_l2_x88_y237_comp.tiff,8,1321578,10519190,706026511
images/20190620_p173_slide19_ac1_vz_s1_p1_r3_a3_ac_full_l1_x0_y0_comp.tiff,8,888724,6053732,707348226
images/20190620_p173_slide34_ac1_vz_s1_p1_r2_a2_ac_full_l1_x0_y0_filtered.tiff,8,1381718,9705434,708237082
images/20190708_p176_slide33_ac1_vz_s1_p1_r16_a16_ac_full_l8_x868_y522_comp.tiff,8,3078169,25829900,709618936
images/20190715_p173_slide22_ac1_vz_s1_p1_r18_a18_ac_full_l2_x207_y0_filtered.tiff,8,2063076,14697008,712697243
images/20190620_p176_slide27_ac1_vz_s1_p1_r22_a22_ac_full_l2_x245_y364_comp.tiff,8,2274178,20024468,714760459
images/20190710_p176_slide23_ac1_vz_s1_p1_r6_a6_ac_full_l7_x461_y2066_filtered.tiff,8,1102675,11365892,717034775
images/20190710_p173_slide36_ac1_vz_s1_p1_r13_a13_ac_full_l3_x231_y214_filtered.tiff,8,624711,6121460,718137591
images/20190619_p176_slide20_ac1_vz_s1_p1_r6_a6_ac_full_l25_x1165_y343_comp.tiff,8,1387625,13253912,718762444
images/20190711_p173_slide28_ac1_vz_s1_p1_r13_a13_ac_full_l2_x289_y155_filtered.tiff,8,705788,3954572,720150207
images/20190621_p173_slide13_ac1_vz_s1_p1_r4_a4_ac_full_l2_x101_y34_comp.tiff,8,497096,3844412,720856137
images/20190710_p176_slide23_ac1_vz_s1_p1_r6_a6_ac_full_l20_x1032_y547_filtered.tiff,8,205655,2541158,721353368
images/20190715_p173_slide22_ac1_vz_s1_p1_r27_a27_ac_full_l2_x0_y279_filtered.tiff,8,704828,6608000,721559165
images/20190711_p173_slide28_ac1_vz_s1_p1_r13_a13_ac_full_l1_x0_y190_comp.tiff,8,1430288,10681472,722264133
images/20190711_p176_slide39_ac1_vz_s1_p1_r6_a6_ac_full_l5_x316_y193_filtered.tiff,8,2897967,28718744,723694557
images/20190715_p173_slide16_ac1_vz_s1_p1_r17_a17_ac_full_l9_x683_y0_filtered.tiff,8,1644130,16490372,726592664
images/20190715_p173_slide16_ac1_vz_s1_p1_r17_a17_ac_full_l7_x434_y229_filtered.tiff,8,2031977,18558422,728236934
images/20190708_p173_slide26_ac1_vz_s1_p6_r59_a59_ac_full_l1_x0_y220_comp.tiff,8,1263885,13853672,730269053
images/20190619_p173_slide8_ac1_vz_s1_p1_r6_a6_ac_full_l11_x701_y305_comp.tiff,8,697402,5899508,731533074
images/20190709_p176_slide16_ac1_vz_s1_p1_r7_a7_ac_full_l17_x784_y440_comp.tiff,8,1003559,9554372,732230612
images/20190715_p176_slide14_ac1_vz_s1_p1_r4_a4_ac_full_l36_x1955_y137_comp.tiff,8,422414,4462226,733234308
images/20190708_p176_slide33_ac1_vz_s1_p1_r16_a16_ac_full_l5_x303_y97_filtered.tiff,8,1493604,13516766,733656860
images/20190715_p176_slide14_ac1_vz_s1_p1_r4_a4_ac_full_l8_x539_y566_filtered.tiff,8,425436,3381536,735150605
images/20190708_p173_slide26_ac1_vz_s1_p4_r31_a31_ac_full_l5_x1011_y215_comp.tiff,8,824554,8600876,735576181
images/20190710_p176_slide8_ac1_vz_s1_p1_r14_a14_ac_full_l14_x1178_y270_comp.tiff,8,942353,9204308,736400874
images/20190711_p176_slide39_ac1_vz_s1_p1_r6_a6_ac_full_l3_x70_y0_filtered.tiff,8,1581480,16204976,737343366
images/20190715_p176_slide14_ac1_vz_s1_p1_r4_a4_ac_full_l1_x0_y1070_filtered.tiff,8,1272494,12147314,738924983
images/20190621_p173_slide13_ac1_vz_s1_p1_r17_a17_ac_full_l7_x885_y0_filtered.tiff,8,292469,2316248,740197616
images/20190711_p173_slide28_ac1_vz_s1_p1_r9_a9_ac_full_l1_x2_y0_comp.tiff,8,1874877,14568998,740490225
images/20190710_p176_slide23_ac1_vz_s1_p1_r6_a6_ac_full_l12_x703_y2225_filtered.tiff,8,1358923,14688644,742365234
images/20190711_p176_slide39_ac1_vz_s1_p1_r2_a2_ac_full_l1_x7_y0_comp.tiff,8,1491107,15586346,743724299
images/20190619_p173_slide8_ac1_vz_s1_p1_r6_a6_ac_full_l9_x416_y292_comp.tiff,8,836484,6586886,745215538
images/20190711_p173_slide28_ac1_vz_s1_p1_r6_a6_ac_full_l1_x4_y5_comp.tiff,8,948178,7485812,746052157
images/20190710_p176_slide23_ac1_vz_s1_p1_r6_a6_ac_full_l6_x436_y1713_comp.tiff,8,333699,3535556,747000467
images/20190708_p173_slide26_ac1_vz_s1_p6_r49_a49_ac_full_l1_x0_y0_filtered.tiff,8,2420953,21692576,747334303
images/20190715_p173_slide22_ac1_vz_s1_p1_r19_a19_ac_full_l1_x0_y0_comp.tiff,8,1422585,10353644,749755394
images/20190715_p173_slide22_ac1_vz_s1_p1_r27_a27_ac_full_l1_x41_y220_filtered.tiff,8,342887,3249242,751178113
images/20190715_p173_slide16_ac1_vz_s1_p2_r24_a24_ac_full_l1_x0_y0_comp.tiff,8,342990,3455792,751521141
images/20190710_p173_slide36_ac1_vz_s1_p1_r4_a4_ac_full_l1_x0_y0_filtered.tiff,8,891422,7381772,751864265
images/20190709_p176_slide11_ac1_vz_s1_p1_r15_a15_ac_full_l7_x495_y1030_filtered.tiff,8,236356,2024834,752755823
images/20190710_p176_slide8_ac1_vz_s1_p1_r8_a8_ac_full_l1_x0_y0_filtered.tiff,8,467240,4502822,752992322
images/20190715_p173_slide16_ac1_vz_s1_p1_r17_a17_ac_full_l7_x434_y229_comp.tiff,8,2005172,18558422,753459697
images/20190620_p176_slide27_ac1_vz_s1_p1_r1_a1_ac_full_l1_x0_y12_filtered.tiff,8,1050390,8406872,755465007
images/20190620_p173_slide19_ac1_vz_s1_p1_r9_a9_ac_full_l2_x182_y400_comp.tiff,8,679622,4865636,756515534
images/20190708_p173_slide26_ac1_vz_s1_p5_r74_a74_ac_full_l1_x14_y2_filtered.tiff,8,715377,6932564,757195292
images/20190709_p173_slide2_ac1_vz_s1_p1_r11_a11_ac_full_l3_x174_y143_filtered.tiff,8,1091028,9803762,757910808
images/20190621_p173_slide13_ac1_vz_s1_p1_r10_a10_ac_full_l1_x0_y0_comp.tiff,8,1101649,8467562,759001977
images/20190620_p176_slide5_ac1_vz_s1_p1_r6_a6_ac_full_l32768_x0_y0_comp.tiff,8,301482,1937318,760103760
images/20190715_p173_slide16_ac1_vz_s1_p2_r21_a21_ac_full_l1_x0_y33_comp.tiff,8,1282344,10980638,760405377
images/20190708_p173_slide26_ac1_vz_s1_p5_r73_a73_ac_full_l1_x2_y0_comp.tiff,8,259561,2535344,761687856
images/20190620_p173_slide34_ac1_vz_s1_p1_r8_a8_ac_full_l2_x2_y128_filtered.tiff,8,530631,4168772,761947551
images/20190715_p173_slide22_ac1_vz_s1_p1_r17_a17_ac_full_l2_x50_y0_comp.tiff,8,1393753,10796018,762478320
images/20190715_p173_slide16_ac1_vz_s1_p2_r20_a20_ac_full_l1_x0_y0_comp.tiff,8,1466030,14084192,763872208
images/20190715_p173_slide22_ac1_vz_s1_p1_r13_a13_ac_full_l3_x271_y153_comp.tiff,8,387103,3059012,765338372
images/20190709_p176_slide16_ac1_vz_s1_p1_r7_a7_ac_full_l22_x959_y1855_comp.tiff,8,3040813,27719552,765725613
images/20190715_p173_slide22_ac1_vz_s1_p1_r15_a15_ac_full_l1_x0_y0_comp.tiff,8,689816,4797500,768766564
images/20190619_p176_slide20_ac1_vz_s1_p1_r6_a6_ac_full_l20_x959_y729_comp.tiff,8,3732530,31632578,769456514
images/20190709_p176_slide16_ac1_vz_s1_p1_r7_a7_ac_full_l2_x97_y1467_comp.tiff,8,1672892,15425900,773189181
images/20190710_p176_slide23_ac1_vz_s1_p1_r6_a6_ac_full_l43_x1981_y241_comp.tiff,8,724550,8000300,774862209
images/20190708_p173_slide26_ac1_vz_s1_p6_r50_a50_ac_full_l1_x0_y0_comp.tiff,8,165398,1691396,775586897
images/20190710_p176_slide23_ac1_vz_s1_p1_r6_a6_ac_full_l35_x1411_y1801_comp.tiff,8,457846,5795060,775752429
images/20190711_p176_slide2_ac1_vz_s1_p1_r1_a1_ac_full_l1_x0_y0_comp.tiff,8,447799,3515768,776210414
images/20190715_p173_slide22_ac1_vz_s1_p1_r20_a20_ac_full_l1_x0_y0_filtered.tiff,8,1992334,16418564,776658344
images/20190620_p173_slide34_ac1_vz_s1_p1_r6_a6_ac_full_l4_x361_y0_comp.tiff,8,1453668,12787772,778650816
images/20190709_p176_slide16_ac1_vz_s1_p1_r7_a7_ac_full_l6_x342_y1266_filtered.tiff,8,1689082,16161830,780104618
images/20190710_p173_slide6_ac1_vz_s1_p1_r6_a6_ac_full_l1_x30_y871_filtered.tiff,8,549575,5065658,781793841
images/20190710_p176_slide23_ac1_vz_s1_p1_r6_a6_ac_full_l31_x1300_y1904_comp.tiff,8,1554972,19768244,782343554
images/20190621_p176_slide36_ac1_vz_s1_p1_r12_a12_ac_full_l2_x226_y405_filtered.tiff,8,3981794,29500676,783898665
images/20190619_p173_slide31_ac1_vz_s1_p1_r14_a14_ac_full_l2_x277_y0_comp.tiff,8,450360,4014956,787880601
images/20190619_p176_slide20_ac1_vz_s1_p1_r6_a6_ac_full_l37_x1833_y497_filtered.tiff,8,2211808,17698256,788331097
images/20190715_p176_slide30_ac1_vz_s1_p1_r16_a16_ac_full_l2_x47_y510_filtered.tiff,8,2029150,19167872,790543047
images/20190710_p176_slide23_ac1_vz_s1_p1_r6_a6_ac_full_l37_x1644_y341_comp.tiff,8,1239746,15137648,792572338
images/20190709_p176_slide16_ac1_vz_s1_p1_r7_a7_ac_full_l39_x1983_y684_filtered.tiff,8,1658241,15246788,793812222
images/20190715_p173_slide16_ac1_vz_s1_p2_r23_a23_ac_full_l2_x134_y0_comp.tiff,8,656415,5905322,795470605
images/20190710_p176_slide23_ac1_vz_s1_p1_r6_a6_ac_full_l29_x1298_y1525_filtered.tiff,8,1323182,13078676,796127156
images/20190709_p176_slide11_ac1_vz_s1_p1_r15_a15_ac_full_l26_x1222_y1251_filtered.tiff,8,1426605,12465248,797450481
images/20190711_p173_slide28_ac1_vz_s1_p1_r13_a13_ac_full_l5_x571_y153_comp.tiff,8,2140661,17749052,798877231
images/20190711_p173_slide28_ac1_vz_s1_p1_r10_a10_ac_full_l1_x4_y0_filtered.tiff,8,918413,6928892,801018030
images/20190709_p176_slide11_ac1_vz_s1_p1_r5_a5_ac_full_l32768_x0_y0_filtered.tiff,8,101784,1142432,801936581
images/20190620_p176_slide5_ac1_vz_s1_p1_r2_a2_ac_full_l1_x3_y0_comp.tiff,8,509983,4186724,802038505
images/20190709_p176_slide16_ac1_vz_s1_p1_r7_a7_ac_full_l41_x2211_y1248_filtered.tiff,8,1037806,10115780,802548619
images/20190709_p176_slide47_ac1_vz_s1_p1_r8_a8_ac_full_l1_x0_y0_filtered.tiff,8,1115033,11088860,803586568
images/20190715_p173_slide16_ac1_vz_s1_p2_r37_a37_ac_full_l11_x714_y1025_filtered.tiff,8,2315470,17284238,804701737
images/20190620_p176_slide27_ac1_vz_s1_p1_r5_a5_ac_full_l2_x38_y320_filtered.tiff,8,1163426,9074156,807017351
images/20190710_p176_slide23_ac1_vz_s1_p1_r6_a6_ac_full_l3_x246_y862_filtered.tiff,8,236137,2952422,808180916
images/20190715_p173_slide22_ac1_vz_s1_p1_r1_a1_ac_full_l2_x98_y270_comp.tiff,8,560826,4452740,808417193
images/20190621_p173_slide13_ac1_vz_s1_p1_r4_a4_ac_full_l1_x0_y0_comp.tiff,8,467229,3786884,808978154
images/20190709_p176_slide11_ac1_vz_s1_p1_r15_a15_ac_full_l9_x503_y1561_comp.tiff,8,1132131,11317442,809445515
images/20190620_p173_slide19_ac1_vz_s1_p1_r4_a4_ac_full_l2_x59_y80_comp.tiff,8,504236,3270356,810577785
images/20190708_p173_slide26_ac1_vz_s1_p4_r31_a31_ac_full_l3_x602_y162_filtered.tiff,8,1283848,13222292,811082155
images/20190621_p173_slide13_ac1_vz_s1_p1_r8_a8_ac_full_l1_x0_y899_filtered.tiff,8,1536167,9944828,812366145
images/20190715_p176_slide14_ac1_vz_s1_p1_r4_a4_ac_full_l36_x1955_y137_filtered.tiff,8,428850,4462226,813902450
images/20190625_p173_slide10_ac1_vz_s1_p1_r17_a17_ac_full_l5_x96_y426_filtered.tiff,8,2151678,17742932,814331442
images/20190709_p176_slide11_ac1_vz_s1_p1_r15_a15_ac_full_l19_x907_y581_filtered.tiff,8,748068,7126262,816483261
images/20190715_p173_slide16_ac1_vz_s1_p1_r3_a3_ac_full_l32768_x0_y0_filtered.tiff,8,295663,3153464,817231472
images/20190711_p173_slide28_ac1_vz_s1_p1_r13_a13_ac_full_l6_x851_y0_filtered.tiff,8,878251,7195112,817527275
images/20190715_p173_slide16_ac1_vz_s1_p2_r37_a37_ac_full_l10_x790_y744_comp.tiff,8,949792,9256022,818405666
images/20190619_p176_slide43_ac1_vz_s1_p1_r1_a1_ac_full_l1_x0_y0_comp.tiff,8,1029859,8082512,819355597
images/20190710_p176_slide23_ac1_vz_s1_p1_r6_a6_ac_full_l35_x1411_y1801_filtered.tiff,8,470363,5795060,820385588
images/20190710_p176_slide8_ac1_vz_s1_p1_r14_a14_ac_full_l14_x1178_y270_filtered.tiff,8,958003,9204308,820856094
images/20190711_p173_slide28_ac1_vz_s1_p1_r8_a8_ac_full_l1_x0_y2_filtered.tiff,8,1255137,10441772,821814240
images/20190619_p173_slide8_ac1_vz_s1_p1_r6_a6_ac_full_l8_x339_y545_filtered.tiff,8,786249,6788132,823069513
images/20190708_p173_slide26_ac1_vz_s1_p5_r66_a66_ac_full_l32768_x0_y0_comp.tiff,8,215743,2396114,823855901
images/20190708_p173_slide26_ac1_vz_s1_p5_r77_a77_ac_full_l1_x0_y424_filtered.tiff,8,864189,8629946,824071782
images/20190619_p176_slide20_ac1_vz_s1_p1_r6_a6_ac_full_l34_x1760_y394_filtered.tiff,8,499332,4482728,824936111
images/20190708_p173_slide39_ac1_vz_s1_p1_r11_a11_ac_full_l1_x0_y0_filtered.tiff,8,1008000,7861784,825435585
images/20190711_p173_slide28_ac1_vz_s1_p1_r8_a8_ac_full_l3_x254_y137_comp.tiff,8,1424506,9766532,826443723
images/20190715_p176_slide30_ac1_vz_s1_p1_r6_a6_ac_full_l1_x0_y96_comp.tiff,8,561543,4511492,827868365
images/20190708_p176_slide33_ac1_vz_s1_p1_r16_a16_ac_full_l1_x0_y0_filtered.tiff,8,981372,9338744,828430041
images/20190709_p176_slide16_ac1_vz_s1_p1_r7_a7_ac_full_l43_x2301_y814_filtered.tiff,8,1289788,14312060,829411551
images/20190710_p173_slide6_ac1_vz_s1_p1_r6_a6_ac_full_l5_x151_y1219_filtered.tiff,8,389432,3512708,830701481
images/20190710_p176_slide8_ac1_vz_s1_p1_r14_a14_ac_full_l6_x393_y620_filtered.tiff,8,1197102,11428010,831091053
images/20190619_p173_slide31_ac1_vz_s1_p1_r7_a7_ac_full_l1_x2_y0_filtered.tiff,8,1146973,9347822,832288296
images/20190709_p176_slide11_ac1_vz_s1_p1_r15_a15_ac_full_l17_x772_y1763_comp.tiff,8,871983,8640962,833435405
images/20190619_p173_slide31_ac1_vz_s1_p1_r9_a9_ac_full_l1_x0_y0_filtered.tiff,8,722731,5507828,834307528
images/20190625_p173_slide10_ac1_vz_s1_p1_r18_a18_ac_full_l5_x404_y500_filtered.tiff,8,1457151,9113732,835030395
images/20190708_p173_slide26_ac1_vz_s1_p5_r69_a69_ac_full_l1_x3_y3_comp.tiff,8,771295,8580374,836487688
images/20190625_p173_slide10_ac1_vz_s1_p1_r17_a17_ac_full_l2_x37_y0_filtered.tiff,8,100615,1158139,837259117
images/20190715_p173_slide16_ac1_vz_s1_p2_r22_a22_ac_full_l1_x0_y0_comp.tiff,8,413598,4284440,837359871
images/20190710_p176_slide23_ac1_vz_s1_p1_r6_a6_ac_full_l14_x715_y1159_filtered.tiff,8,1162650,12213206,837773603
images/20190710_p173_slide36_ac1_vz_s1_p1_r13_a13_ac_full_l4_x250_y0_comp.tiff,8,867028,7683692,838936395
images/20190708_p176_slide33_ac1_vz_s1_p1_r16_a16_ac_full_l4_x162_y876_filtered.tiff,8,1458162,12029708,839803559
images/20190708_p173_slide26_ac1_vz_s1_p5_r72_a72_ac_full_l1_x0_y0_comp.tiff,8,1587461,14599802,841261863
images/20190620_p173_slide19_ac1_vz_s1_p1_r4_a4_ac_full_l1_x0_y0_filtered.tiff,8,680306,4416428,842849458
images/20190619_p173_slide8_ac1_vz_s1_p1_r6_a6_ac_full_l1_x0_y819_filtered.tiff,8,1383122,11704022,843529900
images/20190709_p176_slide16_ac1_vz_s1_p1_r7_a7_ac_full_l28_x1394_y1748_filtered.tiff,8,986462,8524682,844913159
images/20190708_p173_slide26_ac1_vz_s1_p5_r78_a78_ac_full_l5_x680_y0_comp.tiff,8,1021538,9728792,845899764
images/20190625_p173_slide10_ac1_vz_s1_p1_r18_a18_ac_full_l5_x404_y500_comp.tiff,8,1429225,9113732,846921438
images/20190715_p173_slide16_ac1_vz_s1_p2_r37_a37_ac_full_l14_x1031_y763_comp.tiff,8,1134535,10063862,848350801
images/20190715_p173_slide16_ac1_vz_s1_p2_r37_a37_ac_full_l7_x421_y214_filtered.tiff,8,2623433,22591502,849485476
images/20190710_p176_slide23_ac1_vz_s1_p1_r6_a6_ac_full_l10_x566_y1509_comp.tiff,8,826082,10408112,852109051
images/20190715_p173_slide16_ac1_vz_s1_p1_r4_a4_ac_full_l1_x0_y0_comp.tiff,8,331787,3200996,852935271
images/20190709_p176_slide16_ac1_vz_s1_p1_r7_a7_ac_full_l42_x2340_y624_filtered.tiff,8,338580,3801776,853267190
images/20190710_p176_slide23_ac1_vz_s1_p1_r6_a6_ac_full_l5_x295_y1063_comp.tiff,8,1476817,17981306,853605912
images/20190708_p173_slide26_ac1_vz_s1_p4_r18_a18_ac_full_l1_x9_y140_comp.tiff,8,711504,5769764,855082866
images/20190708_p173_slide26_ac1_vz_s1_p6_r56_a56_ac_full_l1_x0_y0_comp.tiff,8,797476,7852604,855794506
images/20190708_p173_slide26_ac1_vz_s1_p6_r59_a59_ac_full_l1_x0_y220_filtered.tiff,8,1271315,13853672,856592116
images/20190619_p176_slide20_ac1_vz_s1_p1_r6_a6_ac_full_l32_x1537_y493_comp.tiff,8,1288650,11760632,857863571
images/20190710_p176_slide23_ac1_vz_s1_p1_r6_a6_ac_full_l13_x681_y1816_filtered.tiff,8,1218754,15242096,859152359
images/20190715_p173_slide16_ac1_vz_s1_p2_r37_a37_ac_full_l4_x212_y439_filtered.tiff,8,540480,4637972,860371255
images/20190711_p176_slide39_ac1_vz_s1_p1_r6_a6_ac_full_l2_x0_y560_comp.tiff,8,1711719,18517316,860911877
images/20190621_p173_slide4_ac1_vz_s1_p1_r16_a16_ac_full_l4_x447_y64_filtered.tiff,8,1385658,9943604,862623730
images/20190621_p173_slide13_ac1_vz_s1_p1_r10_a10_ac_full_l4_x481_y124_filtered.tiff,8,1182104,8011520,864009528
images/20190619_p176_slide20_ac1_vz_s1_p1_r6_a6_ac_full_l33_x1580_y1515_comp.tiff,8,1293838,13209134,865191774
images/20190708_p176_slide33_ac1_vz_s1_p1_r16_a16_ac_full_l6_x412_y338_comp.tiff,8,3242906,28064312,866485751
images/20190620_p176_slide5_ac1_vz_s1_p1_r14_a14_ac_full_l3_x155_y0_filtered.tiff,8,506380,4168364,869728795
images/20190708_p173_slide26_ac1_vz_s1_p4_r8_a8_ac_full_l1_x0_y0_comp.tiff,8,1002822,8726948,870235314
images/20190619_p173_slide8_ac1_vz_s1_p1_r6_a6_ac_full_l14_x714_y0_comp.tiff,8,1716579,14276564,871238268
images/20190710_p176_slide23_ac1_vz_s1_p1_r6_a6_ac_full_l3_x246_y862_comp.tiff,8,232625,2952422,872954981
images/20190715_p176_slide14_ac1_vz_s1_p1_r4_a4_ac_full_l6_x357_y1545_comp.tiff,8,2174107,19635236,873187742
images/20190709_p176_slide47_ac1_vz_s1_p1_r3_a3_ac_full_l1_x0_y0_comp.tiff,8,965538,8368316,875361986
images/20190715_p173_slide16_ac1_vz_s1_p2_r37_a37_ac_full_l11_x714_y1025_comp.tiff,8,2280412,17284238,876327656
images/20190619_p176_slide20_ac1_vz_s1_p1_r6_a6_ac_full_l27_x1467_y1139_filtered.tiff,8,1012749,7697156,878608208
images/20190709_p176_slide11_ac1_vz_s1_p1_r15_a15_ac_full_l1_x0_y1215_filtered.tiff,8,772035,7988672,879621100
images/20190708_p173_slide26_ac1_vz_s1_p4_r10_a10_ac_full_l1_x0_y0_comp.tiff,8,423040,3740372,880393276
images/20190708_p173_slide26_ac1_vz_s1_p5_r68_a68_ac_full_l32768_x0_y0_comp.tiff,8,112924,1330214,880816450
images/20190621_p176_slide36_ac1_vz_s1_p1_r7_a7_ac_full_l1_x0_y0_comp.tiff,8,1909599,13670276,880929512
images/20190709_p176_slide11_ac1_vz_s1_p1_r16_a16_ac_full_l32768_x0_y0_comp.tiff,8,193609,1976282,882839243
images/20190619_p176_slide20_ac1_vz_s1_p1_r6_a6_ac_full_l17_x870_y1797_filtered.tiff,8,2029327,18068516,883032990
images/20190709_p176_slide16_ac1_vz_s1_p1_r7_a7_ac_full_l18_x1034_y1351_comp.tiff,8,292524,3184472,885062459
images/20190715_p173_slide22_ac1_vz_s1_p1_r24_a24_ac_full_l1_x0_y348_filtered.tiff,8,274818,2472002,885355122
images/20190715_p176_slide30_ac1_vz_s1_p1_r3_a3_ac_full_l1_x0_y91_comp.tiff,8,957377,7276100,885630080
images/20190619_p176_slide43_ac1_vz_s1_p1_r6_a6_ac_full_l1_x0_y0_comp.tiff,8,1608980,13333166,886587590
images/20190710_p176_slide23_ac1_vz_s1_p1_r6_a6_ac_full_l30_x1386_y477_filtered.tiff,8,629034,7775492,888196702
images/20190708_p173_slide26_ac1_vz_s1_p4_r5_a5_ac_full_l2_x0_y282_filtered.tiff,8,2640770,22997972,888825878
images/20190621_p173_slide4_ac1_vz_s1_p1_r16_a16_ac_full_l1_x92_y213_comp.tiff,8,936501,7628102,891466786
images/20190715_p176_slide30_ac1_vz_s1_p1_r2_a2_ac_full_l1_x0_y0_comp.tiff,8,701084,5921132,892403423
images/20190620_p176_slide5_ac1_vz_s1_p1_r14_a14_ac_full_l3_x155_y0_comp.tiff,8,496769,4168364,893104639
images/20190709_p176_slide16_ac1_vz_s1_p1_r7_a7_ac_full_l34_x1571_y1467_filtered.tiff,8,1707238,18303524,893601543
images/20190619_p176_slide20_ac1_vz_s1_p1_r6_a6_ac_full_l38_x2028_y1199_comp.tiff,8,355354,3802898,895308924
images/20190621_p173_slide13_ac1_vz_s1_p1_r2_a2_ac_full_l1_x0_y9_comp.tiff,8,1408435,12428324,895664417
images/20190715_p173_slide16_ac1_vz_s1_p2_r37_a37_ac_full_l6_x404_y925_comp.tiff,8,929968,8917892,897072984
images/20190715_p173_slide16_ac1_vz_s1_p1_r6_a6_ac_full_l1_x0_y0_filtered.tiff,8,2891423,24196778,898003090
images/20190621_p176_slide36_ac1_vz_s1_p1_r6_a6_ac_full_l1_x0_y5_filtered.tiff,8,546291,4452434,900894649
images/20190620_p176_slide5_ac1_vz_s1_p1_r14_a14_ac_full_l2_x80_y448_comp.tiff,8,840931,7240196,901441076
images/20190623_p176_slide14_ac1_vz_s1_p1_r5_a5_ac_full_l1_x9_y0_filtered.tiff,8,392708,2357864,902282143
images/20190620_p176_slide27_ac1_vz_s1_p1_r13_a13_ac_full_l2_x276_y265_comp.tiff,8,380419,3537188,902674987
images/20190715_p173_slide22_ac1_vz_s1_p1_r28_a28_ac_full_l32768_x0_y0_filtered.tiff,8,54150,1218931,903055544
images/20190710_p173_slide36_ac1_vz_s1_p1_r13_a13_ac_full_l1_x0_y229_filtered.tiff,8,853061,8318336,903109836
images/20190715_p176_slide14_ac1_vz_s1_p1_r4_a4_ac_full_l31_x1707_y59_comp.tiff,8,340249,3359912,903963037
images/20190619_p173_slide31_ac1_vz_s1_p1_r8_a8_ac_full_l1_x10_y0_comp.tiff,8,420244,3263012,904303423
images/20190620_p173_slide19_ac1_vz_s1_p1_r22_a22_ac_full_l12_x743_y981_comp.tiff,8,1238050,10660256,904723800
images/20190710_p176_slide23_ac1_vz_s1_p1_r6_a6_ac_full_l31_x1300_y1904_filtered.tiff,8,1585986,19768244,905961989
images/20190715_p176_slide30_ac1_vz_s1_p1_r16_a16_ac_full_l8_x706_y974_filtered.tiff,8,2542016,23636492,907548118
images/.snakemake_timestamp,0,0,0,910090276
images/20190620_p176_slide27_ac1_vz_s1_p1_r15_a15_ac_full_l2_x31_y0_comp.tiff,8,1770834,14350004,910090361
images/20190715_p176_slide30_ac1_vz_s1_p1_r10_a10_ac_full_l1_x0_y0_comp.tiff,8,553913,4390622,911861330
images/20190621_p173_slide13_ac1_vz_s1_p1_r4_a4_ac_full_l1_x0_y0_filtered.tiff,8,472509,3786884,912415377
images/20190708_p173_slide26_ac1_vz_s1_p6_r54_a54_ac_full_l32768_x0_y0_comp.tiff,8,446060,4592582,912888022
images/20190621_p173_slide13_ac1_vz_s1_p1_r8_a8_ac_full_l2_x85_y426_filtered.tiff,8,596133,4858292,913334220
images/20190711_p176_slide2_ac1_vz_s1_p1_r5_a5_ac_full_l1_x0_y0_comp.tiff,8,332127,2322674,913930492
images/20190619_p173_slide8_ac1_vz_s1_p1_r6_a6_ac_full_l2_x34_y674_filtered.tiff,8,493937,4230992,914262750
images/20190620_p173_slide19_ac1_vz_s1_p1_r22_a22_ac_full_l5_x256_y515_comp.tiff,8,490242,3860120,914756825
images/20190625_p173_slide10_ac1_vz_s1_p1_r9_a9_ac_full_l2_x111_y191_comp.tiff,8,576202,4700192,915247205
images/20190711_p176_slide2_ac1_vz_s1_p1_r4_a4_ac_full_l32768_x0_y0_filtered.tiff,8,283646,1872752,915823543
images/20190620_p173_slide19_ac1_vz_s1_p1_r12_a12_ac_full_l32768_x0_y0_comp.tiff,8,209817,2332466,916107328
images/20190710_p173_slide6_ac1_vz_s1_p1_r6_a6_ac_full_l13_x786_y833_filtered.tiff,8,1365722,14350820,916317283
images/20190620_p173_slide19_ac1_vz_s1_p1_r9_a9_ac_full_l4_x311_y257_comp.tiff,8,1904290,14843276,917683145
images/20190708_p173_slide26_ac1_vz_s1_p6_r33_a33_ac_full_l1_x0_y0_filtered.tiff,8,154675,1836134,919587571
images/20190709_p176_slide16_ac1_vz_s1_p1_r7_a7_ac_full_l39_x1983_y684_comp.tiff,8,1639993,15246788,919742384
images/20190708_p173_slide26_ac1_vz_s1_p4_r18_a18_ac_full_l2_x0_y0_comp.tiff,8,1226579,10654952,921382515
images/20190709_p176_slide16_ac1_vz_s1_p1_r7_a7_ac_full_l40_x2066_y381_filtered.tiff,8,993684,9667592,922609228
images/20190710_p176_slide23_ac1_vz_s1_p1_r6_a6_ac_full_l24_x1089_y2329_comp.tiff,8,782920,9421364,923603054
images/20190708_p173_slide26_ac1_vz_s1_p4_r1_a1_ac_full_l1_x0_y0_filtered.tiff,8,299979,2988632,924386113
images/20190709_p176_slide11_ac1_vz_s1_p1_r15_a15_ac_full_l10_x582_y990_comp.tiff,8,338932,2905604,924686228
images/20190708_p173_slide26_ac1_vz_s1_p6_r59_a59_ac_full_l2_x128_y0_filtered.tiff,8,656620,6788438,925025299
images/20190709_p176_slide47_ac1_vz_s1_p1_r1_a1_ac_full_l2_x5_y0_comp.tiff,8,277584,2442524,925682059
images/20190709_p176_slide11_ac1_vz_s1_p1_r15_a15_ac_full_l2_x140_y938_comp.tiff,8,1212242,13483412,925959775
images/20190710_p176_slide8_ac1_vz_s1_p1_r14_a14_ac_full_l4_x220_y1251_comp.tiff,8,942641,9557126,927172155
images/20190620_p176_slide27_ac1_vz_s1_p1_r16_a16_ac_full_l2_x74_y209_filtered.tiff,8,3509145,26846432,928114934
images/20190710_p173_slide36_ac1_vz_s1_p1_r7_a7_ac_full_l1_x0_y0_filtered.tiff,8,614864,5916746,931624220
images/20190710_p176_slide23_ac1_vz_s1_p1_r6_a6_ac_full_l45_x2183_y360_filtered.tiff,8,947555,9999908,932239220
images/20190708_p173_slide26_ac1_vz_s1_p6_r46_a46_ac_full_l1_x0_y0_comp.tiff,8,883659,8294876,933186917
images/20190709_p176_slide11_ac1_vz_s1_p1_r15_a15_ac_full_l23_x1151_y1828_comp.tiff,8,1038748,9773468,934070710
images/20190715_p176_slide14_ac1_vz_s1_p1_r4_a4_ac_full_l7_x488_y399_filtered.tiff,8,1221199,12038276,935109599
images/20190619_p176_slide20_ac1_vz_s1_p1_r6_a6_ac_full_l7_x376_y262_comp.tiff,8,508921,5275064,936330938
images/20190710_p176_slide23_ac1_vz_s1_p1_r6_a6_ac_full_l18_x926_y94_comp.tiff,8,929326,10660256,936839995
images/20190625_p173_slide10_ac1_vz_s1_p1_r12_a12_ac_full_l1_x0_y122_filtered.tiff,8,1346878,11099060,937769457
images/20190709_p176_slide11_ac1_vz_s1_p1_r7_a7_ac_full_l32768_x0_y0_filtered.tiff,8,115959,1203632,939116475
images/20190620_p176_slide5_ac1_vz_s1_p1_r4_a4_ac_full_l1_x0_y2_filtered.tiff,8,442256,3495572,939232574
images/20190715_p173_slide16_ac1_vz_s1_p2_r37_a37_ac_full_l2_x18_y0_filtered.tiff,8,745595,6708572,939674965
images/20190709_p176_slide47_ac1_vz_s1_p1_r3_a3_ac_full_l1_x0_y0_filtered.tiff,8,982054,8368316,940420699
images/20190710_p176_slide23_ac1_vz_s1_p1_r6_a6_ac_full_l43_x1981_y241_filtered.tiff,8,734980,8000300,941402889
images/20190715_p173_slide22_ac1_vz_s1_p1_r18_a18_ac_full_l2_x207_y0_comp.tiff,8,2027066,14697008,942138011
images/20190619_p173_slide31_ac1_vz_s1_p1_r4_a4_ac_full_l32768_x0_y0_comp.tiff,8,98992,1037473,944165213
images/20190711_p173_slide28_ac1_vz_s1_p1_r2_a2_ac_full_l1_x0_y2_comp.tiff,8,601419,4608698,944264341
images/20190715_p173_slide16_ac1_vz_s1_p1_r12_a12_ac_full_l4_x321_y514_comp.tiff,8,522912,4511900,944865892
images/20190715_p176_slide14_ac1_vz_s1_p1_r4_a4_ac_full_l15_x748_y1538_comp.tiff,8,2265285,17360024,945388942
images/20190708_p173_slide26_ac1_vz_s1_p6_r53_a53_ac_full_l1_x0_y0_filtered.tiff,8,1492019,14673548,947654365
images/20190709_p176_slide16_ac1_vz_s1_p1_r7_a7_ac_full_l38_x1944_y1084_filtered.tiff,8,910395,9302738,949146522
images/20190708_p173_slide39_ac1_vz_s1_p1_r7_a7_ac_full_l1_x0_y0_filtered.tiff,8,706366,4957232,950057060
images/20190710_p176_slide23_ac1_vz_s1_p1_r6_a6_ac_full_l24_x1089_y2329_filtered.tiff,8,792411,9421364,950763562
images/20190708_p173_slide26_ac1_vz_s1_p4_r8_a8_ac_full_l1_x0_y0_filtered.tiff,8,1011052,8726948,951556116
images/20190620_p176_slide27_ac1_vz_s1_p1_r15_a15_ac_full_l3_x209_y423_filtered.tiff,8,1581385,13168232,952567304
images/20190708_p176_slide33_ac1_vz_s1_p1_r16_a16_ac_full_l8_x868_y522_filtered.tiff,8,3134565,25829900,954148831
images/20190619_p173_slide31_ac1_vz_s1_p1_r6_a6_ac_full_l1_x0_y0_comp.tiff,8,1378652,13490756,957283538
images/20190715_p173_slide16_ac1_vz_s1_p2_r37_a37_ac_full_l15_x1094_y983_filtered.tiff,8,1047163,9142190,958662322
images/20190708_p176_slide33_ac1_vz_s1_p1_r13_a13_ac_full_l1_x0_y0_comp.tiff,8,1736023,14985668,959709629
images/20190715_p176_slide14_ac1_vz_s1_p1_r4_a4_ac_full_l29_x1463_y685_filtered.tiff,8,2149890,19260692,961445786
images/20190711_p173_slide28_ac1_vz_s1_p1_r5_a5_ac_full_l1_x0_y8_filtered.tiff,8,648942,5289548,963595818
images/20190619_p176_slide20_ac1_vz_s1_p1_r6_a6_ac_full_l10_x510_y2087_comp.tiff,8,1475647,14650088,964244896
images/20190715_p173_slide16_ac1_vz_s1_p2_r27_a27_ac_full_l3_x9_y17_comp.tiff,8,1341279,13504526,965720681
images/20190710_p176_slide23_ac1_vz_s1_p1_r6_a6_ac_full_l33_x1450_y1120_filtered.tiff,8,1224073,13587860,967062095
images/20190709_p176_slide11_ac1_vz_s1_p1_r15_a15_ac_full_l33_x1726_y195_comp.tiff,8,1492363,15307172,968286311
images/20190708_p173_slide26_ac1_vz_s1_p5_r78_a78_ac_full_l1_x0_y772_comp.tiff,8,858136,7283546,969778814
images/20190620_p173_slide34_ac1_vz_s1_p1_r8_a8_ac_full_l1_x18_y0_comp.tiff,8,660256,5138180,970637086
images/20190621_p173_slide4_ac1_vz_s1_p1_r16_a16_ac_full_l4_x447_y64_comp.tiff,8,1365760,9943604,971297475
images/20190619_p173_slide31_ac1_vz_s1_p1_r8_a8_ac_full_l1_x10_y0_filtered.tiff,8,427430,3263012,972663371
images/20190715_p176_slide30_ac1_vz_s1_p1_r8_a8_ac_full_l1_x0_y0_comp.tiff,8,871728,6801596,973090938
images/20190619_p176_slide20_ac1_vz_s1_p1_r6_a6_ac_full_l23_x1206_y2272_filtered.tiff,8,385419,3377558,973962798
images/20190715_p173_slide16_ac1_vz_s1_p2_r37_a37_ac_full_l8_x670_y991_comp.tiff,8,1165871,8643104,974348360
images/20190708_p173_slide26_ac1_vz_s1_p6_r35_a35_ac_full_l1_x0_y0_comp.tiff,8,600073,5687756,975514369
images/20190620_p176_slide27_ac1_vz_s1_p1_r15_a15_ac_full_l4_x339_y150_filtered.tiff,8,1346081,10110272,976114576
images/20190715_p176_slide14_ac1_vz_s1_p1_r4_a4_ac_full_l16_x855_y74_comp.tiff,8,667424,6496820,977460799
images/20190715_p173_slide22_ac1_vz_s1_p1_r11_a11_ac_full_l1_x3_y0_filtered.tiff,8,629748,4538114,978128359
images/20190620_p176_slide5_ac1_vz_s1_p1_r4_a4_ac_full_l1_x0_y2_comp.tiff,8,436278,3495572,978758245
images/20190715_p176_slide14_ac1_vz_s1_p1_r4_a4_ac_full_l8_x539_y566_comp.tiff,8,421533,3381536,979194654
images/20190621_p173_slide13_ac1_vz_s1_p1_r10_a10_ac_full_l3_x399_y98_comp.tiff,8,1037981,6827708,979616323
images/20190710_p176_slide8_ac1_vz_s1_p1_r4_a4_ac_full_l1_x0_y0_filtered.tiff,8,606774,4937444,980654441
images/20190709_p176_slide11_ac1_vz_s1_p1_r15_a15_ac_full_l13_x710_y503_comp.tiff,8,475396,4686116,981261350
images/20190625_p173_slide10_ac1_vz_s1_p1_r18_a18_ac_full_l7_x545_y718_filtered.tiff,8,317105,2531876,981736885
images/20190715_p173_slide22_ac1_vz_s1_p1_r28_a28_ac_full_l32768_x0_y0_comp.tiff,8,54132,1218931,982054132
images/20190710_p176_slide23_ac1_vz_s1_p1_r6_a6_ac_full_l42_x1930_y1392_filtered.tiff,8,143548,1463732,982108402
images/20190619_p173_slide31_ac1_vz_s1_p1_r11_a11_ac_full_l1_x0_y0_filtered.tiff,8,901561,7748360,982252093
images/20190710_p173_slide36_ac1_vz_s1_p1_r13_a13_ac_full_l2_x93_y469_comp.tiff,8,526676,5534450,983153792
images/20190715_p176_slide30_ac1_vz_s1_p1_r16_a16_ac_full_l8_x706_y974_comp.tiff,8,2493605,23636492,983680605
images/20190621_p176_slide36_ac1_vz_s1_p1_r9_a9_ac_full_l1_x40_y372_comp.tiff,8,962333,7254272,986174348
images/20190710_p176_slide23_ac1_vz_s1_p1_r6_a6_ac_full_l32_x1477_y38_comp.tiff,8,508843,6053732,987136816
images/20190715_p173_slide16_ac1_vz_s1_p1_r17_a17_ac_full_l6_x506_y628_comp.tiff,8,402851,3515768,987645796
images/20190709_p176_slide16_ac1_vz_s1_p1_r7_a7_ac_full_l1_x0_y1143_comp.tiff,8,1515137,14281460,988048785
images/20190620_p173_slide19_ac1_vz_s1_p1_r22_a22_ac_full_l9_x423_y287_comp.tiff,8,2097524,17173772,989564057
images/20190619_p176_slide20_ac1_vz_s1_p1_r6_a6_ac_full_l16_x784_y270_comp.tiff,8,387317,3687740,991661719
images/20190710_p176_slide23_ac1_vz_s1_p1_r6_a6_ac_full_l28_x1319_y1058_filtered.tiff,8,189328,1530542,992049173
images/20190708_p173_slide26_ac1_vz_s1_p6_r59_a59_ac_full_l2_x128_y0_comp.tiff,8,650888,6788438,992238644
images/20190619_p176_slide20_ac1_vz_s1_p1_r6_a6_ac_full_l10_x510_y2087_filtered.tiff,8,1494305,14650088,992889668
images/20190710_p176_slide8_ac1_vz_s1_p1_r14_a14_ac_full_l5_x328_y958_filtered.tiff,8,1829162,16990172,994384115
images/20190620_p176_slide27_ac1_vz_s1_p1_r13_a13_ac_full_l3_x270_y151_filtered.tiff,8,817011,7890038,996213418
images/20190709_p176_slide11_ac1_vz_s1_p1_r15_a15_ac_full_l34_x2078_y602_comp.tiff,8,525779,5673476,997030571
images/20190715_p173_slide16_ac1_vz_s1_p1_r8_a8_ac_full_l4_x39_y328_filtered.tiff,8,1230575,10667396,997556490
images/20190708_p173_slide26_ac1_vz_s1_p4_r12_a12_ac_full_l2_x44_y178_filtered.tiff,8,172603,1161709,998787204
images/20190625_p173_slide10_ac1_vz_s1_p1_r3_a3_ac_full_l1_x12_y0_comp.tiff,8,1028113,9004388,998959948
images/20190625_p173_slide10_ac1_vz_s1_p1_r4_a4_ac_full_l1_x12_y0_comp.tiff,8,294021,3068396,999988194
images/20190621_p173_slide4_ac1_vz_s1_p1_r10_a10_ac_full_l3_x275_y194_filtered.tiff,8,1494752,11872628,1000282348
images/20190715_p173_slide16_ac1_vz_s1_p2_r37_a37_ac_full_l13_x1127_y1299_filtered.tiff,8,310875,3146732,1001777241
images/20190715_p173_slide16_ac1_vz_s1_p2_r23_a23_ac_full_l1_x0_y131_filtered.tiff,8,701055,5800466,1002088261
images/20190621_p173_slide4_ac1_vz_s1_p1_r10_a10_ac_full_l1_x0_y295_filtered.tiff,8,1850548,13590512,1002789456
images/20190709_p176_slide16_ac1_vz_s1_p1_r7_a7_ac_full_l11_x552_y964_comp.tiff,8,1912173,16396532,1004640143
images/20190619_p176_slide20_ac1_vz_s1_p1_r6_a6_ac_full_l30_x1446_y772_filtered.tiff,8,2375120,18651140,1006552453
images/20190709_p173_slide2_ac1_vz_s1_p1_r3_a3_ac_full_l1_x0_y0_comp.tiff,8,339558,3042692,1008927715
images/20190621_p176_slide36_ac1_vz_s1_p1_r4_a4_ac_full_l1_x0_y0_comp.tiff,8,2425954,18767012,1009267404
images/20190709_p176_slide11_ac1_vz_s1_p1_r15_a15_ac_full_l22_x1157_y84_comp.tiff,8,489345,5615540,1011693490
images/20190710_p176_slide8_ac1_vz_s1_p1_r14_a14_ac_full_l2_x0_y1099_comp.tiff,8,916846,8942372,1012182974
images/20190620_p176_slide5_ac1_vz_s1_p1_r10_a10_ac_full_l1_x0_y0_comp.tiff,8,504094,4026176,1013099956
images/20190711_p173_slide28_ac1_vz_s1_p1_r8_a8_ac_full_l3_x254_y137_filtered.tiff,8,1451823,9766532,1013604183
images/20190709_p176_slide11_ac1_vz_s1_p1_r15_a15_ac_full_l32_x1772_y838_filtered.tiff,8,647285,6326276,1015056146
images/20190715_p173_slide16_ac1_vz_s1_p1_r2_a2_ac_full_l2_x130_y0_filtered.tiff,8,699597,5862380,1015703575
images/20190620_p173_slide19_ac1_vz_s1_p1_r14_a14_ac_full_l1_x0_y0_filtered.tiff,8,1215166,9840788,1016403310
images/20190708_p173_slide26_ac1_vz_s1_p5_r70_a70_ac_full_l1_x0_y0_comp.tiff,8,1228156,12704948,1017618614
images/20190709_p176_slide16_ac1_vz_s1_p1_r7_a7_ac_full_l5_x255_y839_comp.tiff,8,1186016,12418532,1018846904
images/20190715_p173_slide16_ac1_vz_s1_p2_r21_a21_ac_full_l5_x272_y0_comp.tiff,8,433514,3219560,1020033056
images/20190621_p173_slide4_ac1_vz_s1_p1_r10_a10_ac_full_l1_x0_y295_comp.tiff,8,1828524,13590512,1020466706
images/20190710_p173_slide6_ac1_vz_s1_p1_r6_a6_ac_full_l4_x146_y1043_filtered.tiff,8,634313,5045564,1022295365
images/20190625_p173_slide10_ac1_vz_s1_p1_r2_a2_ac_full_l2_x374_y0_comp.tiff,8,1423249,10978190,1022929818
images/20190708_p173_slide26_ac1_vz_s1_p6_r60_a60_ac_full_l1_x0_y0_comp.tiff,8,557732,6083516,1024353201
images/20190715_p173_slide16_ac1_vz_s1_p2_r21_a21_ac_full_l1_x0_y33_filtered.tiff,8,1300437,10980638,1024911067
images/20190708_p176_slide33_ac1_vz_s1_p1_r16_a16_ac_full_l1_x0_y0_comp.tiff,8,969495,9338744,1026211643
images/20190715_p173_slide16_ac1_vz_s1_p1_r12_a12_ac_full_l3_x327_y0_comp.tiff,8,880724,6969284,1027181272
images/20190709_p176_slide16_ac1_vz_s1_p1_r7_a7_ac_full_l6_x342_y1266_comp.tiff,8,1667795,16161830,1028062132
images/20190625_p173_slide10_ac1_vz_s1_p1_r11_a11_ac_full_l1_x0_y0_comp.tiff,8,336775,2697422,1029730064
images/20190715_p176_slide30_ac1_vz_s1_p1_r5_a5_ac_full_l1_x0_y0_comp.tiff,8,1330134,10460132,1030066973
images/20190709_p176_slide16_ac1_vz_s1_p1_r7_a7_ac_full_l35_x1687_y1190_filtered.tiff,8,1001155,9001430,1031397239
images/20190620_p173_slide19_ac1_vz_s1_p1_r22_a22_ac_full_l18_x1396_y495_comp.tiff,8,1457486,12253292,1032398537
images/20190711_p173_slide28_ac1_vz_s1_p1_r13_a13_ac_full_l3_x282_y286_filtered.tiff,8,1119453,7250192,1033856163
images/20190708_p173_slide26_ac1_vz_s1_p5_r78_a78_ac_full_l1_x0_y772_filtered.tiff,8,863886,7283546,1034975758
images/20190621_p173_slide13_ac1_vz_s1_p1_r8_a8_ac_full_l8_x368_y0_comp.tiff,8,1522561,12169448,1035839784
images/20190710_p173_slide6_ac1_vz_s1_p1_r6_a6_ac_full_l9_x275_y1290_comp.tiff,8,1160658,11902004,1037362479
images/20190621_p173_slide13_ac1_vz_s1_p1_r1_a1_ac_full_l1_x0_y1_filtered.tiff,8,1256871,10144340,1038523273
images/20190620_p176_slide5_ac1_vz_s1_p1_r7_a7_ac_full_l1_x0_y0_filtered.tiff,8,899403,7662170,1039780280
images/20190715_p176_slide30_ac1_vz_s1_p1_r9_a9_ac_full_l1_x0_y0_filtered.tiff,8,3506783,29639906,1040679818
images/20190619_p173_slide8_ac1_vz_s1_p1_r6_a6_ac_full_l15_x992_y210_filtered.tiff,8,1206868,10029896,1044186737
images/20190708_p173_slide26_ac1_vz_s1_p4_r12_a12_ac_full_l1_x0_y0_filtered.tiff,8,657936,5651342,1045393745
images/20190709_p173_slide2_ac1_vz_s1_p1_r4_a4_ac_full_l1_x0_y0_filtered.tiff,8,382072,3725684,1046051819
images/20190708_p173_slide26_ac1_vz_s1_p5_r74_a74_ac_full_l1_x14_y2_comp.tiff,8,709433,6932564,1046434026
images/20190715_p173_slide16_ac1_vz_s1_p2_r22_a22_ac_full_l1_x0_y0_filtered.tiff,8,418000,4284440,1047143594
images/20190708_p173_slide39_ac1_vz_s1_p1_r2_a2_ac_full_l1_x0_y0_filtered.tiff,8,332884,3367256,1047561732
images/20190709_p176_slide16_ac1_vz_s1_p1_r7_a7_ac_full_l23_x1043_y1491_comp.tiff,8,2352137,19837604,1047894752
images/20190715_p176_slide14_ac1_vz_s1_p1_r4_a4_ac_full_l19_x1043_y1258_filtered.tiff,8,593669,5216516,1050247028
images/20190715_p173_slide16_ac1_vz_s1_p2_r20_a20_ac_full_l1_x0_y0_filtered.tiff,8,1474540,14084192,1050840840
images/20190709_p176_slide16_ac1_vz_s1_p1_r7_a7_ac_full_l16_x729_y1617_filtered.tiff,8,1974587,16442432,1052315518
images/20190619_p176_slide20_ac1_vz_s1_p1_r6_a6_ac_full_l4_x79_y1647_comp.tiff,8,988697,8555588,1054290247
images/20190710_p173_slide6_ac1_vz_s1_p1_r6_a6_ac_full_l6_x250_y1129_comp.tiff,8,318321,2763008,1055279080
images/20190708_p173_slide26_ac1_vz_s1_p4_r5_a5_ac_full_l3_x133_y0_filtered.tiff,8,824025,8133512,1055597537
images/20190619_p173_slide8_ac1_vz_s1_p1_r6_a6_ac_full_l15_x992_y210_comp.tiff,8,1193077,10029896,1056421700
images/20190715_p173_slide16_ac1_vz_s1_p1_r8_a8_ac_full_l5_x245_y316_filtered.tiff,8,556951,4354616,1057614913
images/20190709_p176_slide11_ac1_vz_s1_p1_r15_a15_ac_full_l30_x1464_y0_filtered.tiff,8,1136294,11619872,1058172004
images/20190715_p173_slide16_ac1_vz_s1_p2_r27_a27_ac_full_l2_x70_y205_filtered.tiff,8,310414,2536772,1059308440
images/20190619_p173_slide8_ac1_vz_s1_p1_r6_a6_ac_full_l17_x1096_y11_filtered.tiff,8,943834,7504376,1059618995
images/20190709_p173_slide2_ac1_vz_s1_p1_r1_a1_ac_full_l1_x0_y0_filtered.tiff,8,517901,4168262,1060562969
images/20190708_p173_slide26_ac1_vz_s1_p4_r31_a31_ac_full_l4_x867_y0_comp.tiff,8,712884,7833530,1061081005
images/20190709_p176_slide11_ac1_vz_s1_p1_r15_a15_ac_full_l14_x762_y650_comp.tiff,8,722278,6841172,1061794025
images/20190710_p176_slide23_ac1_vz_s1_p1_r6_a6_ac_full_l39_x1849_y1453_comp.tiff,8,146220,1465772,1062516442
images/20190619_p176_slide20_ac1_vz_s1_p1_r6_a6_ac_full_l32_x1537_y493_filtered.tiff,8,1306338,11760632,1062662801
images/20190715_p173_slide22_ac1_vz_s1_p1_r24_a24_ac_full_l4_x296_y0_filtered.tiff,8,1307132,11485232,1063969281
images/20190709_p176_slide11_ac1_vz_s1_p1_r15_a15_ac_full_l17_x772_y1763_filtered.tiff,8,886298,8640962,1065276553
images/20190715_p173_slide16_ac1_vz_s1_p1_r5_a5_ac_full_l1_x0_y0_comp.tiff,8,1468037,14305328,1066162995
images/20190620_p173_slide19_ac1_vz_s1_p1_r5_a5_ac_full_l1_x0_y0_filtered.tiff,8,963366,5890940,1067631164
images/20190708_p173_slide39_ac1_vz_s1_p1_r3_a3_ac_full_l1_x2_y0_comp.tiff,8,319140,3124292,1068594666
images/20190709_p173_slide2_ac1_vz_s1_p1_r7_a7_ac_full_l1_x0_y0_comp.tiff,8,800809,7422980,1068913938
images/20190709_p176_slide11_ac1_vz_s1_p1_r15_a15_ac_full_l25_x1167_y348_filtered.tiff,8,1408454,14198228,1069714878
images/20190710_p176_slide23_ac1_vz_s1_p1_r6_a6_ac_full_l22_x1041_y1752_filtered.tiff,8,839024,8823236,1071123476
images/20190619_p176_slide20_ac1_vz_s1_p1_r6_a6_ac_full_l37_x1833_y497_comp.tiff,8,2172297,17698256,1071962643
images/20190625_p173_slide10_ac1_vz_s1_p1_r4_a4_ac_full_l1_x12_y0_filtered.tiff,8,297533,3068396,1074135078
images/20190625_p173_slide10_ac1_vz_s1_p1_r6_a6_ac_full_l1_x12_y0_comp.tiff,8,417057,3754958,1074432748
images/20190708_p173_slide26_ac1_vz_s1_p4_r5_a5_ac_full_l1_x0_y122_filtered.tiff,8,323927,3609404,1074849938
images/20190619_p176_slide20_ac1_vz_s1_p1_r6_a6_ac_full_l3_x82_y1305_comp.tiff,8,1373537,12562148,1075174003
images/20190710_p176_slide8_ac1_vz_s1_p1_r14_a14_ac_full_l12_x915_y208_comp.tiff,8,1024597,9371384,1076547676
images/20190708_p173_slide26_ac1_vz_s1_p4_r12_a12_ac_full_l1_x0_y0_comp.tiff,8,652836,5651342,1077572411
images/20190620_p176_slide27_ac1_vz_s1_p1_r15_a15_ac_full_l2_x31_y0_filtered.tiff,8,1807621,14350004,1078225381
images/20190708_p173_slide26_ac1_vz_s1_p4_r10_a10_ac_full_l1_x0_y0_filtered.tiff,8,427755,3740372,1080033141
images/20190711_p173_slide28_ac1_vz_s1_p1_r13_a13_ac_full_l7_x976_y166_filtered.tiff,8,1707778,13589594,1080461034
images/20190715_p173_slide22_ac1_vz_s1_p1_r13_a13_ac_full_l2_x209_y185_comp.tiff,8,799067,6246104,1082168954
images/20190708_p173_slide39_ac1_vz_s1_p1_r2_a2_ac_full_l1_x0_y0_comp.tiff,8,328318,3367256,1082968159
images/20190620_p173_slide19_ac1_vz_s1_p1_r22_a22_ac_full_l1_x0_y255_filtered.tiff,8,1739671,13850612,1083296609
images/20190715_p173_slide16_ac1_vz_s1_p2_r37_a37_ac_full_l2_x18_y0_comp.tiff,8,736529,6708572,1085036420
images/20190715_p173_slide22_ac1_vz_s1_p1_r13_a13_ac_full_l2_x209_y185_filtered.tiff,8,811146,6246104,1085773084
images/20190710_p176_slide23_ac1_vz_s1_p1_r6_a6_ac_full_l23_x1196_y1966_comp.tiff,8,459272,5173676,1086584372
images/20190715_p173_slide16_ac1_vz_s1_p2_r23_a23_ac_full_l2_x134_y0_filtered.tiff,8,661772,5905322,1087043783
images/20190709_p176_slide16_ac1_vz_s1_p1_r7_a7_ac_full_l30_x1389_y740_filtered.tiff,8,2330608,21071600,1087705695
images/20190715_p176_slide14_ac1_vz_s1_p1_r4_a4_ac_full_l14_x718_y1246_filtered.tiff,8,1196845,11555612,1090036445
images/20190620_p176_slide27_ac1_vz_s1_p1_r4_a4_ac_full_l1_x0_y0_filtered.tiff,8,1377202,10614560,1091233432
images/20190709_p173_slide2_ac1_vz_s1_p1_r9_a9_ac_full_l32768_x0_y0_comp.tiff,8,622585,6685316,1092610770
images/20190708_p176_slide33_ac1_vz_s1_p1_r2_a2_ac_full_l1_x0_y0_comp.tiff,8,2460915,17786180,1093233490
images/20190715_p176_slide30_ac1_vz_s1_p1_r9_a9_ac_full_l1_x0_y0_comp.tiff,8,3441639,29639906,1095694537
images/20190619_p173_slide31_ac1_vz_s1_p1_r11_a11_ac_full_l1_x0_y0_comp.tiff,8,892431,7748360,1099136308
images/20190709_p176_slide11_ac1_vz_s1_p1_r15_a15_ac_full_l35_x2063_y312_filtered.tiff,8,949998,11227070,1100028873
images/20190710_p176_slide8_ac1_vz_s1_p1_r4_a4_ac_full_l1_x0_y0_comp.tiff,8,599170,4937444,1100979015
images/20190708_p173_slide26_ac1_vz_s1_p6_r63_a63_ac_full_l2_x180_y0_comp.tiff,8,1590416,14046146,1101578316
images/20190709_p176_slide11_ac1_vz_s1_p1_r15_a15_ac_full_l11_x555_y1863_filtered.tiff,8,800523,8317316,1103168868
images/20190619_p173_slide8_ac1_vz_s1_p1_r6_a6_ac_full_l3_x93_y1195_filtered.tiff,8,976026,8023352,1103969535
images/20190709_p176_slide16_ac1_vz_s1_p1_r7_a7_ac_full_l36_x1699_y376_filtered.tiff,8,2376886,20960216,1104945700
images/20190715_p176_slide14_ac1_vz_s1_p1_r4_a4_ac_full_l5_x357_y1169_filtered.tiff,8,1918241,17069426,1107322728
images/20190715_p173_slide16_ac1_vz_s1_p2_r21_a21_ac_full_l2_x175_y26_filtered.tiff,8,150621,1245248,1109241110
images/20190620_p176_slide27_ac1_vz_s1_p1_r22_a22_ac_full_l7_x1034_y544_comp.tiff,8,1077688,8259074,1109391872
images/20190715_p173_slide16_ac1_vz_s1_p2_r21_a21_ac_full_l2_x175_y26_comp.tiff,8,148699,1245248,1110469699
images/20190710_p176_slide8_ac1_vz_s1_p1_r8_a8_ac_full_l1_x0_y0_comp.tiff,8,462319,4502822,1110618535
images/20190715_p176_slide30_ac1_vz_s1_p1_r16_a16_ac_full_l9_x1079_y1360_comp.tiff,8,93053,803587,1111080985
images/20190711_p173_slide28_ac1_vz_s1_p1_r3_a3_ac_full_l1_x0_y0_filtered.tiff,8,354006,2551052,1111174178
images/20190708_p173_slide26_ac1_vz_s1_p5_r66_a66_ac_full_l32768_x0_y0_filtered.tiff,8,218419,2396114,1111528320
images/20190715_p176_slide30_ac1_vz_s1_p1_r7_a7_ac_full_l1_x0_y0_comp.tiff,8,1204196,10771232,1111746881
images/20190715_p176_slide30_ac1_vz_s1_p1_r12_a12_ac_full_l1_x0_y0_comp.tiff,8,417508,3631232,1112951209
images/20190620_p173_slide19_ac1_vz_s1_p1_r22_a22_ac_full_l15_x932_y759_filtered.tiff,8,1389898,10425554,1113368851
images/20190620_p176_slide5_ac1_vz_s1_p1_r6_a6_ac_full_l32768_x0_y0_filtered.tiff,8,307760,1937318,1114758892
images/20190619_p173_slide8_ac1_vz_s1_p1_r6_a6_ac_full_l10_x323_y1211_comp.tiff,8,2282665,19523240,1115066791
images/20190620_p176_slide27_ac1_vz_s1_p1_r1_a1_ac_full_l1_x0_y12_comp.tiff,8,1039191,8406872,1117349593
images/20190709_p176_slide11_ac1_vz_s1_p1_r15_a15_ac_full_l35_x2063_y312_comp.tiff,8,941564,11227070,1118388917
images/20190710_p173_slide6_ac1_vz_s1_p1_r6_a6_ac_full_l2_x81_y639_comp.tiff,8,1110571,8313542,1119330621
images/20190715_p176_slide14_ac1_vz_s1_p1_r4_a4_ac_full_l19_x1043_y1258_comp.tiff,8,582852,5216516,1120441326
images/20190715_p176_slide30_ac1_vz_s1_p1_r16_a16_ac_full_l2_x47_y510_comp.tiff,8,2011268,19167872,1121024317
images/20190708_p173_slide26_ac1_vz_s1_p5_r64_a64_ac_full_l1_x0_y0_filtered.tiff,8,313057,2956400,1123035722
images/20190625_p173_slide10_ac1_vz_s1_p1_r17_a17_ac_full_l1_x0_y362_filtered.tiff,8,343837,3127250,1123348917
images/20190715_p173_slide22_ac1_vz_s1_p1_r16_a16_ac_full_l1_x0_y0_comp.tiff,8,777153,5879108,1123692894
images/20190620_p173_slide19_ac1_vz_s1_p1_r22_a22_ac_full_l5_x256_y515_filtered.tiff,8,499335,3860120,1124470181
images/20190710_p176_slide23_ac1_vz_s1_p1_r6_a6_ac_full_l8_x416_y721_comp.tiff,8,1731485,20208272,1124969658
images/20190715_p173_slide16_ac1_vz_s1_p2_r21_a21_ac_full_l3_x278_y109_filtered.tiff,8,128977,833371,1126701279
images/20190710_p176_slide23_ac1_vz_s1_p1_r6_a6_ac_full_l39_x1849_y1453_filtered.tiff,8,148694,1465772,1126830398
images/20190709_p176_slide11_ac1_vz_s1_p1_r15_a15_ac_full_l19_x907_y581_comp.tiff,8,735530,7126262,1126979235
images/20190620_p173_slide19_ac1_vz_s1_p1_r14_a14_ac_full_l1_x0_y0_comp.tiff,8,1200974,9840788,1127714904
images/20190709_p176_slide16_ac1_vz_s1_p1_r7_a7_ac_full_l37_x1814_y146_filtered.tiff,8,762731,8003870,1128916012
images/20190708_p173_slide26_ac1_vz_s1_p4_r17_a17_ac_full_l1_x0_y0_comp.tiff,8,645026,6724178,1129678885
images/20190710_p176_slide23_ac1_vz_s1_p1_r6_a6_ac_full_l27_x980_y872_filtered.tiff,8,2605686,25799402,1130324045
images/20190715_p173_slide16_ac1_vz_s1_p1_r17_a17_ac_full_l10_x1081_y732_comp.tiff,8,58920,635694,1132929872
images/20190715_p173_slide16_ac1_vz_s1_p1_r17_a17_ac_full_l8_x621_y485_comp.tiff,8,586643,5438672,1132988932
images/20190709_p176_slide16_ac1_vz_s1_p1_r7_a7_ac_full_l24_x1258_y2323_filtered.tiff,8,865323,8368316,1133575713
images/20190619_p176_slide20_ac1_vz_s1_p1_r6_a6_ac_full_l24_x1226_y1808_filtered.tiff,8,423384,4296068,1134441179
images/20190709_p176_slide16_ac1_vz_s1_p1_r7_a7_ac_full_l8_x365_y1630_comp.tiff,8,2029590,19780484,1134864706
images/20190709_p176_slide16_ac1_vz_s1_p1_r7_a7_ac_full_l19_x879_y765_comp.tiff,8,3872521,34721852,1136894433
images/20190711_p176_slide39_ac1_vz_s1_p1_r5_a5_ac_full_l1_x0_y0_filtered.tiff,8,1387502,14220566,1140767091
images/20190621_p173_slide13_ac1_vz_s1_p1_r10_a10_ac_full_l4_x481_y124_comp.tiff,8,1164753,8011520,1142154729
images/20190711_p176_slide39_ac1_vz_s1_p1_r3_a3_ac_full_l1_x5_y0_comp.tiff,8,1415501,15769844,1143319620
images/20190621_p176_slide36_ac1_vz_s1_p1_r9_a9_ac_full_l2_x0_y0_comp.tiff,8,2279877,17222426,1144735253
images/20190709_p176_slide16_ac1_vz_s1_p1_r7_a7_ac_full_l9_x421_y508_comp.tiff,8,1667189,17616248,1147015262
images/20190620_p173_slide19_ac1_vz_s1_p1_r1_a1_ac_full_l1_x0_y0_comp.tiff,8,795584,5129612,1148682587
images/20190708_p173_slide26_ac1_vz_s1_p5_r77_a77_ac_full_l6_x281_y165_filtered.tiff,8,2852212,25216268,1149478303
images/20190619_p176_slide20_ac1_vz_s1_p1_r6_a6_ac_full_l2_x0_y949_comp.tiff,8,1824358,16461302,1152330657
images/20190619_p173_slide8_ac1_vz_s1_p1_r6_a6_ac_full_l7_x376_y127_filtered.tiff,8,804719,6663692,1154155149
images/20190620_p176_slide5_ac1_vz_s1_p1_r3_a3_ac_full_l1_x0_y0_filtered.tiff,8,670984,5005784,1154960007
images/20190710_p176_slide23_ac1_vz_s1_p1_r6_a6_ac_full_l34_x1426_y715_filtered.tiff,8,1583879,16114604,1155631126
images/20190621_p173_slide13_ac1_vz_s1_p1_r8_a8_ac_full_l3_x76_y629_filtered.tiff,8,1677885,12626204,1157215147
images/20190711_p176_slide39_ac1_vz_s1_p1_r4_a4_ac_full_l1_x0_y0_filtered.tiff,8,658744,7457354,1158893171
images/20190625_p173_slide10_ac1_vz_s1_p1_r5_a5_ac_full_l32768_x0_y0_filtered.tiff,8,186428,2256476,1159552051
images/20190619_p173_slide31_ac1_vz_s1_p1_r14_a14_ac_full_l2_x277_y0_filtered.tiff,8,455028,4014956,1159738619
images/20190715_p173_slide16_ac1_vz_s1_p1_r6_a6_ac_full_l1_x0_y0_comp.tiff,8,2851713,24196778,1160193787
images/20190619_p176_slide20_ac1_vz_s1_p1_r6_a6_ac_full_l5_x223_y1835_filtered.tiff,8,1972863,16850636,1163045632
images/20190620_p176_slide5_ac1_vz_s1_p1_r10_a10_ac_full_l1_x0_y0_filtered.tiff,8,510622,4026176,1165018636
images/20190715_p176_slide30_ac1_vz_s1_p1_r16_a16_ac_full_l6_x464_y0_comp.tiff,8,1361706,12348152,1165529395
images/20190710_p173_slide36_ac1_vz_s1_p1_r9_a9_ac_full_l1_x3_y0_comp.tiff,8,1184463,10582838,1166891237
images/20190619_p176_slide20_ac1_vz_s1_p1_r6_a6_ac_full_l40_x2066_y820_comp.tiff,8,1290328,10714316,1168075832
images/20190619_p173_slide8_ac1_vz_s1_p1_r6_a6_ac_full_l16_x1051_y479_filtered.tiff,8,966392,9425852,1169366298
images/20190619_p176_slide20_ac1_vz_s1_p1_r6_a6_ac_full_l29_x1495_y279_comp.tiff,8,758105,6980096,1170332831
images/20190708_p173_slide26_ac1_vz_s1_p5_r78_a78_ac_full_l2_x71_y461_filtered.tiff,8,1839257,15596036,1171091074
images/20190709_p176_slide16_ac1_vz_s1_p1_r7_a7_ac_full_l41_x2211_y1248_comp.tiff,8,1013870,10115780,1172930472
images/20190708_p173_slide26_ac1_vz_s1_p5_r77_a77_ac_full_l4_x121_y0_filtered.tiff,8,850904,8296712,1173944481
images/20190620_p173_slide34_ac1_vz_s1_p1_r7_a7_ac_full_l1_x0_y0_comp.tiff,8,1026248,7935020,1174795525
images/20190715_p173_slide16_ac1_vz_s1_p1_r17_a17_ac_full_l9_x683_y0_comp.tiff,8,1628068,16490372,1175821905
images/20190715_p176_slide14_ac1_vz_s1_p1_r4_a4_ac_full_l30_x1552_y2176_filtered.tiff,8,938021,8823542,1177450109
images/20190620_p173_slide34_ac1_vz_s1_p1_r1_a1_ac_full_l1_x0_y0_comp.tiff,8,851550,7304660,1178388273
images/20190715_p173_slide22_ac1_vz_s1_p1_r6_a6_ac_full_l1_x0_y0_comp.tiff,8,499581,4023422,1179239955
images/20190715_p176_slide30_ac1_vz_s1_p1_r10_a10_ac_full_l1_x0_y0_filtered.tiff,8,565444,4390622,1179739668
images/20190715_p176_slide14_ac1_vz_s1_p1_r4_a4_ac_full_l12_x636_y1878_comp.tiff,8,1326809,11281844,1180305250
images/20190621_p173_slide13_ac1_vz_s1_p1_r8_a8_ac_full_l7_x347_y700_filtered.tiff,8,309340,2716292,1181632197
images/20190711_p176_slide39_ac1_vz_s1_p1_r6_a6_ac_full_l3_x70_y0_comp.tiff,8,1560649,16204976,1181941677
images/20190709_p176_slide16_ac1_vz_s1_p1_r7_a7_ac_full_l20_x1056_y3_filtered.tiff,8,653928,6966224,1183502459
images/20190620_p173_slide34_ac1_vz_s1_p1_r6_a6_ac_full_l2_x0_y148_comp.tiff,8,1549295,14194658,1184156527
images/20190715_p173_slide16_ac1_vz_s1_p2_r25_a25_ac_full_l2_x55_y105_filtered.tiff,8,672270,6021908,1185705956
images/20190709_p176_slide16_ac1_vz_s1_p1_r7_a7_ac_full_l43_x2301_y814_comp.tiff,8,1277212,14312060,1186378367
images/20190621_p173_slide4_ac1_vz_s1_p1_r11_a11_ac_full_l1_x0_y0_comp.tiff,8,1079508,8542328,1187655717
images/20190715_p173_slide16_ac1_vz_s1_p1_r17_a17_ac_full_l3_x113_y600_comp.tiff,8,505352,4503536,1188735358
images/20190715_p176_slide14_ac1_vz_s1_p1_r4_a4_ac_full_l20_x946_y697_filtered.tiff,8,3728834,32123096,1189240848
images/20190619_p176_slide20_ac1_vz_s1_p1_r6_a6_ac_full_l25_x1165_y343_filtered.tiff,8,1410932,13253912,1192969823
images/20190620_p173_slide19_ac1_vz_s1_p1_r13_a13_ac_full_l32768_x0_y0_filtered.tiff,8,94031,1332662,1194380897
images/20190709_p173_slide2_ac1_vz_s1_p1_r3_a3_ac_full_l1_x0_y0_filtered.tiff,8,344250,3042692,1194475070
images/20190710_p173_slide6_ac1_vz_s1_p1_r1_a1_ac_full_l1_x16_y0_comp.tiff,8,637802,6351164,1194819455
images/20190715_p173_slide16_ac1_vz_s1_p1_r17_a17_ac_full_l4_x235_y489_filtered.tiff,8,558679,5125022,1195457389
images/20190709_p176_slide16_ac1_vz_s1_p1_r7_a7_ac_full_l15_x752_y150_comp.tiff,8,888513,9236132,1196016210
images/20190619_p176_slide43_ac1_vz_s1_p1_r9_a9_ac_full_l2_x346_y217_filtered.tiff,8,1943380,15752708,1196904860
images/20190620_p176_slide5_ac1_vz_s1_p1_r14_a14_ac_full_l1_x0_y128_filtered.tiff,8,870274,7339136,1198848380
images/20190619_p173_slide8_ac1_vz_s1_p1_r6_a6_ac_full_l8_x339_y545_comp.tiff,8,775058,6788132,1199718793
images/20190708_p176_slide33_ac1_vz_s1_p1_r16_a16_ac_full_l7_x552_y779_comp.tiff,8,2125979,16960388,1200493986
images/20190621_p173_slide4_ac1_vz_s1_p1_r16_a16_ac_full_l3_x263_y238_comp.tiff,8,1568435,11754512,1202620103
images/20190709_p176_slide11_ac1_vz_s1_p1_r15_a15_ac_full_l14_x762_y650_filtered.tiff,8,731237,6841172,1204188675
images/20190709_p176_slide16_ac1_vz_s1_p1_r7_a7_ac_full_l3_x182_y1886_filtered.tiff,8,408239,4042802,1204920055
images/20190715_p173_slide22_ac1_vz_s1_p1_r27_a27_ac_full_l1_x41_y220_comp.tiff,8,335890,3249242,1205328435
images/20190621_p173_slide4_ac1_vz_s1_p1_r16_a16_ac_full_l5_x605_y427_comp.tiff,8,1233739,10247462,1205664462
images/20190620_p176_slide27_ac1_vz_s1_p1_r16_a16_ac_full_l3_x420_y0_filtered.tiff,8,629024,5364722,1206898338
images/20190708_p173_slide26_ac1_vz_s1_p6_r46_a46_ac_full_l1_x0_y0_filtered.tiff,8,891757,8294876,1207527502
images/20190709_p173_slide2_ac1_vz_s1_p1_r9_a9_ac_full_l32768_x0_y0_filtered.tiff,8,631930,6685316,1208419397
images/20190621_p173_slide13_ac1_vz_s1_p1_r17_a17_ac_full_l8_x776_y314_comp.tiff,8,2217297,17123894,1209051466
images/20190625_p173_slide10_ac1_vz_s1_p1_r18_a18_ac_full_l3_x256_y524_filtered.tiff,8,1297550,9332522,1211268901
images/20190708_p173_slide26_ac1_vz_s1_p4_r26_a26_ac_full_l1_x0_y0_comp.tiff,8,836511,8058644,1212566593
images/20190710_p176_slide23_ac1_vz_s1_p1_r6_a6_ac_full_l34_x1426_y715_comp.tiff,8,1562090,16114604,1213403238
images/20190715_p176_slide14_ac1_vz_s1_p1_r4_a4_ac_full_l10_x700_y577_comp.tiff,8,241219,1945172,1214965466
images/20190710_p176_slide23_ac1_vz_s1_p1_r6_a6_ac_full_l41_x1728_y683_filtered.tiff,8,1794337,18935312,1215206822
images/20190715_p173_slide16_ac1_vz_s1_p2_r27_a27_ac_full_l1_x5_y181_comp.tiff,8,200772,1574912,1217001301
images/20190619_p176_slide20_ac1_vz_s1_p1_r6_a6_ac_full_l4_x79_y1647_filtered.tiff,8,1006007,8555588,1217202209
images/20190620_p176_slide5_ac1_vz_s1_p1_r14_a14_ac_full_l4_x244_y289_filtered.tiff,8,740761,6079844,1218208356
images/20190715_p176_slide14_ac1_vz_s1_p1_r4_a4_ac_full_l22_x1100_y251_comp.tiff,8,1681483,15657644,1218949258
images/20190715_p173_slide22_ac1_vz_s1_p1_r13_a13_ac_full_l1_x0_y0_comp.tiff,8,1440659,11585702,1220630879
images/20190715_p173_slide16_ac1_vz_s1_p1_r17_a17_ac_full_l5_x413_y535_comp.tiff,8,734645,6425012,1222071672
images/20190620_p173_slide19_ac1_vz_s1_p1_r11_a11_ac_full_l1_x0_y0_comp.tiff,8,634094,4433972,1222806455
images/20190620_p173_slide19_ac1_vz_s1_p1_r9_a9_ac_full_l1_x0_y221_comp.tiff,8,1032504,7024364,1223440683
images/20190708_p173_slide26_ac1_vz_s1_p6_r63_a63_ac_full_l1_x0_y185_comp.tiff,8,844208,7663292,1224473321
images/20190708_p176_slide33_ac1_vz_s1_p1_r10_a10_ac_full_l1_x0_y0_filtered.tiff,8,2111110,16862060,1225317665
images/20190715_p176_slide14_ac1_vz_s1_p1_r4_a4_ac_full_l18_x934_y2173_comp.tiff,8,468313,4186724,1227428913
images/20190715_p176_slide14_ac1_vz_s1_p1_r4_a4_ac_full_l26_x1411_y1657_filtered.tiff,8,1325463,10516436,1227897364
images/20190620_p176_slide27_ac1_vz_s1_p1_r16_a16_ac_full_l1_x0_y90_comp.tiff,8,1218601,9756332,1229222970
images/20190710_p176_slide23_ac1_vz_s1_p1_r6_a6_ac_full_l2_x130_y1468_filtered.tiff,8,1550791,16356752,1230441706
images/20190619_p173_slide31_ac1_vz_s1_p1_r3_a3_ac_full_l1_x0_y0_comp.tiff,8,877161,6352694,1231992638
images/20190715_p176_slide14_ac1_vz_s1_p1_r4_a4_ac_full_l2_x101_y1380_filtered.tiff,8,1711586,14894072,1232869931
images/20190620_p173_slide34_ac1_vz_s1_p1_r6_a6_ac_full_l1_x50_y483_comp.tiff,8,381674,3815036,1234581658
images/20190619_p176_slide43_ac1_vz_s1_p1_r4_a4_ac_full_l1_x0_y5_filtered.tiff,8,1197396,12195254,1234963467
images/20190715_p173_slide16_ac1_vz_s1_p2_r27_a27_ac_full_l1_x5_y181_filtered.tiff,8,202955,1574912,1236160999
images/20190620_p173_slide34_ac1_vz_s1_p1_r9_a9_ac_full_l32768_x0_y0_filtered.tiff,8,167085,2062982,1236364094
images/20190619_p176_slide20_ac1_vz_s1_p1_r6_a6_ac_full_l40_x2066_y820_filtered.tiff,8,1307654,10714316,1236531319
images/20190619_p173_slide8_ac1_vz_s1_p1_r6_a6_ac_full_l5_x113_y1472_comp.tiff,8,2050808,18644000,1237839115
images/20190709_p176_slide11_ac1_vz_s1_p1_r15_a15_ac_full_l3_x211_y313_filtered.tiff,8,650896,6585968,1239890059
images/20190619_p176_slide20_ac1_vz_s1_p1_r6_a6_ac_full_l8_x332_y1481_filtered.tiff,8,2011377,18707852,1240541097
images/20190708_p173_slide26_ac1_vz_s1_p5_r78_a78_ac_full_l2_x71_y461_comp.tiff,8,1818154,15596036,1242552615
images/20190708_p173_slide26_ac1_vz_s1_p5_r77_a77_ac_full_l5_x186_y655_filtered.tiff,8,451122,4106960,1244370906
images/20190715_p176_slide14_ac1_vz_s1_p1_r4_a4_ac_full_l39_x2164_y333_comp.tiff,8,923714,9172484,1244822170
images/20190708_p176_slide33_ac1_vz_s1_p1_r13_a13_ac_full_l1_x0_y0_filtered.tiff,8,1752871,14985668,1245746022
images/20190715_p176_slide14_ac1_vz_s1_p1_r4_a4_ac_full_l41_x2362_y759_filtered.tiff,8,1408970,15014636,1247499031
images/20190710_p173_slide6_ac1_vz_s1_p1_r6_a6_ac_full_l7_x217_y829_comp.tiff,8,1032782,8580374,1248908143
images/20190710_p176_slide8_ac1_vz_s1_p1_r14_a14_ac_full_l1_x22_y568_comp.tiff,8,318842,2848178,1249941060
images/20190619_p176_slide20_ac1_vz_s1_p1_r6_a6_ac_full_l27_x1467_y1139_comp.tiff,8,991438,7697156,1250260038
images/20190619_p173_slide8_ac1_vz_s1_p1_r6_a6_ac_full_l6_x163_y357_comp.tiff,8,784180,7831388,1251251615
images/20190715_p176_slide14_ac1_vz_s1_p1_r4_a4_ac_full_l1_x0_y1070_comp.tiff,8,1254999,12147314,1252035930
images/20190708_p176_slide33_ac1_vz_s1_p1_r16_a16_ac_full_l3_x78_y596_comp.tiff,8,1235393,10977068,1253291064
images/20190715_p176_slide30_ac1_vz_s1_p1_r16_a16_ac_full_l7_x746_y382_filtered.tiff,8,2101296,17176628,1254526594
images/20190710_p176_slide8_ac1_vz_s1_p1_r14_a14_ac_full_l4_x220_y1251_filtered.tiff,8,956593,9557126,1256628032
images/20190710_p176_slide8_ac1_vz_s1_p1_r14_a14_ac_full_l3_x99_y784_filtered.tiff,8,1081643,10287344,1257584767
images/20190620_p173_slide19_ac1_vz_s1_p1_r22_a22_ac_full_l1_x0_y255_comp.tiff,8,1720085,13850612,1258666550
images/20190620_p173_slide19_ac1_vz_s1_p1_r13_a13_ac_full_l32768_x0_y0_comp.tiff,8,93198,1332662,1260386771
images/20190709_p176_slide11_ac1_vz_s1_p1_r15_a15_ac_full_l18_x831_y469_comp.tiff,8,499228,5285060,1260480107
images/20190715_p173_slide16_ac1_vz_s1_p1_r1_a1_ac_full_l1_x0_y6_filtered.tiff,8,438829,4445192,1260979474
images/20190708_p173_slide26_ac1_vz_s1_p4_r17_a17_ac_full_l1_x0_y0_filtered.tiff,8,654013,6724178,1261418439
images/20190709_p173_slide2_ac1_vz_s1_p1_r11_a11_ac_full_l1_x0_y0_comp.tiff,8,938855,8309564,1262072590
images/20190620_p173_slide34_ac1_vz_s1_p1_r6_a6_ac_full_l3_x318_y293_comp.tiff,8,357710,3501080,1263011578
images/20190709_p176_slide16_ac1_vz_s1_p1_r7_a7_ac_full_l4_x258_y441_comp.tiff,8,294928,3265154,1263369424
images/20190710_p176_slide23_ac1_vz_s1_p1_r6_a6_ac_full_l36_x1600_y1436_filtered.tiff,8,777477,8554568,1263664488
images/20190709_p176_slide16_ac1_vz_s1_p1_r7_a7_ac_full_l20_x1056_y3_comp.tiff,8,647393,6966224,1264442108
images/20190710_p173_slide36_ac1_vz_s1_p1_r13_a13_ac_full_l4_x250_y0_filtered.tiff,8,882073,7683692,1265089637
images/20190715_p173_slide22_ac1_vz_s1_p1_r10_a10_ac_full_l1_x0_y0_filtered.tiff,8,730356,5203460,1265971850
images/20190710_p176_slide23_ac1_vz_s1_p1_r6_a6_ac_full_l12_x703_y2225_comp.tiff,8,1327090,14688644,1266702344
images/20190710_p173_slide6_ac1_vz_s1_p1_r1_a1_ac_full_l1_x16_y0_filtered.tiff,8,649613,6351164,1268029572
images/20190715_p173_slide16_ac1_vz_s1_p1_r8_a8_ac_full_l1_x41_y452_filtered.tiff,8,208911,1728116,1268679321
images/20190710_p176_slide23_ac1_vz_s1_p1_r6_a6_ac_full_l6_x436_y1713_filtered.tiff,8,339532,3535556,1268888371
images/20190620_p176_slide27_ac1_vz_s1_p1_r10_a10_ac_full_l1_x4_y0_comp.tiff,8,1164963,8844452,1269228044
images/20190621_p176_slide36_ac1_vz_s1_p1_r10_a10_ac_full_l1_x1_y17_filtered.tiff,8,1656528,14874080,1270393141
images/20190619_p173_slide8_ac1_vz_s1_p1_r6_a6_ac_full_l3_x93_y1195_comp.tiff,8,963063,8023352,1272049808
images/20190710_p176_slide23_ac1_vz_s1_p1_r6_a6_ac_full_l47_x2333_y612_comp.tiff,8,569728,6988460,1273013006
images/20190709_p176_slide47_ac1_vz_s1_p1_r1_a1_ac_full_l1_x0_y59_filtered.tiff,8,379618,3078188,1273582872
images/20190708_p173_slide26_ac1_vz_s1_p5_r69_a69_ac_full_l1_x3_y3_filtered.tiff,8,776731,8580374,1273962627
images/20190715_p176_slide30_ac1_vz_s1_p1_r8_a8_ac_full_l1_x0_y0_filtered.tiff,8,891853,6801596,1274739496
images/20190715_p173_slide22_ac1_vz_s1_p1_r13_a13_ac_full_l3_x271_y153_filtered.tiff,8,391374,3059012,1275631485
images/20190708_p173_slide39_ac1_vz_s1_p1_r3_a3_ac_full_l1_x2_y0_filtered.tiff,8,323859,3124292,1276023001
images/20190709_p176_slide11_ac1_vz_s1_p1_r15_a15_ac_full_l6_x345_y676_comp.tiff,8,949567,9698804,1276346996
images/20190715_p173_slide16_ac1_vz_s1_p1_r8_a8_ac_full_l4_x39_y328_comp.tiff,8,1214081,10667396,1277296701
images/20190715_p176_slide30_ac1_vz_s1_p1_r17_a17_ac_full_l32768_x0_y0_filtered.tiff,8,137570,1903352,1278510917
images/20190715_p173_slide22_ac1_vz_s1_p1_r24_a24_ac_full_l1_x0_y348_comp.tiff,8,270236,2472002,1278648629
images/20190715_p173_slide22_ac1_vz_s1_p1_r11_a11_ac_full_l1_x3_y0_comp.tiff,8,620089,4538114,1278919001
images/20190620_p176_slide27_ac1_vz_s1_p1_r16_a16_ac_full_l3_x420_y0_comp.tiff,8,615122,5364722,1279539224
images/20190709_p173_slide2_ac1_vz_s1_p1_r7_a7_ac_full_l1_x0_y0_filtered.tiff,8,806799,7422980,1280154482
images/20190710_p173_slide36_ac1_vz_s1_p1_r9_a9_ac_full_l1_x3_y0_filtered.tiff,8,1197107,10582838,1280961416
images/20190621_p173_slide13_ac1_vz_s1_p1_r3_a3_ac_full_l1_x5_y0_filtered.tiff,8,2725400,20227346,1282158659
images/20190621_p173_slide13_ac1_vz_s1_p1_r10_a10_ac_full_l3_x399_y98_filtered.tiff,8,1052515,6827708,1284884195
images/20190620_p176_slide27_ac1_vz_s1_p1_r22_a22_ac_full_l4_x613_y188_filtered.tiff,8,1912974,16017092,1285936851
images/20190620_p176_slide27_ac1_vz_s1_p1_r13_a13_ac_full_l2_x276_y265_filtered.tiff,8,384024,3537188,1287849967
images/20190709_p176_slide11_ac1_vz_s1_p1_r15_a15_ac_full_l4_x209_y1309_comp.tiff,8,1369574,15125204,1288234133
images/20190708_p173_slide26_ac1_vz_s1_p4_r1_a1_ac_full_l1_x0_y0_comp.tiff,8,295754,2988632,1289603846
images/20190621_p173_slide13_ac1_vz_s1_p1_r10_a10_ac_full_l2_x267_y0_comp.tiff,8,784577,5427044,1289899732
images/20190619_p173_slide8_ac1_vz_s1_p1_r6_a6_ac_full_l9_x416_y292_filtered.tiff,8,850564,6586886,1290684445
images/20190619_p176_slide20_ac1_vz_s1_p1_r6_a6_ac_full_l12_x525_y384_comp.tiff,8,2137309,19844234,1291535148
images/20190710_p173_slide6_ac1_vz_s1_p1_r6_a6_ac_full_l1_x30_y871_comp.tiff,8,542168,5065658,1293672594
images/20190620_p173_slide19_ac1_vz_s1_p1_r22_a22_ac_full_l3_x166_y1098_comp.tiff,8,92550,1020643,1294214896
images/20190715_p173_slide16_ac1_vz_s1_p1_r17_a17_ac_full_l5_x413_y535_filtered.tiff,8,744388,6425012,1294307585
images/20190708_p173_slide26_ac1_vz_s1_p4_r23_a23_ac_full_l1_x0_y0_filtered.tiff,8,356131,3478130,1295052115
images/20190709_p176_slide16_ac1_vz_s1_p1_r7_a7_ac_full_l29_x1412_y448_filtered.tiff,8,1140684,10880576,1295408384
images/20190710_p176_slide23_ac1_vz_s1_p1_r6_a6_ac_full_l26_x1220_y1328_filtered.tiff,8,588094,6527828,1296549210
images/20190708_p176_slide33_ac1_vz_s1_p1_r1_a1_ac_full_l1_x0_y3_comp.tiff,8,3753334,29088086,1297137447
images/20190620_p176_slide27_ac1_vz_s1_p1_r15_a15_ac_full_l3_x209_y423_comp.tiff,8,1563609,13168232,1300890913
images/20190620_p176_slide27_ac1_vz_s1_p1_r11_a11_ac_full_l1_x1_y11_filtered.tiff,8,742067,6518852,1302454660
images/20190621_p176_slide36_ac1_vz_s1_p1_r12_a12_ac_full_l3_x411_y92_comp.tiff,8,2057676,14284928,1303196866
images/20190621_p173_slide13_ac1_vz_s1_p1_r8_a8_ac_full_l4_x54_y1161_comp.tiff,8,3517262,26893556,1305254679
images/20190709_p176_slide16_ac1_vz_s1_p1_r7_a7_ac_full_l7_x326_y2018_filtered.tiff,8,1702718,15787592,1308772077
images/20190619_p176_slide20_ac1_vz_s1_p1_r6_a6_ac_full_l18_x906_y376_filtered.tiff,8,1241216,10837736,1310474936
images/20190620_p176_slide27_ac1_vz_s1_p1_r22_a22_ac_full_l4_x613_y188_comp.tiff,8,1889398,16017092,1311716293
images/20190619_p176_slide20_ac1_vz_s1_p1_r6_a6_ac_full_l31_x1518_y4_comp.tiff,8,1028192,10582532,1313605829
images/20190625_p173_slide10_ac1_vz_s1_p1_r18_a18_ac_full_l6_x386_y63_comp.tiff,8,1276831,8900348,1314634157
images/20190620_p176_slide5_ac1_vz_s1_p1_r9_a9_ac_full_l1_x0_y0_comp.tiff,8,1168248,10500116,1315911125
images/20190709_p176_slide11_ac1_vz_s1_p1_r15_a15_ac_full_l16_x816_y68_comp.tiff,8,596666,6308324,1317079504
images/20190715_p173_slide16_ac1_vz_s1_p1_r17_a17_ac_full_l8_x621_y485_filtered.tiff,8,594784,5438672,1317676308
images/20190620_p176_slide5_ac1_vz_s1_p1_r3_a3_ac_full_l1_x0_y0_comp.tiff,8,659177,5005784,1318271234
images/20190619_p176_slide20_ac1_vz_s1_p1_r6_a6_ac_full_l2_x0_y949_filtered.tiff,8,1849608,16461302,1318930542
images/20190621_p173_slide13_ac1_vz_s1_p1_r17_a17_ac_full_l5_x495_y264_filtered.tiff,8,769593,6464588,1320780288
images/20190710_p176_slide23_ac1_vz_s1_p1_r6_a6_ac_full_l14_x715_y1159_comp.tiff,8,1147928,12213206,1321550023
images/20190710_p176_slide8_ac1_vz_s1_p1_r1_a1_ac_full_l1_x0_y0_comp.tiff,8,436314,3413972,1322698089
images/20190708_p173_slide26_ac1_vz_s1_p4_r31_a31_ac_full_l2_x232_y0_comp.tiff,8,1699922,15651320,1323134534
images/20190621_p173_slide13_ac1_vz_s1_p1_r17_a17_ac_full_l7_x885_y0_comp.tiff,8,288978,2316248,1324834592
images/20190620_p176_slide27_ac1_vz_s1_p1_r22_a22_ac_full_l2_x245_y364_filtered.tiff,8,2294871,20024468,1325123706
images/20190620_p176_slide27_ac1_vz_s1_p1_r6_a6_ac_full_l1_x0_y7_comp.tiff,8,967646,8860772,1327418719
images/20190715_p173_slide16_ac1_vz_s1_p1_r17_a17_ac_full_l2_x0_y293_comp.tiff,8,1035988,9980834,1328386497
images/20190709_p176_slide16_ac1_vz_s1_p1_r7_a7_ac_full_l40_x2066_y381_comp.tiff,8,974655,9667592,1329422621
images/20190619_p176_slide20_ac1_vz_s1_p1_r6_a6_ac_full_l12_x525_y384_filtered.tiff,8,2162624,19844234,1330397414
images/20190621_p173_slide4_ac1_vz_s1_p1_r16_a16_ac_full_l6_x721_y194_filtered.tiff,8,1059471,7525796,1332560179
images/20190710_p176_slide23_ac1_vz_s1_p1_r6_a6_ac_full_l29_x1298_y1525_comp.tiff,8,1304351,13078676,1333619791
images/20190711_p176_slide39_ac1_vz_s1_p1_r1_a1_ac_full_l1_x0_y16_comp.tiff,8,1237991,14895500,1334924281
images/20190715_p173_slide16_ac1_vz_s1_p1_r12_a12_ac_full_l2_x70_y63_filtered.tiff,8,1100778,9666062,1336162405
images/20190621_p173_slide4_ac1_vz_s1_p1_r5_a5_ac_full_l1_x0_y0_comp.tiff,8,1121227,8340164,1337263323
images/20190711_p176_slide39_ac1_vz_s1_p1_r6_a6_ac_full_l5_x316_y193_comp.tiff,8,2848226,28718744,1338384681
images/20190715_p173_slide16_ac1_vz_s1_p2_r25_a25_ac_full_l1_x0_y0_comp.tiff,8,307466,3250772,1341233043
images/20190711_p173_slide28_ac1_vz_s1_p1_r1_a1_ac_full_l1_x0_y0_comp.tiff,8,569423,3962018,1341540643
images/20190708_p173_slide39_ac1_vz_s1_p1_r1_a1_ac_full_l1_x0_y0_comp.tiff,8,1691198,12571022,1342110198
images/20190709_p176_slide16_ac1_vz_s1_p1_r7_a7_ac_full_l7_x326_y2018_comp.tiff,8,1666216,15787592,1343801528
images/20190620_p173_slide19_ac1_vz_s1_p1_r22_a22_ac_full_l4_x243_y1127_filtered.tiff,8,56799,640080,1345467881
images/20190620_p176_slide27_ac1_vz_s1_p1_r18_a18_ac_full_l2_x48_y131_filtered.tiff,8,969754,8122292,1345524823
images/20190620_p176_slide5_ac1_vz_s1_p1_r14_a14_ac_full_l2_x80_y448_filtered.tiff,8,855120,7240196,1346494718
images/20190715_p173_slide16_ac1_vz_s1_p2_r21_a21_ac_full_l4_x279_y166_comp.tiff,8,105609,904771,1347349978
images/20190710_p176_slide23_ac1_vz_s1_p1_r6_a6_ac_full_l33_x1450_y1120_comp.tiff,8,1208294,13587860,1347455725
images/20190619_p176_slide43_ac1_vz_s1_p1_r6_a6_ac_full_l1_x0_y0_filtered.tiff,8,1637826,13333166,1348664158
images/20190708_p173_slide26_ac1_vz_s1_p6_r63_a63_ac_full_l2_x180_y0_filtered.tiff,8,1610169,14046146,1350302120
images/20190619_p173_slide31_ac1_vz_s1_p1_r4_a4_ac_full_l32768_x0_y0_filtered.tiff,8,101025,1037473,1351912429
images/20190708_p173_slide26_ac1_vz_s1_p4_r31_a31_ac_full_l1_x0_y91_comp.tiff,8,750183,7633916,1352013594
images/20190625_p173_slide10_ac1_vz_s1_p1_r17_a17_ac_full_l6_x214_y795_filtered.tiff,8,728601,6103610,1352763912
images/20190715_p173_slide22_ac1_vz_s1_p1_r24_a24_ac_full_l3_x113_y408_filtered.tiff,8,3060747,23107724,1353492655
images/20190715_p173_slide16_ac1_vz_s1_p1_r17_a17_ac_full_l4_x235_y489_comp.tiff,8,549495,5125022,1356553544
images/20190715_p176_slide30_ac1_vz_s1_p1_r16_a16_ac_full_l3_x337_y276_comp.tiff,8,1384687,12276548,1357103177
images/20190708_p173_slide26_ac1_vz_s1_p5_r78_a78_ac_full_l4_x405_y266_filtered.tiff,8,1581500,16245674,1358488002
images/20190710_p176_slide23_ac1_vz_s1_p1_r6_a6_ac_full_l27_x980_y872_comp.tiff,8,2548468,25799402,1360069644
images/20190710_p173_slide36_ac1_vz_s1_p1_r1_a1_ac_full_l1_x0_y0_filtered.tiff,8,592255,5492222,1362618249
images/20190708_p176_slide33_ac1_vz_s1_p1_r1_a1_ac_full_l1_x0_y3_filtered.tiff,8,3826296,29088086,1363210640
images/20190708_p173_slide26_ac1_vz_s1_p5_r78_a78_ac_full_l5_x680_y0_filtered.tiff,8,1032207,9728792,1367037072
images/20190709_p176_slide16_ac1_vz_s1_p1_r7_a7_ac_full_l13_x622_y2246_filtered.tiff,8,1342610,13956284,1368069419
images/20190715_p176_slide30_ac1_vz_s1_p1_r16_a16_ac_full_l5_x368_y1225_filtered.tiff,8,2032165,15263618,1369412171
images/20190709_p176_slide11_ac1_vz_s1_p1_r15_a15_ac_full_l31_x1669_y532_comp.tiff,8,1334570,13341224,1371444479
images/20190621_p173_slide13_ac1_vz_s1_p1_r8_a8_ac_full_l10_x521_y1283_comp.tiff,8,1510927,11735642,1372779189
images/20190619_p173_slide8_ac1_vz_s1_p1_r4_a4_ac_full_l1_x0_y0_comp.tiff,8,1731230,14335724,1374290254
images/20190620_p173_slide34_ac1_vz_s1_p1_r1_a1_ac_full_l1_x0_y0_filtered.tiff,8,859655,7304660,1376021615
images/20190710_p173_slide36_ac1_vz_s1_p1_r13_a13_ac_full_l3_x231_y214_comp.tiff,8,614779,6121460,1376881406
images/20190715_p173_slide22_ac1_vz_s1_p1_r6_a6_ac_full_l1_x0_y0_filtered.tiff,8,506707,4023422,1377496323
images/20190625_p173_slide10_ac1_vz_s1_p1_r9_a9_ac_full_l3_x238_y0_filtered.tiff,8,949887,7353212,1378003166
images/20190715_p176_slide14_ac1_vz_s1_p1_r4_a4_ac_full_l35_x1794_y328_comp.tiff,8,2186710,18863708,1378953191
images/20190715_p173_slide16_ac1_vz_s1_p1_r17_a17_ac_full_l1_x20_y52_comp.tiff,8,695373,6642884,1381140039
images/20190710_p176_slide23_ac1_vz_s1_p1_r6_a6_ac_full_l44_x2021_y587_comp.tiff,8,577997,5994164,1381835548
images/20190625_p173_slide10_ac1_vz_s1_p1_r9_a9_ac_full_l4_x338_y211_comp.tiff,8,286011,2638772,1382413683
images/20190715_p173_slide22_ac1_vz_s1_p1_r25_a25_ac_full_l1_x1_y0_filtered.tiff,8,504373,4549028,1382699830
images/20190710_p173_slide6_ac1_vz_s1_p1_r6_a6_ac_full_l3_x46_y161_filtered.tiff,8,1674260,14299208,1383204341
images/20190621_p176_slide36_ac1_vz_s1_p1_r3_a3_ac_full_l1_x0_y0_filtered.tiff,8,2205382,16057178,1384878739
images/20190708_p173_slide26_ac1_vz_s1_p6_r32_a32_ac_full_l1_x0_y2_filtered.tiff,8,543377,5608808,1387084257
images/20190710_p176_slide8_ac1_vz_s1_p1_r14_a14_ac_full_l13_x1133_y0_filtered.tiff,8,1077198,10543262,1387627772
images/20190708_p173_slide26_ac1_vz_s1_p5_r77_a77_ac_full_l4_x121_y0_comp.tiff,8,843326,8296712,1388705111
images/20190620_p176_slide5_ac1_vz_s1_p1_r8_a8_ac_full_l1_x0_y0_comp.tiff,8,1074439,8028146,1389548573
images/20190710_p176_slide23_ac1_vz_s1_p1_r6_a6_ac_full_l41_x1728_y683_comp.tiff,8,1766178,18935312,1390623143
images/20190709_p176_slide47_ac1_vz_s1_p1_r5_a5_ac_full_l1_x4_y0_comp.tiff,8,985570,9538052,1392389459
images/20190619_p176_slide20_ac1_vz_s1_p1_r6_a6_ac_full_l44_x2394_y741_comp.tiff,8,750749,6747332,1393375161
images/20190619_p173_slide31_ac1_vz_s1_p1_r2_a2_ac_full_l1_x0_y0_comp.tiff,8,563117,4169996,1394126048
images/20190711_p173_slide28_ac1_vz_s1_p1_r13_a13_ac_full_l7_x976_y166_comp.tiff,8,1679937,13589594,1394689297
images/20190715_p176_slide14_ac1_vz_s1_p1_r4_a4_ac_full_l34_x1717_y1102_filtered.tiff,8,1358109,11020112,1396369372
images/20190620_p173_slide34_ac1_vz_s1_p1_r6_a6_ac_full_l2_x0_y148_filtered.tiff,8,1565798,14194658,1397727624
images/20190715_p176_slide14_ac1_vz_s1_p1_r4_a4_ac_full_l40_x2245_y1193_filtered.tiff,8,921187,8790596,1399293560
images/20190620_p173_slide34_ac1_vz_s1_p1_r7_a7_ac_full_l1_x0_y0_filtered.tiff,8,1040009,7935020,1400214890
images/20190715_p176_slide14_ac1_vz_s1_p1_r4_a4_ac_full_l33_x1603_y1376_filtered.tiff,8,1997751,20069756,1401255035
images/20190621_p176_slide36_ac1_vz_s1_p1_r1_a1_ac_full_l1_x0_y4_filtered.tiff,8,2836556,22940852,1403252929
images/20190620_p173_slide19_ac1_vz_s1_p1_r22_a22_ac_full_l11_x726_y102_filtered.tiff,8,829136,5943572,1406089621
images/20190711_p173_slide28_ac1_vz_s1_p1_r13_a13_ac_full_l3_x282_y286_comp.tiff,8,1096236,7250192,1406918900
images/20190715_p173_slide22_ac1_vz_s1_p1_r27_a27_ac_full_l2_x0_y279_comp.tiff,8,693134,6608000,1408015274
images/20190710_p176_slide23_ac1_vz_s1_p1_r6_a6_ac_full_l16_x841_y2096_comp.tiff,8,167136,1977812,1408708544
images/20190619_p176_slide20_ac1_vz_s1_p1_r6_a6_ac_full_l33_x1580_y1515_filtered.tiff,8,1307662,13209134,1408875818
images/20190715_p173_slide16_ac1_vz_s1_p2_r21_a21_ac_full_l3_x278_y109_comp.tiff,8,126764,833371,1410183623
images/20190620_p173_slide34_ac1_vz_s1_p1_r2_a2_ac_full_l1_x0_y0_comp.tiff,8,1364238,9705434,1410310525
images/20190710_p176_slide23_ac1_vz_s1_p1_r6_a6_ac_full_l17_x968_y1692_comp.tiff,8,259235,2726492,1411674895
images/20190711_p176_slide39_ac1_vz_s1_p1_r6_a6_ac_full_l4_x458_y663_filtered.tiff,8,899100,9521120,1411934268
images/20190709_p176_slide11_ac1_vz_s1_p1_r15_a15_ac_full_l2_x140_y938_filtered.tiff,8,1227003,13483412,1412833508
images/20190711_p173_slide28_ac1_vz_s1_p1_r11_a11_ac_full_l1_x0_y0_filtered.tiff,8,1102895,7989692,1414060653
images/20190710_p173_slide6_ac1_vz_s1_p1_r6_a6_ac_full_l12_x570_y1408_filtered.tiff,8,1265622,10878536,1415163686
images/20190715_p173_slide22_ac1_vz_s1_p1_r24_a24_ac_full_l2_x36_y128_comp.tiff,8,1252606,10628942,1416429449
images/20190619_p176_slide20_ac1_vz_s1_p1_r6_a6_ac_full_l14_x723_y1220_comp.tiff,8,857088,8583740,1417682192
images/20190710_p173_slide6_ac1_vz_s1_p1_r6_a6_ac_full_l5_x151_y1219_comp.tiff,8,385139,3512708,1418539418
images/20190715_p173_slide16_ac1_vz_s1_p2_r27_a27_ac_full_l3_x9_y17_filtered.tiff,8,1353131,13504526,1418924693
images/20190708_p173_slide26_ac1_vz_s1_p6_r32_a32_ac_full_l1_x0_y2_comp.tiff,8,538810,5608808,1420277963
images/20190619_p173_slide8_ac1_vz_s1_p1_r3_a3_ac_full_l1_x0_y0_comp.tiff,8,714061,4980692,1420816907
images/20190711_p176_slide39_ac1_vz_s1_p1_r6_a6_ac_full_l6_x730_y494_comp.tiff,8,2029311,20941448,1421531099
images/20190708_p173_slide26_ac1_vz_s1_p4_r15_a15_ac_full_l1_x0_y137_comp.tiff,8,416828,3754142,1423560546
images/20190715_p173_slide16_ac1_vz_s1_p2_r37_a37_ac_full_l7_x421_y214_comp.tiff,8,2587595,22591502,1423977510
images/20190709_p176_slide16_ac1_vz_s1_p1_r7_a7_ac_full_l5_x255_y839_filtered.tiff,8,1200375,12418532,1426565243
images/20190708_p176_slide33_ac1_vz_s1_p1_r16_a16_ac_full_l6_x412_y338_filtered.tiff,8,3296193,28064312,1427765758
images/20190621_p173_slide13_ac1_vz_s1_p1_r10_a10_ac_full_l2_x267_y0_filtered.tiff,8,793332,5427044,1431062093
images/20190709_p176_slide11_ac1_vz_s1_p1_r15_a15_ac_full_l10_x582_y990_filtered.tiff,8,342970,2905604,1431855565
images/20190709_p176_slide16_ac1_vz_s1_p1_r7_a7_ac_full_l24_x1258_y2323_comp.tiff,8,852678,8368316,1432198678
images/20190709_p176_slide16_ac1_vz_s1_p1_r7_a7_ac_full_l26_x1333_y0_filtered.tiff,8,562833,5980292,1433051495
images/20190709_p176_slide11_ac1_vz_s1_p1_r15_a15_ac_full_l12_x568_y1232_filtered.tiff,8,1671207,15126020,1433614468
images/20190620_p176_slide27_ac1_vz_s1_p1_r22_a22_ac_full_l1_x0_y191_filtered.tiff,8,1533863,14494130,1435285819
images/20190710_p173_slide6_ac1_vz_s1_p1_r6_a6_ac_full_l4_x146_y1043_comp.tiff,8,623635,5045564,1436819822
images/20190710_p176_slide23_ac1_vz_s1_p1_r6_a6_ac_full_l28_x1319_y1058_comp.tiff,8,184130,1530542,1437443593
images/20190709_p176_slide16_ac1_vz_s1_p1_r7_a7_ac_full_l38_x1944_y1084_comp.tiff,8,893988,9302738,1437627862
images/20190619_p173_slide31_ac1_vz_s1_p1_r14_a14_ac_full_l1_x0_y127_filtered.tiff,8,1779889,15985166,1438521989
images/20190621_p173_slide13_ac1_vz_s1_p1_r17_a17_ac_full_l3_x247_y485_filtered.tiff,8,4551806,34733888,1440302018
images/20190708_p173_slide26_ac1_vz_s1_p4_r12_a12_ac_full_l2_x44_y178_comp.tiff,8,170805,1161709,1444853966
images/20190621_p173_slide13_ac1_vz_s1_p1_r17_a17_ac_full_l8_x776_y314_filtered.tiff,8,2244747,17123894,1445024908
images/20190620_p173_slide19_ac1_vz_s1_p1_r10_a10_ac_full_l1_x0_y0_comp.tiff,8,304531,2301254,1447269797
images/20190619_p176_slide43_ac1_vz_s1_p1_r3_a3_ac_full_l1_x0_y0_comp.tiff,8,784970,6689294,1447574462
images/20190625_p173_slide10_ac1_vz_s1_p1_r17_a17_ac_full_l7_x342_y145_filtered.tiff,8,2708503,23111396,1448359564
images/20190710_p176_slide8_ac1_vz_s1_p1_r14_a14_ac_full_l11_x871_y475_filtered.tiff,8,1490353,15556868,1451068209
images/20190708_p173_slide26_ac1_vz_s1_p4_r2_a2_ac_full_l1_x1_y0_filtered.tiff,8,637704,5850548,1452558704
images/20190715_p173_slide16_ac1_vz_s1_p1_r17_a17_ac_full_l6_x506_y628_filtered.tiff,8,406919,3515768,1453196544
images/20190715_p176_slide14_ac1_vz_s1_p1_r4_a4_ac_full_l29_x1463_y685_comp.tiff,8,2125095,19260692,1453603605
images/20190715_p173_slide16_ac1_vz_s1_p1_r17_a17_ac_full_l11_x1051_y52_comp.tiff,8,2225994,21323132,1455728838
images/20190708_p173_slide39_ac1_vz_s1_p1_r11_a11_ac_full_l1_x0_y0_comp.tiff,8,994222,7861784,1457954971
images/20190715_p173_slide16_ac1_vz_s1_p2_r37_a37_ac_full_l12_x1006_y1322_comp.tiff,8,384075,3338084,1458949327
images/20190710_p173_slide6_ac1_vz_s1_p1_r6_a6_ac_full_l10_x370_y131_filtered.tiff,8,922734,8703998,1459333543
images/20190715_p176_slide14_ac1_vz_s1_p1_r4_a4_ac_full_l41_x2362_y759_comp.tiff,8,1396480,15014636,1460256417
images/20190620_p176_slide27_ac1_vz_s1_p1_r18_a18_ac_full_l1_x0_y391_filtered.tiff,8,1389970,10742060,1461653035
images/20190619_p173_slide8_ac1_vz_s1_p1_r6_a6_ac_full_l4_x194_y578_filtered.tiff,8,564528,5165822,1463043145
images/20190715_p173_slide22_ac1_vz_s1_p1_r13_a13_ac_full_l1_x0_y0_filtered.tiff,8,1457025,11585702,1463607812
images/20190619_p176_slide20_ac1_vz_s1_p1_r6_a6_ac_full_l30_x1446_y772_comp.tiff,8,2333838,18651140,1465064975
images/20190710_p173_slide6_ac1_vz_s1_p1_r6_a6_ac_full_l9_x275_y1290_filtered.tiff,8,1172659,11902004,1467398951
images/20190625_p173_slide10_ac1_vz_s1_p1_r18_a18_ac_full_l2_x261_y260_filtered.tiff,8,1168012,8582822,1468571750
images/20190619_p173_slide31_ac1_vz_s1_p1_r2_a2_ac_full_l1_x0_y0_filtered.tiff,8,569327,4169996,1469739904
images/20190709_p176_slide11_ac1_vz_s1_p1_r15_a15_ac_full_l31_x1669_y532_filtered.tiff,8,1356895,13341224,1470309367
images/20190711_p176_slide39_ac1_vz_s1_p1_r6_a6_ac_full_l2_x0_y560_filtered.tiff,8,1747080,18517316,1471666406
images/20190711_p173_slide28_ac1_vz_s1_p1_r2_a2_ac_full_l1_x0_y2_filtered.tiff,8,613075,4608698,1473413624
images/20190710_p176_slide23_ac1_vz_s1_p1_r6_a6_ac_full_l45_x2183_y360_comp.tiff,8,932767,9999908,1474026835
images/20190710_p173_slide6_ac1_vz_s1_p1_r6_a6_ac_full_l11_x416_y499_filtered.tiff,8,1400098,13590512,1474959740
images/20190708_p173_slide26_ac1_vz_s1_p5_r65_a65_ac_full_l1_x0_y0_filtered.tiff,8,732873,7101170,1476359978
images/20190715_p173_slide16_ac1_vz_s1_p2_r37_a37_ac_full_l1_x0_y246_filtered.tiff,8,1030206,8998574,1477092989
images/20190620_p176_slide27_ac1_vz_s1_p1_r13_a13_ac_full_l3_x270_y151_comp.tiff,8,809270,7890038,1478123335
images/20190709_p176_slide16_ac1_vz_s1_p1_r7_a7_ac_full_l27_x1337_y1136_filtered.tiff,8,2000167,17822594,1478932743
images/20190625_p173_slide10_ac1_vz_s1_p1_r18_a18_ac_full_l3_x256_y524_comp.tiff,8,1273871,9332522,1480933053
images/20190715_p176_slide30_ac1_vz_s1_p1_r2_a2_ac_full_l1_x0_y0_filtered.tiff,8,727453,5921132,1482207062
images/20190621_p173_slide4_ac1_vz_s1_p1_r16_a16_ac_full_l1_x92_y213_filtered.tiff,8,949962,7628102,1482934651
images/20190621_p173_slide4_ac1_vz_s1_p1_r12_a12_ac_full_l1_x0_y0_filtered.tiff,8,809442,5882270,1483884753
images/20190710_p176_slide23_ac1_vz_s1_p1_r6_a6_ac_full_l20_x1032_y547_comp.tiff,8,201605,2541158,1484694332
images/20190620_p173_slide19_ac1_vz_s1_p1_r22_a22_ac_full_l4_x243_y1127_comp.tiff,8,56596,640080,1484896075
images/20190715_p173_slide16_ac1_vz_s1_p2_r21_a21_ac_full_l4_x279_y166_filtered.tiff,8,107207,904771,1484952810
images/20190715_p173_slide16_ac1_vz_s1_p2_r37_a37_ac_full_l9_x681_y0_filtered.tiff,8,1711735,16941824,1485060159
images/20190711_p173_slide28_ac1_vz_s1_p1_r9_a9_ac_full_l1_x2_y0_filtered.tiff,8,1907237,14568998,1486772034
images/20190709_p176_slide16_ac1_vz_s1_p1_r7_a7_ac_full_l15_x752_y150_filtered.tiff,8,903759,9236132,1488679407
images/20190709_p176_slide11_ac1_vz_s1_p1_r15_a15_ac_full_l1_x0_y1215_comp.tiff,8,754974,7988672,1489583307
images/20190715_p173_slide16_ac1_vz_s1_p2_r25_a25_ac_full_l2_x55_y105_comp.tiff,8,662887,6021908,1490338418
images/20190625_p173_slide10_ac1_vz_s1_p1_r12_a12_ac_full_l2_x93_y0_comp.tiff,8,400982,3180392,1491001442
images/20190709_p176_slide11_ac1_vz_s1_p1_r15_a15_ac_full_l33_x1726_y195_filtered.tiff,8,1511128,15307172,1491402559
images/20190621_p173_slide4_ac1_vz_s1_p1_r10_a10_ac_full_l2_x47_y0_filtered.tiff,8,1512879,10974212,1492913831
images/20190709_p176_slide16_ac1_vz_s1_p1_r7_a7_ac_full_l35_x1687_y1190_comp.tiff,8,974609,9001430,1494426848
images/20190710_p173_slide36_ac1_vz_s1_p1_r8_a8_ac_full_l1_x0_y0_comp.tiff,8,1025422,9045188,1495401596
images/20190710_p176_slide8_ac1_vz_s1_p1_r14_a14_ac_full_l2_x0_y1099_filtered.tiff,8,929168,8942372,1496427150
images/20190708_p173_slide26_ac1_vz_s1_p4_r31_a31_ac_full_l3_x602_y162_comp.tiff,8,1274241,13222292,1497356458
images/20190715_p173_slide16_ac1_vz_s1_p2_r31_a31_ac_full_l1_x0_y0_comp.tiff,8,407063,3497714,1498630837
images/20190715_p176_slide30_ac1_vz_s1_p1_r12_a12_ac_full_l1_x0_y0_filtered.tiff,8,424010,3631232,1499038034
images/20190625_p173_slide10_ac1_vz_s1_p1_r18_a18_ac_full_l9_x542_y250_filtered.tiff,8,1742646,12593564,1499462182
images/20190619_p173_slide31_ac1_vz_s1_p1_r7_a7_ac_full_l1_x2_y0_comp.tiff,8,1127579,9347822,1501204970
images/20190620_p173_slide34_ac1_vz_s1_p1_r3_a3_ac_full_l1_x0_y0_filtered.tiff,8,925811,8230412,1502332681
images/20190709_p173_slide2_ac1_vz_s1_p1_r11_a11_ac_full_l1_x0_y0_filtered.tiff,8,950230,8309564,1503258628
images/20190619_p176_slide20_ac1_vz_s1_p1_r6_a6_ac_full_l11_x637_y1874_filtered.tiff,8,427563,4106348,1504208995
images/20190715_p173_slide22_ac1_vz_s1_p1_r1_a1_ac_full_l1_x0_y0_filtered.tiff,8,1184450,9265712,1504636700
images/20190710_p176_slide8_ac1_vz_s1_p1_r14_a14_ac_full_l13_x1133_y0_comp.tiff,8,1061622,10543262,1505821286
images/20190715_p173_slide16_ac1_vz_s1_p2_r25_a25_ac_full_l1_x0_y0_filtered.tiff,8,310798,3250772,1506883045
images/20190708_p173_slide39_ac1_vz_s1_p1_r1_a1_ac_full_l1_x0_y0_filtered.tiff,8,1709177,12571022,1507193981
images/20190625_p173_slide10_ac1_vz_s1_p1_r9_a9_ac_full_l1_x7_y218_filtered.tiff,8,397386,3314420,1508903294
images/20190621_p173_slide4_ac1_vz_s1_p1_r10_a10_ac_full_l3_x275_y194_comp.tiff,8,1469398,11872628,1509300818
images/20190620_p176_slide27_ac1_vz_s1_p1_r15_a15_ac_full_l1_x0_y361_filtered.tiff,8,855901,6221828,1510770353
images/20190620_p176_slide27_ac1_vz_s1_p1_r10_a10_ac_full_l1_x4_y0_filtered.tiff,8,1186108,8844452,1511626394
images/20190708_p176_slide33_ac1_vz_s1_p1_r16_a16_ac_full_l3_x78_y596_filtered.tiff,8,1252447,10977068,1512812640
images/20190708_p176_slide33_ac1_vz_s1_p1_r16_a16_ac_full_l7_x552_y779_filtered.tiff,8,2156515,16960388,1514065228
images/20190620_p173_slide19_ac1_vz_s1_p1_r9_a9_ac_full_l3_x131_y0_filtered.tiff,8,1468570,11247470,1516221885
images/20190711_p173_slide28_ac1_vz_s1_p1_r6_a6_ac_full_l1_x4_y5_filtered.tiff,8,960313,7485812,1517690593
images/20190715_p173_slide16_ac1_vz_s1_p1_r8_a8_ac_full_l5_x245_y316_comp.tiff,8,549679,4354616,1518651042
images/20190709_p176_slide11_ac1_vz_s1_p1_r15_a15_ac_full_l16_x816_y68_filtered.tiff,8,606213,6308324,1519200857
images/20190625_p173_slide10_ac1_vz_s1_p1_r9_a9_ac_full_l1_x7_y218_comp.tiff,8,391553,3314420,1519807212
images/20190709_p176_slide11_ac1_vz_s1_p1_r15_a15_ac_full_l30_x1464_y0_comp.tiff,8,1118439,11619872,1520198899
images/20190620_p176_slide5_ac1_vz_s1_p1_r5_a5_ac_full_l32768_x0_y0_comp.tiff,8,269607,1859594,1521317476
images/20190620_p176_slide5_ac1_vz_s1_p1_r2_a2_ac_full_l1_x3_y0_filtered.tiff,8,516379,4186724,1521587218
images/20190710_p173_slide6_ac1_vz_s1_p1_r6_a6_ac_full_l2_x81_y639_filtered.tiff,8,1128912,8313542,1522103732
images/20190715_p176_slide14_ac1_vz_s1_p1_r4_a4_ac_full_l7_x488_y399_comp.tiff,8,1207658,12038276,1523232782
images/20190711_p173_slide28_ac1_vz_s1_p1_r8_a8_ac_full_l2_x253_y323_filtered.tiff,8,1376802,9601496,1524440576
images/20190710_p176_slide23_ac1_vz_s1_p1_r6_a6_ac_full_l19_x994_y1524_filtered.tiff,8,131865,2006372,1525817518
images/20190709_p176_slide16_ac1_vz_s1_p1_r7_a7_ac_full_l12_x659_y1979_comp.tiff,8,944864,9461552,1525949525
images/20190619_p173_slide31_ac1_vz_s1_p1_r13_a13_ac_full_l1_x0_y0_comp.tiff,8,769063,7221734,1526894527
images/20190620_p176_slide27_ac1_vz_s1_p1_r22_a22_ac_full_l3_x377_y13_filtered.tiff,8,1781946,14930180,1527663724
images/20190709_p176_slide16_ac1_vz_s1_p1_r7_a7_ac_full_l21_x1004_y334_filtered.tiff,8,1713780,16235372,1529445811
images/20190710_p176_slide23_ac1_vz_s1_p1_r6_a6_ac_full_l40_x1858_y1368_filtered.tiff,8,234501,2275652,1531159733
images/20190620_p173_slide19_ac1_vz_s1_p1_r4_a4_ac_full_l2_x59_y80_filtered.tiff,8,514047,3270356,1531394377
images/20190710_p176_slide23_ac1_vz_s1_p1_r6_a6_ac_full_l40_x1858_y1368_comp.tiff,8,230939,2275652,1531908562
images/20190621_p176_slide36_ac1_vz_s1_p1_r7_a7_ac_full_l1_x0_y0_filtered.tiff,8,1941329,13670276,1532139640
images/20190625_p173_slide10_ac1_vz_s1_p1_r17_a17_ac_full_l6_x214_y795_comp.tiff,8,711327,6103610,1534081105
images/20190710_p176_slide23_ac1_vz_s1_p1_r6_a6_ac_full_l11_x683_y347_comp.tiff,8,704047,8853632,1534792570
images/20190710_p173_slide36_ac1_vz_s1_p1_r8_a8_ac_full_l1_x0_y0_filtered.tiff,8,1042865,9045188,1535496754
images/20190710_p176_slide23_ac1_vz_s1_p1_r6_a6_ac_full_l16_x841_y2096_filtered.tiff,8,169101,1977812,1536539755
images/20190620_p173_slide19_ac1_vz_s1_p1_r22_a22_ac_full_l6_x262_y182_filtered.tiff,8,576590,3728132,1536708998
images/20190711_p176_slide39_ac1_vz_s1_p1_r5_a5_ac_full_l1_x0_y0_comp.tiff,8,1372751,14220566,1537285730
images/20190708_p173_slide26_ac1_vz_s1_p4_r31_a31_ac_full_l2_x232_y0_filtered.tiff,8,1718643,15651320,1538658613
images/20190709_p176_slide11_ac1_vz_s1_p1_r15_a15_ac_full_l12_x568_y1232_comp.tiff,8,1649278,15126020,1540377396
images/20190708_p173_slide26_ac1_vz_s1_p5_r71_a71_ac_full_l1_x0_y0_filtered.tiff,8,654077,6574544,1542026814
images/20190625_p173_slide10_ac1_vz_s1_p1_r18_a18_ac_full_l8_x588_y600_filtered.tiff,8,724078,5086772,1542681029
images/20190620_p176_slide27_ac1_vz_s1_p1_r16_a16_ac_full_l1_x0_y90_filtered.tiff,8,1238479,9756332,1543405249
images/20190708_p173_slide26_ac1_vz_s1_p4_r21_a21_ac_full_l32768_x0_y0_filtered.tiff,8,78769,949957,1544643867
images/20190709_p176_slide16_ac1_vz_s1_p1_r7_a7_ac_full_l31_x1579_y291_comp.tiff,8,595325,5591366,1544722778
images/20190619_p176_slide20_ac1_vz_s1_p1_r6_a6_ac_full_l16_x784_y270_filtered.tiff,8,396496,3687740,1545318241
images/20190715_p176_slide14_ac1_vz_s1_p1_r4_a4_ac_full_l25_x1371_y147_filtered.tiff,8,1150873,10158212,1545714878
images/20190619_p176_slide20_ac1_vz_s1_p1_r6_a6_ac_full_l44_x2394_y741_filtered.tiff,8,766290,6747332,1546865893
images/20190715_p173_slide16_ac1_vz_s1_p1_r8_a8_ac_full_l1_x41_y452_comp.tiff,8,206583,1728116,1547632325
images/20190709_p176_slide16_ac1_vz_s1_p1_r7_a7_ac_full_l32_x1570_y63_filtered.tiff,8,627041,6584132,1547839043
images/20190715_p176_slide14_ac1_vz_s1_p1_r4_a4_ac_full_l14_x718_y1246_comp.tiff,8,1181624,11555612,1548466225
images/20190710_p176_slide8_ac1_vz_s1_p1_r2_a2_ac_full_l1_x0_y0_comp.tiff,8,744983,7664516,1549647987
images/20190709_p173_slide2_ac1_vz_s1_p1_r4_a4_ac_full_l1_x0_y0_comp.tiff,8,378550,3725684,1550393101
images/20190715_p173_slide22_ac1_vz_s1_p1_r6_a6_ac_full_l2_x30_y183_filtered.tiff,8,782237,5810768,1550771782
images/20190625_p173_slide10_ac1_vz_s1_p1_r17_a17_ac_full_l3_x113_y49_filtered.tiff,8,55220,622740,1551554158
images/20190715_p173_slide16_ac1_vz_s1_p1_r9_a9_ac_full_l1_x17_y0_filtered.tiff,8,484936,4421834,1551609519
images/20190715_p173_slide16_ac1_vz_s1_p1_r12_a12_ac_full_l3_x327_y0_filtered.tiff,8,890998,6969284,1552094592
images/20190621_p173_slide13_ac1_vz_s1_p1_r9_a9_ac_full_l32768_x0_y0_filtered.tiff,8,88088,937003,1552985730
images/20190710_p176_slide23_ac1_vz_s1_p1_r6_a6_ac_full_l8_x416_y721_filtered.tiff,8,1747484,20208272,1553073958
images/20190708_p173_slide26_ac1_vz_s1_p4_r31_a31_ac_full_l5_x1011_y215_filtered.tiff,8,833224,8600876,1554821582
images/20190620_p176_slide5_ac1_vz_s1_p1_r5_a5_ac_full_l32768_x0_y0_filtered.tiff,8,274074,1859594,1555654949
images/20190619_p176_slide20_ac1_vz_s1_p1_r6_a6_ac_full_l17_x870_y1797_comp.tiff,8,1987986,18068516,1555929162
images/20190708_p173_slide26_ac1_vz_s1_p4_r18_a18_ac_full_l2_x0_y0_filtered.tiff,8,1240113,10654952,1557917286
images/20190619_p173_slide31_ac1_vz_s1_p1_r9_a9_ac_full_l1_x0_y0_comp.tiff,8,713151,5507828,1559157537
images/20190715_p173_slide16_ac1_vz_s1_p2_r37_a37_ac_full_l5_x392_y501_filtered.tiff,8,955894,8638106,1559870820
images/20190715_p173_slide16_ac1_vz_s1_p2_r23_a23_ac_full_l1_x0_y131_comp.tiff,8,692479,5800466,1560826856
images/20190620_p173_slide19_ac1_vz_s1_p1_r6_a6_ac_full_l1_x0_y0_filtered.tiff,8,1998466,14891012,1561519471
images/20190621_p173_slide13_ac1_vz_s1_p1_r8_a8_ac_full_l7_x347_y700_comp.tiff,8,304059,2716292,1563518073
images/20190710_p176_slide8_ac1_vz_s1_p1_r14_a14_ac_full_l7_x599_y1328_filtered.tiff,8,1056472,9831812,1563822268
images/20190625_p173_slide10_ac1_vz_s1_p1_r18_a18_ac_full_l4_x347_y724_comp.tiff,8,819627,5747732,1564878882
images/20190620_p176_slide27_ac1_vz_s1_p1_r18_a18_ac_full_l1_x0_y391_comp.tiff,8,1370906,10742060,1565698647
images/20190619_p176_slide20_ac1_vz_s1_p1_r6_a6_ac_full_l23_x1206_y2272_comp.tiff,8,376714,3377558,1567069689
images/20190625_p173_slide10_ac1_vz_s1_p1_r18_a18_ac_full_l7_x545_y718_comp.tiff,8,309702,2531876,1567446542
images/20190710_p176_slide23_ac1_vz_s1_p1_r6_a6_ac_full_l13_x681_y1816_comp.tiff,8,1206862,15242096,1567756382
images/20190708_p173_slide26_ac1_vz_s1_p4_r5_a5_ac_full_l3_x133_y0_comp.tiff,8,816567,8133512,1568963382
images/20190620_p176_slide27_ac1_vz_s1_p1_r19_a19_ac_full_l32768_x0_y0_filtered.tiff,8,567112,4363184,1569780083
images/20190708_p173_slide26_ac1_vz_s1_p5_r65_a65_ac_full_l1_x0_y0_comp.tiff,8,727560,7101170,1570347337
images/20190710_p176_slide8_ac1_vz_s1_p1_r14_a14_ac_full_l15_x1451_y22_comp.tiff,8,833765,8582822,1571075031
images/20190715_p173_slide16_ac1_vz_s1_p2_r37_a37_ac_full_l10_x790_y744_filtered.tiff,8,960124,9256022,1571908934
images/20190619_p173_slide8_ac1_vz_s1_p1_r6_a6_ac_full_l12_x616_y997_filtered.tiff,8,1828367,18291896,1572869201
images/20190621_p173_slide4_ac1_vz_s1_p1_r10_a10_ac_full_l2_x47_y0_comp.tiff,8,1492151,10974212,1574697708
images/20190710_p176_slide23_ac1_vz_s1_p1_r6_a6_ac_full_l17_x968_y1692_filtered.tiff,8,262843,2726492,1576189993
images/20190715_p173_slide22_ac1_vz_s1_p1_r24_a24_ac_full_l4_x296_y0_comp.tiff,8,1287954,11485232,1576452978
images/20190715_p173_slide22_ac1_vz_s1_p1_r27_a27_ac_full_l3_x173_y0_comp.tiff,8,1422868,13006562,1577741068
images/20190709_p176_slide16_ac1_vz_s1_p1_r7_a7_ac_full_l21_x1004_y334_comp.tiff,8,1687399,16235372,1579164072
images/20190621_p173_slide4_ac1_vz_s1_p1_r5_a5_ac_full_l1_x0_y0_filtered.tiff,8,1134073,8340164,1580851609
images/20190715_p173_slide16_ac1_vz_s1_p2_r30_a30_ac_full_l1_x0_y301_filtered.tiff,8,2654951,21832010,1581985817
images/20190619_p173_slide8_ac1_vz_s1_p1_r6_a6_ac_full_l13_x654_y481_filtered.tiff,8,1628672,16653572,1584640908
images/20190708_p173_slide26_ac1_vz_s1_p6_r53_a53_ac_full_l1_x0_y0_comp.tiff,8,1475791,14673548,1586269720
images/20190710_p176_slide23_ac1_vz_s1_p1_r6_a6_ac_full_l10_x566_y1509_filtered.tiff,8,835873,10408112,1587745645
images/20190620_p176_slide27_ac1_vz_s1_p1_r16_a16_ac_full_l2_x74_y209_comp.tiff,8,3443071,26846432,1588581660
images/20190715_p173_slide16_ac1_vz_s1_p1_r17_a17_ac_full_l11_x1051_y52_filtered.tiff,8,2256444,21323132,1592024868
images/20190621_p173_slide4_ac1_vz_s1_p1_r16_a16_ac_full_l5_x605_y427_filtered.tiff,8,1245292,10247462,1594281455
images/20190715_p176_slide14_ac1_vz_s1_p1_r4_a4_ac_full_l38_x2040_y613_filtered.tiff,8,2056675,17265572,1595526888
images/20190710_p176_slide23_ac1_vz_s1_p1_r6_a6_ac_full_l46_x2253_y974_filtered.tiff,8,767886,8180228,1597583705
images/20190708_p173_slide26_ac1_vz_s1_p5_r78_a78_ac_full_l4_x405_y266_comp.tiff,8,1570249,16245674,1598351733
images/20190711_p176_slide39_ac1_vz_s1_p1_r6_a6_ac_full_l4_x458_y663_comp.tiff,8,888433,9521120,1599922120
images/20190708_p173_slide26_ac1_vz_s1_p4_r26_a26_ac_full_l1_x0_y0_filtered.tiff,8,842589,8058644,1600810689
images/20190710_p173_slide6_ac1_vz_s1_p1_r6_a6_ac_full_l6_x250_y1129_filtered.tiff,8,322967,2763008,1601653416
images/20190620_p173_slide19_ac1_vz_s1_p1_r1_a1_ac_full_l1_x0_y0_filtered.tiff,8,814597,5129612,1601976523
images/20190711_p173_slide28_ac1_vz_s1_p1_r8_a8_ac_full_l4_x454_y0_filtered.tiff,8,50330,582858,1602791256
images/20190708_p176_slide33_ac1_vz_s1_p1_r16_a16_ac_full_l5_x303_y97_comp.tiff,8,1476187,13516766,1602841724
images/20190715_p173_slide22_ac1_vz_s1_p1_r24_a24_ac_full_l3_x113_y408_comp.tiff,8,3010424,23107724,1604318048
images/20190625_p173_slide10_ac1_vz_s1_p1_r17_a17_ac_full_l5_x96_y426_comp.tiff,8,2110450,17742932,1607328610
images/20190620_p176_slide27_ac1_vz_s1_p1_r22_a22_ac_full_l1_x0_y191_comp.tiff,8,1518493,14494130,1609439197
images/20190621_p176_slide36_ac1_vz_s1_p1_r9_a9_ac_full_l1_x40_y372_filtered.tiff,8,979384,7254272,1610957826
images/20190619_p173_slide8_ac1_vz_s1_p1_r6_a6_ac_full_l18_x1199_y420_filtered.tiff,8,1249419,11175866,1611937349
images/20190709_p176_slide11_ac1_vz_s1_p1_r15_a15_ac_full_l5_x272_y1702_filtered.tiff,8,540477,6220400,1613186909
images/20190711_p176_slide39_ac1_vz_s1_p1_r3_a3_ac_full_l1_x5_y0_filtered.tiff,8,1444986,15769844,1613727529
images/20190619_p173_slide8_ac1_vz_s1_p1_r6_a6_ac_full_l17_x1096_y11_comp.tiff,8,929786,7504376,1615172651
images/20190715_p176_slide30_ac1_vz_s1_p1_r3_a3_ac_full_l2_x167_y0_filtered.tiff,8,802783,5424392,1616102573
images/20190619_p173_slide31_ac1_vz_s1_p1_r5_a5_ac_full_l1_x0_y0_filtered.tiff,8,504736,4330646,1616905494
images/20190619_p176_slide20_ac1_vz_s1_p1_r6_a6_ac_full_l13_x615_y862_comp.tiff,8,1970067,15881228,1617410366
images/20190709_p176_slide16_ac1_vz_s1_p1_r7_a7_ac_full_l30_x1389_y740_comp.tiff,8,2294786,21071600,1619380570
images/20190715_p176_slide14_ac1_vz_s1_p1_r4_a4_ac_full_l37_x1975_y983_comp.tiff,8,1256807,11250632,1621675494
images/20190619_p173_slide31_ac1_vz_s1_p1_r5_a5_ac_full_l1_x0_y0_comp.tiff,8,498316,4330646,1622932439
images/20190715_p173_slide22_ac1_vz_s1_p1_r27_a27_ac_full_l3_x173_y0_filtered.tiff,8,1436528,13006562,1623430887
images/20190621_p173_slide13_ac1_vz_s1_p1_r17_a17_ac_full_l5_x495_y264_comp.tiff,8,757391,6464588,1624867555
images/20190708_p173_slide26_ac1_vz_s1_p6_r43_a43_ac_full_l1_x0_y0_comp.tiff,8,250488,2269940,1625625084
images/20190715_p173_slide16_ac1_vz_s1_p2_r37_a37_ac_full_l16_x1235_y259_filtered.tiff,8,170755,2034116,1625875706
images/20190625_p173_slide10_ac1_vz_s1_p1_r12_a12_ac_full_l2_x93_y0_filtered.tiff,8,409451,3180392,1626046605
images/20190715_p173_slide16_ac1_vz_s1_p1_r14_a14_ac_full_l1_x0_y2_filtered.tiff,8,781007,6445412,1626456195
images/20190715_p176_slide14_ac1_vz_s1_p1_r4_a4_ac_full_l4_x345_y1935_filtered.tiff,8,1508652,12823472,1627237340
images/20190619_p176_slide20_ac1_vz_s1_p1_r6_a6_ac_full_l6_x293_y650_comp.tiff,8,1812297,16711610,1628746133
images/20190708_p176_slide33_ac1_vz_s1_p1_r3_a3_ac_full_l1_x0_y40_comp.tiff,8,248817,1718630,1630558566
images/20190619_p176_slide43_ac1_vz_s1_p1_r4_a4_ac_full_l1_x0_y5_comp.tiff,8,1185904,12195254,1630807516
images/20190619_p173_slide8_ac1_vz_s1_p1_r6_a6_ac_full_l4_x194_y578_comp.tiff,8,555398,5165822,1631993552
images/20190620_p173_slide19_ac1_vz_s1_p1_r22_a22_ac_full_l17_x1296_y407_comp.tiff,8,442060,3561872,1632549085
images/20190620_p176_slide27_ac1_vz_s1_p1_r22_a22_ac_full_l6_x952_y284_filtered.tiff,8,893786,7683896,1632991285
images/20190715_p173_slide22_ac1_vz_s1_p1_r17_a17_ac_full_l1_x0_y281_filtered.tiff,8,676100,5110436,1633885213
images/20190710_p176_slide23_ac1_vz_s1_p1_r6_a6_ac_full_l47_x2333_y612_filtered.tiff,8,577839,6988460,1634561453
images/20190619_p176_slide20_ac1_vz_s1_p1_r6_a6_ac_full_l26_x1233_y0_comp.tiff,8,1000944,9588032,1635139434
images/20190620_p173_slide34_ac1_vz_s1_p1_r6_a6_ac_full_l4_x361_y0_filtered.tiff,8,1471210,12787772,1636140514
images/20190709_p176_slide11_ac1_vz_s1_p1_r15_a15_ac_full_l27_x1404_y1754_filtered.tiff,8,1134592,11147408,1637611862
images/20190708_p173_slide26_ac1_vz_s1_p5_r77_a77_ac_full_l2_x109_y298_filtered.tiff,8,85506,643344,1638746599
images/20190708_p173_slide26_ac1_vz_s1_p6_r63_a63_ac_full_l3_x371_y303_comp.tiff,8,278082,2977412,1638832247
images/20190619_p176_slide20_ac1_vz_s1_p1_r6_a6_ac_full_l29_x1495_y279_filtered.tiff,8,774272,6980096,1639110467
images/20190715_p173_slide16_ac1_vz_s1_p1_r12_a12_ac_full_l5_x354_y174_comp.tiff,8,1179441,9965024,1639884881
images/20190715_p176_slide14_ac1_vz_s1_p1_r4_a4_ac_full_l21_x963_y1782_comp.tiff,8,3535403,28627556,1641064460
images/20190709_p176_slide11_ac1_vz_s1_p1_r15_a15_ac_full_l7_x495_y1030_comp.tiff,8,233130,2024834,1644600001
images/20190619_p176_slide43_ac1_vz_s1_p1_r9_a9_ac_full_l1_x0_y0_comp.tiff,8,2359462,20981636,1644833270
images/20190619_p173_slide31_ac1_vz_s1_p1_r11_a11_ac_full_l2_x217_y72_comp.tiff,8,1378767,10419128,1647192864
images/20190620_p173_slide19_ac1_vz_s1_p1_r2_a2_ac_full_l1_x0_y0_comp.tiff,8,1112302,6972650,1648571768
images/20190619_p176_slide43_ac1_vz_s1_p1_r9_a9_ac_full_l1_x0_y0_filtered.tiff,8,2401942,20981636,1649684202
images/20190715_p176_slide30_ac1_vz_s1_p1_r3_a3_ac_full_l2_x167_y0_comp.tiff,8,778280,5424392,1652086280
images/20190715_p176_slide14_ac1_vz_s1_p1_r4_a4_ac_full_l15_x748_y1538_filtered.tiff,8,2294324,17360024,1652864694
images/20190710_p173_slide6_ac1_vz_s1_p1_r6_a6_ac_full_l10_x370_y131_comp.tiff,8,911838,8703998,1655159160
images/20190623_p176_slide14_ac1_vz_s1_p1_r5_a5_ac_full_l1_x9_y0_comp.tiff,8,386216,2357864,1656071134
images/20190708_p176_slide33_ac1_vz_s1_p1_r16_a16_ac_full_l2_x88_y237_filtered.tiff,8,1339096,10519190,1656457482
images/20190710_p173_slide6_ac1_vz_s1_p1_r6_a6_ac_full_l11_x416_y499_comp.tiff,8,1386859,13590512,1657796719
images/20190709_p176_slide16_ac1_vz_s1_p1_r7_a7_ac_full_l33_x1589_y2307_filtered.tiff,8,452771,4474772,1659183714
images/20190620_p173_slide19_ac1_vz_s1_p1_r12_a12_ac_full_l32768_x0_y0_filtered.tiff,8,213782,2332466,1659636628
images/20190709_p176_slide16_ac1_vz_s1_p1_r7_a7_ac_full_l29_x1412_y448_comp.tiff,8,1127290,10880576,1659850552
images/20190715_p176_slide14_ac1_vz_s1_p1_r4_a4_ac_full_l22_x1100_y251_filtered.tiff,8,1705219,15657644,1660977980
images/20190710_p176_slide8_ac1_vz_s1_p1_r14_a14_ac_full_l5_x328_y958_comp.tiff,8,1796752,16990172,1662683341
images/20190619_p173_slide8_ac1_vz_s1_p1_r6_a6_ac_full_l12_x616_y997_comp.tiff,8,1815075,18291896,1664480230
images/20190619_p176_slide20_ac1_vz_s1_p1_r6_a6_ac_full_l1_x48_y635_comp.tiff,8,445944,5213252,1666295441
images/20190619_p176_slide20_ac1_vz_s1_p1_r6_a6_ac_full_l28_x1362_y1123_comp.tiff,8,1896321,15741488,1666741520
images/20190715_p173_slide22_ac1_vz_s1_p1_r1_a1_ac_full_l1_x0_y0_comp.tiff,8,1170035,9265712,1668637980
images/20190709_p176_slide16_ac1_vz_s1_p1_r7_a7_ac_full_l12_x659_y1979_filtered.tiff,8,958467,9461552,1669808147
images/20190715_p176_slide14_ac1_vz_s1_p1_r4_a4_ac_full_l9_x642_y233_filtered.tiff,8,530686,4923980,1670766756
images/20190620_p173_slide19_ac1_vz_s1_p1_r22_a22_ac_full_l7_x289_y94_comp.tiff,8,746078,4361348,1671297582
images/20190715_p176_slide30_ac1_vz_s1_p1_r16_a16_ac_full_l4_x252_y865_filtered.tiff,8,2309498,19794968,1672043797
images/20190621_p173_slide13_ac1_vz_s1_p1_r8_a8_ac_full_l6_x274_y451_comp.tiff,8,492286,4377362,1674353437
images/20190709_p176_slide11_ac1_vz_s1_p1_r15_a15_ac_full_l21_x834_y1435_comp.tiff,8,2457693,23680148,1674845859
images/20190715_p176_slide14_ac1_vz_s1_p1_r4_a4_ac_full_l13_x616_y2164_comp.tiff,8,1381441,13407524,1677303692
images/20190715_p176_slide14_ac1_vz_s1_p1_r4_a4_ac_full_l28_x1484_y384_comp.tiff,8,1098543,10615580,1678685271
images/20190620_p176_slide27_ac1_vz_s1_p1_r22_a22_ac_full_l5_x888_y66_filtered.tiff,8,785382,6928280,1679783952
images/20190715_p173_slide16_ac1_vz_s1_p2_r37_a37_ac_full_l12_x1006_y1322_filtered.tiff,8,388129,3338084,1680569475
images/20190708_p173_slide26_ac1_vz_s1_p5_r73_a73_ac_full_l1_x2_y0_filtered.tiff,8,262577,2535344,1680957749
images/20190711_p173_slide28_ac1_vz_s1_p1_r13_a13_ac_full_l5_x571_y153_filtered.tiff,8,2166447,17749052,1681220464
images/20190621_p173_slide13_ac1_vz_s1_p1_r8_a8_ac_full_l9_x463_y460_filtered.tiff,8,2812395,23530616,1683387053
images/20190709_p176_slide16_ac1_vz_s1_p1_r7_a7_ac_full_l2_x97_y1467_filtered.tiff,8,1700883,15425900,1686199588
images/20190709_p176_slide16_ac1_vz_s1_p1_r7_a7_ac_full_l33_x1589_y2307_comp.tiff,8,445183,4474772,1687900611
images/20190715_p176_slide30_ac1_vz_s1_p1_r16_a16_ac_full_l1_x0_y96_comp.tiff,8,2081274,18646856,1688345933
images/20190619_p176_slide20_ac1_vz_s1_p1_r6_a6_ac_full_l42_x2202_y1325_filtered.tiff,8,1106170,10531532,1690427342
images/20190715_p173_slide16_ac1_vz_s1_p1_r9_a9_ac_full_l1_x17_y0_comp.tiff,8,479331,4421834,1691533655
images/20190619_p173_slide8_ac1_vz_s1_p1_r6_a6_ac_full_l16_x1051_y479_comp.tiff,8,948775,9425852,1692013119
images/20190715_p173_slide16_ac1_vz_s1_p2_r37_a37_ac_full_l15_x1094_y983_comp.tiff,8,1036372,9142190,1692962031
images/20190709_p176_slide11_ac1_vz_s1_p1_r15_a15_ac_full_l27_x1404_y1754_comp.tiff,8,1123928,11147408,1693998543
images/20190715_p176_slide14_ac1_vz_s1_p1_r4_a4_ac_full_l13_x616_y2164_filtered.tiff,8,1398306,13407524,1695122612
images/20190711_p173_slide28_ac1_vz_s1_p1_r8_a8_ac_full_l2_x253_y323_comp.tiff,8,1346256,9601496,1696521060
images/20190620_p173_slide19_ac1_vz_s1_p1_r22_a22_ac_full_l17_x1296_y407_filtered.tiff,8,448841,3561872,1697867452
images/20190620_p173_slide19_ac1_vz_s1_p1_r22_a22_ac_full_l16_x1215_y515_filtered.tiff,8,371323,3384902,1698316437
images/20190715_p176_slide30_ac1_vz_s1_p1_r11_a11_ac_full_l1_x0_y0_filtered.tiff,8,345786,2817884,1698687904
images/20190620_p176_slide27_ac1_vz_s1_p1_r18_a18_ac_full_l3_x198_y0_comp.tiff,8,723960,5011292,1699033828
images/20190715_p176_slide14_ac1_vz_s1_p1_r4_a4_ac_full_l25_x1371_y147_comp.tiff,8,1133446,10158212,1699757924
images/20190715_p173_slide16_ac1_vz_s1_p1_r12_a12_ac_full_l2_x70_y63_comp.tiff,8,1086990,9666062,1700891508
images/20190715_p176_slide30_ac1_vz_s1_p1_r16_a16_ac_full_l9_x1079_y1360_filtered.tiff,8,94334,803587,1701978634
images/20190715_p173_slide16_ac1_vz_s1_p1_r8_a8_ac_full_l2_x80_y373_comp.tiff,8,131695,1086127,1702073112
images/20190625_p173_slide10_ac1_vz_s1_p1_r5_a5_ac_full_l32768_x0_y0_comp.tiff,8,183074,2256476,1702204942
images/20190715_p173_slide16_ac1_vz_s1_p2_r37_a37_ac_full_l3_x89_y542_comp.tiff,8,511718,4576058,1702388152
images/20190619_p173_slide8_ac1_vz_s1_p1_r6_a6_ac_full_l19_x1300_y175_filtered.tiff,8,1074526,8873522,1702900007
images/20190715_p176_slide30_ac1_vz_s1_p1_r16_a16_ac_full_l1_x0_y96_filtered.tiff,8,2109076,18646856,1703974674
images/20190711_p173_slide28_ac1_vz_s1_p1_r8_a8_ac_full_l5_x511_y143_comp.tiff,8,1404228,9793052,1706083889
images/20190709_p176_slide16_ac1_vz_s1_p1_r7_a7_ac_full_l19_x879_y765_filtered.tiff,8,3947991,34721852,1707488253
images/20190708_p173_slide26_ac1_vz_s1_p4_r15_a15_ac_full_l1_x0_y137_filtered.tiff,8,420670,3754142,1711436385
images/20190715_p173_slide16_ac1_vz_s1_p2_r37_a37_ac_full_l13_x1127_y1299_comp.tiff,8,308137,3146732,1711857195
images/20190619_p176_slide20_ac1_vz_s1_p1_r6_a6_ac_full_l15_x706_y1521_filtered.tiff,8,1590572,13367132,1712165473
images/20190715_p173_slide22_ac1_vz_s1_p1_r16_a16_ac_full_l1_x0_y0_filtered.tiff,8,787682,5879108,1713756187
images/20190621_p173_slide4_ac1_vz_s1_p1_r16_a16_ac_full_l6_x721_y194_comp.tiff,8,1045273,7525796,1714544007
images/20190621_p173_slide13_ac1_vz_s1_p1_r17_a17_ac_full_l6_x716_y73_comp.tiff,8,1445044,11029190,1715589417
images/20190625_p173_slide10_ac1_vz_s1_p1_r9_a9_ac_full_l2_x111_y191_filtered.tiff,8,585904,4700192,1717034598
images/20190715_p176_slide14_ac1_vz_s1_p1_r4_a4_ac_full_l23_x1069_y1417_comp.tiff,8,2571815,19780484,1717620642
images/20190710_p176_slide8_ac1_vz_s1_p1_r14_a14_ac_full_l3_x99_y784_comp.tiff,8,1068736,10287344,1720192596
images/20190711_p173_slide28_ac1_vz_s1_p1_r13_a13_ac_full_l1_x0_y190_filtered.tiff,8,1450818,10681472,1721261468
images/20190709_p176_slide16_ac1_vz_s1_p1_r7_a7_ac_full_l10_x575_y337_filtered.tiff,8,666448,5888288,1722712426
images/20190715_p173_slide16_ac1_vz_s1_p1_r12_a12_ac_full_l4_x321_y514_filtered.tiff,8,528262,4511900,1723379015
images/20190709_p176_slide16_ac1_vz_s1_p1_r7_a7_ac_full_l32_x1570_y63_comp.tiff,8,617041,6584132,1723907419
images/20190621_p173_slide13_ac1_vz_s1_p1_r8_a8_ac_full_l11_x798_y561_comp.tiff,8,2216017,18473660,1724524597
images/20190715_p176_slide14_ac1_vz_s1_p1_r4_a4_ac_full_l16_x855_y74_filtered.tiff,8,676356,6496820,1726740751
images/20190619_p173_slide8_ac1_vz_s1_p1_r6_a6_ac_full_l6_x163_y357_filtered.tiff,8,793095,7831388,1727417247
images/20190710_p176_slide8_ac1_vz_s1_p1_r14_a14_ac_full_l10_x860_y1228_filtered.tiff,8,1290518,12678224,1728210481
images/20190708_p173_slide26_ac1_vz_s1_p4_r5_a5_ac_full_l2_x0_y282_comp.tiff,8,2611280,22997972,1729501142
images/20190709_p176_slide16_ac1_vz_s1_p1_r7_a7_ac_full_l22_x959_y1855_filtered.tiff,8,3109065,27719552,1732112556
images/20190620_p173_slide34_ac1_vz_s1_p1_r8_a8_ac_full_l2_x2_y128_comp.tiff,8,518999,4168772,1735221763
images/20190715_p176_slide14_ac1_vz_s1_p1_r4_a4_ac_full_l17_x868_y350_comp.tiff,8,813978,8081798,1735740896
images/20190715_p176_slide30_ac1_vz_s1_p1_r3_a3_ac_full_l1_x0_y91_filtered.tiff,8,977125,7276100,1736555011
images/20190715_p173_slide16_ac1_vz_s1_p1_r12_a12_ac_full_l1_x0_y270_filtered.tiff,8,2227051,16509140,1737532273
images/20190619_p176_slide20_ac1_vz_s1_p1_r6_a6_ac_full_l39_x2000_y218_comp.tiff,8,1184736,11930972,1739759464
images/20190620_p176_slide27_ac1_vz_s1_p1_r22_a22_ac_full_l6_x952_y284_comp.tiff,8,876273,7683896,1740944338
images/20190710_p176_slide23_ac1_vz_s1_p1_r6_a6_ac_full_l36_x1600_y1436_comp.tiff,8,767482,8554568,1741820749
images/20190620_p173_slide19_ac1_vz_s1_p1_r22_a22_ac_full_l7_x289_y94_filtered.tiff,8,758372,4361348,1742588370
images/20190625_p173_slide10_ac1_vz_s1_p1_r18_a18_ac_full_l1_x13_y10_filtered.tiff,8,1899981,14294312,1743346883
images/20190621_p173_slide4_ac1_vz_s1_p1_r16_a16_ac_full_l3_x263_y238_filtered.tiff,8,1593017,11754512,1745247004
images/20190619_p176_slide20_ac1_vz_s1_p1_r6_a6_ac_full_l35_x1785_y123_filtered.tiff,8,916466,8430638,1746840162
images/20190709_p176_slide16_ac1_vz_s1_p1_r7_a7_ac_full_l31_x1579_y291_filtered.tiff,8,604635,5591366,1747756770
images/20190715_p176_slide14_ac1_vz_s1_p1_r4_a4_ac_full_l20_x946_y697_comp.tiff,8,3669218,32123096,1748361547
images/20190620_p173_slide19_ac1_vz_s1_p1_r22_a22_ac_full_l8_x391_y60_comp.tiff,8,1007141,7106372,1752030902
images/20190710_p176_slide23_ac1_vz_s1_p1_r6_a6_ac_full_l25_x1176_y25_comp.tiff,8,839346,10471148,1753038180
images/20190715_p173_slide22_ac1_vz_s1_p1_r6_a6_ac_full_l2_x30_y183_comp.tiff,8,771815,5810768,1753877663
images/20190715_p176_slide14_ac1_vz_s1_p1_r4_a4_ac_full_l5_x357_y1169_comp.tiff,8,1891178,17069426,1754649613
images/20190710_p173_slide36_ac1_vz_s1_p1_r1_a1_ac_full_l1_x0_y0_comp.tiff,8,584581,5492222,1756540928
images/20190708_p173_slide26_ac1_vz_s1_p5_r67_a67_ac_full_l1_x0_y0_filtered.tiff,8,952350,8822012,1757125641
images/20190625_p173_slide10_ac1_vz_s1_p1_r18_a18_ac_full_l9_x542_y250_comp.tiff,8,1715282,12593564,1758078129
images/20190710_p176_slide23_ac1_vz_s1_p1_r6_a6_ac_full_l19_x994_y1524_comp.tiff,8,129139,2006372,1759793549
images/20190715_p173_slide16_ac1_vz_s1_p2_r37_a37_ac_full_l8_x670_y991_filtered.tiff,8,1183667,8643104,1759922826
images/20190710_p176_slide23_ac1_vz_s1_p1_r6_a6_ac_full_l9_x596_y1265_filtered.tiff,8,134435,1382437,1761106635
images/20190711_p176_slide2_ac1_vz_s1_p1_r4_a4_ac_full_l32768_x0_y0_comp.tiff,8,278535,1872752,1761241211
images/20190709_p176_slide47_ac1_vz_s1_p1_r4_a4_ac_full_l1_x0_y13_comp.tiff,8,832732,7204292,1761519881
images/20190708_p173_slide26_ac1_vz_s1_p6_r59_a59_ac_full_l3_x349_y78_comp.tiff,8,899899,9861902,1762352746
images/20190708_p173_slide26_ac1_vz_s1_p6_r43_a43_ac_full_l1_x0_y0_filtered.tiff,8,253540,2269940,1763252782
images/20190620_p176_slide5_ac1_vz_s1_p1_r7_a7_ac_full_l1_x0_y0_comp.tiff,8,879573,7662170,1763506460
images/20190620_p176_slide27_ac1_vz_s1_p1_r13_a13_ac_full_l1_x10_y23_comp.tiff,8,965171,8315480,1764386164
images/20190620_p176_slide27_ac1_vz_s1_p1_r5_a5_ac_full_l1_x0_y13_comp.tiff,8,1457485,12466268,1765351471
images/20190711_p176_slide39_ac1_vz_s1_p1_r6_a6_ac_full_l1_x81_y418_filtered.tiff,8,155654,2132648,1766809089
images/20190625_p173_slide10_ac1_vz_s1_p1_r3_a3_ac_full_l1_x12_y0_filtered.tiff,8,1042377,9004388,1766964882
images/20190709_p176_slide16_ac1_vz_s1_p1_r7_a7_ac_full_l37_x1814_y146_comp.tiff,8,750822,8003870,1768007396
images/20190619_p176_slide20_ac1_vz_s1_p1_r6_a6_ac_full_l15_x706_y1521_comp.tiff,8,1567995,13367132,1768758356
images/20190620_p176_slide27_ac1_vz_s1_p1_r8_a8_ac_full_l32768_x0_y0_comp.tiff,8,343838,3087062,1770326489
images/20190708_p173_slide26_ac1_vz_s1_p6_r39_a39_ac_full_l1_x0_y0_comp.tiff,8,633456,6232028,1770670463
images/20190625_p173_slide10_ac1_vz_s1_p1_r11_a11_ac_full_l1_x0_y0_filtered.tiff,8,344862,2697422,1771304053
images/20190621_p176_slide36_ac1_vz_s1_p1_r12_a12_ac_full_l1_x0_y0_comp.tiff,8,3589841,27080012,1771649053
images/20190621_p173_slide13_ac1_vz_s1_p1_r1_a1_ac_full_l1_x0_y1_comp.tiff,8,1245034,10144340,1775239028
images/20190621_p173_slide13_ac1_vz_s1_p1_r8_a8_ac_full_l1_x0_y899_comp.tiff,8,1514196,9944828,1776484194
images/20190715_p173_slide22_ac1_vz_s1_p1_r20_a20_ac_full_l1_x0_y0_comp.tiff,8,1957925,16418564,1777998524
images/20190619_p176_slide43_ac1_vz_s1_p1_r9_a9_ac_full_l2_x346_y217_comp.tiff,8,1917575,15752708,1779956583
images/20190709_p173_slide2_ac1_vz_s1_p1_r11_a11_ac_full_l3_x174_y143_comp.tiff,8,1074111,9803762,1781874294
images/20190710_p173_slide6_ac1_vz_s1_p1_r6_a6_ac_full_l14_x751_y1253_filtered.tiff,8,1621474,14442416,1782948542
images/20190620_p176_slide5_ac1_vz_s1_p1_r8_a8_ac_full_l1_x0_y0_filtered.tiff,8,1098806,8028146,1784570157
images/20190711_p173_slide28_ac1_vz_s1_p1_r13_a13_ac_full_l4_x387_y130_comp.tiff,8,1083459,7008452,1785669098
images/20190715_p176_slide14_ac1_vz_s1_p1_r4_a4_ac_full_l12_x636_y1878_filtered.tiff,8,1346769,11281844,1786752695
images/20190620_p176_slide27_ac1_vz_s1_p1_r12_a12_ac_full_l32768_x0_y0_filtered.tiff,8,149658,2580836,1788099606
images/20190715_p173_slide16_ac1_vz_s1_p2_r37_a37_ac_full_l1_x0_y246_comp.tiff,8,1019690,8998574,1788249406
images/20190619_p176_slide20_ac1_vz_s1_p1_r6_a6_ac_full_l24_x1226_y1808_comp.tiff,8,412427,4296068,1789269232
images/20190620_p176_slide27_ac1_vz_s1_p1_r22_a22_ac_full_l3_x377_y13_comp.tiff,8,1762831,14930180,1789681798
images/20190619_p176_slide20_ac1_vz_s1_p1_r6_a6_ac_full_l43_x2368_y936_comp.tiff,8,1113497,12020936,1791444766
images/20190621_p173_slide13_ac1_vz_s1_p1_r8_a8_ac_full_l11_x798_y561_filtered.tiff,8,2235306,18473660,1792558401
images/20190708_p173_slide26_ac1_vz_s1_p4_r5_a5_ac_full_l1_x0_y122_comp.tiff,8,320025,3609404,1794793848
images/20190715_p173_slide16_ac1_vz_s1_p1_r4_a4_ac_full_l2_x84_y92_comp.tiff,8,632815,5462336,1795114007
images/20190715_p173_slide16_ac1_vz_s1_p1_r17_a17_ac_full_l2_x0_y293_filtered.tiff,8,1048226,9980834,1795746956
images/20190708_p173_slide26_ac1_vz_s1_p4_r22_a22_ac_full_l32768_x0_y0_filtered.tiff,8,216614,2805542,1796795322
images/20190715_p176_slide14_ac1_vz_s1_p1_r4_a4_ac_full_l11_x587_y884_filtered.tiff,8,1872183,15878372,1797012078
images/20190715_p173_slide16_ac1_vz_s1_p1_r17_a17_ac_full_l1_x20_y52_filtered.tiff,8,704216,6642884,1798884402
images/20190709_p176_slide16_ac1_vz_s1_p1_r7_a7_ac_full_l14_x695_y1315_filtered.tiff,8,1138487,11408732,1799588758
images/20190625_p173_slide10_ac1_vz_s1_p1_r9_a9_ac_full_l3_x238_y0_comp.tiff,8,930942,7353212,1800727387
images/20190709_p176_slide11_ac1_vz_s1_p1_r15_a15_ac_full_l26_x1222_y1251_comp.tiff,8,1402235,12465248,1801658463
images/20190711_p173_slide28_ac1_vz_s1_p1_r4_a4_ac_full_l1_x2_y0_comp.tiff,8,1239354,10510826,1803060839
images/20190709_p176_slide16_ac1_vz_s1_p1_r7_a7_ac_full_l36_x1699_y376_comp.tiff,8,2335943,20960216,1804300325
images/20190709_p176_slide16_ac1_vz_s1_p1_r7_a7_ac_full_l4_x258_y441_filtered.tiff,8,300386,3265154,1806636406
images/20190620_p173_slide19_ac1_vz_s1_p1_r22_a22_ac_full_l14_x887_y437_comp.tiff,8,1391975,11977892,1806936932
images/20190715_p173_slide16_ac1_vz_s1_p2_r30_a30_ac_full_l2_x134_y0_filtered.tiff,8,1467605,12321224,1808329046
images/20190621_p173_slide13_ac1_vz_s1_p1_r8_a8_ac_full_l6_x274_y451_filtered.tiff,8,500398,4377362,1809796791
images/20190711_p176_slide2_ac1_vz_s1_p1_r2_a2_ac_full_l1_x0_y0_comp.tiff,8,448246,3689270,1810297329
images/20190715_p173_slide16_ac1_vz_s1_p1_r2_a2_ac_full_l2_x130_y0_comp.tiff,8,691872,5862380,1810745706
images/20190715_p173_slide22_ac1_vz_s1_p1_r17_a17_ac_full_l2_x50_y0_filtered.tiff,8,1417424,10796018,1811437712
images/20190709_p176_slide11_ac1_vz_s1_p1_r15_a15_ac_full_l29_x1428_y715_comp.tiff,8,1406295,12811436,1812855275
images/20190711_p176_slide39_ac1_vz_s1_p1_r6_a6_ac_full_l6_x730_y494_filtered.tiff,8,2061775,20941448,1814261710
images/20190620_p173_slide19_ac1_vz_s1_p1_r22_a22_ac_full_l2_x5_y0_comp.tiff,8,1238698,10129856,1816323625
images/20190710_p176_slide8_ac1_vz_s1_p1_r2_a2_ac_full_l1_x0_y0_filtered.tiff,8,752502,7664516,1817562457
images/20190715_p173_slide16_ac1_vz_s1_p1_r4_a4_ac_full_l1_x0_y0_filtered.tiff,8,335586,3200996,1818315094
images/20190625_p173_slide10_ac1_vz_s1_p1_r18_a18_ac_full_l1_x13_y10_comp.tiff,8,1864582,14294312,1818650816
images/20190620_p173_slide19_ac1_vz_s1_p1_r10_a10_ac_full_l1_x0_y0_filtered.tiff,8,309390,2301254,1820515534
images/20190709_p176_slide16_ac1_vz_s1_p1_r7_a7_ac_full_l9_x421_y508_filtered.tiff,8,1688447,17616248,1820825062
images/20190621_p176_slide36_ac1_vz_s1_p1_r5_a5_ac_full_l2_x111_y0_comp.tiff,8,503766,4147964,1822513649
images/20190708_p176_slide33_ac1_vz_s1_p1_r10_a10_ac_full_l1_x0_y0_comp.tiff,8,2085937,16862060,1823017549
images/20190715_p173_slide16_ac1_vz_s1_p1_r17_a17_ac_full_l3_x113_y600_filtered.tiff,8,513006,4503536,1825103620
images/20190619_p173_slide8_ac1_vz_s1_p1_r6_a6_ac_full_l2_x34_y674_comp.tiff,8,487886,4230992,1825616768
images/20190619_p173_slide31_ac1_vz_s1_p1_r15_a15_ac_full_l1_x0_y0_comp.tiff,8,368868,3419378,1826104788
images/20190619_p176_slide20_ac1_vz_s1_p1_r6_a6_ac_full_l43_x2368_y936_filtered.tiff,8,1127312,12020936,1826473790
images/20190708_p173_slide26_ac1_vz_s1_p5_r67_a67_ac_full_l1_x0_y0_comp.tiff,8,946204,8822012,1827601244
images/20190625_p173_slide10_ac1_vz_s1_p1_r12_a12_ac_full_l1_x0_y122_comp.tiff,8,1328018,11099060,1828547582
images/20190709_p176_slide16_ac1_vz_s1_p1_r7_a7_ac_full_l18_x1034_y1351_filtered.tiff,8,300222,3184472,1829875736
images/20190620_p173_slide34_ac1_vz_s1_p1_r9_a9_ac_full_l32768_x0_y0_comp.tiff,8,164158,2062982,1830176101
images/20190621_p173_slide13_ac1_vz_s1_p1_r8_a8_ac_full_l5_x172_y197_comp.tiff,8,998848,7717250,1830340395
images/20190709_p176_slide11_ac1_vz_s1_p1_r15_a15_ac_full_l8_x513_y962_comp.tiff,8,440948,3408872,1831339379
images/20190709_p176_slide47_ac1_vz_s1_p1_r5_a5_ac_full_l1_x4_y0_filtered.tiff,8,1007371,9538052,1831780465
images/20190710_p176_slide23_ac1_vz_s1_p1_r6_a6_ac_full_l18_x926_y94_filtered.tiff,8,937280,10660256,1832787972
images/20190709_p176_slide16_ac1_vz_s1_p1_r7_a7_ac_full_l27_x1337_y1136_comp.tiff,8,1965519,17822594,1833725392
images/20190711_p173_slide28_ac1_vz_s1_p1_r8_a8_ac_full_l5_x511_y143_filtered.tiff,8,1437708,9793052,1835691050
images/20190715_p176_slide30_ac1_vz_s1_p1_r16_a16_ac_full_l10_x1082_y1420_comp.tiff,8,63636,560928,1837128898
images/20190715_p176_slide14_ac1_vz_s1_p1_r4_a4_ac_full_l4_x345_y1935_comp.tiff,8,1477282,12823472,1837192675
images/20190710_p176_slide23_ac1_vz_s1_p1_r6_a6_ac_full_l46_x2253_y974_comp.tiff,8,747495,8180228,1838670094
images/20190709_p176_slide16_ac1_vz_s1_p1_r7_a7_ac_full_l13_x622_y2246_comp.tiff,8,1325638,13956284,1839417727
images/20190715_p176_slide14_ac1_vz_s1_p1_r4_a4_ac_full_l24_x1247_y2221_filtered.tiff,8,1223868,10403420,1840743503
images/20190715_p176_slide14_ac1_vz_s1_p1_r4_a4_ac_full_l30_x1552_y2176_comp.tiff,8,927417,8823542,1841967514
images/20190715_p176_slide14_ac1_vz_s1_p1_r4_a4_ac_full_l2_x101_y1380_comp.tiff,8,1684982,14894072,1842895070
images/20190711_p173_slide28_ac1_vz_s1_p1_r1_a1_ac_full_l1_x0_y0_filtered.tiff,8,581315,3962018,1844580189
images/20190620_p173_slide19_ac1_vz_s1_p1_r22_a22_ac_full_l10_x625_y22_filtered.tiff,8,501719,3613892,1845161640
images/20190710_p173_slide36_ac1_vz_s1_p1_r7_a7_ac_full_l1_x0_y0_comp.tiff,8,608809,5916746,1845663501
images/20190709_p176_slide16_ac1_vz_s1_p1_r7_a7_ac_full_l8_x365_y1630_filtered.tiff,8,2059198,19780484,1846272442
images/20190709_p176_slide16_ac1_vz_s1_p1_r7_a7_ac_full_l3_x182_y1886_comp.tiff,8,398819,4042802,1848331781
images/20190710_p176_slide8_ac1_vz_s1_p1_r14_a14_ac_full_l1_x22_y568_filtered.tiff,8,324126,2848178,1848730737
images/20190625_p173_slide10_ac1_vz_s1_p1_r18_a18_ac_full_l2_x261_y260_comp.tiff,8,1145332,8582822,1849055003
images/20190715_p176_slide14_ac1_vz_s1_p1_r4_a4_ac_full_l27_x1390_y1075_filtered.tiff,8,1876563,16028924,1850200473
images/20190710_p173_slide6_ac1_vz_s1_p1_r6_a6_ac_full_l8_x238_y433_comp.tiff,8,863604,6848516,1852077179
images/20190621_p173_slide4_ac1_vz_s1_p1_r16_a16_ac_full_l7_x861_y0_filtered.tiff,8,1482360,11573972,1852940918
images/20190621_p173_slide13_ac1_vz_s1_p1_r8_a8_ac_full_l9_x463_y460_comp.tiff,8,2768078,23530616,1854423417
images/20190619_p176_slide20_ac1_vz_s1_p1_r6_a6_ac_full_l6_x293_y650_filtered.tiff,8,1831105,16711610,1857191631
images/20190621_p176_slide36_ac1_vz_s1_p1_r12_a12_ac_full_l2_x226_y405_comp.tiff,8,3910951,29500676,1859022876
images/20190715_p176_slide14_ac1_vz_s1_p1_r4_a4_ac_full_l33_x1603_y1376_comp.tiff,8,1976896,20069756,1862933965
images/20190709_p176_slide16_ac1_vz_s1_p1_r7_a7_ac_full_l25_x1278_y210_comp.tiff,8,1086313,10256642,1864911000
images/20190715_p176_slide14_ac1_vz_s1_p1_r4_a4_ac_full_l40_x2245_y1193_comp.tiff,8,903398,8790596,1865997451
images/20190709_p176_slide11_ac1_vz_s1_p1_r15_a15_ac_full_l13_x710_y503_filtered.tiff,8,482143,4686116,1866900988
images/20190620_p176_slide27_ac1_vz_s1_p1_r6_a6_ac_full_l1_x0_y7_filtered.tiff,8,992398,8860772,1867383274
images/20190619_p173_slide8_ac1_vz_s1_p1_r6_a6_ac_full_l19_x1300_y175_comp.tiff,8,1065973,8873522,1868375808
images/20190619_p176_slide20_ac1_vz_s1_p1_r6_a6_ac_full_l7_x376_y262_filtered.tiff,8,518170,5275064,1869441918
images/20190715_p173_slide16_ac1_vz_s1_p2_r31_a31_ac_full_l1_x0_y0_filtered.tiff,8,413431,3497714,1869960228
images/20190710_p176_slide23_ac1_vz_s1_p1_r6_a6_ac_full_l7_x461_y2066_comp.tiff,8,1084545,11365892,1870373797
images/20190708_p173_slide26_ac1_vz_s1_p4_r31_a31_ac_full_l4_x867_y0_filtered.tiff,8,718415,7833530,1871458479
images/20190708_p173_slide26_ac1_vz_s1_p5_r70_a70_ac_full_l1_x0_y0_filtered.tiff,8,1236477,12704948,1872177034
images/20190619_p176_slide20_ac1_vz_s1_p1_r6_a6_ac_full_l21_x1121_y1969_comp.tiff,8,863384,7671554,1873413649
images/20190709_p176_slide16_ac1_vz_s1_p1_r7_a7_ac_full_l34_x1571_y1467_comp.tiff,8,1692013,18303524,1874277172
images/20190709_p173_slide2_ac1_vz_s1_p1_r11_a11_ac_full_l2_x197_y439_filtered.tiff,8,311883,3494348,1875969324
images/20190621_p176_slide36_ac1_vz_s1_p1_r5_a5_ac_full_l1_x0_y115_comp.tiff,8,616774,4988852,1876281348
images/20190708_p173_slide39_ac1_vz_s1_p1_r4_a4_ac_full_l32768_x0_y0_filtered.tiff,8,87898,672720,1876898256
images/20190621_p176_slide36_ac1_vz_s1_p1_r9_a9_ac_full_l2_x0_y0_filtered.tiff,8,2326767,17222426,1876986294
images/20190621_p173_slide4_ac1_vz_s1_p1_r12_a12_ac_full_l1_x0_y0_comp.tiff,8,798405,5882270,1879313197
images/20190709_p176_slide11_ac1_vz_s1_p1_r15_a15_ac_full_l22_x1157_y84_filtered.tiff,8,494504,5615540,1880111735
images/20190710_p176_slide23_ac1_vz_s1_p1_r6_a6_ac_full_l30_x1386_y477_comp.tiff,8,622664,7775492,1880606382
images/20190715_p176_slide14_ac1_vz_s1_p1_r4_a4_ac_full_l31_x1707_y59_filtered.tiff,8,345993,3359912,1881229184
images/20190620_p176_slide27_ac1_vz_s1_p1_r9_a9_ac_full_l32768_x0_y0_comp.tiff,8,267957,3256484,1881575318
images/20190619_p173_slide8_ac1_vz_s1_p1_r6_a6_ac_full_l14_x714_y0_filtered.tiff,8,1734573,14276564,1881843411
images/20190708_p176_slide33_ac1_vz_s1_p1_r2_a2_ac_full_l1_x0_y0_filtered.tiff,8,2505653,17786180,1883578122
images/20190708_p173_slide26_ac1_vz_s1_p6_r50_a50_ac_full_l1_x0_y0_filtered.tiff,8,167066,1691396,1886083911
images/20190708_p173_slide26_ac1_vz_s1_p4_r31_a31_ac_full_l1_x0_y91_filtered.tiff,8,755489,7633916,1886251115
images/20190709_p176_slide11_ac1_vz_s1_p1_r15_a15_ac_full_l29_x1428_y715_filtered.tiff,8,1434676,12811436,1887006743
images/20190709_p176_slide11_ac1_vz_s1_p1_r15_a15_ac_full_l5_x272_y1702_comp.tiff,8,524582,6220400,1888441563
images/20190619_p176_slide20_ac1_vz_s1_p1_r6_a6_ac_full_l38_x2028_y1199_filtered.tiff,8,362651,3802898,1888966284
images/20190619_p176_slide43_ac1_vz_s1_p1_r5_a5_ac_full_l1_x0_y0_comp.tiff,8,1793989,14008712,1889329078
images/20190619_p176_slide20_ac1_vz_s1_p1_r6_a6_ac_full_l36_x1813_y911_filtered.tiff,8,1268362,11441168,1891123199
images/20190708_p173_slide26_ac1_vz_s1_p6_r54_a54_ac_full_l32768_x0_y0_filtered.tiff,8,453621,4592582,1892391703
images/20190619_p176_slide20_ac1_vz_s1_p1_r6_a6_ac_full_l36_x1813_y911_comp.tiff,8,1247795,11441168,1892845466
images/20190619_p173_slide31_ac1_vz_s1_p1_r3_a3_ac_full_l1_x0_y0_filtered.tiff,8,887015,6352694,1894093399
images/20190710_p173_slide6_ac1_vz_s1_p1_r6_a6_ac_full_l3_x46_y161_comp.tiff,8,1653692,14299208,1894980550
images/20190625_p173_slide10_ac1_vz_s1_p1_r9_a9_ac_full_l4_x338_y211_filtered.tiff,8,292410,2638772,1896634376
images/20190708_p173_slide26_ac1_vz_s1_p6_r63_a63_ac_full_l3_x371_y303_filtered.tiff,8,281247,2977412,1896926926
images/20190620_p176_slide27_ac1_vz_s1_p1_r18_a18_ac_full_l3_x198_y0_filtered.tiff,8,739964,5011292,1897208315
images/20190710_p173_slide6_ac1_vz_s1_p1_r6_a6_ac_full_l8_x238_y433_filtered.tiff,8,876684,6848516,1897948419
images/20190621_p176_slide36_ac1_vz_s1_p1_r10_a10_ac_full_l1_x1_y17_comp.tiff,8,1641253,14874080,1898825242
images/20190621_p173_slide13_ac1_vz_s1_p1_r8_a8_ac_full_l8_x368_y0_filtered.tiff,8,1538998,12169448,1900466630
images/20190708_p173_slide26_ac1_vz_s1_p4_r2_a2_ac_full_l1_x1_y0_comp.tiff,8,631626,5850548,1902005766
images/20190620_p176_slide27_ac1_vz_s1_p1_r8_a8_ac_full_l32768_x0_y0_filtered.tiff,8,357328,3087062,1902637524
images/20190625_p173_slide10_ac1_vz_s1_p1_r17_a17_ac_full_l3_x113_y49_comp.tiff,8,55109,622740,1902994992
images/20190621_p173_slide13_ac1_vz_s1_p1_r17_a17_ac_full_l3_x247_y485_comp.tiff,8,4489624,34733888,1903050238
images/20190620_p176_slide27_ac1_vz_s1_p1_r4_a4_ac_full_l2_x78_y294_comp.tiff,8,1385593,11088860,1907540000
images/20190715_p173_slide16_ac1_vz_s1_p1_r8_a8_ac_full_l3_x0_y0_comp.tiff,8,1579689,15243932,1908925728
images/20190621_p173_slide13_ac1_vz_s1_p1_r8_a8_ac_full_l3_x76_y629_comp.tiff,8,1653759,12626204,1910505549
images/20190715_p176_slide14_ac1_vz_s1_p1_r4_a4_ac_full_l26_x1411_y1657_comp.tiff,8,1304726,10516436,1912159443
images/20190619_p176_slide20_ac1_vz_s1_p1_r6_a6_ac_full_l22_x1024_y1436_filtered.tiff,8,2051154,17444582,1913464308
images/20190619_p173_slide8_ac1_vz_s1_p1_r4_a4_ac_full_l1_x0_y0_filtered.tiff,8,1750223,14335724,1915515605
images/20190715_p176_slide14_ac1_vz_s1_p1_r4_a4_ac_full_l38_x2040_y613_comp.tiff,8,2031870,17265572,1917265963
images/20190620_p173_slide19_ac1_vz_s1_p1_r9_a9_ac_full_l3_x131_y0_comp.tiff,8,1451748,11247470,1919297971
images/20190711_p176_slide2_ac1_vz_s1_p1_r2_a2_ac_full_l1_x0_y0_filtered.tiff,8,454624,3689270,1920749853
images/20190715_p176_slide14_ac1_vz_s1_p1_r4_a4_ac_full_l39_x2164_y333_filtered.tiff,8,936912,9172484,1921204612
images/20190715_p173_slide16_ac1_vz_s1_p2_r37_a37_ac_full_l3_x89_y542_filtered.tiff,8,518937,4576058,1922141666
images/20190619_p176_slide20_ac1_vz_s1_p1_r6_a6_ac_full_l19_x919_y91_filtered.tiff,8,1094191,10846916,1922660744
images/20190715_p173_slide16_ac1_vz_s1_p2_r34_a34_ac_full_l1_x34_y48_filtered.tiff,8,2644849,22992974,1923755075
images/20190620_p176_slide27_ac1_vz_s1_p1_r22_a22_ac_full_l8_x1137_y75_comp.tiff,8,294664,2989754,1926400064
images/20190709_p176_slide11_ac1_vz_s1_p1_r15_a15_ac_full_l28_x1386_y985_comp.tiff,8,1820355,19393292,1926694866
images/20190620_p176_slide5_ac1_vz_s1_p1_r14_a14_ac_full_l1_x0_y128_comp.tiff,8,855828,7339136,1928515361
images/20190710_p176_slide23_ac1_vz_s1_p1_r6_a6_ac_full_l44_x2021_y587_filtered.tiff,8,584978,5994164,1929371324
images/20190619_p176_slide20_ac1_vz_s1_p1_r6_a6_ac_full_l41_x2218_y525_comp.tiff,8,1104350,10522352,1929956444
images/20190619_p176_slide20_ac1_vz_s1_p1_r6_a6_ac_full_l35_x1785_y123_comp.tiff,8,897780,8430638,1931060932
images/20190620_p176_slide27_ac1_vz_s1_p1_r4_a4_ac_full_l2_x78_y294_filtered.tiff,8,1414889,11088860,1931958850
images/20190710_p173_slide6_ac1_vz_s1_p1_r2_a2_ac_full_l32768_x0_y0_comp.tiff,8,326484,2521472,1933373878
images/20190715_p173_slide16_ac1_vz_s1_p1_r2_a2_ac_full_l1_x0_y176_comp.tiff,8,633856,5803424,1933700497
images/20190715_p176_slide14_ac1_vz_s1_p1_r4_a4_ac_full_l27_x1390_y1075_comp.tiff,8,1850447,16028924,1934334487
images/20190625_p173_slide10_ac1_vz_s1_p1_r14_a14_ac_full_l1_x17_y0_filtered.tiff,8,1650141,14709860,1936185073
images/20190619_p173_slide8_ac1_vz_s1_p1_r3_a3_ac_full_l1_x0_y0_filtered.tiff,8,722277,4980692,1937835353
images/20190708_p173_slide26_ac1_vz_s1_p6_r49_a49_ac_full_l1_x0_y0_comp.tiff,8,2389436,21692576,1938557765
images/20190620_p173_slide19_ac1_vz_s1_p1_r22_a22_ac_full_l11_x726_y102_comp.tiff,8,816134,5943572,1940947335
images/20190619_p176_slide20_ac1_vz_s1_p1_r6_a6_ac_full_l1_x48_y635_filtered.tiff,8,451342,5213252,1941763608
images/20190625_p173_slide10_ac1_vz_s1_p1_r14_a14_ac_full_l1_x17_y0_comp.tiff,8,1634253,14709860,1942215089
images/20190710_p176_slide8_ac1_vz_s1_p1_r14_a14_ac_full_l15_x1451_y22_filtered.tiff,8,845995,8582822,1943849477
images/20190620_p176_slide5_ac1_vz_s1_p1_r14_a14_ac_full_l4_x244_y289_comp.tiff,8,728089,6079844,1944695614
images/20190709_p173_slide2_ac1_vz_s1_p1_r11_a11_ac_full_l2_x197_y439_comp.tiff,8,308187,3494348,1945423840
images/20190708_p173_slide26_ac1_vz_s1_p5_r77_a77_ac_full_l6_x281_y165_comp.tiff,8,2814398,25216268,1945732164
images/20190710_p176_slide8_ac1_vz_s1_p1_r14_a14_ac_full_l9_x694_y745_comp.tiff,8,1376956,12283892,1948546700
images/20190621_p173_slide13_ac1_vz_s1_p1_r17_a17_ac_full_l1_x0_y348_comp.tiff,8,296182,1941091,1949923793
images/20190710_p176_slide23_ac1_vz_s1_p1_r6_a6_ac_full_l4_x228_y723_comp.tiff,8,279339,3395204,1950220111
images/20190715_p176_slide14_ac1_vz_s1_p1_r4_a4_ac_full_l3_x313_y767_filtered.tiff,8,875692,8763362,1950499586
images/20190711_p173_slide28_ac1_vz_s1_p1_r13_a13_ac_full_l6_x851_y0_comp.tiff,8,865563,7195112,1951375418
images/20190710_p176_slide23_ac1_vz_s1_p1_r6_a6_ac_full_l25_x1176_y25_filtered.tiff,8,845979,10471148,1952241117
images/20190619_p176_slide43_ac1_vz_s1_p1_r2_a2_ac_full_l1_x0_y0_filtered.tiff,8,1220006,9848132,1953087237
images/20190619_p176_slide20_ac1_vz_s1_p1_r6_a6_ac_full_l9_x370_y1125_comp.tiff,8,1408328,13745348,1954307379
images/20190710_p173_slide36_ac1_vz_s1_p1_r13_a13_ac_full_l2_x93_y469_filtered.tiff,8,534512,5534450,1955715844
images/20190715_p173_slide16_ac1_vz_s1_p1_r12_a12_ac_full_l1_x0_y270_comp.tiff,8,2195405,16509140,1956250497
images/20190715_p176_slide14_ac1_vz_s1_p1_r4_a4_ac_full_l37_x1975_y983_filtered.tiff,8,1277333,11250632,1958446038
images/20190708_p173_slide26_ac1_vz_s1_p4_r25_a25_ac_full_l1_x0_y0_filtered.tiff,8,610574,6927668,1959723513
images/20190709_p176_slide16_ac1_vz_s1_p1_r7_a7_ac_full_l1_x0_y1143_filtered.tiff,8,1539691,14281460,1960334225
images/20190621_p176_slide36_ac1_vz_s1_p1_r12_a12_ac_full_l1_x0_y0_filtered.tiff,8,3660081,27080012,1961874055
images/20190620_p173_slide19_ac1_vz_s1_p1_r19_a19_ac_full_l1_x0_y0_comp.tiff,8,3036398,21372704,1965534274
images/20190709_p176_slide11_ac1_vz_s1_p1_r15_a15_ac_full_l15_x792_y925_filtered.tiff,8,576388,5879822,1968570806
images/20190715_p176_slide14_ac1_vz_s1_p1_r4_a4_ac_full_l28_x1484_y384_filtered.tiff,8,1112303,10615580,1969147337
images/20190620_p173_slide19_ac1_vz_s1_p1_r6_a6_ac_full_l1_x0_y0_comp.tiff,8,1975477,14891012,1970259782
images/20190709_p176_slide11_ac1_vz_s1_p1_r15_a15_ac_full_l9_x503_y1561_filtered.tiff,8,1145999,11317442,1972235391
images/20190621_p173_slide13_ac1_vz_s1_p1_r17_a17_ac_full_l6_x716_y73_filtered.tiff,8,1465744,11029190,1973381533
images/20190715_p173_slide16_ac1_vz_s1_p2_r27_a27_ac_full_l2_x70_y205_comp.tiff,8,307214,2536772,1974847418
images/20190711_p173_slide28_ac1_vz_s1_p1_r11_a11_ac_full_l1_x0_y0_comp.tiff,8,1087104,7989692,1975154769
images/20190715_p173_slide16_ac1_vz_s1_p1_r7_a7_ac_full_l1_x0_y0_comp.tiff,8,1279984,11206976,1976242007
images/20190620_p176_slide27_ac1_vz_s1_p1_r5_a5_ac_full_l2_x38_y320_comp.tiff,8,1146794,9074156,1977522123
images/20190619_p176_slide20_ac1_vz_s1_p1_r6_a6_ac_full_l11_x637_y1874_comp.tiff,8,420637,4106348,1978669052
images/20190620_p176_slide27_ac1_vz_s1_p1_r5_a5_ac_full_l1_x0_y13_filtered.tiff,8,1475951,12466268,1979089827
images/20190715_p173_slide16_ac1_vz_s1_p2_r21_a21_ac_full_l5_x272_y0_filtered.tiff,8,438778,3219560,1980565915
images/20190715_p176_slide14_ac1_vz_s1_p1_r4_a4_ac_full_l23_x1069_y1417_filtered.tiff,8,2612872,19780484,1981004833
images/20190708_p173_slide26_ac1_vz_s1_p5_r71_a71_ac_full_l1_x0_y0_comp.tiff,8,646494,6574544,1983617848
images/20190620_p173_slide19_ac1_vz_s1_p1_r22_a22_ac_full_l12_x743_y981_filtered.tiff,8,1251714,10660256,1984264476
images/20190708_p173_slide26_ac1_vz_s1_p5_r77_a77_ac_full_l1_x0_y424_comp.tiff,8,859015,8629946,1985516333
images/20190715_p173_slide22_ac1_vz_s1_p1_r18_a18_ac_full_l1_x0_y166_filtered.tiff,8,919048,6494372,1986375484
images/20190620_p173_slide19_ac1_vz_s1_p1_r5_a5_ac_full_l1_x0_y0_comp.tiff,8,943198,5890940,1987294672
images/20190715_p176_slide30_ac1_vz_s1_p1_r16_a16_ac_full_l6_x464_y0_filtered.tiff,8,1393537,12348152,1988238002
images/20190715_p173_slide16_ac1_vz_s1_p2_r37_a37_ac_full_l9_x681_y0_comp.tiff,8,1696425,16941824,1989631679
images/20190710_p176_slide23_ac1_vz_s1_p1_r6_a6_ac_full_l38_x1681_y1_filtered.tiff,8,882160,10625780,1991328240
images/20190708_p173_slide26_ac1_vz_s1_p5_r78_a78_ac_full_l3_x393_y45_filtered.tiff,8,741343,7589138,1992210540
images/20190710_p176_slide23_ac1_vz_s1_p1_r6_a6_ac_full_l4_x228_y723_filtered.tiff,8,286574,3395204,1992952024
images/20190621_p173_slide4_ac1_vz_s1_p1_r16_a16_ac_full_l7_x861_y0_comp.tiff,8,1461299,11573972,1993238738
images/20190709_p176_slide47_ac1_vz_s1_p1_r1_a1_ac_full_l2_x5_y0_filtered.tiff,8,287227,2442524,1994700172
images/20190620_p176_slide27_ac1_vz_s1_p1_r22_a22_ac_full_l7_x1034_y544_filtered.tiff,8,1099381,8259074,1994987535
images/20190709_p176_slide47_ac1_vz_s1_p1_r8_a8_ac_full_l1_x0_y0_comp.tiff,8,1102314,11088860,1996087059
images/20190709_p176_slide16_ac1_vz_s1_p1_r7_a7_ac_full_l10_x575_y337_comp.tiff,8,652101,5888288,1997189505
images/20190619_p173_slide31_ac1_vz_s1_p1_r14_a14_ac_full_l1_x0_y127_comp.tiff,8,1764703,15985166,1997841743
images/20190708_p176_slide33_ac1_vz_s1_p1_r16_a16_ac_full_l4_x162_y876_comp.tiff,8,1423992,12029708,1999606582
images/20190708_p173_slide26_ac1_vz_s1_p5_r72_a72_ac_full_l1_x0_y0_filtered.tiff,8,1605374,14599802,2001030712
images/20190708_p173_slide26_ac1_vz_s1_p4_r15_a15_ac_full_l2_x0_y0_filtered.tiff,8,964670,9389132,2002636224
images/20190715_p173_slide16_ac1_vz_s1_p1_r5_a5_ac_full_l1_x0_y0_filtered.tiff,8,1483688,14305328,2003601032
images/20190620_p176_slide5_ac1_vz_s1_p1_r1_a1_ac_full_l1_x0_y0_comp.tiff,8,1053568,8368316,2005084856
images/20190715_p176_slide14_ac1_vz_s1_p1_r4_a4_ac_full_l32_x1685_y235_comp.tiff,8,534365,4987322,2006138555
images/20190710_p176_slide23_ac1_vz_s1_p1_r6_a6_ac_full_l23_x1196_y1966_filtered.tiff,8,472530,5173676,2006673058
images/20190621_p173_slide13_ac1_vz_s1_p1_r8_a8_ac_full_l5_x172_y197_filtered.tiff,8,1010933,7717250,2007145731
images/20190625_p173_slide10_ac1_vz_s1_p1_r17_a17_ac_full_l4_x143_y160_comp.tiff,8,537495,4433972,2008156804
images/20190619_p173_slide8_ac1_vz_s1_p1_r6_a6_ac_full_l1_x0_y819_comp.tiff,8,1369618,11704022,2008694437
images/20190709_p176_slide11_ac1_vz_s1_p1_r15_a15_ac_full_l24_x1146_y730_comp.tiff,8,1279647,12889262,2010064188
images/20190715_p176_slide30_ac1_vz_s1_p1_r11_a11_ac_full_l1_x0_y0_comp.tiff,8,340924,2817884,2011343975
images/20190715_p176_slide14_ac1_vz_s1_p1_r4_a4_ac_full_l24_x1247_y2221_comp.tiff,8,1207510,10403420,2011685033
images/20190715_p173_slide16_ac1_vz_s1_p2_r24_a24_ac_full_l1_x0_y0_filtered.tiff,8,348163,3455792,2012892682
images/20190619_p176_slide20_ac1_vz_s1_p1_r6_a6_ac_full_l20_x959_y729_filtered.tiff,8,3801190,31632578,2013240983
images/20190710_p176_slide8_ac1_vz_s1_p1_r14_a14_ac_full_l8_x663_y276_filtered.tiff,8,640049,6328928,2017042314
images/20190619_p176_slide20_ac1_vz_s1_p1_r6_a6_ac_full_l9_x370_y1125_filtered.tiff,8,1425921,13745348,2017682504
images/20190621_p176_slide36_ac1_vz_s1_p1_r3_a3_ac_full_l1_x0_y0_comp.tiff,8,2173235,16057178,2019108566
images/20190708_p173_slide26_ac1_vz_s1_p4_r25_a25_ac_full_l1_x0_y0_comp.tiff,8,604955,6927668,2021281933
images/20190715_p173_slide16_ac1_vz_s1_p2_r37_a37_ac_full_l14_x1031_y763_filtered.tiff,8,1148575,10063862,2021887022
images/20190621_p176_slide36_ac1_vz_s1_p1_r2_a2_ac_full_l1_x2_y0_comp.tiff,8,2835376,21121172,2023035741
images/20190715_p176_slide14_ac1_vz_s1_p1_r4_a4_ac_full_l32_x1685_y235_filtered.tiff,8,542595,4987322,2025871249
images/20190715_p176_slide30_ac1_vz_s1_p1_r16_a16_ac_full_l3_x337_y276_filtered.tiff,8,1404975,12276548,2026413986
images/20190715_p176_slide14_ac1_vz_s1_p1_r4_a4_ac_full_l21_x963_y1782_filtered.tiff,8,3602940,28627556,2027819103
images/20190710_p176_slide23_ac1_vz_s1_p1_r6_a6_ac_full_l37_x1644_y341_filtered.tiff,8,1258235,15137648,2031422185
images/20190715_p173_slide22_ac1_vz_s1_p1_r18_a18_ac_full_l1_x0_y166_comp.tiff,8,903698,6494372,2032680562
images/20190709_p176_slide11_ac1_vz_s1_p1_r15_a15_ac_full_l6_x345_y676_filtered.tiff,8,960973,9698804,2033584396
images/20190708_p173_slide26_ac1_vz_s1_p5_r68_a68_ac_full_l32768_x0_y0_filtered.tiff,8,114133,1330214,2034545511
images/20190621_p173_slide13_ac1_vz_s1_p1_r8_a8_ac_full_l10_x521_y1283_filtered.tiff,8,1524830,11735642,2034659786
images/20190619_p173_slide8_ac1_vz_s1_p1_r6_a6_ac_full_l13_x654_y481_comp.tiff,8,1615607,16653572,2036184758
images/20190708_p173_slide26_ac1_vz_s1_p5_r77_a77_ac_full_l3_x94_y238_comp.tiff,8,390106,4168364,2037800501
images/20190708_p173_slide26_ac1_vz_s1_p6_r33_a33_ac_full_l1_x0_y0_comp.tiff,8,152922,1836134,2038190744
images/20190715_p173_slide22_ac1_vz_s1_p1_r1_a1_ac_full_l2_x98_y270_filtered.tiff,8,573193,4452740,2038343800
images/20190710_p173_slide36_ac1_vz_s1_p1_r4_a4_ac_full_l1_x0_y0_comp.tiff,8,879867,7381772,2038917132
images/20190625_p173_slide10_ac1_vz_s1_p1_r17_a17_ac_full_l8_x649_y0_filtered.tiff,8,1922318,18171332,2039797131
images/20190710_p173_slide6_ac1_vz_s1_p1_r6_a6_ac_full_l13_x786_y833_comp.tiff,8,1355215,14350820,2041719589
images/20190620_p173_slide19_ac1_vz_s1_p1_r19_a19_ac_full_l1_x0_y0_filtered.tiff,8,3083774,21372704,2043074940
images/20190620_p173_slide19_ac1_vz_s1_p1_r11_a11_ac_full_l1_x0_y0_filtered.tiff,8,642347,4433972,2046158852
images/20190620_p173_slide34_ac1_vz_s1_p1_r6_a6_ac_full_l3_x318_y293_filtered.tiff,8,363762,3501080,2046801337
images/20190620_p173_slide19_ac1_vz_s1_p1_r22_a22_ac_full_l6_x262_y182_comp.tiff,8,568548,3728132,2047165239
images/20190621_p173_slide13_ac1_vz_s1_p1_r3_a3_ac_full_l1_x5_y0_comp.tiff,8,2690102,20227346,2047733925
images/20190620_p176_slide27_ac1_vz_s1_p1_r13_a13_ac_full_l1_x10_y23_filtered.tiff,8,976813,8315480,2050424159
images/20190715_p176_slide14_ac1_vz_s1_p1_r4_a4_ac_full_l34_x1717_y1102_comp.tiff,8,1333090,11020112,2051401112
images/20190709_p176_slide16_ac1_vz_s1_p1_r7_a7_ac_full_l25_x1278_y210_filtered.tiff,8,1106188,10256642,2052734341
images/20190711_p173_slide28_ac1_vz_s1_p1_r13_a13_ac_full_l2_x289_y155_comp.tiff,8,690392,3954572,2053840671
images/20190715_p176_slide14_ac1_vz_s1_p1_r4_a4_ac_full_l18_x934_y2173_filtered.tiff,8,476842,4186724,2054531201
images/20190708_p173_slide26_ac1_vz_s1_p6_r63_a63_ac_full_l1_x0_y185_filtered.tiff,8,850687,7663292,2055008185
images/20190621_p176_slide36_ac1_vz_s1_p1_r6_a6_ac_full_l1_x0_y5_comp.tiff,8,537535,4452434,2055859012
images/20190619_p176_slide20_ac1_vz_s1_p1_r6_a6_ac_full_l18_x906_y376_comp.tiff,8,1218849,10837736,2056396679
images/20190708_p173_slide26_ac1_vz_s1_p6_r56_a56_ac_full_l1_x0_y0_filtered.tiff,8,802472,7852604,2057615665
images/20190621_p176_slide36_ac1_vz_s1_p1_r5_a5_ac_full_l2_x111_y0_filtered.tiff,8,510312,4147964,2058418275
images/20190620_p176_slide27_ac1_vz_s1_p1_r19_a19_ac_full_l32768_x0_y0_comp.tiff,8,549758,4363184,2058928725
images/20190710_p176_slide8_ac1_vz_s1_p1_r14_a14_ac_full_l12_x915_y208_filtered.tiff,8,1045946,9371384,2059478621
images/20190715_p173_slide16_ac1_vz_s1_p1_r8_a8_ac_full_l3_x0_y0_filtered.tiff,8,1596328,15243932,2060524709
images/20190715_p176_slide30_ac1_vz_s1_p1_r16_a16_ac_full_l4_x252_y865_comp.tiff,8,2272572,19794968,2062121173
images/20190621_p173_slide13_ac1_vz_s1_p1_r17_a17_ac_full_l1_x0_y348_filtered.tiff,8,299340,1941091,2064393883
images/20190711_p173_slide28_ac1_vz_s1_p1_r8_a8_ac_full_l4_x454_y0_comp.tiff,8,50213,582858,2064693363
images/20190620_p173_slide34_ac1_vz_s1_p1_r6_a6_ac_full_l1_x50_y483_filtered.tiff,8,386730,3815036,2064743710
images/20190709_p176_slide11_ac1_vz_s1_p1_r16_a16_ac_full_l32768_x0_y0_filtered.tiff,8,198562,1976282,2065130579
images/20190710_p173_slide36_ac1_vz_s1_p1_r13_a13_ac_full_l1_x0_y229_comp.tiff,8,841068,8318336,2065329283
images/20190621_p173_slide13_ac1_vz_s1_p1_r4_a4_ac_full_l2_x101_y34_filtered.tiff,8,503135,3844412,2066170487
images/20190711_p176_slide2_ac1_vz_s1_p1_r5_a5_ac_full_l1_x0_y0_filtered.tiff,8,338518,2322674,2066673761
images/20190709_p173_slide2_ac1_vz_s1_p1_r1_a1_ac_full_l1_x0_y0_comp.tiff,8,513148,4168262,2067012414
images/20190619_p176_slide20_ac1_vz_s1_p1_r6_a6_ac_full_l5_x223_y1835_comp.tiff,8,1938202,16850636,2067525693
images/20190708_p176_slide33_ac1_vz_s1_p1_r3_a3_ac_full_l2_x0_y0_filtered.tiff,8,293266,2031362,2069464032
images/20190620_p176_slide27_ac1_vz_s1_p1_r22_a22_ac_full_l5_x888_y66_comp.tiff,8,763968,6928280,2069757434
images/20190715_p173_slide16_ac1_vz_s1_p2_r37_a37_ac_full_l6_x404_y925_filtered.tiff,8,940912,8917892,2070521539
images/20190715_p173_slide22_ac1_vz_s1_p1_r24_a24_ac_full_l2_x36_y128_filtered.tiff,8,1267333,10628942,2071462593
images/20190715_p173_slide16_ac1_vz_s1_p1_r12_a12_ac_full_l5_x354_y174_filtered.tiff,8,1190596,9965024,2072730067
images/20190715_p176_slide14_ac1_vz_s1_p1_r4_a4_ac_full_l10_x700_y577_filtered.tiff,8,243604,1945172,2073920805
images/20190625_p173_slide10_ac1_vz_s1_p1_r2_a2_ac_full_l2_x374_y0_filtered.tiff,8,1443208,10978190,2074164550
images/20190708_p173_slide26_ac1_vz_s1_p6_r46_a46_ac_full_l2_x63_y280_filtered.tiff,8,380564,3699572,2075607896
images/20190625_p173_slide10_ac1_vz_s1_p1_r18_a18_ac_full_l4_x347_y724_filtered.tiff,8,837358,5747732,2075988601
images/20190709_p176_slide47_ac1_vz_s1_p1_r4_a4_ac_full_l1_x0_y13_filtered.tiff,8,859166,7204292,2076826101
images/20190715_p173_slide16_ac1_vz_s1_p1_r1_a1_ac_full_l1_x0_y6_comp.tiff,8,434264,4445192,2077685404
images/20190710_p176_slide8_ac1_vz_s1_p1_r1_a1_ac_full_l1_x0_y0_filtered.tiff,8,442858,3413972,2078119800
images/20190625_p173_slide10_ac1_vz_s1_p1_r17_a17_ac_full_l7_x342_y145_comp.tiff,8,2653495,23111396,2078562793
images/20190709_p176_slide11_ac1_vz_s1_p1_r15_a15_ac_full_l8_x513_y962_filtered.tiff,8,446653,3408872,2081216426
images/20190708_p173_slide26_ac1_vz_s1_p6_r39_a39_ac_full_l1_x0_y0_filtered.tiff,8,637783,6232028,2081663221
images/20190715_p173_slide16_ac1_vz_s1_p2_r37_a37_ac_full_l5_x392_y501_comp.tiff,8,943074,8638106,2082301142
images/20190619_p173_slide8_ac1_vz_s1_p1_r6_a6_ac_full_l11_x701_y305_filtered.tiff,8,707797,5899508,2083244354
images/20190619_p176_slide20_ac1_vz_s1_p1_r6_a6_ac_full_l39_x2000_y218_filtered.tiff,8,1201487,11930972,2083952291
images/20190710_p176_slide23_ac1_vz_s1_p1_r6_a6_ac_full_l9_x596_y1265_comp.tiff,8,133419,1382437,2085153920
images/20190710_p176_slide8_ac1_vz_s1_p1_r14_a14_ac_full_l10_x860_y1228_comp.tiff,8,1275463,12678224,2085287476
images/20190619_p173_slide8_ac1_vz_s1_p1_r6_a6_ac_full_l18_x1199_y420_comp.tiff,8,1230040,11175866,2086563078
images/20190709_p176_slide16_ac1_vz_s1_p1_r7_a7_ac_full_l17_x784_y440_filtered.tiff,8,1019701,9554372,2087793255
images/20190625_p173_slide10_ac1_vz_s1_p1_r17_a17_ac_full_l1_x0_y362_comp.tiff,8,337231,3127250,2088813097
images/20190715_p173_slide16_ac1_vz_s1_p1_r4_a4_ac_full_l2_x84_y92_filtered.tiff,8,643845,5462336,2089150464
images/20190620_p176_slide27_ac1_vz_s1_p1_r15_a15_ac_full_l4_x339_y150_comp.tiff,8,1320431,10110272,2089794447
images/20190711_p173_slide28_ac1_vz_s1_p1_r13_a13_ac_full_l4_x387_y130_filtered.tiff,8,1102859,7008452,2091115016
images/20190710_p173_slide6_ac1_vz_s1_p1_r6_a6_ac_full_l15_x840_y1499_comp.tiff,8,1696172,15398768,2092218017
images/20190621_p173_slide13_ac1_vz_s1_p1_r17_a17_ac_full_l2_x0_y308_filtered.tiff,8,1853686,14269526,2093914326
images/20190708_p173_slide39_ac1_vz_s1_p1_r4_a4_ac_full_l32768_x0_y0_comp.tiff,8,86445,672720,2095768152
images/20190708_p173_slide26_ac1_vz_s1_p6_r37_a37_ac_full_l1_x0_y0_filtered.tiff,8,1053670,11322134,2095854733
images/20190711_p173_slide28_ac1_vz_s1_p1_r3_a3_ac_full_l1_x0_y0_comp.tiff,8,346403,2551052,2096908541
images/20190709_p176_slide11_ac1_vz_s1_p1_r15_a15_ac_full_l32_x1772_y838_comp.tiff,8,635135,6326276,2097255076
images/20190620_p173_slide19_ac1_vz_s1_p1_r9_a9_ac_full_l2_x182_y400_filtered.tiff,8,690533,4865636,2097890351
images/20190708_p173_slide26_ac1_vz_s1_p5_r78_a78_ac_full_l3_x393_y45_comp.tiff,8,735411,7589138,2098581024
images/20190625_p173_slide10_ac1_vz_s1_p1_r2_a2_ac_full_l1_x0_y97_filtered.tiff,8,2928730,21855572,2099316572
images/20190711_p176_slide2_ac1_vz_s1_p1_r1_a1_ac_full_l1_x0_y0_filtered.tiff,8,453362,3515768,2102245439
images/20190709_p176_slide11_ac1_vz_s1_p1_r15_a15_ac_full_l21_x834_y1435_filtered.tiff,8,2500428,23680148,2102698936
images/20190715_p176_slide30_ac1_vz_s1_p1_r17_a17_ac_full_l32768_x0_y0_comp.tiff,8,134394,1903352,2105199508
images/20190625_p173_slide10_ac1_vz_s1_p1_r17_a17_ac_full_l4_x143_y160_filtered.tiff,8,553206,4433972,2105334040
images/20190710_p176_slide8_ac1_vz_s1_p1_r14_a14_ac_full_l11_x871_y475_comp.tiff,8,1476908,15556868,2105887388
images/20190710_p173_slide6_ac1_vz_s1_p1_r6_a6_ac_full_l12_x570_y1408_comp.tiff,8,1252130,10878536,2107364434
images/20190715_p173_slide16_ac1_vz_s1_p1_r7_a7_ac_full_l1_x0_y0_filtered.tiff,8,1294880,11206976,2108616701
images/20190620_p173_slide19_ac1_vz_s1_p1_r22_a22_ac_full_l16_x1215_y515_comp.tiff,8,364925,3384902,2109911717
images/20190715_p176_slide30_ac1_vz_s1_p1_r6_a6_ac_full_l1_x0_y96_filtered.tiff,8,572801,4511492,2110276782
images/20190619_p176_slide43_ac1_vz_s1_p1_r2_a2_ac_full_l1_x0_y0_comp.tiff,8,1192940,9848132,2110849720
images/20190715_p173_slide16_ac1_vz_s1_p2_r37_a37_ac_full_l16_x1235_y259_comp.tiff,8,170048,2034116,2112042792
images/20190708_p173_slide26_ac1_vz_s1_p4_r22_a22_ac_full_l32768_x0_y0_comp.tiff,8,213712,2805542,2112212980
images/20190715_p176_slide14_ac1_vz_s1_p1_r4_a4_ac_full_l3_x313_y767_comp.tiff,8,865388,8763362,2112426830
images/20190709_p176_slide11_ac1_vz_s1_p1_r15_a15_ac_full_l18_x831_y469_filtered.tiff,8,507116,5285060,2113292354
images/20190619_p176_slide43_ac1_vz_s1_p1_r5_a5_ac_full_l1_x0_y0_filtered.tiff,8,1835840,14008712,2113799613
images/20190709_p176_slide47_ac1_vz_s1_p1_r1_a1_ac_full_l1_x0_y59_comp.tiff,8,367822,3078188,2115635589
images/20190620_p176_slide5_ac1_vz_s1_p1_r1_a1_ac_full_l1_x0_y0_filtered.tiff,8,1068420,8368316,2116003544
images/20190619_p176_slide20_ac1_vz_s1_p1_r6_a6_ac_full_l13_x615_y862_filtered.tiff,8,1999488,15881228,2117072099
images/20190625_p173_slide10_ac1_vz_s1_p1_r2_a2_ac_full_l1_x0_y97_comp.tiff,8,2887740,21855572,2119071728
images/20190709_p176_slide16_ac1_vz_s1_p1_r7_a7_ac_full_l16_x729_y1617_comp.tiff,8,1946230,16442432,2121959601
images/20190619_p173_slide31_ac1_vz_s1_p1_r15_a15_ac_full_l1_x0_y0_filtered.tiff,8,375370,3419378,2123905969
images/20190619_p176_slide20_ac1_vz_s1_p1_r6_a6_ac_full_l34_x1760_y394_comp.tiff,8,489687,4482728,2124281477
images/20190708_p173_slide26_ac1_vz_s1_p6_r37_a37_ac_full_l1_x0_y0_comp.tiff,8,1045194,11322134,2124771302
images/20190710_p176_slide23_ac1_vz_s1_p1_r6_a6_ac_full_l2_x130_y1468_comp.tiff,8,1533918,16356752,2125816630
images/20190715_p176_slide30_ac1_vz_s1_p1_r16_a16_ac_full_l5_x368_y1225_comp.tiff,8,2003132,15263618,2127350685
images/20190715_p176_slide30_ac1_vz_s1_p1_r7_a7_ac_full_l1_x0_y0_filtered.tiff,8,1217296,10771232,2129353956
images/20190619_p176_slide20_ac1_vz_s1_p1_r6_a6_ac_full_l14_x723_y1220_filtered.tiff,8,866536,8583740,2130571388
images/20190715_p176_slide30_ac1_vz_s1_p1_r5_a5_ac_full_l1_x0_y0_filtered.tiff,8,1353773,10460132,2131438066
images/20190715_p173_slide16_ac1_vz_s1_p2_r34_a34_ac_full_l1_x34_y48_comp.tiff,8,2606872,22992974,2132791975
images/20190709_p176_slide47_ac1_vz_s1_p1_r6_a6_ac_full_l1_x0_y0_comp.tiff,8,1599694,13686596,2135398983
images/20190710_p173_slide6_ac1_vz_s1_p1_r6_a6_ac_full_l14_x751_y1253_comp.tiff,8,1598093,14442416,2136998809
images/20190708_p176_slide33_ac1_vz_s1_p1_r3_a3_ac_full_l2_x0_y0_comp.tiff,8,287165,2031362,2138597039
images/20190620_p173_slide19_ac1_vz_s1_p1_r9_a9_ac_full_l1_x0_y221_filtered.tiff,8,1046100,7024364,2138884336
images/20190715_p173_slide16_ac1_vz_s1_p1_r2_a2_ac_full_l1_x0_y176_filtered.tiff,8,642307,5803424,2139930574
images/20190710_p176_slide23_ac1_vz_s1_p1_r6_a6_ac_full_l1_x11_y1138_comp.tiff,8,860995,11124152,2140573019
images/20190715_p173_slide16_ac1_vz_s1_p2_r37_a37_ac_full_l4_x212_y439_comp.tiff,8,533111,4637972,2141434150
images/20190710_p176_slide23_ac1_vz_s1_p1_r6_a6_ac_full_l15_x730_y612_filtered.tiff,8,994503,11021642,2141967399
images/20190621_p173_slide13_ac1_vz_s1_p1_r9_a9_ac_full_l32768_x0_y0_comp.tiff,8,87046,937003,2142962043
images/20190709_p176_slide11_ac1_vz_s1_p1_r15_a15_ac_full_l24_x1146_y730_filtered.tiff,8,1298960,12889262,2143049225
images/20190709_p176_slide47_ac1_vz_s1_p1_r6_a6_ac_full_l1_x0_y0_filtered.tiff,8,1621626,13686596,2144348329
images/20190711_p173_slide28_ac1_vz_s1_p1_r4_a4_ac_full_l1_x2_y0_filtered.tiff,8,1253147,10510826,2145970091
images/20190715_p173_slide22_ac1_vz_s1_p1_r10_a10_ac_full_l1_x0_y0_comp.tiff,8,718210,5203460,2147223374
images/20190709_p176_slide11_ac1_vz_s1_p1_r15_a15_ac_full_l15_x792_y925_comp.tiff,8,565863,5879822,2147941718
images/20190710_p176_slide23_ac1_vz_s1_p1_r6_a6_ac_full_l32_x1477_y38_filtered.tiff,8,518932,6053732,2148507720
images/20190619_p176_slide43_ac1_vz_s1_p1_r3_a3_ac_full_l1_x0_y0_filtered.tiff,8,794507,6689294,2149026793
images/20190708_p173_slide26_ac1_vz_s1_p6_r59_a59_ac_full_l3_x349_y78_filtered.tiff,8,908526,9861902,2149821436
images/20190621_p173_slide4_ac1_vz_s1_p1_r16_a16_ac_full_l2_x233_y88_comp.tiff,8,474086,4248944,2150730103
images/20190619_p173_slide31_ac1_vz_s1_p1_r6_a6_ac_full_l1_x0_y0_filtered.tiff,8,1401393,13490756,2151204325
images/20190710_p176_slide23_ac1_vz_s1_p1_r6_a6_ac_full_l15_x730_y612_comp.tiff,8,979723,11021642,2152605854
images/20190619_p173_slide31_ac1_vz_s1_p1_r14_a14_ac_full_l3_x389_y144_comp.tiff,8,1489213,12716882,2153585714
images/20190710_p173_slide6_ac1_vz_s1_p1_r2_a2_ac_full_l32768_x0_y0_filtered.tiff,8,331094,2521472,2155075065
images/20190715_p173_slide22_ac1_vz_s1_p1_r19_a19_ac_full_l1_x0_y0_filtered.tiff,8,1447949,10353644,2155406298
images/20190620_p173_slide19_ac1_vz_s1_p1_r22_a22_ac_full_l18_x1396_y495_filtered.tiff,8,1473470,12253292,2156854385
images/20190709_p176_slide16_ac1_vz_s1_p1_r7_a7_ac_full_l11_x552_y964_filtered.tiff,8,1942138,16396532,2158327999
images/20190621_p176_slide36_ac1_vz_s1_p1_r4_a4_ac_full_l1_x0_y0_filtered.tiff,8,2457961,18767012,2160270278
images/20190715_p176_slide14_ac1_vz_s1_p1_r4_a4_ac_full_l11_x587_y884_comp.tiff,8,1843284,15878372,2162728375
images/20190715_p173_slide16_ac1_vz_s1_p1_r14_a14_ac_full_l1_x0_y2_comp.tiff,8,772233,6445412,2164571796
images/20190711_p176_slide39_ac1_vz_s1_p1_r6_a6_ac_full_l1_x81_y418_comp.tiff,8,152877,2132648,2165344163
images/20190709_p176_slide11_ac1_vz_s1_p1_r5_a5_ac_full_l32768_x0_y0_comp.tiff,8,100380,1142432,2165497175
images/20190710_p176_slide8_ac1_vz_s1_p1_r14_a14_ac_full_l6_x393_y620_comp.tiff,8,1182099,11428010,2165597691
images/20190625_p173_slide10_ac1_vz_s1_p1_r17_a17_ac_full_l2_x37_y0_comp.tiff,8,100365,1158139,2166779927
images/20190708_p173_slide26_ac1_vz_s1_p4_r18_a18_ac_full_l1_x9_y140_filtered.tiff,8,719581,5769764,2166880427
images/20190619_p173_slide8_ac1_vz_s1_p1_r6_a6_ac_full_l5_x113_y1472_filtered.tiff,8,2075871,18644000,2167600148
images/20190619_p176_slide20_ac1_vz_s1_p1_r6_a6_ac_full_l21_x1121_y1969_filtered.tiff,8,880897,7671554,2169676159
images/20190621_p173_slide13_ac1_vz_s1_p1_r8_a8_ac_full_l4_x54_y1161_filtered.tiff,8,3564881,26893556,2170557199
images/20190715_p176_slide14_ac1_vz_s1_p1_r4_a4_ac_full_l9_x642_y233_comp.tiff,8,522813,4923980,2174122220
images/20190625_p173_slide10_ac1_vz_s1_p1_r6_a6_ac_full_l1_x12_y0_filtered.tiff,8,427868,3754958,2174645169
images/20190621_p173_slide13_ac1_vz_s1_p1_r2_a2_ac_full_l1_x0_y9_filtered.tiff,8,1418217,12428324,2175073174
images/20190620_p176_slide5_ac1_vz_s1_p1_r9_a9_ac_full_l1_x0_y0_filtered.tiff,8,1180922,10500116,2176491527
images/20190709_p176_slide16_ac1_vz_s1_p1_r7_a7_ac_full_l23_x1043_y1491_filtered.tiff,8,2392342,19837604,2177672584
images/20190620_p173_slide19_ac1_vz_s1_p1_r22_a22_ac_full_l14_x887_y437_filtered.tiff,8,1408875,11977892,2180065069
images/20190708_p173_slide26_ac1_vz_s1_p5_r77_a77_ac_full_l2_x109_y298_comp.tiff,8,84103,643344,2181474087
images/20190621_p173_slide4_ac1_vz_s1_p1_r16_a16_ac_full_l2_x233_y88_filtered.tiff,8,479768,4248944,2181558328
images/20190619_p176_slide20_ac1_vz_s1_p1_r6_a6_ac_full_l41_x2218_y525_filtered.tiff,8,1121945,10522352,2182038236
images/20190619_p176_slide20_ac1_vz_s1_p1_r6_a6_ac_full_l26_x1233_y0_filtered.tiff,8,1011178,9588032,2183160323
images/20190709_p176_slide11_ac1_vz_s1_p1_r15_a15_ac_full_l20_x877_y1090_comp.tiff,8,1878469,16671320,2184171641
images/20190619_p176_slide20_ac1_vz_s1_p1_r6_a6_ac_full_l28_x1362_y1123_filtered.tiff,8,1926550,15741488,2186050250
images/20190620_p173_slide19_ac1_vz_s1_p1_r22_a22_ac_full_l13_x747_y683_filtered.tiff,8,1855470,13894982,2187976943
images/20190709_p176_slide11_ac1_vz_s1_p1_r15_a15_ac_full_l34_x2078_y602_filtered.tiff,8,534249,5673476,2189832556
images/20190619_p173_slide31_ac1_vz_s1_p1_r11_a11_ac_full_l2_x217_y72_filtered.tiff,8,1396182,10419128,2190366949
images/20190708_p173_slide26_ac1_vz_s1_p5_r77_a77_ac_full_l3_x94_y238_filtered.tiff,8,394557,4168364,2191763272
images/20190621_p176_slide36_ac1_vz_s1_p1_r2_a2_ac_full_l1_x2_y0_filtered.tiff,8,2866611,21121172,2192157970
images/20190711_p173_slide28_ac1_vz_s1_p1_r8_a8_ac_full_l1_x0_y2_comp.tiff,8,1241353,10441772,2195024717
images/20190710_p176_slide23_ac1_vz_s1_p1_r6_a6_ac_full_l38_x1681_y1_comp.tiff,8,869122,10625780,2196266202
images/20190715_p176_slide14_ac1_vz_s1_p1_r4_a4_ac_full_l35_x1794_y328_filtered.tiff,8,2220825,18863708,2197135460
images/20190708_p173_slide26_ac1_vz_s1_p6_r60_a60_ac_full_l1_x0_y0_filtered.tiff,8,563851,6083516,2199356427
images/20190709_p176_slide16_ac1_vz_s1_p1_r7_a7_ac_full_l14_x695_y1315_comp.tiff,8,1124335,11408732,2199920416
images/20190708_p173_slide26_ac1_vz_s1_p5_r64_a64_ac_full_l1_x0_y0_comp.tiff,8,309247,2956400,2201044889
images/20190710_p176_slide23_ac1_vz_s1_p1_r6_a6_ac_full_l22_x1041_y1752_comp.tiff,8,827004,8823236,2201354270
images/20190620_p176_slide27_ac1_vz_s1_p1_r22_a22_ac_full_l8_x1137_y75_filtered.tiff,8,304691,2989754,2202181413
images/20190715_p173_slide16_ac1_vz_s1_p2_r34_a34_ac_full_l2_x336_y36_comp.tiff,8,369340,3085124,2202486246
images/20190715_p173_slide16_ac1_vz_s1_p2_r34_a34_ac_full_l2_x336_y36_filtered.tiff,8,373893,3085124,2202855723
images/20190620_p173_slide19_ac1_vz_s1_p1_r22_a22_ac_full_l9_x423_y287_filtered.tiff,8,2129106,17173772,2203229757
images/20190710_p176_slide8_ac1_vz_s1_p1_r14_a14_ac_full_l8_x663_y276_comp.tiff,8,630894,6328928,2205359005
images/20190715_p176_slide14_ac1_vz_s1_p1_r4_a4_ac_full_l17_x868_y350_filtered.tiff,8,826720,8081798,2205990036
images/20190620_p176_slide27_ac1_vz_s1_p1_r11_a11_ac_full_l1_x1_y11_comp.tiff,8,727299,6518852,2206816897
images/20190619_p176_slide20_ac1_vz_s1_p1_r6_a6_ac_full_l31_x1518_y4_filtered.tiff,8,1039096,10582532,2207544331
images/20190711_p176_slide39_ac1_vz_s1_p1_r2_a2_ac_full_l1_x7_y0_filtered.tiff,8,1504091,15586346,2208583567
images/20190620_p173_slide19_ac1_vz_s1_p1_r22_a22_ac_full_l10_x625_y22_comp.tiff,8,494107,3613892,2210087794
images/20190715_p173_slide16_ac1_vz_s1_p2_r30_a30_ac_full_l1_x0_y301_comp.tiff,8,2623073,21832010,2210582039
images/20190620_p176_slide27_ac1_vz_s1_p1_r12_a12_ac_full_l32768_x0_y0_comp.tiff,8,146979,2580836,2213205248
images/20190711_p176_slide39_ac1_vz_s1_p1_r4_a4_ac_full_l1_x0_y0_comp.tiff,8,652682,7457354,2213352365
images/20190709_p176_slide11_ac1_vz_s1_p1_r15_a15_ac_full_l11_x555_y1863_comp.tiff,8,791504,8317316,2214005179
images/20190709_p176_slide16_ac1_vz_s1_p1_r7_a7_ac_full_l28_x1394_y1748_comp.tiff,8,963087,8524682,2214796823
images/20190710_p176_slide23_ac1_vz_s1_p1_r6_a6_ac_full_l11_x683_y347_filtered.tiff,8,713217,8853632,2215760049
images/20190709_p176_slide11_ac1_vz_s1_p1_r15_a15_ac_full_l20_x877_y1090_filtered.tiff,8,1906001,16671320,2216473407
images/20190708_p176_slide33_ac1_vz_s1_p1_r3_a3_ac_full_l1_x0_y40_filtered.tiff,8,253774,1718630,2218379552
images/20190620_p173_slide34_ac1_vz_s1_p1_r8_a8_ac_full_l1_x18_y0_filtered.tiff,8,673837,5138180,2218633463
images/20190619_p176_slide20_ac1_vz_s1_p1_r6_a6_ac_full_l42_x2202_y1325_comp.tiff,8,1082062,10531532,2219307437
images/20190620_p173_slide19_ac1_vz_s1_p1_r3_a3_ac_full_l1_x0_y0_filtered.tiff,8,905652,6053732,2220389638
images/20190708_p173_slide26_ac1_vz_s1_p6_r46_a46_ac_full_l2_x63_y280_comp.tiff,8,376546,3699572,2221295426
images/20190621_p176_slide36_ac1_vz_s1_p1_r5_a5_ac_full_l1_x0_y115_filtered.tiff,8,626366,4988852,2221672109
images/20190710_p176_slide8_ac1_vz_s1_p1_r14_a14_ac_full_l9_x694_y745_filtered.tiff,8,1401200,12283892,2222298613
images/20190621_p173_slide13_ac1_vz_s1_p1_r8_a8_ac_full_l2_x85_y426_comp.tiff,8,590518,4858292,2223699954
images/20190710_p176_slide23_ac1_vz_s1_p1_r6_a6_ac_full_l1_x11_y1138_filtered.tiff,8,869819,11124152,2224290607
images/20190710_p173_slide6_ac1_vz_s1_p1_r6_a6_ac_full_l15_x840_y1499_filtered.tiff,8,1716189,15398768,2225160566
images/20190621_p176_slide36_ac1_vz_s1_p1_r12_a12_ac_full_l3_x411_y92_filtered.tiff,8,2084889,14284928,2226876896
images/20190711_p173_slide28_ac1_vz_s1_p1_r10_a10_ac_full_l1_x4_y0_comp.tiff,8,903618,6928892,2228961926
images/20190710_p176_slide8_ac1_vz_s1_p1_r7_a7_ac_full_l1_x0_y0_comp.tiff,8,1078073,9156368,2229865678
images/20190708_p173_slide26_ac1_vz_s1_p4_r21_a21_ac_full_l32768_x0_y0_comp.tiff,8,77620,949957,2230943882
images/20190708_p173_slide26_ac1_vz_s1_p5_r77_a77_ac_full_l5_x186_y655_comp.tiff,8,446826,4106960,2231021640
images/20190708_p176_slide33_ac1_vz_s1_p1_r6_a6_ac_full_l1_x0_y0_comp.tiff,8,1852967,14604596,2231468604
images/20190709_p176_slide16_ac1_vz_s1_p1_r7_a7_ac_full_l42_x2340_y624_comp.tiff,8,333152,3801776,2233321703
masks/,0,0,0,2233654993
masks/20190708_p173_slide26_ac1_vz_s1_p6_r56_a56_ac_full_cropmask_l1_x0_y0_sphere.tiff,8,1344,154100,2233655057
masks/20190621_p173_slide13_ac1_vz_s1_p1_r1_a1_ac_full_l1_x0_y1_cyto.tiff,8,17180,199036,2233656545
masks/20190715_p173_slide16_ac1_vz_s1_p2_r37_a37_ac_full_l8_x670_y991_cyto.tiff,8,18035,169600,2233673856
masks/20190710_p176_slide23_ac1_vz_s1_p1_r6_a6_ac_full_l16_x841_y2096_nucleiexp.tiff,8,1699,38908,2233692028
masks/20190715_p173_slide22_ac1_vz_s1_p1_r1_a1_ac_full_cropmask_l2_x98_y270_sphere.tiff,8,1061,87436,2233693869
masks/20190711_p173_slide28_ac1_vz_s1_p1_r5_a5_ac_full_l1_x0_y8_cell.tiff,8,5953,103844,2233695075
masks/20190619_p176_slide20_ac1_vz_s1_p1_r6_a6_ac_full_l44_x2394_y741_cell.tiff,8,8911,132428,2233701159
masks/20190715_p173_slide22_ac1_vz_s1_p1_r28_a28_ac_full_l32768_x0_y0_cyto.tiff,8,206,24027,2233710207
masks/20190620_p173_slide19_ac1_vz_s1_p1_r22_a22_ac_full_l5_x256_y515_cyto.tiff,8,5251,75816,2233710550
masks/20190708_p176_slide33_ac1_vz_s1_p1_r3_a3_ac_full_l2_x0_y0_cell.tiff,8,2642,39958,2233715938
masks/20190715_p173_slide16_ac1_vz_s1_p1_r8_a8_ac_full_l3_x0_y0_cyto.tiff,8,28413,299028,2233718711
masks/20190709_p173_slide2_ac1_vz_s1_p1_r1_a1_ac_full_l1_x0_y0_cell.tiff,8,5440,81858,2233747255
masks/20190621_p173_slide13_ac1_vz_s1_p1_r10_a10_ac_full_cropmask_l3_x399_y98_sphere.tiff,8,1835,134004,2233752825
masks/20190620_p173_slide19_ac1_vz_s1_p1_r22_a22_ac_full_l11_x726_y102_cell.tiff,8,7881,116668,2233754807
masks/20190709_p176_slide11_ac1_vz_s1_p1_r15_a15_ac_full_l25_x1167_y348_nucleiexp.tiff,8,14237,278524,2233762826
masks/20190709_p176_slide11_ac1_vz_s1_p1_r15_a15_ac_full_l30_x1464_y0_cell.tiff,8,15212,227968,2233777207
masks/20190711_p173_slide28_ac1_vz_s1_p1_r13_a13_ac_full_l1_x0_y190_cell.tiff,8,16013,209568,2233792556
masks/20190710_p176_slide23_ac1_vz_s1_p1_r6_a6_ac_full_cropmask_l28_x1319_y1058_sphere.tiff,8,606,30138,2233808704
masks/20190710_p176_slide23_ac1_vz_s1_p1_r6_a6_ac_full_l23_x1196_y1966_cyto.tiff,8,6658,101572,2233809459
masks/20190620_p173_slide19_ac1_vz_s1_p1_r4_a4_ac_full_l2_x59_y80_cell.tiff,8,4341,64252,2233816255
masks/20190710_p176_slide23_ac1_vz_s1_p1_r6_a6_ac_full_l47_x2333_y612_nucleiexp.tiff,8,4879,137156,2233820729
masks/20190715_p173_slide16_ac1_vz_s1_p2_r37_a37_ac_full_l13_x1127_y1299_nucleiexp.tiff,8,2872,61828,2233825750
masks/20190621_p173_slide13_ac1_vz_s1_p1_r8_a8_ac_full_cropmask_l5_x172_y197_sphere.tiff,8,1762,151446,2233828767
masks/20190619_p176_slide20_ac1_vz_s1_p1_r6_a6_ac_full_l22_x1024_y1436_cell.tiff,8,26233,342178,2233830675
masks/20190715_p173_slide16_ac1_vz_s1_p1_r2_a2_ac_full_l2_x130_y0_cell.tiff,8,8211,115076,2233857046
masks/20190709_p176_slide11_ac1_vz_s1_p1_r15_a15_ac_full_cropmask_l34_x2078_y602_sphere.tiff,8,1381,111372,2233865390
masks/20190621_p176_slide36_ac1_vz_s1_p1_r7_a7_ac_full_l1_x0_y0_nucleiexp.tiff,8,18142,268172,2233866921
masks/20190715_p176_slide14_ac1_vz_s1_p1_r4_a4_ac_full_l28_x1484_y384_cell.tiff,8,16471,208276,2233885199
masks/20190709_p176_slide16_ac1_vz_s1_p1_r7_a7_ac_full_cropmask_l4_x258_y441_sphere.tiff,8,793,64150,2233901807
masks/20190710_p176_slide23_ac1_vz_s1_p1_r6_a6_ac_full_l12_x703_y2225_cyto.tiff,8,26355,288140,2233902746
masks/20190711_p173_slide28_ac1_vz_s1_p1_r5_a5_ac_full_l1_x0_y8_nucleiexp.tiff,8,4502,103844,2233929238
masks/20190711_p176_slide39_ac1_vz_s1_p1_r6_a6_ac_full_cropmask_l5_x316_y193_sphere.tiff,8,4683,563240,2233933876
masks/20190625_p173_slide10_ac1_vz_s1_p1_r17_a17_ac_full_l4_x143_y160_nucleiexp.tiff,8,2954,87068,2233938705
masks/20190709_p176_slide11_ac1_vz_s1_p1_r15_a15_ac_full_l8_x513_y962_cell.tiff,8,5038,66968,2233941801
masks/20190710_p176_slide23_ac1_vz_s1_p1_r6_a6_ac_full_l35_x1411_y1801_nucleiexp.tiff,8,3479,113756,2233946976
masks/20190709_p176_slide11_ac1_vz_s1_p1_r15_a15_ac_full_l5_x272_y1702_nucleiexp.tiff,8,4497,122096,2233950598
masks/20190620_p176_slide27_ac1_vz_s1_p1_r22_a22_ac_full_cropmask_l1_x0_y191_sphere.tiff,8,2376,284326,2233955238
masks/20190715_p176_slide14_ac1_vz_s1_p1_r4_a4_ac_full_l38_x2040_y613_nucleiexp.tiff,8,21027,338668,2233957760
masks/20190715_p176_slide14_ac1_vz_s1_p1_r4_a4_ac_full_l37_x1975_y983_cyto.tiff,8,19556,220728,2233978929
masks/20190715_p173_slide16_ac1_vz_s1_p1_r14_a14_ac_full_l1_x0_y2_cyto.tiff,8,11365,126508,2233998622
masks/20190619_p173_slide8_ac1_vz_s1_p1_r6_a6_ac_full_cropmask_l1_x0_y819_sphere.tiff,8,2127,229618,2234010120
masks/20190625_p173_slide10_ac1_vz_s1_p1_r6_a6_ac_full_cropmask_l1_x12_y0_sphere.tiff,8,992,73754,2234012390
masks/20190620_p176_slide5_ac1_vz_s1_p1_r5_a5_ac_full_l32768_x0_y0_cyto.tiff,8,2497,36590,2234013525
masks/20190710_p173_slide6_ac1_vz_s1_p1_r6_a6_ac_full_l11_x416_y499_cyto.tiff,8,25050,266608,2234016156
masks/20190619_p176_slide20_ac1_vz_s1_p1_r6_a6_ac_full_l38_x2028_y1199_cell.tiff,8,3454,74694,2234041341
masks/20190710_p176_slide23_ac1_vz_s1_p1_r6_a6_ac_full_l2_x130_y1468_nucleiexp.tiff,8,15202,320848,2234044933
masks/20190619_p176_slide20_ac1_vz_s1_p1_r6_a6_ac_full_l2_x0_y949_cyto.tiff,8,30308,322898,2234060276
masks/20190710_p176_slide23_ac1_vz_s1_p1_r6_a6_ac_full_l44_x2021_y587_nucleiexp.tiff,8,4984,117660,2234090717
masks/20190620_p176_slide5_ac1_vz_s1_p1_r14_a14_ac_full_l4_x244_y289_cell.tiff,8,7622,119340,2234095843
masks/20190708_p176_slide33_ac1_vz_s1_p1_r16_a16_ac_full_l1_x0_y0_nucleiexp.tiff,8,9696,183240,2234103601
masks/20190621_p173_slide13_ac1_vz_s1_p1_r8_a8_ac_full_cropmask_l1_x0_y899_sphere.tiff,8,2124,195124,2234113435
masks/20190711_p176_slide39_ac1_vz_s1_p1_r2_a2_ac_full_l1_x7_y0_cell.tiff,8,24623,305742,2234115703
masks/20190715_p176_slide30_ac1_vz_s1_p1_r16_a16_ac_full_l1_x0_y96_cell.tiff,8,28816,365752,2234140457
masks/20190708_p176_slide33_ac1_vz_s1_p1_r3_a3_ac_full_cropmask_l1_x0_y40_sphere.tiff,8,710,33826,2234169407
masks/20190715_p176_slide14_ac1_vz_s1_p1_r4_a4_ac_full_l12_x636_y1878_cell.tiff,8,19937,221340,2234170260
masks/20190715_p176_slide14_ac1_vz_s1_p1_r4_a4_ac_full_l40_x2245_y1193_cyto.tiff,8,13240,172492,2234190334
masks/20190710_p176_slide23_ac1_vz_s1_p1_r6_a6_ac_full_l7_x461_y2066_cyto.tiff,8,20439,222988,2234203712
masks/20190715_p173_slide22_ac1_vz_s1_p1_r27_a27_ac_full_l2_x0_y279_nucleiexp.tiff,8,5648,129696,2234224287
masks/20190619_p176_slide20_ac1_vz_s1_p1_r6_a6_ac_full_l29_x1495_y279_cell.tiff,8,8342,136992,2234230075
masks/20190711_p173_slide28_ac1_vz_s1_p1_r8_a8_ac_full_l3_x254_y137_cyto.tiff,8,20215,191628,2234238554
masks/20190715_p173_slide16_ac1_vz_s1_p2_r30_a30_ac_full_l2_x134_y0_cyto.tiff,8,22673,241720,2234258904
masks/20190711_p176_slide2_ac1_vz_s1_p1_r1_a1_ac_full_l1_x0_y0_cyto.tiff,8,5051,69064,2234281712
masks/20190711_p176_slide39_ac1_vz_s1_p1_r1_a1_ac_full_l1_x0_y16_cyto.tiff,8,21284,292196,2234286893
masks/20190715_p176_slide14_ac1_vz_s1_p1_r4_a4_ac_full_l10_x700_y577_cyto.tiff,8,3738,38268,2234308309
masks/20190715_p176_slide14_ac1_vz_s1_p1_r4_a4_ac_full_cropmask_l33_x1603_y1376_sphere.tiff,8,3227,393652,2234312183
masks/20190621_p173_slide13_ac1_vz_s1_p1_r3_a3_ac_full_l1_x5_y0_cell.tiff,8,28735,396742,2234315559
masks/20190621_p173_slide13_ac1_vz_s1_p1_r17_a17_ac_full_l6_x716_y73_cyto.tiff,8,19294,216386,2234344425
masks/20190708_p173_slide26_ac1_vz_s1_p5_r78_a78_ac_full_l1_x0_y772_nucleiexp.tiff,8,9202,142942,2234363855
masks/20190619_p173_slide31_ac1_vz_s1_p1_r7_a7_ac_full_l1_x2_y0_cyto.tiff,8,15518,183418,2234373197
masks/20190710_p173_slide6_ac1_vz_s1_p1_r6_a6_ac_full_cropmask_l11_x416_y499_sphere.tiff,8,2085,266608,2234388846
masks/20190620_p176_slide5_ac1_vz_s1_p1_r14_a14_ac_full_l3_x155_y0_nucleiexp.tiff,8,2774,81860,2234391077
masks/20190708_p173_slide39_ac1_vz_s1_p1_r11_a11_ac_full_l1_x0_y0_cell.tiff,8,11366,154280,2234393990
masks/20190710_p176_slide23_ac1_vz_s1_p1_r6_a6_ac_full_l32_x1477_y38_nucleiexp.tiff,8,4009,118828,2234405489
masks/20190621_p173_slide13_ac1_vz_s1_p1_r17_a17_ac_full_l8_x776_y314_nucleiexp.tiff,8,19889,335890,2234409639
masks/20190709_p176_slide11_ac1_vz_s1_p1_r7_a7_ac_full_l32768_x0_y0_cell.tiff,8,971,23728,2234429670
masks/20190715_p173_slide22_ac1_vz_s1_p1_r17_a17_ac_full_l2_x50_y0_cyto.tiff,8,20816,211814,2234430776
masks/20190620_p176_slide27_ac1_vz_s1_p1_r9_a9_ac_full_l32768_x0_y0_cell.tiff,8,2348,63980,2234451726
masks/20190715_p173_slide16_ac1_vz_s1_p2_r37_a37_ac_full_l9_x681_y0_cell.tiff,8,25481,332320,2234454209
masks/20190715_p173_slide16_ac1_vz_s1_p2_r37_a37_ac_full_l2_x18_y0_cyto.tiff,8,10039,131668,2234479825
masks/20190711_p173_slide28_ac1_vz_s1_p1_r13_a13_ac_full_cropmask_l5_x571_y153_sphere.tiff,8,3273,348148,2234489998
masks/20190715_p176_slide14_ac1_vz_s1_p1_r4_a4_ac_full_l41_x2362_y759_cell.tiff,8,22820,294532,2234493419
masks/20190620_p173_slide19_ac1_vz_s1_p1_r4_a4_ac_full_cropmask_l2_x59_y80_sphere.tiff,8,1104,64252,2234516376
masks/20190621_p176_slide36_ac1_vz_s1_p1_r1_a1_ac_full_l1_x0_y4_cell.tiff,8,32389,449948,2234517624
masks/20190708_p173_slide26_ac1_vz_s1_p4_r21_a21_ac_full_l32768_x0_y0_cell.tiff,8,682,18753,2234550144
masks/20190711_p176_slide39_ac1_vz_s1_p1_r5_a5_ac_full_l1_x0_y0_cyto.tiff,8,26697,278962,2234550963
masks/20190621_p176_slide36_ac1_vz_s1_p1_r6_a6_ac_full_cropmask_l1_x0_y5_sphere.tiff,8,1073,87430,2234577791
masks/20190711_p176_slide39_ac1_vz_s1_p1_r6_a6_ac_full_l4_x458_y663_cell.tiff,8,11578,186816,2234579006
masks/20190711_p176_slide39_ac1_vz_s1_p1_r6_a6_ac_full_l3_x70_y0_nucleiexp.tiff,8,18717,317872,2234590719
masks/20190621_p176_slide36_ac1_vz_s1_p1_r2_a2_ac_full_l1_x2_y0_nucleiexp.tiff,8,25490,414268,2234609573
masks/20190620_p176_slide27_ac1_vz_s1_p1_r15_a15_ac_full_cropmask_l1_x0_y361_sphere.tiff,8,1573,122124,2234635199
masks/20190709_p173_slide2_ac1_vz_s1_p1_r9_a9_ac_full_l32768_x0_y0_cell.tiff,8,4838,131212,2234636918
masks/20190621_p173_slide13_ac1_vz_s1_p1_r9_a9_ac_full_l32768_x0_y0_cyto.tiff,8,864,18499,2234641890
masks/20190715_p173_slide16_ac1_vz_s1_p2_r27_a27_ac_full_cropmask_l2_x70_y205_sphere.tiff,8,888,49868,2234642889
masks/20190710_p173_slide36_ac1_vz_s1_p1_r13_a13_ac_full_l2_x93_y469_nucleiexp.tiff,8,4601,108646,2234643924
masks/20190621_p173_slide4_ac1_vz_s1_p1_r5_a5_ac_full_l1_x0_y0_nucleiexp.tiff,8,9635,163660,2234648666
masks/20190710_p176_slide23_ac1_vz_s1_p1_r6_a6_ac_full_l7_x461_y2066_cell.tiff,8,17111,222988,2234658436
masks/20190709_p176_slide16_ac1_vz_s1_p1_r7_a7_ac_full_l42_x2340_y624_cyto.tiff,8,4606,74672,2234675683
masks/20190710_p173_slide6_ac1_vz_s1_p1_r6_a6_ac_full_l12_x570_y1408_nucleiexp.tiff,8,13505,213432,2234680426
masks/20190715_p176_slide14_ac1_vz_s1_p1_r4_a4_ac_full_l29_x1463_y685_cell.tiff,8,28769,377788,2234694072
masks/20190710_p176_slide23_ac1_vz_s1_p1_r6_a6_ac_full_cropmask_l44_x2021_y587_sphere.tiff,8,1326,117660,2234722978
masks/20190715_p173_slide22_ac1_vz_s1_p1_r25_a25_ac_full_l1_x1_y0_cell.tiff,8,5039,89324,2234724452
masks/20190715_p176_slide14_ac1_vz_s1_p1_r4_a4_ac_full_cropmask_l20_x946_y697_sphere.tiff,8,3979,629992,2234729624
masks/20190625_p173_slide10_ac1_vz_s1_p1_r17_a17_ac_full_l1_x0_y362_cell.tiff,8,3286,61446,2234733750
masks/20190619_p173_slide8_ac1_vz_s1_p1_r6_a6_ac_full_l3_x93_y1195_cell.tiff,8,10460,157448,2234737171
masks/20190711_p176_slide2_ac1_vz_s1_p1_r4_a4_ac_full_l32768_x0_y0_nucleiexp.tiff,8,1758,36848,2234747765
masks/20190709_p176_slide16_ac1_vz_s1_p1_r7_a7_ac_full_l14_x695_y1315_cyto.tiff,8,21162,223828,2234749662
masks/20190709_p176_slide16_ac1_vz_s1_p1_r7_a7_ac_full_l8_x365_y1630_cell.tiff,8,33676,387980,2234770961
masks/20190710_p176_slide23_ac1_vz_s1_p1_r6_a6_ac_full_l29_x1298_y1525_nucleiexp.tiff,8,14319,256572,2234804773
masks/20190709_p176_slide16_ac1_vz_s1_p1_r7_a7_ac_full_l31_x1579_y291_cyto.tiff,8,8796,109762,2234819235
masks/20190619_p173_slide31_ac1_vz_s1_p1_r14_a14_ac_full_l3_x389_y144_cell.tiff,8,18900,249478,2234828168
masks/20190709_p173_slide2_ac1_vz_s1_p1_r1_a1_ac_full_l1_x0_y0_nucleiexp.tiff,8,4308,81858,2234847205
masks/20190620_p176_slide5_ac1_vz_s1_p1_r3_a3_ac_full_l1_x0_y0_cyto.tiff,8,8229,98280,2234851648
masks/20190711_p173_slide28_ac1_vz_s1_p1_r3_a3_ac_full_l1_x0_y0_nucleiexp.tiff,8,2389,50148,2234860007
masks/20190715_p173_slide16_ac1_vz_s1_p1_r17_a17_ac_full_cropmask_l1_x20_y52_sphere.tiff,8,1398,130380,2234862532
masks/20190621_p176_slide36_ac1_vz_s1_p1_r4_a4_ac_full_l1_x0_y0_nucleiexp.tiff,8,23242,368108,2234864076
masks/20190708_p173_slide26_ac1_vz_s1_p5_r78_a78_ac_full_l3_x393_y45_cell.tiff,8,10165,148934,2234887454
masks/20190619_p173_slide8_ac1_vz_s1_p1_r6_a6_ac_full_l12_x616_y997_cyto.tiff,8,31889,358792,2234897755
masks/20190715_p176_slide30_ac1_vz_s1_p1_r11_a11_ac_full_cropmask_l1_x0_y0_sphere.tiff,8,802,55380,2234929779
masks/20190709_p176_slide16_ac1_vz_s1_p1_r7_a7_ac_full_cropmask_l14_x695_y1315_sphere.tiff,8,2224,223828,2234930725
masks/20190708_p173_slide26_ac1_vz_s1_p5_r78_a78_ac_full_l2_x71_y461_cyto.tiff,8,28718,305932,2234933097
masks/20190715_p173_slide16_ac1_vz_s1_p2_r37_a37_ac_full_l9_x681_y0_cyto.tiff,8,30534,332320,2234961951
masks/20190710_p176_slide23_ac1_vz_s1_p1_r6_a6_ac_full_l29_x1298_y1525_cell.tiff,8,21097,256572,2234992620
masks/20190619_p176_slide20_ac1_vz_s1_p1_r6_a6_ac_full_l12_x525_y384_cell.tiff,8,34989,389230,2235013855
masks/20190710_p176_slide23_ac1_vz_s1_p1_r6_a6_ac_full_l22_x1041_y1752_cyto.tiff,8,12849,173132,2235048980
masks/20190709_p176_slide16_ac1_vz_s1_p1_r7_a7_ac_full_cropmask_l36_x1699_y376_sphere.tiff,8,3729,411112,2235061967
masks/20190715_p176_slide14_ac1_vz_s1_p1_r4_a4_ac_full_l9_x642_y233_cyto.tiff,8,6862,96676,2235065844
masks/20190708_p173_slide26_ac1_vz_s1_p6_r50_a50_ac_full_l1_x0_y0_cyto.tiff,8,2335,33292,2235072841
masks/20190621_p173_slide13_ac1_vz_s1_p1_r17_a17_ac_full_l6_x716_y73_cell.tiff,8,15730,216386,2235075309
masks/20190619_p176_slide20_ac1_vz_s1_p1_r6_a6_ac_full_l13_x615_y862_nucleiexp.tiff,8,19881,311524,2235091175
masks/20190708_p173_slide39_ac1_vz_s1_p1_r3_a3_ac_full_cropmask_l1_x2_y0_sphere.tiff,8,767,61388,2235111197
masks/20190620_p176_slide5_ac1_vz_s1_p1_r5_a5_ac_full_l32768_x0_y0_cell.tiff,8,2047,36590,2235112106
masks/20190711_p176_slide2_ac1_vz_s1_p1_r5_a5_ac_full_l1_x0_y0_nucleiexp.tiff,8,2345,45670,2235114287
masks/20190715_p173_slide16_ac1_vz_s1_p2_r25_a25_ac_full_l1_x0_y0_cell.tiff,8,3510,63868,2235116767
masks/20190715_p173_slide16_ac1_vz_s1_p2_r24_a24_ac_full_l1_x0_y0_nucleiexp.tiff,8,2431,67888,2235120410
masks/20190715_p176_slide30_ac1_vz_s1_p1_r2_a2_ac_full_l1_x0_y0_cell.tiff,8,7690,116228,2235122979
masks/20190708_p176_slide33_ac1_vz_s1_p1_r16_a16_ac_full_l5_x303_y97_nucleiexp.tiff,8,14214,265162,2235130800
masks/20190708_p173_slide26_ac1_vz_s1_p4_r2_a2_ac_full_l1_x1_y0_cell.tiff,8,7800,114844,2235145155
masks/20190621_p176_slide36_ac1_vz_s1_p1_r9_a9_ac_full_l2_x0_y0_cell.tiff,8,26358,337822,2235153086
masks/20190621_p173_slide13_ac1_vz_s1_p1_r8_a8_ac_full_l11_x798_y561_nucleiexp.tiff,8,21748,362356,2235179575
masks/20190620_p173_slide19_ac1_vz_s1_p1_r22_a22_ac_full_l4_x243_y1127_cyto.tiff,8,829,12676,2235201464
masks/20190621_p173_slide13_ac1_vz_s1_p1_r1_a1_ac_full_l1_x0_y1_cell.tiff,8,14164,199036,2235202431
masks/20190708_p176_slide33_ac1_vz_s1_p1_r10_a10_ac_full_l1_x0_y0_cell.tiff,8,29549,330756,2235216726
masks/20190709_p176_slide11_ac1_vz_s1_p1_r15_a15_ac_full_cropmask_l23_x1151_y1828_sphere.tiff,8,1910,191764,2235246408
masks/20190711_p173_slide28_ac1_vz_s1_p1_r8_a8_ac_full_l5_x511_y143_cyto.tiff,8,18691,192148,2235248469
masks/20190708_p173_slide26_ac1_vz_s1_p5_r77_a77_ac_full_cropmask_l2_x109_y298_sphere.tiff,8,343,12740,2235267295
masks/20190619_p176_slide20_ac1_vz_s1_p1_r6_a6_ac_full_cropmask_l1_x48_y635_sphere.tiff,8,1033,102348,2235267786
masks/20190710_p176_slide8_ac1_vz_s1_p1_r14_a14_ac_full_l6_x393_y620_nucleiexp.tiff,8,10818,224206,2235268964
masks/20190620_p173_slide19_ac1_vz_s1_p1_r22_a22_ac_full_l10_x625_y22_nucleiexp.tiff,8,3310,70988,2235279923
masks/20190708_p173_slide26_ac1_vz_s1_p5_r73_a73_ac_full_cropmask_l1_x2_y0_sphere.tiff,8,705,49840,2235283375
masks/20190619_p173_slide8_ac1_vz_s1_p1_r3_a3_ac_full_l1_x0_y0_cyto.tiff,8,8540,97788,2235284224
masks/20190620_p176_slide27_ac1_vz_s1_p1_r22_a22_ac_full_l4_x613_y188_cell.tiff,8,27211,314188,2235292894
masks/20190709_p176_slide11_ac1_vz_s1_p1_r15_a15_ac_full_l32_x1772_y838_cell.tiff,8,6906,124172,2235320242
masks/20190715_p176_slide14_ac1_vz_s1_p1_r4_a4_ac_full_l13_x616_y2164_cell.tiff,8,20834,263020,2235327287
masks/20190708_p173_slide26_ac1_vz_s1_p6_r53_a53_ac_full_cropmask_l1_x0_y0_sphere.tiff,8,2164,287844,2235348258
masks/20190619_p173_slide31_ac1_vz_s1_p1_r8_a8_ac_full_l1_x10_y0_nucleiexp.tiff,8,2758,64108,2235350566
masks/20190715_p173_slide16_ac1_vz_s1_p2_r25_a25_ac_full_l1_x0_y0_nucleiexp.tiff,8,2624,63868,2235353461
masks/20190625_p173_slide10_ac1_vz_s1_p1_r18_a18_ac_full_l3_x256_y524_cyto.tiff,8,18399,183118,2235356223
masks/20190715_p173_slide16_ac1_vz_s1_p2_r37_a37_ac_full_l12_x1006_y1322_cyto.tiff,8,6088,65580,2235374759
masks/20190620_p173_slide19_ac1_vz_s1_p1_r2_a2_ac_full_cropmask_l1_x0_y0_sphere.tiff,8,1385,136846,2235380987
masks/20190715_p176_slide14_ac1_vz_s1_p1_r4_a4_ac_full_l19_x1043_y1258_cyto.tiff,8,7446,102412,2235382514
masks/20190715_p173_slide16_ac1_vz_s1_p2_r23_a23_ac_full_l2_x134_y0_cell.tiff,8,8158,115918,2235390098
masks/20190620_p173_slide34_ac1_vz_s1_p1_r3_a3_ac_full_l1_x0_y0_cyto.tiff,8,15410,161508,2235398391
masks/20190620_p176_slide27_ac1_vz_s1_p1_r13_a13_ac_full_l2_x276_y265_nucleiexp.tiff,8,3024,69484,2235413932
masks/20190715_p173_slide16_ac1_vz_s1_p2_r37_a37_ac_full_cropmask_l8_x670_y991_sphere.tiff,8,2362,169600,2235417098
masks/20190625_p173_slide10_ac1_vz_s1_p1_r2_a2_ac_full_l2_x374_y0_cyto.tiff,8,18693,215386,2235419608
masks/20190621_p173_slide4_ac1_vz_s1_p1_r10_a10_ac_full_l1_x0_y295_cell.tiff,8,21284,266608,2235438434
masks/20190711_p176_slide39_ac1_vz_s1_p1_r4_a4_ac_full_l1_x0_y0_cell.tiff,8,11012,146350,2235459852
masks/20190715_p176_slide30_ac1_vz_s1_p1_r16_a16_ac_full_cropmask_l1_x0_y96_sphere.tiff,8,2698,365752,2235470995
masks/20190715_p173_slide22_ac1_vz_s1_p1_r27_a27_ac_full_l2_x0_y279_cyto.tiff,8,9522,129696,2235473838
masks/20190621_p173_slide13_ac1_vz_s1_p1_r4_a4_ac_full_l1_x0_y0_nucleiexp.tiff,8,3887,74380,2235483495
masks/20190625_p173_slide10_ac1_vz_s1_p1_r11_a11_ac_full_l1_x0_y0_cell.tiff,8,3474,53018,2235487518
masks/20190620_p176_slide27_ac1_vz_s1_p1_r13_a13_ac_full_l1_x10_y23_cyto.tiff,8,13102,163176,2235491125
masks/20190710_p173_slide6_ac1_vz_s1_p1_r6_a6_ac_full_l5_x151_y1219_nucleiexp.tiff,8,3595,69004,2235504362
masks/20190621_p173_slide13_ac1_vz_s1_p1_r8_a8_ac_full_l11_x798_y561_cyto.tiff,8,36134,362356,2235508097
masks/20190620_p173_slide19_ac1_vz_s1_p1_r22_a22_ac_full_cropmask_l12_x743_y981_sphere.tiff,8,1965,209152,2235544367
masks/20190715_p176_slide14_ac1_vz_s1_p1_r4_a4_ac_full_l32_x1685_y235_nucleiexp.tiff,8,4286,97918,2235546481
masks/20190625_p173_slide10_ac1_vz_s1_p1_r6_a6_ac_full_l1_x12_y0_nucleiexp.tiff,8,2358,73754,2235550909
masks/20190715_p176_slide14_ac1_vz_s1_p1_r4_a4_ac_full_cropmask_l3_x313_y767_sphere.tiff,8,1573,171958,2235553404
masks/20190619_p176_slide20_ac1_vz_s1_p1_r6_a6_ac_full_l6_x293_y650_cell.tiff,8,28419,327806,2235555123
masks/20190715_p176_slide14_ac1_vz_s1_p1_r4_a4_ac_full_l10_x700_y577_nucleiexp.tiff,8,2282,38268,2235583677
masks/20190621_p173_slide13_ac1_vz_s1_p1_r17_a17_ac_full_l7_x885_y0_cell.tiff,8,2883,45544,2235586100
masks/20190715_p176_slide14_ac1_vz_s1_p1_r4_a4_ac_full_l26_x1411_y1657_cell.tiff,8,17292,206332,2235589118
masks/20190710_p176_slide8_ac1_vz_s1_p1_r7_a7_ac_full_l1_x0_y0_nucleiexp.tiff,8,10265,179664,2235606548
masks/20190621_p176_slide36_ac1_vz_s1_p1_r5_a5_ac_full_l2_x111_y0_cyto.tiff,8,6626,81460,2235616948
masks/20190621_p176_slide36_ac1_vz_s1_p1_r9_a9_ac_full_cropmask_l1_x40_y372_sphere.tiff,8,1607,142368,2235623707
masks/20190715_p173_slide22_ac1_vz_s1_p1_r27_a27_ac_full_l1_x41_y220_nucleiexp.tiff,8,2377,63838,2235625459
masks/20190715_p176_slide14_ac1_vz_s1_p1_r4_a4_ac_full_l23_x1069_y1417_cyto.tiff,8,42699,387980,2235627977
masks/20190620_p176_slide5_ac1_vz_s1_p1_r2_a2_ac_full_l1_x3_y0_nucleiexp.tiff,8,3403,82220,2235670814
masks/20190715_p173_slide22_ac1_vz_s1_p1_r6_a6_ac_full_l1_x0_y0_cyto.tiff,8,5905,79018,2235674352
masks/20190708_p176_slide33_ac1_vz_s1_p1_r16_a16_ac_full_l8_x868_y522_nucleiexp.tiff,8,31050,506596,2235680388
masks/20190625_p173_slide10_ac1_vz_s1_p1_r18_a18_ac_full_l5_x404_y500_nucleiexp.tiff,8,13052,178828,2235711580
masks/20190619_p176_slide20_ac1_vz_s1_p1_r6_a6_ac_full_cropmask_l20_x959_y729_sphere.tiff,8,4339,620374,2235724774
masks/20190710_p176_slide23_ac1_vz_s1_p1_r6_a6_ac_full_cropmask_l40_x1858_y1368_sphere.tiff,8,842,44748,2235729260
masks/20190715_p176_slide30_ac1_vz_s1_p1_r7_a7_ac_full_l1_x0_y0_cell.tiff,8,18754,211328,2235730251
masks/20190708_p173_slide26_ac1_vz_s1_p5_r77_a77_ac_full_l5_x186_y655_nucleiexp.tiff,8,3560,80656,2235749136
masks/20190715_p173_slide16_ac1_vz_s1_p1_r2_a2_ac_full_l2_x130_y0_cyto.tiff,8,10214,115076,2235752838
masks/20190620_p176_slide27_ac1_vz_s1_p1_r1_a1_ac_full_l1_x0_y12_nucleiexp.tiff,8,8633,164968,2235763185
masks/20190709_p176_slide16_ac1_vz_s1_p1_r7_a7_ac_full_cropmask_l17_x784_y440_sphere.tiff,8,1908,187468,2235771955
masks/20190620_p176_slide27_ac1_vz_s1_p1_r15_a15_ac_full_l2_x31_y0_cell.tiff,8,21652,281500,2235774010
masks/20190621_p176_slide36_ac1_vz_s1_p1_r4_a4_ac_full_cropmask_l1_x0_y0_sphere.tiff,8,2380,368108,2235795796
masks/20190709_p176_slide16_ac1_vz_s1_p1_r7_a7_ac_full_l35_x1687_y1190_cell.tiff,8,11525,176626,2235798318
masks/20190708_p173_slide26_ac1_vz_s1_p6_r50_a50_ac_full_cropmask_l1_x0_y0_sphere.tiff,8,593,33292,2235809981
masks/20190619_p173_slide31_ac1_vz_s1_p1_r14_a14_ac_full_cropmask_l3_x389_y144_sphere.tiff,8,2212,249478,2235810718
masks/20190715_p176_slide14_ac1_vz_s1_p1_r4_a4_ac_full_cropmask_l32_x1685_y235_sphere.tiff,8,1283,97918,2235813078
masks/20190709_p176_slide11_ac1_vz_s1_p1_r15_a15_ac_full_cropmask_l29_x1428_y715_sphere.tiff,8,2919,251332,2235814509
masks/20190620_p173_slide19_ac1_vz_s1_p1_r22_a22_ac_full_l18_x1396_y495_cyto.tiff,8,20826,240388,2235817578
masks/20190619_p173_slide31_ac1_vz_s1_p1_r5_a5_ac_full_l1_x0_y0_cell.tiff,8,5246,85042,2235838543
masks/20190620_p176_slide5_ac1_vz_s1_p1_r10_a10_ac_full_l1_x0_y0_cyto.tiff,8,6343,79072,2235843920
masks/20190708_p176_slide33_ac1_vz_s1_p1_r16_a16_ac_full_l1_x0_y0_cell.tiff,8,13507,183240,2235850395
masks/20190708_p173_slide26_ac1_vz_s1_p4_r1_a1_ac_full_l1_x0_y0_cyto.tiff,8,4111,58728,2235864035
masks/20190621_p173_slide4_ac1_vz_s1_p1_r16_a16_ac_full_l1_x92_y213_cyto.tiff,8,11917,149698,2235868277
masks/20190710_p176_slide23_ac1_vz_s1_p1_r6_a6_ac_full_l45_x2183_y360_cell.tiff,8,14514,196204,2235880329
masks/20190621_p173_slide13_ac1_vz_s1_p1_r10_a10_ac_full_l4_x481_y124_cell.tiff,8,13097,157216,2235894980
masks/20190715_p176_slide14_ac1_vz_s1_p1_r4_a4_ac_full_l31_x1707_y59_cyto.tiff,8,3943,66008,2235908214
masks/20190715_p173_slide16_ac1_vz_s1_p2_r21_a21_ac_full_cropmask_l2_x175_y26_sphere.tiff,8,547,24544,2235912293
masks/20190709_p176_slide16_ac1_vz_s1_p1_r7_a7_ac_full_l7_x326_y2018_cyto.tiff,8,30220,309688,2235912987
masks/20190709_p176_slide16_ac1_vz_s1_p1_r7_a7_ac_full_l15_x752_y150_cyto.tiff,8,16149,181228,2235943343
masks/20190620_p173_slide19_ac1_vz_s1_p1_r22_a22_ac_full_l15_x932_y759_cyto.tiff,8,19671,204550,2235959628
masks/20190715_p173_slide16_ac1_vz_s1_p2_r27_a27_ac_full_l2_x70_y205_cell.tiff,8,3587,49868,2235979437
masks/20190715_p176_slide14_ac1_vz_s1_p1_r4_a4_ac_full_cropmask_l39_x2164_y333_sphere.tiff,8,1933,179980,2235983160
masks/20190709_p176_slide11_ac1_vz_s1_p1_r15_a15_ac_full_l16_x816_y68_cell.tiff,8,4905,123820,2235985241
masks/20190710_p176_slide23_ac1_vz_s1_p1_r6_a6_ac_full_cropmask_l3_x246_y862_sphere.tiff,8,869,58018,2235990283
masks/20190710_p176_slide23_ac1_vz_s1_p1_r6_a6_ac_full_cropmask_l13_x681_y1816_sphere.tiff,8,2601,298992,2235991298
masks/20190621_p173_slide13_ac1_vz_s1_p1_r3_a3_ac_full_l1_x5_y0_cyto.tiff,8,36055,396742,2235994047
masks/20190620_p173_slide19_ac1_vz_s1_p1_r9_a9_ac_full_cropmask_l1_x0_y221_sphere.tiff,8,1666,137860,2236030233
masks/20190619_p176_slide20_ac1_vz_s1_p1_r6_a6_ac_full_l5_x223_y1835_cell.tiff,8,28217,330532,2236032043
masks/20190715_p173_slide16_ac1_vz_s1_p2_r37_a37_ac_full_l12_x1006_y1322_nucleiexp.tiff,8,3715,65580,2236060396
masks/20190715_p173_slide16_ac1_vz_s1_p1_r4_a4_ac_full_cropmask_l1_x0_y0_sphere.tiff,8,931,62892,2236064256
masks/20190625_p173_slide10_ac1_vz_s1_p1_r17_a17_ac_full_l2_x37_y0_nucleiexp.tiff,8,716,22835,2236065329
masks/20190620_p173_slide19_ac1_vz_s1_p1_r22_a22_ac_full_l13_x747_y683_cyto.tiff,8,27397,272578,2236066184
masks/20190621_p173_slide4_ac1_vz_s1_p1_r16_a16_ac_full_cropmask_l3_x263_y238_sphere.tiff,8,2756,230608,2236093719
masks/20190715_p173_slide16_ac1_vz_s1_p1_r2_a2_ac_full_cropmask_l2_x130_y0_sphere.tiff,8,1211,115076,2236096622
masks/20190711_p173_slide28_ac1_vz_s1_p1_r8_a8_ac_full_l2_x253_y323_nucleiexp.tiff,8,11323,188392,2236097977
masks/20190711_p173_slide28_ac1_vz_s1_p1_r8_a8_ac_full_l4_x454_y0_nucleiexp.tiff,8,232,11554,2236109440
masks/20190711_p176_slide39_ac1_vz_s1_p1_r6_a6_ac_full_l2_x0_y560_nucleiexp.tiff,8,19004,363212,2236109810
masks/20190715_p173_slide22_ac1_vz_s1_p1_r18_a18_ac_full_cropmask_l2_x207_y0_sphere.tiff,8,2576,288304,2236128952
masks/20190621_p176_slide36_ac1_vz_s1_p1_r5_a5_ac_full_l2_x111_y0_cell.tiff,8,5348,81460,2236131674
masks/20190709_p176_slide16_ac1_vz_s1_p1_r7_a7_ac_full_l30_x1389_y740_cyto.tiff,8,42416,413296,2236137155
masks/20190715_p176_slide14_ac1_vz_s1_p1_r4_a4_ac_full_l14_x718_y1246_nucleiexp.tiff,8,12499,226708,2236179708
masks/20190710_p173_slide36_ac1_vz_s1_p1_r4_a4_ac_full_l1_x0_y0_cyto.tiff,8,14688,144868,2236192349
masks/20190708_p173_slide26_ac1_vz_s1_p4_r31_a31_ac_full_l4_x867_y0_cyto.tiff,8,13159,153726,2236207168
masks/20190620_p176_slide27_ac1_vz_s1_p1_r16_a16_ac_full_cropmask_l2_x74_y209_sphere.tiff,8,4413,526528,2236220462
masks/20190620_p176_slide27_ac1_vz_s1_p1_r10_a10_ac_full_l1_x4_y0_cyto.tiff,8,16852,173548,2236225022
masks/20190708_p173_slide26_ac1_vz_s1_p5_r68_a68_ac_full_l32768_x0_y0_cell.tiff,8,1063,26210,2236242007
masks/20190625_p173_slide10_ac1_vz_s1_p1_r11_a11_ac_full_cropmask_l1_x0_y0_sphere.tiff,8,756,53018,2236243207
masks/20190620_p173_slide34_ac1_vz_s1_p1_r6_a6_ac_full_l1_x50_y483_cyto.tiff,8,5416,74932,2236244107
masks/20190715_p173_slide16_ac1_vz_s1_p2_r21_a21_ac_full_l4_x279_y166_cyto.tiff,8,1376,17867,2236249657
masks/20190715_p173_slide16_ac1_vz_s1_p1_r14_a14_ac_full_l1_x0_y2_cell.tiff,8,9198,126508,2236251170
masks/20190625_p173_slide10_ac1_vz_s1_p1_r17_a17_ac_full_cropmask_l8_x649_y0_sphere.tiff,8,2931,356428,2236260501
masks/20190715_p176_slide14_ac1_vz_s1_p1_r4_a4_ac_full_cropmask_l6_x357_y1545_sphere.tiff,8,3556,385132,2236263578
masks/20190709_p176_slide11_ac1_vz_s1_p1_r15_a15_ac_full_l27_x1404_y1754_cell.tiff,8,16180,218704,2236267281
masks/20190708_p173_slide26_ac1_vz_s1_p5_r78_a78_ac_full_l5_x680_y0_nucleiexp.tiff,8,10083,190888,2236283601
masks/20190709_p173_slide2_ac1_vz_s1_p1_r11_a11_ac_full_l3_x174_y143_nucleiexp.tiff,8,9259,192358,2236293824
masks/20190708_p176_slide33_ac1_vz_s1_p1_r16_a16_ac_full_l3_x78_y596_nucleiexp.tiff,8,10511,215364,2236303224
masks/20190708_p173_slide26_ac1_vz_s1_p6_r56_a56_ac_full_l1_x0_y0_cyto.tiff,8,14358,154100,2236313876
masks/20190715_p176_slide14_ac1_vz_s1_p1_r4_a4_ac_full_l18_x934_y2173_cell.tiff,8,4772,82220,2236328367
masks/20190709_p176_slide11_ac1_vz_s1_p1_r15_a15_ac_full_l33_x1726_y195_cyto.tiff,8,27276,300268,2236333276
masks/20190709_p173_slide2_ac1_vz_s1_p1_r3_a3_ac_full_l1_x0_y0_cyto.tiff,8,4211,59788,2236360691
masks/20190625_p173_slide10_ac1_vz_s1_p1_r9_a9_ac_full_l2_x111_y191_cell.tiff,8,6141,92288,2236365032
masks/20190709_p176_slide16_ac1_vz_s1_p1_r7_a7_ac_full_l23_x1043_y1491_cell.tiff,8,33409,389100,2236371308
masks/20190711_p173_slide28_ac1_vz_s1_p1_r8_a8_ac_full_l3_x254_y137_cell.tiff,8,16121,191628,2236404855
masks/20190619_p176_slide20_ac1_vz_s1_p1_r6_a6_ac_full_l41_x2218_y525_cyto.tiff,8,18217,206448,2236421111
masks/20190715_p173_slide22_ac1_vz_s1_p1_r13_a13_ac_full_cropmask_l2_x209_y185_sphere.tiff,8,1617,122600,2236439465
masks/20190620_p176_slide27_ac1_vz_s1_p1_r22_a22_ac_full_l3_x377_y13_cyto.tiff,8,27953,292876,2236441230
masks/20190619_p176_slide43_ac1_vz_s1_p1_r2_a2_ac_full_l1_x0_y0_cell.tiff,8,14506,193228,2236469319
masks/20190708_p173_slide39_ac1_vz_s1_p1_r7_a7_ac_full_l1_x0_y0_nucleiexp.tiff,8,5780,97328,2236483956
masks/20190619_p173_slide8_ac1_vz_s1_p1_r6_a6_ac_full_l2_x34_y674_nucleiexp.tiff,8,4102,83088,2236489872
masks/20190625_p173_slide10_ac1_vz_s1_p1_r17_a17_ac_full_cropmask_l4_x143_y160_sphere.tiff,8,997,87068,2236494112
masks/20190620_p173_slide19_ac1_vz_s1_p1_r22_a22_ac_full_cropmask_l5_x256_y515_sphere.tiff,8,1104,75816,2236495257
masks/20190715_p173_slide16_ac1_vz_s1_p2_r37_a37_ac_full_l8_x670_y991_nucleiexp.tiff,8,11195,169600,2236496509
masks/20190621_p173_slide13_ac1_vz_s1_p1_r10_a10_ac_full_l3_x399_y98_cell.tiff,8,11736,134004,2236507846
masks/20190715_p173_slide16_ac1_vz_s1_p2_r37_a37_ac_full_l5_x392_y501_cell.tiff,8,12494,169502,2236519718
masks/20190708_p173_slide26_ac1_vz_s1_p4_r5_a5_ac_full_l1_x0_y122_cell.tiff,8,3601,70900,2236532349
masks/20190708_p173_slide26_ac1_vz_s1_p6_r46_a46_ac_full_l1_x0_y0_nucleiexp.tiff,8,9375,162772,2236536083
masks/20190710_p173_slide6_ac1_vz_s1_p1_r6_a6_ac_full_cropmask_l7_x217_y829_sphere.tiff,8,1864,168370,2236545596
masks/20190620_p173_slide19_ac1_vz_s1_p1_r4_a4_ac_full_l1_x0_y0_cell.tiff,8,5579,86724,2236547605
masks/20190621_p173_slide13_ac1_vz_s1_p1_r8_a8_ac_full_l2_x85_y426_nucleiexp.tiff,8,4132,95388,2236553315
masks/20190625_p173_slide10_ac1_vz_s1_p1_r17_a17_ac_full_l5_x96_y426_cyto.tiff,8,31232,348028,2236557586
masks/20190620_p173_slide19_ac1_vz_s1_p1_r22_a22_ac_full_l17_x1296_y407_cyto.tiff,8,5214,69968,2236588954
masks/20190709_p176_slide11_ac1_vz_s1_p1_r15_a15_ac_full_l9_x503_y1561_nucleiexp.tiff,8,13290,222038,2236594307
masks/20190708_p173_slide39_ac1_vz_s1_p1_r1_a1_ac_full_l1_x0_y0_cell.tiff,8,18817,246618,2236607740
masks/20190621_p173_slide4_ac1_vz_s1_p1_r10_a10_ac_full_l2_x47_y0_cell.tiff,8,16826,215308,2236626688
masks/20190709_p176_slide16_ac1_vz_s1_p1_r7_a7_ac_full_cropmask_l11_x552_y964_sphere.tiff,8,3085,321628,2236643647
masks/20190715_p173_slide16_ac1_vz_s1_p2_r21_a21_ac_full_l3_x278_y109_cell.tiff,8,1422,16467,2236646879
masks/20190619_p173_slide31_ac1_vz_s1_p1_r14_a14_ac_full_l3_x389_y144_nucleiexp.tiff,8,14023,249478,2236648438
masks/20190708_p173_slide26_ac1_vz_s1_p4_r25_a25_ac_full_l1_x0_y0_cell.tiff,8,8668,135964,2236662603
masks/20190715_p173_slide22_ac1_vz_s1_p1_r16_a16_ac_full_l1_x0_y0_nucleiexp.tiff,8,5843,115404,2236671404
masks/20190709_p176_slide16_ac1_vz_s1_p1_r7_a7_ac_full_l43_x2301_y814_cell.tiff,8,21906,280756,2236677385
masks/20190709_p176_slide16_ac1_vz_s1_p1_r7_a7_ac_full_l24_x1258_y2323_nucleiexp.tiff,8,7292,164212,2236699428
masks/20190621_p176_slide36_ac1_vz_s1_p1_r12_a12_ac_full_l3_x411_y92_cell.tiff,8,23045,280224,2236706863
masks/20190708_p173_slide26_ac1_vz_s1_p4_r17_a17_ac_full_l1_x0_y0_cyto.tiff,8,8373,131974,2236730044
masks/20190710_p176_slide8_ac1_vz_s1_p1_r14_a14_ac_full_cropmask_l4_x220_y1251_sphere.tiff,8,1755,187522,2236738550
masks/20190710_p176_slide23_ac1_vz_s1_p1_r6_a6_ac_full_l15_x730_y612_nucleiexp.tiff,8,10593,216238,2236740453
masks/20190620_p176_slide5_ac1_vz_s1_p1_r10_a10_ac_full_cropmask_l1_x0_y0_sphere.tiff,8,1039,79072,2236751187
masks/20190619_p173_slide31_ac1_vz_s1_p1_r6_a6_ac_full_l1_x0_y0_nucleiexp.tiff,8,8113,264652,2236752369
masks/20190621_p173_slide13_ac1_vz_s1_p1_r8_a8_ac_full_l9_x463_y460_cyto.tiff,8,40333,461512,2236760618
masks/20190715_p176_slide14_ac1_vz_s1_p1_r4_a4_ac_full_l41_x2362_y759_cyto.tiff,8,27179,294532,2236801086
masks/20190710_p173_slide6_ac1_vz_s1_p1_r2_a2_ac_full_l32768_x0_y0_cell.tiff,8,2647,49568,2236828402
masks/20190709_p173_slide2_ac1_vz_s1_p1_r7_a7_ac_full_l1_x0_y0_nucleiexp.tiff,8,8449,145676,2236831183
masks/20190710_p176_slide8_ac1_vz_s1_p1_r14_a14_ac_full_l12_x915_y208_nucleiexp.tiff,8,9817,183880,2236839767
masks/20190708_p173_slide26_ac1_vz_s1_p4_r15_a15_ac_full_l1_x0_y137_cyto.tiff,8,6899,73738,2236849726
masks/20190620_p176_slide5_ac1_vz_s1_p1_r4_a4_ac_full_l1_x0_y2_nucleiexp.tiff,8,3016,68668,2236856760
masks/20190619_p176_slide20_ac1_vz_s1_p1_r6_a6_ac_full_cropmask_l16_x784_y270_sphere.tiff,8,1150,72436,2236859911
masks/20190708_p173_slide26_ac1_vz_s1_p5_r78_a78_ac_full_l5_x680_y0_cell.tiff,8,12979,190888,2236861208
masks/20190711_p173_slide28_ac1_vz_s1_p1_r13_a13_ac_full_l7_x976_y166_cell.tiff,8,19472,266590,2236874322
masks/20190715_p176_slide30_ac1_vz_s1_p1_r12_a12_ac_full_cropmask_l1_x0_y0_sphere.tiff,8,908,71328,2236893931
masks/20190709_p176_slide11_ac1_vz_s1_p1_r15_a15_ac_full_l16_x816_y68_nucleiexp.tiff,8,3385,123820,2236894983
masks/20190709_p176_slide16_ac1_vz_s1_p1_r7_a7_ac_full_l35_x1687_y1190_nucleiexp.tiff,8,8695,176626,2236898510
masks/20190709_p176_slide47_ac1_vz_s1_p1_r4_a4_ac_full_l1_x0_y13_cell.tiff,8,8724,141388,2236907348
masks/20190715_p176_slide14_ac1_vz_s1_p1_r4_a4_ac_full_l35_x1794_y328_cyto.tiff,8,37866,370004,2236916204
masks/20190715_p173_slide16_ac1_vz_s1_p1_r4_a4_ac_full_l2_x84_y92_nucleiexp.tiff,8,4809,107232,2236954207
masks/20190619_p173_slide31_ac1_vz_s1_p1_r2_a2_ac_full_l1_x0_y0_cell.tiff,8,5901,81892,2236959154
masks/20190708_p173_slide26_ac1_vz_s1_p6_r46_a46_ac_full_l1_x0_y0_cell.tiff,8,12654,162772,2236965186
masks/20190620_p173_slide19_ac1_vz_s1_p1_r22_a22_ac_full_l11_x726_y102_cyto.tiff,8,9773,116668,2236977973
masks/20190715_p173_slide16_ac1_vz_s1_p2_r37_a37_ac_full_cropmask_l9_x681_y0_sphere.tiff,8,2814,332320,2236987884
masks/20190709_p176_slide11_ac1_vz_s1_p1_r15_a15_ac_full_l12_x568_y1232_nucleiexp.tiff,8,17777,296716,2236990844
masks/20190715_p173_slide16_ac1_vz_s1_p2_r37_a37_ac_full_l10_x790_y744_nucleiexp.tiff,8,8205,181618,2237008765
masks/20190620_p173_slide19_ac1_vz_s1_p1_r22_a22_ac_full_cropmask_l4_x243_y1127_sphere.tiff,8,400,12676,2237017113
masks/20190619_p176_slide20_ac1_vz_s1_p1_r6_a6_ac_full_cropmask_l21_x1121_y1969_sphere.tiff,8,1786,150550,2237017662
masks/20190708_p176_slide33_ac1_vz_s1_p1_r3_a3_ac_full_cropmask_l2_x0_y0_sphere.tiff,8,784,39958,2237019597
masks/20190620_p176_slide5_ac1_vz_s1_p1_r3_a3_ac_full_cropmask_l1_x0_y0_sphere.tiff,8,1062,98280,2237020523
masks/20190715_p176_slide14_ac1_vz_s1_p1_r4_a4_ac_full_l25_x1371_y147_cell.tiff,8,15285,199308,2237021726
masks/20190711_p176_slide39_ac1_vz_s1_p1_r6_a6_ac_full_l6_x730_y494_nucleiexp.tiff,8,25016,410744,2237037148
masks/20190619_p173_slide8_ac1_vz_s1_p1_r6_a6_ac_full_l18_x1199_y420_nucleiexp.tiff,8,9959,219262,2237062304
masks/20190619_p173_slide31_ac1_vz_s1_p1_r13_a13_ac_full_l1_x0_y0_cell.tiff,8,11236,141730,2237072404
masks/20190711_p173_slide28_ac1_vz_s1_p1_r3_a3_ac_full_l1_x0_y0_cell.tiff,8,3259,50148,2237083773
masks/20190620_p176_slide27_ac1_vz_s1_p1_r11_a11_ac_full_l1_x1_y11_cell.tiff,8,7273,127948,2237087163
masks/20190620_p173_slide19_ac1_vz_s1_p1_r11_a11_ac_full_cropmask_l1_x0_y0_sphere.tiff,8,1027,87068,2237094570
masks/20190709_p176_slide47_ac1_vz_s1_p1_r6_a6_ac_full_l1_x0_y0_cell.tiff,8,21337,268492,2237095741
masks/20190710_p176_slide23_ac1_vz_s1_p1_r6_a6_ac_full_cropmask_l29_x1298_y1525_sphere.tiff,8,2621,256572,2237117209
masks/20190711_p176_slide2_ac1_vz_s1_p1_r5_a5_ac_full_cropmask_l1_x0_y0_sphere.tiff,8,760,45670,2237119979
masks/20190715_p176_slide14_ac1_vz_s1_p1_r4_a4_ac_full_l36_x1955_y137_nucleiexp.tiff,8,3210,87622,2237120880
masks/20190709_p176_slide11_ac1_vz_s1_p1_r15_a15_ac_full_l33_x1726_y195_nucleiexp.tiff,8,16005,300268,2237124232
masks/20190715_p173_slide16_ac1_vz_s1_p1_r3_a3_ac_full_l32768_x0_y0_cyto.tiff,8,3030,61960,2237140381
masks/20190715_p173_slide16_ac1_vz_s1_p1_r9_a9_ac_full_cropmask_l1_x17_y0_sphere.tiff,8,973,86830,2237143546
masks/20190715_p173_slide16_ac1_vz_s1_p1_r8_a8_ac_full_l1_x41_y452_cell.tiff,8,2413,34012,2237144662
masks/20190710_p173_slide36_ac1_vz_s1_p1_r13_a13_ac_full_l3_x231_y214_nucleiexp.tiff,8,5794,120156,2237147209
masks/20190620_p173_slide19_ac1_vz_s1_p1_r22_a22_ac_full_l5_x256_y515_cell.tiff,8,4238,75816,2237153145
masks/20190710_p176_slide23_ac1_vz_s1_p1_r6_a6_ac_full_cropmask_l17_x968_y1692_sphere.tiff,8,943,53588,2237157520
masks/20190619_p176_slide20_ac1_vz_s1_p1_r6_a6_ac_full_l3_x82_y1305_cyto.tiff,8,21207,246444,2237158611
masks/20190625_p173_slide10_ac1_vz_s1_p1_r18_a18_ac_full_cropmask_l5_x404_y500_sphere.tiff,8,2704,178828,2237179953
masks/20190619_p173_slide31_ac1_vz_s1_p1_r11_a11_ac_full_l2_x217_y72_cell.tiff,8,17343,204424,2237182805
masks/20190619_p176_slide43_ac1_vz_s1_p1_r6_a6_ac_full_cropmask_l1_x0_y0_sphere.tiff,8,2026,261562,2237200284
masks/20190709_p176_slide11_ac1_vz_s1_p1_r15_a15_ac_full_l8_x513_y962_nucleiexp.tiff,8,3829,66968,2237202452
masks/20190711_p176_slide39_ac1_vz_s1_p1_r6_a6_ac_full_l2_x0_y560_cell.tiff,8,26707,363212,2237206423
masks/20190715_p173_slide16_ac1_vz_s1_p2_r20_a20_ac_full_l1_x0_y0_cell.tiff,8,22722,276288,2237233263
masks/20190710_p176_slide23_ac1_vz_s1_p1_r6_a6_ac_full_cropmask_l25_x1176_y25_sphere.tiff,8,1820,205444,2237256118
masks/20190715_p176_slide30_ac1_vz_s1_p1_r5_a5_ac_full_l1_x0_y0_nucleiexp.tiff,8,11597,205228,2237258085
masks/20190715_p173_slide16_ac1_vz_s1_p2_r37_a37_ac_full_cropmask_l2_x18_y0_sphere.tiff,8,1331,131668,2237269818
masks/20190715_p173_slide22_ac1_vz_s1_p1_r25_a25_ac_full_cropmask_l1_x1_y0_sphere.tiff,8,1015,89324,2237271294
masks/20190619_p176_slide20_ac1_vz_s1_p1_r6_a6_ac_full_l38_x2028_y1199_nucleiexp.tiff,8,2533,74694,2237272453
masks/20190619_p173_slide8_ac1_vz_s1_p1_r6_a6_ac_full_cropmask_l8_x339_y545_sphere.tiff,8,1419,133228,2237275129
masks/20190715_p176_slide14_ac1_vz_s1_p1_r4_a4_ac_full_l33_x1603_y1376_nucleiexp.tiff,8,22139,393652,2237276693
masks/20190710_p176_slide8_ac1_vz_s1_p1_r4_a4_ac_full_l1_x0_y0_nucleiexp.tiff,8,4059,96940,2237298975
masks/20190619_p173_slide31_ac1_vz_s1_p1_r9_a9_ac_full_cropmask_l1_x0_y0_sphere.tiff,8,1109,108124,2237303169
masks/20190708_p176_slide33_ac1_vz_s1_p1_r16_a16_ac_full_l6_x412_y338_cell.tiff,8,46895,550408,2237304420
masks/20190709_p176_slide16_ac1_vz_s1_p1_r7_a7_ac_full_l5_x255_y839_nucleiexp.tiff,8,12303,243628,2237351452
masks/20190709_p176_slide16_ac1_vz_s1_p1_r7_a7_ac_full_l34_x1571_y1467_nucleiexp.tiff,8,19188,359020,2237363895
masks/20190620_p176_slide27_ac1_vz_s1_p1_r22_a22_ac_full_l3_x377_y13_nucleiexp.tiff,8,16509,292876,2237383226
masks/20190709_p176_slide47_ac1_vz_s1_p1_r1_a1_ac_full_l1_x0_y59_cyto.tiff,8,4620,60484,2237399876
masks/20190620_p173_slide19_ac1_vz_s1_p1_r9_a9_ac_full_l2_x182_y400_cyto.tiff,8,8318,95532,2237404628
masks/20190710_p176_slide23_ac1_vz_s1_p1_r6_a6_ac_full_l19_x994_y1524_cyto.tiff,8,1521,39468,2237413081
masks/20190709_p176_slide11_ac1_vz_s1_p1_r15_a15_ac_full_l23_x1151_y1828_cell.tiff,8,14952,191764,2237414739
masks/20190715_p173_slide22_ac1_vz_s1_p1_r18_a18_ac_full_l2_x207_y0_cyto.tiff,8,28509,288304,2237429831
masks/20190710_p176_slide8_ac1_vz_s1_p1_r14_a14_ac_full_l11_x871_y475_nucleiexp.tiff,8,17582,305164,2237458475
masks/20190715_p173_slide22_ac1_vz_s1_p1_r13_a13_ac_full_cropmask_l1_x0_y0_sphere.tiff,8,2074,227298,2237476199
masks/20190715_p176_slide14_ac1_vz_s1_p1_r4_a4_ac_full_l30_x1552_y2176_cyto.tiff,8,13163,173138,2237478417
masks/20190708_p176_slide33_ac1_vz_s1_p1_r2_a2_ac_full_l1_x0_y0_cyto.tiff,8,37517,348876,2237491718
masks/20190710_p173_slide6_ac1_vz_s1_p1_r6_a6_ac_full_cropmask_l3_x46_y161_sphere.tiff,8,2790,280504,2237529366
masks/20190715_p176_slide14_ac1_vz_s1_p1_r4_a4_ac_full_l40_x2245_y1193_nucleiexp.tiff,8,8105,172492,2237532300
masks/20190715_p173_slide16_ac1_vz_s1_p2_r21_a21_ac_full_l1_x0_y33_nucleiexp.tiff,8,13728,215434,2237540548
masks/20190709_p176_slide11_ac1_vz_s1_p1_r15_a15_ac_full_l31_x1669_y532_nucleiexp.tiff,8,14028,261720,2237554415
masks/20190619_p176_slide20_ac1_vz_s1_p1_r6_a6_ac_full_l32_x1537_y493_cyto.tiff,8,23078,230728,2237568587
masks/20190621_p173_slide13_ac1_vz_s1_p1_r8_a8_ac_full_l7_x347_y700_cell.tiff,8,2222,53388,2237591802
masks/20190715_p176_slide14_ac1_vz_s1_p1_r4_a4_ac_full_cropmask_l40_x2245_y1193_sphere.tiff,8,1864,172492,2237594159
masks/20190715_p173_slide22_ac1_vz_s1_p1_r15_a15_ac_full_l1_x0_y0_nucleiexp.tiff,8,5272,94196,2237596172
masks/20190710_p176_slide8_ac1_vz_s1_p1_r14_a14_ac_full_l13_x1133_y0_cyto.tiff,8,17859,206858,2237601582
masks/20190709_p176_slide16_ac1_vz_s1_p1_r7_a7_ac_full_cropmask_l10_x575_y337_sphere.tiff,8,1526,115584,2237619577
masks/20190708_p173_slide26_ac1_vz_s1_p4_r21_a21_ac_full_l32768_x0_y0_nucleiexp.tiff,8,492,18753,2237621250
masks/20190715_p173_slide16_ac1_vz_s1_p2_r37_a37_ac_full_l16_x1235_y259_nucleiexp.tiff,8,531,40012,2237621884
masks/20190715_p173_slide16_ac1_vz_s1_p2_r37_a37_ac_full_cropmask_l5_x392_y501_sphere.tiff,8,1996,169502,2237622559
masks/20190620_p176_slide27_ac1_vz_s1_p1_r22_a22_ac_full_l4_x613_y188_nucleiexp.tiff,8,18573,314188,2237624703
masks/20190709_p176_slide11_ac1_vz_s1_p1_r15_a15_ac_full_cropmask_l14_x762_y650_sphere.tiff,8,1675,134268,2237643418
masks/20190710_p173_slide6_ac1_vz_s1_p1_r6_a6_ac_full_cropmask_l14_x751_y1253_sphere.tiff,8,3207,283312,2237645242
masks/20190709_p176_slide16_ac1_vz_s1_p1_r7_a7_ac_full_l10_x575_y337_cyto.tiff,8,10075,115584,2237648596
masks/20190708_p173_slide26_ac1_vz_s1_p5_r64_a64_ac_full_cropmask_l1_x0_y0_sphere.tiff,8,830,58096,2237658807
masks/20190710_p173_slide6_ac1_vz_s1_p1_r6_a6_ac_full_l8_x238_y433_cell.tiff,8,10860,134412,2237659781
masks/20190621_p173_slide13_ac1_vz_s1_p1_r8_a8_ac_full_l11_x798_y561_cell.tiff,8,30103,362356,2237670775
masks/20190709_p176_slide16_ac1_vz_s1_p1_r7_a7_ac_full_l34_x1571_y1467_cell.tiff,8,27657,359020,2237701014
masks/20190621_p173_slide4_ac1_vz_s1_p1_r16_a16_ac_full_l5_x605_y427_cyto.tiff,8,18891,201058,2237728809
masks/20190619_p176_slide20_ac1_vz_s1_p1_r6_a6_ac_full_l16_x784_y270_cell.tiff,8,4347,72436,2237747836
masks/20190709_p173_slide2_ac1_vz_s1_p1_r11_a11_ac_full_l3_x174_y143_cyto.tiff,8,15615,192358,2237752319
masks/20190621_p173_slide4_ac1_vz_s1_p1_r16_a16_ac_full_l2_x233_y88_cell.tiff,8,4861,83440,2237768070
masks/20190709_p176_slide47_ac1_vz_s1_p1_r1_a1_ac_full_l2_x5_y0_cyto.tiff,8,3520,48020,2237773066
masks/20190709_p176_slide16_ac1_vz_s1_p1_r7_a7_ac_full_l15_x752_y150_nucleiexp.tiff,8,9431,181228,2237776717
masks/20190619_p173_slide8_ac1_vz_s1_p1_r6_a6_ac_full_l9_x416_y292_cyto.tiff,8,10619,129282,2237786289
masks/20190621_p173_slide13_ac1_vz_s1_p1_r17_a17_ac_full_l5_x495_y264_cyto.tiff,8,8601,126884,2237797042
masks/20190619_p176_slide20_ac1_vz_s1_p1_r6_a6_ac_full_l23_x1206_y2272_cyto.tiff,8,4105,66354,2237805780
masks/20190710_p176_slide8_ac1_vz_s1_p1_r14_a14_ac_full_l9_x694_y745_nucleiexp.tiff,8,14335,240988,2237810023
masks/20190715_p176_slide30_ac1_vz_s1_p1_r16_a16_ac_full_l3_x337_y276_cell.tiff,8,19146,240844,2237824499
masks/20190709_p176_slide11_ac1_vz_s1_p1_r15_a15_ac_full_cropmask_l28_x1386_y985_sphere.tiff,8,3334,380388,2237843782
masks/20190710_p176_slide8_ac1_vz_s1_p1_r14_a14_ac_full_l3_x99_y784_cyto.tiff,8,16318,201840,2237847266
masks/20190621_p173_slide13_ac1_vz_s1_p1_r10_a10_ac_full_l2_x267_y0_cell.tiff,8,7340,106540,2237863719
masks/20190710_p176_slide8_ac1_vz_s1_p1_r1_a1_ac_full_l1_x0_y0_cyto.tiff,8,5563,67068,2237871194
masks/20190715_p173_slide16_ac1_vz_s1_p1_r6_a6_ac_full_l1_x0_y0_cyto.tiff,8,43169,474574,2237876887
masks/20190710_p173_slide6_ac1_vz_s1_p1_r6_a6_ac_full_l10_x370_y131_cell.tiff,8,11949,170794,2237920187
masks/20190715_p176_slide30_ac1_vz_s1_p1_r7_a7_ac_full_cropmask_l1_x0_y0_sphere.tiff,8,1620,211328,2237932271
masks/20190711_p176_slide39_ac1_vz_s1_p1_r6_a6_ac_full_cropmask_l6_x730_y494_sphere.tiff,8,3171,410744,2237934033
masks/20190709_p176_slide11_ac1_vz_s1_p1_r15_a15_ac_full_l14_x762_y650_nucleiexp.tiff,8,7757,134268,2237937350
masks/20190715_p173_slide16_ac1_vz_s1_p1_r7_a7_ac_full_l1_x0_y0_cell.tiff,8,17241,219872,2237945250
masks/20190621_p173_slide13_ac1_vz_s1_p1_r8_a8_ac_full_l4_x54_y1161_cyto.tiff,8,53386,527452,2237962622
masks/20190709_p176_slide11_ac1_vz_s1_p1_r15_a15_ac_full_cropmask_l24_x1146_y730_sphere.tiff,8,2336,252858,2238016143
masks/20190708_p173_slide26_ac1_vz_s1_p4_r5_a5_ac_full_cropmask_l2_x0_y282_sphere.tiff,8,3275,451068,2238018629
masks/20190709_p176_slide47_ac1_vz_s1_p1_r6_a6_ac_full_l1_x0_y0_nucleiexp.tiff,8,14891,268492,2238022048
masks/20190710_p176_slide8_ac1_vz_s1_p1_r7_a7_ac_full_l1_x0_y0_cell.tiff,8,14447,179664,2238037075
masks/20190715_p176_slide30_ac1_vz_s1_p1_r8_a8_ac_full_l1_x0_y0_cyto.tiff,8,12296,133492,2238051652
masks/20190711_p173_slide28_ac1_vz_s1_p1_r9_a9_ac_full_l1_x2_y0_cell.tiff,8,20952,285794,2238064079
masks/20190715_p176_slide14_ac1_vz_s1_p1_r4_a4_ac_full_cropmask_l36_x1955_y137_sphere.tiff,8,924,87622,2238085162
masks/20190715_p176_slide14_ac1_vz_s1_p1_r4_a4_ac_full_l5_x357_y1169_cyto.tiff,8,34266,334822,2238086234
masks/20190709_p176_slide47_ac1_vz_s1_p1_r4_a4_ac_full_l1_x0_y13_cyto.tiff,8,10793,141388,2238120636
masks/20190715_p176_slide30_ac1_vz_s1_p1_r10_a10_ac_full_l1_x0_y0_nucleiexp.tiff,8,4031,86218,2238131561
masks/20190620_p176_slide5_ac1_vz_s1_p1_r14_a14_ac_full_l3_x155_y0_cyto.tiff,8,4943,81860,2238135730
masks/20190710_p176_slide23_ac1_vz_s1_p1_r6_a6_ac_full_cropmask_l27_x980_y872_sphere.tiff,8,4318,505998,2238140807
masks/20190619_p176_slide20_ac1_vz_s1_p1_r6_a6_ac_full_l32_x1537_y493_nucleiexp.tiff,8,14188,230728,2238145272
masks/20190619_p176_slide20_ac1_vz_s1_p1_r6_a6_ac_full_l20_x959_y729_cyto.tiff,8,66593,620374,2238159602
masks/20190711_p176_slide2_ac1_vz_s1_p1_r2_a2_ac_full_l1_x0_y0_cyto.tiff,8,5464,72466,2238226331
masks/20190715_p176_slide14_ac1_vz_s1_p1_r4_a4_ac_full_cropmask_l9_x642_y233_sphere.tiff,8,1157,96676,2238231925
masks/20190620_p173_slide34_ac1_vz_s1_p1_r8_a8_ac_full_l2_x2_y128_cell.tiff,8,5069,81868,2238233228
masks/20190709_p176_slide16_ac1_vz_s1_p1_r7_a7_ac_full_l33_x1589_y2307_cell.tiff,8,4485,87868,2238238430
masks/20190621_p173_slide13_ac1_vz_s1_p1_r8_a8_ac_full_l7_x347_y700_nucleiexp.tiff,8,1656,53388,2238243053
masks/20190709_p176_slide11_ac1_vz_s1_p1_r7_a7_ac_full_l32768_x0_y0_nucleiexp.tiff,8,781,23728,2238244849
masks/20190625_p173_slide10_ac1_vz_s1_p1_r5_a5_ac_full_l32768_x0_y0_cyto.tiff,8,1493,44372,2238245770
masks/20190621_p176_slide36_ac1_vz_s1_p1_r9_a9_ac_full_cropmask_l2_x0_y0_sphere.tiff,8,2582,337822,2238247398
masks/20190621_p173_slide13_ac1_vz_s1_p1_r4_a4_ac_full_l1_x0_y0_cell.tiff,8,5077,74380,2238250122
masks/20190620_p176_slide5_ac1_vz_s1_p1_r14_a14_ac_full_l1_x0_y128_cell.tiff,8,9514,144032,2238255330
masks/20190711_p176_slide39_ac1_vz_s1_p1_r6_a6_ac_full_cropmask_l3_x70_y0_sphere.tiff,8,2444,317872,2238264978
masks/20190710_p176_slide23_ac1_vz_s1_p1_r6_a6_ac_full_cropmask_l35_x1411_y1801_sphere.tiff,8,1563,113756,2238267565
masks/20190619_p176_slide20_ac1_vz_s1_p1_r6_a6_ac_full_l23_x1206_y2272_nucleiexp.tiff,8,2313,66354,2238269277
masks/20190711_p173_slide28_ac1_vz_s1_p1_r13_a13_ac_full_l7_x976_y166_nucleiexp.tiff,8,15019,266590,2238271733
masks/20190625_p173_slide10_ac1_vz_s1_p1_r2_a2_ac_full_cropmask_l1_x0_y97_sphere.tiff,8,3366,428668,2238286894
masks/20190619_p173_slide31_ac1_vz_s1_p1_r4_a4_ac_full_cropmask_l32768_x0_y0_sphere.tiff,8,200,20469,2238290403
masks/20190620_p173_slide34_ac1_vz_s1_p1_r8_a8_ac_full_cropmask_l2_x2_y128_sphere.tiff,8,1130,81868,2238290749
masks/20190715_p173_slide22_ac1_vz_s1_p1_r1_a1_ac_full_l2_x98_y270_cell.tiff,8,5511,87436,2238292023
masks/20190710_p176_slide23_ac1_vz_s1_p1_r6_a6_ac_full_l33_x1450_y1120_cell.tiff,8,19559,266556,2238297668
masks/20190715_p173_slide16_ac1_vz_s1_p1_r1_a1_ac_full_l1_x0_y6_nucleiexp.tiff,8,3336,87288,2238317365
masks/20190715_p173_slide16_ac1_vz_s1_p1_r12_a12_ac_full_cropmask_l5_x354_y174_sphere.tiff,8,2242,195520,2238320837
masks/20190710_p176_slide8_ac1_vz_s1_p1_r14_a14_ac_full_l4_x220_y1251_nucleiexp.tiff,8,8602,187522,2238323227
masks/20190709_p176_slide16_ac1_vz_s1_p1_r7_a7_ac_full_l7_x326_y2018_cell.tiff,8,24777,309688,2238331971
masks/20190621_p173_slide13_ac1_vz_s1_p1_r8_a8_ac_full_l6_x274_y451_cell.tiff,8,4104,85958,2238356884
masks/20190708_p176_slide33_ac1_vz_s1_p1_r16_a16_ac_full_l7_x552_y779_cell.tiff,8,27554,332684,2238361123
masks/20190715_p176_slide14_ac1_vz_s1_p1_r4_a4_ac_full_l29_x1463_y685_nucleiexp.tiff,8,22134,377788,2238388814
masks/20190715_p173_slide16_ac1_vz_s1_p2_r20_a20_ac_full_cropmask_l1_x0_y0_sphere.tiff,8,1911,276288,2238411090
masks/20190715_p173_slide22_ac1_vz_s1_p1_r16_a16_ac_full_cropmask_l1_x0_y0_sphere.tiff,8,1260,115404,2238413145
masks/20190715_p176_slide30_ac1_vz_s1_p1_r3_a3_ac_full_l2_x167_y0_cell.tiff,8,8426,106488,2238414549
masks/20190625_p173_slide10_ac1_vz_s1_p1_r18_a18_ac_full_cropmask_l8_x588_y600_sphere.tiff,8,1363,99868,2238423108
masks/20190710_p176_slide23_ac1_vz_s1_p1_r6_a6_ac_full_l24_x1089_y2329_nucleiexp.tiff,8,7993,184860,2238424619
masks/20190711_p173_slide28_ac1_vz_s1_p1_r13_a13_ac_full_cropmask_l6_x851_y0_sphere.tiff,8,1653,141208,2238432755
masks/20190709_p173_slide2_ac1_vz_s1_p1_r1_a1_ac_full_l1_x0_y0_cyto.tiff,8,7047,81858,2238434554
masks/20190621_p173_slide13_ac1_vz_s1_p1_r17_a17_ac_full_l1_x0_y348_cell.tiff,8,3226,38187,2238441731
masks/20190715_p173_slide16_ac1_vz_s1_p2_r37_a37_ac_full_l14_x1031_y763_cell.tiff,8,13422,197458,2238445092
masks/20190710_p176_slide23_ac1_vz_s1_p1_r6_a6_ac_full_cropmask_l47_x2333_y612_sphere.tiff,8,1554,137156,2238458653
masks/20190709_p176_slide16_ac1_vz_s1_p1_r7_a7_ac_full_l6_x342_y1266_nucleiexp.tiff,8,19730,317026,2238460355
masks/20190708_p173_slide26_ac1_vz_s1_p4_r2_a2_ac_full_l1_x1_y0_cyto.tiff,8,9567,114844,2238480226
masks/20190715_p173_slide22_ac1_vz_s1_p1_r15_a15_ac_full_l1_x0_y0_cell.tiff,8,6766,94196,2238489924
masks/20190711_p176_slide39_ac1_vz_s1_p1_r2_a2_ac_full_l1_x7_y0_nucleiexp.tiff,8,17334,305742,2238496823
masks/20190708_p173_slide26_ac1_vz_s1_p6_r59_a59_ac_full_l2_x128_y0_cyto.tiff,8,11871,133234,2238514293
masks/20190715_p176_slide30_ac1_vz_s1_p1_r16_a16_ac_full_l7_x746_y382_nucleiexp.tiff,8,20008,336924,2238526299
masks/20190619_p176_slide20_ac1_vz_s1_p1_r6_a6_ac_full_l23_x1206_y2272_cell.tiff,8,3291,66354,2238546449
masks/20190708_p173_slide26_ac1_vz_s1_p5_r78_a78_ac_full_l4_x405_y266_cyto.tiff,8,30123,318670,2238549878
masks/20190710_p173_slide6_ac1_vz_s1_p1_r6_a6_ac_full_l5_x151_y1219_cyto.tiff,8,5845,69004,2238580138
masks/20190621_p173_slide13_ac1_vz_s1_p1_r17_a17_ac_full_cropmask_l1_x0_y348_sphere.tiff,8,636,38187,2238586118
masks/20190709_p176_slide16_ac1_vz_s1_p1_r7_a7_ac_full_l28_x1394_y1748_cell.tiff,8,12094,167278,2238586900
masks/20190710_p173_slide6_ac1_vz_s1_p1_r6_a6_ac_full_l15_x840_y1499_cyto.tiff,8,29461,302064,2238599132
masks/.snakemake_timestamp,0,0,0,2238628729
masks/20190715_p173_slide16_ac1_vz_s1_p2_r20_a20_ac_full_l1_x0_y0_cyto.tiff,8,27417,276288,2238628813
masks/20190621_p173_slide13_ac1_vz_s1_p1_r10_a10_ac_full_l3_x399_y98_cyto.tiff,8,14399,134004,2238656363
masks/20190708_p176_slide33_ac1_vz_s1_p1_r3_a3_ac_full_l1_x0_y40_cyto.tiff,8,2918,33826,2238670898
masks/20190708_p176_slide33_ac1_vz_s1_p1_r1_a1_ac_full_cropmask_l1_x0_y3_sphere.tiff,8,3528,570482,2238673948
masks/20190710_p176_slide23_ac1_vz_s1_p1_r6_a6_ac_full_l1_x11_y1138_cyto.tiff,8,17035,218248,2238677618
masks/20190715_p173_slide16_ac1_vz_s1_p1_r12_a12_ac_full_l2_x70_y63_cell.tiff,8,13329,189658,2238694788
masks/20190708_p173_slide26_ac1_vz_s1_p6_r33_a33_ac_full_l1_x0_y0_cyto.tiff,8,2017,36130,2238708252
masks/20190620_p176_slide5_ac1_vz_s1_p1_r14_a14_ac_full_l4_x244_y289_cyto.tiff,8,9395,119340,2238710402
masks/20190709_p176_slide16_ac1_vz_s1_p1_r7_a7_ac_full_l5_x255_y839_cell.tiff,8,18135,243628,2238719933
masks/20190715_p173_slide16_ac1_vz_s1_p2_r37_a37_ac_full_l5_x392_y501_cyto.tiff,8,15073,169502,2238738203
masks/20190625_p173_slide10_ac1_vz_s1_p1_r14_a14_ac_full_l1_x17_y0_cyto.tiff,8,28390,288556,2238753413
masks/20190619_p176_slide20_ac1_vz_s1_p1_r6_a6_ac_full_l43_x2368_y936_cell.tiff,8,17135,235832,2238781937
masks/20190715_p173_slide16_ac1_vz_s1_p1_r12_a12_ac_full_cropmask_l3_x327_y0_sphere.tiff,8,1692,136780,2238799209
masks/20190711_p176_slide39_ac1_vz_s1_p1_r5_a5_ac_full_cropmask_l1_x0_y0_sphere.tiff,8,2020,278962,2238801047
masks/20190620_p176_slide27_ac1_vz_s1_p1_r15_a15_ac_full_cropmask_l3_x209_y423_sphere.tiff,8,2361,258328,2238803209
masks/20190709_p176_slide11_ac1_vz_s1_p1_r15_a15_ac_full_cropmask_l19_x907_y581_sphere.tiff,8,1872,139858,2238805718
masks/20190619_p176_slide20_ac1_vz_s1_p1_r6_a6_ac_full_l17_x870_y1797_cell.tiff,8,27579,354412,2238807739
masks/20190620_p173_slide34_ac1_vz_s1_p1_r8_a8_ac_full_l1_x18_y0_cell.tiff,8,6734,100876,2238835455
masks/20190620_p173_slide19_ac1_vz_s1_p1_r1_a1_ac_full_cropmask_l1_x0_y0_sphere.tiff,8,1171,100708,2238842321
masks/20190715_p173_slide22_ac1_vz_s1_p1_r27_a27_ac_full_cropmask_l3_x173_y0_sphere.tiff,8,2059,255158,2238843634
masks/20190709_p176_slide16_ac1_vz_s1_p1_r7_a7_ac_full_l16_x729_y1617_cell.tiff,8,28130,322528,2238845839
masks/20190708_p173_slide26_ac1_vz_s1_p6_r39_a39_ac_full_cropmask_l1_x0_y0_sphere.tiff,8,1235,122324,2238874106
masks/20190620_p173_slide19_ac1_vz_s1_p1_r22_a22_ac_full_l6_x262_y182_cell.tiff,8,5339,73228,2238875485
masks/20190621_p173_slide4_ac1_vz_s1_p1_r11_a11_ac_full_l1_x0_y0_cyto.tiff,8,14359,167624,2238880961
masks/20190625_p173_slide10_ac1_vz_s1_p1_r18_a18_ac_full_l1_x13_y10_cell.tiff,8,21323,280408,2238895452
masks/20190620_p173_slide34_ac1_vz_s1_p1_r6_a6_ac_full_cropmask_l4_x361_y0_sphere.tiff,8,2291,250868,2238916910
masks/20190619_p176_slide43_ac1_vz_s1_p1_r9_a9_ac_full_cropmask_l2_x346_y217_sphere.tiff,8,2439,309004,2238919345
masks/20190715_p173_slide22_ac1_vz_s1_p1_r18_a18_ac_full_cropmask_l1_x0_y166_sphere.tiff,8,1672,127468,2238921930
masks/20190620_p176_slide27_ac1_vz_s1_p1_r22_a22_ac_full_l7_x1034_y544_cell.tiff,8,11241,162070,2238923748
masks/20190710_p173_slide36_ac1_vz_s1_p1_r13_a13_ac_full_l3_x231_y214_cyto.tiff,8,9875,120156,2238935127
masks/20190708_p173_slide26_ac1_vz_s1_p6_r37_a37_ac_full_l1_x0_y0_cell.tiff,8,17241,222130,2238945139
masks/20190708_p173_slide26_ac1_vz_s1_p5_r69_a69_ac_full_cropmask_l1_x3_y3_sphere.tiff,8,1570,168370,2238962513
masks/20190619_p173_slide8_ac1_vz_s1_p1_r6_a6_ac_full_l13_x654_y481_cell.tiff,8,23367,326668,2238964227
masks/20190708_p173_slide26_ac1_vz_s1_p6_r32_a32_ac_full_l1_x0_y2_cell.tiff,8,6433,110104,2238987729
masks/20190715_p173_slide16_ac1_vz_s1_p1_r12_a12_ac_full_l4_x321_y514_nucleiexp.tiff,8,4643,88596,2238994295
masks/20190620_p176_slide5_ac1_vz_s1_p1_r14_a14_ac_full_cropmask_l4_x244_y289_sphere.tiff,8,1316,119340,2238999080
masks/20190709_p176_slide11_ac1_vz_s1_p1_r15_a15_ac_full_l34_x2078_y602_cyto.tiff,8,7781,111372,2239000543
masks/20190708_p173_slide26_ac1_vz_s1_p4_r31_a31_ac_full_l3_x602_y162_nucleiexp.tiff,8,15616,259388,2239008463
masks/20190709_p176_slide47_ac1_vz_s1_p1_r3_a3_ac_full_l1_x0_y0_cell.tiff,8,11228,164212,2239024221
masks/20190621_p173_slide4_ac1_vz_s1_p1_r16_a16_ac_full_l3_x263_y238_cell.tiff,8,16697,230608,2239035580
masks/20190708_p173_slide26_ac1_vz_s1_p4_r22_a22_ac_full_l32768_x0_y0_nucleiexp.tiff,8,1437,55138,2239052413
masks/20190711_p173_slide28_ac1_vz_s1_p1_r13_a13_ac_full_l1_x0_y190_nucleiexp.tiff,8,12811,209568,2239053992
masks/20190621_p173_slide4_ac1_vz_s1_p1_r10_a10_ac_full_cropmask_l1_x0_y295_sphere.tiff,8,3113,266608,2239066943
masks/20190710_p176_slide23_ac1_vz_s1_p1_r6_a6_ac_full_l12_x703_y2225_cell.tiff,8,21805,288140,2239070201
masks/20190619_p176_slide20_ac1_vz_s1_p1_r6_a6_ac_full_l40_x2066_y820_cyto.tiff,8,20745,210212,2239092143
masks/20190709_p176_slide16_ac1_vz_s1_p1_r7_a7_ac_full_l40_x2066_y381_cell.tiff,8,13591,189688,2239113025
masks/20190709_p173_slide2_ac1_vz_s1_p1_r11_a11_ac_full_l3_x174_y143_cell.tiff,8,12572,192358,2239126753
masks/20190620_p173_slide19_ac1_vz_s1_p1_r22_a22_ac_full_l17_x1296_y407_cell.tiff,8,4206,69968,2239139461
masks/20190715_p173_slide16_ac1_vz_s1_p2_r37_a37_ac_full_l11_x714_y1025_cell.tiff,8,30068,339034,2239143806
masks/20190715_p176_slide14_ac1_vz_s1_p1_r4_a4_ac_full_l25_x1371_y147_nucleiexp.tiff,8,11114,199308,2239174013
masks/20190710_p176_slide23_ac1_vz_s1_p1_r6_a6_ac_full_l12_x703_y2225_nucleiexp.tiff,8,16102,288140,2239185269
masks/20190710_p176_slide8_ac1_vz_s1_p1_r14_a14_ac_full_l15_x1451_y22_cyto.tiff,8,13684,168418,2239201513
masks/20190710_p176_slide23_ac1_vz_s1_p1_r6_a6_ac_full_l40_x1858_y1368_nucleiexp.tiff,8,1867,44748,2239215334
masks/20190710_p173_slide6_ac1_vz_s1_p1_r6_a6_ac_full_l6_x250_y1129_cell.tiff,8,3594,54304,2239217344
masks/20190715_p173_slide16_ac1_vz_s1_p1_r8_a8_ac_full_l2_x80_y373_nucleiexp.tiff,8,1237,21423,2239221073
masks/20190709_p176_slide16_ac1_vz_s1_p1_r7_a7_ac_full_cropmask_l5_x255_y839_sphere.tiff,8,2167,243628,2239222449
masks/20190711_p173_slide28_ac1_vz_s1_p1_r6_a6_ac_full_l1_x4_y5_nucleiexp.tiff,8,7859,146908,2239224762
masks/20190715_p173_slide16_ac1_vz_s1_p1_r8_a8_ac_full_cropmask_l2_x80_y373_sphere.tiff,8,538,21423,2239232757
masks/20190621_p173_slide13_ac1_vz_s1_p1_r17_a17_ac_full_l1_x0_y348_cyto.tiff,8,4084,38187,2239233440
masks/20190619_p176_slide20_ac1_vz_s1_p1_r6_a6_ac_full_l35_x1785_y123_cell.tiff,8,11757,165434,2239237659
masks/20190619_p176_slide20_ac1_vz_s1_p1_r6_a6_ac_full_cropmask_l3_x82_y1305_sphere.tiff,8,2462,246444,2239249553
masks/20190715_p173_slide16_ac1_vz_s1_p1_r2_a2_ac_full_l1_x0_y176_cyto.tiff,8,7629,113920,2239252161
masks/20190709_p176_slide11_ac1_vz_s1_p1_r15_a15_ac_full_l18_x831_y469_cyto.tiff,8,6502,103756,2239259923
masks/20190710_p173_slide6_ac1_vz_s1_p1_r6_a6_ac_full_cropmask_l2_x81_y639_sphere.tiff,8,2055,163138,2239266563
masks/20190711_p176_slide2_ac1_vz_s1_p1_r4_a4_ac_full_cropmask_l32768_x0_y0_sphere.tiff,8,221,36848,2239268762
masks/20190625_p173_slide10_ac1_vz_s1_p1_r18_a18_ac_full_l1_x13_y10_nucleiexp.tiff,8,15816,280408,2239269128
masks/20190715_p173_slide22_ac1_vz_s1_p1_r11_a11_ac_full_l1_x3_y0_cell.tiff,8,5417,89110,2239285084
masks/20190620_p176_slide27_ac1_vz_s1_p1_r11_a11_ac_full_l1_x1_y11_nucleiexp.tiff,8,5484,127948,2239290634
masks/20190620_p173_slide19_ac1_vz_s1_p1_r5_a5_ac_full_cropmask_l1_x0_y0_sphere.tiff,8,1306,115636,2239296257
masks/20190620_p173_slide19_ac1_vz_s1_p1_r14_a14_ac_full_cropmask_l1_x0_y0_sphere.tiff,8,1652,193084,2239297705
masks/20190625_p173_slide10_ac1_vz_s1_p1_r17_a17_ac_full_l5_x96_y426_nucleiexp.tiff,8,18622,348028,2239299501
masks/20190710_p176_slide23_ac1_vz_s1_p1_r6_a6_ac_full_l32_x1477_y38_cyto.tiff,8,7217,118828,2239318264
masks/20190715_p176_slide14_ac1_vz_s1_p1_r4_a4_ac_full_l2_x101_y1380_cell.tiff,8,22614,292168,2239325617
masks/20190710_p176_slide23_ac1_vz_s1_p1_r6_a6_ac_full_l30_x1386_y477_cyto.tiff,8,11325,152588,2239348367
masks/20190620_p176_slide27_ac1_vz_s1_p1_r12_a12_ac_full_l32768_x0_y0_cyto.tiff,8,922,50732,2239359829
masks/20190715_p173_slide16_ac1_vz_s1_p1_r17_a17_ac_full_l5_x413_y535_cell.tiff,8,10595,126108,2239360888
masks/20190710_p176_slide8_ac1_vz_s1_p1_r4_a4_ac_full_l1_x0_y0_cyto.tiff,8,7173,96940,2239371620
masks/20190710_p176_slide8_ac1_vz_s1_p1_r14_a14_ac_full_l13_x1133_y0_nucleiexp.tiff,8,10346,206858,2239378923
masks/20190708_p173_slide26_ac1_vz_s1_p4_r15_a15_ac_full_cropmask_l1_x0_y137_sphere.tiff,8,1076,73738,2239389410
masks/20190715_p173_slide16_ac1_vz_s1_p1_r6_a6_ac_full_l1_x0_y0_nucleiexp.tiff,8,25190,474574,2239390632
masks/20190715_p173_slide22_ac1_vz_s1_p1_r15_a15_ac_full_l1_x0_y0_cyto.tiff,8,8644,94196,2239415958
masks/20190619_p173_slide31_ac1_vz_s1_p1_r11_a11_ac_full_cropmask_l2_x217_y72_sphere.tiff,8,1894,204424,2239424735
masks/20190620_p173_slide34_ac1_vz_s1_p1_r8_a8_ac_full_l1_x18_y0_cyto.tiff,8,8246,100876,2239426776
masks/20190715_p173_slide22_ac1_vz_s1_p1_r27_a27_ac_full_l1_x41_y220_cyto.tiff,8,3881,63838,2239435154
masks/20190708_p173_slide26_ac1_vz_s1_p5_r66_a66_ac_full_l32768_x0_y0_cell.tiff,8,2009,47110,2239439171
masks/20190621_p176_slide36_ac1_vz_s1_p1_r12_a12_ac_full_l2_x226_y405_cell.tiff,8,51519,578572,2239441317
masks/20190620_p173_slide19_ac1_vz_s1_p1_r22_a22_ac_full_l15_x932_y759_nucleiexp.tiff,8,11909,204550,2239492973
masks/20190715_p173_slide16_ac1_vz_s1_p2_r37_a37_ac_full_l2_x18_y0_cell.tiff,8,8008,131668,2239505025
masks/20190620_p173_slide19_ac1_vz_s1_p1_r9_a9_ac_full_cropmask_l4_x311_y257_sphere.tiff,8,2458,291172,2239513167
masks/20190711_p173_slide28_ac1_vz_s1_p1_r1_a1_ac_full_l1_x0_y0_nucleiexp.tiff,8,3696,77814,2239515771
masks/20190709_p176_slide16_ac1_vz_s1_p1_r7_a7_ac_full_l26_x1333_y0_cell.tiff,8,6993,117388,2239519603
masks/20190710_p173_slide6_ac1_vz_s1_p1_r6_a6_ac_full_l7_x217_y829_cyto.tiff,8,15157,168370,2239526731
masks/20190625_p173_slide10_ac1_vz_s1_p1_r2_a2_ac_full_l1_x0_y97_nucleiexp.tiff,8,26033,428668,2239542022
masks/20190620_p176_slide5_ac1_vz_s1_p1_r8_a8_ac_full_l1_x0_y0_cell.tiff,8,11531,157542,2239568192
masks/20190708_p173_slide26_ac1_vz_s1_p4_r15_a15_ac_full_l2_x0_y0_cell.tiff,8,15408,184228,2239579853
masks/20190710_p176_slide23_ac1_vz_s1_p1_r6_a6_ac_full_cropmask_l23_x1196_y1966_sphere.tiff,8,1694,101572,2239595394
masks/20190708_p173_slide26_ac1_vz_s1_p4_r31_a31_ac_full_l2_x232_y0_nucleiexp.tiff,8,16989,307016,2239597237
masks/20190620_p173_slide34_ac1_vz_s1_p1_r8_a8_ac_full_l1_x18_y0_nucleiexp.tiff,8,4714,100876,2239614366
masks/20190625_p173_slide10_ac1_vz_s1_p1_r18_a18_ac_full_l4_x347_y724_cyto.tiff,8,11291,112828,2239619217
masks/20190711_p173_slide28_ac1_vz_s1_p1_r8_a8_ac_full_l4_x454_y0_cyto.tiff,8,406,11554,2239630645
masks/20190715_p173_slide16_ac1_vz_s1_p2_r37_a37_ac_full_l7_x421_y214_cell.tiff,8,38922,443098,2239631184
masks/20190715_p173_slide16_ac1_vz_s1_p2_r27_a27_ac_full_cropmask_l1_x5_y181_sphere.tiff,8,697,31008,2239670243
masks/20190620_p173_slide19_ac1_vz_s1_p1_r22_a22_ac_full_l9_x423_y287_cell.tiff,8,23246,336868,2239671086
masks/20190710_p176_slide8_ac1_vz_s1_p1_r14_a14_ac_full_l2_x0_y1099_nucleiexp.tiff,8,9143,175468,2239694469
masks/20190708_p173_slide26_ac1_vz_s1_p6_r59_a59_ac_full_l2_x128_y0_nucleiexp.tiff,8,7252,133234,2239703752
masks/20190619_p173_slide8_ac1_vz_s1_p1_r6_a6_ac_full_l6_x163_y357_nucleiexp.tiff,8,6427,153684,2239711144
masks/20190625_p173_slide10_ac1_vz_s1_p1_r17_a17_ac_full_l8_x649_y0_nucleiexp.tiff,8,20262,356428,2239717710
masks/20190619_p176_slide43_ac1_vz_s1_p1_r5_a5_ac_full_l1_x0_y0_nucleiexp.tiff,8,16366,274808,2239738112
masks/20190625_p173_slide10_ac1_vz_s1_p1_r9_a9_ac_full_l3_x238_y0_cell.tiff,8,10011,144308,2239754614
masks/20190619_p176_slide20_ac1_vz_s1_p1_r6_a6_ac_full_l17_x870_y1797_cyto.tiff,8,33451,354412,2239764758
masks/20190621_p173_slide13_ac1_vz_s1_p1_r4_a4_ac_full_l2_x101_y34_nucleiexp.tiff,8,4103,75508,2239798346
masks/20190715_p176_slide14_ac1_vz_s1_p1_r4_a4_ac_full_l27_x1390_y1075_nucleiexp.tiff,8,19273,314420,2239802588
masks/20190710_p173_slide36_ac1_vz_s1_p1_r13_a13_ac_full_l2_x93_y469_cyto.tiff,8,7913,108646,2239822004
masks/20190708_p176_slide33_ac1_vz_s1_p1_r1_a1_ac_full_l1_x0_y3_cyto.tiff,8,55722,570482,2239830053
masks/20190710_p176_slide23_ac1_vz_s1_p1_r6_a6_ac_full_l47_x2333_y612_cell.tiff,8,8230,137156,2239885906
masks/20190710_p176_slide23_ac1_vz_s1_p1_r6_a6_ac_full_l16_x841_y2096_cyto.tiff,8,2856,38908,2239894273
masks/20190619_p176_slide43_ac1_vz_s1_p1_r4_a4_ac_full_l1_x0_y5_cyto.tiff,8,20640,239250,2239897266
masks/20190619_p176_slide20_ac1_vz_s1_p1_r6_a6_ac_full_cropmask_l27_x1467_y1139_sphere.tiff,8,1963,151052,2239918037
masks/20190620_p176_slide27_ac1_vz_s1_p1_r4_a4_ac_full_cropmask_l1_x0_y0_sphere.tiff,8,1763,208256,2239920149
masks/20190708_p173_slide26_ac1_vz_s1_p6_r35_a35_ac_full_l1_x0_y0_cyto.tiff,8,10019,111652,2239922054
masks/20190708_p173_slide26_ac1_vz_s1_p4_r12_a12_ac_full_l2_x44_y178_cell.tiff,8,1952,22905,2239932206
masks/20190619_p176_slide20_ac1_vz_s1_p1_r6_a6_ac_full_l24_x1226_y1808_cell.tiff,8,4195,84364,2239934294
masks/20190710_p176_slide23_ac1_vz_s1_p1_r6_a6_ac_full_cropmask_l15_x730_y612_sphere.tiff,8,2263,216238,2239938627
masks/20190708_p173_slide26_ac1_vz_s1_p6_r32_a32_ac_full_cropmask_l1_x0_y2_sphere.tiff,8,1090,110104,2239941037
masks/20190620_p173_slide19_ac1_vz_s1_p1_r22_a22_ac_full_l1_x0_y255_nucleiexp.tiff,8,16340,271708,2239942271
masks/20190708_p173_slide39_ac1_vz_s1_p1_r7_a7_ac_full_cropmask_l1_x0_y0_sphere.tiff,8,1065,97328,2239958751
masks/20190709_p176_slide16_ac1_vz_s1_p1_r7_a7_ac_full_cropmask_l32_x1570_y63_sphere.tiff,8,1272,129228,2239959958
masks/20190715_p173_slide16_ac1_vz_s1_p2_r34_a34_ac_full_l2_x336_y36_nucleiexp.tiff,8,2304,60620,2239961377
masks/20190715_p173_slide22_ac1_vz_s1_p1_r25_a25_ac_full_l1_x1_y0_cyto.tiff,8,6195,89324,2239963822
masks/20190709_p173_slide2_ac1_vz_s1_p1_r3_a3_ac_full_l1_x0_y0_cell.tiff,8,3395,59788,2239970150
masks/20190715_p173_slide22_ac1_vz_s1_p1_r24_a24_ac_full_l1_x0_y348_cell.tiff,8,2940,48598,2239973675
masks/20190621_p173_slide4_ac1_vz_s1_p1_r16_a16_ac_full_cropmask_l1_x92_y213_sphere.tiff,8,1822,149698,2239976750
masks/20190709_p176_slide16_ac1_vz_s1_p1_r7_a7_ac_full_l18_x1034_y1351_cyto.tiff,8,3609,62568,2239978718
masks/20190715_p173_slide16_ac1_vz_s1_p2_r37_a37_ac_full_l1_x0_y246_nucleiexp.tiff,8,10010,176570,2239982465
masks/20190619_p173_slide8_ac1_vz_s1_p1_r6_a6_ac_full_l5_x113_y1472_nucleiexp.tiff,8,20046,365696,2239992615
masks/20190620_p173_slide19_ac1_vz_s1_p1_r22_a22_ac_full_l1_x0_y255_cyto.tiff,8,26927,271708,2240012801
masks/20190619_p173_slide8_ac1_vz_s1_p1_r6_a6_ac_full_l11_x701_y305_cyto.tiff,8,8333,115804,2240039863
masks/20190619_p176_slide20_ac1_vz_s1_p1_r6_a6_ac_full_l13_x615_y862_cell.tiff,8,26301,311524,2240048331
masks/20190621_p173_slide4_ac1_vz_s1_p1_r10_a10_ac_full_cropmask_l3_x275_y194_sphere.tiff,8,2703,232924,2240074768
masks/20190708_p173_slide26_ac1_vz_s1_p4_r25_a25_ac_full_cropmask_l1_x0_y0_sphere.tiff,8,1470,135964,2240077618
masks/20190619_p173_slide31_ac1_vz_s1_p1_r14_a14_ac_full_l2_x277_y0_cell.tiff,8,4981,78852,2240079232
masks/20190709_p176_slide16_ac1_vz_s1_p1_r7_a7_ac_full_l42_x2340_y624_nucleiexp.tiff,8,2770,74672,2240084348
masks/20190709_p176_slide16_ac1_vz_s1_p1_r7_a7_ac_full_l38_x1944_y1084_cyto.tiff,8,13357,182534,2240087260
masks/20190710_p176_slide23_ac1_vz_s1_p1_r6_a6_ac_full_l13_x681_y1816_nucleiexp.tiff,8,13036,298992,2240100755
masks/20190711_p176_slide39_ac1_vz_s1_p1_r6_a6_ac_full_l1_x81_y418_cell.tiff,8,1403,41944,2240113933
masks/20190619_p176_slide20_ac1_vz_s1_p1_r6_a6_ac_full_l26_x1233_y0_cyto.tiff,8,16196,188128,2240115470
masks/20190708_p173_slide26_ac1_vz_s1_p6_r50_a50_ac_full_l1_x0_y0_nucleiexp.tiff,8,1430,33292,2240131801
masks/20190619_p176_slide20_ac1_vz_s1_p1_r6_a6_ac_full_l20_x959_y729_cell.tiff,8,54830,620374,2240133369
masks/20190715_p176_slide30_ac1_vz_s1_p1_r16_a16_ac_full_l4_x252_y865_nucleiexp.tiff,8,22649,388264,2240188335
masks/20190710_p176_slide8_ac1_vz_s1_p1_r14_a14_ac_full_cropmask_l9_x694_y745_sphere.tiff,8,2653,240988,2240211126
masks/20190708_p173_slide26_ac1_vz_s1_p5_r65_a65_ac_full_l1_x0_y0_nucleiexp.tiff,8,7102,139366,2240213926
masks/20190619_p176_slide20_ac1_vz_s1_p1_r6_a6_ac_full_l39_x2000_y218_cell.tiff,8,16763,234068,2240221166
masks/20190619_p173_slide31_ac1_vz_s1_p1_r14_a14_ac_full_l2_x277_y0_cyto.tiff,8,6029,78852,2240238066
masks/20190715_p176_slide14_ac1_vz_s1_p1_r4_a4_ac_full_l22_x1100_y251_cell.tiff,8,22052,307140,2240244230
masks/20190715_p173_slide16_ac1_vz_s1_p2_r37_a37_ac_full_cropmask_l3_x89_y542_sphere.tiff,8,1319,89854,2240266419
masks/20190708_p173_slide26_ac1_vz_s1_p4_r5_a5_ac_full_l3_x133_y0_cyto.tiff,8,12246,159608,2240267885
masks/20190620_p176_slide27_ac1_vz_s1_p1_r9_a9_ac_full_cropmask_l32768_x0_y0_sphere.tiff,8,247,63980,2240280264
masks/20190619_p173_slide8_ac1_vz_s1_p1_r6_a6_ac_full_l17_x1096_y11_nucleiexp.tiff,8,7322,147272,2240280657
masks/20190620_p173_slide19_ac1_vz_s1_p1_r4_a4_ac_full_l2_x59_y80_cyto.tiff,8,5541,64252,2240288119
masks/20190620_p176_slide27_ac1_vz_s1_p1_r8_a8_ac_full_l32768_x0_y0_nucleiexp.tiff,8,2175,60658,2240293793
masks/20190715_p173_slide22_ac1_vz_s1_p1_r11_a11_ac_full_l1_x3_y0_cyto.tiff,8,6813,89110,2240296108
masks/20190715_p173_slide16_ac1_vz_s1_p1_r17_a17_ac_full_cropmask_l10_x1081_y732_sphere.tiff,8,335,12590,2240303054
masks/20190620_p173_slide19_ac1_vz_s1_p1_r22_a22_ac_full_l10_x625_y22_cyto.tiff,8,5303,70988,2240303539
masks/20190620_p176_slide27_ac1_vz_s1_p1_r18_a18_ac_full_cropmask_l1_x0_y391_sphere.tiff,8,1633,210756,2240308979
masks/20190620_p173_slide34_ac1_vz_s1_p1_r6_a6_ac_full_cropmask_l2_x0_y148_sphere.tiff,8,2370,278454,2240310758
masks/20190709_p176_slide16_ac1_vz_s1_p1_r7_a7_ac_full_cropmask_l19_x879_y765_sphere.tiff,8,4471,680948,2240313272
masks/20190620_p173_slide19_ac1_vz_s1_p1_r3_a3_ac_full_l1_x0_y0_cyto.tiff,8,9841,118828,2240317890
masks/20190709_p176_slide11_ac1_vz_s1_p1_r15_a15_ac_full_l22_x1157_y84_nucleiexp.tiff,8,3887,110236,2240327862
masks/20190708_p173_slide26_ac1_vz_s1_p5_r78_a78_ac_full_cropmask_l3_x393_y45_sphere.tiff,8,1525,148934,2240331892
masks/20190620_p176_slide27_ac1_vz_s1_p1_r22_a22_ac_full_l4_x613_y188_cyto.tiff,8,32527,314188,2240333564
masks/20190619_p173_slide31_ac1_vz_s1_p1_r15_a15_ac_full_l1_x0_y0_cyto.tiff,8,4477,67174,2240366228
masks/20190620_p173_slide19_ac1_vz_s1_p1_r22_a22_ac_full_cropmask_l6_x262_y182_sphere.tiff,8,1252,73228,2240370838
masks/20190709_p176_slide47_ac1_vz_s1_p1_r6_a6_ac_full_cropmask_l1_x0_y0_sphere.tiff,8,2060,268492,2240372238
masks/20190621_p176_slide36_ac1_vz_s1_p1_r2_a2_ac_full_l1_x2_y0_cell.tiff,8,32876,414268,2240374440
masks/20190710_p176_slide23_ac1_vz_s1_p1_r6_a6_ac_full_cropmask_l41_x1728_y683_sphere.tiff,8,3746,371408,2240407447
masks/20190619_p173_slide8_ac1_vz_s1_p1_r3_a3_ac_full_l1_x0_y0_nucleiexp.tiff,8,5110,97788,2240411341
masks/20190715_p176_slide30_ac1_vz_s1_p1_r16_a16_ac_full_cropmask_l8_x706_y974_sphere.tiff,8,3391,463588,2240416586
masks/20190708_p173_slide39_ac1_vz_s1_p1_r4_a4_ac_full_l32768_x0_y0_nucleiexp.tiff,8,626,13316,2240420125
masks/20190625_p173_slide10_ac1_vz_s1_p1_r17_a17_ac_full_cropmask_l2_x37_y0_sphere.tiff,8,517,22835,2240420891
masks/20190619_p176_slide20_ac1_vz_s1_p1_r6_a6_ac_full_l30_x1446_y772_cyto.tiff,8,40970,365836,2240421553
masks/20190715_p176_slide14_ac1_vz_s1_p1_r4_a4_ac_full_cropmask_l1_x0_y1070_sphere.tiff,8,2181,238310,2240462660
masks/20190708_p176_slide33_ac1_vz_s1_p1_r16_a16_ac_full_l1_x0_y0_cyto.tiff,8,16285,183240,2240464986
masks/20190710_p176_slide23_ac1_vz_s1_p1_r6_a6_ac_full_cropmask_l43_x1981_y241_sphere.tiff,8,1704,156996,2240481404
masks/20190709_p176_slide11_ac1_vz_s1_p1_r15_a15_ac_full_l13_x710_y503_nucleiexp.tiff,8,3414,92012,2240483256
masks/20190620_p176_slide5_ac1_vz_s1_p1_r14_a14_ac_full_l1_x0_y128_nucleiexp.tiff,8,6651,144032,2240486813
masks/20190709_p173_slide2_ac1_vz_s1_p1_r9_a9_ac_full_cropmask_l32768_x0_y0_sphere.tiff,8,308,131212,2240493603
masks/20190710_p176_slide23_ac1_vz_s1_p1_r6_a6_ac_full_l37_x1644_y341_cyto.tiff,8,23128,296944,2240494056
masks/20190715_p176_slide30_ac1_vz_s1_p1_r16_a16_ac_full_l10_x1082_y1420_cell.tiff,8,757,11124,2240517321
masks/20190621_p173_slide4_ac1_vz_s1_p1_r16_a16_ac_full_l7_x861_y0_nucleiexp.tiff,8,11395,227068,2240518218
masks/20190715_p173_slide16_ac1_vz_s1_p1_r17_a17_ac_full_l10_x1081_y732_cell.tiff,8,452,12590,2240529752
masks/20190625_p173_slide10_ac1_vz_s1_p1_r17_a17_ac_full_l1_x0_y362_cyto.tiff,8,4006,61446,2240530343
masks/20190619_p173_slide8_ac1_vz_s1_p1_r6_a6_ac_full_l14_x714_y0_cyto.tiff,8,27009,280060,2240534484
masks/20190708_p173_slide26_ac1_vz_s1_p4_r15_a15_ac_full_cropmask_l2_x0_y0_sphere.tiff,8,2101,184228,2240561626
masks/20190709_p176_slide16_ac1_vz_s1_p1_r7_a7_ac_full_l25_x1278_y210_cell.tiff,8,15346,201238,2240563871
masks/20190708_p173_slide26_ac1_vz_s1_p5_r74_a74_ac_full_l1_x14_y2_cell.tiff,8,7793,136060,2240579354
masks/20190621_p173_slide4_ac1_vz_s1_p1_r16_a16_ac_full_l7_x861_y0_cyto.tiff,8,18801,227068,2240587281
masks/20190619_p176_slide43_ac1_vz_s1_p1_r4_a4_ac_full_l1_x0_y5_cell.tiff,8,17616,239250,2240606216
masks/20190715_p173_slide16_ac1_vz_s1_p2_r37_a37_ac_full_cropmask_l15_x1094_y983_sphere.tiff,8,2067,179386,2240623963
masks/20190709_p176_slide16_ac1_vz_s1_p1_r7_a7_ac_full_l9_x421_y508_nucleiexp.tiff,8,19005,345544,2240626180
masks/20190709_p176_slide11_ac1_vz_s1_p1_r15_a15_ac_full_l18_x831_y469_nucleiexp.tiff,8,3805,103756,2240645325
masks/20190708_p173_slide26_ac1_vz_s1_p6_r46_a46_ac_full_cropmask_l1_x0_y0_sphere.tiff,8,1585,162772,2240649273
masks/20190715_p173_slide16_ac1_vz_s1_p1_r8_a8_ac_full_l3_x0_y0_cell.tiff,8,23371,299028,2240651002
masks/20190715_p173_slide16_ac1_vz_s1_p2_r22_a22_ac_full_l1_x0_y0_cyto.tiff,8,5867,84136,2240674504
masks/20190708_p173_slide26_ac1_vz_s1_p5_r78_a78_ac_full_l2_x71_y461_cell.tiff,8,23429,305932,2240680504
masks/20190715_p176_slide14_ac1_vz_s1_p1_r4_a4_ac_full_l2_x101_y1380_nucleiexp.tiff,8,15912,292168,2240704069
masks/20190715_p173_slide16_ac1_vz_s1_p2_r25_a25_ac_full_l2_x55_y105_nucleiexp.tiff,8,5137,118204,2240720122
masks/20190621_p173_slide13_ac1_vz_s1_p1_r8_a8_ac_full_l5_x172_y197_cell.tiff,8,10536,151446,2240725400
masks/20190710_p173_slide36_ac1_vz_s1_p1_r9_a9_ac_full_l1_x3_y0_cell.tiff,8,14932,207634,2240736071
masks/20190708_p173_slide26_ac1_vz_s1_p4_r12_a12_ac_full_cropmask_l2_x44_y178_sphere.tiff,8,618,22905,2240751134
masks/20190710_p176_slide23_ac1_vz_s1_p1_r6_a6_ac_full_cropmask_l9_x596_y1265_sphere.tiff,8,600,27233,2240751899
masks/20190710_p176_slide23_ac1_vz_s1_p1_r6_a6_ac_full_l19_x994_y1524_nucleiexp.tiff,8,898,39468,2240752646
masks/20190715_p176_slide30_ac1_vz_s1_p1_r12_a12_ac_full_l1_x0_y0_cell.tiff,8,3891,71328,2240753686
masks/20190709_p176_slide11_ac1_vz_s1_p1_r15_a15_ac_full_l2_x140_y938_cyto.tiff,8,21634,264508,2240757710
masks/20190619_p176_slide20_ac1_vz_s1_p1_r6_a6_ac_full_l27_x1467_y1139_nucleiexp.tiff,8,10728,151052,2240779481
masks/20190620_p173_slide34_ac1_vz_s1_p1_r6_a6_ac_full_l4_x361_y0_cyto.tiff,8,22362,250868,2240790352
masks/20190619_p176_slide43_ac1_vz_s1_p1_r9_a9_ac_full_l1_x0_y0_cyto.tiff,8,39225,411532,2240812847
masks/20190715_p173_slide16_ac1_vz_s1_p1_r12_a12_ac_full_l4_x321_y514_cyto.tiff,8,7688,88596,2240852203
masks/20190625_p173_slide10_ac1_vz_s1_p1_r18_a18_ac_full_l5_x404_y500_cyto.tiff,8,21616,178828,2240860028
masks/20190619_p176_slide20_ac1_vz_s1_p1_r6_a6_ac_full_l17_x870_y1797_nucleiexp.tiff,8,20496,354412,2240881781
masks/20190710_p176_slide8_ac1_vz_s1_p1_r14_a14_ac_full_cropmask_l11_x871_y475_sphere.tiff,8,2595,305164,2240902419
masks/20190621_p173_slide4_ac1_vz_s1_p1_r12_a12_ac_full_cropmask_l1_x0_y0_sphere.tiff,8,1161,115466,2240905162
masks/20190711_p176_slide2_ac1_vz_s1_p1_r1_a1_ac_full_l1_x0_y0_nucleiexp.tiff,8,2909,69064,2240906466
masks/20190710_p173_slide36_ac1_vz_s1_p1_r13_a13_ac_full_l1_x0_y229_cyto.tiff,8,13763,163232,2240909510
masks/20190625_p173_slide10_ac1_vz_s1_p1_r18_a18_ac_full_l7_x545_y718_nucleiexp.tiff,8,2526,49772,2240923408
masks/20190708_p173_slide26_ac1_vz_s1_p6_r60_a60_ac_full_l1_x0_y0_nucleiexp.tiff,8,5157,119412,2240926076
masks/20190709_p176_slide16_ac1_vz_s1_p1_r7_a7_ac_full_l37_x1814_y146_cell.tiff,8,9630,157066,2240931371
masks/20190708_p173_slide26_ac1_vz_s1_p5_r77_a77_ac_full_cropmask_l5_x186_y655_sphere.tiff,8,993,80656,2240941138
masks/20190709_p176_slide47_ac1_vz_s1_p1_r6_a6_ac_full_l1_x0_y0_cyto.tiff,8,25746,268492,2240942279
masks/20190708_p176_slide33_ac1_vz_s1_p1_r1_a1_ac_full_l1_x0_y3_cell.tiff,8,46088,570482,2240968156
masks/20190619_p176_slide20_ac1_vz_s1_p1_r6_a6_ac_full_l28_x1362_y1123_cyto.tiff,8,32273,308784,2241014375
masks/20190710_p173_slide6_ac1_vz_s1_p1_r6_a6_ac_full_cropmask_l15_x840_y1499_sphere.tiff,8,3231,302064,2241046786
masks/20190619_p176_slide20_ac1_vz_s1_p1_r6_a6_ac_full_l16_x784_y270_cyto.tiff,8,5417,72436,2241050164
masks/20190621_p173_slide13_ac1_vz_s1_p1_r17_a17_ac_full_l2_x0_y308_cell.tiff,8,24488,279922,2241055717
masks/20190619_p173_slide8_ac1_vz_s1_p1_r6_a6_ac_full_l16_x1051_y479_cell.tiff,8,10549,184948,2241080340
masks/20190710_p173_slide6_ac1_vz_s1_p1_r6_a6_ac_full_l7_x217_y829_nucleiexp.tiff,8,9272,168370,2241091025
masks/20190710_p176_slide23_ac1_vz_s1_p1_r6_a6_ac_full_l8_x416_y721_nucleiexp.tiff,8,20828,396368,2241100436
masks/20190621_p173_slide13_ac1_vz_s1_p1_r10_a10_ac_full_l3_x399_y98_nucleiexp.tiff,8,8662,134004,2241121404
masks/20190710_p176_slide23_ac1_vz_s1_p1_r6_a6_ac_full_cropmask_l36_x1600_y1436_sphere.tiff,8,2035,167864,2241130207
masks/20190710_p176_slide23_ac1_vz_s1_p1_r6_a6_ac_full_l14_x715_y1159_cell.tiff,8,16442,239602,2241132391
masks/20190708_p173_slide26_ac1_vz_s1_p6_r59_a59_ac_full_cropmask_l3_x349_y78_sphere.tiff,8,1971,193498,2241148970
masks/20190709_p176_slide11_ac1_vz_s1_p1_r15_a15_ac_full_l14_x762_y650_cyto.tiff,8,12636,134268,2241151088
masks/20190708_p173_slide26_ac1_vz_s1_p4_r8_a8_ac_full_l1_x0_y0_cyto.tiff,8,16574,171244,2241163862
masks/20190715_p176_slide14_ac1_vz_s1_p1_r4_a4_ac_full_l37_x1975_y983_cell.tiff,8,15932,220728,2241180567
masks/20190708_p173_slide26_ac1_vz_s1_p5_r77_a77_ac_full_cropmask_l3_x94_y238_sphere.tiff,8,1236,81860,2241196636
masks/20190621_p173_slide4_ac1_vz_s1_p1_r5_a5_ac_full_l1_x0_y0_cyto.tiff,8,15820,163660,2241198019
masks/20190708_p173_slide26_ac1_vz_s1_p6_r54_a54_ac_full_l32768_x0_y0_nucleiexp.tiff,8,3102,90178,2241213969
masks/20190710_p176_slide23_ac1_vz_s1_p1_r6_a6_ac_full_l26_x1220_y1328_cell.tiff,8,7756,128124,2241217213
masks/20190621_p173_slide4_ac1_vz_s1_p1_r16_a16_ac_full_l2_x233_y88_nucleiexp.tiff,8,3764,83440,2241225107
masks/20190619_p176_slide20_ac1_vz_s1_p1_r6_a6_ac_full_cropmask_l18_x906_y376_sphere.tiff,8,2226,212632,2241229011
masks/20190620_p176_slide5_ac1_vz_s1_p1_r14_a14_ac_full_cropmask_l3_x155_y0_sphere.tiff,8,1096,81860,2241231384
masks/20190620_p176_slide27_ac1_vz_s1_p1_r11_a11_ac_full_cropmask_l1_x1_y11_sphere.tiff,8,1267,127948,2241232625
masks/20190710_p173_slide36_ac1_vz_s1_p1_r1_a1_ac_full_cropmask_l1_x0_y0_sphere.tiff,8,1146,107818,2241234037
masks/20190709_p176_slide11_ac1_vz_s1_p1_r15_a15_ac_full_l10_x582_y990_cyto.tiff,8,5038,57100,2241235325
masks/20190715_p173_slide16_ac1_vz_s1_p2_r37_a37_ac_full_l16_x1235_y259_cell.tiff,8,1075,40012,2241240501
masks/20190620_p176_slide5_ac1_vz_s1_p1_r9_a9_ac_full_cropmask_l1_x0_y0_sphere.tiff,8,1558,206012,2241241715
masks/20190715_p173_slide16_ac1_vz_s1_p2_r37_a37_ac_full_l15_x1094_y983_cell.tiff,8,13801,179386,2241243414
masks/20190620_p173_slide19_ac1_vz_s1_p1_r4_a4_ac_full_l2_x59_y80_nucleiexp.tiff,8,3330,64252,2241257354
masks/20190619_p173_slide31_ac1_vz_s1_p1_r3_a3_ac_full_l1_x0_y0_cyto.tiff,8,13361,124690,2241260822
masks/20190715_p173_slide16_ac1_vz_s1_p2_r34_a34_ac_full_l2_x336_y36_cell.tiff,8,3285,60620,2241274314
masks/20190710_p173_slide36_ac1_vz_s1_p1_r7_a7_ac_full_cropmask_l1_x0_y0_sphere.tiff,8,1186,116142,2241277735
masks/20190710_p176_slide8_ac1_vz_s1_p1_r1_a1_ac_full_cropmask_l1_x0_y0_sphere.tiff,8,957,67068,2241279063
masks/20190710_p176_slide23_ac1_vz_s1_p1_r6_a6_ac_full_cropmask_l2_x130_y1468_sphere.tiff,8,2507,320848,2241280161
masks/20190620_p176_slide5_ac1_vz_s1_p1_r4_a4_ac_full_l1_x0_y2_cyto.tiff,8,5204,68668,2241282815
masks/20190711_p173_slide28_ac1_vz_s1_p1_r13_a13_ac_full_l1_x0_y190_cyto.tiff,8,19884,209568,2241288149
masks/20190619_p176_slide20_ac1_vz_s1_p1_r6_a6_ac_full_l19_x919_y91_nucleiexp.tiff,8,11812,212812,2241308168
masks/20190619_p173_slide8_ac1_vz_s1_p1_r6_a6_ac_full_l8_x339_y545_nucleiexp.tiff,8,5382,133228,2241320120
masks/20190709_p176_slide11_ac1_vz_s1_p1_r15_a15_ac_full_l34_x2078_y602_nucleiexp.tiff,8,4429,111372,2241325641
masks/20190619_p176_slide20_ac1_vz_s1_p1_r6_a6_ac_full_cropmask_l5_x223_y1835_sphere.tiff,8,3436,330532,2241330214
masks/20190625_p173_slide10_ac1_vz_s1_p1_r17_a17_ac_full_l7_x342_y145_nucleiexp.tiff,8,25171,453292,2241333797
masks/20190715_p173_slide16_ac1_vz_s1_p2_r27_a27_ac_full_l3_x9_y17_nucleiexp.tiff,8,12896,264922,2241359110
masks/20190715_p173_slide16_ac1_vz_s1_p2_r37_a37_ac_full_l6_x404_y925_cell.tiff,8,11324,174988,2241372145
masks/20190715_p176_slide14_ac1_vz_s1_p1_r4_a4_ac_full_l31_x1707_y59_cell.tiff,8,3177,66008,2241383606
masks/20190619_p173_slide8_ac1_vz_s1_p1_r6_a6_ac_full_l8_x339_y545_cell.tiff,8,7186,133228,2241386919
masks/20190710_p176_slide23_ac1_vz_s1_p1_r6_a6_ac_full_l39_x1849_y1453_nucleiexp.tiff,8,1265,28868,2241394239
masks/20190625_p173_slide10_ac1_vz_s1_p1_r18_a18_ac_full_cropmask_l7_x545_y718_sphere.tiff,8,931,49772,2241395647
masks/20190708_p173_slide26_ac1_vz_s1_p4_r5_a5_ac_full_l3_x133_y0_cell.tiff,8,10102,159608,2241396726
masks/20190620_p176_slide5_ac1_vz_s1_p1_r2_a2_ac_full_l1_x3_y0_cell.tiff,8,4823,82220,2241406961
masks/20190708_p173_slide26_ac1_vz_s1_p6_r43_a43_ac_full_l1_x0_y0_cell.tiff,8,3237,44636,2241411914
masks/20190715_p173_slide22_ac1_vz_s1_p1_r20_a20_ac_full_l1_x0_y0_nucleiexp.tiff,8,14590,322060,2241415284
masks/20190710_p176_slide23_ac1_vz_s1_p1_r6_a6_ac_full_l20_x1032_y547_cyto.tiff,8,2202,49954,2241430012
masks/20190625_p173_slide10_ac1_vz_s1_p1_r18_a18_ac_full_l2_x261_y260_cell.tiff,8,14170,168418,2241432351
masks/20190711_p173_slide28_ac1_vz_s1_p1_r13_a13_ac_full_cropmask_l3_x282_y286_sphere.tiff,8,2067,142288,2241446658
masks/20190708_p173_slide26_ac1_vz_s1_p6_r63_a63_ac_full_l1_x0_y185_cyto.tiff,8,14899,150388,2241448873
masks/20190715_p176_slide14_ac1_vz_s1_p1_r4_a4_ac_full_l17_x868_y350_nucleiexp.tiff,8,6788,158594,2241463907
masks/20190715_p173_slide16_ac1_vz_s1_p1_r12_a12_ac_full_cropmask_l4_x321_y514_sphere.tiff,8,1196,88596,2241470836
masks/20190715_p176_slide14_ac1_vz_s1_p1_r4_a4_ac_full_cropmask_l18_x934_y2173_sphere.tiff,8,1246,82220,2241472180
masks/20190709_p173_slide2_ac1_vz_s1_p1_r11_a11_ac_full_cropmask_l2_x197_y439_sphere.tiff,8,943,68644,2241473574
masks/20190620_p173_slide34_ac1_vz_s1_p1_r6_a6_ac_full_l3_x318_y293_cyto.tiff,8,4689,68776,2241474664
masks/20190708_p173_slide26_ac1_vz_s1_p4_r5_a5_ac_full_l1_x0_y122_cyto.tiff,8,4339,70900,2241479488
masks/20190619_p173_slide8_ac1_vz_s1_p1_r6_a6_ac_full_cropmask_l11_x701_y305_sphere.tiff,8,1578,115804,2241483960
masks/20190620_p176_slide27_ac1_vz_s1_p1_r22_a22_ac_full_cropmask_l8_x1137_y75_sphere.tiff,8,769,58750,2241485684
masks/20190621_p176_slide36_ac1_vz_s1_p1_r6_a6_ac_full_l1_x0_y5_cell.tiff,8,5203,87430,2241486601
masks/20190709_p176_slide11_ac1_vz_s1_p1_r15_a15_ac_full_cropmask_l7_x495_y1030_sphere.tiff,8,736,39830,2241491935
masks/20190620_p176_slide27_ac1_vz_s1_p1_r13_a13_ac_full_l1_x10_y23_cell.tiff,8,10578,163176,2241492820
masks/20190715_p176_slide30_ac1_vz_s1_p1_r8_a8_ac_full_cropmask_l1_x0_y0_sphere.tiff,8,1519,133492,2241503533
masks/20190715_p176_slide14_ac1_vz_s1_p1_r4_a4_ac_full_l7_x488_y399_nucleiexp.tiff,8,12032,236172,2241505194
masks/20190619_p173_slide31_ac1_vz_s1_p1_r6_a6_ac_full_l1_x0_y0_cyto.tiff,8,14377,264652,2241517366
masks/20190709_p173_slide2_ac1_vz_s1_p1_r7_a7_ac_full_l1_x0_y0_cyto.tiff,8,13856,145676,2241531874
masks/20190619_p173_slide8_ac1_vz_s1_p1_r6_a6_ac_full_l3_x93_y1195_cyto.tiff,8,12890,157448,2241545860
masks/20190710_p176_slide23_ac1_vz_s1_p1_r6_a6_ac_full_l42_x1930_y1392_cell.tiff,8,1636,28828,2241558884
masks/20190711_p173_slide28_ac1_vz_s1_p1_r8_a8_ac_full_cropmask_l1_x0_y2_sphere.tiff,8,1794,204868,2241560658
masks/20190708_p173_slide26_ac1_vz_s1_p4_r12_a12_ac_full_l1_x0_y0_cyto.tiff,8,10811,110938,2241562594
masks/20190710_p176_slide23_ac1_vz_s1_p1_r6_a6_ac_full_l42_x1930_y1392_nucleiexp.tiff,8,1245,28828,2241573538
masks/20190709_p176_slide11_ac1_vz_s1_p1_r15_a15_ac_full_l21_x834_y1435_cell.tiff,8,40146,464444,2241574926
masks/20190715_p176_slide14_ac1_vz_s1_p1_r4_a4_ac_full_l39_x2164_y333_cyto.tiff,8,14416,179980,2241615211
masks/20190709_p173_slide2_ac1_vz_s1_p1_r4_a4_ac_full_l1_x0_y0_cell.tiff,8,3967,73180,2241629764
masks/20190625_p173_slide10_ac1_vz_s1_p1_r6_a6_ac_full_l1_x12_y0_cyto.tiff,8,4238,73754,2241633861
masks/20190710_p173_slide6_ac1_vz_s1_p1_r6_a6_ac_full_cropmask_l1_x30_y871_sphere.tiff,8,1258,99454,2241638231
masks/20190710_p173_slide6_ac1_vz_s1_p1_r6_a6_ac_full_l3_x46_y161_cell.tiff,8,21597,280504,2241639633
masks/20190709_p176_slide16_ac1_vz_s1_p1_r7_a7_ac_full_l4_x258_y441_cyto.tiff,8,3879,64150,2241661363
masks/20190620_p176_slide27_ac1_vz_s1_p1_r22_a22_ac_full_l2_x245_y364_cyto.tiff,8,40856,392764,2241665377
masks/20190715_p176_slide14_ac1_vz_s1_p1_r4_a4_ac_full_cropmask_l7_x488_y399_sphere.tiff,8,2702,236172,2241706370
masks/20190715_p173_slide16_ac1_vz_s1_p1_r8_a8_ac_full_l4_x39_y328_cyto.tiff,8,20309,209292,2241709218
masks/20190715_p176_slide30_ac1_vz_s1_p1_r16_a16_ac_full_l5_x368_y1225_nucleiexp.tiff,8,19180,299414,2241729661
masks/20190709_p176_slide16_ac1_vz_s1_p1_r7_a7_ac_full_l30_x1389_y740_cell.tiff,8,34086,413296,2241748984
masks/20190709_p176_slide16_ac1_vz_s1_p1_r7_a7_ac_full_l31_x1579_y291_nucleiexp.tiff,8,5221,109762,2241783207
masks/20190710_p173_slide6_ac1_vz_s1_p1_r6_a6_ac_full_l2_x81_y639_cyto.tiff,8,16273,163138,2241788570
masks/20190619_p176_slide20_ac1_vz_s1_p1_r6_a6_ac_full_l25_x1165_y343_nucleiexp.tiff,8,12901,260008,2241804976
masks/20190709_p176_slide16_ac1_vz_s1_p1_r7_a7_ac_full_l13_x622_y2246_nucleiexp.tiff,8,15479,273780,2241818019
masks/20190715_p173_slide16_ac1_vz_s1_p2_r31_a31_ac_full_l1_x0_y0_nucleiexp.tiff,8,2457,68710,2241833640
masks/20190621_p173_slide13_ac1_vz_s1_p1_r1_a1_ac_full_cropmask_l1_x0_y1_sphere.tiff,8,1727,199036,2241836235
masks/20190709_p173_slide2_ac1_vz_s1_p1_r3_a3_ac_full_cropmask_l1_x0_y0_sphere.tiff,8,839,59788,2241838104
masks/20190715_p173_slide22_ac1_vz_s1_p1_r1_a1_ac_full_l1_x0_y0_nucleiexp.tiff,8,9847,181808,2241839084
masks/20190621_p173_slide13_ac1_vz_s1_p1_r10_a10_ac_full_cropmask_l1_x0_y0_sphere.tiff,8,1833,166158,2241849067
masks/20190708_p173_slide26_ac1_vz_s1_p6_r63_a63_ac_full_l1_x0_y185_cell.tiff,8,12124,150388,2241851044
masks/20190619_p173_slide31_ac1_vz_s1_p1_r2_a2_ac_full_l1_x0_y0_cyto.tiff,8,7243,81892,2241863303
masks/20190708_p173_slide26_ac1_vz_s1_p5_r72_a72_ac_full_cropmask_l1_x0_y0_sphere.tiff,8,2297,286398,2241870677
masks/20190621_p176_slide36_ac1_vz_s1_p1_r3_a3_ac_full_cropmask_l1_x0_y0_sphere.tiff,8,2239,314974,2241873118
masks/20190709_p173_slide2_ac1_vz_s1_p1_r4_a4_ac_full_cropmask_l1_x0_y0_sphere.tiff,8,980,73180,2241875499
masks/20190709_p176_slide16_ac1_vz_s1_p1_r7_a7_ac_full_l9_x421_y508_cell.tiff,8,27767,345544,2241876620
masks/20190619_p173_slide8_ac1_vz_s1_p1_r4_a4_ac_full_l1_x0_y0_nucleiexp.tiff,8,15108,281220,2241904522
masks/20190710_p173_slide6_ac1_vz_s1_p1_r1_a1_ac_full_l1_x16_y0_cyto.tiff,8,7772,124660,2241919765
masks/20190710_p173_slide6_ac1_vz_s1_p1_r6_a6_ac_full_l4_x146_y1043_cell.tiff,8,7490,99060,2241927668
masks/20190715_p173_slide16_ac1_vz_s1_p1_r17_a17_ac_full_cropmask_l8_x621_y485_sphere.tiff,8,1744,106768,2241935293
masks/20190710_p176_slide8_ac1_vz_s1_p1_r14_a14_ac_full_l7_x599_y1328_nucleiexp.tiff,8,8843,192908,2241937185
masks/20190708_p173_slide39_ac1_vz_s1_p1_r3_a3_ac_full_l1_x2_y0_nucleiexp.tiff,8,2137,61388,2241946170
masks/20190708_p173_slide26_ac1_vz_s1_p6_r63_a63_ac_full_l1_x0_y185_nucleiexp.tiff,8,9250,150388,2241948443
masks/20190621_p176_slide36_ac1_vz_s1_p1_r12_a12_ac_full_l3_x411_y92_cyto.tiff,8,28848,280224,2241957833
masks/20190710_p176_slide23_ac1_vz_s1_p1_r6_a6_ac_full_l7_x461_y2066_nucleiexp.tiff,8,11620,222988,2241986817
masks/20190710_p176_slide23_ac1_vz_s1_p1_r6_a6_ac_full_cropmask_l12_x703_y2225_sphere.tiff,8,2596,288140,2241998578
masks/20190620_p173_slide19_ac1_vz_s1_p1_r22_a22_ac_full_l7_x289_y94_nucleiexp.tiff,8,5755,85644,2242001322
masks/20190710_p176_slide23_ac1_vz_s1_p1_r6_a6_ac_full_cropmask_l24_x1089_y2329_sphere.tiff,8,1627,184860,2242007218
masks/20190708_p173_slide26_ac1_vz_s1_p4_r31_a31_ac_full_cropmask_l4_x867_y0_sphere.tiff,8,1721,153726,2242008994
masks/20190715_p176_slide14_ac1_vz_s1_p1_r4_a4_ac_full_l12_x636_y1878_nucleiexp.tiff,8,14253,221340,2242010861
masks/20190709_p176_slide16_ac1_vz_s1_p1_r7_a7_ac_full_l43_x2301_y814_cyto.tiff,8,25765,280756,2242025256
masks/20190711_p173_slide28_ac1_vz_s1_p1_r4_a4_ac_full_l1_x2_y0_nucleiexp.tiff,8,11221,206222,2242051158
masks/20190619_p173_slide8_ac1_vz_s1_p1_r6_a6_ac_full_l15_x992_y210_cyto.tiff,8,19366,196792,2242062515
masks/20190715_p173_slide16_ac1_vz_s1_p1_r12_a12_ac_full_cropmask_l1_x0_y270_sphere.tiff,8,3529,323836,2242082016
masks/20190708_p173_slide26_ac1_vz_s1_p6_r60_a60_ac_full_cropmask_l1_x0_y0_sphere.tiff,8,1361,119412,2242085691
masks/20190620_p176_slide5_ac1_vz_s1_p1_r2_a2_ac_full_l1_x3_y0_cyto.tiff,8,5973,82220,2242087196
masks/20190619_p173_slide8_ac1_vz_s1_p1_r3_a3_ac_full_l1_x0_y0_cell.tiff,8,6567,97788,2242093299
masks/20190708_p176_slide33_ac1_vz_s1_p1_r3_a3_ac_full_l2_x0_y0_nucleiexp.tiff,8,2095,39958,2242099996
masks/20190625_p173_slide10_ac1_vz_s1_p1_r18_a18_ac_full_l9_x542_y250_nucleiexp.tiff,8,16125,247060,2242102227
masks/20190621_p173_slide13_ac1_vz_s1_p1_r8_a8_ac_full_cropmask_l2_x85_y426_sphere.tiff,8,1180,95388,2242118494
masks/20190709_p176_slide16_ac1_vz_s1_p1_r7_a7_ac_full_l5_x255_y839_cyto.tiff,8,21610,243628,2242119819
masks/20190708_p173_slide26_ac1_vz_s1_p6_r35_a35_ac_full_l1_x0_y0_cell.tiff,8,8331,111652,2242141564
masks/20190709_p176_slide16_ac1_vz_s1_p1_r7_a7_ac_full_l36_x1699_y376_cell.tiff,8,35954,411112,2242150028
masks/20190708_p173_slide26_ac1_vz_s1_p4_r26_a26_ac_full_l1_x0_y0_cyto.tiff,8,15202,158140,2242186119
masks/20190715_p173_slide22_ac1_vz_s1_p1_r13_a13_ac_full_l3_x271_y153_cyto.tiff,8,5683,60108,2242201454
masks/20190715_p176_slide30_ac1_vz_s1_p1_r16_a16_ac_full_l7_x746_y382_cell.tiff,8,25542,336924,2242207274
masks/20190620_p173_slide19_ac1_vz_s1_p1_r22_a22_ac_full_cropmask_l2_x5_y0_sphere.tiff,8,2232,198752,2242232953
masks/20190710_p173_slide6_ac1_vz_s1_p1_r6_a6_ac_full_cropmask_l4_x146_y1043_sphere.tiff,8,1506,99060,2242235329
masks/20190708_p173_slide26_ac1_vz_s1_p6_r32_a32_ac_full_l1_x0_y2_nucleiexp.tiff,8,4794,110104,2242236981
masks/20190708_p173_slide26_ac1_vz_s1_p4_r15_a15_ac_full_l2_x0_y0_nucleiexp.tiff,8,11084,184228,2242241913
masks/20190715_p173_slide16_ac1_vz_s1_p1_r3_a3_ac_full_cropmask_l32768_x0_y0_sphere.tiff,8,245,61960,2242253135
masks/20190708_p173_slide26_ac1_vz_s1_p4_r22_a22_ac_full_l32768_x0_y0_cell.tiff,8,2071,55138,2242253526
masks/20190715_p176_slide30_ac1_vz_s1_p1_r3_a3_ac_full_cropmask_l2_x167_y0_sphere.tiff,8,1535,106488,2242255734
masks/20190709_p176_slide16_ac1_vz_s1_p1_r7_a7_ac_full_l19_x879_y765_cell.tiff,8,61197,680948,2242257413
masks/20190711_p173_slide28_ac1_vz_s1_p1_r13_a13_ac_full_l5_x571_y153_nucleiexp.tiff,8,23201,348148,2242318746
masks/20190710_p176_slide23_ac1_vz_s1_p1_r6_a6_ac_full_cropmask_l19_x994_y1524_sphere.tiff,8,604,39468,2242342089
masks/20190708_p173_slide26_ac1_vz_s1_p4_r25_a25_ac_full_l1_x0_y0_cyto.tiff,8,10281,135964,2242342841
masks/20190715_p176_slide14_ac1_vz_s1_p1_r4_a4_ac_full_l3_x313_y767_nucleiexp.tiff,8,7204,171958,2242353255
masks/20190620_p176_slide27_ac1_vz_s1_p1_r5_a5_ac_full_cropmask_l2_x38_y320_sphere.tiff,8,1945,178052,2242360599
masks/20190620_p173_slide19_ac1_vz_s1_p1_r22_a22_ac_full_l4_x243_y1127_nucleiexp.tiff,8,310,12676,2242362689
masks/20190619_p176_slide20_ac1_vz_s1_p1_r6_a6_ac_full_cropmask_l37_x1833_y497_sphere.tiff,8,3315,347152,2242363142
masks/20190621_p173_slide4_ac1_vz_s1_p1_r11_a11_ac_full_l1_x0_y0_cell.tiff,8,11725,167624,2242366605
masks/20190620_p173_slide19_ac1_vz_s1_p1_r13_a13_ac_full_l32768_x0_y0_cell.tiff,8,520,26258,2242378462
masks/20190708_p173_slide26_ac1_vz_s1_p6_r60_a60_ac_full_l1_x0_y0_cyto.tiff,8,9174,119412,2242379119
masks/20190619_p176_slide20_ac1_vz_s1_p1_r6_a6_ac_full_cropmask_l4_x79_y1647_sphere.tiff,8,2041,167884,2242388426
masks/20190715_p173_slide16_ac1_vz_s1_p1_r17_a17_ac_full_l2_x0_y293_nucleiexp.tiff,8,10736,195830,2242390613
masks/20190619_p176_slide20_ac1_vz_s1_p1_r6_a6_ac_full_l25_x1165_y343_cell.tiff,8,17848,260008,2242401489
masks/20190619_p176_slide20_ac1_vz_s1_p1_r6_a6_ac_full_l30_x1446_y772_nucleiexp.tiff,8,26285,365836,2242419474
masks/20190708_p173_slide26_ac1_vz_s1_p6_r43_a43_ac_full_cropmask_l1_x0_y0_sphere.tiff,8,649,44636,2242445901
masks/20190715_p173_slide16_ac1_vz_s1_p1_r14_a14_ac_full_l1_x0_y2_nucleiexp.tiff,8,7038,126508,2242446694
masks/20190715_p173_slide22_ac1_vz_s1_p1_r1_a1_ac_full_l1_x0_y0_cell.tiff,8,13108,181808,2242453870
masks/20190708_p173_slide26_ac1_vz_s1_p6_r53_a53_ac_full_l1_x0_y0_nucleiexp.tiff,8,14905,287844,2242467109
masks/20190711_p173_slide28_ac1_vz_s1_p1_r13_a13_ac_full_l6_x851_y0_cyto.tiff,8,13634,141208,2242482152
masks/20190621_p176_slide36_ac1_vz_s1_p1_r5_a5_ac_full_l2_x111_y0_nucleiexp.tiff,8,3862,81460,2242495921
masks/20190715_p176_slide14_ac1_vz_s1_p1_r4_a4_ac_full_cropmask_l14_x718_y1246_sphere.tiff,8,2167,226708,2242499921
masks/20190625_p173_slide10_ac1_vz_s1_p1_r14_a14_ac_full_cropmask_l1_x17_y0_sphere.tiff,8,2103,288556,2242502236
masks/20190715_p173_slide16_ac1_vz_s1_p2_r37_a37_ac_full_l13_x1127_y1299_cell.tiff,8,3686,61828,2242504484
masks/20190715_p173_slide22_ac1_vz_s1_p1_r18_a18_ac_full_l2_x207_y0_cell.tiff,8,23232,288304,2242508310
masks/20190710_p176_slide8_ac1_vz_s1_p1_r2_a2_ac_full_cropmask_l1_x0_y0_sphere.tiff,8,1397,150412,2242531677
masks/20190715_p176_slide14_ac1_vz_s1_p1_r4_a4_ac_full_l3_x313_y767_cyto.tiff,8,12494,171958,2242533215
masks/20190619_p176_slide20_ac1_vz_s1_p1_r6_a6_ac_full_l29_x1495_y279_cyto.tiff,8,10539,136992,2242545844
masks/20190710_p173_slide36_ac1_vz_s1_p1_r13_a13_ac_full_cropmask_l4_x250_y0_sphere.tiff,8,2025,150788,2242556520
masks/20190709_p176_slide16_ac1_vz_s1_p1_r7_a7_ac_full_l29_x1412_y448_cell.tiff,8,18058,213472,2242558691
masks/20190619_p173_slide8_ac1_vz_s1_p1_r6_a6_ac_full_l10_x323_y1211_cell.tiff,8,30798,382936,2242576886
masks/20190619_p173_slide31_ac1_vz_s1_p1_r15_a15_ac_full_l1_x0_y0_cell.tiff,8,3654,67174,2242607820
masks/20190715_p176_slide14_ac1_vz_s1_p1_r4_a4_ac_full_l34_x1717_y1102_cyto.tiff,8,19856,216208,2242611607
masks/20190715_p173_slide16_ac1_vz_s1_p1_r12_a12_ac_full_l4_x321_y514_cell.tiff,8,6063,88596,2242631601
masks/20190715_p173_slide22_ac1_vz_s1_p1_r17_a17_ac_full_l1_x0_y281_nucleiexp.tiff,8,6055,100332,2242637801
masks/20190708_p173_slide26_ac1_vz_s1_p6_r46_a46_ac_full_l2_x63_y280_cyto.tiff,8,5025,72668,2242643996
masks/20190619_p176_slide20_ac1_vz_s1_p1_r6_a6_ac_full_cropmask_l33_x1580_y1515_sphere.tiff,8,1981,259130,2242649157
masks/20190709_p176_slide47_ac1_vz_s1_p1_r1_a1_ac_full_l2_x5_y0_cell.tiff,8,2909,48020,2242651287
masks/20190620_p176_slide5_ac1_vz_s1_p1_r7_a7_ac_full_l1_x0_y0_nucleiexp.tiff,8,7066,150366,2242654327
masks/20190715_p173_slide16_ac1_vz_s1_p2_r21_a21_ac_full_l4_x279_y166_cell.tiff,8,1160,17867,2242661528
masks/20190715_p176_slide14_ac1_vz_s1_p1_r4_a4_ac_full_l13_x616_y2164_nucleiexp.tiff,8,14885,263020,2242662825
masks/20190620_p173_slide34_ac1_vz_s1_p1_r9_a9_ac_full_l32768_x0_y0_cyto.tiff,8,1468,40578,2242677852
masks/20190709_p176_slide47_ac1_vz_s1_p1_r5_a5_ac_full_l1_x4_y0_cyto.tiff,8,14704,187148,2242679455
masks/20190715_p176_slide14_ac1_vz_s1_p1_r4_a4_ac_full_cropmask_l2_x101_y1380_sphere.tiff,8,2610,292168,2242694290
masks/20190620_p176_slide27_ac1_vz_s1_p1_r18_a18_ac_full_l1_x0_y391_nucleiexp.tiff,8,11274,210756,2242697047
masks/20190620_p173_slide19_ac1_vz_s1_p1_r10_a10_ac_full_l1_x0_y0_nucleiexp.tiff,8,2139,45250,2242708461
masks/20190715_p173_slide22_ac1_vz_s1_p1_r24_a24_ac_full_l1_x0_y348_cyto.tiff,8,3631,48598,2242710738
masks/20190619_p176_slide43_ac1_vz_s1_p1_r9_a9_ac_full_cropmask_l1_x0_y0_sphere.tiff,8,3662,411532,2242714504
masks/20190715_p173_slide22_ac1_vz_s1_p1_r25_a25_ac_full_l1_x1_y0_nucleiexp.tiff,8,3764,89324,2242718308
masks/20190621_p176_slide36_ac1_vz_s1_p1_r12_a12_ac_full_l1_x0_y0_nucleiexp.tiff,8,35953,531108,2242722210
masks/20190708_p173_slide26_ac1_vz_s1_p5_r65_a65_ac_full_l1_x0_y0_cell.tiff,8,9367,139366,2242758301
masks/20190710_p176_slide8_ac1_vz_s1_p1_r14_a14_ac_full_l14_x1178_y270_cyto.tiff,8,15659,180604,2242767801
masks/20190715_p176_slide14_ac1_vz_s1_p1_r4_a4_ac_full_l13_x616_y2164_cyto.tiff,8,25068,263020,2242783598
masks/20190621_p176_slide36_ac1_vz_s1_p1_r12_a12_ac_full_l1_x0_y0_cell.tiff,8,48481,531108,2242808803
masks/20190710_p176_slide23_ac1_vz_s1_p1_r6_a6_ac_full_l31_x1300_y1904_cyto.tiff,8,28179,387740,2242857417
masks/20190708_p176_slide33_ac1_vz_s1_p1_r6_a6_ac_full_l1_x0_y0_nucleiexp.tiff,8,17113,286492,2242885734
masks/20190708_p173_slide26_ac1_vz_s1_p6_r63_a63_ac_full_l2_x180_y0_cyto.tiff,8,25537,275542,2242902983
masks/20190619_p176_slide20_ac1_vz_s1_p1_r6_a6_ac_full_l41_x2218_y525_cell.tiff,8,14910,206448,2242928655
masks/20190620_p173_slide19_ac1_vz_s1_p1_r5_a5_ac_full_l1_x0_y0_cyto.tiff,8,10220,115636,2242943702
masks/20190710_p176_slide8_ac1_vz_s1_p1_r14_a14_ac_full_cropmask_l5_x328_y958_sphere.tiff,8,3509,333268,2242954053
masks/20190708_p173_slide26_ac1_vz_s1_p6_r63_a63_ac_full_l3_x371_y303_nucleiexp.tiff,8,2057,58508,2242957709
masks/20190709_p176_slide16_ac1_vz_s1_p1_r7_a7_ac_full_cropmask_l24_x1258_y2323_sphere.tiff,8,1685,164212,2242959908
masks/20190708_p173_slide39_ac1_vz_s1_p1_r7_a7_ac_full_l1_x0_y0_cyto.tiff,8,9477,97328,2242961742
masks/20190620_p176_slide27_ac1_vz_s1_p1_r22_a22_ac_full_l2_x245_y364_nucleiexp.tiff,8,23870,392764,2242971350
masks/20190715_p176_slide14_ac1_vz_s1_p1_r4_a4_ac_full_l7_x488_y399_cell.tiff,8,16902,236172,2242995362
masks/20190711_p173_slide28_ac1_vz_s1_p1_r13_a13_ac_full_l5_x571_y153_cell.tiff,8,30803,348148,2243012399
masks/20190715_p176_slide30_ac1_vz_s1_p1_r16_a16_ac_full_l1_x0_y96_nucleiexp.tiff,8,22000,365752,2243043339
masks/20190621_p173_slide13_ac1_vz_s1_p1_r8_a8_ac_full_l9_x463_y460_cell.tiff,8,33496,461512,2243065478
masks/20190708_p173_slide26_ac1_vz_s1_p5_r77_a77_ac_full_l2_x109_y298_cell.tiff,8,1157,12740,2243099109
masks/20190621_p173_slide4_ac1_vz_s1_p1_r16_a16_ac_full_cropmask_l7_x861_y0_sphere.tiff,8,2212,227068,2243100403
masks/20190711_p176_slide39_ac1_vz_s1_p1_r3_a3_ac_full_l1_x5_y0_cell.tiff,8,22773,309340,2243102760
masks/20190715_p173_slide16_ac1_vz_s1_p1_r6_a6_ac_full_l1_x0_y0_cell.tiff,8,35156,474574,2243125664
masks/20190710_p176_slide23_ac1_vz_s1_p1_r6_a6_ac_full_l10_x566_y1509_cyto.tiff,8,14522,204208,2243160951
masks/20190715_p176_slide14_ac1_vz_s1_p1_r4_a4_ac_full_l11_x587_y884_cell.tiff,8,23393,311468,2243175610
masks/20190715_p176_slide30_ac1_vz_s1_p1_r16_a16_ac_full_l2_x47_y510_nucleiexp.tiff,8,21324,375968,2243199139
masks/20190621_p173_slide4_ac1_vz_s1_p1_r12_a12_ac_full_l1_x0_y0_nucleiexp.tiff,8,6037,115466,2243220604
masks/20190620_p176_slide5_ac1_vz_s1_p1_r14_a14_ac_full_l3_x155_y0_cell.tiff,8,4100,81860,2243226778
masks/20190708_p173_slide26_ac1_vz_s1_p4_r26_a26_ac_full_l1_x0_y0_cell.tiff,8,12592,158140,2243231012
masks/20190715_p176_slide14_ac1_vz_s1_p1_r4_a4_ac_full_l2_x101_y1380_cyto.tiff,8,27547,292168,2243243737
masks/20190620_p173_slide34_ac1_vz_s1_p1_r9_a9_ac_full_l32768_x0_y0_nucleiexp.tiff,8,870,40578,2243271420
masks/20190621_p173_slide13_ac1_vz_s1_p1_r17_a17_ac_full_l5_x495_y264_cell.tiff,8,6843,126884,2243272430
masks/20190710_p176_slide23_ac1_vz_s1_p1_r6_a6_ac_full_cropmask_l31_x1300_y1904_sphere.tiff,8,4146,387740,2243279410
masks/20190711_p173_slide28_ac1_vz_s1_p1_r1_a1_ac_full_l1_x0_y0_cell.tiff,8,4921,77814,2243283705
masks/20190710_p176_slide23_ac1_vz_s1_p1_r6_a6_ac_full_l26_x1220_y1328_nucleiexp.tiff,8,5296,128124,2243288757
masks/20190620_p176_slide27_ac1_vz_s1_p1_r15_a15_ac_full_cropmask_l4_x339_y150_sphere.tiff,8,2074,198368,2243294196
masks/20190710_p173_slide36_ac1_vz_s1_p1_r13_a13_ac_full_l4_x250_y0_cell.tiff,8,10169,150788,2243296418
masks/20190621_p173_slide4_ac1_vz_s1_p1_r16_a16_ac_full_cropmask_l4_x447_y64_sphere.tiff,8,2332,195100,2243306722
masks/20190715_p176_slide14_ac1_vz_s1_p1_r4_a4_ac_full_cropmask_l31_x1707_y59_sphere.tiff,8,764,66008,2243309200
masks/20190715_p173_slide22_ac1_vz_s1_p1_r1_a1_ac_full_l2_x98_y270_nucleiexp.tiff,8,4033,87436,2243310111
masks/20190619_p173_slide31_ac1_vz_s1_p1_r8_a8_ac_full_l1_x10_y0_cyto.tiff,8,4865,64108,2243314283
masks/20190715_p173_slide16_ac1_vz_s1_p2_r37_a37_ac_full_cropmask_l1_x0_y246_sphere.tiff,8,1906,176570,2243319280
masks/20190620_p176_slide27_ac1_vz_s1_p1_r22_a22_ac_full_cropmask_l5_x888_y66_sphere.tiff,8,1857,135976,2243321332
masks/20190709_p176_slide11_ac1_vz_s1_p1_r15_a15_ac_full_l32_x1772_y838_cyto.tiff,8,8804,124172,2243323336
masks/20190710_p176_slide23_ac1_vz_s1_p1_r6_a6_ac_full_l1_x11_y1138_nucleiexp.tiff,8,9353,218248,2243332279
masks/20190619_p176_slide20_ac1_vz_s1_p1_r6_a6_ac_full_l41_x2218_y525_nucleiexp.tiff,8,11347,206448,2243341772
masks/20190708_p173_slide26_ac1_vz_s1_p5_r77_a77_ac_full_l1_x0_y424_cyto.tiff,8,15547,169342,2243353261
masks/20190710_p173_slide36_ac1_vz_s1_p1_r7_a7_ac_full_l1_x0_y0_nucleiexp.tiff,8,6280,116142,2243368943
masks/20190620_p173_slide19_ac1_vz_s1_p1_r22_a22_ac_full_l8_x391_y60_cell.tiff,8,9442,139468,2243375359
masks/20190708_p173_slide39_ac1_vz_s1_p1_r11_a11_ac_full_cropmask_l1_x0_y0_sphere.tiff,8,1504,154280,2243384937
masks/20190621_p176_slide36_ac1_vz_s1_p1_r1_a1_ac_full_l1_x0_y4_nucleiexp.tiff,8,23867,449948,2243386585
masks/20190619_p173_slide8_ac1_vz_s1_p1_r6_a6_ac_full_cropmask_l2_x34_y674_sphere.tiff,8,1259,83088,2243410588
masks/20190619_p176_slide20_ac1_vz_s1_p1_r6_a6_ac_full_cropmask_l15_x706_y1521_sphere.tiff,8,2274,262228,2243411991
masks/20190715_p176_slide30_ac1_vz_s1_p1_r8_a8_ac_full_l1_x0_y0_nucleiexp.tiff,8,7789,133492,2243414413
masks/20190621_p173_slide4_ac1_vz_s1_p1_r10_a10_ac_full_l3_x275_y194_cyto.tiff,8,18781,232924,2243422338
masks/20190710_p176_slide8_ac1_vz_s1_p1_r14_a14_ac_full_cropmask_l14_x1178_y270_sphere.tiff,8,1804,180604,2243441255
masks/20190708_p173_slide26_ac1_vz_s1_p4_r31_a31_ac_full_cropmask_l2_x232_y0_sphere.tiff,8,2803,307016,2243443208
masks/20190710_p176_slide23_ac1_vz_s1_p1_r6_a6_ac_full_l43_x1981_y241_cyto.tiff,8,13024,156996,2243446157
masks/20190625_p173_slide10_ac1_vz_s1_p1_r4_a4_ac_full_l1_x12_y0_nucleiexp.tiff,8,1997,60292,2243459318
masks/20190715_p176_slide30_ac1_vz_s1_p1_r5_a5_ac_full_cropmask_l1_x0_y0_sphere.tiff,8,1775,205228,2243461452
masks/20190715_p176_slide14_ac1_vz_s1_p1_r4_a4_ac_full_l38_x2040_y613_cyto.tiff,8,34772,338668,2243463369
masks/20190620_p176_slide5_ac1_vz_s1_p1_r7_a7_ac_full_l1_x0_y0_cell.tiff,8,9628,150366,2243498278
masks/20190715_p176_slide14_ac1_vz_s1_p1_r4_a4_ac_full_cropmask_l41_x2362_y759_sphere.tiff,8,2234,294532,2243508036
masks/20190710_p173_slide6_ac1_vz_s1_p1_r6_a6_ac_full_l12_x570_y1408_cyto.tiff,8,21800,213432,2243510418
masks/20190715_p173_slide16_ac1_vz_s1_p2_r34_a34_ac_full_cropmask_l2_x336_y36_sphere.tiff,8,884,60620,2243532354
masks/20190708_p176_slide33_ac1_vz_s1_p1_r16_a16_ac_full_cropmask_l2_x88_y237_sphere.tiff,8,2096,206386,2243533385
masks/20190715_p176_slide14_ac1_vz_s1_p1_r4_a4_ac_full_l9_x642_y233_nucleiexp.tiff,8,4189,96676,2243535628
masks/20190620_p173_slide19_ac1_vz_s1_p1_r13_a13_ac_full_cropmask_l32768_x0_y0_sphere.tiff,8,205,26258,2243539957
masks/20190715_p176_slide30_ac1_vz_s1_p1_r16_a16_ac_full_cropmask_l7_x746_y382_sphere.tiff,8,2424,336924,2243540310
masks/20190711_p176_slide39_ac1_vz_s1_p1_r6_a6_ac_full_l6_x730_y494_cell.tiff,8,34895,410744,2243542882
masks/20190715_p176_slide14_ac1_vz_s1_p1_r4_a4_ac_full_l8_x539_y566_cyto.tiff,8,6689,66432,2243577912
masks/20190709_p176_slide16_ac1_vz_s1_p1_r7_a7_ac_full_l38_x1944_y1084_cell.tiff,8,10914,182534,2243584736
masks/20190715_p176_slide30_ac1_vz_s1_p1_r10_a10_ac_full_cropmask_l1_x0_y0_sphere.tiff,8,1051,86218,2243595788
masks/20190625_p173_slide10_ac1_vz_s1_p1_r18_a18_ac_full_l1_x13_y10_cyto.tiff,8,26070,280408,2243596983
masks/20190620_p176_slide27_ac1_vz_s1_p1_r12_a12_ac_full_l32768_x0_y0_cell.tiff,8,789,50732,2243623188
masks/20190715_p173_slide22_ac1_vz_s1_p1_r13_a13_ac_full_cropmask_l3_x271_y153_sphere.tiff,8,1059,60108,2243624114
masks/20190620_p173_slide19_ac1_vz_s1_p1_r9_a9_ac_full_cropmask_l2_x182_y400_sphere.tiff,8,1263,95532,2243625321
masks/20190619_p176_slide20_ac1_vz_s1_p1_r6_a6_ac_full_l7_x376_y262_nucleiexp.tiff,8,4451,103560,2243626730
masks/20190709_p176_slide11_ac1_vz_s1_p1_r15_a15_ac_full_l9_x503_y1561_cyto.tiff,8,22173,222038,2243631321
masks/20190710_p173_slide6_ac1_vz_s1_p1_r6_a6_ac_full_cropmask_l13_x786_y833_sphere.tiff,8,1994,281516,2243653632
masks/20190711_p176_slide39_ac1_vz_s1_p1_r3_a3_ac_full_l1_x5_y0_nucleiexp.tiff,8,16536,309340,2243655772
masks/20190710_p176_slide8_ac1_vz_s1_p1_r4_a4_ac_full_l1_x0_y0_cell.tiff,8,5653,96940,2243672444
masks/20190709_p176_slide16_ac1_vz_s1_p1_r7_a7_ac_full_l36_x1699_y376_cyto.tiff,8,43697,411112,2243678227
masks/20190620_p176_slide27_ac1_vz_s1_p1_r6_a6_ac_full_cropmask_l1_x0_y7_sphere.tiff,8,1793,173868,2243722061
masks/20190620_p176_slide27_ac1_vz_s1_p1_r22_a22_ac_full_cropmask_l3_x377_y13_sphere.tiff,8,2795,292876,2243723996
masks/20190715_p173_slide16_ac1_vz_s1_p1_r3_a3_ac_full_l32768_x0_y0_cell.tiff,8,2442,61960,2243726938
masks/20190715_p173_slide16_ac1_vz_s1_p1_r5_a5_ac_full_l1_x0_y0_cyto.tiff,8,25243,280624,2243729515
masks/20190620_p173_slide34_ac1_vz_s1_p1_r1_a1_ac_full_l1_x0_y0_cell.tiff,8,11218,143356,2243754889
masks/20190620_p173_slide19_ac1_vz_s1_p1_r22_a22_ac_full_l5_x256_y515_nucleiexp.tiff,8,2961,75816,2243766238
masks/20190710_p176_slide23_ac1_vz_s1_p1_r6_a6_ac_full_l15_x730_y612_cell.tiff,8,15567,216238,2243769341
masks/20190620_p173_slide34_ac1_vz_s1_p1_r3_a3_ac_full_l1_x0_y0_cell.tiff,8,12818,161508,2243785044
masks/20190708_p173_slide26_ac1_vz_s1_p5_r74_a74_ac_full_l1_x14_y2_nucleiexp.tiff,8,5822,136060,2243797993
masks/20190708_p176_slide33_ac1_vz_s1_p1_r16_a16_ac_full_l6_x412_y338_cyto.tiff,8,56594,550408,2243803954
masks/20190619_p176_slide20_ac1_vz_s1_p1_r6_a6_ac_full_l42_x2202_y1325_nucleiexp.tiff,8,10762,206628,2243860685
masks/20190621_p176_slide36_ac1_vz_s1_p1_r12_a12_ac_full_l3_x411_y92_nucleiexp.tiff,8,17965,280224,2243871590
masks/20190709_p176_slide11_ac1_vz_s1_p1_r15_a15_ac_full_cropmask_l11_x555_y1863_sphere.tiff,8,1914,163212,2243889696
masks/20190709_p176_slide11_ac1_vz_s1_p1_r15_a15_ac_full_l11_x555_y1863_cell.tiff,8,12304,163212,2243891760
masks/20190715_p176_slide14_ac1_vz_s1_p1_r4_a4_ac_full_l3_x313_y767_cell.tiff,8,10234,171958,2243904203
masks/20190620_p173_slide34_ac1_vz_s1_p1_r2_a2_ac_full_l1_x0_y0_cell.tiff,8,15679,190430,2243914572
masks/20190715_p173_slide16_ac1_vz_s1_p1_r17_a17_ac_full_l10_x1081_y732_nucleiexp.tiff,8,354,12590,2243930382
masks/20190621_p173_slide13_ac1_vz_s1_p1_r8_a8_ac_full_l4_x54_y1161_nucleiexp.tiff,8,32858,527452,2243930880
masks/20190708_p173_slide39_ac1_vz_s1_p1_r7_a7_ac_full_l1_x0_y0_cell.tiff,8,7508,97328,2243963878
masks/20190710_p176_slide8_ac1_vz_s1_p1_r14_a14_ac_full_l15_x1451_y22_nucleiexp.tiff,8,7747,168418,2243971517
masks/20190620_p173_slide19_ac1_vz_s1_p1_r22_a22_ac_full_l18_x1396_y495_nucleiexp.tiff,8,12917,240388,2243979406
masks/20190620_p176_slide5_ac1_vz_s1_p1_r1_a1_ac_full_l1_x0_y0_nucleiexp.tiff,8,8007,164212,2243992467
masks/20190711_p173_slide28_ac1_vz_s1_p1_r8_a8_ac_full_l1_x0_y2_cell.tiff,8,13997,204868,2244000609
masks/20190715_p173_slide22_ac1_vz_s1_p1_r17_a17_ac_full_cropmask_l2_x50_y0_sphere.tiff,8,1862,211814,2244014737
masks/20190620_p176_slide27_ac1_vz_s1_p1_r15_a15_ac_full_l4_x339_y150_cyto.tiff,8,19014,198368,2244016744
masks/20190619_p173_slide8_ac1_vz_s1_p1_r6_a6_ac_full_l6_x163_y357_cyto.tiff,8,10747,153684,2244035895
masks/20190709_p176_slide16_ac1_vz_s1_p1_r7_a7_ac_full_l40_x2066_y381_nucleiexp.tiff,8,10101,189688,2244046776
masks/20190715_p173_slide16_ac1_vz_s1_p2_r27_a27_ac_full_l3_x9_y17_cell.tiff,8,18031,264922,2244057019
masks/20190621_p173_slide4_ac1_vz_s1_p1_r10_a10_ac_full_cropmask_l2_x47_y0_sphere.tiff,8,2280,215308,2244075184
masks/20190625_p173_slide10_ac1_vz_s1_p1_r12_a12_ac_full_l2_x93_y0_nucleiexp.tiff,8,3004,62488,2244077608
masks/20190715_p173_slide16_ac1_vz_s1_p1_r17_a17_ac_full_l2_x0_y293_cyto.tiff,8,17659,195830,2244080751
masks/20190708_p173_slide26_ac1_vz_s1_p4_r18_a18_ac_full_l1_x9_y140_cell.tiff,8,7869,113260,2244098545
masks/20190708_p173_slide26_ac1_vz_s1_p5_r77_a77_ac_full_l2_x109_y298_nucleiexp.tiff,8,923,12740,2244106549
masks/20190620_p173_slide19_ac1_vz_s1_p1_r1_a1_ac_full_l1_x0_y0_nucleiexp.tiff,8,4643,100708,2244107614
masks/20190709_p176_slide11_ac1_vz_s1_p1_r15_a15_ac_full_l10_x582_y990_nucleiexp.tiff,8,3156,57100,2244112393
masks/20190620_p173_slide19_ac1_vz_s1_p1_r22_a22_ac_full_l2_x5_y0_cyto.tiff,8,17962,198752,2244115692
masks/20190620_p173_slide19_ac1_vz_s1_p1_r22_a22_ac_full_l1_x0_y255_cell.tiff,8,22171,271708,2244133787
masks/20190709_p176_slide16_ac1_vz_s1_p1_r7_a7_ac_full_l18_x1034_y1351_cell.tiff,8,2932,62568,2244156093
masks/20190715_p173_slide22_ac1_vz_s1_p1_r28_a28_ac_full_l32768_x0_y0_cell.tiff,8,206,24027,2244159163
masks/20190620_p176_slide27_ac1_vz_s1_p1_r18_a18_ac_full_cropmask_l2_x48_y131_sphere.tiff,8,2082,159388,2244159506
masks/20190620_p173_slide19_ac1_vz_s1_p1_r6_a6_ac_full_l1_x0_y0_cyto.tiff,8,26119,292108,2244161735
masks/20190621_p173_slide13_ac1_vz_s1_p1_r17_a17_ac_full_l2_x0_y308_nucleiexp.tiff,8,17834,279922,2244187985
masks/20190709_p176_slide16_ac1_vz_s1_p1_r7_a7_ac_full_l6_x342_y1266_cell.tiff,8,27473,317026,2244205959
masks/20190710_p173_slide6_ac1_vz_s1_p1_r6_a6_ac_full_l9_x275_y1290_cell.tiff,8,16098,233500,2244233568
masks/20190710_p173_slide6_ac1_vz_s1_p1_r6_a6_ac_full_l9_x275_y1290_cyto.tiff,8,19661,233500,2244249801
masks/20190711_p173_slide28_ac1_vz_s1_p1_r11_a11_ac_full_l1_x0_y0_cyto.tiff,8,15585,156788,2244269597
masks/20190621_p173_slide13_ac1_vz_s1_p1_r3_a3_ac_full_cropmask_l1_x5_y0_sphere.tiff,8,3141,396742,2244285315
masks/20190715_p173_slide22_ac1_vz_s1_p1_r10_a10_ac_full_l1_x0_y0_cell.tiff,8,7441,102156,2244288598
masks/20190620_p173_slide34_ac1_vz_s1_p1_r2_a2_ac_full_cropmask_l1_x0_y0_sphere.tiff,8,1544,190430,2244296172
masks/20190715_p176_slide30_ac1_vz_s1_p1_r3_a3_ac_full_l2_x167_y0_cyto.tiff,8,10393,106488,2244297858
masks/20190710_p173_slide6_ac1_vz_s1_p1_r6_a6_ac_full_l15_x840_y1499_nucleiexp.tiff,8,18117,302064,2244308384
masks/20190620_p176_slide27_ac1_vz_s1_p1_r22_a22_ac_full_l5_x888_y66_nucleiexp.tiff,8,5135,135976,2244326642
masks/20190621_p173_slide13_ac1_vz_s1_p1_r17_a17_ac_full_cropmask_l6_x716_y73_sphere.tiff,8,2387,216386,2244331918
masks/20190620_p176_slide27_ac1_vz_s1_p1_r13_a13_ac_full_cropmask_l3_x270_y151_sphere.tiff,8,1684,154834,2244334452
masks/20190619_p176_slide43_ac1_vz_s1_p1_r2_a2_ac_full_cropmask_l1_x0_y0_sphere.tiff,8,1660,193228,2244336284
masks/20190709_p176_slide16_ac1_vz_s1_p1_r7_a7_ac_full_l20_x1056_y3_nucleiexp.tiff,8,5381,136720,2244338086
masks/20190625_p173_slide10_ac1_vz_s1_p1_r18_a18_ac_full_l6_x386_y63_cell.tiff,8,14285,174644,2244343607
masks/20190715_p173_slide22_ac1_vz_s1_p1_r11_a11_ac_full_l1_x3_y0_nucleiexp.tiff,8,4047,89110,2244358028
masks/20190715_p173_slide16_ac1_vz_s1_p1_r8_a8_ac_full_cropmask_l4_x39_y328_sphere.tiff,8,2390,209292,2244362213
masks/20190620_p176_slide27_ac1_vz_s1_p1_r4_a4_ac_full_l2_x78_y294_nucleiexp.tiff,8,11407,217556,2244364748
masks/20190710_p176_slide23_ac1_vz_s1_p1_r6_a6_ac_full_l25_x1176_y25_cell.tiff,8,14922,205444,2244376294
masks/20190619_p173_slide8_ac1_vz_s1_p1_r6_a6_ac_full_l6_x163_y357_cell.tiff,8,8683,153684,2244391352
masks/20190711_p176_slide39_ac1_vz_s1_p1_r6_a6_ac_full_l1_x81_y418_nucleiexp.tiff,8,945,41944,2244400169
masks/20190621_p173_slide13_ac1_vz_s1_p1_r8_a8_ac_full_l10_x521_y1283_nucleiexp.tiff,8,12105,230238,2244401253
masks/20190711_p176_slide39_ac1_vz_s1_p1_r6_a6_ac_full_l1_x81_y418_cyto.tiff,8,1689,41944,2244413500
masks/20190709_p176_slide16_ac1_vz_s1_p1_r7_a7_ac_full_l25_x1278_y210_nucleiexp.tiff,8,10933,201238,2244415323
masks/20190710_p176_slide8_ac1_vz_s1_p1_r14_a14_ac_full_cropmask_l2_x0_y1099_sphere.tiff,8,1772,175468,2244426398
masks/20190619_p173_slide31_ac1_vz_s1_p1_r11_a11_ac_full_cropmask_l1_x0_y0_sphere.tiff,8,1576,152056,2244428316
masks/20190709_p176_slide11_ac1_vz_s1_p1_r15_a15_ac_full_l15_x792_y925_nucleiexp.tiff,8,4992,115418,2244430036
masks/20190715_p173_slide16_ac1_vz_s1_p1_r12_a12_ac_full_l3_x327_y0_cell.tiff,8,10492,136780,2244435171
masks/20190710_p173_slide36_ac1_vz_s1_p1_r13_a13_ac_full_cropmask_l1_x0_y229_sphere.tiff,8,1719,163232,2244445798
masks/20190621_p173_slide13_ac1_vz_s1_p1_r9_a9_ac_full_cropmask_l32768_x0_y0_sphere.tiff,8,196,18499,2244447663
masks/20190709_p176_slide11_ac1_vz_s1_p1_r16_a16_ac_full_l32768_x0_y0_cell.tiff,8,1899,38878,2244448005
masks/20190620_p176_slide5_ac1_vz_s1_p1_r4_a4_ac_full_cropmask_l1_x0_y2_sphere.tiff,8,870,68668,2244450041
masks/20190621_p173_slide13_ac1_vz_s1_p1_r8_a8_ac_full_cropmask_l7_x347_y700_sphere.tiff,8,915,53388,2244451052
masks/20190709_p176_slide47_ac1_vz_s1_p1_r8_a8_ac_full_cropmask_l1_x0_y0_sphere.tiff,8,1737,217556,2244452113
masks/20190709_p176_slide11_ac1_vz_s1_p1_r15_a15_ac_full_cropmask_l33_x1726_y195_sphere.tiff,8,2594,300268,2244453992
masks/20190620_p173_slide34_ac1_vz_s1_p1_r6_a6_ac_full_l4_x361_y0_nucleiexp.tiff,8,13764,250868,2244456736
masks/20190711_p173_slide28_ac1_vz_s1_p1_r2_a2_ac_full_l1_x0_y2_cyto.tiff,8,6784,90494,2244470638
masks/20190710_p173_slide6_ac1_vz_s1_p1_r6_a6_ac_full_l13_x786_y833_cell.tiff,8,19548,281516,2244477553
masks/20190709_p176_slide16_ac1_vz_s1_p1_r7_a7_ac_full_l4_x258_y441_cell.tiff,8,3244,64150,2244497236
masks/20190710_p176_slide23_ac1_vz_s1_p1_r6_a6_ac_full_l11_x683_y347_cyto.tiff,8,13468,173728,2244500615
masks/20190709_p176_slide11_ac1_vz_s1_p1_r15_a15_ac_full_cropmask_l2_x140_y938_sphere.tiff,8,2029,264508,2244514219
masks/20190715_p173_slide16_ac1_vz_s1_p2_r23_a23_ac_full_cropmask_l1_x0_y131_sphere.tiff,8,1546,113862,2244516396
masks/20190715_p176_slide30_ac1_vz_s1_p1_r3_a3_ac_full_l1_x0_y91_cyto.tiff,8,13179,142796,2244518088
masks/20190709_p176_slide16_ac1_vz_s1_p1_r7_a7_ac_full_cropmask_l3_x182_y1886_sphere.tiff,8,938,79398,2244531399
masks/20190715_p173_slide16_ac1_vz_s1_p2_r37_a37_ac_full_cropmask_l16_x1235_y259_sphere.tiff,8,591,40012,2244532484
masks/20190708_p173_slide26_ac1_vz_s1_p5_r78_a78_ac_full_l1_x0_y772_cell.tiff,8,11847,142942,2244533225
masks/20190620_p176_slide27_ac1_vz_s1_p1_r22_a22_ac_full_cropmask_l2_x245_y364_sphere.tiff,8,3165,392764,2244545207
masks/20190708_p173_slide26_ac1_vz_s1_p5_r77_a77_ac_full_l3_x94_y238_nucleiexp.tiff,8,3225,81860,2244548520
masks/20190715_p176_slide30_ac1_vz_s1_p1_r16_a16_ac_full_l10_x1082_y1420_cyto.tiff,8,858,11124,2244551886
masks/20190711_p176_slide39_ac1_vz_s1_p1_r5_a5_ac_full_l1_x0_y0_cell.tiff,8,22210,278962,2244552884
masks/20190619_p176_slide20_ac1_vz_s1_p1_r6_a6_ac_full_l12_x525_y384_nucleiexp.tiff,8,24630,389230,2244575225
masks/20190710_p173_slide6_ac1_vz_s1_p1_r6_a6_ac_full_l14_x751_y1253_nucleiexp.tiff,8,15917,283312,2244599996
masks/20190715_p176_slide30_ac1_vz_s1_p1_r6_a6_ac_full_l1_x0_y96_cyto.tiff,8,6484,88588,2244616054
masks/20190715_p173_slide22_ac1_vz_s1_p1_r6_a6_ac_full_l1_x0_y0_cell.tiff,8,4692,79018,2244622670
masks/20190625_p173_slide10_ac1_vz_s1_p1_r18_a18_ac_full_l8_x588_y600_cyto.tiff,8,8942,99868,2244627493
masks/20190619_p176_slide20_ac1_vz_s1_p1_r6_a6_ac_full_l43_x2368_y936_cyto.tiff,8,20515,235832,2244636572
masks/20190711_p176_slide39_ac1_vz_s1_p1_r1_a1_ac_full_l1_x0_y16_cell.tiff,8,17958,292196,2244657224
masks/20190709_p176_slide11_ac1_vz_s1_p1_r15_a15_ac_full_cropmask_l13_x710_y503_sphere.tiff,8,1332,92012,2244675314
masks/20190710_p173_slide6_ac1_vz_s1_p1_r1_a1_ac_full_l1_x16_y0_nucleiexp.tiff,8,4617,124660,2244676795
masks/20190708_p176_slide33_ac1_vz_s1_p1_r3_a3_ac_full_l1_x0_y40_cell.tiff,8,2314,33826,2244681548
masks/20190715_p173_slide16_ac1_vz_s1_p1_r4_a4_ac_full_l2_x84_y92_cyto.tiff,8,7906,107232,2244683994
masks/20190710_p176_slide23_ac1_vz_s1_p1_r6_a6_ac_full_l35_x1411_y1801_cyto.tiff,8,6162,113756,2244692033
masks/20190621_p173_slide13_ac1_vz_s1_p1_r17_a17_ac_full_cropmask_l2_x0_y308_sphere.tiff,8,2545,279922,2244698333
masks/20190715_p176_slide30_ac1_vz_s1_p1_r9_a9_ac_full_cropmask_l1_x0_y0_sphere.tiff,8,3214,581302,2244701024
masks/20190619_p173_slide8_ac1_vz_s1_p1_r6_a6_ac_full_l8_x339_y545_cyto.tiff,8,9082,133228,2244704380
masks/20190715_p176_slide14_ac1_vz_s1_p1_r4_a4_ac_full_l23_x1069_y1417_cell.tiff,8,34354,387980,2244713596
masks/20190715_p173_slide16_ac1_vz_s1_p2_r37_a37_ac_full_l11_x714_y1025_nucleiexp.tiff,8,23166,339034,2244748088
masks/20190715_p173_slide22_ac1_vz_s1_p1_r13_a13_ac_full_l3_x271_y153_cell.tiff,8,4558,60108,2244771398
masks/20190708_p173_slide26_ac1_vz_s1_p5_r70_a70_ac_full_l1_x0_y0_nucleiexp.tiff,8,13324,249244,2244776093
masks/20190715_p176_slide14_ac1_vz_s1_p1_r4_a4_ac_full_l10_x700_y577_cell.tiff,8,2987,38268,2244789555
masks/20190709_p176_slide16_ac1_vz_s1_p1_r7_a7_ac_full_l3_x182_y1886_cyto.tiff,8,4561,79398,2244792678
masks/20190625_p173_slide10_ac1_vz_s1_p1_r18_a18_ac_full_l3_x256_y524_cell.tiff,8,14968,183118,2244797375
masks/20190619_p176_slide20_ac1_vz_s1_p1_r6_a6_ac_full_l18_x906_y376_cell.tiff,8,16005,212632,2244812480
masks/20190715_p173_slide16_ac1_vz_s1_p2_r37_a37_ac_full_cropmask_l13_x1127_y1299_sphere.tiff,8,879,61828,2244828621
masks/20190620_p176_slide5_ac1_vz_s1_p1_r7_a7_ac_full_l1_x0_y0_cyto.tiff,8,11950,150366,2244829651
masks/20190711_p176_slide39_ac1_vz_s1_p1_r6_a6_ac_full_l4_x458_y663_nucleiexp.tiff,8,7946,186816,2244841731
masks/20190710_p176_slide8_ac1_vz_s1_p1_r14_a14_ac_full_l4_x220_y1251_cell.tiff,8,12392,187522,2244849817
masks/20190715_p173_slide16_ac1_vz_s1_p2_r25_a25_ac_full_l2_x55_y105_cell.tiff,8,7053,118204,2244862346
masks/20190715_p176_slide14_ac1_vz_s1_p1_r4_a4_ac_full_l16_x855_y74_cell.tiff,8,7583,127516,2244869535
masks/20190715_p173_slide22_ac1_vz_s1_p1_r24_a24_ac_full_l2_x36_y128_cyto.tiff,8,19813,208538,2244877253
masks/20190715_p173_slide16_ac1_vz_s1_p1_r17_a17_ac_full_l4_x235_y489_nucleiexp.tiff,8,4565,100618,2244897202
masks/20190619_p173_slide8_ac1_vz_s1_p1_r6_a6_ac_full_l5_x113_y1472_cyto.tiff,8,33527,365696,2244901909
masks/20190715_p176_slide14_ac1_vz_s1_p1_r4_a4_ac_full_l27_x1390_y1075_cyto.tiff,8,31734,314420,2244935571
masks/20190621_p176_slide36_ac1_vz_s1_p1_r10_a10_ac_full_cropmask_l1_x1_y17_sphere.tiff,8,2274,291776,2244967443
masks/20190715_p173_slide16_ac1_vz_s1_p2_r37_a37_ac_full_l4_x212_y439_cell.tiff,8,6254,91068,2244969862
masks/20190708_p173_slide26_ac1_vz_s1_p4_r18_a18_ac_full_l2_x0_y0_cyto.tiff,8,17323,209048,2244976253
masks/20190709_p176_slide16_ac1_vz_s1_p1_r7_a7_ac_full_l23_x1043_y1491_nucleiexp.tiff,8,25579,389100,2244993709
masks/20190711_p173_slide28_ac1_vz_s1_p1_r13_a13_ac_full_l6_x851_y0_nucleiexp.tiff,8,8237,141208,2245019431
masks/20190625_p173_slide10_ac1_vz_s1_p1_r18_a18_ac_full_cropmask_l4_x347_y724_sphere.tiff,8,1696,112828,2245027808
masks/20190715_p173_slide16_ac1_vz_s1_p1_r17_a17_ac_full_l11_x1051_y52_cyto.tiff,8,34220,418228,2245029652
masks/20190619_p176_slide20_ac1_vz_s1_p1_r6_a6_ac_full_l10_x510_y2087_nucleiexp.tiff,8,16147,287384,2245064010
masks/20190715_p176_slide14_ac1_vz_s1_p1_r4_a4_ac_full_l21_x963_y1782_cyto.tiff,8,63808,561452,2245080299
masks/20190621_p173_slide4_ac1_vz_s1_p1_r16_a16_ac_full_l4_x447_y64_cyto.tiff,8,17754,195100,2245144244
masks/20190620_p176_slide5_ac1_vz_s1_p1_r9_a9_ac_full_l1_x0_y0_cyto.tiff,8,18469,206012,2245162133
masks/20190620_p176_slide27_ac1_vz_s1_p1_r5_a5_ac_full_l2_x38_y320_nucleiexp.tiff,8,9362,178052,2245180732
masks/20190619_p173_slide31_ac1_vz_s1_p1_r5_a5_ac_full_cropmask_l1_x0_y0_sphere.tiff,8,974,85042,2245190233
masks/20190625_p173_slide10_ac1_vz_s1_p1_r9_a9_ac_full_cropmask_l1_x7_y218_sphere.tiff,8,806,65116,2245191349
masks/20190711_p173_slide28_ac1_vz_s1_p1_r3_a3_ac_full_l1_x0_y0_cyto.tiff,8,4082,50148,2245192299
masks/20190708_p176_slide33_ac1_vz_s1_p1_r16_a16_ac_full_l2_x88_y237_cyto.tiff,8,19846,206386,2245196512
masks/20190709_p176_slide16_ac1_vz_s1_p1_r7_a7_ac_full_l10_x575_y337_nucleiexp.tiff,8,6115,115584,2245216494
masks/20190621_p173_slide4_ac1_vz_s1_p1_r16_a16_ac_full_cropmask_l5_x605_y427_sphere.tiff,8,1886,201058,2245222750
masks/20190710_p176_slide23_ac1_vz_s1_p1_r6_a6_ac_full_cropmask_l8_x416_y721_sphere.tiff,8,3456,396368,2245224783
masks/20190711_p173_slide28_ac1_vz_s1_p1_r13_a13_ac_full_l2_x289_y155_cell.tiff,8,5907,77668,2245228385
masks/20190619_p173_slide8_ac1_vz_s1_p1_r6_a6_ac_full_l19_x1300_y175_cell.tiff,8,11914,174118,2245234429
masks/20190709_p176_slide47_ac1_vz_s1_p1_r1_a1_ac_full_l1_x0_y59_nucleiexp.tiff,8,2575,60484,2245246479
masks/20190620_p176_slide27_ac1_vz_s1_p1_r16_a16_ac_full_l3_x420_y0_cyto.tiff,8,8229,105318,2245249191
masks/20190620_p176_slide27_ac1_vz_s1_p1_r1_a1_ac_full_cropmask_l1_x0_y12_sphere.tiff,8,1537,164968,2245257555
masks/20190620_p176_slide27_ac1_vz_s1_p1_r15_a15_ac_full_l1_x0_y361_cyto.tiff,8,10990,122124,2245259235
masks/20190620_p173_slide19_ac1_vz_s1_p1_r4_a4_ac_full_l1_x0_y0_nucleiexp.tiff,8,4298,86724,2245270360
masks/20190715_p176_slide30_ac1_vz_s1_p1_r3_a3_ac_full_l1_x0_y91_nucleiexp.tiff,8,8039,142796,2245274794
masks/20190715_p173_slide16_ac1_vz_s1_p1_r14_a14_ac_full_cropmask_l1_x0_y2_sphere.tiff,8,1392,126508,2245282970
masks/20190620_p176_slide27_ac1_vz_s1_p1_r5_a5_ac_full_l2_x38_y320_cell.tiff,8,12550,178052,2245284506
masks/20190621_p176_slide36_ac1_vz_s1_p1_r7_a7_ac_full_cropmask_l1_x0_y0_sphere.tiff,8,1950,268172,2245297190
masks/20190715_p173_slide16_ac1_vz_s1_p2_r20_a20_ac_full_l1_x0_y0_nucleiexp.tiff,8,16747,276288,2245299282
masks/20190621_p173_slide4_ac1_vz_s1_p1_r10_a10_ac_full_l1_x0_y295_cyto.tiff,8,26089,266608,2245316167
masks/20190710_p176_slide8_ac1_vz_s1_p1_r14_a14_ac_full_l2_x0_y1099_cyto.tiff,8,16158,175468,2245342390
masks/20190710_p176_slide8_ac1_vz_s1_p1_r4_a4_ac_full_cropmask_l1_x0_y0_sphere.tiff,8,1209,96940,2245358683
masks/20190619_p176_slide20_ac1_vz_s1_p1_r6_a6_ac_full_l15_x706_y1521_cyto.tiff,8,23764,262228,2245360033
masks/20190621_p173_slide13_ac1_vz_s1_p1_r10_a10_ac_full_l2_x267_y0_cyto.tiff,8,9326,106540,2245383934
masks/20190709_p176_slide11_ac1_vz_s1_p1_r15_a15_ac_full_l25_x1167_y348_cell.tiff,8,19115,278524,2245393395
masks/20190619_p176_slide20_ac1_vz_s1_p1_r6_a6_ac_full_l37_x1833_y497_nucleiexp.tiff,8,22935,347152,2245412649
masks/20190709_p176_slide16_ac1_vz_s1_p1_r7_a7_ac_full_l3_x182_y1886_nucleiexp.tiff,8,2622,79398,2245435726
masks/20190620_p176_slide27_ac1_vz_s1_p1_r18_a18_ac_full_l2_x48_y131_cell.tiff,8,10776,159388,2245438489
masks/20190708_p173_slide26_ac1_vz_s1_p6_r63_a63_ac_full_l2_x180_y0_nucleiexp.tiff,8,15537,275542,2245449401
masks/20190619_p173_slide8_ac1_vz_s1_p1_r6_a6_ac_full_l2_x34_y674_cyto.tiff,8,6788,83088,2245465078
masks/20190709_p176_slide11_ac1_vz_s1_p1_r15_a15_ac_full_cropmask_l26_x1222_y1251_sphere.tiff,8,2643,244544,2245471999
masks/20190620_p173_slide19_ac1_vz_s1_p1_r1_a1_ac_full_l1_x0_y0_cell.tiff,8,6518,100708,2245474793
masks/20190708_p173_slide26_ac1_vz_s1_p5_r77_a77_ac_full_l6_x281_y165_nucleiexp.tiff,8,29231,494564,2245481442
masks/20190619_p173_slide8_ac1_vz_s1_p1_r6_a6_ac_full_cropmask_l18_x1199_y420_sphere.tiff,8,2963,219262,2245510815
masks/20190715_p176_slide30_ac1_vz_s1_p1_r16_a16_ac_full_l10_x1082_y1420_nucleiexp.tiff,8,608,11124,2245513925
masks/20190621_p173_slide13_ac1_vz_s1_p1_r4_a4_ac_full_l1_x0_y0_cyto.tiff,8,6353,74380,2245514678
masks/20190715_p173_slide16_ac1_vz_s1_p1_r12_a12_ac_full_l5_x354_y174_nucleiexp.tiff,8,12472,195520,2245521162
masks/20190711_p173_slide28_ac1_vz_s1_p1_r13_a13_ac_full_cropmask_l2_x289_y155_sphere.tiff,8,1524,77668,2245533776
masks/20190709_p176_slide16_ac1_vz_s1_p1_r7_a7_ac_full_l40_x2066_y381_cyto.tiff,8,16342,189688,2245535448
masks/20190620_p173_slide19_ac1_vz_s1_p1_r22_a22_ac_full_l7_x289_y94_cell.tiff,8,7473,85644,2245551927
masks/20190709_p176_slide16_ac1_vz_s1_p1_r7_a7_ac_full_cropmask_l42_x2340_y624_sphere.tiff,8,924,74672,2245559536
masks/20190715_p173_slide22_ac1_vz_s1_p1_r15_a15_ac_full_cropmask_l1_x0_y0_sphere.tiff,8,1088,94196,2245560608
masks/20190619_p176_slide20_ac1_vz_s1_p1_r6_a6_ac_full_l8_x332_y1481_nucleiexp.tiff,8,21341,366948,2245561840
masks/20190620_p173_slide19_ac1_vz_s1_p1_r22_a22_ac_full_l8_x391_y60_cyto.tiff,8,11612,139468,2245583322
masks/20190709_p176_slide11_ac1_vz_s1_p1_r15_a15_ac_full_l17_x772_y1763_cell.tiff,8,12162,169558,2245595070
masks/20190711_p176_slide39_ac1_vz_s1_p1_r6_a6_ac_full_l6_x730_y494_cyto.tiff,8,41804,410744,2245607371
masks/20190708_p173_slide26_ac1_vz_s1_p5_r66_a66_ac_full_cropmask_l32768_x0_y0_sphere.tiff,8,227,47110,2245649310
masks/20190708_p173_slide26_ac1_vz_s1_p6_r63_a63_ac_full_cropmask_l3_x371_y303_sphere.tiff,8,923,58508,2245649685
masks/20190711_p173_slide28_ac1_vz_s1_p1_r8_a8_ac_full_cropmask_l2_x253_y323_sphere.tiff,8,2528,188392,2245650756
masks/20190708_p173_slide26_ac1_vz_s1_p4_r18_a18_ac_full_l2_x0_y0_nucleiexp.tiff,8,10260,209048,2245653430
masks/20190715_p176_slide14_ac1_vz_s1_p1_r4_a4_ac_full_cropmask_l12_x636_y1878_sphere.tiff,8,2452,221340,2245663828
masks/20190709_p176_slide11_ac1_vz_s1_p1_r15_a15_ac_full_l4_x209_y1309_cyto.tiff,8,26740,296700,2245666428
masks/20190619_p173_slide8_ac1_vz_s1_p1_r6_a6_ac_full_l15_x992_y210_nucleiexp.tiff,8,11867,196792,2245693306
masks/20190715_p173_slide22_ac1_vz_s1_p1_r24_a24_ac_full_cropmask_l4_x296_y0_sphere.tiff,8,2225,225328,2245705313
masks/20190619_p176_slide20_ac1_vz_s1_p1_r6_a6_ac_full_l33_x1580_y1515_cyto.tiff,8,21851,259130,2245707684
masks/20190710_p176_slide23_ac1_vz_s1_p1_r6_a6_ac_full_l1_x11_y1138_cell.tiff,8,14639,218248,2245729673
masks/20190715_p173_slide16_ac1_vz_s1_p2_r37_a37_ac_full_l3_x89_y542_cell.tiff,8,6306,89854,2245744447
masks/20190709_p176_slide16_ac1_vz_s1_p1_r7_a7_ac_full_cropmask_l2_x97_y1467_sphere.tiff,8,2655,302596,2245750889
masks/20190709_p176_slide11_ac1_vz_s1_p1_r15_a15_ac_full_l23_x1151_y1828_cyto.tiff,8,18301,191764,2245753690
masks/20190620_p176_slide27_ac1_vz_s1_p1_r5_a5_ac_full_l1_x0_y13_cyto.tiff,8,19922,244564,2245772131
masks/20190620_p173_slide34_ac1_vz_s1_p1_r6_a6_ac_full_l2_x0_y148_cell.tiff,8,21340,278454,2245792185
masks/20190708_p176_slide33_ac1_vz_s1_p1_r13_a13_ac_full_l1_x0_y0_cyto.tiff,8,31308,293964,2245813658
masks/20190620_p176_slide27_ac1_vz_s1_p1_r22_a22_ac_full_cropmask_l7_x1034_y544_sphere.tiff,8,1698,162070,2245845099
masks/20190715_p173_slide16_ac1_vz_s1_p2_r34_a34_ac_full_l1_x34_y48_cell.tiff,8,33074,450970,2245846946
masks/20190708_p173_slide26_ac1_vz_s1_p6_r63_a63_ac_full_l2_x180_y0_cell.tiff,8,20861,275542,2245880155
masks/20190715_p176_slide14_ac1_vz_s1_p1_r4_a4_ac_full_cropmask_l22_x1100_y251_sphere.tiff,8,2296,307140,2245901151
masks/20190620_p176_slide27_ac1_vz_s1_p1_r8_a8_ac_full_l32768_x0_y0_cell.tiff,8,3078,60658,2245903595
masks/20190619_p176_slide20_ac1_vz_s1_p1_r6_a6_ac_full_l27_x1467_y1139_cyto.tiff,8,17239,151052,2245906808
masks/20190708_p173_slide39_ac1_vz_s1_p1_r3_a3_ac_full_l1_x2_y0_cyto.tiff,8,3766,61388,2245924185
masks/20190619_p176_slide20_ac1_vz_s1_p1_r6_a6_ac_full_l28_x1362_y1123_cell.tiff,8,26363,308784,2245928082
masks/20190708_p173_slide26_ac1_vz_s1_p6_r39_a39_ac_full_l1_x0_y0_nucleiexp.tiff,8,6728,122324,2245954583
masks/20190715_p176_slide30_ac1_vz_s1_p1_r16_a16_ac_full_l2_x47_y510_cyto.tiff,8,35917,375968,2245961449
masks/20190621_p173_slide4_ac1_vz_s1_p1_r12_a12_ac_full_l1_x0_y0_cell.tiff,8,8177,115466,2245997502
masks/20190625_p173_slide10_ac1_vz_s1_p1_r12_a12_ac_full_l2_x93_y0_cyto.tiff,8,5071,62488,2246005811
masks/20190711_p173_slide28_ac1_vz_s1_p1_r13_a13_ac_full_l3_x282_y286_nucleiexp.tiff,8,8058,142288,2246011016
masks/20190708_p173_slide26_ac1_vz_s1_p5_r78_a78_ac_full_cropmask_l2_x71_y461_sphere.tiff,8,2768,305932,2246019216
masks/20190621_p173_slide13_ac1_vz_s1_p1_r17_a17_ac_full_l1_x0_y348_nucleiexp.tiff,8,2541,38187,2246022131
masks/20190715_p176_slide14_ac1_vz_s1_p1_r4_a4_ac_full_l28_x1484_y384_cyto.tiff,8,19883,208276,2246024812
masks/20190715_p173_slide16_ac1_vz_s1_p1_r17_a17_ac_full_l6_x506_y628_cell.tiff,8,5812,69064,2246044832
masks/20190620_p173_slide19_ac1_vz_s1_p1_r9_a9_ac_full_l4_x311_y257_nucleiexp.tiff,8,19662,291172,2246050781
masks/20190619_p173_slide31_ac1_vz_s1_p1_r9_a9_ac_full_l1_x0_y0_cell.tiff,8,6802,108124,2246070583
masks/20190621_p173_slide13_ac1_vz_s1_p1_r17_a17_ac_full_cropmask_l5_x495_y264_sphere.tiff,8,1350,126884,2246077516
masks/20190709_p176_slide16_ac1_vz_s1_p1_r7_a7_ac_full_l42_x2340_y624_cell.tiff,8,3830,74672,2246079014
masks/20190711_p173_slide28_ac1_vz_s1_p1_r13_a13_ac_full_l3_x282_y286_cyto.tiff,8,13563,142288,2246082981
masks/20190715_p176_slide14_ac1_vz_s1_p1_r4_a4_ac_full_cropmask_l28_x1484_y384_sphere.tiff,8,2216,208276,2246096681
masks/20190709_p176_slide16_ac1_vz_s1_p1_r7_a7_ac_full_l26_x1333_y0_nucleiexp.tiff,8,4890,117388,2246099045
masks/20190620_p173_slide19_ac1_vz_s1_p1_r9_a9_ac_full_l1_x0_y221_cell.tiff,8,10445,137860,2246104075
masks/20190715_p173_slide16_ac1_vz_s1_p2_r31_a31_ac_full_l1_x0_y0_cell.tiff,8,3265,68710,2246114653
masks/20190620_p173_slide34_ac1_vz_s1_p1_r6_a6_ac_full_l1_x50_y483_cell.tiff,8,4327,74932,2246118051
masks/20190620_p176_slide5_ac1_vz_s1_p1_r3_a3_ac_full_l1_x0_y0_cell.tiff,8,6513,98280,2246122512
masks/20190708_p176_slide33_ac1_vz_s1_p1_r2_a2_ac_full_l1_x0_y0_nucleiexp.tiff,8,23720,348876,2246129155
masks/20190619_p176_slide20_ac1_vz_s1_p1_r6_a6_ac_full_l42_x2202_y1325_cyto.tiff,8,17400,206628,2246153011
masks/20190709_p176_slide11_ac1_vz_s1_p1_r5_a5_ac_full_l32768_x0_y0_cyto.tiff,8,873,22528,2246170549
masks/20190621_p173_slide13_ac1_vz_s1_p1_r17_a17_ac_full_l8_x776_y314_cell.tiff,8,26403,335890,2246171557
masks/20190715_p173_slide22_ac1_vz_s1_p1_r6_a6_ac_full_cropmask_l1_x0_y0_sphere.tiff,8,1051,79018,2246198097
masks/20190715_p176_slide14_ac1_vz_s1_p1_r4_a4_ac_full_l24_x1247_y2221_cyto.tiff,8,18251,204116,2246199290
masks/20190710_p173_slide6_ac1_vz_s1_p1_r6_a6_ac_full_l3_x46_y161_nucleiexp.tiff,8,15995,280504,2246217679
masks/20190620_p173_slide34_ac1_vz_s1_p1_r3_a3_ac_full_l1_x0_y0_nucleiexp.tiff,8,9574,161508,2246233812
masks/20190715_p173_slide22_ac1_vz_s1_p1_r27_a27_ac_full_l3_x173_y0_cell.tiff,8,21375,255158,2246243522
masks/20190710_p173_slide36_ac1_vz_s1_p1_r7_a7_ac_full_l1_x0_y0_cyto.tiff,8,10726,116142,2246265032
masks/20190708_p176_slide33_ac1_vz_s1_p1_r16_a16_ac_full_l4_x162_y876_cell.tiff,8,17984,236004,2246275889
masks/20190709_p176_slide16_ac1_vz_s1_p1_r7_a7_ac_full_l11_x552_y964_cell.tiff,8,27675,321628,2246294010
masks/20190621_p173_slide13_ac1_vz_s1_p1_r17_a17_ac_full_l3_x247_y485_cell.tiff,8,57719,681184,2246321821
masks/20190620_p173_slide19_ac1_vz_s1_p1_r11_a11_ac_full_l1_x0_y0_cyto.tiff,8,7599,87068,2246379677
masks/20190715_p173_slide16_ac1_vz_s1_p1_r17_a17_ac_full_l4_x235_y489_cyto.tiff,8,8060,100618,2246387409
masks/20190709_p176_slide11_ac1_vz_s1_p1_r15_a15_ac_full_l17_x772_y1763_nucleiexp.tiff,8,8832,169558,2246395606
masks/20190709_p176_slide16_ac1_vz_s1_p1_r7_a7_ac_full_cropmask_l41_x2211_y1248_sphere.tiff,8,1875,198476,2246404582
masks/20190619_p173_slide31_ac1_vz_s1_p1_r11_a11_ac_full_l2_x217_y72_nucleiexp.tiff,8,13174,204424,2246406606
masks/20190625_p173_slide10_ac1_vz_s1_p1_r9_a9_ac_full_l4_x338_y211_cell.tiff,8,2464,51868,2246419921
masks/20190715_p176_slide14_ac1_vz_s1_p1_r4_a4_ac_full_cropmask_l8_x539_y566_sphere.tiff,8,1108,66432,2246422520
masks/20190708_p173_slide26_ac1_vz_s1_p6_r60_a60_ac_full_l1_x0_y0_cell.tiff,8,7622,119412,2246423774
masks/20190709_p176_slide11_ac1_vz_s1_p1_r15_a15_ac_full_l31_x1669_y532_cyto.tiff,8,23845,261720,2246431529
masks/20190620_p176_slide27_ac1_vz_s1_p1_r19_a19_ac_full_cropmask_l32768_x0_y0_sphere.tiff,8,267,85680,2246455513
masks/20190620_p173_slide34_ac1_vz_s1_p1_r1_a1_ac_full_l1_x0_y0_cyto.tiff,8,13702,143356,2246455928
masks/20190710_p173_slide6_ac1_vz_s1_p1_r6_a6_ac_full_l6_x250_y1129_cyto.tiff,8,4619,54304,2246469761
masks/20190620_p176_slide27_ac1_vz_s1_p1_r22_a22_ac_full_l7_x1034_y544_nucleiexp.tiff,8,8318,162070,2246474515
masks/20190711_p173_slide28_ac1_vz_s1_p1_r10_a10_ac_full_cropmask_l1_x4_y0_sphere.tiff,8,1284,135988,2246482976
masks/20190708_p173_slide26_ac1_vz_s1_p4_r8_a8_ac_full_l1_x0_y0_nucleiexp.tiff,8,9987,171244,2246484404
masks/20190710_p173_slide36_ac1_vz_s1_p1_r8_a8_ac_full_l1_x0_y0_cell.tiff,8,13070,177484,2246494527
masks/20190621_p176_slide36_ac1_vz_s1_p1_r9_a9_ac_full_l1_x40_y372_nucleiexp.tiff,8,7002,142368,2246507728
masks/20190715_p173_slide16_ac1_vz_s1_p2_r37_a37_ac_full_l1_x0_y246_cell.tiff,8,13520,176570,2246514869
masks/20190709_p176_slide11_ac1_vz_s1_p1_r15_a15_ac_full_l3_x211_y313_cyto.tiff,8,8764,129264,2246528524
masks/20190619_p176_slide20_ac1_vz_s1_p1_r6_a6_ac_full_l37_x1833_y497_cell.tiff,8,30001,347152,2246537425
masks/20190620_p176_slide27_ac1_vz_s1_p1_r19_a19_ac_full_l32768_x0_y0_cyto.tiff,8,6913,85680,2246567563
masks/20190709_p176_slide16_ac1_vz_s1_p1_r7_a7_ac_full_cropmask_l34_x1571_y1467_sphere.tiff,8,2754,359020,2246574613
masks/20190715_p176_slide30_ac1_vz_s1_p1_r16_a16_ac_full_cropmask_l4_x252_y865_sphere.tiff,8,3543,388264,2246577516
masks/20190715_p176_slide14_ac1_vz_s1_p1_r4_a4_ac_full_l20_x946_y697_cell.tiff,8,52871,629992,2246581207
masks/20190715_p176_slide30_ac1_vz_s1_p1_r12_a12_ac_full_l1_x0_y0_nucleiexp.tiff,8,2813,71328,2246634214
masks/20190715_p173_slide16_ac1_vz_s1_p2_r21_a21_ac_full_l5_x272_y0_cyto.tiff,8,5681,63256,2246637165
masks/20190619_p173_slide31_ac1_vz_s1_p1_r13_a13_ac_full_l1_x0_y0_cyto.tiff,8,13405,141730,2246642981
masks/20190715_p173_slide22_ac1_vz_s1_p1_r1_a1_ac_full_l1_x0_y0_cyto.tiff,8,15820,181808,2246656519
masks/20190710_p176_slide23_ac1_vz_s1_p1_r6_a6_ac_full_cropmask_l34_x1426_y715_sphere.tiff,8,2919,316100,2246672470
masks/20190619_p176_slide20_ac1_vz_s1_p1_r6_a6_ac_full_l2_x0_y949_cell.tiff,8,24959,322898,2246675537
masks/20190710_p173_slide36_ac1_vz_s1_p1_r1_a1_ac_full_l1_x0_y0_cell.tiff,8,8105,107818,2246700629
masks/20190709_p176_slide11_ac1_vz_s1_p1_r5_a5_ac_full_cropmask_l32768_x0_y0_sphere.tiff,8,202,22528,2246708865
masks/20190620_p176_slide27_ac1_vz_s1_p1_r1_a1_ac_full_l1_x0_y12_cyto.tiff,8,14925,164968,2246709213
masks/20190709_p176_slide16_ac1_vz_s1_p1_r7_a7_ac_full_l12_x659_y1979_cyto.tiff,8,16890,185648,2246724270
masks/20190620_p176_slide27_ac1_vz_s1_p1_r10_a10_ac_full_l1_x4_y0_nucleiexp.tiff,8,10398,173548,2246741297
masks/20190625_p173_slide10_ac1_vz_s1_p1_r3_a3_ac_full_l1_x12_y0_nucleiexp.tiff,8,7330,176684,2246751833
masks/20190709_p176_slide16_ac1_vz_s1_p1_r7_a7_ac_full_cropmask_l26_x1333_y0_sphere.tiff,8,1306,117388,2246759300
masks/20190708_p173_slide26_ac1_vz_s1_p4_r5_a5_ac_full_l2_x0_y282_nucleiexp.tiff,8,27271,451068,2246760752
masks/20190709_p176_slide16_ac1_vz_s1_p1_r7_a7_ac_full_l32_x1570_y63_cyto.tiff,8,9128,129228,2246788161
masks/20190709_p176_slide11_ac1_vz_s1_p1_r15_a15_ac_full_l2_x140_y938_nucleiexp.tiff,8,12580,264508,2246797425
masks/20190710_p176_slide23_ac1_vz_s1_p1_r6_a6_ac_full_l25_x1176_y25_nucleiexp.tiff,8,9354,205444,2246810147
masks/20190619_p176_slide20_ac1_vz_s1_p1_r6_a6_ac_full_l2_x0_y949_nucleiexp.tiff,8,17927,322898,2246819642
masks/20190715_p176_slide14_ac1_vz_s1_p1_r4_a4_ac_full_l4_x345_y1935_cell.tiff,8,20071,251568,2246837707
masks/20190715_p173_slide16_ac1_vz_s1_p1_r17_a17_ac_full_cropmask_l3_x113_y600_sphere.tiff,8,1309,88432,2246857914
masks/20190620_p176_slide27_ac1_vz_s1_p1_r16_a16_ac_full_l2_x74_y209_cyto.tiff,8,55588,526528,2246859371
masks/20190711_p173_slide28_ac1_vz_s1_p1_r8_a8_ac_full_l4_x454_y0_cell.tiff,8,400,11554,2246915095
masks/20190619_p173_slide8_ac1_vz_s1_p1_r6_a6_ac_full_cropmask_l19_x1300_y175_sphere.tiff,8,1790,174118,2246915628
masks/20190619_p176_slide20_ac1_vz_s1_p1_r6_a6_ac_full_cropmask_l42_x2202_y1325_sphere.tiff,8,1828,206628,2246917565
masks/20190620_p173_slide19_ac1_vz_s1_p1_r12_a12_ac_full_l32768_x0_y0_nucleiexp.tiff,8,1241,45862,2246919542
masks/20190625_p173_slide10_ac1_vz_s1_p1_r3_a3_ac_full_l1_x12_y0_cell.tiff,8,9891,176684,2246920925
masks/20190715_p176_slide14_ac1_vz_s1_p1_r4_a4_ac_full_cropmask_l19_x1043_y1258_sphere.tiff,8,1194,102412,2246930948
masks/20190711_p176_slide39_ac1_vz_s1_p1_r4_a4_ac_full_l1_x0_y0_nucleiexp.tiff,8,7065,146350,2246932291
masks/20190620_p173_slide19_ac1_vz_s1_p1_r22_a22_ac_full_l18_x1396_y495_cell.tiff,8,17009,240388,2246939492
masks/20190710_p173_slide6_ac1_vz_s1_p1_r6_a6_ac_full_l11_x416_y499_nucleiexp.tiff,8,14665,266608,2246956640
masks/20190620_p176_slide27_ac1_vz_s1_p1_r18_a18_ac_full_cropmask_l3_x198_y0_sphere.tiff,8,1499,98388,2246971445
masks/20190625_p173_slide10_ac1_vz_s1_p1_r9_a9_ac_full_cropmask_l4_x338_y211_sphere.tiff,8,994,51868,2246973090
masks/20190620_p173_slide19_ac1_vz_s1_p1_r22_a22_ac_full_l12_x743_y981_nucleiexp.tiff,8,10170,209152,2246974230
masks/20190711_p176_slide39_ac1_vz_s1_p1_r3_a3_ac_full_cropmask_l1_x5_y0_sphere.tiff,8,2261,309340,2246984543
masks/20190709_p176_slide16_ac1_vz_s1_p1_r7_a7_ac_full_l22_x959_y1855_cyto.tiff,8,55987,543648,2246986946
masks/20190710_p173_slide6_ac1_vz_s1_p1_r6_a6_ac_full_l12_x570_y1408_cell.tiff,8,17917,213432,2247043070
masks/20190708_p176_slide33_ac1_vz_s1_p1_r13_a13_ac_full_l1_x0_y0_cell.tiff,8,26100,293964,2247061123
masks/20190625_p173_slide10_ac1_vz_s1_p1_r18_a18_ac_full_l8_x588_y600_nucleiexp.tiff,8,5319,99868,2247087356
masks/20190715_p173_slide22_ac1_vz_s1_p1_r6_a6_ac_full_l2_x30_y183_nucleiexp.tiff,8,5930,114064,2247092817
masks/20190621_p176_slide36_ac1_vz_s1_p1_r12_a12_ac_full_l2_x226_y405_nucleiexp.tiff,8,38923,578572,2247098886
masks/20190620_p173_slide34_ac1_vz_s1_p1_r2_a2_ac_full_l1_x0_y0_cyto.tiff,8,19394,190430,2247137951
masks/20190715_p176_slide14_ac1_vz_s1_p1_r4_a4_ac_full_cropmask_l4_x345_y1935_sphere.tiff,8,2603,251568,2247157476
masks/20190620_p173_slide19_ac1_vz_s1_p1_r2_a2_ac_full_l1_x0_y0_nucleiexp.tiff,8,7302,136846,2247160226
masks/20190625_p173_slide10_ac1_vz_s1_p1_r17_a17_ac_full_l6_x214_y795_nucleiexp.tiff,8,5079,119806,2247167664
masks/20190708_p173_slide39_ac1_vz_s1_p1_r2_a2_ac_full_cropmask_l1_x0_y0_sphere.tiff,8,838,66152,2247172885
masks/20190621_p173_slide13_ac1_vz_s1_p1_r17_a17_ac_full_l3_x247_y485_nucleiexp.tiff,8,41878,681184,2247173865
masks/20190620_p173_slide34_ac1_vz_s1_p1_r6_a6_ac_full_l1_x50_y483_nucleiexp.tiff,8,3281,74932,2247215885
masks/20190621_p173_slide13_ac1_vz_s1_p1_r8_a8_ac_full_l1_x0_y899_cyto.tiff,8,20026,195124,2247219305
masks/20190708_p173_slide26_ac1_vz_s1_p6_r59_a59_ac_full_l1_x0_y220_cyto.tiff,8,26778,271768,2247239464
masks/20190711_p173_slide28_ac1_vz_s1_p1_r4_a4_ac_full_l1_x2_y0_cyto.tiff,8,18661,206222,2247266377
masks/20190715_p176_slide30_ac1_vz_s1_p1_r16_a16_ac_full_cropmask_l10_x1082_y1420_sphere.tiff,8,355,11124,2247285169
masks/20190715_p173_slide22_ac1_vz_s1_p1_r18_a18_ac_full_l1_x0_y166_cyto.tiff,8,10396,127468,2247285675
masks/20190620_p173_slide19_ac1_vz_s1_p1_r22_a22_ac_full_l6_x262_y182_cyto.tiff,8,6741,73228,2247296206
masks/20190708_p173_slide26_ac1_vz_s1_p4_r23_a23_ac_full_l1_x0_y0_cyto.tiff,8,4634,68326,2247303084
masks/20190710_p176_slide23_ac1_vz_s1_p1_r6_a6_ac_full_l36_x1600_y1436_cyto.tiff,8,14354,167864,2247307851
masks/20190710_p176_slide8_ac1_vz_s1_p1_r1_a1_ac_full_l1_x0_y0_nucleiexp.tiff,8,3119,67068,2247322343
masks/20190708_p176_slide33_ac1_vz_s1_p1_r13_a13_ac_full_cropmask_l1_x0_y0_sphere.tiff,8,2169,293964,2247325597
masks/20190711_p173_slide28_ac1_vz_s1_p1_r11_a11_ac_full_l1_x0_y0_nucleiexp.tiff,8,9951,156788,2247327910
masks/20190708_p176_slide33_ac1_vz_s1_p1_r3_a3_ac_full_l2_x0_y0_cyto.tiff,8,3381,39958,2247337999
masks/20190621_p176_slide36_ac1_vz_s1_p1_r10_a10_ac_full_l1_x1_y17_cell.tiff,8,21915,291776,2247341511
masks/20190625_p173_slide10_ac1_vz_s1_p1_r2_a2_ac_full_l1_x0_y97_cyto.tiff,8,41998,428668,2247363560
masks/20190715_p173_slide22_ac1_vz_s1_p1_r24_a24_ac_full_l4_x296_y0_cell.tiff,8,13188,225328,2247405690
masks/20190625_p173_slide10_ac1_vz_s1_p1_r12_a12_ac_full_l1_x0_y122_cell.tiff,8,17130,217756,2247419013
masks/20190620_p176_slide27_ac1_vz_s1_p1_r13_a13_ac_full_l3_x270_y151_nucleiexp.tiff,8,6162,154834,2247436278
masks/20190621_p173_slide4_ac1_vz_s1_p1_r16_a16_ac_full_l4_x447_y64_nucleiexp.tiff,8,10591,195100,2247442582
masks/20190715_p173_slide16_ac1_vz_s1_p1_r7_a7_ac_full_cropmask_l1_x0_y0_sphere.tiff,8,1741,219872,2247453313
masks/20190708_p173_slide26_ac1_vz_s1_p5_r68_a68_ac_full_cropmask_l32768_x0_y0_sphere.tiff,8,207,26210,2247455196
masks/20190710_p176_slide23_ac1_vz_s1_p1_r6_a6_ac_full_l8_x416_y721_cyto.tiff,8,38535,396368,2247455551
masks/20190619_p176_slide20_ac1_vz_s1_p1_r6_a6_ac_full_l26_x1233_y0_cell.tiff,8,13274,188128,2247494221
masks/20190625_p173_slide10_ac1_vz_s1_p1_r17_a17_ac_full_cropmask_l6_x214_y795_sphere.tiff,8,1690,119806,2247507630
masks/20190708_p173_slide26_ac1_vz_s1_p5_r70_a70_ac_full_l1_x0_y0_cell.tiff,8,19251,249244,2247509468
masks/20190710_p176_slide8_ac1_vz_s1_p1_r14_a14_ac_full_cropmask_l7_x599_y1328_sphere.tiff,8,1816,192908,2247528852
masks/20190715_p176_slide14_ac1_vz_s1_p1_r4_a4_ac_full_l14_x718_y1246_cyto.tiff,8,20888,226708,2247530816
masks/20190709_p176_slide16_ac1_vz_s1_p1_r7_a7_ac_full_l15_x752_y150_cell.tiff,8,13444,181228,2247551841
masks/20190619_p176_slide20_ac1_vz_s1_p1_r6_a6_ac_full_l6_x293_y650_nucleiexp.tiff,8,20712,327806,2247565421
masks/20190620_p173_slide19_ac1_vz_s1_p1_r22_a22_ac_full_cropmask_l16_x1215_y515_sphere.tiff,8,1049,66498,2247586273
masks/20190715_p176_slide30_ac1_vz_s1_p1_r9_a9_ac_full_l1_x0_y0_nucleiexp.tiff,8,36569,581302,2247587472
masks/20190620_p173_slide19_ac1_vz_s1_p1_r22_a22_ac_full_l2_x5_y0_cell.tiff,8,14554,198752,2247624177
masks/20190709_p176_slide11_ac1_vz_s1_p1_r15_a15_ac_full_l27_x1404_y1754_cyto.tiff,8,19795,218704,2247638864
masks/20190710_p176_slide8_ac1_vz_s1_p1_r8_a8_ac_full_l1_x0_y0_cell.tiff,8,5673,88418,2247658799
masks/20190620_p176_slide27_ac1_vz_s1_p1_r19_a19_ac_full_l32768_x0_y0_cell.tiff,8,5584,85680,2247664602
masks/20190709_p176_slide11_ac1_vz_s1_p1_r15_a15_ac_full_l3_x211_y313_nucleiexp.tiff,8,5070,129264,2247670323
masks/20190708_p173_slide26_ac1_vz_s1_p5_r78_a78_ac_full_l4_x405_y266_cell.tiff,8,25255,318670,2247675535
masks/20190620_p173_slide19_ac1_vz_s1_p1_r22_a22_ac_full_cropmask_l7_x289_y94_sphere.tiff,8,1338,85644,2247700927
masks/20190710_p176_slide23_ac1_vz_s1_p1_r6_a6_ac_full_l23_x1196_y1966_cell.tiff,8,5537,101572,2247702412
masks/20190708_p173_slide26_ac1_vz_s1_p6_r59_a59_ac_full_l3_x349_y78_cell.tiff,8,12064,193498,2247708087
masks/20190708_p176_slide33_ac1_vz_s1_p1_r2_a2_ac_full_l1_x0_y0_cell.tiff,8,30455,348876,2247720287
masks/20190708_p173_slide26_ac1_vz_s1_p5_r77_a77_ac_full_l1_x0_y424_nucleiexp.tiff,8,9604,169342,2247750873
masks/20190620_p173_slide19_ac1_vz_s1_p1_r4_a4_ac_full_cropmask_l1_x0_y0_sphere.tiff,8,1351,86724,2247760617
masks/20190709_p176_slide16_ac1_vz_s1_p1_r7_a7_ac_full_cropmask_l18_x1034_y1351_sphere.tiff,8,777,62568,2247762110
masks/20190710_p176_slide23_ac1_vz_s1_p1_r6_a6_ac_full_l5_x295_y1063_cell.tiff,8,26305,352702,2247763036
masks/20190715_p173_slide16_ac1_vz_s1_p1_r17_a17_ac_full_l10_x1081_y732_cyto.tiff,8,500,12590,2247789477
masks/20190709_p176_slide11_ac1_vz_s1_p1_r15_a15_ac_full_l7_x495_y1030_nucleiexp.tiff,8,2052,39830,2247790116
masks/20190620_p173_slide19_ac1_vz_s1_p1_r22_a22_ac_full_l6_x262_y182_nucleiexp.tiff,8,4183,73228,2247792311
masks/20190620_p176_slide27_ac1_vz_s1_p1_r13_a13_ac_full_l3_x270_y151_cyto.tiff,8,10446,154834,2247796636
masks/20190710_p173_slide6_ac1_vz_s1_p1_r6_a6_ac_full_l10_x370_y131_cyto.tiff,8,14515,170794,2247807219
masks/20190619_p176_slide20_ac1_vz_s1_p1_r6_a6_ac_full_l3_x82_y1305_nucleiexp.tiff,8,12400,246444,2247821869
masks/20190621_p173_slide13_ac1_vz_s1_p1_r8_a8_ac_full_cropmask_l8_x368_y0_sphere.tiff,8,2242,238744,2247834409
masks/20190621_p173_slide13_ac1_vz_s1_p1_r17_a17_ac_full_l5_x495_y264_nucleiexp.tiff,8,4904,126884,2247836795
masks/20190619_p176_slide20_ac1_vz_s1_p1_r6_a6_ac_full_cropmask_l7_x376_y262_sphere.tiff,8,1130,103560,2247841841
masks/20190709_p173_slide2_ac1_vz_s1_p1_r9_a9_ac_full_l32768_x0_y0_nucleiexp.tiff,8,3513,131212,2247843117
masks/20190620_p173_slide19_ac1_vz_s1_p1_r22_a22_ac_full_l3_x166_y1098_cell.tiff,8,1525,20139,2247846769
masks/20190710_p176_slide8_ac1_vz_s1_p1_r14_a14_ac_full_l3_x99_y784_nucleiexp.tiff,8,9296,201840,2247848432
masks/20190715_p176_slide14_ac1_vz_s1_p1_r4_a4_ac_full_l33_x1603_y1376_cyto.tiff,8,37834,393652,2247857868
masks/20190708_p173_slide26_ac1_vz_s1_p4_r12_a12_ac_full_l2_x44_y178_cyto.tiff,8,2376,22905,2247895840
masks/20190621_p173_slide13_ac1_vz_s1_p1_r17_a17_ac_full_l7_x885_y0_nucleiexp.tiff,8,2267,45544,2247898352
masks/20190619_p173_slide8_ac1_vz_s1_p1_r6_a6_ac_full_l10_x323_y1211_cyto.tiff,8,37477,382936,2247900759
masks/20190708_p173_slide26_ac1_vz_s1_p5_r74_a74_ac_full_l1_x14_y2_cyto.tiff,8,9629,136060,2247938372
masks/20190619_p173_slide31_ac1_vz_s1_p1_r14_a14_ac_full_l1_x0_y127_cyto.tiff,8,32046,313562,2247948135
masks/20190710_p176_slide23_ac1_vz_s1_p1_r6_a6_ac_full_cropmask_l33_x1450_y1120_sphere.tiff,8,2342,266556,2247980316
masks/20190619_p176_slide20_ac1_vz_s1_p1_r6_a6_ac_full_l31_x1518_y4_cell.tiff,8,15343,207628,2247982807
masks/20190709_p176_slide11_ac1_vz_s1_p1_r15_a15_ac_full_l16_x816_y68_cyto.tiff,8,6014,123820,2247998285
masks/20190620_p173_slide19_ac1_vz_s1_p1_r22_a22_ac_full_l15_x932_y759_cell.tiff,8,16091,204550,2248004436
masks/20190709_p176_slide11_ac1_vz_s1_p1_r15_a15_ac_full_l19_x907_y581_cell.tiff,8,10622,139858,2248020665
masks/20190620_p173_slide19_ac1_vz_s1_p1_r22_a22_ac_full_l16_x1215_y515_cyto.tiff,8,3858,66498,2248031425
masks/20190711_p173_slide28_ac1_vz_s1_p1_r13_a13_ac_full_l5_x571_y153_cyto.tiff,8,37330,348148,2248035422
masks/20190620_p173_slide19_ac1_vz_s1_p1_r1_a1_ac_full_l1_x0_y0_cyto.tiff,8,8106,100708,2248072889
masks/20190709_p176_slide11_ac1_vz_s1_p1_r15_a15_ac_full_l25_x1167_y348_cyto.tiff,8,23548,278524,2248081126
masks/20190621_p173_slide4_ac1_vz_s1_p1_r16_a16_ac_full_cropmask_l2_x233_y88_sphere.tiff,8,1145,83440,2248104813
masks/20190709_p176_slide16_ac1_vz_s1_p1_r7_a7_ac_full_l10_x575_y337_cell.tiff,8,7955,115584,2248106104
masks/20190715_p173_slide16_ac1_vz_s1_p1_r8_a8_ac_full_l2_x80_y373_cyto.tiff,8,1836,21423,2248114195
masks/20190715_p173_slide16_ac1_vz_s1_p1_r12_a12_ac_full_l1_x0_y270_cyto.tiff,8,34250,323836,2248116165
masks/20190708_p173_slide26_ac1_vz_s1_p6_r43_a43_ac_full_l1_x0_y0_nucleiexp.tiff,8,2310,44636,2248150550
masks/20190715_p173_slide22_ac1_vz_s1_p1_r11_a11_ac_full_cropmask_l1_x3_y0_sphere.tiff,8,1071,89110,2248152998
masks/20190710_p176_slide23_ac1_vz_s1_p1_r6_a6_ac_full_cropmask_l14_x715_y1159_sphere.tiff,8,2101,239602,2248154213
masks/20190715_p176_slide30_ac1_vz_s1_p1_r16_a16_ac_full_l3_x337_y276_cyto.tiff,8,23272,240844,2248156462
masks/20190715_p173_slide16_ac1_vz_s1_p1_r12_a12_ac_full_l5_x354_y174_cyto.tiff,8,20930,195520,2248179871
masks/20190711_p173_slide28_ac1_vz_s1_p1_r13_a13_ac_full_cropmask_l7_x976_y166_sphere.tiff,8,2714,266590,2248200938
masks/20190708_p173_slide39_ac1_vz_s1_p1_r1_a1_ac_full_l1_x0_y0_cyto.tiff,8,23252,246618,2248203800
masks/20190709_p176_slide11_ac1_vz_s1_p1_r15_a15_ac_full_cropmask_l6_x345_y676_sphere.tiff,8,1767,190300,2248227183
masks/20190710_p176_slide23_ac1_vz_s1_p1_r6_a6_ac_full_l44_x2021_y587_cyto.tiff,8,8882,117660,2248229098
masks/20190709_p176_slide47_ac1_vz_s1_p1_r8_a8_ac_full_l1_x0_y0_cell.tiff,8,17431,217556,2248238117
masks/20190620_p173_slide19_ac1_vz_s1_p1_r3_a3_ac_full_l1_x0_y0_cell.tiff,8,7845,118828,2248255679
masks/20190619_p173_slide8_ac1_vz_s1_p1_r6_a6_ac_full_l14_x714_y0_nucleiexp.tiff,8,16396,280060,2248263655
masks/20190621_p176_slide36_ac1_vz_s1_p1_r3_a3_ac_full_l1_x0_y0_nucleiexp.tiff,8,19145,314974,2248280189
masks/20190620_p173_slide34_ac1_vz_s1_p1_r1_a1_ac_full_cropmask_l1_x0_y0_sphere.tiff,8,1352,143356,2248299470
masks/20190709_p176_slide16_ac1_vz_s1_p1_r7_a7_ac_full_l2_x97_y1467_nucleiexp.tiff,8,17637,302596,2248300964
masks/20190715_p176_slide14_ac1_vz_s1_p1_r4_a4_ac_full_cropmask_l37_x1975_y983_sphere.tiff,8,2619,220728,2248318741
masks/20190619_p176_slide20_ac1_vz_s1_p1_r6_a6_ac_full_cropmask_l38_x2028_y1199_sphere.tiff,8,911,74694,2248321508
masks/20190715_p176_slide14_ac1_vz_s1_p1_r4_a4_ac_full_l36_x1955_y137_cell.tiff,8,4399,87622,2248322568
masks/20190709_p176_slide16_ac1_vz_s1_p1_r7_a7_ac_full_l4_x258_y441_nucleiexp.tiff,8,2297,64150,2248327104
masks/20190620_p176_slide27_ac1_vz_s1_p1_r22_a22_ac_full_l5_x888_y66_cyto.tiff,8,8667,135976,2248329541
masks/20190715_p173_slide16_ac1_vz_s1_p1_r17_a17_ac_full_l3_x113_y600_cell.tiff,8,5964,88432,2248338344
masks/20190715_p173_slide16_ac1_vz_s1_p2_r27_a27_ac_full_l2_x70_y205_cyto.tiff,8,4402,49868,2248344445
masks/20190709_p176_slide16_ac1_vz_s1_p1_r7_a7_ac_full_l27_x1337_y1136_cell.tiff,8,29048,349590,2248348983
masks/20190620_p173_slide19_ac1_vz_s1_p1_r5_a5_ac_full_l1_x0_y0_nucleiexp.tiff,8,5945,115636,2248378169
masks/20190709_p176_slide11_ac1_vz_s1_p1_r15_a15_ac_full_l22_x1157_y84_cyto.tiff,8,6731,110236,2248384250
masks/20190709_p176_slide16_ac1_vz_s1_p1_r7_a7_ac_full_l19_x879_y765_nucleiexp.tiff,8,44379,680948,2248391119
masks/20190715_p173_slide22_ac1_vz_s1_p1_r10_a10_ac_full_l1_x0_y0_cyto.tiff,8,9181,102156,2248435639
masks/20190711_p176_slide39_ac1_vz_s1_p1_r6_a6_ac_full_l5_x316_y193_cyto.tiff,8,58371,563240,2248444953
masks/20190619_p176_slide20_ac1_vz_s1_p1_r6_a6_ac_full_l40_x2066_y820_cell.tiff,8,16736,210212,2248503459
masks/20190620_p176_slide27_ac1_vz_s1_p1_r13_a13_ac_full_l2_x276_y265_cell.tiff,8,4051,69484,2248520332
masks/20190709_p176_slide11_ac1_vz_s1_p1_r7_a7_ac_full_l32768_x0_y0_cyto.tiff,8,1193,23728,2248524520
masks/20190620_p176_slide27_ac1_vz_s1_p1_r4_a4_ac_full_l2_x78_y294_cyto.tiff,8,18999,217556,2248525848
masks/20190715_p173_slide16_ac1_vz_s1_p1_r8_a8_ac_full_l5_x245_y316_cyto.tiff,8,7105,85512,2248544981
masks/20190711_p176_slide39_ac1_vz_s1_p1_r2_a2_ac_full_cropmask_l1_x7_y0_sphere.tiff,8,2109,305742,2248552221
masks/20190715_p173_slide16_ac1_vz_s1_p1_r17_a17_ac_full_l4_x235_y489_cell.tiff,8,6421,100618,2248554472
masks/20190708_p173_slide39_ac1_vz_s1_p1_r4_a4_ac_full_cropmask_l32768_x0_y0_sphere.tiff,8,190,13316,2248561030
masks/20190620_p176_slide27_ac1_vz_s1_p1_r13_a13_ac_full_cropmask_l2_x276_y265_sphere.tiff,8,1006,69484,2248561366
masks/20190708_p176_slide33_ac1_vz_s1_p1_r16_a16_ac_full_l3_x78_y596_cell.tiff,8,14210,215364,2248562520
masks/20190620_p173_slide19_ac1_vz_s1_p1_r13_a13_ac_full_l32768_x0_y0_cyto.tiff,8,593,26258,2248576866
masks/20190715_p173_slide16_ac1_vz_s1_p2_r27_a27_ac_full_l3_x9_y17_cyto.tiff,8,21484,264922,2248577596
masks/20190709_p176_slide16_ac1_vz_s1_p1_r7_a7_ac_full_l1_x0_y1143_cell.tiff,8,20543,280156,2248599214
masks/20190709_p176_slide16_ac1_vz_s1_p1_r7_a7_ac_full_l41_x2211_y1248_cyto.tiff,8,16725,198476,2248619891
masks/20190715_p176_slide30_ac1_vz_s1_p1_r16_a16_ac_full_l2_x47_y510_cell.tiff,8,29717,375968,2248636754
masks/20190711_p173_slide28_ac1_vz_s1_p1_r13_a13_ac_full_l4_x387_y130_cyto.tiff,8,13517,137548,2248666607
masks/20190715_p176_slide30_ac1_vz_s1_p1_r17_a17_ac_full_l32768_x0_y0_cyto.tiff,8,1216,37448,2248680261
masks/20190709_p176_slide16_ac1_vz_s1_p1_r7_a7_ac_full_l22_x959_y1855_cell.tiff,8,45913,543648,2248681614
masks/20190708_p173_slide39_ac1_vz_s1_p1_r2_a2_ac_full_l1_x0_y0_cell.tiff,8,3633,66152,2248727664
masks/20190620_p176_slide5_ac1_vz_s1_p1_r8_a8_ac_full_cropmask_l1_x0_y0_sphere.tiff,8,1613,157542,2248731428
masks/20190715_p173_slide22_ac1_vz_s1_p1_r19_a19_ac_full_cropmask_l1_x0_y0_sphere.tiff,8,1790,203140,2248733182
masks/20190715_p176_slide14_ac1_vz_s1_p1_r4_a4_ac_full_l40_x2245_y1193_cell.tiff,8,10904,172492,2248735116
masks/20190621_p173_slide13_ac1_vz_s1_p1_r8_a8_ac_full_l10_x521_y1283_cell.tiff,8,16217,230238,2248746158
masks/20190620_p176_slide5_ac1_vz_s1_p1_r6_a6_ac_full_l32768_x0_y0_nucleiexp.tiff,8,1608,38114,2248762512
masks/20190709_p176_slide11_ac1_vz_s1_p1_r15_a15_ac_full_l18_x831_y469_cell.tiff,8,5170,103756,2248764259
masks/20190715_p173_slide22_ac1_vz_s1_p1_r16_a16_ac_full_l1_x0_y0_cell.tiff,8,7915,115404,2248769567
masks/20190715_p173_slide22_ac1_vz_s1_p1_r6_a6_ac_full_l2_x30_y183_cell.tiff,8,7899,114064,2248777615
masks/20190715_p176_slide30_ac1_vz_s1_p1_r2_a2_ac_full_l1_x0_y0_cyto.tiff,8,9704,116228,2248785648
masks/20190709_p176_slide16_ac1_vz_s1_p1_r7_a7_ac_full_cropmask_l31_x1579_y291_sphere.tiff,8,1545,109762,2248795483
masks/20190710_p176_slide23_ac1_vz_s1_p1_r6_a6_ac_full_l31_x1300_y1904_cell.tiff,8,23522,387740,2248797176
masks/20190619_p176_slide20_ac1_vz_s1_p1_r6_a6_ac_full_l32_x1537_y493_cell.tiff,8,19136,230728,2248820836
masks/20190620_p176_slide27_ac1_vz_s1_p1_r5_a5_ac_full_l1_x0_y13_cell.tiff,8,16304,244564,2248840109
masks/20190620_p176_slide27_ac1_vz_s1_p1_r5_a5_ac_full_cropmask_l1_x0_y13_sphere.tiff,8,2018,244564,2248856545
masks/20190710_p173_slide6_ac1_vz_s1_p1_r2_a2_ac_full_l32768_x0_y0_cyto.tiff,8,3360,49568,2248858706
masks/20190621_p173_slide13_ac1_vz_s1_p1_r8_a8_ac_full_cropmask_l4_x54_y1161_sphere.tiff,8,3732,527452,2248862200
masks/20190620_p173_slide34_ac1_vz_s1_p1_r9_a9_ac_full_cropmask_l32768_x0_y0_sphere.tiff,8,225,40578,2248866078
masks/20190620_p176_slide27_ac1_vz_s1_p1_r22_a22_ac_full_l7_x1034_y544_cyto.tiff,8,13874,162070,2248866449
masks/20190619_p173_slide8_ac1_vz_s1_p1_r6_a6_ac_full_cropmask_l6_x163_y357_sphere.tiff,8,1969,153684,2248880461
masks/20190708_p173_slide26_ac1_vz_s1_p6_r49_a49_ac_full_l1_x0_y0_cell.tiff,8,33826,425472,2248882575
masks/20190709_p176_slide47_ac1_vz_s1_p1_r1_a1_ac_full_cropmask_l1_x0_y59_sphere.tiff,8,1120,60484,2248916534
masks/20190710_p176_slide8_ac1_vz_s1_p1_r14_a14_ac_full_l1_x22_y568_cyto.tiff,8,2973,55974,2248917797
masks/20190715_p176_slide14_ac1_vz_s1_p1_r4_a4_ac_full_l8_x539_y566_nucleiexp.tiff,8,3986,66432,2248920905
masks/20190708_p173_slide26_ac1_vz_s1_p4_r22_a22_ac_full_l32768_x0_y0_cyto.tiff,8,2466,55138,2248925031
masks/20190619_p176_slide20_ac1_vz_s1_p1_r6_a6_ac_full_cropmask_l28_x1362_y1123_sphere.tiff,8,3458,308784,2248927634
masks/20190619_p173_slide31_ac1_vz_s1_p1_r3_a3_ac_full_cropmask_l1_x0_y0_sphere.tiff,8,1247,124690,2248931241
masks/20190621_p173_slide13_ac1_vz_s1_p1_r10_a10_ac_full_l2_x267_y0_nucleiexp.tiff,8,5767,106540,2248932630
masks/20190710_p176_slide23_ac1_vz_s1_p1_r6_a6_ac_full_l36_x1600_y1436_nucleiexp.tiff,8,7950,167864,2248938537
masks/20190619_p176_slide20_ac1_vz_s1_p1_r6_a6_ac_full_l34_x1760_y394_cyto.tiff,8,6707,88024,2248946630
masks/20190621_p173_slide4_ac1_vz_s1_p1_r10_a10_ac_full_l3_x275_y194_nucleiexp.tiff,8,10781,232924,2248953474
masks/20190710_p176_slide8_ac1_vz_s1_p1_r7_a7_ac_full_l1_x0_y0_cyto.tiff,8,17760,179664,2248964396
masks/20190708_p173_slide26_ac1_vz_s1_p5_r77_a77_ac_full_l3_x94_y238_cyto.tiff,8,5540,81860,2248982286
masks/20190621_p173_slide4_ac1_vz_s1_p1_r12_a12_ac_full_l1_x0_y0_cyto.tiff,8,10182,115466,2248987962
masks/20190621_p173_slide13_ac1_vz_s1_p1_r2_a2_ac_full_l1_x0_y9_cell.tiff,8,17805,243820,2248998276
masks/20190708_p173_slide26_ac1_vz_s1_p5_r77_a77_ac_full_l1_x0_y424_cell.tiff,8,12953,169342,2249016212
masks/20190708_p173_slide26_ac1_vz_s1_p6_r46_a46_ac_full_l1_x0_y0_cyto.tiff,8,15392,162772,2249029300
masks/20190715_p176_slide14_ac1_vz_s1_p1_r4_a4_ac_full_l12_x636_y1878_cyto.tiff,8,24022,221340,2249044825
masks/20190708_p173_slide26_ac1_vz_s1_p4_r10_a10_ac_full_l1_x0_y0_cyto.tiff,8,5885,73468,2249068984
masks/20190711_p176_slide2_ac1_vz_s1_p1_r2_a2_ac_full_l1_x0_y0_nucleiexp.tiff,8,3140,72466,2249075002
masks/20190715_p176_slide14_ac1_vz_s1_p1_r4_a4_ac_full_l14_x718_y1246_cell.tiff,8,17161,226708,2249078277
masks/20190709_p176_slide11_ac1_vz_s1_p1_r15_a15_ac_full_l11_x555_y1863_nucleiexp.tiff,8,8518,163212,2249095575
masks/20190620_p173_slide19_ac1_vz_s1_p1_r6_a6_ac_full_l1_x0_y0_nucleiexp.tiff,8,15599,292108,2249104237
masks/20190708_p173_slide26_ac1_vz_s1_p4_r23_a23_ac_full_l1_x0_y0_nucleiexp.tiff,8,2520,68326,2249119972
masks/20190715_p176_slide14_ac1_vz_s1_p1_r4_a4_ac_full_l24_x1247_y2221_nucleiexp.tiff,8,11106,204116,2249122630
masks/20190619_p173_slide31_ac1_vz_s1_p1_r15_a15_ac_full_cropmask_l1_x0_y0_sphere.tiff,8,824,67174,2249133879
masks/20190619_p176_slide20_ac1_vz_s1_p1_r6_a6_ac_full_l36_x1813_y911_cell.tiff,8,16441,224464,2249134847
masks/20190709_p176_slide16_ac1_vz_s1_p1_r7_a7_ac_full_l33_x1589_y2307_cyto.tiff,8,5647,87868,2249151425
masks/20190620_p176_slide27_ac1_vz_s1_p1_r1_a1_ac_full_l1_x0_y12_cell.tiff,8,12316,164968,2249157210
masks/20190710_p173_slide6_ac1_vz_s1_p1_r6_a6_ac_full_l8_x238_y433_cyto.tiff,8,13422,134412,2249169658
masks/20190709_p176_slide11_ac1_vz_s1_p1_r15_a15_ac_full_cropmask_l10_x582_y990_sphere.tiff,8,941,57100,2249183214
masks/20190708_p173_slide26_ac1_vz_s1_p4_r5_a5_ac_full_l3_x133_y0_nucleiexp.tiff,8,7043,159608,2249184304
masks/20190708_p173_slide26_ac1_vz_s1_p4_r31_a31_ac_full_l5_x1011_y215_cell.tiff,8,10251,168772,2249191485
masks/20190619_p176_slide43_ac1_vz_s1_p1_r2_a2_ac_full_l1_x0_y0_nucleiexp.tiff,8,10686,193228,2249201874
masks/20190708_p173_slide26_ac1_vz_s1_p5_r72_a72_ac_full_l1_x0_y0_cell.tiff,8,21972,286398,2249212696
masks/20190708_p173_slide26_ac1_vz_s1_p5_r77_a77_ac_full_l6_x281_y165_cyto.tiff,8,47854,494564,2249234801
masks/20190715_p176_slide14_ac1_vz_s1_p1_r4_a4_ac_full_l18_x934_y2173_cyto.tiff,8,6034,82220,2249282792
masks/20190619_p176_slide20_ac1_vz_s1_p1_r6_a6_ac_full_l5_x223_y1835_nucleiexp.tiff,8,21231,330532,2249288963
masks/20190709_p176_slide11_ac1_vz_s1_p1_r15_a15_ac_full_l20_x877_y1090_nucleiexp.tiff,8,20133,327016,2249310335
masks/20190619_p173_slide8_ac1_vz_s1_p1_r6_a6_ac_full_l11_x701_y305_nucleiexp.tiff,8,4925,115804,2249330612
masks/20190710_p173_slide6_ac1_vz_s1_p1_r6_a6_ac_full_l2_x81_y639_cell.tiff,8,13338,163138,2249335677
masks/20190710_p176_slide23_ac1_vz_s1_p1_r6_a6_ac_full_l17_x968_y1692_cell.tiff,8,2763,53588,2249349148
masks/20190715_p176_slide14_ac1_vz_s1_p1_r4_a4_ac_full_l11_x587_y884_cyto.tiff,8,28784,311468,2249352048
masks/20190709_p176_slide11_ac1_vz_s1_p1_r15_a15_ac_full_l4_x209_y1309_nucleiexp.tiff,8,15442,296700,2249380968
masks/20190708_p173_slide26_ac1_vz_s1_p4_r31_a31_ac_full_l1_x0_y91_nucleiexp.tiff,8,7774,149812,2249396553
masks/20190619_p176_slide43_ac1_vz_s1_p1_r4_a4_ac_full_cropmask_l1_x0_y5_sphere.tiff,8,1821,239250,2249404466
masks/20190715_p173_slide16_ac1_vz_s1_p1_r4_a4_ac_full_l2_x84_y92_cell.tiff,8,6355,107232,2249406429
masks/20190715_p173_slide16_ac1_vz_s1_p2_r23_a23_ac_full_l1_x0_y131_nucleiexp.tiff,8,5617,113862,2249412917
masks/20190715_p173_slide16_ac1_vz_s1_p1_r17_a17_ac_full_l11_x1051_y52_cell.tiff,8,28277,418228,2249418674
masks/20190715_p173_slide16_ac1_vz_s1_p1_r17_a17_ac_full_l6_x506_y628_nucleiexp.tiff,8,4137,69064,2249447089
masks/20190620_p173_slide19_ac1_vz_s1_p1_r22_a22_ac_full_cropmask_l14_x887_y437_sphere.tiff,8,2148,234988,2249451368
masks/20190620_p173_slide19_ac1_vz_s1_p1_r22_a22_ac_full_l4_x243_y1127_cell.tiff,8,813,12676,2249453665
masks/20190709_p176_slide11_ac1_vz_s1_p1_r15_a15_ac_full_l24_x1146_y730_cyto.tiff,8,22713,252858,2249454616
masks/20190620_p176_slide27_ac1_vz_s1_p1_r6_a6_ac_full_l1_x0_y7_nucleiexp.tiff,8,7507,173868,2249477468
masks/20190621_p176_slide36_ac1_vz_s1_p1_r10_a10_ac_full_l1_x1_y17_nucleiexp.tiff,8,15994,291776,2249485111
masks/20190715_p173_slide16_ac1_vz_s1_p1_r8_a8_ac_full_l1_x41_y452_cyto.tiff,8,2892,34012,2249501244
masks/20190715_p176_slide14_ac1_vz_s1_p1_r4_a4_ac_full_l24_x1247_y2221_cell.tiff,8,14763,204116,2249504270
masks/20190711_p173_slide28_ac1_vz_s1_p1_r8_a8_ac_full_cropmask_l3_x254_y137_sphere.tiff,8,2435,191628,2249519171
masks/20190708_p173_slide26_ac1_vz_s1_p5_r73_a73_ac_full_l1_x2_y0_cell.tiff,8,2607,49840,2249521752
masks/20190710_p176_slide8_ac1_vz_s1_p1_r14_a14_ac_full_cropmask_l6_x393_y620_sphere.tiff,8,1971,224206,2249524492
masks/20190708_p173_slide26_ac1_vz_s1_p5_r77_a77_ac_full_cropmask_l6_x281_y165_sphere.tiff,8,3289,494564,2249526610
masks/20190620_p173_slide19_ac1_vz_s1_p1_r22_a22_ac_full_cropmask_l15_x932_y759_sphere.tiff,8,2270,204550,2249530047
masks/20190625_p173_slide10_ac1_vz_s1_p1_r18_a18_ac_full_cropmask_l3_x256_y524_sphere.tiff,8,2047,183118,2249532466
masks/20190621_p173_slide13_ac1_vz_s1_p1_r17_a17_ac_full_cropmask_l8_x776_y314_sphere.tiff,8,3315,335890,2249534661
masks/20190708_p173_slide26_ac1_vz_s1_p6_r46_a46_ac_full_l2_x63_y280_cell.tiff,8,4012,72668,2249538124
masks/20190710_p173_slide6_ac1_vz_s1_p1_r6_a6_ac_full_l2_x81_y639_nucleiexp.tiff,8,9815,163138,2249542272
masks/20190708_p173_slide26_ac1_vz_s1_p4_r12_a12_ac_full_l1_x0_y0_nucleiexp.tiff,8,6422,110938,2249552225
masks/20190711_p173_slide28_ac1_vz_s1_p1_r9_a9_ac_full_l1_x2_y0_cyto.tiff,8,25891,285794,2249558785
masks/20190709_p176_slide47_ac1_vz_s1_p1_r5_a5_ac_full_l1_x4_y0_cell.tiff,8,12044,187148,2249584807
masks/20190709_p173_slide2_ac1_vz_s1_p1_r11_a11_ac_full_l1_x0_y0_nucleiexp.tiff,8,7954,163060,2249596982
masks/20190620_p176_slide27_ac1_vz_s1_p1_r12_a12_ac_full_l32768_x0_y0_nucleiexp.tiff,8,611,50732,2249605073
masks/20190619_p176_slide20_ac1_vz_s1_p1_r6_a6_ac_full_cropmask_l9_x370_y1125_sphere.tiff,8,2183,269644,2249605826
masks/20190711_p176_slide39_ac1_vz_s1_p1_r6_a6_ac_full_cropmask_l2_x0_y560_sphere.tiff,8,2668,363212,2249608156
masks/20190619_p176_slide43_ac1_vz_s1_p1_r6_a6_ac_full_l1_x0_y0_cyto.tiff,8,26091,261562,2249610968
masks/20190715_p176_slide14_ac1_vz_s1_p1_r4_a4_ac_full_l6_x357_y1545_nucleiexp.tiff,8,24056,385132,2249637190
masks/20190708_p173_slide39_ac1_vz_s1_p1_r3_a3_ac_full_l1_x2_y0_cell.tiff,8,3193,61388,2249661387
masks/20190710_p176_slide23_ac1_vz_s1_p1_r6_a6_ac_full_l3_x246_y862_nucleiexp.tiff,8,1541,58018,2249664711
masks/20190709_p176_slide11_ac1_vz_s1_p1_r15_a15_ac_full_cropmask_l16_x816_y68_sphere.tiff,8,1311,123820,2249666392
masks/20190708_p173_slide26_ac1_vz_s1_p6_r37_a37_ac_full_l1_x0_y0_nucleiexp.tiff,8,12154,222130,2249667851
masks/20190708_p173_slide26_ac1_vz_s1_p4_r18_a18_ac_full_l2_x0_y0_cell.tiff,8,14310,209048,2249680143
masks/20190620_p173_slide19_ac1_vz_s1_p1_r3_a3_ac_full_cropmask_l1_x0_y0_sphere.tiff,8,1376,118828,2249694586
masks/20190715_p176_slide14_ac1_vz_s1_p1_r4_a4_ac_full_l22_x1100_y251_nucleiexp.tiff,8,16348,307140,2249696104
masks/20190620_p173_slide19_ac1_vz_s1_p1_r19_a19_ac_full_cropmask_l1_x0_y0_sphere.tiff,8,2785,419200,2249712594
masks/20190625_p173_slide10_ac1_vz_s1_p1_r18_a18_ac_full_cropmask_l2_x261_y260_sphere.tiff,8,2080,168418,2249715523
masks/20190708_p173_slide26_ac1_vz_s1_p6_r37_a37_ac_full_l1_x0_y0_cyto.tiff,8,20445,222130,2249717751
masks/20190708_p173_slide26_ac1_vz_s1_p6_r56_a56_ac_full_l1_x0_y0_nucleiexp.tiff,8,8958,154100,2249738329
masks/20190708_p173_slide26_ac1_vz_s1_p6_r46_a46_ac_full_cropmask_l2_x63_y280_sphere.tiff,8,1125,72668,2249747425
masks/20190625_p173_slide10_ac1_vz_s1_p1_r17_a17_ac_full_l4_x143_y160_cell.tiff,8,4141,87068,2249748697
masks/20190709_p176_slide16_ac1_vz_s1_p1_r7_a7_ac_full_l14_x695_y1315_cell.tiff,8,17567,223828,2249752975
masks/20190708_p173_slide26_ac1_vz_s1_p6_r32_a32_ac_full_l1_x0_y2_cyto.tiff,8,7943,110104,2249770679
masks/20190620_p176_slide27_ac1_vz_s1_p1_r22_a22_ac_full_l8_x1137_y75_cyto.tiff,8,2661,58750,2249778755
masks/20190710_p173_slide36_ac1_vz_s1_p1_r4_a4_ac_full_l1_x0_y0_nucleiexp.tiff,8,8839,144868,2249781553
masks/20190709_p176_slide11_ac1_vz_s1_p1_r15_a15_ac_full_l26_x1222_y1251_cyto.tiff,8,26608,244544,2249790528
masks/20190715_p173_slide22_ac1_vz_s1_p1_r16_a16_ac_full_l1_x0_y0_cyto.tiff,8,9835,115404,2249817276
masks/20190621_p176_slide36_ac1_vz_s1_p1_r1_a1_ac_full_cropmask_l1_x0_y4_sphere.tiff,8,3073,449948,2249827244
masks/20190709_p173_slide2_ac1_vz_s1_p1_r11_a11_ac_full_cropmask_l1_x0_y0_sphere.tiff,8,1936,163060,2249830459
masks/20190708_p173_slide26_ac1_vz_s1_p4_r18_a18_ac_full_cropmask_l1_x9_y140_sphere.tiff,8,1499,113260,2249832538
masks/20190619_p173_slide8_ac1_vz_s1_p1_r6_a6_ac_full_cropmask_l17_x1096_y11_sphere.tiff,8,1810,147272,2249834183
masks/20190620_p173_slide19_ac1_vz_s1_p1_r14_a14_ac_full_l1_x0_y0_cell.tiff,8,12908,193084,2249836139
masks/20190709_p176_slide16_ac1_vz_s1_p1_r7_a7_ac_full_l43_x2301_y814_nucleiexp.tiff,8,14907,280756,2249849180
masks/20190621_p173_slide4_ac1_vz_s1_p1_r11_a11_ac_full_l1_x0_y0_nucleiexp.tiff,8,8089,167624,2249864229
masks/20190708_p173_slide26_ac1_vz_s1_p5_r65_a65_ac_full_cropmask_l1_x0_y0_sphere.tiff,8,1303,139366,2249872455
masks/20190620_p176_slide5_ac1_vz_s1_p1_r14_a14_ac_full_cropmask_l2_x80_y448_sphere.tiff,8,1469,142092,2249873902
masks/20190715_p176_slide14_ac1_vz_s1_p1_r4_a4_ac_full_l30_x1552_y2176_cell.tiff,8,10656,173138,2249875517
masks/20190709_p176_slide16_ac1_vz_s1_p1_r7_a7_ac_full_l27_x1337_y1136_nucleiexp.tiff,8,21950,349590,2249886311
masks/20190715_p176_slide14_ac1_vz_s1_p1_r4_a4_ac_full_cropmask_l27_x1390_y1075_sphere.tiff,8,2903,314420,2249908404
masks/20190619_p176_slide20_ac1_vz_s1_p1_r6_a6_ac_full_l9_x370_y1125_nucleiexp.tiff,8,15247,269644,2249911456
masks/20190715_p176_slide14_ac1_vz_s1_p1_r4_a4_ac_full_cropmask_l5_x357_y1169_sphere.tiff,8,3213,334822,2249926844
masks/20190709_p176_slide11_ac1_vz_s1_p1_r15_a15_ac_full_l29_x1428_y715_cell.tiff,8,20452,251332,2249930204
masks/20190709_p176_slide11_ac1_vz_s1_p1_r15_a15_ac_full_l1_x0_y1215_nucleiexp.tiff,8,6490,156768,2249950795
masks/20190620_p173_slide34_ac1_vz_s1_p1_r6_a6_ac_full_cropmask_l3_x318_y293_sphere.tiff,8,1156,68776,2249957426
masks/20190621_p176_slide36_ac1_vz_s1_p1_r2_a2_ac_full_cropmask_l1_x2_y0_sphere.tiff,8,2625,414268,2249958728
masks/20190715_p173_slide16_ac1_vz_s1_p1_r12_a12_ac_full_l1_x0_y270_cell.tiff,8,27747,323836,2249961495
masks/20190710_p176_slide23_ac1_vz_s1_p1_r6_a6_ac_full_l20_x1032_y547_nucleiexp.tiff,8,1286,49954,2249989377
masks/20190620_p173_slide19_ac1_vz_s1_p1_r9_a9_ac_full_l3_x131_y0_cyto.tiff,8,23060,220666,2249990805
masks/20190711_p173_slide28_ac1_vz_s1_p1_r8_a8_ac_full_l1_x0_y2_cyto.tiff,8,17086,204868,2250013998
masks/20190620_p176_slide5_ac1_vz_s1_p1_r6_a6_ac_full_l32768_x0_y0_cyto.tiff,8,2801,38114,2250031215
masks/20190711_p173_slide28_ac1_vz_s1_p1_r13_a13_ac_full_l4_x387_y130_cell.tiff,8,10788,137548,2250034150
masks/20190715_p176_slide30_ac1_vz_s1_p1_r10_a10_ac_full_l1_x0_y0_cyto.tiff,8,6888,86218,2250045075
masks/20190708_p173_slide39_ac1_vz_s1_p1_r2_a2_ac_full_l1_x0_y0_nucleiexp.tiff,8,2457,66152,2250052096
masks/20190709_p176_slide11_ac1_vz_s1_p1_r16_a16_ac_full_l32768_x0_y0_nucleiexp.tiff,8,1310,38878,2250054689
masks/20190709_p176_slide16_ac1_vz_s1_p1_r7_a7_ac_full_l20_x1056_y3_cyto.tiff,8,9564,136720,2250056141
masks/20190715_p173_slide16_ac1_vz_s1_p1_r2_a2_ac_full_cropmask_l1_x0_y176_sphere.tiff,8,1504,113920,2250065840
masks/20190709_p173_slide2_ac1_vz_s1_p1_r4_a4_ac_full_l1_x0_y0_nucleiexp.tiff,8,2958,73180,2250067488
masks/20190621_p173_slide13_ac1_vz_s1_p1_r4_a4_ac_full_l2_x101_y34_cell.tiff,8,5297,75508,2250070581
masks/20190715_p176_slide30_ac1_vz_s1_p1_r17_a17_ac_full_l32768_x0_y0_nucleiexp.tiff,8,764,37448,2250076012
masks/20190620_p173_slide34_ac1_vz_s1_p1_r6_a6_ac_full_l3_x318_y293_nucleiexp.tiff,8,2696,68776,2250076918
masks/20190708_p173_slide39_ac1_vz_s1_p1_r1_a1_ac_full_cropmask_l1_x0_y0_sphere.tiff,8,1906,246618,2250079754
masks/20190708_p173_slide26_ac1_vz_s1_p5_r77_a77_ac_full_l3_x94_y238_cell.tiff,8,4474,81860,2250081802
masks/20190708_p173_slide26_ac1_vz_s1_p5_r78_a78_ac_full_l3_x393_y45_nucleiexp.tiff,8,7491,148934,2250086412
masks/20190625_p173_slide10_ac1_vz_s1_p1_r17_a17_ac_full_l4_x143_y160_cyto.tiff,8,5169,87068,2250094044
masks/20190619_p176_slide20_ac1_vz_s1_p1_r6_a6_ac_full_cropmask_l14_x723_y1220_sphere.tiff,8,1728,168436,2250099350
masks/20190619_p176_slide20_ac1_vz_s1_p1_r6_a6_ac_full_l44_x2394_y741_nucleiexp.tiff,8,6654,132428,2250101226
masks/20190620_p173_slide19_ac1_vz_s1_p1_r13_a13_ac_full_l32768_x0_y0_nucleiexp.tiff,8,392,26258,2250108022
masks/20190709_p176_slide16_ac1_vz_s1_p1_r7_a7_ac_full_cropmask_l30_x1389_y740_sphere.tiff,8,3406,413296,2250108556
masks/20190710_p173_slide6_ac1_vz_s1_p1_r6_a6_ac_full_l13_x786_y833_cyto.tiff,8,23430,281516,2250112110
masks/20190620_p176_slide27_ac1_vz_s1_p1_r22_a22_ac_full_cropmask_l6_x952_y284_sphere.tiff,8,1745,150792,2250135675
masks/20190709_p176_slide16_ac1_vz_s1_p1_r7_a7_ac_full_l28_x1394_y1748_nucleiexp.tiff,8,8784,167278,2250137568
masks/20190715_p176_slide14_ac1_vz_s1_p1_r4_a4_ac_full_l25_x1371_y147_cyto.tiff,8,18747,199308,2250146495
masks/20190715_p173_slide22_ac1_vz_s1_p1_r10_a10_ac_full_l1_x0_y0_nucleiexp.tiff,8,5541,102156,2250165379
masks/20190620_p176_slide5_ac1_vz_s1_p1_r1_a1_ac_full_l1_x0_y0_cyto.tiff,8,14084,164212,2250171058
masks/20190715_p173_slide16_ac1_vz_s1_p1_r4_a4_ac_full_l1_x0_y0_cell.tiff,8,3680,62892,2250185272
masks/20190715_p173_slide16_ac1_vz_s1_p2_r37_a37_ac_full_l12_x1006_y1322_cell.tiff,8,4839,65580,2250189083
masks/20190708_p173_slide26_ac1_vz_s1_p5_r77_a77_ac_full_l5_x186_y655_cyto.tiff,8,5947,80656,2250194062
masks/20190620_p176_slide5_ac1_vz_s1_p1_r1_a1_ac_full_cropmask_l1_x0_y0_sphere.tiff,8,1510,164212,2250200146
masks/20190715_p176_slide14_ac1_vz_s1_p1_r4_a4_ac_full_cropmask_l25_x1371_y147_sphere.tiff,8,2026,199308,2250201797
masks/20190619_p176_slide20_ac1_vz_s1_p1_r6_a6_ac_full_l36_x1813_y911_cyto.tiff,8,20221,224464,2250203971
masks/20190621_p173_slide4_ac1_vz_s1_p1_r16_a16_ac_full_l5_x605_y427_cell.tiff,8,15563,201058,2250224329
masks/20190715_p173_slide22_ac1_vz_s1_p1_r24_a24_ac_full_l2_x36_y128_nucleiexp.tiff,8,12013,208538,2250240028
masks/20190715_p176_slide14_ac1_vz_s1_p1_r4_a4_ac_full_cropmask_l17_x868_y350_sphere.tiff,8,1449,158594,2250252182
masks/20190709_p176_slide16_ac1_vz_s1_p1_r7_a7_ac_full_l8_x365_y1630_cyto.tiff,8,40375,387980,2250253778
masks/20190711_p176_slide39_ac1_vz_s1_p1_r5_a5_ac_full_l1_x0_y0_nucleiexp.tiff,8,15802,278962,2250294289
masks/20190619_p173_slide31_ac1_vz_s1_p1_r14_a14_ac_full_l1_x0_y127_nucleiexp.tiff,8,18947,313562,2250310227
masks/20190619_p176_slide20_ac1_vz_s1_p1_r6_a6_ac_full_l26_x1233_y0_nucleiexp.tiff,8,9608,188128,2250329314
masks/20190709_p176_slide16_ac1_vz_s1_p1_r7_a7_ac_full_cropmask_l33_x1589_y2307_sphere.tiff,8,1005,87868,2250339062
masks/20190711_p173_slide28_ac1_vz_s1_p1_r10_a10_ac_full_l1_x4_y0_nucleiexp.tiff,8,6450,135988,2250340216
masks/20190715_p176_slide30_ac1_vz_s1_p1_r6_a6_ac_full_l1_x0_y96_nucleiexp.tiff,8,3638,88588,2250346804
masks/20190620_p176_slide27_ac1_vz_s1_p1_r18_a18_ac_full_l2_x48_y131_cyto.tiff,8,13217,159388,2250350579
masks/20190620_p176_slide27_ac1_vz_s1_p1_r15_a15_ac_full_l3_x209_y423_nucleiexp.tiff,8,15341,258328,2250363932
masks/20190715_p173_slide16_ac1_vz_s1_p2_r21_a21_ac_full_l4_x279_y166_nucleiexp.tiff,8,908,17867,2250379415
masks/20190619_p176_slide20_ac1_vz_s1_p1_r6_a6_ac_full_l22_x1024_y1436_nucleiexp.tiff,8,20219,342178,2250380465
masks/20190708_p173_slide26_ac1_vz_s1_p5_r67_a67_ac_full_l1_x0_y0_cyto.tiff,8,16061,173108,2250400827
masks/20190708_p173_slide26_ac1_vz_s1_p6_r56_a56_ac_full_l1_x0_y0_cell.tiff,8,11878,154100,2250417021
masks/20190619_p176_slide20_ac1_vz_s1_p1_r6_a6_ac_full_l44_x2394_y741_cyto.tiff,8,10996,132428,2250429032
masks/20190709_p176_slide16_ac1_vz_s1_p1_r7_a7_ac_full_cropmask_l21_x1004_y334_sphere.tiff,8,2579,318468,2250440165
masks/20190710_p176_slide23_ac1_vz_s1_p1_r6_a6_ac_full_l40_x1858_y1368_cyto.tiff,8,3117,44748,2250442892
masks/20190710_p176_slide8_ac1_vz_s1_p1_r8_a8_ac_full_l1_x0_y0_nucleiexp.tiff,8,3781,88418,2250446147
masks/20190710_p176_slide8_ac1_vz_s1_p1_r14_a14_ac_full_l10_x860_y1228_nucleiexp.tiff,8,12173,248720,2250450063
masks/20190620_p176_slide27_ac1_vz_s1_p1_r12_a12_ac_full_cropmask_l32768_x0_y0_sphere.tiff,8,235,50732,2250462379
masks/20190715_p173_slide16_ac1_vz_s1_p1_r8_a8_ac_full_l5_x245_y316_cell.tiff,8,5591,85512,2250462762
masks/20190625_p173_slide10_ac1_vz_s1_p1_r17_a17_ac_full_l2_x37_y0_cyto.tiff,8,1294,22835,2250468488
masks/20190619_p173_slide31_ac1_vz_s1_p1_r3_a3_ac_full_l1_x0_y0_nucleiexp.tiff,8,8051,124690,2250469916
masks/20190711_p176_slide39_ac1_vz_s1_p1_r1_a1_ac_full_cropmask_l1_x0_y16_sphere.tiff,8,2343,292196,2250478103
masks/20190710_p173_slide36_ac1_vz_s1_p1_r9_a9_ac_full_cropmask_l1_x3_y0_sphere.tiff,8,1629,207634,2250480589
masks/20190620_p176_slide27_ac1_vz_s1_p1_r15_a15_ac_full_l4_x339_y150_cell.tiff,8,15628,198368,2250482360
masks/20190710_p176_slide23_ac1_vz_s1_p1_r6_a6_ac_full_l34_x1426_y715_nucleiexp.tiff,8,18779,316100,2250498125
masks/20190715_p173_slide16_ac1_vz_s1_p2_r24_a24_ac_full_l1_x0_y0_cell.tiff,8,3225,67888,2250517046
masks/20190621_p173_slide13_ac1_vz_s1_p1_r10_a10_ac_full_cropmask_l2_x267_y0_sphere.tiff,8,1472,106540,2250520404
masks/20190709_p176_slide16_ac1_vz_s1_p1_r7_a7_ac_full_l8_x365_y1630_nucleiexp.tiff,8,23437,387980,2250522022
masks/20190715_p173_slide16_ac1_vz_s1_p1_r17_a17_ac_full_l6_x506_y628_cyto.tiff,8,7137,69064,2250545600
masks/20190619_p176_slide20_ac1_vz_s1_p1_r6_a6_ac_full_cropmask_l19_x919_y91_sphere.tiff,8,2088,212812,2250552874
masks/20190708_p173_slide26_ac1_vz_s1_p5_r78_a78_ac_full_l4_x405_y266_nucleiexp.tiff,8,18444,318670,2250555108
masks/20190620_p176_slide27_ac1_vz_s1_p1_r10_a10_ac_full_l1_x4_y0_cell.tiff,8,13635,173548,2250573694
masks/20190715_p173_slide22_ac1_vz_s1_p1_r24_a24_ac_full_l3_x113_y408_cyto.tiff,8,46818,453220,2250587462
masks/20190715_p176_slide30_ac1_vz_s1_p1_r10_a10_ac_full_l1_x0_y0_cell.tiff,8,5512,86218,2250634417
masks/20190625_p173_slide10_ac1_vz_s1_p1_r18_a18_ac_full_l6_x386_y63_nucleiexp.tiff,8,10750,174644,2250640062
masks/20190621_p176_slide36_ac1_vz_s1_p1_r12_a12_ac_full_l2_x226_y405_cyto.tiff,8,63229,578572,2250650953
masks/20190708_p176_slide33_ac1_vz_s1_p1_r16_a16_ac_full_l4_x162_y876_cyto.tiff,8,21782,236004,2250714319
masks/20190709_p176_slide11_ac1_vz_s1_p1_r15_a15_ac_full_l21_x834_y1435_cyto.tiff,8,48715,464444,2250736238
masks/20190715_p173_slide16_ac1_vz_s1_p1_r17_a17_ac_full_l3_x113_y600_cyto.tiff,8,7474,88432,2250785092
masks/20190619_p173_slide8_ac1_vz_s1_p1_r6_a6_ac_full_l7_x376_y127_cell.tiff,8,8292,130788,2250792703
masks/20190619_p173_slide31_ac1_vz_s1_p1_r11_a11_ac_full_l1_x0_y0_cell.tiff,8,11221,152056,2250801129
masks/20190621_p173_slide13_ac1_vz_s1_p1_r17_a17_ac_full_l7_x885_y0_cyto.tiff,8,3652,45544,2250812483
masks/20190715_p176_slide30_ac1_vz_s1_p1_r11_a11_ac_full_l1_x0_y0_cyto.tiff,8,4325,55380,2250816270
masks/20190709_p176_slide11_ac1_vz_s1_p1_r15_a15_ac_full_l6_x345_y676_cyto.tiff,8,13695,190300,2250820728
masks/20190625_p173_slide10_ac1_vz_s1_p1_r3_a3_ac_full_cropmask_l1_x12_y0_sphere.tiff,8,1728,176684,2250834560
masks/20190709_p176_slide16_ac1_vz_s1_p1_r7_a7_ac_full_l39_x1983_y684_cyto.tiff,8,29805,299084,2250836431
masks/20190709_p176_slide16_ac1_vz_s1_p1_r7_a7_ac_full_cropmask_l28_x1394_y1748_sphere.tiff,8,2131,167278,2250866373
masks/20190715_p176_slide14_ac1_vz_s1_p1_r4_a4_ac_full_l18_x934_y2173_nucleiexp.tiff,8,3466,82220,2250868653
masks/20190715_p176_slide30_ac1_vz_s1_p1_r16_a16_ac_full_l8_x706_y974_nucleiexp.tiff,8,25051,463588,2250872261
masks/20190708_p173_slide26_ac1_vz_s1_p4_r15_a15_ac_full_l1_x0_y137_nucleiexp.tiff,8,4353,73738,2250897454
masks/20190619_p176_slide20_ac1_vz_s1_p1_r6_a6_ac_full_l18_x906_y376_nucleiexp.tiff,8,11670,212632,2250901947
masks/20190619_p176_slide20_ac1_vz_s1_p1_r6_a6_ac_full_cropmask_l30_x1446_y772_sphere.tiff,8,3659,365836,2250913758
masks/20190710_p176_slide23_ac1_vz_s1_p1_r6_a6_ac_full_l10_x566_y1509_nucleiexp.tiff,8,7752,204208,2250917565
masks/20190708_p173_slide26_ac1_vz_s1_p4_r26_a26_ac_full_l1_x0_y0_nucleiexp.tiff,8,9385,158140,2250925459
masks/20190708_p173_slide26_ac1_vz_s1_p5_r69_a69_ac_full_l1_x3_y3_cyto.tiff,8,13268,168370,2250934982
masks/20190619_p176_slide20_ac1_vz_s1_p1_r6_a6_ac_full_l12_x525_y384_cyto.tiff,8,42112,389230,2250948383
masks/20190619_p176_slide20_ac1_vz_s1_p1_r6_a6_ac_full_l11_x637_y1874_cyto.tiff,8,5254,80644,2250990631
masks/20190620_p173_slide34_ac1_vz_s1_p1_r6_a6_ac_full_l3_x318_y293_cell.tiff,8,3811,68776,2250996022
masks/20190710_p173_slide36_ac1_vz_s1_p1_r13_a13_ac_full_cropmask_l3_x231_y214_sphere.tiff,8,1627,120156,2250999968
masks/20190710_p173_slide6_ac1_vz_s1_p1_r6_a6_ac_full_l10_x370_y131_nucleiexp.tiff,8,8988,170794,2251001743
masks/20190715_p173_slide22_ac1_vz_s1_p1_r20_a20_ac_full_l1_x0_y0_cyto.tiff,8,24441,322060,2251010871
masks/20190715_p173_slide22_ac1_vz_s1_p1_r24_a24_ac_full_cropmask_l2_x36_y128_sphere.tiff,8,2087,208538,2251035445
masks/20190715_p173_slide22_ac1_vz_s1_p1_r19_a19_ac_full_l1_x0_y0_nucleiexp.tiff,8,11162,203140,2251037679
masks/20190620_p176_slide27_ac1_vz_s1_p1_r18_a18_ac_full_l2_x48_y131_nucleiexp.tiff,8,7660,159388,2251048979
masks/20190709_p176_slide16_ac1_vz_s1_p1_r7_a7_ac_full_l33_x1589_y2307_nucleiexp.tiff,8,3154,87868,2251056780
masks/20190710_p176_slide23_ac1_vz_s1_p1_r6_a6_ac_full_l35_x1411_y1801_cell.tiff,8,5014,113756,2251060077
masks/20190620_p176_slide5_ac1_vz_s1_p1_r9_a9_ac_full_l1_x0_y0_cell.tiff,8,15427,206012,2251065229
masks/20190619_p173_slide8_ac1_vz_s1_p1_r4_a4_ac_full_cropmask_l1_x0_y0_sphere.tiff,8,2522,281220,2251080786
masks/20190619_p176_slide43_ac1_vz_s1_p1_r3_a3_ac_full_l1_x0_y0_cell.tiff,8,8423,131290,2251083449
masks/20190708_p173_slide26_ac1_vz_s1_p5_r77_a77_ac_full_cropmask_l1_x0_y424_sphere.tiff,8,1781,169342,2251092003
masks/20190710_p173_slide6_ac1_vz_s1_p1_r6_a6_ac_full_l14_x751_y1253_cell.tiff,8,21996,283312,2251093930
masks/20190708_p173_slide26_ac1_vz_s1_p4_r31_a31_ac_full_l5_x1011_y215_cyto.tiff,8,12605,168772,2251116062
masks/20190709_p176_slide11_ac1_vz_s1_p1_r15_a15_ac_full_cropmask_l5_x272_y1702_sphere.tiff,8,1533,122096,2251128805
masks/20190710_p176_slide23_ac1_vz_s1_p1_r6_a6_ac_full_l9_x596_y1265_nucleiexp.tiff,8,1464,27233,2251130487
masks/20190715_p176_slide14_ac1_vz_s1_p1_r4_a4_ac_full_cropmask_l11_x587_y884_sphere.tiff,8,2888,311468,2251132092
masks/20190715_p173_slide16_ac1_vz_s1_p2_r37_a37_ac_full_l13_x1127_y1299_cyto.tiff,8,4605,61828,2251135127
masks/20190620_p176_slide5_ac1_vz_s1_p1_r14_a14_ac_full_l2_x80_y448_nucleiexp.tiff,8,7116,142092,2251139872
masks/20190625_p173_slide10_ac1_vz_s1_p1_r18_a18_ac_full_cropmask_l9_x542_y250_sphere.tiff,8,2369,247060,2251147128
masks/20190620_p176_slide27_ac1_vz_s1_p1_r15_a15_ac_full_l1_x0_y361_cell.tiff,8,8846,122124,2251149645
masks/20190711_p176_slide2_ac1_vz_s1_p1_r1_a1_ac_full_l1_x0_y0_cell.tiff,8,4066,69064,2251158626
masks/20190710_p176_slide23_ac1_vz_s1_p1_r6_a6_ac_full_l9_x596_y1265_cell.tiff,8,1949,27233,2251162822
masks/20190709_p176_slide16_ac1_vz_s1_p1_r7_a7_ac_full_l12_x659_y1979_nucleiexp.tiff,8,9870,185648,2251164907
masks/20190619_p173_slide31_ac1_vz_s1_p1_r5_a5_ac_full_l1_x0_y0_cyto.tiff,8,6343,85042,2251174919
masks/20190625_p173_slide10_ac1_vz_s1_p1_r17_a17_ac_full_l5_x96_y426_cell.tiff,8,25553,348028,2251181393
masks/20190709_p176_slide11_ac1_vz_s1_p1_r15_a15_ac_full_l26_x1222_y1251_cell.tiff,8,21961,244544,2251207082
masks/20190619_p173_slide8_ac1_vz_s1_p1_r6_a6_ac_full_l2_x34_y674_cell.tiff,8,5464,83088,2251229183
masks/20190619_p176_slide20_ac1_vz_s1_p1_r6_a6_ac_full_cropmask_l36_x1813_y911_sphere.tiff,8,2576,224464,2251234780
masks/20190709_p176_slide11_ac1_vz_s1_p1_r15_a15_ac_full_l34_x2078_y602_cell.tiff,8,6253,111372,2251237504
masks/20190708_p173_slide26_ac1_vz_s1_p5_r71_a71_ac_full_l1_x0_y0_cyto.tiff,8,8414,129040,2251243896
masks/20190711_p176_slide2_ac1_vz_s1_p1_r4_a4_ac_full_l32768_x0_y0_cyto.tiff,8,2829,36848,2251252443
masks/20190621_p173_slide13_ac1_vz_s1_p1_r10_a10_ac_full_l4_x481_y124_nucleiexp.tiff,8,9670,157216,2251255406
masks/20190619_p176_slide43_ac1_vz_s1_p1_r3_a3_ac_full_cropmask_l1_x0_y0_sphere.tiff,8,1420,131290,2251265218
masks/20190709_p176_slide11_ac1_vz_s1_p1_r15_a15_ac_full_l30_x1464_y0_nucleiexp.tiff,8,11409,227968,2251266780
masks/20190708_p173_slide26_ac1_vz_s1_p4_r31_a31_ac_full_cropmask_l3_x602_y162_sphere.tiff,8,2529,259388,2251278331
masks/20190619_p176_slide20_ac1_vz_s1_p1_r6_a6_ac_full_l9_x370_y1125_cyto.tiff,8,25263,269644,2251281008
masks/20190619_p173_slide8_ac1_vz_s1_p1_r6_a6_ac_full_l1_x0_y819_cyto.tiff,8,21828,229618,2251306407
masks/20190625_p173_slide10_ac1_vz_s1_p1_r17_a17_ac_full_l7_x342_y145_cell.tiff,8,35166,453292,2251328367
masks/20190625_p173_slide10_ac1_vz_s1_p1_r17_a17_ac_full_l7_x342_y145_cyto.tiff,8,42539,453292,2251363670
masks/20190710_p176_slide23_ac1_vz_s1_p1_r6_a6_ac_full_l39_x1849_y1453_cyto.tiff,8,2062,28868,2251406346
masks/20190620_p173_slide19_ac1_vz_s1_p1_r19_a19_ac_full_l1_x0_y0_nucleiexp.tiff,8,26949,419200,2251408546
masks/20190710_p176_slide23_ac1_vz_s1_p1_r6_a6_ac_full_l28_x1319_y1058_cell.tiff,8,2454,30138,2251435633
masks/20190708_p173_slide26_ac1_vz_s1_p6_r53_a53_ac_full_l1_x0_y0_cell.tiff,8,20498,287844,2251438225
masks/20190709_p176_slide16_ac1_vz_s1_p1_r7_a7_ac_full_cropmask_l12_x659_y1979_sphere.tiff,8,2107,185648,2251458856
masks/20190709_p176_slide11_ac1_vz_s1_p1_r15_a15_ac_full_cropmask_l22_x1157_y84_sphere.tiff,8,1079,110236,2251461111
masks/20190619_p173_slide8_ac1_vz_s1_p1_r6_a6_ac_full_l7_x376_y127_cyto.tiff,8,10397,130788,2251462339
masks/20190621_p173_slide13_ac1_vz_s1_p1_r8_a8_ac_full_l2_x85_y426_cell.tiff,8,5597,95388,2251472870
masks/20190711_p173_slide28_ac1_vz_s1_p1_r13_a13_ac_full_l2_x289_y155_nucleiexp.tiff,8,4455,77668,2251478601
masks/20190709_p176_slide16_ac1_vz_s1_p1_r7_a7_ac_full_cropmask_l39_x1983_y684_sphere.tiff,8,2671,299084,2251483198
masks/20190709_p176_slide11_ac1_vz_s1_p1_r15_a15_ac_full_l4_x209_y1309_cell.tiff,8,22124,296700,2251486017
masks/20190709_p176_slide16_ac1_vz_s1_p1_r7_a7_ac_full_l21_x1004_y334_cyto.tiff,8,29688,318468,2251508279
masks/20190709_p176_slide16_ac1_vz_s1_p1_r7_a7_ac_full_cropmask_l16_x729_y1617_sphere.tiff,8,3251,322528,2251538104
masks/20190621_p173_slide4_ac1_vz_s1_p1_r10_a10_ac_full_l2_x47_y0_cyto.tiff,8,20813,215308,2251541503
masks/20190621_p176_slide36_ac1_vz_s1_p1_r7_a7_ac_full_l1_x0_y0_cyto.tiff,8,29348,268172,2251562449
masks/20190621_p173_slide13_ac1_vz_s1_p1_r8_a8_ac_full_cropmask_l10_x521_y1283_sphere.tiff,8,1978,230238,2251591928
masks/20190620_p176_slide27_ac1_vz_s1_p1_r15_a15_ac_full_l1_x0_y361_nucleiexp.tiff,8,6305,122124,2251594054
masks/20190620_p173_slide34_ac1_vz_s1_p1_r7_a7_ac_full_l1_x0_y0_nucleiexp.tiff,8,8056,155716,2251600499
masks/20190710_p176_slide23_ac1_vz_s1_p1_r6_a6_ac_full_cropmask_l4_x228_y723_sphere.tiff,8,825,66700,2251608691
masks/20190709_p173_slide2_ac1_vz_s1_p1_r11_a11_ac_full_l2_x197_y439_cyto.tiff,8,4015,68644,2251609662
masks/20190715_p173_slide16_ac1_vz_s1_p1_r12_a12_ac_full_l1_x0_y270_nucleiexp.tiff,8,21145,323836,2251613813
masks/20190715_p176_slide30_ac1_vz_s1_p1_r3_a3_ac_full_cropmask_l1_x0_y91_sphere.tiff,8,1658,142796,2251635098
masks/20190710_p173_slide6_ac1_vz_s1_p1_r6_a6_ac_full_l4_x146_y1043_nucleiexp.tiff,8,5680,99060,2251636899
masks/20190710_p176_slide23_ac1_vz_s1_p1_r6_a6_ac_full_l13_x681_y1816_cyto.tiff,8,25198,298992,2251642719
masks/20190708_p173_slide39_ac1_vz_s1_p1_r1_a1_ac_full_l1_x0_y0_nucleiexp.tiff,8,13846,246618,2251668054
masks/20190619_p176_slide20_ac1_vz_s1_p1_r6_a6_ac_full_l4_x79_y1647_cyto.tiff,8,15389,167884,2251682036
masks/20190711_p173_slide28_ac1_vz_s1_p1_r2_a2_ac_full_l1_x0_y2_cell.tiff,8,5566,90494,2251697560
masks/20190620_p176_slide27_ac1_vz_s1_p1_r22_a22_ac_full_l5_x888_y66_cell.tiff,8,6970,135976,2251703257
masks/20190711_p173_slide28_ac1_vz_s1_p1_r13_a13_ac_full_l7_x976_y166_cyto.tiff,8,24010,266590,2251710363
masks/20190620_p173_slide19_ac1_vz_s1_p1_r14_a14_ac_full_l1_x0_y0_cyto.tiff,8,15902,193084,2251734510
masks/20190715_p173_slide16_ac1_vz_s1_p1_r17_a17_ac_full_l9_x683_y0_cell.tiff,8,24752,323468,2251750545
masks/20190621_p176_slide36_ac1_vz_s1_p1_r9_a9_ac_full_l1_x40_y372_cyto.tiff,8,12019,142368,2251775432
masks/20190620_p173_slide19_ac1_vz_s1_p1_r12_a12_ac_full_l32768_x0_y0_cell.tiff,8,1572,45862,2251787585
masks/20190709_p176_slide11_ac1_vz_s1_p1_r15_a15_ac_full_l12_x568_y1232_cyto.tiff,8,29601,296716,2251789294
masks/20190708_p173_slide26_ac1_vz_s1_p4_r5_a5_ac_full_l1_x0_y122_nucleiexp.tiff,8,2524,70900,2251819034
masks/20190620_p176_slide27_ac1_vz_s1_p1_r18_a18_ac_full_l3_x198_y0_nucleiexp.tiff,8,4910,98388,2251821696
masks/20190621_p173_slide4_ac1_vz_s1_p1_r16_a16_ac_full_l1_x92_y213_nucleiexp.tiff,8,7125,149698,2251826746
masks/20190621_p173_slide13_ac1_vz_s1_p1_r8_a8_ac_full_cropmask_l3_x76_y629_sphere.tiff,8,2785,247700,2251834011
masks/20190709_p176_slide11_ac1_vz_s1_p1_r15_a15_ac_full_l35_x2063_y312_nucleiexp.tiff,8,10725,220266,2251836941
masks/20190710_p176_slide8_ac1_vz_s1_p1_r2_a2_ac_full_l1_x0_y0_nucleiexp.tiff,8,6442,150412,2251847810
masks/20190619_p176_slide20_ac1_vz_s1_p1_r6_a6_ac_full_l10_x510_y2087_cyto.tiff,8,26478,287384,2251854387
masks/20190715_p173_slide16_ac1_vz_s1_p2_r37_a37_ac_full_cropmask_l7_x421_y214_sphere.tiff,8,4363,443098,2251881002
masks/20190625_p173_slide10_ac1_vz_s1_p1_r4_a4_ac_full_l1_x12_y0_cell.tiff,8,2764,60292,2251885513
masks/20190708_p173_slide26_ac1_vz_s1_p4_r31_a31_ac_full_l3_x602_y162_cell.tiff,8,21886,259388,2251888409
masks/20190710_p173_slide6_ac1_vz_s1_p1_r6_a6_ac_full_l5_x151_y1219_cell.tiff,8,4679,69004,2251910432
masks/20190708_p173_slide26_ac1_vz_s1_p4_r15_a15_ac_full_l2_x0_y0_cyto.tiff,8,18263,184228,2251915246
masks/20190709_p176_slide16_ac1_vz_s1_p1_r7_a7_ac_full_l20_x1056_y3_cell.tiff,8,7706,136720,2251933642
masks/20190710_p176_slide23_ac1_vz_s1_p1_r6_a6_ac_full_cropmask_l46_x2253_y974_sphere.tiff,8,1448,160524,2251941483
masks/20190711_p176_slide2_ac1_vz_s1_p1_r5_a5_ac_full_l1_x0_y0_cyto.tiff,8,3937,45670,2251943079
masks/20190708_p173_slide26_ac1_vz_s1_p5_r68_a68_ac_full_l32768_x0_y0_nucleiexp.tiff,8,768,26210,2251947146
masks/20190709_p176_slide16_ac1_vz_s1_p1_r7_a7_ac_full_l17_x784_y440_cell.tiff,8,13177,187468,2251948056
masks/20190709_p176_slide16_ac1_vz_s1_p1_r7_a7_ac_full_l32_x1570_y63_nucleiexp.tiff,8,5228,129228,2251961369
masks/20190621_p173_slide13_ac1_vz_s1_p1_r8_a8_ac_full_l1_x0_y899_cell.tiff,8,16096,195124,2251966738
masks/20190619_p176_slide20_ac1_vz_s1_p1_r6_a6_ac_full_l38_x2028_y1199_cyto.tiff,8,4311,74694,2251982967
masks/20190708_p176_slide33_ac1_vz_s1_p1_r3_a3_ac_full_l1_x0_y40_nucleiexp.tiff,8,1811,33826,2251987416
masks/20190619_p176_slide20_ac1_vz_s1_p1_r6_a6_ac_full_cropmask_l22_x1024_y1436_sphere.tiff,8,2748,342178,2251989364
masks/20190710_p176_slide23_ac1_vz_s1_p1_r6_a6_ac_full_l33_x1450_y1120_cyto.tiff,8,23465,266556,2251992261
masks/20190708_p173_slide26_ac1_vz_s1_p4_r2_a2_ac_full_cropmask_l1_x1_y0_sphere.tiff,8,1118,114844,2252015864
masks/20190709_p176_slide11_ac1_vz_s1_p1_r15_a15_ac_full_l20_x877_y1090_cell.tiff,8,26343,327016,2252017124
masks/20190715_p176_slide14_ac1_vz_s1_p1_r4_a4_ac_full_l8_x539_y566_cell.tiff,8,5319,66432,2252043606
masks/20190619_p173_slide8_ac1_vz_s1_p1_r6_a6_ac_full_l3_x93_y1195_nucleiexp.tiff,8,7651,157448,2252049060
masks/20190711_p173_slide28_ac1_vz_s1_p1_r8_a8_ac_full_l3_x254_y137_nucleiexp.tiff,8,12287,191628,2252056850
masks/20190620_p173_slide19_ac1_vz_s1_p1_r2_a2_ac_full_l1_x0_y0_cyto.tiff,8,12163,136846,2252069277
masks/20190620_p173_slide19_ac1_vz_s1_p1_r22_a22_ac_full_l11_x726_y102_nucleiexp.tiff,8,5729,116668,2252081571
masks/20190620_p173_slide19_ac1_vz_s1_p1_r22_a22_ac_full_cropmask_l10_x625_y22_sphere.tiff,8,1208,70988,2252087443
masks/20190715_p173_slide16_ac1_vz_s1_p1_r17_a17_ac_full_l1_x20_y52_cell.tiff,8,7625,130380,2252088799
masks/20190715_p173_slide16_ac1_vz_s1_p1_r9_a9_ac_full_l1_x17_y0_cyto.tiff,8,5363,86830,2252096559
masks/20190715_p176_slide30_ac1_vz_s1_p1_r9_a9_ac_full_l1_x0_y0_cyto.tiff,8,58702,581302,2252102054
masks/20190710_p176_slide8_ac1_vz_s1_p1_r14_a14_ac_full_l9_x694_y745_cell.tiff,8,18965,240988,2252160887
masks/20190715_p173_slide22_ac1_vz_s1_p1_r24_a24_ac_full_l3_x113_y408_nucleiexp.tiff,8,27830,453220,2252179988
masks/20190621_p173_slide4_ac1_vz_s1_p1_r10_a10_ac_full_l1_x0_y295_nucleiexp.tiff,8,15349,266608,2252207960
masks/20190715_p176_slide14_ac1_vz_s1_p1_r4_a4_ac_full_l15_x748_y1538_cell.tiff,8,31317,340520,2252223448
masks/20190620_p176_slide27_ac1_vz_s1_p1_r18_a18_ac_full_l3_x198_y0_cyto.tiff,8,8739,98388,2252254902
masks/20190715_p173_slide16_ac1_vz_s1_p1_r17_a17_ac_full_cropmask_l2_x0_y293_sphere.tiff,8,2060,195830,2252263776
masks/20190715_p176_slide14_ac1_vz_s1_p1_r4_a4_ac_full_cropmask_l24_x1247_y2221_sphere.tiff,8,2077,204116,2252265982
masks/20190710_p176_slide23_ac1_vz_s1_p1_r6_a6_ac_full_l6_x436_y1713_nucleiexp.tiff,8,2374,69452,2252268208
masks/20190715_p176_slide30_ac1_vz_s1_p1_r17_a17_ac_full_l32768_x0_y0_cell.tiff,8,1004,37448,2252270723
masks/20190711_p173_slide28_ac1_vz_s1_p1_r5_a5_ac_full_l1_x0_y8_cyto.tiff,8,7453,103844,2252271864
masks/20190715_p173_slide16_ac1_vz_s1_p1_r6_a6_ac_full_cropmask_l1_x0_y0_sphere.tiff,8,3098,474574,2252279448
masks/20190715_p173_slide16_ac1_vz_s1_p2_r21_a21_ac_full_l1_x0_y33_cell.tiff,8,18543,215434,2252282688
masks/20190621_p176_slide36_ac1_vz_s1_p1_r2_a2_ac_full_l1_x2_y0_cyto.tiff,8,40467,414268,2252301365
masks/20190625_p173_slide10_ac1_vz_s1_p1_r12_a12_ac_full_cropmask_l2_x93_y0_sphere.tiff,8,1021,62488,2252341963
masks/20190708_p173_slide26_ac1_vz_s1_p5_r78_a78_ac_full_l3_x393_y45_cyto.tiff,8,12396,148934,2252343129
masks/20190625_p173_slide10_ac1_vz_s1_p1_r12_a12_ac_full_l1_x0_y122_nucleiexp.tiff,8,12787,217756,2252355661
masks/20190715_p176_slide14_ac1_vz_s1_p1_r4_a4_ac_full_l15_x748_y1538_cyto.tiff,8,38573,340520,2252368588
masks/20190620_p173_slide34_ac1_vz_s1_p1_r7_a7_ac_full_cropmask_l1_x0_y0_sphere.tiff,8,1459,155716,2252407298
masks/20190710_p173_slide6_ac1_vz_s1_p1_r6_a6_ac_full_cropmask_l12_x570_y1408_sphere.tiff,8,2472,213432,2252408899
masks/20190715_p173_slide16_ac1_vz_s1_p1_r5_a5_ac_full_l1_x0_y0_cell.tiff,8,20995,280624,2252411518
masks/20190708_p173_slide26_ac1_vz_s1_p4_r31_a31_ac_full_l1_x0_y91_cyto.tiff,8,12408,149812,2252432644
masks/20190710_p176_slide8_ac1_vz_s1_p1_r7_a7_ac_full_cropmask_l1_x0_y0_sphere.tiff,8,1615,179664,2252445186
masks/20190715_p176_slide14_ac1_vz_s1_p1_r4_a4_ac_full_l7_x488_y399_cyto.tiff,8,20220,236172,2252446942
masks/20190620_p176_slide27_ac1_vz_s1_p1_r15_a15_ac_full_l2_x31_y0_nucleiexp.tiff,8,16371,281500,2252467297
masks/20190715_p173_slide16_ac1_vz_s1_p2_r22_a22_ac_full_l1_x0_y0_nucleiexp.tiff,8,3529,84136,2252483807
masks/20190708_p173_slide26_ac1_vz_s1_p4_r17_a17_ac_full_l1_x0_y0_cell.tiff,8,6666,131974,2252487474
masks/20190715_p173_slide16_ac1_vz_s1_p2_r37_a37_ac_full_l10_x790_y744_cyto.tiff,8,13761,181618,2252494273
masks/20190709_p173_slide2_ac1_vz_s1_p1_r11_a11_ac_full_l1_x0_y0_cyto.tiff,8,13123,163060,2252508172
masks/20190715_p173_slide22_ac1_vz_s1_p1_r18_a18_ac_full_l1_x0_y166_nucleiexp.tiff,8,5983,127468,2252521427
masks/20190619_p173_slide8_ac1_vz_s1_p1_r6_a6_ac_full_l10_x323_y1211_nucleiexp.tiff,8,21850,382936,2252527550
masks/20190710_p176_slide23_ac1_vz_s1_p1_r6_a6_ac_full_l17_x968_y1692_nucleiexp.tiff,8,1888,53588,2252549541
masks/20190619_p176_slide20_ac1_vz_s1_p1_r6_a6_ac_full_cropmask_l32_x1537_y493_sphere.tiff,8,2820,230728,2252551571
masks/20190710_p176_slide8_ac1_vz_s1_p1_r14_a14_ac_full_cropmask_l13_x1133_y0_sphere.tiff,8,1990,206858,2252554539
masks/20190708_p173_slide26_ac1_vz_s1_p4_r31_a31_ac_full_l2_x232_y0_cyto.tiff,8,28245,307016,2252556676
masks/20190620_p173_slide19_ac1_vz_s1_p1_r6_a6_ac_full_l1_x0_y0_cell.tiff,8,21184,292108,2252585056
masks/20190715_p173_slide22_ac1_vz_s1_p1_r18_a18_ac_full_l1_x0_y166_cell.tiff,8,8240,127468,2252606371
masks/20190715_p173_slide16_ac1_vz_s1_p1_r8_a8_ac_full_l4_x39_y328_nucleiexp.tiff,8,12242,209292,2252614746
masks/20190620_p173_slide19_ac1_vz_s1_p1_r22_a22_ac_full_l12_x743_y981_cyto.tiff,8,17439,209152,2252627127
masks/20190625_p173_slide10_ac1_vz_s1_p1_r18_a18_ac_full_l2_x261_y260_cyto.tiff,8,17263,168418,2252644704
masks/20190709_p176_slide16_ac1_vz_s1_p1_r7_a7_ac_full_l7_x326_y2018_nucleiexp.tiff,8,18328,309688,2252662104
masks/20190619_p176_slide20_ac1_vz_s1_p1_r6_a6_ac_full_l21_x1121_y1969_cell.tiff,8,11692,150550,2252680573
masks/20190709_p176_slide11_ac1_vz_s1_p1_r15_a15_ac_full_l35_x2063_y312_cyto.tiff,8,18724,220266,2252692403
masks/20190619_p176_slide20_ac1_vz_s1_p1_r6_a6_ac_full_l11_x637_y1874_nucleiexp.tiff,8,3058,80644,2252711266
masks/20190619_p176_slide20_ac1_vz_s1_p1_r6_a6_ac_full_l24_x1226_y1808_nucleiexp.tiff,8,2974,84364,2252714466
masks/20190708_p176_slide33_ac1_vz_s1_p1_r16_a16_ac_full_cropmask_l6_x412_y338_sphere.tiff,8,5201,550408,2252717583
masks/20190709_p173_slide2_ac1_vz_s1_p1_r9_a9_ac_full_l32768_x0_y0_cyto.tiff,8,5957,131212,2252722932
masks/20190620_p173_slide19_ac1_vz_s1_p1_r22_a22_ac_full_l3_x166_y1098_cyto.tiff,8,1551,20139,2252729023
masks/20190625_p173_slide10_ac1_vz_s1_p1_r12_a12_ac_full_l2_x93_y0_cell.tiff,8,4090,62488,2252730712
masks/20190620_p173_slide34_ac1_vz_s1_p1_r3_a3_ac_full_cropmask_l1_x0_y0_sphere.tiff,8,1453,161508,2252734936
masks/20190715_p176_slide30_ac1_vz_s1_p1_r11_a11_ac_full_l1_x0_y0_nucleiexp.tiff,8,2615,55380,2252736531
masks/20190625_p173_slide10_ac1_vz_s1_p1_r9_a9_ac_full_l2_x111_y191_nucleiexp.tiff,8,4534,92288,2252739284
masks/20190620_p173_slide19_ac1_vz_s1_p1_r22_a22_ac_full_cropmask_l18_x1396_y495_sphere.tiff,8,2091,240388,2252743958
masks/20190715_p173_slide16_ac1_vz_s1_p2_r21_a21_ac_full_cropmask_l3_x278_y109_sphere.tiff,8,495,16467,2252746199
masks/20190621_p173_slide13_ac1_vz_s1_p1_r8_a8_ac_full_l9_x463_y460_nucleiexp.tiff,8,24011,461512,2252746842
masks/20190715_p173_slide16_ac1_vz_s1_p1_r17_a17_ac_full_cropmask_l6_x506_y628_sphere.tiff,8,1176,69064,2252770993
masks/20190710_p176_slide8_ac1_vz_s1_p1_r14_a14_ac_full_l8_x663_y276_cell.tiff,8,6757,124224,2252772317
masks/20190709_p176_slide11_ac1_vz_s1_p1_r15_a15_ac_full_l6_x345_y676_cell.tiff,8,11032,190300,2252779210
masks/20190619_p173_slide8_ac1_vz_s1_p1_r6_a6_ac_full_l12_x616_y997_cell.tiff,8,26730,358792,2252790379
masks/20190621_p173_slide13_ac1_vz_s1_p1_r1_a1_ac_full_l1_x0_y1_nucleiexp.tiff,8,10284,199036,2252817244
masks/20190620_p176_slide27_ac1_vz_s1_p1_r9_a9_ac_full_l32768_x0_y0_nucleiexp.tiff,8,1680,63980,2252827664
masks/20190621_p173_slide13_ac1_vz_s1_p1_r17_a17_ac_full_l8_x776_y314_cyto.tiff,8,32293,335890,2252829484
masks/20190709_p176_slide11_ac1_vz_s1_p1_r15_a15_ac_full_l8_x513_y962_cyto.tiff,8,6249,66968,2252861914
masks/20190621_p176_slide36_ac1_vz_s1_p1_r6_a6_ac_full_l1_x0_y5_nucleiexp.tiff,8,3708,87430,2252868300
masks/20190715_p176_slide30_ac1_vz_s1_p1_r16_a16_ac_full_l9_x1079_y1360_cyto.tiff,8,1180,15883,2252872144
masks/20190619_p173_slide8_ac1_vz_s1_p1_r4_a4_ac_full_l1_x0_y0_cell.tiff,8,19729,281220,2252873463
masks/20190709_p176_slide16_ac1_vz_s1_p1_r7_a7_ac_full_l17_x784_y440_nucleiexp.tiff,8,9547,187468,2252893322
masks/20190619_p173_slide8_ac1_vz_s1_p1_r6_a6_ac_full_l4_x194_y578_cell.tiff,8,5697,101418,2252903010
masks/20190710_p176_slide8_ac1_vz_s1_p1_r14_a14_ac_full_l12_x915_y208_cyto.tiff,8,15891,183880,2252908841
masks/20190619_p176_slide20_ac1_vz_s1_p1_r6_a6_ac_full_l3_x82_y1305_cell.tiff,8,17386,246444,2252924869
masks/20190708_p173_slide26_ac1_vz_s1_p4_r23_a23_ac_full_cropmask_l1_x0_y0_sphere.tiff,8,980,68326,2252942390
masks/20190715_p173_slide16_ac1_vz_s1_p1_r17_a17_ac_full_l7_x434_y229_cell.tiff,8,29973,364018,2252943514
masks/20190710_p173_slide6_ac1_vz_s1_p1_r6_a6_ac_full_l11_x416_y499_cell.tiff,8,20885,266608,2252973624
masks/20190715_p176_slide30_ac1_vz_s1_p1_r9_a9_ac_full_l1_x0_y0_cell.tiff,8,48233,581302,2252994644
masks/20190710_p176_slide23_ac1_vz_s1_p1_r6_a6_ac_full_l18_x926_y94_cyto.tiff,8,16938,209152,2253043008
masks/20190709_p173_slide2_ac1_vz_s1_p1_r7_a7_ac_full_l1_x0_y0_cell.tiff,8,11213,145676,2253060081
masks/20190620_p176_slide27_ac1_vz_s1_p1_r22_a22_ac_full_cropmask_l4_x613_y188_sphere.tiff,8,2986,314188,2253071424
masks/20190623_p176_slide14_ac1_vz_s1_p1_r5_a5_ac_full_l1_x9_y0_cyto.tiff,8,3639,46360,2253074558
masks/20190625_p173_slide10_ac1_vz_s1_p1_r18_a18_ac_full_l3_x256_y524_nucleiexp.tiff,8,10896,183118,2253078328
masks/20190620_p176_slide5_ac1_vz_s1_p1_r4_a4_ac_full_l1_x0_y2_cell.tiff,8,4145,68668,2253089366
masks/20190715_p173_slide22_ac1_vz_s1_p1_r19_a19_ac_full_l1_x0_y0_cell.tiff,8,15247,203140,2253093641
masks/20190710_p176_slide23_ac1_vz_s1_p1_r6_a6_ac_full_l41_x1728_y683_cyto.tiff,8,34993,371408,2253109021
masks/20190715_p176_slide14_ac1_vz_s1_p1_r4_a4_ac_full_cropmask_l23_x1069_y1417_sphere.tiff,8,3905,387980,2253144151
masks/20190619_p176_slide20_ac1_vz_s1_p1_r6_a6_ac_full_l39_x2000_y218_cyto.tiff,8,20612,234068,2253148205
masks/20190711_p173_slide28_ac1_vz_s1_p1_r8_a8_ac_full_cropmask_l4_x454_y0_sphere.tiff,8,380,11554,2253168954
masks/20190715_p173_slide16_ac1_vz_s1_p1_r17_a17_ac_full_cropmask_l11_x1051_y52_sphere.tiff,8,2615,418228,2253169478
masks/20190710_p176_slide8_ac1_vz_s1_p1_r14_a14_ac_full_l8_x663_y276_cyto.tiff,8,8331,124224,2253172242
masks/20190708_p173_slide26_ac1_vz_s1_p5_r77_a77_ac_full_l4_x121_y0_cyto.tiff,8,13968,162808,2253180709
masks/20190715_p173_slide16_ac1_vz_s1_p2_r37_a37_ac_full_l15_x1094_y983_nucleiexp.tiff,8,10166,179386,2253194812
masks/20190620_p176_slide27_ac1_vz_s1_p1_r22_a22_ac_full_l2_x245_y364_cell.tiff,8,34168,392764,2253205122
masks/20190708_p173_slide26_ac1_vz_s1_p4_r25_a25_ac_full_l1_x0_y0_nucleiexp.tiff,8,5488,135964,2253239427
masks/20190619_p176_slide20_ac1_vz_s1_p1_r6_a6_ac_full_l7_x376_y262_cell.tiff,8,5879,103560,2253245053
masks/20190715_p173_slide16_ac1_vz_s1_p2_r21_a21_ac_full_l1_x0_y33_cyto.tiff,8,22258,215434,2253251067
masks/20190620_p176_slide27_ac1_vz_s1_p1_r15_a15_ac_full_l3_x209_y423_cell.tiff,8,21325,258328,2253273459
masks/20190619_p176_slide43_ac1_vz_s1_p1_r4_a4_ac_full_l1_x0_y5_nucleiexp.tiff,8,11748,239250,2253294921
masks/20190708_p173_slide26_ac1_vz_s1_p5_r78_a78_ac_full_cropmask_l1_x0_y772_sphere.tiff,8,1502,142942,2253306805
masks/20190621_p176_slide36_ac1_vz_s1_p1_r4_a4_ac_full_l1_x0_y0_cell.tiff,8,29986,368108,2253308453
masks/20190708_p173_slide26_ac1_vz_s1_p5_r78_a78_ac_full_cropmask_l4_x405_y266_sphere.tiff,8,2770,318670,2253338570
masks/20190620_p173_slide19_ac1_vz_s1_p1_r10_a10_ac_full_cropmask_l1_x0_y0_sphere.tiff,8,755,45250,2253341488
masks/20190620_p173_slide19_ac1_vz_s1_p1_r9_a9_ac_full_l3_x131_y0_nucleiexp.tiff,8,14296,220666,2253342387
masks/20190619_p173_slide8_ac1_vz_s1_p1_r6_a6_ac_full_l17_x1096_y11_cell.tiff,8,9812,147272,2253356821
masks/20190619_p176_slide20_ac1_vz_s1_p1_r6_a6_ac_full_l14_x723_y1220_cell.tiff,8,10714,168436,2253366768
masks/20190621_p176_slide36_ac1_vz_s1_p1_r9_a9_ac_full_l2_x0_y0_cyto.tiff,8,32097,337822,2253377619
masks/20190620_p176_slide27_ac1_vz_s1_p1_r6_a6_ac_full_l1_x0_y7_cell.tiff,8,10592,173868,2253409847
masks/20190708_p173_slide26_ac1_vz_s1_p5_r67_a67_ac_full_l1_x0_y0_nucleiexp.tiff,8,10205,173108,2253420570
masks/20190708_p173_slide26_ac1_vz_s1_p6_r46_a46_ac_full_l2_x63_y280_nucleiexp.tiff,8,2928,72668,2253430913
masks/20190711_p173_slide28_ac1_vz_s1_p1_r13_a13_ac_full_l3_x282_y286_cell.tiff,8,10915,142288,2253433982
masks/20190620_p173_slide34_ac1_vz_s1_p1_r8_a8_ac_full_cropmask_l1_x18_y0_sphere.tiff,8,1305,100876,2253445034
masks/20190708_p173_slide26_ac1_vz_s1_p4_r21_a21_ac_full_cropmask_l32768_x0_y0_sphere.tiff,8,198,18753,2253446482
masks/20190709_p176_slide16_ac1_vz_s1_p1_r7_a7_ac_full_l11_x552_y964_nucleiexp.tiff,8,20620,321628,2253446828
masks/20190619_p173_slide31_ac1_vz_s1_p1_r14_a14_ac_full_l1_x0_y127_cell.tiff,8,26944,313562,2253467589
masks/20190709_p176_slide16_ac1_vz_s1_p1_r7_a7_ac_full_cropmask_l35_x1687_y1190_sphere.tiff,8,2027,176626,2253494668
masks/20190710_p173_slide6_ac1_vz_s1_p1_r1_a1_ac_full_l1_x16_y0_cell.tiff,8,6198,124660,2253496844
masks/20190715_p173_slide16_ac1_vz_s1_p2_r37_a37_ac_full_l6_x404_y925_nucleiexp.tiff,8,8580,174988,2253503173
masks/20190715_p176_slide30_ac1_vz_s1_p1_r16_a16_ac_full_l4_x252_y865_cyto.tiff,8,36528,388264,2253511895
masks/20190709_p176_slide11_ac1_vz_s1_p1_r16_a16_ac_full_l32768_x0_y0_cyto.tiff,8,2291,38878,2253548560
masks/20190715_p176_slide14_ac1_vz_s1_p1_r4_a4_ac_full_cropmask_l29_x1463_y685_sphere.tiff,8,2655,377788,2253550988
masks/20190710_p176_slide23_ac1_vz_s1_p1_r6_a6_ac_full_l20_x1032_y547_cell.tiff,8,1806,49954,2253553791
masks/20190715_p176_slide14_ac1_vz_s1_p1_r4_a4_ac_full_l32_x1685_y235_cyto.tiff,8,7341,97918,2253555734
masks/20190620_p173_slide19_ac1_vz_s1_p1_r19_a19_ac_full_l1_x0_y0_cell.tiff,8,36010,419200,2253563212
masks/20190715_p173_slide16_ac1_vz_s1_p2_r30_a30_ac_full_l1_x0_y301_cell.tiff,8,33239,428206,2253599355
masks/20190715_p176_slide30_ac1_vz_s1_p1_r16_a16_ac_full_l8_x706_y974_cyto.tiff,8,40791,463588,2253632729
masks/20190619_p176_slide20_ac1_vz_s1_p1_r6_a6_ac_full_l7_x376_y262_cyto.tiff,8,7310,103560,2253673657
masks/20190621_p173_slide4_ac1_vz_s1_p1_r5_a5_ac_full_l1_x0_y0_cell.tiff,8,12891,163660,2253681102
masks/20190709_p176_slide16_ac1_vz_s1_p1_r7_a7_ac_full_cropmask_l29_x1412_y448_sphere.tiff,8,2300,213472,2253694123
masks/20190619_p173_slide8_ac1_vz_s1_p1_r6_a6_ac_full_l16_x1051_y479_cyto.tiff,8,13007,184948,2253696571
masks/20190625_p173_slide10_ac1_vz_s1_p1_r17_a17_ac_full_l6_x214_y795_cell.tiff,8,6724,119806,2253709714
masks/20190708_p173_slide26_ac1_vz_s1_p6_r54_a54_ac_full_cropmask_l32768_x0_y0_sphere.tiff,8,270,90178,2253716575
masks/20190625_p173_slide10_ac1_vz_s1_p1_r9_a9_ac_full_cropmask_l3_x238_y0_sphere.tiff,8,1772,144308,2253716993
masks/20190711_p176_slide2_ac1_vz_s1_p1_r1_a1_ac_full_cropmask_l1_x0_y0_sphere.tiff,8,884,69064,2253718909
masks/20190709_p176_slide16_ac1_vz_s1_p1_r7_a7_ac_full_l9_x421_y508_cyto.tiff,8,33109,345544,2253719934
masks/20190710_p176_slide23_ac1_vz_s1_p1_r6_a6_ac_full_l3_x246_y862_cyto.tiff,8,3025,58018,2253753178
masks/20190715_p173_slide16_ac1_vz_s1_p1_r7_a7_ac_full_l1_x0_y0_nucleiexp.tiff,8,13058,219872,2253756338
masks/20190708_p173_slide26_ac1_vz_s1_p6_r35_a35_ac_full_l1_x0_y0_nucleiexp.tiff,8,5851,111652,2253769532
masks/20190715_p176_slide14_ac1_vz_s1_p1_r4_a4_ac_full_l31_x1707_y59_nucleiexp.tiff,8,2321,66008,2253775521
masks/20190620_p173_slide19_ac1_vz_s1_p1_r22_a22_ac_full_l13_x747_y683_cell.tiff,8,22666,272578,2253777983
masks/20190621_p176_slide36_ac1_vz_s1_p1_r9_a9_ac_full_l2_x0_y0_nucleiexp.tiff,8,19604,337822,2253800787
masks/20190710_p176_slide23_ac1_vz_s1_p1_r6_a6_ac_full_l44_x2021_y587_cell.tiff,8,7255,117660,2253820527
masks/20190710_p176_slide23_ac1_vz_s1_p1_r6_a6_ac_full_l9_x596_y1265_cyto.tiff,8,2327,27233,2253827919
masks/20190625_p173_slide10_ac1_vz_s1_p1_r17_a17_ac_full_l2_x37_y0_cell.tiff,8,1179,22835,2253830382
masks/20190708_p173_slide26_ac1_vz_s1_p6_r49_a49_ac_full_l1_x0_y0_cyto.tiff,8,41131,425472,2253831695
masks/20190708_p173_slide26_ac1_vz_s1_p6_r33_a33_ac_full_l1_x0_y0_cell.tiff,8,1697,36130,2253872959
masks/20190708_p173_slide26_ac1_vz_s1_p6_r63_a63_ac_full_l3_x371_y303_cyto.tiff,8,3490,58508,2253874789
masks/20190620_p173_slide34_ac1_vz_s1_p1_r6_a6_ac_full_cropmask_l1_x50_y483_sphere.tiff,8,1090,74932,2253878416
masks/20190625_p173_slide10_ac1_vz_s1_p1_r5_a5_ac_full_l32768_x0_y0_nucleiexp.tiff,8,897,44372,2253879651
masks/20190619_p176_slide20_ac1_vz_s1_p1_r6_a6_ac_full_l39_x2000_y218_nucleiexp.tiff,8,12252,234068,2253880688
masks/20190619_p173_slide31_ac1_vz_s1_p1_r7_a7_ac_full_l1_x2_y0_nucleiexp.tiff,8,9200,183418,2253893082
masks/20190711_p173_slide28_ac1_vz_s1_p1_r6_a6_ac_full_cropmask_l1_x4_y5_sphere.tiff,8,1440,146908,2253902418
masks/20190620_p176_slide27_ac1_vz_s1_p1_r22_a22_ac_full_l3_x377_y13_cell.tiff,8,23019,292876,2253904000
masks/20190708_p173_slide26_ac1_vz_s1_p6_r53_a53_ac_full_l1_x0_y0_cyto.tiff,8,24898,287844,2253927155
masks/20190619_p176_slide20_ac1_vz_s1_p1_r6_a6_ac_full_cropmask_l10_x510_y2087_sphere.tiff,8,2389,287384,2253952186
masks/20190709_p176_slide11_ac1_vz_s1_p1_r15_a15_ac_full_l24_x1146_y730_nucleiexp.tiff,8,14100,252858,2253954723
masks/20190710_p173_slide6_ac1_vz_s1_p1_r6_a6_ac_full_l6_x250_y1129_nucleiexp.tiff,8,2799,54304,2253968967
masks/20190715_p173_slide22_ac1_vz_s1_p1_r27_a27_ac_full_l1_x41_y220_cell.tiff,8,3177,63838,2253971906
masks/20190709_p176_slide11_ac1_vz_s1_p1_r15_a15_ac_full_l26_x1222_y1251_nucleiexp.tiff,8,16241,244544,2253975219
masks/20190709_p176_slide16_ac1_vz_s1_p1_r7_a7_ac_full_cropmask_l43_x2301_y814_sphere.tiff,8,2057,280756,2253991605
masks/20190709_p176_slide16_ac1_vz_s1_p1_r7_a7_ac_full_l29_x1412_y448_cyto.tiff,8,21716,213472,2253993810
masks/20190619_p176_slide20_ac1_vz_s1_p1_r6_a6_ac_full_cropmask_l29_x1495_y279_sphere.tiff,8,1644,136992,2254015663
masks/20190709_p176_slide16_ac1_vz_s1_p1_r7_a7_ac_full_l13_x622_y2246_cyto.tiff,8,26455,273780,2254017455
masks/20190710_p173_slide6_ac1_vz_s1_p1_r6_a6_ac_full_l7_x217_y829_cell.tiff,8,12314,168370,2254044047
masks/20190715_p176_slide14_ac1_vz_s1_p1_r4_a4_ac_full_l34_x1717_y1102_cell.tiff,8,16398,216208,2254056495
masks/20190708_p173_slide26_ac1_vz_s1_p6_r63_a63_ac_full_cropmask_l1_x0_y185_sphere.tiff,8,1737,150388,2254073031
masks/20190709_p176_slide47_ac1_vz_s1_p1_r1_a1_ac_full_l2_x5_y0_nucleiexp.tiff,8,2067,48020,2254074914
masks/20190710_p176_slide23_ac1_vz_s1_p1_r6_a6_ac_full_cropmask_l6_x436_y1713_sphere.tiff,8,1023,69452,2254077117
masks/20190619_p176_slide20_ac1_vz_s1_p1_r6_a6_ac_full_l13_x615_y862_cyto.tiff,8,32110,311524,2254078287
masks/20190709_p176_slide47_ac1_vz_s1_p1_r3_a3_ac_full_l1_x0_y0_nucleiexp.tiff,8,8084,164212,2254110533
masks/20190709_p176_slide11_ac1_vz_s1_p1_r15_a15_ac_full_l11_x555_y1863_cyto.tiff,8,14856,163212,2254118753
masks/20190715_p173_slide16_ac1_vz_s1_p2_r34_a34_ac_full_l1_x34_y48_cyto.tiff,8,40207,450970,2254133748
masks/20190620_p173_slide19_ac1_vz_s1_p1_r11_a11_ac_full_l1_x0_y0_nucleiexp.tiff,8,4552,87068,2254174090
masks/20190710_p176_slide8_ac1_vz_s1_p1_r14_a14_ac_full_l6_x393_y620_cell.tiff,8,14682,224206,2254178780
masks/20190709_p176_slide16_ac1_vz_s1_p1_r7_a7_ac_full_l23_x1043_y1491_cyto.tiff,8,41245,389100,2254193598
masks/20190619_p173_slide8_ac1_vz_s1_p1_r6_a6_ac_full_cropmask_l10_x323_y1211_sphere.tiff,8,3861,382936,2254234981
masks/20190708_p173_slide26_ac1_vz_s1_p4_r1_a1_ac_full_l1_x0_y0_cell.tiff,8,3248,58728,2254238989
masks/20190625_p173_slide10_ac1_vz_s1_p1_r9_a9_ac_full_l3_x238_y0_nucleiexp.tiff,8,7513,144308,2254242368
masks/20190715_p173_slide16_ac1_vz_s1_p2_r30_a30_ac_full_l2_x134_y0_cell.tiff,8,18436,241720,2254250019
masks/20190621_p173_slide13_ac1_vz_s1_p1_r4_a4_ac_full_l2_x101_y34_cyto.tiff,8,6788,75508,2254268590
masks/20190711_p173_slide28_ac1_vz_s1_p1_r2_a2_ac_full_l1_x0_y2_nucleiexp.tiff,8,3910,90494,2254275512
masks/20190619_p176_slide20_ac1_vz_s1_p1_r6_a6_ac_full_l8_x332_y1481_cell.tiff,8,30253,366948,2254279558
masks/20190715_p173_slide16_ac1_vz_s1_p2_r27_a27_ac_full_l2_x70_y205_nucleiexp.tiff,8,2658,49868,2254309947
masks/20190708_p176_slide33_ac1_vz_s1_p1_r16_a16_ac_full_l4_x162_y876_nucleiexp.tiff,8,13084,236004,2254312746
masks/20190709_p176_slide11_ac1_vz_s1_p1_r15_a15_ac_full_l28_x1386_y985_nucleiexp.tiff,8,22197,380388,2254325972
masks/20190619_p173_slide31_ac1_vz_s1_p1_r11_a11_ac_full_l1_x0_y0_cyto.tiff,8,13553,152056,2254348313
masks/20190709_p176_slide11_ac1_vz_s1_p1_r15_a15_ac_full_cropmask_l30_x1464_y0_sphere.tiff,8,2183,227968,2254361999
masks/20190715_p176_slide14_ac1_vz_s1_p1_r4_a4_ac_full_l19_x1043_y1258_nucleiexp.tiff,8,4408,102412,2254364330
masks/20190620_p173_slide19_ac1_vz_s1_p1_r9_a9_ac_full_l4_x311_y257_cell.tiff,8,25953,291172,2254368881
masks/20190710_p176_slide23_ac1_vz_s1_p1_r6_a6_ac_full_l34_x1426_y715_cell.tiff,8,25404,316100,2254394969
masks/20190709_p176_slide11_ac1_vz_s1_p1_r15_a15_ac_full_cropmask_l1_x0_y1215_sphere.tiff,8,1642,156768,2254420510
masks/20190710_p176_slide8_ac1_vz_s1_p1_r14_a14_ac_full_l1_x22_y568_nucleiexp.tiff,8,1796,55974,2254422299
masks/20190625_p173_slide10_ac1_vz_s1_p1_r17_a17_ac_full_l1_x0_y362_nucleiexp.tiff,8,2389,61446,2254424235
masks/20190715_p176_slide30_ac1_vz_s1_p1_r16_a16_ac_full_l9_x1079_y1360_cell.tiff,8,986,15883,2254426764
masks/20190709_p176_slide11_ac1_vz_s1_p1_r15_a15_ac_full_l32_x1772_y838_nucleiexp.tiff,8,5212,124172,2254427889
masks/20190625_p173_slide10_ac1_vz_s1_p1_r17_a17_ac_full_l3_x113_y49_nucleiexp.tiff,8,413,12336,2254433245
masks/20190709_p176_slide11_ac1_vz_s1_p1_r15_a15_ac_full_l35_x2063_y312_cell.tiff,8,15828,220266,2254433799
masks/20190708_p176_slide33_ac1_vz_s1_p1_r6_a6_ac_full_l1_x0_y0_cell.tiff,8,22953,286492,2254449766
masks/20190715_p173_slide22_ac1_vz_s1_p1_r13_a13_ac_full_l2_x209_y185_nucleiexp.tiff,8,7145,122600,2254472850
masks/20190715_p173_slide16_ac1_vz_s1_p2_r21_a21_ac_full_cropmask_l5_x272_y0_sphere.tiff,8,1005,63256,2254480137
masks/20190709_p176_slide11_ac1_vz_s1_p1_r15_a15_ac_full_cropmask_l35_x2063_y312_sphere.tiff,8,1975,220266,2254481288
masks/20190708_p173_slide26_ac1_vz_s1_p4_r18_a18_ac_full_cropmask_l2_x0_y0_sphere.tiff,8,2448,209048,2254483413
masks/20190625_p173_slide10_ac1_vz_s1_p1_r9_a9_ac_full_l2_x111_y191_cyto.tiff,8,7661,92288,2254486005
masks/20190715_p173_slide16_ac1_vz_s1_p2_r21_a21_ac_full_l2_x175_y26_cyto.tiff,8,2068,24544,2254493801
masks/20190709_p176_slide16_ac1_vz_s1_p1_r7_a7_ac_full_cropmask_l27_x1337_y1136_sphere.tiff,8,3252,349590,2254496005
masks/20190715_p176_slide30_ac1_vz_s1_p1_r3_a3_ac_full_l2_x167_y0_nucleiexp.tiff,8,6171,106488,2254499406
masks/20190715_p173_slide16_ac1_vz_s1_p1_r17_a17_ac_full_l8_x621_y485_nucleiexp.tiff,8,5157,106768,2254505715
masks/20190709_p176_slide16_ac1_vz_s1_p1_r7_a7_ac_full_l3_x182_y1886_cell.tiff,8,3661,79398,2254511014
masks/20190625_p173_slide10_ac1_vz_s1_p1_r2_a2_ac_full_l2_x374_y0_cell.tiff,8,15270,215386,2254514811
masks/20190711_p176_slide39_ac1_vz_s1_p1_r6_a6_ac_full_l5_x316_y193_nucleiexp.tiff,8,34569,563240,2254530214
masks/20190708_p173_slide26_ac1_vz_s1_p6_r39_a39_ac_full_l1_x0_y0_cyto.tiff,8,11365,122324,2254564923
masks/20190710_p176_slide23_ac1_vz_s1_p1_r6_a6_ac_full_l38_x1681_y1_cyto.tiff,8,15490,208476,2254576421
masks/20190715_p173_slide16_ac1_vz_s1_p2_r21_a21_ac_full_l2_x175_y26_nucleiexp.tiff,8,1340,24544,2254592046
masks/20190710_p176_slide23_ac1_vz_s1_p1_r6_a6_ac_full_cropmask_l10_x566_y1509_sphere.tiff,8,1803,204208,2254593527
masks/20190710_p173_slide6_ac1_vz_s1_p1_r6_a6_ac_full_cropmask_l8_x238_y433_sphere.tiff,8,1819,134412,2254595478
masks/20190715_p173_slide16_ac1_vz_s1_p1_r2_a2_ac_full_l1_x0_y176_cell.tiff,8,6101,113920,2254597442
masks/20190619_p176_slide20_ac1_vz_s1_p1_r6_a6_ac_full_l15_x706_y1521_cell.tiff,8,19302,262228,2254603676
masks/20190708_p173_slide26_ac1_vz_s1_p5_r77_a77_ac_full_l4_x121_y0_cell.tiff,8,11681,162808,2254623115
masks/20190621_p176_slide36_ac1_vz_s1_p1_r12_a12_ac_full_cropmask_l1_x0_y0_sphere.tiff,8,3788,531108,2254634931
masks/20190709_p176_slide16_ac1_vz_s1_p1_r7_a7_ac_full_l22_x959_y1855_nucleiexp.tiff,8,33677,543648,2254638863
masks/20190620_p173_slide19_ac1_vz_s1_p1_r19_a19_ac_full_l1_x0_y0_cyto.tiff,8,44280,419200,2254672682
masks/20190620_p176_slide27_ac1_vz_s1_p1_r13_a13_ac_full_l3_x270_y151_cell.tiff,8,8591,154834,2254717095
masks/20190619_p176_slide20_ac1_vz_s1_p1_r6_a6_ac_full_l11_x637_y1874_cell.tiff,8,4184,80644,2254725823
masks/20190709_p176_slide16_ac1_vz_s1_p1_r7_a7_ac_full_cropmask_l20_x1056_y3_sphere.tiff,8,1276,136720,2254730144
masks/20190715_p176_slide30_ac1_vz_s1_p1_r16_a16_ac_full_l6_x464_y0_nucleiexp.tiff,8,13324,242248,2254731566
masks/20190711_p176_slide39_ac1_vz_s1_p1_r4_a4_ac_full_cropmask_l1_x0_y0_sphere.tiff,8,1321,146350,2254745030
masks/20190715_p173_slide16_ac1_vz_s1_p1_r1_a1_ac_full_l1_x0_y6_cyto.tiff,8,5530,87288,2254746493
masks/20190710_p176_slide23_ac1_vz_s1_p1_r6_a6_ac_full_l24_x1089_y2329_cyto.tiff,8,15349,184860,2254752154
masks/20190710_p176_slide23_ac1_vz_s1_p1_r6_a6_ac_full_cropmask_l42_x1930_y1392_sphere.tiff,8,634,28828,2254767641
masks/20190619_p176_slide43_ac1_vz_s1_p1_r9_a9_ac_full_l2_x346_y217_cyto.tiff,8,33898,309004,2254768424
masks/20190709_p176_slide11_ac1_vz_s1_p1_r15_a15_ac_full_l15_x792_y925_cyto.tiff,8,8340,115418,2254802457
masks/20190625_p173_slide10_ac1_vz_s1_p1_r4_a4_ac_full_l1_x12_y0_cyto.tiff,8,3399,60292,2254810935
masks/20190620_p173_slide19_ac1_vz_s1_p1_r22_a22_ac_full_cropmask_l11_x726_y102_sphere.tiff,8,1415,116668,2254814466
masks/20190710_p173_slide6_ac1_vz_s1_p1_r6_a6_ac_full_l9_x275_y1290_nucleiexp.tiff,8,12311,233500,2254816030
masks/20190710_p176_slide23_ac1_vz_s1_p1_r6_a6_ac_full_l30_x1386_y477_cell.tiff,8,9537,152588,2254828481
masks/20190715_p176_slide30_ac1_vz_s1_p1_r16_a16_ac_full_l4_x252_y865_cell.tiff,8,29535,388264,2254838155
masks/20190709_p176_slide16_ac1_vz_s1_p1_r7_a7_ac_full_cropmask_l15_x752_y150_sphere.tiff,8,1757,181228,2254867827
masks/20190710_p176_slide23_ac1_vz_s1_p1_r6_a6_ac_full_l4_x228_y723_nucleiexp.tiff,8,2226,66700,2254869731
masks/20190710_p173_slide36_ac1_vz_s1_p1_r7_a7_ac_full_l1_x0_y0_cell.tiff,8,9016,116142,2254872097
masks/20190620_p173_slide19_ac1_vz_s1_p1_r22_a22_ac_full_l17_x1296_y407_nucleiexp.tiff,8,3138,69968,2254881244
masks/20190620_p176_slide27_ac1_vz_s1_p1_r4_a4_ac_full_l1_x0_y0_cyto.tiff,8,17728,208256,2254884526
masks/20190710_p176_slide8_ac1_vz_s1_p1_r14_a14_ac_full_cropmask_l3_x99_y784_sphere.tiff,8,1758,201840,2254902385
masks/20190715_p173_slide16_ac1_vz_s1_p1_r17_a17_ac_full_l9_x683_y0_cyto.tiff,8,29600,323468,2254904289
masks/20190620_p176_slide5_ac1_vz_s1_p1_r14_a14_ac_full_l2_x80_y448_cell.tiff,8,10112,142092,2254934024
masks/20190709_p176_slide16_ac1_vz_s1_p1_r7_a7_ac_full_l34_x1571_y1467_cyto.tiff,8,33093,359020,2254944271
masks/20190621_p173_slide13_ac1_vz_s1_p1_r8_a8_ac_full_l2_x85_y426_cyto.tiff,8,6930,95388,2254977502
masks/20190621_p176_slide36_ac1_vz_s1_p1_r12_a12_ac_full_cropmask_l3_x411_y92_sphere.tiff,8,2535,280224,2254984566
masks/20190710_p176_slide8_ac1_vz_s1_p1_r2_a2_ac_full_l1_x0_y0_cyto.tiff,8,11989,150412,2254987248
masks/20190625_p173_slide10_ac1_vz_s1_p1_r9_a9_ac_full_l1_x7_y218_cyto.tiff,8,5481,65116,2254999367
masks/20190710_p176_slide23_ac1_vz_s1_p1_r6_a6_ac_full_l26_x1220_y1328_cyto.tiff,8,9510,128124,2255004981
masks/20190715_p176_slide14_ac1_vz_s1_p1_r4_a4_ac_full_l34_x1717_y1102_nucleiexp.tiff,8,11998,216208,2255014629
masks/20190715_p173_slide16_ac1_vz_s1_p2_r23_a23_ac_full_cropmask_l2_x134_y0_sphere.tiff,8,1300,115918,2255026770
masks/20190711_p176_slide39_ac1_vz_s1_p1_r6_a6_ac_full_l2_x0_y560_cyto.tiff,8,31939,363212,2255028216
masks/20190715_p176_slide14_ac1_vz_s1_p1_r4_a4_ac_full_l20_x946_y697_nucleiexp.tiff,8,39174,629992,2255060288
masks/20190708_p173_slide26_ac1_vz_s1_p5_r64_a64_ac_full_l1_x0_y0_cyto.tiff,8,3707,58096,2255099603
masks/20190715_p173_slide16_ac1_vz_s1_p2_r21_a21_ac_full_l3_x278_y109_nucleiexp.tiff,8,1104,16467,2255103443
masks/20190715_p176_slide14_ac1_vz_s1_p1_r4_a4_ac_full_l22_x1100_y251_cyto.tiff,8,27465,307140,2255104689
masks/20190711_p173_slide28_ac1_vz_s1_p1_r8_a8_ac_full_l5_x511_y143_nucleiexp.tiff,8,11198,192148,2255132291
masks/20190708_p173_slide26_ac1_vz_s1_p5_r77_a77_ac_full_l5_x186_y655_cell.tiff,8,4784,80656,2255143629
masks/20190619_p173_slide31_ac1_vz_s1_p1_r14_a14_ac_full_cropmask_l1_x0_y127_sphere.tiff,8,2416,313562,2255148550
masks/20190709_p176_slide11_ac1_vz_s1_p1_r15_a15_ac_full_l28_x1386_y985_cell.tiff,8,31903,380388,2255151112
masks/20190715_p176_slide14_ac1_vz_s1_p1_r4_a4_ac_full_l1_x0_y1070_cyto.tiff,8,18421,238310,2255183154
masks/20190711_p173_slide28_ac1_vz_s1_p1_r3_a3_ac_full_cropmask_l1_x0_y0_sphere.tiff,8,726,50148,2255201709
masks/20190710_p176_slide23_ac1_vz_s1_p1_r6_a6_ac_full_cropmask_l11_x683_y347_sphere.tiff,8,1623,173728,2255202577
masks/20190710_p176_slide23_ac1_vz_s1_p1_r6_a6_ac_full_l42_x1930_y1392_cyto.tiff,8,2014,28828,2255204347
masks/20190619_p176_slide20_ac1_vz_s1_p1_r6_a6_ac_full_l15_x706_y1521_nucleiexp.tiff,8,14512,262228,2255206499
masks/20190710_p176_slide23_ac1_vz_s1_p1_r6_a6_ac_full_l46_x2253_y974_cyto.tiff,8,12918,160524,2255221153
masks/20190715_p176_slide14_ac1_vz_s1_p1_r4_a4_ac_full_cropmask_l34_x1717_y1102_sphere.tiff,8,2452,216208,2255234208
masks/20190708_p173_slide26_ac1_vz_s1_p5_r78_a78_ac_full_l5_x680_y0_cyto.tiff,8,15933,190888,2255236809
masks/20190623_p176_slide14_ac1_vz_s1_p1_r5_a5_ac_full_l1_x9_y0_cell.tiff,8,2872,46360,2255252877
masks/20190709_p176_slide16_ac1_vz_s1_p1_r7_a7_ac_full_l21_x1004_y334_cell.tiff,8,24081,318468,2255255880
masks/20190715_p173_slide16_ac1_vz_s1_p1_r17_a17_ac_full_l7_x434_y229_cyto.tiff,8,35943,364018,2255280098
masks/20190709_p176_slide11_ac1_vz_s1_p1_r5_a5_ac_full_l32768_x0_y0_nucleiexp.tiff,8,581,22528,2255316178
masks/20190621_p176_slide36_ac1_vz_s1_p1_r9_a9_ac_full_l1_x40_y372_cell.tiff,8,9401,142368,2255316899
masks/20190619_p176_slide43_ac1_vz_s1_p1_r6_a6_ac_full_l1_x0_y0_nucleiexp.tiff,8,15728,261562,2255326434
masks/20190715_p173_slide16_ac1_vz_s1_p2_r37_a37_ac_full_l10_x790_y744_cell.tiff,8,11165,181618,2255342298
masks/20190621_p173_slide4_ac1_vz_s1_p1_r16_a16_ac_full_l1_x92_y213_cell.tiff,8,9565,149698,2255353601
masks/20190715_p176_slide14_ac1_vz_s1_p1_r4_a4_ac_full_l36_x1955_y137_cyto.tiff,8,5479,87622,2255363301
masks/20190710_p176_slide8_ac1_vz_s1_p1_r14_a14_ac_full_cropmask_l8_x663_y276_sphere.tiff,8,1319,124224,2255368917
masks/20190625_p173_slide10_ac1_vz_s1_p1_r9_a9_ac_full_l1_x7_y218_nucleiexp.tiff,8,3300,65116,2255370383
masks/20190715_p173_slide16_ac1_vz_s1_p2_r27_a27_ac_full_l1_x5_y181_nucleiexp.tiff,8,1693,31008,2255373821
masks/20190710_p176_slide8_ac1_vz_s1_p1_r14_a14_ac_full_l11_x871_y475_cell.tiff,8,25486,305164,2255375654
masks/20190619_p173_slide8_ac1_vz_s1_p1_r6_a6_ac_full_l19_x1300_y175_cyto.tiff,8,14809,174118,2255401277
masks/20190715_p173_slide22_ac1_vz_s1_p1_r6_a6_ac_full_cropmask_l2_x30_y183_sphere.tiff,8,1330,114064,2255416222
masks/20190625_p173_slide10_ac1_vz_s1_p1_r17_a17_ac_full_l8_x649_y0_cyto.tiff,8,35062,356428,2255417697
masks/20190710_p176_slide23_ac1_vz_s1_p1_r6_a6_ac_full_l11_x683_y347_cell.tiff,8,11511,173728,2255452894
masks/20190708_p173_slide39_ac1_vz_s1_p1_r4_a4_ac_full_l32768_x0_y0_cell.tiff,8,902,13316,2255464541
masks/20190715_p173_slide16_ac1_vz_s1_p2_r21_a21_ac_full_cropmask_l1_x0_y33_sphere.tiff,8,2034,215434,2255465578
masks/20190710_p176_slide23_ac1_vz_s1_p1_r6_a6_ac_full_l43_x1981_y241_nucleiexp.tiff,8,7795,156996,2255467757
masks/20190710_p176_slide23_ac1_vz_s1_p1_r6_a6_ac_full_l39_x1849_y1453_cell.tiff,8,1708,28868,2255475694
masks/20190715_p176_slide30_ac1_vz_s1_p1_r16_a16_ac_full_l3_x337_y276_nucleiexp.tiff,8,13802,240844,2255477540
masks/20190710_p173_slide6_ac1_vz_s1_p1_r6_a6_ac_full_cropmask_l6_x250_y1129_sphere.tiff,8,899,54304,2255491484
masks/20190709_p176_slide11_ac1_vz_s1_p1_r15_a15_ac_full_l21_x834_y1435_nucleiexp.tiff,8,29220,464444,2255492529
masks/20190715_p173_slide16_ac1_vz_s1_p2_r23_a23_ac_full_l1_x0_y131_cyto.tiff,8,9275,113862,2255521893
masks/20190709_p176_slide11_ac1_vz_s1_p1_r15_a15_ac_full_l7_x495_y1030_cyto.tiff,8,3233,39830,2255531303
masks/20190715_p176_slide30_ac1_vz_s1_p1_r5_a5_ac_full_l1_x0_y0_cell.tiff,8,15094,205228,2255534674
masks/20190625_p173_slide10_ac1_vz_s1_p1_r14_a14_ac_full_l1_x17_y0_cell.tiff,8,23701,288556,2255549899
masks/20190710_p176_slide23_ac1_vz_s1_p1_r6_a6_ac_full_l38_x1681_y1_nucleiexp.tiff,8,8684,208476,2255573734
masks/20190715_p176_slide30_ac1_vz_s1_p1_r16_a16_ac_full_l5_x368_y1225_cyto.tiff,8,30682,299414,2255582558
masks/20190709_p176_slide11_ac1_vz_s1_p1_r16_a16_ac_full_cropmask_l32768_x0_y0_sphere.tiff,8,224,38878,2255613378
masks/20190711_p173_slide28_ac1_vz_s1_p1_r8_a8_ac_full_l1_x0_y2_nucleiexp.tiff,8,10852,204868,2255613750
masks/20190715_p176_slide14_ac1_vz_s1_p1_r4_a4_ac_full_l39_x2164_y333_nucleiexp.tiff,8,8929,179980,2255624738
masks/20190711_p176_slide39_ac1_vz_s1_p1_r1_a1_ac_full_l1_x0_y16_nucleiexp.tiff,8,11941,292196,2255633809
masks/20190708_p173_slide26_ac1_vz_s1_p5_r69_a69_ac_full_l1_x3_y3_cell.tiff,8,11026,168370,2255645887
masks/20190620_p176_slide27_ac1_vz_s1_p1_r4_a4_ac_full_cropmask_l2_x78_y294_sphere.tiff,8,2124,217556,2255657046
masks/20190715_p176_slide30_ac1_vz_s1_p1_r6_a6_ac_full_cropmask_l1_x0_y96_sphere.tiff,8,971,88588,2255659315
masks/20190715_p173_slide16_ac1_vz_s1_p2_r37_a37_ac_full_l16_x1235_y259_cyto.tiff,8,1153,40012,2255660429
masks/20190710_p173_slide6_ac1_vz_s1_p1_r6_a6_ac_full_l1_x30_y871_cyto.tiff,8,8130,99454,2255661721
masks/20190715_p173_slide16_ac1_vz_s1_p1_r17_a17_ac_full_l1_x20_y52_nucleiexp.tiff,8,5619,130380,2255669984
masks/20190708_p173_slide26_ac1_vz_s1_p5_r73_a73_ac_full_l1_x2_y0_cyto.tiff,8,3229,49840,2255675743
masks/20190715_p173_slide16_ac1_vz_s1_p1_r17_a17_ac_full_l8_x621_y485_cell.tiff,8,7468,106768,2255679105
masks/20190715_p173_slide22_ac1_vz_s1_p1_r13_a13_ac_full_l3_x271_y153_nucleiexp.tiff,8,3426,60108,2255686710
masks/20190711_p176_slide2_ac1_vz_s1_p1_r5_a5_ac_full_l1_x0_y0_cell.tiff,8,3140,45670,2255690278
masks/20190621_p173_slide13_ac1_vz_s1_p1_r8_a8_ac_full_l6_x274_y451_nucleiexp.tiff,8,2989,85958,2255693548
masks/20190625_p173_slide10_ac1_vz_s1_p1_r11_a11_ac_full_l1_x0_y0_nucleiexp.tiff,8,2474,53018,2255696677
masks/20190708_p176_slide33_ac1_vz_s1_p1_r6_a6_ac_full_l1_x0_y0_cyto.tiff,8,27860,286492,2255699289
masks/20190709_p176_slide11_ac1_vz_s1_p1_r15_a15_ac_full_l29_x1428_y715_nucleiexp.tiff,8,15287,251332,2255727280
masks/20190715_p173_slide16_ac1_vz_s1_p2_r25_a25_ac_full_cropmask_l2_x55_y105_sphere.tiff,8,1535,118204,2255742711
masks/20190715_p173_slide22_ac1_vz_s1_p1_r17_a17_ac_full_l2_x50_y0_cell.tiff,8,16978,211814,2255744393
masks/20190715_p173_slide16_ac1_vz_s1_p1_r5_a5_ac_full_cropmask_l1_x0_y0_sphere.tiff,8,2068,280624,2255761505
masks/20190710_p176_slide8_ac1_vz_s1_p1_r14_a14_ac_full_l5_x328_y958_cyto.tiff,8,31386,333268,2255763715
masks/20190710_p176_slide23_ac1_vz_s1_p1_r6_a6_ac_full_cropmask_l5_x295_y1063_sphere.tiff,8,3201,352702,2255795237
masks/20190620_p176_slide27_ac1_vz_s1_p1_r22_a22_ac_full_l1_x0_y191_cyto.tiff,8,27611,284326,2255798585
masks/20190710_p176_slide23_ac1_vz_s1_p1_r6_a6_ac_full_cropmask_l39_x1849_y1453_sphere.tiff,8,630,28868,2255826331
masks/20190711_p173_slide28_ac1_vz_s1_p1_r5_a5_ac_full_cropmask_l1_x0_y8_sphere.tiff,8,1133,103844,2255827110
masks/20190625_p173_slide10_ac1_vz_s1_p1_r5_a5_ac_full_cropmask_l32768_x0_y0_sphere.tiff,8,228,44372,2255828385
masks/20190710_p176_slide8_ac1_vz_s1_p1_r8_a8_ac_full_cropmask_l1_x0_y0_sphere.tiff,8,993,88418,2255828759
masks/20190619_p176_slide20_ac1_vz_s1_p1_r6_a6_ac_full_l31_x1518_y4_nucleiexp.tiff,8,11286,207628,2255829893
masks/20190620_p173_slide19_ac1_vz_s1_p1_r22_a22_ac_full_cropmask_l3_x166_y1098_sphere.tiff,8,558,20139,2255841319
masks/20190710_p176_slide23_ac1_vz_s1_p1_r6_a6_ac_full_l28_x1319_y1058_nucleiexp.tiff,8,1945,30138,2255842026
masks/20190710_p173_slide36_ac1_vz_s1_p1_r13_a13_ac_full_l1_x0_y229_nucleiexp.tiff,8,7745,163232,2255844114
masks/20190708_p173_slide26_ac1_vz_s1_p4_r18_a18_ac_full_l1_x9_y140_cyto.tiff,8,9747,113260,2255851999
masks/20190710_p173_slide6_ac1_vz_s1_p1_r6_a6_ac_full_l4_x146_y1043_cyto.tiff,8,9404,99060,2255861881
masks/20190710_p173_slide36_ac1_vz_s1_p1_r13_a13_ac_full_l1_x0_y229_cell.tiff,8,11615,163232,2255871420
masks/20190715_p173_slide16_ac1_vz_s1_p1_r4_a4_ac_full_cropmask_l2_x84_y92_sphere.tiff,8,1298,107232,2255883170
masks/20190709_p176_slide11_ac1_vz_s1_p1_r15_a15_ac_full_l9_x503_y1561_cell.tiff,8,18282,222038,2255884612
masks/20190715_p173_slide22_ac1_vz_s1_p1_r28_a28_ac_full_l32768_x0_y0_nucleiexp.tiff,8,206,24027,2255903032
masks/20190715_p176_slide14_ac1_vz_s1_p1_r4_a4_ac_full_l38_x2040_y613_cell.tiff,8,28452,338668,2255903380
masks/20190621_p173_slide13_ac1_vz_s1_p1_r8_a8_ac_full_l8_x368_y0_cyto.tiff,8,19310,238744,2255931969
masks/20190709_p176_slide16_ac1_vz_s1_p1_r7_a7_ac_full_cropmask_l37_x1814_y146_sphere.tiff,8,1566,157066,2255951412
masks/20190709_p176_slide16_ac1_vz_s1_p1_r7_a7_ac_full_l41_x2211_y1248_cell.tiff,8,13667,198476,2255953126
masks/20190708_p173_slide26_ac1_vz_s1_p5_r78_a78_ac_full_l1_x0_y772_cyto.tiff,8,14685,142942,2255966931
masks/20190619_p176_slide20_ac1_vz_s1_p1_r6_a6_ac_full_l28_x1362_y1123_nucleiexp.tiff,8,20058,308784,2255981751
masks/20190715_p173_slide16_ac1_vz_s1_p2_r37_a37_ac_full_l5_x392_y501_nucleiexp.tiff,8,9032,169502,2256001952
masks/20190620_p176_slide27_ac1_vz_s1_p1_r22_a22_ac_full_l6_x952_y284_cell.tiff,8,8999,150792,2256011126
masks/20190619_p176_slide43_ac1_vz_s1_p1_r9_a9_ac_full_l1_x0_y0_cell.tiff,8,32361,411532,2256020262
masks/20190710_p173_slide6_ac1_vz_s1_p1_r6_a6_ac_full_cropmask_l5_x151_y1219_sphere.tiff,8,1067,69004,2256052754
masks/20190625_p173_slide10_ac1_vz_s1_p1_r2_a2_ac_full_l1_x0_y97_cell.tiff,8,34030,428668,2256053967
masks/20190715_p176_slide14_ac1_vz_s1_p1_r4_a4_ac_full_l26_x1411_y1657_nucleiexp.tiff,8,12903,206332,2256088129
masks/20190711_p173_slide28_ac1_vz_s1_p1_r8_a8_ac_full_l2_x253_y323_cell.tiff,8,14981,188392,2256101175
masks/20190715_p176_slide14_ac1_vz_s1_p1_r4_a4_ac_full_cropmask_l26_x1411_y1657_sphere.tiff,8,2323,206332,2256116291
masks/20190709_p176_slide11_ac1_vz_s1_p1_r15_a15_ac_full_l22_x1157_y84_cell.tiff,8,5327,110236,2256118763
masks/20190619_p176_slide20_ac1_vz_s1_p1_r6_a6_ac_full_l22_x1024_y1436_cyto.tiff,8,32390,342178,2256124228
masks/20190709_p176_slide16_ac1_vz_s1_p1_r7_a7_ac_full_l19_x879_y765_cyto.tiff,8,73766,680948,2256156756
masks/20190620_p176_slide27_ac1_vz_s1_p1_r10_a10_ac_full_cropmask_l1_x4_y0_sphere.tiff,8,1543,173548,2256230658
masks/20190709_p176_slide11_ac1_vz_s1_p1_r7_a7_ac_full_cropmask_l32768_x0_y0_sphere.tiff,8,204,23728,2256232345
masks/20190620_p173_slide19_ac1_vz_s1_p1_r22_a22_ac_full_l10_x625_y22_cell.tiff,8,4229,70988,2256232695
masks/20190709_p176_slide11_ac1_vz_s1_p1_r15_a15_ac_full_cropmask_l18_x831_y469_sphere.tiff,8,1432,103756,2256237061
masks/20190619_p176_slide20_ac1_vz_s1_p1_r6_a6_ac_full_l19_x919_y91_cell.tiff,8,16345,212812,2256238642
masks/20190715_p176_slide14_ac1_vz_s1_p1_r4_a4_ac_full_l1_x0_y1070_nucleiexp.tiff,8,10403,238310,2256255122
masks/20190620_p173_slide34_ac1_vz_s1_p1_r7_a7_ac_full_l1_x0_y0_cell.tiff,8,10570,155716,2256265664
masks/20190619_p173_slide31_ac1_vz_s1_p1_r13_a13_ac_full_l1_x0_y0_nucleiexp.tiff,8,8053,141730,2256276365
masks/20190711_p173_slide28_ac1_vz_s1_p1_r1_a1_ac_full_l1_x0_y0_cyto.tiff,8,6132,77814,2256284556
masks/20190625_p173_slide10_ac1_vz_s1_p1_r18_a18_ac_full_l9_x542_y250_cell.tiff,8,21410,247060,2256290819
masks/20190620_p173_slide19_ac1_vz_s1_p1_r22_a22_ac_full_l16_x1215_y515_nucleiexp.tiff,8,2284,66498,2256312366
masks/20190619_p176_slide20_ac1_vz_s1_p1_r6_a6_ac_full_l4_x79_y1647_cell.tiff,8,12405,167884,2256314794
masks/20190621_p173_slide13_ac1_vz_s1_p1_r17_a17_ac_full_l6_x716_y73_nucleiexp.tiff,8,11865,216386,2256327334
masks/20190619_p173_slide8_ac1_vz_s1_p1_r6_a6_ac_full_l15_x992_y210_cell.tiff,8,16040,196792,2256339340
masks/20190621_p173_slide13_ac1_vz_s1_p1_r2_a2_ac_full_l1_x0_y9_nucleiexp.tiff,8,12768,243820,2256355515
masks/20190620_p173_slide19_ac1_vz_s1_p1_r22_a22_ac_full_l3_x166_y1098_nucleiexp.tiff,8,430,20139,2256368419
masks/20190619_p176_slide43_ac1_vz_s1_p1_r3_a3_ac_full_l1_x0_y0_cyto.tiff,8,10363,131290,2256368992
masks/20190715_p173_slide16_ac1_vz_s1_p2_r27_a27_ac_full_cropmask_l3_x9_y17_sphere.tiff,8,2479,264922,2256379486
masks/20190708_p173_slide26_ac1_vz_s1_p4_r31_a31_ac_full_l4_x867_y0_nucleiexp.tiff,8,7804,153726,2256382110
masks/20190715_p173_slide16_ac1_vz_s1_p1_r12_a12_ac_full_l3_x327_y0_nucleiexp.tiff,8,7745,136780,2256390054
masks/20190711_p173_slide28_ac1_vz_s1_p1_r9_a9_ac_full_cropmask_l1_x2_y0_sphere.tiff,8,2110,285794,2256397939
masks/20190619_p176_slide20_ac1_vz_s1_p1_r6_a6_ac_full_cropmask_l34_x1760_y394_sphere.tiff,8,1263,88024,2256400191
masks/20190620_p176_slide27_ac1_vz_s1_p1_r4_a4_ac_full_l1_x0_y0_nucleiexp.tiff,8,10581,208256,2256401602
masks/20190709_p176_slide11_ac1_vz_s1_p1_r15_a15_ac_full_l3_x211_y313_cell.tiff,8,7094,129264,2256412319
masks/20190715_p173_slide16_ac1_vz_s1_p1_r3_a3_ac_full_l32768_x0_y0_nucleiexp.tiff,8,1869,61960,2256419550
masks/20190715_p173_slide16_ac1_vz_s1_p2_r27_a27_ac_full_l1_x5_y181_cell.tiff,8,2239,31008,2256421559
masks/20190715_p173_slide22_ac1_vz_s1_p1_r6_a6_ac_full_l2_x30_y183_cyto.tiff,8,9744,114064,2256423933
masks/20190709_p176_slide11_ac1_vz_s1_p1_r15_a15_ac_full_cropmask_l21_x834_y1435_sphere.tiff,8,4302,464444,2256433811
masks/20190620_p176_slide27_ac1_vz_s1_p1_r15_a15_ac_full_l4_x339_y150_nucleiexp.tiff,8,11411,198368,2256438263
masks/20190621_p173_slide13_ac1_vz_s1_p1_r4_a4_ac_full_cropmask_l1_x0_y0_sphere.tiff,8,979,74380,2256449816
masks/20190709_p176_slide16_ac1_vz_s1_p1_r7_a7_ac_full_cropmask_l40_x2066_y381_sphere.tiff,8,1896,189688,2256450937
masks/20190715_p176_slide14_ac1_vz_s1_p1_r4_a4_ac_full_l33_x1603_y1376_cell.tiff,8,31361,393652,2256452981
masks/20190715_p176_slide30_ac1_vz_s1_p1_r16_a16_ac_full_l1_x0_y96_cyto.tiff,8,35635,365752,2256484480
masks/20190708_p173_slide39_ac1_vz_s1_p1_r4_a4_ac_full_l32768_x0_y0_cyto.tiff,8,1014,13316,2256520249
masks/20190708_p173_slide26_ac1_vz_s1_p6_r54_a54_ac_full_l32768_x0_y0_cyto.tiff,8,5298,90178,2256521398
masks/20190710_p176_slide23_ac1_vz_s1_p1_r6_a6_ac_full_cropmask_l37_x1644_y341_sphere.tiff,8,2735,296944,2256526833
masks/20190625_p173_slide10_ac1_vz_s1_p1_r18_a18_ac_full_l4_x347_y724_cell.tiff,8,9068,112828,2256529716
masks/20190619_p176_slide20_ac1_vz_s1_p1_r6_a6_ac_full_cropmask_l24_x1226_y1808_sphere.tiff,8,969,84364,2256538921
masks/20190715_p173_slide16_ac1_vz_s1_p2_r23_a23_ac_full_l1_x0_y131_cell.tiff,8,7627,113862,2256540039
masks/20190619_p176_slide20_ac1_vz_s1_p1_r6_a6_ac_full_l29_x1495_y279_nucleiexp.tiff,8,6203,136992,2256547801
masks/20190620_p173_slide19_ac1_vz_s1_p1_r9_a9_ac_full_l2_x182_y400_cell.tiff,8,6590,95532,2256554146
masks/20190715_p173_slide16_ac1_vz_s1_p2_r37_a37_ac_full_cropmask_l14_x1031_y763_sphere.tiff,8,1998,197458,2256560871
masks/20190709_p176_slide11_ac1_vz_s1_p1_r15_a15_ac_full_l27_x1404_y1754_nucleiexp.tiff,8,11581,218704,2256563019
masks/20190620_p173_slide19_ac1_vz_s1_p1_r22_a22_ac_full_l16_x1215_y515_cell.tiff,8,3112,66498,2256574745
masks/20190620_p173_slide19_ac1_vz_s1_p1_r4_a4_ac_full_l1_x0_y0_cyto.tiff,8,7150,86724,2256577996
masks/20190620_p173_slide19_ac1_vz_s1_p1_r22_a22_ac_full_cropmask_l17_x1296_y407_sphere.tiff,8,1169,69968,2256585277
masks/20190620_p173_slide19_ac1_vz_s1_p1_r22_a22_ac_full_cropmask_l8_x391_y60_sphere.tiff,8,2058,139468,2256586596
masks/20190708_p173_slide26_ac1_vz_s1_p5_r77_a77_ac_full_l4_x121_y0_nucleiexp.tiff,8,8175,162808,2256588801
masks/20190715_p173_slide22_ac1_vz_s1_p1_r24_a24_ac_full_cropmask_l3_x113_y408_sphere.tiff,8,3168,453220,2256597116
masks/20190620_p176_slide5_ac1_vz_s1_p1_r5_a5_ac_full_l32768_x0_y0_nucleiexp.tiff,8,1456,36590,2256600432
masks/20190715_p173_slide22_ac1_vz_s1_p1_r13_a13_ac_full_l1_x0_y0_cell.tiff,8,18718,227298,2256602027
masks/20190710_p176_slide23_ac1_vz_s1_p1_r6_a6_ac_full_l27_x980_y872_cell.tiff,8,42405,505998,2256620878
masks/20190709_p176_slide11_ac1_vz_s1_p1_r15_a15_ac_full_cropmask_l9_x503_y1561_sphere.tiff,8,2283,222038,2256663419
masks/20190710_p173_slide6_ac1_vz_s1_p1_r6_a6_ac_full_l8_x238_y433_nucleiexp.tiff,8,8040,134412,2256665851
masks/20190715_p173_slide16_ac1_vz_s1_p1_r17_a17_ac_full_cropmask_l9_x683_y0_sphere.tiff,8,2835,323468,2256674030
masks/20190708_p173_slide26_ac1_vz_s1_p4_r15_a15_ac_full_l1_x0_y137_cell.tiff,8,5684,73738,2256677011
masks/20190708_p173_slide26_ac1_vz_s1_p6_r33_a33_ac_full_l1_x0_y0_nucleiexp.tiff,8,1157,36130,2256682830
masks/20190710_p176_slide23_ac1_vz_s1_p1_r6_a6_ac_full_l10_x566_y1509_cell.tiff,8,12300,204208,2256684125
masks/20190619_p173_slide8_ac1_vz_s1_p1_r4_a4_ac_full_l1_x0_y0_cyto.tiff,8,24535,281220,2256696562
masks/20190709_p176_slide16_ac1_vz_s1_p1_r7_a7_ac_full_cropmask_l23_x1043_y1491_sphere.tiff,8,3565,389100,2256721227
masks/20190620_p176_slide27_ac1_vz_s1_p1_r13_a13_ac_full_l2_x276_y265_cyto.tiff,8,4962,69484,2256724941
masks/20190625_p173_slide10_ac1_vz_s1_p1_r2_a2_ac_full_cropmask_l2_x374_y0_sphere.tiff,8,2042,215386,2256730040
masks/20190711_p173_slide28_ac1_vz_s1_p1_r6_a6_ac_full_l1_x4_y5_cell.tiff,8,10687,146908,2256732226
masks/20190620_p173_slide19_ac1_vz_s1_p1_r10_a10_ac_full_l1_x0_y0_cell.tiff,8,2855,45250,2256743044
masks/20190619_p173_slide8_ac1_vz_s1_p1_r6_a6_ac_full_l18_x1199_y420_cell.tiff,8,13856,219262,2256746032
masks/20190715_p176_slide30_ac1_vz_s1_p1_r16_a16_ac_full_cropmask_l3_x337_y276_sphere.tiff,8,2430,240844,2256760024
masks/20190715_p173_slide22_ac1_vz_s1_p1_r17_a17_ac_full_l2_x50_y0_nucleiexp.tiff,8,12843,211814,2256762602
masks/20190619_p176_slide20_ac1_vz_s1_p1_r6_a6_ac_full_l42_x2202_y1325_cell.tiff,8,14258,206628,2256775584
masks/20190715_p176_slide30_ac1_vz_s1_p1_r16_a16_ac_full_l9_x1079_y1360_nucleiexp.tiff,8,774,15883,2256789980
masks/20190710_p176_slide8_ac1_vz_s1_p1_r14_a14_ac_full_l5_x328_y958_nucleiexp.tiff,8,18964,333268,2256790898
masks/20190620_p176_slide5_ac1_vz_s1_p1_r3_a3_ac_full_l1_x0_y0_nucleiexp.tiff,8,4779,98280,2256810003
masks/20190711_p176_slide39_ac1_vz_s1_p1_r6_a6_ac_full_cropmask_l1_x81_y418_sphere.tiff,8,638,41944,2256814917
masks/20190708_p173_slide26_ac1_vz_s1_p4_r18_a18_ac_full_l1_x9_y140_nucleiexp.tiff,8,5826,113260,2256815700
masks/20190619_p173_slide8_ac1_vz_s1_p1_r6_a6_ac_full_l19_x1300_y175_nucleiexp.tiff,8,9011,174118,2256821666
masks/20190709_p176_slide11_ac1_vz_s1_p1_r15_a15_ac_full_cropmask_l12_x568_y1232_sphere.tiff,8,2892,296716,2256830818
masks/20190619_p176_slide20_ac1_vz_s1_p1_r6_a6_ac_full_l1_x48_y635_cyto.tiff,8,6497,102348,2256833860
masks/20190715_p176_slide14_ac1_vz_s1_p1_r4_a4_ac_full_cropmask_l30_x1552_y2176_sphere.tiff,8,1589,173138,2256840491
masks/20190709_p176_slide11_ac1_vz_s1_p1_r15_a15_ac_full_l6_x345_y676_nucleiexp.tiff,8,7996,190300,2256842229
masks/20190715_p176_slide30_ac1_vz_s1_p1_r5_a5_ac_full_l1_x0_y0_cyto.tiff,8,18852,205228,2256850367
masks/20190715_p173_slide16_ac1_vz_s1_p1_r17_a17_ac_full_l1_x20_y52_cyto.tiff,8,9584,130380,2256869350
masks/20190709_p176_slide11_ac1_vz_s1_p1_r15_a15_ac_full_l24_x1146_y730_cell.tiff,8,18769,252858,2256879069
masks/20190715_p173_slide16_ac1_vz_s1_p2_r24_a24_ac_full_cropmask_l1_x0_y0_sphere.tiff,8,950,67888,2256897977
masks/20190709_p176_slide11_ac1_vz_s1_p1_r15_a15_ac_full_cropmask_l17_x772_y1763_sphere.tiff,8,2120,169558,2256899071
masks/20190619_p176_slide20_ac1_vz_s1_p1_r6_a6_ac_full_l31_x1518_y4_cyto.tiff,8,18716,207628,2256901341
masks/20190711_p173_slide28_ac1_vz_s1_p1_r13_a13_ac_full_cropmask_l1_x0_y190_sphere.tiff,8,2164,209568,2256920192
masks/20190710_p176_slide8_ac1_vz_s1_p1_r14_a14_ac_full_l8_x663_y276_nucleiexp.tiff,8,5086,124224,2256922502
masks/20190710_p176_slide23_ac1_vz_s1_p1_r6_a6_ac_full_l6_x436_y1713_cyto.tiff,8,4147,69452,2256927729
masks/20190710_p176_slide23_ac1_vz_s1_p1_r6_a6_ac_full_l5_x295_y1063_nucleiexp.tiff,8,16488,352702,2256932012
masks/20190621_p176_slide36_ac1_vz_s1_p1_r12_a12_ac_full_cropmask_l2_x226_y405_sphere.tiff,8,4178,578572,2256948641
masks/20190715_p176_slide14_ac1_vz_s1_p1_r4_a4_ac_full_cropmask_l16_x855_y74_sphere.tiff,8,1217,127516,2256952967
masks/20190621_p173_slide13_ac1_vz_s1_p1_r9_a9_ac_full_l32768_x0_y0_cell.tiff,8,720,18499,2256954330
masks/20190621_p176_slide36_ac1_vz_s1_p1_r5_a5_ac_full_cropmask_l2_x111_y0_sphere.tiff,8,1083,81460,2256955185
masks/20190619_p176_slide20_ac1_vz_s1_p1_r6_a6_ac_full_cropmask_l41_x2218_y525_sphere.tiff,8,2191,206448,2256956412
masks/20190710_p176_slide8_ac1_vz_s1_p1_r14_a14_ac_full_l4_x220_y1251_cyto.tiff,8,15126,187522,2256958751
masks/20190710_p176_slide23_ac1_vz_s1_p1_r6_a6_ac_full_l6_x436_y1713_cell.tiff,8,3363,69452,2256974014
masks/20190710_p176_slide23_ac1_vz_s1_p1_r6_a6_ac_full_l33_x1450_y1120_nucleiexp.tiff,8,14239,266556,2256977513
masks/20190620_p176_slide27_ac1_vz_s1_p1_r18_a18_ac_full_l1_x0_y391_cyto.tiff,8,18941,210756,2256991895
masks/20190621_p176_slide36_ac1_vz_s1_p1_r7_a7_ac_full_l1_x0_y0_cell.tiff,8,23787,268172,2257010971
masks/20190709_p176_slide11_ac1_vz_s1_p1_r15_a15_ac_full_l13_x710_y503_cell.tiff,8,4704,92012,2257034889
masks/20190619_p176_slide20_ac1_vz_s1_p1_r6_a6_ac_full_cropmask_l39_x2000_y218_sphere.tiff,8,2153,234068,2257039731
masks/20190710_p176_slide23_ac1_vz_s1_p1_r6_a6_ac_full_l34_x1426_y715_cyto.tiff,8,30703,316100,2257042032
masks/20190715_p173_slide22_ac1_vz_s1_p1_r13_a13_ac_full_l2_x209_y185_cyto.tiff,8,11976,122600,2257072872
masks/20190715_p173_slide16_ac1_vz_s1_p1_r8_a8_ac_full_l4_x39_y328_cell.tiff,8,16778,209292,2257084985
masks/20190619_p173_slide31_ac1_vz_s1_p1_r3_a3_ac_full_l1_x0_y0_cell.tiff,8,10981,124690,2257101897
masks/20190619_p173_slide8_ac1_vz_s1_p1_r6_a6_ac_full_l1_x0_y819_nucleiexp.tiff,8,13470,229618,2257113009
masks/20190711_p173_slide28_ac1_vz_s1_p1_r11_a11_ac_full_l1_x0_y0_cell.tiff,8,12673,156788,2257126616
masks/20190619_p176_slide20_ac1_vz_s1_p1_r6_a6_ac_full_l16_x784_y270_nucleiexp.tiff,8,3131,72436,2257139422
masks/20190708_p173_slide26_ac1_vz_s1_p6_r49_a49_ac_full_cropmask_l1_x0_y0_sphere.tiff,8,2780,425472,2257142694
masks/20190710_p173_slide6_ac1_vz_s1_p1_r1_a1_ac_full_cropmask_l1_x16_y0_sphere.tiff,8,1584,124660,2257145618
masks/20190621_p173_slide4_ac1_vz_s1_p1_r16_a16_ac_full_l6_x721_y194_nucleiexp.tiff,8,8255,147692,2257147344
masks/20190709_p176_slide16_ac1_vz_s1_p1_r7_a7_ac_full_l39_x1983_y684_cell.tiff,8,24382,299084,2257155740
masks/20190715_p176_slide14_ac1_vz_s1_p1_r4_a4_ac_full_l39_x2164_y333_cell.tiff,8,11755,179980,2257180259
masks/20190619_p173_slide31_ac1_vz_s1_p1_r5_a5_ac_full_l1_x0_y0_nucleiexp.tiff,8,3401,85042,2257192151
masks/20190710_p176_slide23_ac1_vz_s1_p1_r6_a6_ac_full_l45_x2183_y360_cyto.tiff,8,17440,196204,2257195688
masks/20190619_p176_slide43_ac1_vz_s1_p1_r9_a9_ac_full_l1_x0_y0_nucleiexp.tiff,8,23773,411532,2257213265
masks/20190711_p173_slide28_ac1_vz_s1_p1_r4_a4_ac_full_l1_x2_y0_cell.tiff,8,15574,206222,2257237174
masks/20190709_p176_slide11_ac1_vz_s1_p1_r15_a15_ac_full_cropmask_l8_x513_y962_sphere.tiff,8,1127,66968,2257252879
masks/20190711_p173_slide28_ac1_vz_s1_p1_r10_a10_ac_full_l1_x4_y0_cyto.tiff,8,10963,135988,2257254154
masks/20190709_p176_slide16_ac1_vz_s1_p1_r7_a7_ac_full_l12_x659_y1979_cell.tiff,8,13967,185648,2257265250
masks/20190620_p176_slide27_ac1_vz_s1_p1_r16_a16_ac_full_l3_x420_y0_cell.tiff,8,6597,105318,2257279354
masks/20190709_p176_slide47_ac1_vz_s1_p1_r4_a4_ac_full_l1_x0_y13_nucleiexp.tiff,8,6272,141388,2257286086
masks/20190620_p173_slide19_ac1_vz_s1_p1_r22_a22_ac_full_l7_x289_y94_cyto.tiff,8,9492,85644,2257292495
masks/20190715_p176_slide14_ac1_vz_s1_p1_r4_a4_ac_full_l20_x946_y697_cyto.tiff,8,64272,629992,2257302123
masks/20190715_p173_slide16_ac1_vz_s1_p1_r12_a12_ac_full_l2_x70_y63_nucleiexp.tiff,8,9798,189658,2257366531
masks/20190619_p176_slide20_ac1_vz_s1_p1_r6_a6_ac_full_l14_x723_y1220_cyto.tiff,8,13294,168436,2257376469
masks/20190619_p173_slide31_ac1_vz_s1_p1_r4_a4_ac_full_l32768_x0_y0_nucleiexp.tiff,8,642,20469,2257389900
masks/20190715_p173_slide16_ac1_vz_s1_p1_r17_a17_ac_full_l11_x1051_y52_nucleiexp.tiff,8,20634,418228,2257390682
masks/20190715_p176_slide14_ac1_vz_s1_p1_r4_a4_ac_full_l27_x1390_y1075_cell.tiff,8,26079,314420,2257411459
masks/20190711_p173_slide28_ac1_vz_s1_p1_r8_a8_ac_full_l2_x253_y323_cyto.tiff,8,18612,188392,2257437676
masks/20190709_p176_slide11_ac1_vz_s1_p1_r15_a15_ac_full_l20_x877_y1090_cyto.tiff,8,32647,327016,2257456423
masks/20190710_p176_slide23_ac1_vz_s1_p1_r6_a6_ac_full_l24_x1089_y2329_cell.tiff,8,13259,184860,2257489209
masks/20190710_p176_slide23_ac1_vz_s1_p1_r6_a6_ac_full_l23_x1196_y1966_nucleiexp.tiff,8,3712,101572,2257502606
masks/20190621_p173_slide4_ac1_vz_s1_p1_r16_a16_ac_full_l6_x721_y194_cell.tiff,8,11114,147692,2257506461
masks/20190709_p176_slide16_ac1_vz_s1_p1_r7_a7_ac_full_l1_x0_y1143_nucleiexp.tiff,8,14596,280156,2257517711
masks/20190620_p176_slide27_ac1_vz_s1_p1_r15_a15_ac_full_cropmask_l2_x31_y0_sphere.tiff,8,2382,281500,2257532446
masks/20190620_p173_slide19_ac1_vz_s1_p1_r9_a9_ac_full_l1_x0_y221_cyto.tiff,8,13260,137860,2257534973
masks/20190710_p176_slide23_ac1_vz_s1_p1_r6_a6_ac_full_l11_x683_y347_nucleiexp.tiff,8,7384,173728,2257548366
masks/20190715_p173_slide16_ac1_vz_s1_p1_r1_a1_ac_full_cropmask_l1_x0_y6_sphere.tiff,8,926,87288,2257555891
masks/20190708_p173_slide39_ac1_vz_s1_p1_r11_a11_ac_full_l1_x0_y0_nucleiexp.tiff,8,7692,154280,2257556959
masks/20190620_p173_slide19_ac1_vz_s1_p1_r14_a14_ac_full_l1_x0_y0_nucleiexp.tiff,8,9416,193084,2257564789
masks/20190620_p176_slide5_ac1_vz_s1_p1_r1_a1_ac_full_l1_x0_y0_cell.tiff,8,11444,164212,2257574343
masks/20190620_p176_slide27_ac1_vz_s1_p1_r22_a22_ac_full_l6_x952_y284_cyto.tiff,8,11310,150792,2257585917
masks/20190620_p176_slide27_ac1_vz_s1_p1_r22_a22_ac_full_l6_x952_y284_nucleiexp.tiff,8,6413,150792,2257597364
masks/20190708_p173_slide26_ac1_vz_s1_p5_r69_a69_ac_full_l1_x3_y3_nucleiexp.tiff,8,8188,168370,2257603919
masks/20190715_p173_slide16_ac1_vz_s1_p2_r37_a37_ac_full_l14_x1031_y763_cyto.tiff,8,16427,197458,2257612245
masks/20190620_p176_slide27_ac1_vz_s1_p1_r4_a4_ac_full_l1_x0_y0_cell.tiff,8,14403,208256,2257628811
masks/20190708_p173_slide26_ac1_vz_s1_p6_r63_a63_ac_full_l3_x371_y303_cell.tiff,8,2813,58508,2257643345
masks/20190715_p176_slide14_ac1_vz_s1_p1_r4_a4_ac_full_l41_x2362_y759_nucleiexp.tiff,8,16137,294532,2257646295
masks/20190620_p176_slide27_ac1_vz_s1_p1_r16_a16_ac_full_l1_x0_y90_nucleiexp.tiff,8,9215,191428,2257662574
masks/20190619_p176_slide20_ac1_vz_s1_p1_r6_a6_ac_full_cropmask_l31_x1518_y4_sphere.tiff,8,2033,207628,2257671928
masks/20190620_p173_slide19_ac1_vz_s1_p1_r12_a12_ac_full_cropmask_l32768_x0_y0_sphere.tiff,8,230,45862,2257674107
masks/20190715_p173_slide16_ac1_vz_s1_p2_r37_a37_ac_full_l3_x89_y542_nucleiexp.tiff,8,4645,89854,2257674485
masks/20190708_p173_slide26_ac1_vz_s1_p6_r54_a54_ac_full_l32768_x0_y0_cell.tiff,8,4255,90178,2257679271
masks/20190715_p173_slide16_ac1_vz_s1_p2_r37_a37_ac_full_l11_x714_y1025_cyto.tiff,8,37001,339034,2257683663
masks/20190708_p176_slide33_ac1_vz_s1_p1_r10_a10_ac_full_cropmask_l1_x0_y0_sphere.tiff,8,2109,330756,2257720803
masks/20190625_p173_slide10_ac1_vz_s1_p1_r17_a17_ac_full_cropmask_l3_x113_y49_sphere.tiff,8,354,12336,2257723056
masks/20190620_p173_slide19_ac1_vz_s1_p1_r22_a22_ac_full_l14_x887_y437_nucleiexp.tiff,8,12505,234988,2257723557
masks/20190715_p173_slide16_ac1_vz_s1_p2_r37_a37_ac_full_cropmask_l11_x714_y1025_sphere.tiff,8,3925,339034,2257736205
masks/20190710_p176_slide23_ac1_vz_s1_p1_r6_a6_ac_full_l28_x1319_y1058_cyto.tiff,8,3052,30138,2257740280
masks/20190619_p173_slide8_ac1_vz_s1_p1_r6_a6_ac_full_cropmask_l5_x113_y1472_sphere.tiff,8,3373,365696,2257743470
masks/20190709_p176_slide47_ac1_vz_s1_p1_r5_a5_ac_full_l1_x4_y0_nucleiexp.tiff,8,8728,187148,2257746989
masks/20190709_p176_slide11_ac1_vz_s1_p1_r15_a15_ac_full_l30_x1464_y0_cyto.tiff,8,18507,227968,2257755853
masks/20190708_p173_slide26_ac1_vz_s1_p6_r33_a33_ac_full_cropmask_l1_x0_y0_sphere.tiff,8,594,36130,2257774497
masks/20190708_p176_slide33_ac1_vz_s1_p1_r16_a16_ac_full_cropmask_l3_x78_y596_sphere.tiff,8,1975,215364,2257775235
masks/20190620_p176_slide27_ac1_vz_s1_p1_r15_a15_ac_full_l2_x31_y0_cyto.tiff,8,26496,281500,2257777357
masks/20190619_p173_slide31_ac1_vz_s1_p1_r9_a9_ac_full_l1_x0_y0_nucleiexp.tiff,8,5046,108124,2257803987
masks/20190708_p173_slide26_ac1_vz_s1_p4_r31_a31_ac_full_l5_x1011_y215_nucleiexp.tiff,8,7612,168772,2257809169
masks/20190619_p176_slide20_ac1_vz_s1_p1_r6_a6_ac_full_cropmask_l17_x870_y1797_sphere.tiff,8,3453,354412,2257816924
masks/20190709_p176_slide47_ac1_vz_s1_p1_r1_a1_ac_full_cropmask_l2_x5_y0_sphere.tiff,8,1032,48020,2257820525
masks/20190715_p176_slide30_ac1_vz_s1_p1_r16_a16_ac_full_cropmask_l5_x368_y1225_sphere.tiff,8,2432,299414,2257821699
masks/20190620_p173_slide19_ac1_vz_s1_p1_r9_a9_ac_full_l2_x182_y400_nucleiexp.tiff,8,5013,95532,2257824280
masks/20190715_p173_slide16_ac1_vz_s1_p1_r4_a4_ac_full_l1_x0_y0_cyto.tiff,8,4581,62892,2257829433
masks/20190620_p176_slide5_ac1_vz_s1_p1_r8_a8_ac_full_l1_x0_y0_cyto.tiff,8,14202,157542,2257834145
masks/20190619_p176_slide20_ac1_vz_s1_p1_r6_a6_ac_full_cropmask_l6_x293_y650_sphere.tiff,8,2977,327806,2257848477
masks/20190619_p176_slide20_ac1_vz_s1_p1_r6_a6_ac_full_l14_x723_y1220_nucleiexp.tiff,8,7879,168436,2257851600
masks/20190715_p173_slide16_ac1_vz_s1_p2_r37_a37_ac_full_l14_x1031_y763_nucleiexp.tiff,8,9977,197458,2257859621
masks/20190715_p173_slide16_ac1_vz_s1_p2_r30_a30_ac_full_l2_x134_y0_nucleiexp.tiff,8,14046,241720,2257869742
masks/20190621_p173_slide13_ac1_vz_s1_p1_r4_a4_ac_full_cropmask_l2_x101_y34_sphere.tiff,8,989,75508,2257883928
masks/20190710_p173_slide36_ac1_vz_s1_p1_r13_a13_ac_full_l3_x231_y214_cell.tiff,8,8017,120156,2257885062
masks/20190620_p176_slide5_ac1_vz_s1_p1_r6_a6_ac_full_cropmask_l32768_x0_y0_sphere.tiff,8,222,38114,2257893216
masks/20190620_p173_slide19_ac1_vz_s1_p1_r22_a22_ac_full_l13_x747_y683_nucleiexp.tiff,8,16547,272578,2257893583
masks/20190715_p173_slide16_ac1_vz_s1_p2_r30_a30_ac_full_cropmask_l1_x0_y301_sphere.tiff,8,3219,428206,2257910273
masks/20190708_p176_slide33_ac1_vz_s1_p1_r16_a16_ac_full_cropmask_l8_x868_y522_sphere.tiff,8,4136,506596,2257913638
masks/20190620_p173_slide19_ac1_vz_s1_p1_r9_a9_ac_full_l3_x131_y0_cell.tiff,8,18890,220666,2257917922
masks/20190708_p173_slide26_ac1_vz_s1_p6_r49_a49_ac_full_l1_x0_y0_nucleiexp.tiff,8,24927,425472,2257936945
masks/20190620_p173_slide19_ac1_vz_s1_p1_r3_a3_ac_full_l1_x0_y0_nucleiexp.tiff,8,5713,118828,2257962010
masks/20190710_p176_slide23_ac1_vz_s1_p1_r6_a6_ac_full_l15_x730_y612_cyto.tiff,8,18634,216238,2257967859
masks/20190708_p176_slide33_ac1_vz_s1_p1_r16_a16_ac_full_l5_x303_y97_cell.tiff,8,20206,265162,2257986629
masks/20190715_p173_slide16_ac1_vz_s1_p1_r17_a17_ac_full_cropmask_l5_x413_y535_sphere.tiff,8,1920,126108,2258006971
masks/20190715_p176_slide14_ac1_vz_s1_p1_r4_a4_ac_full_l5_x357_y1169_cell.tiff,8,28654,334822,2258009039
masks/20190620_p176_slide27_ac1_vz_s1_p1_r13_a13_ac_full_l1_x10_y23_nucleiexp.tiff,8,7834,163176,2258037829
masks/20190620_p176_slide27_ac1_vz_s1_p1_r8_a8_ac_full_cropmask_l32768_x0_y0_sphere.tiff,8,243,60658,2258045803
masks/20190625_p173_slide10_ac1_vz_s1_p1_r17_a17_ac_full_cropmask_l7_x342_y145_sphere.tiff,8,4382,453292,2258046192
masks/20190619_p176_slide20_ac1_vz_s1_p1_r6_a6_ac_full_cropmask_l11_x637_y1874_sphere.tiff,8,950,80644,2258050722
masks/20190715_p173_slide16_ac1_vz_s1_p2_r37_a37_ac_full_l2_x18_y0_nucleiexp.tiff,8,5938,131668,2258051820
masks/20190621_p176_slide36_ac1_vz_s1_p1_r10_a10_ac_full_l1_x1_y17_cyto.tiff,8,26365,291776,2258057897
masks/20190625_p173_slide10_ac1_vz_s1_p1_r14_a14_ac_full_l1_x17_y0_nucleiexp.tiff,8,16801,288556,2258084396
masks/20190708_p173_slide26_ac1_vz_s1_p4_r31_a31_ac_full_l1_x0_y91_cell.tiff,8,10075,149812,2258101336
masks/20190710_p176_slide8_ac1_vz_s1_p1_r14_a14_ac_full_cropmask_l12_x915_y208_sphere.tiff,8,1928,183880,2258111545
masks/20190709_p176_slide11_ac1_vz_s1_p1_r15_a15_ac_full_l29_x1428_y715_cyto.tiff,8,25064,251332,2258113621
masks/20190619_p176_slide20_ac1_vz_s1_p1_r6_a6_ac_full_l34_x1760_y394_nucleiexp.tiff,8,3877,88024,2258138824
masks/20190708_p173_slide26_ac1_vz_s1_p5_r65_a65_ac_full_l1_x0_y0_cyto.tiff,8,11464,139366,2258142843
masks/20190710_p176_slide8_ac1_vz_s1_p1_r14_a14_ac_full_l13_x1133_y0_cell.tiff,8,14653,206858,2258154440
masks/20190619_p176_slide43_ac1_vz_s1_p1_r9_a9_ac_full_l2_x346_y217_cell.tiff,8,28242,309004,2258169229
masks/20190619_p173_slide8_ac1_vz_s1_p1_r6_a6_ac_full_cropmask_l7_x376_y127_sphere.tiff,8,1834,130788,2258197606
masks/20190708_p176_slide33_ac1_vz_s1_p1_r16_a16_ac_full_l3_x78_y596_cyto.tiff,8,17587,215364,2258199585
masks/20190621_p173_slide4_ac1_vz_s1_p1_r16_a16_ac_full_l6_x721_y194_cyto.tiff,8,13783,147692,2258217308
masks/20190715_p176_slide14_ac1_vz_s1_p1_r4_a4_ac_full_l1_x0_y1070_cell.tiff,8,15075,238310,2258231227
masks/20190619_p176_slide20_ac1_vz_s1_p1_r6_a6_ac_full_l20_x959_y729_nucleiexp.tiff,8,40486,620374,2258246436
masks/20190619_p173_slide8_ac1_vz_s1_p1_r3_a3_ac_full_cropmask_l1_x0_y0_sphere.tiff,8,1086,97788,2258287063
masks/20190619_p176_slide20_ac1_vz_s1_p1_r6_a6_ac_full_l43_x2368_y936_nucleiexp.tiff,8,11810,235832,2258288290
masks/20190620_p173_slide19_ac1_vz_s1_p1_r22_a22_ac_full_l9_x423_y287_cyto.tiff,8,28535,336868,2258300242
masks/20190620_p173_slide19_ac1_vz_s1_p1_r9_a9_ac_full_cropmask_l3_x131_y0_sphere.tiff,8,2221,220666,2258328914
masks/20190619_p173_slide8_ac1_vz_s1_p1_r6_a6_ac_full_l11_x701_y305_cell.tiff,8,6536,115804,2258331279
masks/20190625_p173_slide10_ac1_vz_s1_p1_r9_a9_ac_full_l1_x7_y218_cell.tiff,8,4383,65116,2258337950
masks/20190709_p176_slide11_ac1_vz_s1_p1_r15_a15_ac_full_l19_x907_y581_cyto.tiff,8,13133,139858,2258342466
masks/20190621_p173_slide13_ac1_vz_s1_p1_r8_a8_ac_full_cropmask_l11_x798_y561_sphere.tiff,8,2731,362356,2258355737
masks/20190619_p176_slide20_ac1_vz_s1_p1_r6_a6_ac_full_l30_x1446_y772_cell.tiff,8,33296,365836,2258358615
masks/20190710_p173_slide6_ac1_vz_s1_p1_r6_a6_ac_full_l1_x30_y871_nucleiexp.tiff,8,4848,99454,2258392048
masks/20190620_p173_slide19_ac1_vz_s1_p1_r6_a6_ac_full_cropmask_l1_x0_y0_sphere.tiff,8,2431,292108,2258397034
masks/20190715_p176_slide14_ac1_vz_s1_p1_r4_a4_ac_full_l17_x868_y350_cyto.tiff,8,11583,158594,2258399607
masks/20190709_p176_slide11_ac1_vz_s1_p1_r15_a15_ac_full_cropmask_l25_x1167_y348_sphere.tiff,8,1970,278524,2258411326
masks/20190715_p173_slide22_ac1_vz_s1_p1_r13_a13_ac_full_l1_x0_y0_nucleiexp.tiff,8,13222,227298,2258413446
masks/20190710_p176_slide23_ac1_vz_s1_p1_r6_a6_ac_full_l32_x1477_y38_cell.tiff,8,5896,118828,2258426806
masks/20190715_p176_slide14_ac1_vz_s1_p1_r4_a4_ac_full_l4_x345_y1935_nucleiexp.tiff,8,15429,251568,2258432838
masks/20190710_p176_slide23_ac1_vz_s1_p1_r6_a6_ac_full_l18_x926_y94_nucleiexp.tiff,8,9865,209152,2258448408
masks/20190619_p173_slide8_ac1_vz_s1_p1_r6_a6_ac_full_l16_x1051_y479_nucleiexp.tiff,8,7573,184948,2258458413
masks/20190710_p176_slide8_ac1_vz_s1_p1_r14_a14_ac_full_l11_x871_y475_cyto.tiff,8,30183,305164,2258466127
masks/20190715_p173_slide16_ac1_vz_s1_p2_r31_a31_ac_full_cropmask_l1_x0_y0_sphere.tiff,8,861,68710,2258496447
masks/20190710_p176_slide23_ac1_vz_s1_p1_r6_a6_ac_full_l31_x1300_y1904_nucleiexp.tiff,8,16934,387740,2258497452
masks/20190708_p173_slide26_ac1_vz_s1_p5_r73_a73_ac_full_l1_x2_y0_nucleiexp.tiff,8,1874,49840,2258514529
masks/20190710_p173_slide6_ac1_vz_s1_p1_r6_a6_ac_full_l1_x30_y871_cell.tiff,8,6525,99454,2258516541
masks/20190621_p173_slide13_ac1_vz_s1_p1_r17_a17_ac_full_cropmask_l3_x247_y485_sphere.tiff,8,5034,681184,2258523199
masks/20190715_p173_slide22_ac1_vz_s1_p1_r27_a27_ac_full_l2_x0_y279_cell.tiff,8,7772,129696,2258528381
masks/20190620_p173_slide19_ac1_vz_s1_p1_r22_a22_ac_full_l9_x423_y287_nucleiexp.tiff,8,17320,336868,2258536288
masks/20190620_p173_slide19_ac1_vz_s1_p1_r22_a22_ac_full_l8_x391_y60_nucleiexp.tiff,8,6991,139468,2258553750
masks/20190711_p176_slide39_ac1_vz_s1_p1_r4_a4_ac_full_l1_x0_y0_cyto.tiff,8,12828,146350,2258560882
masks/20190711_p173_slide28_ac1_vz_s1_p1_r4_a4_ac_full_cropmask_l1_x2_y0_sphere.tiff,8,1805,206222,2258573841
masks/20190620_p176_slide27_ac1_vz_s1_p1_r18_a18_ac_full_l3_x198_y0_cell.tiff,8,6923,98388,2258575788
masks/20190708_p173_slide26_ac1_vz_s1_p4_r1_a1_ac_full_cropmask_l1_x0_y0_sphere.tiff,8,763,58728,2258582846
masks/20190710_p173_slide6_ac1_vz_s1_p1_r6_a6_ac_full_l14_x751_y1253_cyto.tiff,8,26577,283312,2258583751
masks/20190619_p176_slide20_ac1_vz_s1_p1_r6_a6_ac_full_l21_x1121_y1969_cyto.tiff,8,14336,150550,2258610464
masks/20190715_p176_slide30_ac1_vz_s1_p1_r8_a8_ac_full_l1_x0_y0_cell.tiff,8,9907,133492,2258624938
masks/20190709_p176_slide11_ac1_vz_s1_p1_r15_a15_ac_full_cropmask_l31_x1669_y532_sphere.tiff,8,2620,261720,2258634976
masks/20190709_p176_slide47_ac1_vz_s1_p1_r8_a8_ac_full_l1_x0_y0_cyto.tiff,8,20391,217556,2258637746
masks/20190620_p173_slide19_ac1_vz_s1_p1_r22_a22_ac_full_l14_x887_y437_cell.tiff,8,17192,234988,2258658268
masks/20190708_p176_slide33_ac1_vz_s1_p1_r1_a1_ac_full_l1_x0_y3_nucleiexp.tiff,8,33997,570482,2258675598
masks/20190715_p176_slide14_ac1_vz_s1_p1_r4_a4_ac_full_l26_x1411_y1657_cyto.tiff,8,21259,206332,2258709731
masks/20190709_p176_slide11_ac1_vz_s1_p1_r15_a15_ac_full_l31_x1669_y532_cell.tiff,8,19523,261720,2258731128
masks/20190708_p173_slide26_ac1_vz_s1_p4_r5_a5_ac_full_l2_x0_y282_cell.tiff,8,36300,451068,2258750790
masks/20190715_p176_slide14_ac1_vz_s1_p1_r4_a4_ac_full_l19_x1043_y1258_cell.tiff,8,5891,102412,2258787223
masks/20190715_p173_slide16_ac1_vz_s1_p1_r17_a17_ac_full_l9_x683_y0_nucleiexp.tiff,8,17056,323468,2258793252
masks/20190708_p173_slide26_ac1_vz_s1_p6_r59_a59_ac_full_l2_x128_y0_cell.tiff,8,9837,133234,2258810448
masks/20190715_p173_slide16_ac1_vz_s1_p2_r37_a37_ac_full_cropmask_l6_x404_y925_sphere.tiff,8,1779,174988,2258820420
masks/20190710_p176_slide23_ac1_vz_s1_p1_r6_a6_ac_full_l37_x1644_y341_nucleiexp.tiff,8,14126,296944,2258822347
masks/20190715_p173_slide16_ac1_vz_s1_p1_r17_a17_ac_full_l5_x413_y535_cyto.tiff,8,12822,126108,2258836615
masks/20190715_p176_slide30_ac1_vz_s1_p1_r16_a16_ac_full_l8_x706_y974_cell.tiff,8,33681,463588,2258849574
masks/20190620_p176_slide27_ac1_vz_s1_p1_r16_a16_ac_full_l1_x0_y90_cyto.tiff,8,16133,191428,2258883392
masks/20190709_p176_slide16_ac1_vz_s1_p1_r7_a7_ac_full_l24_x1258_y2323_cyto.tiff,8,12978,164212,2258899659
masks/20190620_p176_slide27_ac1_vz_s1_p1_r4_a4_ac_full_l2_x78_y294_cell.tiff,8,15350,217556,2258912775
masks/20190619_p176_slide43_ac1_vz_s1_p1_r5_a5_ac_full_cropmask_l1_x0_y0_sphere.tiff,8,2003,274808,2258928259
masks/20190709_p176_slide11_ac1_vz_s1_p1_r15_a15_ac_full_l33_x1726_y195_cell.tiff,8,22365,300268,2258930404
masks/20190709_p176_slide16_ac1_vz_s1_p1_r7_a7_ac_full_cropmask_l1_x0_y1143_sphere.tiff,8,2342,280156,2258952908
masks/20190625_p173_slide10_ac1_vz_s1_p1_r4_a4_ac_full_cropmask_l1_x12_y0_sphere.tiff,8,773,60292,2258955395
masks/20190709_p176_slide47_ac1_vz_s1_p1_r8_a8_ac_full_l1_x0_y0_nucleiexp.tiff,8,11212,217556,2258956311
masks/20190621_p173_slide13_ac1_vz_s1_p1_r8_a8_ac_full_l5_x172_y197_cyto.tiff,8,12864,151446,2258967659
masks/20190625_p173_slide10_ac1_vz_s1_p1_r17_a17_ac_full_cropmask_l1_x0_y362_sphere.tiff,8,877,61446,2258980658
masks/20190715_p173_slide16_ac1_vz_s1_p1_r12_a12_ac_full_cropmask_l2_x70_y63_sphere.tiff,8,2506,189658,2258981681
masks/20190709_p176_slide11_ac1_vz_s1_p1_r15_a15_ac_full_cropmask_l20_x877_y1090_sphere.tiff,8,3165,327016,2258984333
masks/20190620_p173_slide19_ac1_vz_s1_p1_r10_a10_ac_full_l1_x0_y0_cyto.tiff,8,3594,45250,2258987648
masks/20190620_p176_slide27_ac1_vz_s1_p1_r22_a22_ac_full_l8_x1137_y75_cell.tiff,8,2171,58750,2258991375
masks/20190708_p173_slide26_ac1_vz_s1_p5_r72_a72_ac_full_l1_x0_y0_cyto.tiff,8,26627,286398,2258993683
masks/20190625_p173_slide10_ac1_vz_s1_p1_r18_a18_ac_full_l7_x545_y718_cell.tiff,8,3363,49772,2259020443
masks/20190621_p173_slide13_ac1_vz_s1_p1_r8_a8_ac_full_l8_x368_y0_cell.tiff,8,15768,238744,2259023943
masks/20190625_p173_slide10_ac1_vz_s1_p1_r2_a2_ac_full_l2_x374_y0_nucleiexp.tiff,8,11391,215386,2259039844
masks/20190715_p173_slide22_ac1_vz_s1_p1_r17_a17_ac_full_l1_x0_y281_cell.tiff,8,8080,100332,2259051373
masks/20190715_p173_slide22_ac1_vz_s1_p1_r18_a18_ac_full_l2_x207_y0_nucleiexp.tiff,8,17088,288304,2259059588
masks/20190715_p173_slide16_ac1_vz_s1_p2_r37_a37_ac_full_l8_x670_y991_cell.tiff,8,14558,169600,2259076816
masks/20190709_p176_slide16_ac1_vz_s1_p1_r7_a7_ac_full_cropmask_l25_x1278_y210_sphere.tiff,8,2178,201238,2259091511
masks/20190710_p176_slide23_ac1_vz_s1_p1_r6_a6_ac_full_l18_x926_y94_cell.tiff,8,14236,209152,2259093837
masks/20190620_p176_slide27_ac1_vz_s1_p1_r22_a22_ac_full_l1_x0_y191_nucleiexp.tiff,8,15916,284326,2259108208
masks/20190715_p173_slide16_ac1_vz_s1_p1_r1_a1_ac_full_l1_x0_y6_cell.tiff,8,4478,87288,2259124264
masks/20190708_p173_slide26_ac1_vz_s1_p4_r5_a5_ac_full_l2_x0_y282_cyto.tiff,8,44591,451068,2259128873
masks/20190715_p173_slide16_ac1_vz_s1_p1_r17_a17_ac_full_l3_x113_y600_nucleiexp.tiff,8,4429,88432,2259173597
masks/20190619_p173_slide31_ac1_vz_s1_p1_r4_a4_ac_full_l32768_x0_y0_cyto.tiff,8,983,20469,2259178168
masks/20190619_p173_slide8_ac1_vz_s1_p1_r6_a6_ac_full_cropmask_l3_x93_y1195_sphere.tiff,8,1722,157448,2259179286
masks/20190620_p176_slide27_ac1_vz_s1_p1_r22_a22_ac_full_l1_x0_y191_cell.tiff,8,23035,284326,2259181153
masks/20190715_p173_slide22_ac1_vz_s1_p1_r1_a1_ac_full_l2_x98_y270_cyto.tiff,8,6918,87436,2259204323
masks/20190715_p176_slide30_ac1_vz_s1_p1_r16_a16_ac_full_cropmask_l2_x47_y510_sphere.tiff,8,2857,375968,2259211375
masks/20190709_p176_slide16_ac1_vz_s1_p1_r7_a7_ac_full_l16_x729_y1617_cyto.tiff,8,34492,322528,2259214379
masks/20190708_p173_slide26_ac1_vz_s1_p4_r12_a12_ac_full_l1_x0_y0_cell.tiff,8,8894,110938,2259249008
masks/20190619_p173_slide8_ac1_vz_s1_p1_r6_a6_ac_full_cropmask_l15_x992_y210_sphere.tiff,8,2431,196792,2259258035
masks/20190709_p176_slide16_ac1_vz_s1_p1_r7_a7_ac_full_l14_x695_y1315_nucleiexp.tiff,8,12707,223828,2259260612
masks/20190709_p176_slide11_ac1_vz_s1_p1_r15_a15_ac_full_l23_x1151_y1828_nucleiexp.tiff,8,10880,191764,2259273461
masks/20190710_p176_slide23_ac1_vz_s1_p1_r6_a6_ac_full_cropmask_l32_x1477_y38_sphere.tiff,8,1246,118828,2259284486
masks/20190625_p173_slide10_ac1_vz_s1_p1_r18_a18_ac_full_l2_x261_y260_nucleiexp.tiff,8,10643,168418,2259285879
masks/20190625_p173_slide10_ac1_vz_s1_p1_r11_a11_ac_full_l1_x0_y0_cyto.tiff,8,4271,53018,2259296664
masks/20190715_p176_slide14_ac1_vz_s1_p1_r4_a4_ac_full_l35_x1794_y328_cell.tiff,8,30900,370004,2259301068
masks/20190710_p176_slide23_ac1_vz_s1_p1_r6_a6_ac_full_l37_x1644_y341_cell.tiff,8,19165,296944,2259332105
masks/20190711_p176_slide39_ac1_vz_s1_p1_r6_a6_ac_full_cropmask_l4_x458_y663_sphere.tiff,8,1820,186816,2259351407
masks/20190710_p176_slide8_ac1_vz_s1_p1_r14_a14_ac_full_l2_x0_y1099_cell.tiff,8,13653,175468,2259353373
masks/20190620_p173_slide19_ac1_vz_s1_p1_r22_a22_ac_full_l2_x5_y0_nucleiexp.tiff,8,11398,198752,2259367161
masks/20190709_p176_slide16_ac1_vz_s1_p1_r7_a7_ac_full_l37_x1814_y146_nucleiexp.tiff,8,6727,157066,2259378697
masks/20190715_p173_slide16_ac1_vz_s1_p2_r21_a21_ac_full_l2_x175_y26_cell.tiff,8,1685,24544,2259385566
masks/20190621_p173_slide13_ac1_vz_s1_p1_r8_a8_ac_full_l7_x347_y700_cyto.tiff,8,2781,53388,2259387387
masks/20190625_p173_slide10_ac1_vz_s1_p1_r9_a9_ac_full_cropmask_l2_x111_y191_sphere.tiff,8,1261,92288,2259390303
masks/20190621_p173_slide4_ac1_vz_s1_p1_r16_a16_ac_full_l7_x861_y0_cell.tiff,8,15345,227068,2259391710
masks/20190709_p176_slide16_ac1_vz_s1_p1_r7_a7_ac_full_l17_x784_y440_cyto.tiff,8,16276,187468,2259407189
masks/20190710_p176_slide23_ac1_vz_s1_p1_r6_a6_ac_full_l30_x1386_y477_nucleiexp.tiff,8,6233,152588,2259423601
masks/20190621_p173_slide13_ac1_vz_s1_p1_r8_a8_ac_full_l8_x368_y0_nucleiexp.tiff,8,11824,238744,2259429976
masks/20190715_p173_slide16_ac1_vz_s1_p2_r34_a34_ac_full_l2_x336_y36_cyto.tiff,8,4014,60620,2259441938
masks/20190715_p176_slide14_ac1_vz_s1_p1_r4_a4_ac_full_cropmask_l10_x700_y577_sphere.tiff,8,812,38268,2259446088
masks/20190620_p176_slide5_ac1_vz_s1_p1_r14_a14_ac_full_l2_x80_y448_cyto.tiff,8,12300,142092,2259447047
masks/20190715_p173_slide16_ac1_vz_s1_p1_r9_a9_ac_full_l1_x17_y0_cell.tiff,8,4321,86830,2259459482
masks/20190621_p173_slide13_ac1_vz_s1_p1_r10_a10_ac_full_l1_x0_y0_cyto.tiff,8,13674,166158,2259463935
masks/20190710_p176_slide23_ac1_vz_s1_p1_r6_a6_ac_full_l46_x2253_y974_cell.tiff,8,10783,160524,2259477742
masks/20190708_p173_slide26_ac1_vz_s1_p6_r63_a63_ac_full_cropmask_l2_x180_y0_sphere.tiff,8,2699,275542,2259488662
masks/20190621_p173_slide13_ac1_vz_s1_p1_r17_a17_ac_full_cropmask_l7_x885_y0_sphere.tiff,8,845,45544,2259491507
masks/20190619_p173_slide31_ac1_vz_s1_p1_r13_a13_ac_full_cropmask_l1_x0_y0_sphere.tiff,8,1363,141730,2259492498
masks/20190715_p173_slide22_ac1_vz_s1_p1_r24_a24_ac_full_cropmask_l1_x0_y348_sphere.tiff,8,819,48598,2259494005
masks/20190708_p176_slide33_ac1_vz_s1_p1_r16_a16_ac_full_cropmask_l7_x552_y779_sphere.tiff,8,2889,332684,2259494970
masks/20190709_p176_slide16_ac1_vz_s1_p1_r7_a7_ac_full_l24_x1258_y2323_cell.tiff,8,10573,164212,2259498007
masks/20190715_p173_slide22_ac1_vz_s1_p1_r19_a19_ac_full_l1_x0_y0_cyto.tiff,8,18573,203140,2259508718
masks/20190710_p173_slide6_ac1_vz_s1_p1_r6_a6_ac_full_cropmask_l10_x370_y131_sphere.tiff,8,1647,170794,2259527424
masks/20190711_p173_slide28_ac1_vz_s1_p1_r13_a13_ac_full_cropmask_l4_x387_y130_sphere.tiff,8,2050,137548,2259529217
masks/20190621_p176_slide36_ac1_vz_s1_p1_r6_a6_ac_full_l1_x0_y5_cyto.tiff,8,6426,87430,2259531415
masks/20190715_p176_slide30_ac1_vz_s1_p1_r16_a16_ac_full_cropmask_l6_x464_y0_sphere.tiff,8,2329,242248,2259537972
masks/20190619_p176_slide43_ac1_vz_s1_p1_r9_a9_ac_full_l2_x346_y217_nucleiexp.tiff,8,20535,309004,2259540447
masks/20190715_p173_slide16_ac1_vz_s1_p2_r21_a21_ac_full_cropmask_l4_x279_y166_sphere.tiff,8,434,17867,2259561122
masks/20190715_p173_slide16_ac1_vz_s1_p2_r37_a37_ac_full_l4_x212_y439_nucleiexp.tiff,8,4650,91068,2259561704
masks/20190621_p173_slide13_ac1_vz_s1_p1_r17_a17_ac_full_l2_x0_y308_cyto.tiff,8,29728,279922,2259566496
masks/20190625_p173_slide10_ac1_vz_s1_p1_r17_a17_ac_full_l8_x649_y0_cell.tiff,8,29531,356428,2259596359
masks/20190715_p176_slide14_ac1_vz_s1_p1_r4_a4_ac_full_l11_x587_y884_nucleiexp.tiff,8,17586,311468,2259626025
masks/20190619_p176_slide20_ac1_vz_s1_p1_r6_a6_ac_full_cropmask_l2_x0_y949_sphere.tiff,8,2594,322898,2259643752
masks/20190715_p173_slide22_ac1_vz_s1_p1_r17_a17_ac_full_cropmask_l1_x0_y281_sphere.tiff,8,1209,100332,2259646490
masks/20190620_p176_slide27_ac1_vz_s1_p1_r16_a16_ac_full_l2_x74_y209_cell.tiff,8,45678,526528,2259647845
masks/20190619_p173_slide31_ac1_vz_s1_p1_r15_a15_ac_full_l1_x0_y0_nucleiexp.tiff,8,2563,67174,2259693659
masks/20190708_p173_slide26_ac1_vz_s1_p5_r64_a64_ac_full_l1_x0_y0_cell.tiff,8,3000,58096,2259696360
masks/20190620_p173_slide19_ac1_vz_s1_p1_r5_a5_ac_full_l1_x0_y0_cell.tiff,8,8052,115636,2259699493
masks/20190715_p173_slide16_ac1_vz_s1_p1_r8_a8_ac_full_cropmask_l5_x245_y316_sphere.tiff,8,1136,85512,2259707676
masks/20190619_p173_slide31_ac1_vz_s1_p1_r7_a7_ac_full_cropmask_l1_x2_y0_sphere.tiff,8,1659,183418,2259708958
masks/20190621_p176_slide36_ac1_vz_s1_p1_r5_a5_ac_full_l1_x0_y115_nucleiexp.tiff,8,4552,97948,2259710759
masks/20190620_p176_slide27_ac1_vz_s1_p1_r18_a18_ac_full_l1_x0_y391_cell.tiff,8,15364,210756,2259715449
masks/20190715_p173_slide22_ac1_vz_s1_p1_r24_a24_ac_full_l4_x296_y0_nucleiexp.tiff,8,9411,225328,2259730948
masks/20190619_p176_slide20_ac1_vz_s1_p1_r6_a6_ac_full_l1_x48_y635_nucleiexp.tiff,8,3851,102348,2259740499
masks/20190709_p176_slide11_ac1_vz_s1_p1_r15_a15_ac_full_l14_x762_y650_cell.tiff,8,10269,134268,2259744489
masks/20190715_p173_slide22_ac1_vz_s1_p1_r1_a1_ac_full_cropmask_l1_x0_y0_sphere.tiff,8,1599,181808,2259754896
masks/20190621_p173_slide13_ac1_vz_s1_p1_r10_a10_ac_full_cropmask_l4_x481_y124_sphere.tiff,8,1818,157216,2259756637
masks/20190620_p176_slide5_ac1_vz_s1_p1_r9_a9_ac_full_l1_x0_y0_nucleiexp.tiff,8,10811,206012,2259758603
masks/20190710_p176_slide8_ac1_vz_s1_p1_r14_a14_ac_full_cropmask_l15_x1451_y22_sphere.tiff,8,1588,168418,2259769549
masks/20190715_p173_slide16_ac1_vz_s1_p2_r23_a23_ac_full_l2_x134_y0_nucleiexp.tiff,8,6457,115918,2259771285
masks/20190715_p173_slide16_ac1_vz_s1_p1_r17_a17_ac_full_l8_x621_y485_cyto.tiff,8,9106,106768,2259777882
masks/20190620_p176_slide27_ac1_vz_s1_p1_r16_a16_ac_full_l2_x74_y209_nucleiexp.tiff,8,33468,526528,2259787125
masks/20190715_p173_slide16_ac1_vz_s1_p1_r5_a5_ac_full_l1_x0_y0_nucleiexp.tiff,8,14706,280624,2259820734
masks/20190619_p173_slide8_ac1_vz_s1_p1_r6_a6_ac_full_l12_x616_y997_nucleiexp.tiff,8,18941,358792,2259835576
masks/20190621_p176_slide36_ac1_vz_s1_p1_r3_a3_ac_full_l1_x0_y0_cyto.tiff,8,31043,314974,2259854657
masks/20190619_p173_slide31_ac1_vz_s1_p1_r11_a11_ac_full_l2_x217_y72_cyto.tiff,8,21134,204424,2259885831
masks/20190709_p176_slide16_ac1_vz_s1_p1_r7_a7_ac_full_l28_x1394_y1748_cyto.tiff,8,14668,167278,2259907101
masks/20190619_p173_slide31_ac1_vz_s1_p1_r14_a14_ac_full_l3_x389_y144_cyto.tiff,8,22958,249478,2259921907
masks/20190619_p173_slide8_ac1_vz_s1_p1_r6_a6_ac_full_l9_x416_y292_cell.tiff,8,8465,129282,2259945002
masks/20190709_p176_slide16_ac1_vz_s1_p1_r7_a7_ac_full_l41_x2211_y1248_nucleiexp.tiff,8,10189,198476,2259953601
masks/20190708_p173_slide26_ac1_vz_s1_p4_r2_a2_ac_full_l1_x1_y0_nucleiexp.tiff,8,5562,114844,2259963933
masks/20190619_p176_slide20_ac1_vz_s1_p1_r6_a6_ac_full_l5_x223_y1835_cyto.tiff,8,34402,330532,2259969631
masks/20190621_p173_slide13_ac1_vz_s1_p1_r8_a8_ac_full_l4_x54_y1161_cell.tiff,8,43472,527452,2260004169
masks/20190619_p176_slide43_ac1_vz_s1_p1_r5_a5_ac_full_l1_x0_y0_cyto.tiff,8,27203,274808,2260047776
masks/20190710_p176_slide23_ac1_vz_s1_p1_r6_a6_ac_full_l5_x295_y1063_cyto.tiff,8,30455,352702,2260075110
masks/20190619_p176_slide20_ac1_vz_s1_p1_r6_a6_ac_full_l34_x1760_y394_cell.tiff,8,5391,88024,2260105701
masks/20190621_p173_slide13_ac1_vz_s1_p1_r2_a2_ac_full_l1_x0_y9_cyto.tiff,8,21459,243820,2260111229
masks/20190621_p173_slide13_ac1_vz_s1_p1_r8_a8_ac_full_l5_x172_y197_nucleiexp.tiff,8,7820,151446,2260132819
masks/20190621_p176_slide36_ac1_vz_s1_p1_r4_a4_ac_full_l1_x0_y0_cyto.tiff,8,37148,368108,2260140779
masks/20190710_p176_slide23_ac1_vz_s1_p1_r6_a6_ac_full_cropmask_l38_x1681_y1_sphere.tiff,8,1780,208476,2260178058
masks/20190710_p173_slide36_ac1_vz_s1_p1_r13_a13_ac_full_l4_x250_y0_cyto.tiff,8,12575,150788,2260179984
masks/20190625_p173_slide10_ac1_vz_s1_p1_r18_a18_ac_full_l8_x588_y600_cell.tiff,8,7080,99868,2260192694
masks/20190708_p173_slide39_ac1_vz_s1_p1_r11_a11_ac_full_l1_x0_y0_cyto.tiff,8,13829,154280,2260199911
masks/20190708_p173_slide26_ac1_vz_s1_p5_r64_a64_ac_full_l1_x0_y0_nucleiexp.tiff,8,2161,58096,2260213873
masks/20190710_p176_slide23_ac1_vz_s1_p1_r6_a6_ac_full_cropmask_l45_x2183_y360_sphere.tiff,8,2080,196204,2260216172
masks/20190708_p173_slide26_ac1_vz_s1_p4_r31_a31_ac_full_l3_x602_y162_cyto.tiff,8,26003,259388,2260218400
masks/20190710_p173_slide36_ac1_vz_s1_p1_r8_a8_ac_full_cropmask_l1_x0_y0_sphere.tiff,8,1523,177484,2260244540
masks/20190711_p173_slide28_ac1_vz_s1_p1_r13_a13_ac_full_l6_x851_y0_cell.tiff,8,11304,141208,2260246205
masks/20190709_p176_slide16_ac1_vz_s1_p1_r7_a7_ac_full_l27_x1337_y1136_cyto.tiff,8,35398,349590,2260257644
masks/20190715_p173_slide16_ac1_vz_s1_p1_r2_a2_ac_full_l2_x130_y0_nucleiexp.tiff,8,6369,115076,2260293180
masks/20190709_p176_slide16_ac1_vz_s1_p1_r7_a7_ac_full_cropmask_l9_x421_y508_sphere.tiff,8,2933,345544,2260299687
masks/20190708_p173_slide39_ac1_vz_s1_p1_r2_a2_ac_full_l1_x0_y0_cyto.tiff,8,4375,66152,2260302766
masks/20190710_p176_slide8_ac1_vz_s1_p1_r14_a14_ac_full_l14_x1178_y270_nucleiexp.tiff,8,9593,180604,2260307272
masks/20190709_p176_slide16_ac1_vz_s1_p1_r7_a7_ac_full_l2_x97_y1467_cell.tiff,8,24898,302596,2260317008
masks/20190715_p173_slide22_ac1_vz_s1_p1_r13_a13_ac_full_l1_x0_y0_cyto.tiff,8,22270,227298,2260342041
masks/20190619_p176_slide43_ac1_vz_s1_p1_r5_a5_ac_full_l1_x0_y0_cell.tiff,8,22419,274808,2260364444
masks/20190621_p173_slide13_ac1_vz_s1_p1_r2_a2_ac_full_cropmask_l1_x0_y9_sphere.tiff,8,2178,243820,2260386994
masks/20190715_p176_slide14_ac1_vz_s1_p1_r4_a4_ac_full_l16_x855_y74_cyto.tiff,8,9542,127516,2260389314
masks/20190708_p173_slide26_ac1_vz_s1_p6_r59_a59_ac_full_l3_x349_y78_nucleiexp.tiff,8,8764,193498,2260398991
masks/20190620_p176_slide27_ac1_vz_s1_p1_r6_a6_ac_full_l1_x0_y7_cyto.tiff,8,12866,173868,2260407896
masks/20190715_p176_slide30_ac1_vz_s1_p1_r2_a2_ac_full_cropmask_l1_x0_y0_sphere.tiff,8,1511,116228,2260420893
masks/20190621_p173_slide4_ac1_vz_s1_p1_r5_a5_ac_full_cropmask_l1_x0_y0_sphere.tiff,8,1519,163660,2260422546
masks/20190715_p173_slide22_ac1_vz_s1_p1_r10_a10_ac_full_cropmask_l1_x0_y0_sphere.tiff,8,1022,102156,2260424206
masks/20190620_p176_slide5_ac1_vz_s1_p1_r8_a8_ac_full_l1_x0_y0_nucleiexp.tiff,8,8579,157542,2260425372
masks/20190715_p176_slide14_ac1_vz_s1_p1_r4_a4_ac_full_l17_x868_y350_cell.tiff,8,9319,158594,2260434086
masks/20190620_p176_slide27_ac1_vz_s1_p1_r16_a16_ac_full_cropmask_l1_x0_y90_sphere.tiff,8,1961,191428,2260443541
masks/20190621_p176_slide36_ac1_vz_s1_p1_r1_a1_ac_full_l1_x0_y4_cyto.tiff,8,39381,449948,2260445647
masks/20190709_p176_slide47_ac1_vz_s1_p1_r5_a5_ac_full_cropmask_l1_x4_y0_sphere.tiff,8,1885,187148,2260485159
masks/20190620_p176_slide5_ac1_vz_s1_p1_r14_a14_ac_full_cropmask_l1_x0_y128_sphere.tiff,8,1380,144032,2260487186
masks/20190619_p176_slide20_ac1_vz_s1_p1_r6_a6_ac_full_cropmask_l44_x2394_y741_sphere.tiff,8,1635,132428,2260488711
masks/20190709_p176_slide16_ac1_vz_s1_p1_r7_a7_ac_full_l30_x1389_y740_nucleiexp.tiff,8,26587,413296,2260490494
masks/20190709_p176_slide16_ac1_vz_s1_p1_r7_a7_ac_full_l16_x729_y1617_nucleiexp.tiff,8,20755,322528,2260517223
masks/20190709_p176_slide11_ac1_vz_s1_p1_r15_a15_ac_full_l12_x568_y1232_cell.tiff,8,24254,296716,2260538120
masks/20190619_p173_slide8_ac1_vz_s1_p1_r6_a6_ac_full_l17_x1096_y11_cyto.tiff,8,12267,147272,2260562513
masks/20190619_p173_slide31_ac1_vz_s1_p1_r7_a7_ac_full_l1_x2_y0_cell.tiff,8,12686,183418,2260574915
masks/20190708_p173_slide26_ac1_vz_s1_p4_r1_a1_ac_full_l1_x0_y0_nucleiexp.tiff,8,2485,58728,2260587732
masks/20190621_p176_slide36_ac1_vz_s1_p1_r3_a3_ac_full_l1_x0_y0_cell.tiff,8,25397,314974,2260590353
masks/20190620_p173_slide19_ac1_vz_s1_p1_r11_a11_ac_full_l1_x0_y0_cell.tiff,8,5998,87068,2260615881
masks/20190715_p173_slide16_ac1_vz_s1_p1_r17_a17_ac_full_l2_x0_y293_cell.tiff,8,14494,195830,2260622012
masks/20190619_p176_slide20_ac1_vz_s1_p1_r6_a6_ac_full_l27_x1467_y1139_cell.tiff,8,14174,151052,2260636641
masks/20190715_p176_slide30_ac1_vz_s1_p1_r11_a11_ac_full_l1_x0_y0_cell.tiff,8,3400,55380,2260650953
masks/20190619_p173_slide31_ac1_vz_s1_p1_r8_a8_ac_full_l1_x10_y0_cell.tiff,8,3826,64108,2260654486
masks/20190621_p173_slide4_ac1_vz_s1_p1_r16_a16_ac_full_l3_x263_y238_nucleiexp.tiff,8,12275,230608,2260658444
masks/20190709_p176_slide47_ac1_vz_s1_p1_r3_a3_ac_full_l1_x0_y0_cyto.tiff,8,13720,164212,2260670860
masks/20190619_p176_slide43_ac1_vz_s1_p1_r1_a1_ac_full_l1_x0_y0_nucleiexp.tiff,8,8617,158608,2260684711
masks/20190619_p176_slide20_ac1_vz_s1_p1_r6_a6_ac_full_l21_x1121_y1969_nucleiexp.tiff,8,8512,150550,2260693464
masks/20190708_p173_slide26_ac1_vz_s1_p4_r26_a26_ac_full_cropmask_l1_x0_y0_sphere.tiff,8,1476,158140,2260702119
masks/20190620_p173_slide19_ac1_vz_s1_p1_r22_a22_ac_full_cropmask_l13_x747_y683_sphere.tiff,8,2949,272578,2260703739
masks/20190619_p173_slide8_ac1_vz_s1_p1_r6_a6_ac_full_l14_x714_y0_cell.tiff,8,21993,280060,2260706837
masks/20190715_p173_slide16_ac1_vz_s1_p2_r22_a22_ac_full_l1_x0_y0_cell.tiff,8,4778,84136,2260728963
masks/20190715_p173_slide16_ac1_vz_s1_p2_r37_a37_ac_full_l7_x421_y214_nucleiexp.tiff,8,28094,443098,2260733874
masks/20190715_p173_slide22_ac1_vz_s1_p1_r17_a17_ac_full_l1_x0_y281_cyto.tiff,8,9947,100332,2260762110
masks/20190710_p176_slide8_ac1_vz_s1_p1_r14_a14_ac_full_l14_x1178_y270_cell.tiff,8,12789,180604,2260772192
masks/20190715_p173_slide22_ac1_vz_s1_p1_r27_a27_ac_full_l3_x173_y0_cyto.tiff,8,25306,255158,2260785119
masks/20190711_p173_slide28_ac1_vz_s1_p1_r6_a6_ac_full_l1_x4_y5_cyto.tiff,8,12883,146908,2260810560
masks/20190710_p176_slide23_ac1_vz_s1_p1_r6_a6_ac_full_l41_x1728_y683_nucleiexp.tiff,8,20673,371408,2260823574
masks/20190715_p173_slide16_ac1_vz_s1_p1_r17_a17_ac_full_cropmask_l7_x434_y229_sphere.tiff,8,3997,364018,2260844389
masks/20190715_p173_slide22_ac1_vz_s1_p1_r27_a27_ac_full_cropmask_l1_x41_y220_sphere.tiff,8,1033,63838,2260848534
masks/20190710_p176_slide23_ac1_vz_s1_p1_r6_a6_ac_full_l22_x1041_y1752_nucleiexp.tiff,8,6981,173132,2260849714
masks/20190715_p173_slide16_ac1_vz_s1_p1_r12_a12_ac_full_l2_x70_y63_cyto.tiff,8,16245,189658,2260856838
masks/20190621_p173_slide13_ac1_vz_s1_p1_r3_a3_ac_full_l1_x5_y0_nucleiexp.tiff,8,21773,396742,2260873218
masks/20190621_p173_slide4_ac1_vz_s1_p1_r16_a16_ac_full_l3_x263_y238_cyto.tiff,8,20529,230608,2260895127
masks/20190711_p176_slide39_ac1_vz_s1_p1_r3_a3_ac_full_l1_x5_y0_cyto.tiff,8,27233,309340,2260915792
masks/20190709_p176_slide16_ac1_vz_s1_p1_r7_a7_ac_full_l29_x1412_y448_nucleiexp.tiff,8,12874,213472,2260943156
masks/20190710_p176_slide23_ac1_vz_s1_p1_r6_a6_ac_full_l13_x681_y1816_cell.tiff,8,21892,298992,2260956172
masks/20190621_p173_slide13_ac1_vz_s1_p1_r9_a9_ac_full_l32768_x0_y0_nucleiexp.tiff,8,577,18499,2260978201
masks/20190709_p176_slide16_ac1_vz_s1_p1_r7_a7_ac_full_l36_x1699_y376_nucleiexp.tiff,8,26775,411112,2260978918
masks/20190619_p176_slide43_ac1_vz_s1_p1_r1_a1_ac_full_l1_x0_y0_cell.tiff,8,12300,158608,2261005835
masks/20190715_p173_slide22_ac1_vz_s1_p1_r24_a24_ac_full_l3_x113_y408_cell.tiff,8,38310,453220,2261018266
masks/20190708_p173_slide26_ac1_vz_s1_p4_r23_a23_ac_full_l1_x0_y0_cell.tiff,8,3835,68326,2261056713
masks/20190625_p173_slide10_ac1_vz_s1_p1_r9_a9_ac_full_l4_x338_y211_nucleiexp.tiff,8,1794,51868,2261060681
masks/20190710_p173_slide6_ac1_vz_s1_p1_r6_a6_ac_full_l3_x46_y161_cyto.tiff,8,26557,280504,2261062615
masks/20190715_p173_slide22_ac1_vz_s1_p1_r13_a13_ac_full_l2_x209_y185_cell.tiff,8,9833,122600,2261089305
masks/20190620_p176_slide5_ac1_vz_s1_p1_r10_a10_ac_full_l1_x0_y0_nucleiexp.tiff,8,3466,79072,2261099275
masks/20190710_p176_slide23_ac1_vz_s1_p1_r6_a6_ac_full_l2_x130_y1468_cyto.tiff,8,27876,320848,2261102878
masks/20190620_p173_slide19_ac1_vz_s1_p1_r9_a9_ac_full_l4_x311_y257_cyto.tiff,8,31631,291172,2261130890
masks/20190710_p173_slide6_ac1_vz_s1_p1_r6_a6_ac_full_cropmask_l9_x275_y1290_sphere.tiff,8,2130,233500,2261162656
masks/20190710_p173_slide6_ac1_vz_s1_p1_r6_a6_ac_full_l15_x840_y1499_cell.tiff,8,24120,302064,2261164932
masks/20190715_p173_slide16_ac1_vz_s1_p2_r37_a37_ac_full_l3_x89_y542_cyto.tiff,8,7789,89854,2261189188
masks/20190710_p176_slide8_ac1_vz_s1_p1_r14_a14_ac_full_l5_x328_y958_cell.tiff,8,25903,333268,2261197113
masks/20190619_p176_slide43_ac1_vz_s1_p1_r1_a1_ac_full_l1_x0_y0_cyto.tiff,8,14863,158608,2261223152
masks/20190708_p173_slide26_ac1_vz_s1_p4_r31_a31_ac_full_l2_x232_y0_cell.tiff,8,23345,307016,2261238146
masks/20190710_p176_slide23_ac1_vz_s1_p1_r6_a6_ac_full_l16_x841_y2096_cell.tiff,8,2393,38908,2261261626
masks/20190625_p173_slide10_ac1_vz_s1_p1_r17_a17_ac_full_l3_x113_y49_cyto.tiff,8,907,12336,2261264156
masks/20190710_p176_slide23_ac1_vz_s1_p1_r6_a6_ac_full_l38_x1681_y1_cell.tiff,8,12997,208476,2261265199
masks/20190621_p173_slide13_ac1_vz_s1_p1_r8_a8_ac_full_l6_x274_y451_cyto.tiff,8,5059,85958,2261278331
masks/20190709_p176_slide11_ac1_vz_s1_p1_r15_a15_ac_full_l15_x792_y925_cell.tiff,8,6649,115418,2261283525
masks/20190709_p176_slide11_ac1_vz_s1_p1_r5_a5_ac_full_l32768_x0_y0_cell.tiff,8,714,22528,2261290312
masks/20190709_p173_slide2_ac1_vz_s1_p1_r7_a7_ac_full_cropmask_l1_x0_y0_sphere.tiff,8,1478,145676,2261291161
masks/20190619_p176_slide20_ac1_vz_s1_p1_r6_a6_ac_full_l33_x1580_y1515_nucleiexp.tiff,8,13067,259130,2261292780
masks/20190715_p176_slide30_ac1_vz_s1_p1_r16_a16_ac_full_l6_x464_y0_cyto.tiff,8,21972,242248,2261305990
masks/20190708_p173_slide26_ac1_vz_s1_p4_r8_a8_ac_full_cropmask_l1_x0_y0_sphere.tiff,8,1489,171244,2261328097
masks/20190625_p173_slide10_ac1_vz_s1_p1_r18_a18_ac_full_l4_x347_y724_nucleiexp.tiff,8,6592,112828,2261329728
masks/20190715_p176_slide14_ac1_vz_s1_p1_r4_a4_ac_full_l5_x357_y1169_nucleiexp.tiff,8,20228,334822,2261336462
masks/20190620_p176_slide27_ac1_vz_s1_p1_r5_a5_ac_full_l1_x0_y13_nucleiexp.tiff,8,11167,244564,2261356831
masks/20190710_p176_slide23_ac1_vz_s1_p1_r6_a6_ac_full_cropmask_l22_x1041_y1752_sphere.tiff,8,2120,173132,2261368135
masks/20190625_p173_slide10_ac1_vz_s1_p1_r18_a18_ac_full_cropmask_l6_x386_y63_sphere.tiff,8,2196,174644,2261370404
masks/20190708_p173_slide26_ac1_vz_s1_p4_r12_a12_ac_full_l2_x44_y178_nucleiexp.tiff,8,1448,22905,2261372747
masks/20190621_p173_slide13_ac1_vz_s1_p1_r10_a10_ac_full_l4_x481_y124_cyto.tiff,8,16122,157216,2261374336
masks/20190619_p173_slide8_ac1_vz_s1_p1_r6_a6_ac_full_cropmask_l14_x714_y0_sphere.tiff,8,2581,280060,2261390595
masks/20190708_p173_slide26_ac1_vz_s1_p5_r77_a77_ac_full_cropmask_l4_x121_y0_sphere.tiff,8,1739,162808,2261393320
masks/20190715_p173_slide16_ac1_vz_s1_p2_r30_a30_ac_full_l1_x0_y301_cyto.tiff,8,40674,428206,2261395205
masks/20190715_p176_slide14_ac1_vz_s1_p1_r4_a4_ac_full_l6_x357_y1545_cyto.tiff,8,40955,385132,2261436014
masks/20190708_p173_slide26_ac1_vz_s1_p4_r31_a31_ac_full_cropmask_l5_x1011_y215_sphere.tiff,8,1824,168772,2261477105
masks/20190715_p173_slide16_ac1_vz_s1_p2_r25_a25_ac_full_cropmask_l1_x0_y0_sphere.tiff,8,913,63868,2261479078
masks/20190715_p173_slide16_ac1_vz_s1_p2_r30_a30_ac_full_l1_x0_y301_nucleiexp.tiff,8,24651,428206,2261480135
masks/20190708_p176_slide33_ac1_vz_s1_p1_r16_a16_ac_full_l2_x88_y237_nucleiexp.tiff,8,11989,206386,2261504926
masks/20190715_p176_slide14_ac1_vz_s1_p1_r4_a4_ac_full_cropmask_l35_x1794_y328_sphere.tiff,8,3248,370004,2261517056
masks/20190621_p173_slide4_ac1_vz_s1_p1_r16_a16_ac_full_l2_x233_y88_cyto.tiff,8,6047,83440,2261520452
masks/20190715_p176_slide30_ac1_vz_s1_p1_r16_a16_ac_full_l5_x368_y1225_cell.tiff,8,24774,299414,2261526634
masks/20190710_p173_slide6_ac1_vz_s1_p1_r2_a2_ac_full_cropmask_l32768_x0_y0_sphere.tiff,8,235,49568,2261551546
masks/20190715_p173_slide16_ac1_vz_s1_p1_r2_a2_ac_full_l1_x0_y176_nucleiexp.tiff,8,4626,113920,2261551926
masks/20190708_p173_slide26_ac1_vz_s1_p4_r31_a31_ac_full_l4_x867_y0_cell.tiff,8,11054,153726,2261556690
masks/20190709_p176_slide47_ac1_vz_s1_p1_r4_a4_ac_full_cropmask_l1_x0_y13_sphere.tiff,8,1598,141388,2261567879
masks/20190715_p176_slide14_ac1_vz_s1_p1_r4_a4_ac_full_l4_x345_y1935_cyto.tiff,8,24402,251568,2261569620
masks/20190619_p176_slide20_ac1_vz_s1_p1_r6_a6_ac_full_l1_x48_y635_cell.tiff,8,5247,102348,2261594158
masks/20190623_p176_slide14_ac1_vz_s1_p1_r5_a5_ac_full_l1_x9_y0_nucleiexp.tiff,8,2168,46360,2261599539
masks/20190715_p173_slide16_ac1_vz_s1_p2_r21_a21_ac_full_l3_x278_y109_cyto.tiff,8,1747,16467,2261601843
masks/20190621_p173_slide13_ac1_vz_s1_p1_r10_a10_ac_full_l1_x0_y0_nucleiexp.tiff,8,8397,166158,2261603727
masks/20190710_p173_slide36_ac1_vz_s1_p1_r4_a4_ac_full_cropmask_l1_x0_y0_sphere.tiff,8,1369,144868,2261612262
masks/20190715_p173_slide16_ac1_vz_s1_p1_r12_a12_ac_full_l3_x327_y0_cyto.tiff,8,12790,136780,2261613773
masks/20190619_p173_slide8_ac1_vz_s1_p1_r6_a6_ac_full_l9_x416_y292_nucleiexp.tiff,8,6294,129282,2261626698
masks/20190715_p176_slide14_ac1_vz_s1_p1_r4_a4_ac_full_l21_x963_y1782_nucleiexp.tiff,8,38691,561452,2261633131
masks/20190620_p176_slide27_ac1_vz_s1_p1_r15_a15_ac_full_l3_x209_y423_cyto.tiff,8,25651,258328,2261671964
masks/20190619_p176_slide20_ac1_vz_s1_p1_r6_a6_ac_full_l4_x79_y1647_nucleiexp.tiff,8,9113,167884,2261697752
masks/20190715_p173_slide16_ac1_vz_s1_p1_r8_a8_ac_full_l2_x80_y373_cell.tiff,8,1541,21423,2261707005
masks/20190709_p176_slide16_ac1_vz_s1_p1_r7_a7_ac_full_cropmask_l38_x1944_y1084_sphere.tiff,8,2006,182534,2261708680
masks/20190709_p176_slide47_ac1_vz_s1_p1_r3_a3_ac_full_cropmask_l1_x0_y0_sphere.tiff,8,1544,164212,2261710835
masks/20190715_p176_slide14_ac1_vz_s1_p1_r4_a4_ac_full_l15_x748_y1538_nucleiexp.tiff,8,23605,340520,2261712521
masks/20190709_p176_slide16_ac1_vz_s1_p1_r7_a7_ac_full_cropmask_l7_x326_y2018_sphere.tiff,8,3096,309688,2261736268
masks/20190710_p176_slide23_ac1_vz_s1_p1_r6_a6_ac_full_cropmask_l18_x926_y94_sphere.tiff,8,1955,209152,2261739511
masks/20190620_p173_slide34_ac1_vz_s1_p1_r1_a1_ac_full_l1_x0_y0_nucleiexp.tiff,8,8535,143356,2261741612
masks/20190709_p176_slide11_ac1_vz_s1_p1_r15_a15_ac_full_l5_x272_y1702_cell.tiff,8,6152,122096,2261750283
masks/20190621_p173_slide13_ac1_vz_s1_p1_r8_a8_ac_full_l3_x76_y629_cell.tiff,8,17523,247700,2261756573
masks/20190711_p176_slide39_ac1_vz_s1_p1_r6_a6_ac_full_l3_x70_y0_cell.tiff,8,26226,317872,2261774230
masks/20190715_p176_slide30_ac1_vz_s1_p1_r16_a16_ac_full_cropmask_l9_x1079_y1360_sphere.tiff,8,407,15883,2261800588
masks/20190620_p176_slide5_ac1_vz_s1_p1_r5_a5_ac_full_cropmask_l32768_x0_y0_sphere.tiff,8,219,36590,2261801145
masks/20190710_p176_slide23_ac1_vz_s1_p1_r6_a6_ac_full_l41_x1728_y683_cell.tiff,8,28970,371408,2261801509
masks/20190619_p176_slide20_ac1_vz_s1_p1_r6_a6_ac_full_l24_x1226_y1808_cyto.tiff,8,5174,84364,2261830616
masks/20190620_p176_slide5_ac1_vz_s1_p1_r14_a14_ac_full_l4_x244_y289_nucleiexp.tiff,8,5345,119340,2261835928
masks/20190708_p173_slide26_ac1_vz_s1_p6_r39_a39_ac_full_l1_x0_y0_cell.tiff,8,9317,122324,2261841414
masks/20190709_p176_slide16_ac1_vz_s1_p1_r7_a7_ac_full_l38_x1944_y1084_nucleiexp.tiff,8,7566,182534,2261850864
masks/20190620_p173_slide34_ac1_vz_s1_p1_r7_a7_ac_full_l1_x0_y0_cyto.tiff,8,13342,155716,2261858573
masks/20190710_p176_slide23_ac1_vz_s1_p1_r6_a6_ac_full_l3_x246_y862_cell.tiff,8,2524,58018,2261872046
masks/20190715_p173_slide16_ac1_vz_s1_p2_r37_a37_ac_full_l7_x421_y214_cyto.tiff,8,46945,443098,2261874705
masks/20190619_p173_slide8_ac1_vz_s1_p1_r6_a6_ac_full_cropmask_l13_x654_y481_sphere.tiff,8,2504,326668,2261921787
masks/20190620_p173_slide19_ac1_vz_s1_p1_r12_a12_ac_full_l32768_x0_y0_cyto.tiff,8,1920,45862,2261924437
masks/20190620_p176_slide5_ac1_vz_s1_p1_r7_a7_ac_full_cropmask_l1_x0_y0_sphere.tiff,8,1679,150366,2261926494
masks/20190708_p173_slide26_ac1_vz_s1_p6_r50_a50_ac_full_l1_x0_y0_cell.tiff,8,1881,33292,2261928314
masks/20190708_p173_slide26_ac1_vz_s1_p5_r77_a77_ac_full_l2_x109_y298_cyto.tiff,8,1381,12740,2261930328
masks/20190708_p173_slide26_ac1_vz_s1_p4_r12_a12_ac_full_cropmask_l1_x0_y0_sphere.tiff,8,1272,110938,2261931846
masks/20190620_p173_slide34_ac1_vz_s1_p1_r6_a6_ac_full_l2_x0_y148_cyto.tiff,8,25651,278454,2261933262
masks/20190709_p176_slide11_ac1_vz_s1_p1_r15_a15_ac_full_cropmask_l27_x1404_y1754_sphere.tiff,8,1888,218704,2261959046
masks/20190708_p173_slide26_ac1_vz_s1_p5_r70_a70_ac_full_l1_x0_y0_cyto.tiff,8,22825,249244,2261961085
masks/20190710_p176_slide23_ac1_vz_s1_p1_r6_a6_ac_full_l2_x130_y1468_cell.tiff,8,23417,320848,2261984043
masks/20190708_p176_slide33_ac1_vz_s1_p1_r10_a10_ac_full_l1_x0_y0_cyto.tiff,8,36183,330756,2262007596
masks/20190625_p173_slide10_ac1_vz_s1_p1_r17_a17_ac_full_cropmask_l5_x96_y426_sphere.tiff,8,3338,348028,2262043912
masks/20190710_p176_slide23_ac1_vz_s1_p1_r6_a6_ac_full_l47_x2333_y612_cyto.tiff,8,9566,137156,2262047397
masks/20190625_p173_slide10_ac1_vz_s1_p1_r17_a17_ac_full_l3_x113_y49_cell.tiff,8,831,12336,2262057100
masks/20190619_p173_slide31_ac1_vz_s1_p1_r6_a6_ac_full_l1_x0_y0_cell.tiff,8,11641,264652,2262058067
masks/20190710_p176_slide23_ac1_vz_s1_p1_r6_a6_ac_full_l4_x228_y723_cyto.tiff,8,3871,66700,2262069839
masks/20190710_p176_slide23_ac1_vz_s1_p1_r6_a6_ac_full_l36_x1600_y1436_cell.tiff,8,12243,167864,2262073845
masks/20190625_p173_slide10_ac1_vz_s1_p1_r18_a18_ac_full_cropmask_l1_x13_y10_sphere.tiff,8,2634,280408,2262086226
masks/20190709_p176_slide11_ac1_vz_s1_p1_r15_a15_ac_full_l1_x0_y1215_cell.tiff,8,9597,156768,2262089006
masks/20190620_p176_slide5_ac1_vz_s1_p1_r6_a6_ac_full_l32768_x0_y0_cell.tiff,8,2311,38114,2262098739
masks/20190709_p176_slide11_ac1_vz_s1_p1_r15_a15_ac_full_l10_x582_y990_cell.tiff,8,4057,57100,2262101184
masks/20190715_p176_slide14_ac1_vz_s1_p1_r4_a4_ac_full_l16_x855_y74_nucleiexp.tiff,8,5640,127516,2262105379
masks/20190619_p176_slide20_ac1_vz_s1_p1_r6_a6_ac_full_cropmask_l40_x2066_y820_sphere.tiff,8,2390,210212,2262111159
masks/20190711_p173_slide28_ac1_vz_s1_p1_r10_a10_ac_full_l1_x4_y0_cell.tiff,8,8865,135988,2262113697
masks/20190715_p176_slide14_ac1_vz_s1_p1_r4_a4_ac_full_l35_x1794_y328_nucleiexp.tiff,8,23424,370004,2262122695
masks/20190710_p176_slide8_ac1_vz_s1_p1_r14_a14_ac_full_l9_x694_y745_cyto.tiff,8,23156,240988,2262146261
masks/20190619_p176_slide43_ac1_vz_s1_p1_r1_a1_ac_full_cropmask_l1_x0_y0_sphere.tiff,8,1455,158608,2262169553
masks/20190625_p173_slide10_ac1_vz_s1_p1_r18_a18_ac_full_l5_x404_y500_cell.tiff,8,17725,178828,2262171150
masks/20190715_p173_slide22_ac1_vz_s1_p1_r24_a24_ac_full_l1_x0_y348_nucleiexp.tiff,8,2172,48598,2262189012
masks/20190620_p176_slide27_ac1_vz_s1_p1_r22_a22_ac_full_l8_x1137_y75_nucleiexp.tiff,8,1575,58750,2262191324
masks/20190620_p176_slide27_ac1_vz_s1_p1_r8_a8_ac_full_l32768_x0_y0_cyto.tiff,8,3767,60658,2262193041
masks/20190619_p173_slide31_ac1_vz_s1_p1_r14_a14_ac_full_cropmask_l2_x277_y0_sphere.tiff,8,961,78852,2262196943
masks/20190715_p173_slide16_ac1_vz_s1_p1_r12_a12_ac_full_l5_x354_y174_cell.tiff,8,17503,195520,2262198050
masks/20190715_p173_slide16_ac1_vz_s1_p2_r21_a21_ac_full_l5_x272_y0_cell.tiff,8,4490,63256,2262215690
masks/20190711_p176_slide39_ac1_vz_s1_p1_r6_a6_ac_full_l5_x316_y193_cell.tiff,8,48744,563240,2262220315
masks/20190621_p173_slide4_ac1_vz_s1_p1_r10_a10_ac_full_l3_x275_y194_cell.tiff,8,15062,232924,2262269194
masks/20190708_p173_slide26_ac1_vz_s1_p5_r68_a68_ac_full_l32768_x0_y0_cyto.tiff,8,1238,26210,2262284392
masks/20190715_p173_slide22_ac1_vz_s1_p1_r24_a24_ac_full_l4_x296_y0_cyto.tiff,8,16222,225328,2262285767
masks/20190715_p173_slide16_ac1_vz_s1_p1_r8_a8_ac_full_l3_x0_y0_nucleiexp.tiff,8,16853,299028,2262302124
masks/20190620_p173_slide19_ac1_vz_s1_p1_r22_a22_ac_full_cropmask_l1_x0_y255_sphere.tiff,8,2627,271708,2262319113
masks/20190621_p173_slide13_ac1_vz_s1_p1_r10_a10_ac_full_l1_x0_y0_cell.tiff,8,10966,166158,2262321886
masks/20190715_p173_slide22_ac1_vz_s1_p1_r27_a27_ac_full_cropmask_l2_x0_y279_sphere.tiff,8,1502,129696,2262332985
masks/20190620_p173_slide34_ac1_vz_s1_p1_r8_a8_ac_full_l2_x2_y128_cyto.tiff,8,6468,81868,2262334633
masks/20190619_p176_slide20_ac1_vz_s1_p1_r6_a6_ac_full_cropmask_l23_x1206_y2272_sphere.tiff,8,936,66354,2262341234
masks/20190708_p176_slide33_ac1_vz_s1_p1_r16_a16_ac_full_l8_x868_y522_cell.tiff,8,41976,506596,2262342319
masks/20190619_p173_slide31_ac1_vz_s1_p1_r9_a9_ac_full_l1_x0_y0_cyto.tiff,8,8564,108124,2262384432
masks/20190715_p173_slide16_ac1_vz_s1_p1_r8_a8_ac_full_cropmask_l1_x41_y452_sphere.tiff,8,642,34012,2262393127
masks/20190619_p173_slide31_ac1_vz_s1_p1_r11_a11_ac_full_l1_x0_y0_nucleiexp.tiff,8,8183,152056,2262393914
masks/20190620_p176_slide27_ac1_vz_s1_p1_r19_a19_ac_full_l32768_x0_y0_nucleiexp.tiff,8,3991,85680,2262402235
masks/20190708_p176_slide33_ac1_vz_s1_p1_r16_a16_ac_full_l7_x552_y779_cyto.tiff,8,33667,332684,2262406368
masks/20190710_p173_slide36_ac1_vz_s1_p1_r1_a1_ac_full_l1_x0_y0_cyto.tiff,8,9722,107818,2262440172
masks/20190711_p176_slide2_ac1_vz_s1_p1_r2_a2_ac_full_l1_x0_y0_cell.tiff,8,4343,72466,2262450025
masks/20190620_p173_slide19_ac1_vz_s1_p1_r22_a22_ac_full_l14_x887_y437_cyto.tiff,8,20734,234988,2262454498
masks/20190619_p173_slide31_ac1_vz_s1_p1_r4_a4_ac_full_l32768_x0_y0_cell.tiff,8,833,20469,2262475370
masks/20190708_p173_slide26_ac1_vz_s1_p5_r78_a78_ac_full_cropmask_l5_x680_y0_sphere.tiff,8,1804,190888,2262476338
masks/20190708_p173_slide26_ac1_vz_s1_p5_r66_a66_ac_full_l32768_x0_y0_cyto.tiff,8,2441,47110,2262478288
masks/20190710_p176_slide23_ac1_vz_s1_p1_r6_a6_ac_full_l14_x715_y1159_nucleiexp.tiff,8,11296,239602,2262480866
masks/20190620_p176_slide5_ac1_vz_s1_p1_r2_a2_ac_full_cropmask_l1_x3_y0_sphere.tiff,8,940,82220,2262492304
masks/20190710_p176_slide8_ac1_vz_s1_p1_r14_a14_ac_full_l7_x599_y1328_cyto.tiff,8,15670,192908,2262493385
masks/20190620_p176_slide27_ac1_vz_s1_p1_r11_a11_ac_full_l1_x1_y11_cyto.tiff,8,9150,127948,2262509192
masks/20190715_p176_slide14_ac1_vz_s1_p1_r4_a4_ac_full_cropmask_l21_x963_y1782_sphere.tiff,8,4792,561452,2262518476
masks/20190715_p176_slide30_ac1_vz_s1_p1_r7_a7_ac_full_l1_x0_y0_cyto.tiff,8,22752,211328,2262523416
masks/20190708_p173_slide26_ac1_vz_s1_p4_r17_a17_ac_full_cropmask_l1_x0_y0_sphere.tiff,8,1598,131974,2262546299
masks/20190620_p176_slide5_ac1_vz_s1_p1_r14_a14_ac_full_l1_x0_y128_cyto.tiff,8,11698,144032,2262548041
masks/20190710_p176_slide23_ac1_vz_s1_p1_r6_a6_ac_full_l8_x416_y721_cell.tiff,8,33508,396368,2262559873
masks/20190709_p173_slide2_ac1_vz_s1_p1_r4_a4_ac_full_l1_x0_y0_cyto.tiff,8,5003,73180,2262593516
masks/20190715_p173_slide16_ac1_vz_s1_p2_r37_a37_ac_full_cropmask_l12_x1006_y1322_sphere.tiff,8,1090,65580,2262598649
masks/20190619_p176_slide20_ac1_vz_s1_p1_r6_a6_ac_full_cropmask_l35_x1785_y123_sphere.tiff,8,1845,165434,2262599890
masks/20190708_p173_slide26_ac1_vz_s1_p6_r59_a59_ac_full_l1_x0_y220_nucleiexp.tiff,8,16629,271768,2262601883
masks/20190710_p176_slide23_ac1_vz_s1_p1_r6_a6_ac_full_l25_x1176_y25_cyto.tiff,8,17159,205444,2262618652
masks/20190708_p173_slide26_ac1_vz_s1_p5_r74_a74_ac_full_cropmask_l1_x14_y2_sphere.tiff,8,1233,136060,2262635947
masks/20190620_p176_slide27_ac1_vz_s1_p1_r9_a9_ac_full_l32768_x0_y0_cyto.tiff,8,2845,63980,2262637325
masks/20190709_p176_slide11_ac1_vz_s1_p1_r15_a15_ac_full_l28_x1386_y985_cyto.tiff,8,38174,380388,2262640305
masks/20190619_p176_slide20_ac1_vz_s1_p1_r6_a6_ac_full_l8_x332_y1481_cyto.tiff,8,36365,366948,2262678618
masks/20190619_p173_slide8_ac1_vz_s1_p1_r6_a6_ac_full_l4_x194_y578_nucleiexp.tiff,8,4273,101418,2262715119
masks/20190619_p176_slide20_ac1_vz_s1_p1_r6_a6_ac_full_l10_x510_y2087_cell.tiff,8,21910,287384,2262719531
masks/20190715_p176_slide14_ac1_vz_s1_p1_r4_a4_ac_full_l30_x1552_y2176_nucleiexp.tiff,8,7517,173138,2262741578
masks/20190621_p173_slide13_ac1_vz_s1_p1_r8_a8_ac_full_l1_x0_y899_nucleiexp.tiff,8,12294,195124,2262749238
masks/20190708_p173_slide26_ac1_vz_s1_p5_r67_a67_ac_full_l1_x0_y0_cell.tiff,8,13085,173108,2262761670
masks/20190620_p176_slide27_ac1_vz_s1_p1_r13_a13_ac_full_cropmask_l1_x10_y23_sphere.tiff,8,1501,163176,2262774888
masks/20190710_p176_slide23_ac1_vz_s1_p1_r6_a6_ac_full_l45_x2183_y360_nucleiexp.tiff,8,10547,196204,2262776535
masks/20190715_p173_slide22_ac1_vz_s1_p1_r20_a20_ac_full_l1_x0_y0_cell.tiff,8,19900,322060,2262787224
masks/20190709_p176_slide16_ac1_vz_s1_p1_r7_a7_ac_full_l35_x1687_y1190_cyto.tiff,8,14213,176626,2262807257
masks/20190715_p173_slide16_ac1_vz_s1_p1_r8_a8_ac_full_l1_x41_y452_nucleiexp.tiff,8,1846,34012,2262821608
masks/20190709_p173_slide2_ac1_vz_s1_p1_r3_a3_ac_full_l1_x0_y0_nucleiexp.tiff,8,2473,59788,2262823593
masks/20190711_p173_slide28_ac1_vz_s1_p1_r11_a11_ac_full_cropmask_l1_x0_y0_sphere.tiff,8,1468,156788,2262826201
masks/20190711_p176_slide39_ac1_vz_s1_p1_r6_a6_ac_full_l3_x70_y0_cyto.tiff,8,31322,317872,2262827813
masks/20190715_p173_slide16_ac1_vz_s1_p2_r37_a37_ac_full_cropmask_l4_x212_y439_sphere.tiff,8,1230,91068,2262859267
masks/20190619_p176_slide43_ac1_vz_s1_p1_r2_a2_ac_full_l1_x0_y0_cyto.tiff,8,17658,193228,2262860645
masks/20190711_p176_slide39_ac1_vz_s1_p1_r6_a6_ac_full_l4_x458_y663_cyto.tiff,8,14052,186816,2262878434
masks/20190710_p176_slide23_ac1_vz_s1_p1_r6_a6_ac_full_cropmask_l7_x461_y2066_sphere.tiff,8,2076,222988,2262892621
masks/20190710_p173_slide6_ac1_vz_s1_p1_r2_a2_ac_full_l32768_x0_y0_nucleiexp.tiff,8,1987,49568,2262894844
masks/20190711_p173_slide28_ac1_vz_s1_p1_r9_a9_ac_full_l1_x2_y0_nucleiexp.tiff,8,15496,285794,2262896970
masks/20190620_p173_slide34_ac1_vz_s1_p1_r8_a8_ac_full_l2_x2_y128_nucleiexp.tiff,8,3732,81868,2262912602
masks/20190715_p173_slide16_ac1_vz_s1_p2_r34_a34_ac_full_l1_x34_y48_nucleiexp.tiff,8,24078,450970,2262916472
masks/20190715_p173_slide16_ac1_vz_s1_p2_r37_a37_ac_full_cropmask_l10_x790_y744_sphere.tiff,8,2317,181618,2262940690
masks/20190715_p173_slide16_ac1_vz_s1_p2_r37_a37_ac_full_l1_x0_y246_cyto.tiff,8,16550,176570,2262943156
masks/20190715_p173_slide16_ac1_vz_s1_p1_r17_a17_ac_full_cropmask_l4_x235_y489_sphere.tiff,8,1375,100618,2262959841
masks/20190710_p176_slide8_ac1_vz_s1_p1_r14_a14_ac_full_cropmask_l1_x22_y568_sphere.tiff,8,733,55974,2262961364
masks/20190711_p176_slide39_ac1_vz_s1_p1_r2_a2_ac_full_l1_x7_y0_cyto.tiff,8,29095,305742,2262962243
masks/20190620_p173_slide19_ac1_vz_s1_p1_r22_a22_ac_full_l12_x743_y981_cell.tiff,8,14192,209152,2262991469
masks/20190709_p176_slide11_ac1_vz_s1_p1_r15_a15_ac_full_l2_x140_y938_cell.tiff,8,17905,264508,2263005799
masks/20190711_p176_slide2_ac1_vz_s1_p1_r2_a2_ac_full_cropmask_l1_x0_y0_sphere.tiff,8,875,72466,2263023841
masks/20190715_p173_slide16_ac1_vz_s1_p2_r23_a23_ac_full_l2_x134_y0_cyto.tiff,8,10071,115918,2263024857
masks/20190620_p176_slide27_ac1_vz_s1_p1_r5_a5_ac_full_l2_x38_y320_cyto.tiff,8,15577,178052,2263035063
masks/20190715_p176_slide30_ac1_vz_s1_p1_r16_a16_ac_full_l7_x746_y382_cyto.tiff,8,31890,336924,2263050774
masks/20190709_p176_slide16_ac1_vz_s1_p1_r7_a7_ac_full_l11_x552_y964_cyto.tiff,8,33772,321628,2263082801
masks/20190621_p176_slide36_ac1_vz_s1_p1_r5_a5_ac_full_l1_x0_y115_cyto.tiff,8,7924,97948,2263116709
masks/20190708_p176_slide33_ac1_vz_s1_p1_r16_a16_ac_full_l7_x552_y779_nucleiexp.tiff,8,20827,332684,2263124766
masks/20190708_p173_slide26_ac1_vz_s1_p6_r59_a59_ac_full_cropmask_l2_x128_y0_sphere.tiff,8,1492,133234,2263145735
masks/20190708_p173_slide26_ac1_vz_s1_p4_r10_a10_ac_full_l1_x0_y0_nucleiexp.tiff,8,3480,73468,2263147373
masks/20190619_p176_slide20_ac1_vz_s1_p1_r6_a6_ac_full_l35_x1785_y123_nucleiexp.tiff,8,8662,165434,2263150991
masks/20190709_p176_slide16_ac1_vz_s1_p1_r7_a7_ac_full_cropmask_l13_x622_y2246_sphere.tiff,8,2337,273780,2263159795
masks/20190715_p173_slide16_ac1_vz_s1_p2_r31_a31_ac_full_l1_x0_y0_cyto.tiff,8,4117,68710,2263162280
masks/20190625_p173_slide10_ac1_vz_s1_p1_r5_a5_ac_full_l32768_x0_y0_cell.tiff,8,1268,44372,2263166530
masks/20190621_p173_slide4_ac1_vz_s1_p1_r16_a16_ac_full_cropmask_l6_x721_y194_sphere.tiff,8,2015,147692,2263167933
masks/20190619_p173_slide8_ac1_vz_s1_p1_r6_a6_ac_full_cropmask_l12_x616_y997_sphere.tiff,8,2566,358792,2263170095
masks/20190708_p173_slide26_ac1_vz_s1_p4_r31_a31_ac_full_cropmask_l1_x0_y91_sphere.tiff,8,1582,149812,2263172807
masks/20190709_p173_slide2_ac1_vz_s1_p1_r11_a11_ac_full_l2_x197_y439_cell.tiff,8,3294,68644,2263174534
masks/20190715_p173_slide16_ac1_vz_s1_p1_r7_a7_ac_full_l1_x0_y0_cyto.tiff,8,21163,219872,2263177964
masks/20190715_p173_slide16_ac1_vz_s1_p1_r9_a9_ac_full_l1_x17_y0_nucleiexp.tiff,8,3278,86830,2263199258
masks/20190715_p176_slide30_ac1_vz_s1_p1_r6_a6_ac_full_l1_x0_y96_cell.tiff,8,5102,88588,2263202673
masks/20190708_p176_slide33_ac1_vz_s1_p1_r16_a16_ac_full_l2_x88_y237_cell.tiff,8,16051,206386,2263207907
masks/20190708_p173_slide26_ac1_vz_s1_p6_r59_a59_ac_full_l1_x0_y220_cell.tiff,8,22433,271768,2263224094
masks/20190620_p176_slide5_ac1_vz_s1_p1_r10_a10_ac_full_l1_x0_y0_cell.tiff,8,5111,79072,2263246662
masks/20190708_p173_slide26_ac1_vz_s1_p6_r59_a59_ac_full_cropmask_l1_x0_y220_sphere.tiff,8,2173,271768,2263251905
masks/20190715_p176_slide30_ac1_vz_s1_p1_r7_a7_ac_full_l1_x0_y0_nucleiexp.tiff,8,13734,211328,2263254224
masks/20190715_p173_slide16_ac1_vz_s1_p1_r8_a8_ac_full_cropmask_l3_x0_y0_sphere.tiff,8,2579,299028,2263268094
masks/20190708_p173_slide26_ac1_vz_s1_p6_r59_a59_ac_full_l3_x349_y78_cyto.tiff,8,14646,193498,2263270815
masks/20190715_p173_slide16_ac1_vz_s1_p2_r27_a27_ac_full_l1_x5_y181_cyto.tiff,8,2708,31008,2263285597
masks/20190710_p176_slide23_ac1_vz_s1_p1_r6_a6_ac_full_l27_x980_y872_nucleiexp.tiff,8,30222,505998,2263288440
masks/20190708_p176_slide33_ac1_vz_s1_p1_r16_a16_ac_full_cropmask_l4_x162_y876_sphere.tiff,8,2186,236004,2263318803
masks/20190710_p176_slide8_ac1_vz_s1_p1_r2_a2_ac_full_l1_x0_y0_cell.tiff,8,10082,150412,2263321137
masks/20190715_p176_slide14_ac1_vz_s1_p1_r4_a4_ac_full_l21_x963_y1782_cell.tiff,8,52297,561452,2263331349
masks/20190709_p173_slide2_ac1_vz_s1_p1_r11_a11_ac_full_cropmask_l3_x174_y143_sphere.tiff,8,2244,192358,2263383783
masks/20190715_p173_slide16_ac1_vz_s1_p2_r22_a22_ac_full_cropmask_l1_x0_y0_sphere.tiff,8,951,84136,2263386174
masks/20190621_p173_slide13_ac1_vz_s1_p1_r8_a8_ac_full_l10_x521_y1283_cyto.tiff,8,19837,230238,2263387269
masks/20190710_p176_slide8_ac1_vz_s1_p1_r8_a8_ac_full_l1_x0_y0_cyto.tiff,8,6890,88418,2263407243
masks/20190710_p173_slide36_ac1_vz_s1_p1_r4_a4_ac_full_l1_x0_y0_cell.tiff,8,11898,144868,2263414263
masks/20190715_p176_slide30_ac1_vz_s1_p1_r2_a2_ac_full_l1_x0_y0_nucleiexp.tiff,8,5781,116228,2263426292
masks/20190715_p176_slide14_ac1_vz_s1_p1_r4_a4_ac_full_l37_x1975_y983_nucleiexp.tiff,8,11630,220728,2263432209
masks/20190619_p176_slide20_ac1_vz_s1_p1_r6_a6_ac_full_l33_x1580_y1515_cell.tiff,8,18108,259130,2263443981
masks/20190710_p173_slide36_ac1_vz_s1_p1_r13_a13_ac_full_l4_x250_y0_nucleiexp.tiff,8,7697,150788,2263462227
masks/20190710_p176_slide23_ac1_vz_s1_p1_r6_a6_ac_full_l27_x980_y872_cyto.tiff,8,51526,505998,2263470064
masks/20190709_p176_slide11_ac1_vz_s1_p1_r15_a15_ac_full_cropmask_l4_x209_y1309_sphere.tiff,8,2284,296700,2263521726
masks/20190620_p176_slide27_ac1_vz_s1_p1_r16_a16_ac_full_l1_x0_y90_cell.tiff,8,13175,191428,2263524159
masks/20190709_p176_slide16_ac1_vz_s1_p1_r7_a7_ac_full_l2_x97_y1467_cyto.tiff,8,30369,302596,2263537468
masks/20190619_p176_slide20_ac1_vz_s1_p1_r6_a6_ac_full_l9_x370_y1125_cell.tiff,8,20998,269644,2263567972
masks/20190710_p176_slide8_ac1_vz_s1_p1_r14_a14_ac_full_l1_x22_y568_cell.tiff,8,2405,55974,2263589106
masks/20190709_p173_slide2_ac1_vz_s1_p1_r11_a11_ac_full_l2_x197_y439_nucleiexp.tiff,8,2422,68644,2263591646
masks/20190621_p173_slide4_ac1_vz_s1_p1_r10_a10_ac_full_l2_x47_y0_nucleiexp.tiff,8,12830,215308,2263594209
masks/20190619_p173_slide8_ac1_vz_s1_p1_r6_a6_ac_full_cropmask_l9_x416_y292_sphere.tiff,8,1718,129282,2263607177
masks/20190708_p173_slide26_ac1_vz_s1_p4_r5_a5_ac_full_cropmask_l1_x0_y122_sphere.tiff,8,942,70900,2263609040
masks/20190710_p176_slide23_ac1_vz_s1_p1_r6_a6_ac_full_l14_x715_y1159_cyto.tiff,8,19912,239602,2263610126
masks/20190708_p176_slide33_ac1_vz_s1_p1_r16_a16_ac_full_cropmask_l5_x303_y97_sphere.tiff,8,2331,265162,2263630175
masks/20190709_p176_slide16_ac1_vz_s1_p1_r7_a7_ac_full_cropmask_l22_x959_y1855_sphere.tiff,8,4700,543648,2263632653
masks/20190620_p173_slide19_ac1_vz_s1_p1_r2_a2_ac_full_l1_x0_y0_cell.tiff,8,9495,136846,2263637501
masks/20190708_p173_slide26_ac1_vz_s1_p5_r71_a71_ac_full_l1_x0_y0_nucleiexp.tiff,8,4859,129040,2263647127
masks/20190708_p173_slide26_ac1_vz_s1_p4_r10_a10_ac_full_l1_x0_y0_cell.tiff,8,4733,73468,2263652124
masks/20190711_p173_slide28_ac1_vz_s1_p1_r1_a1_ac_full_cropmask_l1_x0_y0_sphere.tiff,8,1028,77814,2263656990
masks/20190625_p173_slide10_ac1_vz_s1_p1_r3_a3_ac_full_l1_x12_y0_cyto.tiff,8,12353,176684,2263658160
masks/20190715_p173_slide22_ac1_vz_s1_p1_r27_a27_ac_full_l3_x173_y0_nucleiexp.tiff,8,14673,255158,2263670645
masks/20190620_p176_slide27_ac1_vz_s1_p1_r16_a16_ac_full_l3_x420_y0_nucleiexp.tiff,8,4896,105318,2263685458
masks/20190708_p173_slide26_ac1_vz_s1_p4_r8_a8_ac_full_l1_x0_y0_cell.tiff,8,13504,171244,2263690494
masks/20190715_p176_slide30_ac1_vz_s1_p1_r12_a12_ac_full_l1_x0_y0_cyto.tiff,8,4897,71328,2263704129
masks/20190709_p176_slide11_ac1_vz_s1_p1_r15_a15_ac_full_l13_x710_y503_cyto.tiff,8,5884,92012,2263709159
masks/20190621_p173_slide4_ac1_vz_s1_p1_r16_a16_ac_full_l5_x605_y427_nucleiexp.tiff,8,11192,201058,2263715181
masks/20190709_p176_slide11_ac1_vz_s1_p1_r15_a15_ac_full_l7_x495_y1030_cell.tiff,8,2590,39830,2263726514
masks/20190711_p176_slide2_ac1_vz_s1_p1_r4_a4_ac_full_l32768_x0_y0_cell.tiff,8,2277,36848,2263729242
masks/20190715_p176_slide14_ac1_vz_s1_p1_r4_a4_ac_full_cropmask_l13_x616_y2164_sphere.tiff,8,2465,263020,2263731653
masks/20190621_p173_slide13_ac1_vz_s1_p1_r8_a8_ac_full_l3_x76_y629_cyto.tiff,8,21605,247700,2263734266
masks/20190708_p173_slide26_ac1_vz_s1_p5_r77_a77_ac_full_l6_x281_y165_cell.tiff,8,39679,494564,2263756005
masks/20190619_p173_slide31_ac1_vz_s1_p1_r14_a14_ac_full_l2_x277_y0_nucleiexp.tiff,8,3525,78852,2263795821
masks/20190715_p173_slide16_ac1_vz_s1_p2_r37_a37_ac_full_l9_x681_y0_nucleiexp.tiff,8,18217,332320,2263799486
masks/20190715_p176_slide14_ac1_vz_s1_p1_r4_a4_ac_full_cropmask_l38_x2040_y613_sphere.tiff,8,2955,338668,2263817843
masks/20190619_p173_slide8_ac1_vz_s1_p1_r6_a6_ac_full_l5_x113_y1472_cell.tiff,8,27363,365696,2263820946
masks/20190621_p173_slide13_ac1_vz_s1_p1_r8_a8_ac_full_l3_x76_y629_nucleiexp.tiff,8,13205,247700,2263848444
masks/20190708_p173_slide26_ac1_vz_s1_p5_r71_a71_ac_full_l1_x0_y0_cell.tiff,8,6636,129040,2263861788
masks/20190715_p176_slide14_ac1_vz_s1_p1_r4_a4_ac_full_l29_x1463_y685_cyto.tiff,8,35600,377788,2263868557
masks/20190619_p173_slide31_ac1_vz_s1_p1_r2_a2_ac_full_cropmask_l1_x0_y0_sphere.tiff,8,964,81892,2263904294
masks/20190619_p176_slide20_ac1_vz_s1_p1_r6_a6_ac_full_cropmask_l25_x1165_y343_sphere.tiff,8,1998,260008,2263905400
masks/20190708_p173_slide26_ac1_vz_s1_p5_r71_a71_ac_full_cropmask_l1_x0_y0_sphere.tiff,8,1495,129040,2263907546
masks/20190710_p176_slide8_ac1_vz_s1_p1_r14_a14_ac_full_l3_x99_y784_cell.tiff,8,13458,201840,2263909185
masks/20190715_p173_slide16_ac1_vz_s1_p2_r37_a37_ac_full_l6_x404_y925_cyto.tiff,8,13853,174988,2263922778
masks/20190708_p176_slide33_ac1_vz_s1_p1_r16_a16_ac_full_l6_x412_y338_nucleiexp.tiff,8,33741,550408,2263936768
masks/20190621_p173_slide4_ac1_vz_s1_p1_r11_a11_ac_full_cropmask_l1_x0_y0_sphere.tiff,8,1488,167624,2263970651
masks/20190619_p173_slide8_ac1_vz_s1_p1_r6_a6_ac_full_l1_x0_y819_cell.tiff,8,17800,229618,2263972282
masks/20190709_p173_slide2_ac1_vz_s1_p1_r11_a11_ac_full_l1_x0_y0_cell.tiff,8,10684,163060,2263990214
masks/20190625_p173_slide10_ac1_vz_s1_p1_r9_a9_ac_full_l4_x338_y211_cyto.tiff,8,2996,51868,2264001030
masks/20190709_p176_slide16_ac1_vz_s1_p1_r7_a7_ac_full_l25_x1278_y210_cyto.tiff,8,18910,201238,2264004161
masks/20190708_p176_slide33_ac1_vz_s1_p1_r16_a16_ac_full_cropmask_l1_x0_y0_sphere.tiff,8,1747,183240,2264023208
masks/20190619_p176_slide20_ac1_vz_s1_p1_r6_a6_ac_full_cropmask_l43_x2368_y936_sphere.tiff,8,1987,235832,2264025099
masks/20190621_p173_slide4_ac1_vz_s1_p1_r16_a16_ac_full_l4_x447_y64_cell.tiff,8,14431,195100,2264027234
masks/20190710_p176_slide8_ac1_vz_s1_p1_r14_a14_ac_full_l7_x599_y1328_cell.tiff,8,12833,192908,2264041800
masks/20190709_p176_slide16_ac1_vz_s1_p1_r7_a7_ac_full_l18_x1034_y1351_nucleiexp.tiff,8,2072,62568,2264054770
masks/20190708_p173_slide26_ac1_vz_s1_p6_r35_a35_ac_full_cropmask_l1_x0_y0_sphere.tiff,8,1095,111652,2264056985
masks/20190709_p176_slide16_ac1_vz_s1_p1_r7_a7_ac_full_cropmask_l6_x342_y1266_sphere.tiff,8,3019,317026,2264058224
masks/20190710_p173_slide36_ac1_vz_s1_p1_r8_a8_ac_full_l1_x0_y0_cyto.tiff,8,15802,177484,2264061390
masks/20190619_p173_slide8_ac1_vz_s1_p1_r6_a6_ac_full_l13_x654_y481_nucleiexp.tiff,8,16943,326668,2264077323
masks/20190715_p176_slide14_ac1_vz_s1_p1_r4_a4_ac_full_cropmask_l15_x748_y1538_sphere.tiff,8,3404,340520,2264094406
masks/20190709_p176_slide16_ac1_vz_s1_p1_r7_a7_ac_full_cropmask_l8_x365_y1630_sphere.tiff,8,3486,387980,2264097958
masks/20190710_p176_slide23_ac1_vz_s1_p1_r6_a6_ac_full_cropmask_l16_x841_y2096_sphere.tiff,8,709,38908,2264101591
masks/20190710_p176_slide8_ac1_vz_s1_p1_r14_a14_ac_full_l10_x860_y1228_cell.tiff,8,17409,248720,2264102448
masks/20190619_p176_slide20_ac1_vz_s1_p1_r6_a6_ac_full_l40_x2066_y820_nucleiexp.tiff,8,12488,210212,2264119995
masks/20190709_p176_slide11_ac1_vz_s1_p1_r15_a15_ac_full_l5_x272_y1702_cyto.tiff,8,7594,122096,2264132625
masks/20190621_p173_slide13_ac1_vz_s1_p1_r17_a17_ac_full_l3_x247_y485_cyto.tiff,8,70452,681184,2264140357
masks/20190711_p173_slide28_ac1_vz_s1_p1_r13_a13_ac_full_l2_x289_y155_cyto.tiff,8,7474,77668,2264210946
masks/20190621_p176_slide36_ac1_vz_s1_p1_r12_a12_ac_full_l1_x0_y0_cyto.tiff,8,58771,531108,2264218557
masks/20190620_p173_slide34_ac1_vz_s1_p1_r6_a6_ac_full_l4_x361_y0_cell.tiff,8,18362,250868,2264277461
masks/20190709_p176_slide11_ac1_vz_s1_p1_r15_a15_ac_full_cropmask_l3_x211_y313_sphere.tiff,8,1276,129264,2264295956
masks/20190710_p176_slide23_ac1_vz_s1_p1_r6_a6_ac_full_l43_x1981_y241_cell.tiff,8,10862,156996,2264297380
masks/20190710_p173_slide36_ac1_vz_s1_p1_r13_a13_ac_full_l2_x93_y469_cell.tiff,8,6457,108646,2264308379
masks/20190711_p173_slide28_ac1_vz_s1_p1_r8_a8_ac_full_cropmask_l5_x511_y143_sphere.tiff,8,2527,192148,2264314972
masks/20190621_p176_slide36_ac1_vz_s1_p1_r5_a5_ac_full_l1_x0_y115_cell.tiff,8,6347,97948,2264317645
masks/20190709_p173_slide2_ac1_vz_s1_p1_r1_a1_ac_full_cropmask_l1_x0_y0_sphere.tiff,8,1002,81858,2264324125
masks/20190710_p176_slide8_ac1_vz_s1_p1_r14_a14_ac_full_l10_x860_y1228_cyto.tiff,8,20857,248720,2264325268
masks/20190709_p176_slide16_ac1_vz_s1_p1_r7_a7_ac_full_l31_x1579_y291_cell.tiff,8,6931,109762,2264346263
masks/20190710_p176_slide23_ac1_vz_s1_p1_r6_a6_ac_full_cropmask_l20_x1032_y547_sphere.tiff,8,671,49954,2264353331
masks/20190708_p176_slide33_ac1_vz_s1_p1_r10_a10_ac_full_l1_x0_y0_nucleiexp.tiff,8,22547,330756,2264354150
masks/20190619_p176_slide20_ac1_vz_s1_p1_r6_a6_ac_full_l35_x1785_y123_cyto.tiff,8,14525,165434,2264376835
masks/20190619_p173_slide8_ac1_vz_s1_p1_r6_a6_ac_full_l13_x654_y481_cyto.tiff,8,28013,326668,2264391497
masks/20190625_p173_slide10_ac1_vz_s1_p1_r17_a17_ac_full_l6_x214_y795_cyto.tiff,8,8598,119806,2264419645
masks/20190710_p176_slide23_ac1_vz_s1_p1_r6_a6_ac_full_l19_x994_y1524_cell.tiff,8,1282,39468,2264428380
masks/20190715_p176_slide14_ac1_vz_s1_p1_r4_a4_ac_full_l28_x1484_y384_nucleiexp.tiff,8,12045,208276,2264429799
masks/20190708_p176_slide33_ac1_vz_s1_p1_r2_a2_ac_full_cropmask_l1_x0_y0_sphere.tiff,8,2265,348876,2264441986
masks/20190619_p173_slide8_ac1_vz_s1_p1_r6_a6_ac_full_l7_x376_y127_nucleiexp.tiff,8,6032,130788,2264444393
masks/20190708_p176_slide33_ac1_vz_s1_p1_r13_a13_ac_full_l1_x0_y0_nucleiexp.tiff,8,19013,293964,2264450564
masks/20190715_p173_slide22_ac1_vz_s1_p1_r28_a28_ac_full_cropmask_l32768_x0_y0_sphere.tiff,8,206,24027,2264469715
masks/20190619_p176_slide20_ac1_vz_s1_p1_r6_a6_ac_full_l25_x1165_y343_cyto.tiff,8,21920,260008,2264470069
masks/20190715_p173_slide16_ac1_vz_s1_p2_r30_a30_ac_full_cropmask_l2_x134_y0_sphere.tiff,8,2155,241720,2264492126
masks/20190715_p176_slide30_ac1_vz_s1_p1_r17_a17_ac_full_cropmask_l32768_x0_y0_sphere.tiff,8,221,37448,2264494427
masks/20190625_p173_slide10_ac1_vz_s1_p1_r9_a9_ac_full_l3_x238_y0_cyto.tiff,8,12517,144308,2264494796
masks/20190619_p176_slide20_ac1_vz_s1_p1_r6_a6_ac_full_l18_x906_y376_cyto.tiff,8,19661,212632,2264507446
masks/20190708_p173_slide26_ac1_vz_s1_p4_r10_a10_ac_full_cropmask_l1_x0_y0_sphere.tiff,8,976,73468,2264527243
masks/20190709_p176_slide16_ac1_vz_s1_p1_r7_a7_ac_full_l26_x1333_y0_cyto.tiff,8,8538,117388,2264528363
masks/20190625_p173_slide10_ac1_vz_s1_p1_r18_a18_ac_full_l6_x386_y63_cyto.tiff,8,17487,174644,2264537036
masks/20190715_p173_slide22_ac1_vz_s1_p1_r20_a20_ac_full_cropmask_l1_x0_y0_sphere.tiff,8,2898,322060,2264554659
masks/20190709_p176_slide11_ac1_vz_s1_p1_r15_a15_ac_full_l19_x907_y581_nucleiexp.tiff,8,8029,139858,2264557701
masks/20190710_p176_slide8_ac1_vz_s1_p1_r14_a14_ac_full_l12_x915_y208_cell.tiff,8,13016,183880,2264565873
masks/20190709_p176_slide16_ac1_vz_s1_p1_r7_a7_ac_full_l13_x622_y2246_cell.tiff,8,22169,273780,2264579026
masks/20190619_p173_slide31_ac1_vz_s1_p1_r8_a8_ac_full_cropmask_l1_x10_y0_sphere.tiff,8,834,64108,2264601332
masks/20190620_p176_slide27_ac1_vz_s1_p1_r16_a16_ac_full_cropmask_l3_x420_y0_sphere.tiff,8,1542,105318,2264602309
masks/20190709_p176_slide11_ac1_vz_s1_p1_r15_a15_ac_full_cropmask_l32_x1772_y838_sphere.tiff,8,1222,124172,2264603997
masks/20190708_p173_slide26_ac1_vz_s1_p4_r17_a17_ac_full_l1_x0_y0_nucleiexp.tiff,8,4752,131974,2264605369
masks/20190619_p176_slide20_ac1_vz_s1_p1_r6_a6_ac_full_l37_x1833_y497_cyto.tiff,8,36837,347152,2264610259
masks/20190715_p173_slide16_ac1_vz_s1_p1_r17_a17_ac_full_l7_x434_y229_nucleiexp.tiff,8,21059,364018,2264647233
masks/20190619_p176_slide20_ac1_vz_s1_p1_r6_a6_ac_full_l36_x1813_y911_nucleiexp.tiff,8,12236,224464,2264668434
masks/20190619_p173_slide8_ac1_vz_s1_p1_r6_a6_ac_full_l18_x1199_y420_cyto.tiff,8,16998,219262,2264680812
masks/20190619_p173_slide8_ac1_vz_s1_p1_r6_a6_ac_full_l4_x194_y578_cyto.tiff,8,7219,101418,2264697946
masks/20190625_p173_slide10_ac1_vz_s1_p1_r18_a18_ac_full_l9_x542_y250_cyto.tiff,8,26101,247060,2264705299
masks/20190715_p173_slide22_ac1_vz_s1_p1_r24_a24_ac_full_l2_x36_y128_cell.tiff,8,16589,208538,2264731537
masks/20190710_p176_slide23_ac1_vz_s1_p1_r6_a6_ac_full_l46_x2253_y974_nucleiexp.tiff,8,7523,160524,2264748262
masks/20190708_p176_slide33_ac1_vz_s1_p1_r6_a6_ac_full_cropmask_l1_x0_y0_sphere.tiff,8,2153,286492,2264755927
masks/20190715_p173_slide16_ac1_vz_s1_p2_r24_a24_ac_full_l1_x0_y0_cyto.tiff,8,4061,67888,2264758222
masks/20190710_p173_slide36_ac1_vz_s1_p1_r9_a9_ac_full_l1_x3_y0_nucleiexp.tiff,8,10365,207634,2264762416
masks/20190619_p176_slide43_ac1_vz_s1_p1_r6_a6_ac_full_l1_x0_y0_cell.tiff,8,21622,261562,2264772917
masks/20190620_p173_slide34_ac1_vz_s1_p1_r2_a2_ac_full_l1_x0_y0_nucleiexp.tiff,8,12079,190430,2264794670
masks/20190715_p173_slide16_ac1_vz_s1_p1_r17_a17_ac_full_l5_x413_y535_nucleiexp.tiff,8,7599,126108,2264806885
masks/20190621_p173_slide13_ac1_vz_s1_p1_r8_a8_ac_full_cropmask_l9_x463_y460_sphere.tiff,8,3342,461512,2264814626
masks/20190710_p176_slide23_ac1_vz_s1_p1_r6_a6_ac_full_cropmask_l26_x1220_y1328_sphere.tiff,8,1820,128124,2264818114
masks/20190710_p176_slide8_ac1_vz_s1_p1_r14_a14_ac_full_l6_x393_y620_cyto.tiff,8,18138,224206,2264820083
masks/20190619_p173_slide31_ac1_vz_s1_p1_r2_a2_ac_full_l1_x0_y0_nucleiexp.tiff,8,4337,81892,2264838357
masks/20190715_p173_slide16_ac1_vz_s1_p2_r25_a25_ac_full_l2_x55_y105_cyto.tiff,8,8668,118204,2264842830
masks/20190715_p173_slide16_ac1_vz_s1_p2_r37_a37_ac_full_l15_x1094_y983_cyto.tiff,8,16740,179386,2264851634
masks/20190709_p176_slide11_ac1_vz_s1_p1_r15_a15_ac_full_cropmask_l15_x792_y925_sphere.tiff,8,1313,115418,2264868513
masks/20190711_p173_slide28_ac1_vz_s1_p1_r8_a8_ac_full_l5_x511_y143_cell.tiff,8,14956,192148,2264869975
masks/20190715_p173_slide16_ac1_vz_s1_p2_r34_a34_ac_full_cropmask_l1_x34_y48_sphere.tiff,8,3095,450970,2264885066
masks/20190708_p173_slide26_ac1_vz_s1_p6_r43_a43_ac_full_l1_x0_y0_cyto.tiff,8,3990,44636,2264888307
masks/20190625_p173_slide10_ac1_vz_s1_p1_r12_a12_ac_full_cropmask_l1_x0_y122_sphere.tiff,8,2218,217756,2264892430
masks/20190715_p173_slide16_ac1_vz_s1_p2_r21_a21_ac_full_l5_x272_y0_nucleiexp.tiff,8,3339,63256,2264894794
masks/20190715_p176_slide14_ac1_vz_s1_p1_r4_a4_ac_full_l6_x357_y1545_cell.tiff,8,33995,385132,2264898273
masks/20190708_p173_slide26_ac1_vz_s1_p6_r37_a37_ac_full_cropmask_l1_x0_y0_sphere.tiff,8,1761,222130,2264932404
masks/20190710_p176_slide23_ac1_vz_s1_p1_r6_a6_ac_full_l29_x1298_y1525_cyto.tiff,8,24937,256572,2264934309
masks/20190709_p176_slide16_ac1_vz_s1_p1_r7_a7_ac_full_l32_x1570_y63_cell.tiff,8,7291,129228,2264959384
masks/20190709_p176_slide16_ac1_vz_s1_p1_r7_a7_ac_full_l21_x1004_y334_nucleiexp.tiff,8,17541,318468,2264966811
masks/20190619_p176_slide20_ac1_vz_s1_p1_r6_a6_ac_full_l19_x919_y91_cyto.tiff,8,19783,212812,2264984494
masks/20190619_p176_slide20_ac1_vz_s1_p1_r6_a6_ac_full_l6_x293_y650_cyto.tiff,8,34607,327806,2265004412
masks/20190710_p176_slide23_ac1_vz_s1_p1_r6_a6_ac_full_l17_x968_y1692_cyto.tiff,8,3329,53588,2265039154
masks/20190715_p173_slide16_ac1_vz_s1_p2_r25_a25_ac_full_l1_x0_y0_cyto.tiff,8,4284,63868,2265042620
masks/20190620_p173_slide34_ac1_vz_s1_p1_r9_a9_ac_full_l32768_x0_y0_cell.tiff,8,1205,40578,2265047037
masks/20190620_p173_slide34_ac1_vz_s1_p1_r6_a6_ac_full_l2_x0_y148_nucleiexp.tiff,8,15323,278454,2265048377
masks/20190710_p176_slide8_ac1_vz_s1_p1_r14_a14_ac_full_cropmask_l10_x860_y1228_sphere.tiff,8,1990,248720,2265063838
masks/20190709_p176_slide16_ac1_vz_s1_p1_r7_a7_ac_full_l1_x0_y1143_cyto.tiff,8,25182,280156,2265065977
masks/20190708_p176_slide33_ac1_vz_s1_p1_r16_a16_ac_full_l8_x868_y522_cyto.tiff,8,50822,506596,2265091293
masks/20190710_p176_slide23_ac1_vz_s1_p1_r6_a6_ac_full_cropmask_l30_x1386_y477_sphere.tiff,8,1503,152588,2265142252
masks/20190619_p173_slide8_ac1_vz_s1_p1_r6_a6_ac_full_cropmask_l4_x194_y578_sphere.tiff,8,1238,101418,2265143903
masks/20190621_p173_slide13_ac1_vz_s1_p1_r8_a8_ac_full_cropmask_l6_x274_y451_sphere.tiff,8,1039,85958,2265145286
masks/20190619_p176_slide20_ac1_vz_s1_p1_r6_a6_ac_full_cropmask_l13_x615_y862_sphere.tiff,8,2944,311524,2265146471
masks/20190709_p176_slide47_ac1_vz_s1_p1_r1_a1_ac_full_l1_x0_y59_cell.tiff,8,3737,60484,2265149562
masks/20190710_p173_slide36_ac1_vz_s1_p1_r1_a1_ac_full_l1_x0_y0_nucleiexp.tiff,8,5734,107818,2265153431
masks/20190708_p173_slide26_ac1_vz_s1_p5_r67_a67_ac_full_cropmask_l1_x0_y0_sphere.tiff,8,1561,173108,2265159301
masks/20190715_p176_slide14_ac1_vz_s1_p1_r4_a4_ac_full_l9_x642_y233_cell.tiff,8,5395,96676,2265161006
masks/20190711_p173_slide28_ac1_vz_s1_p1_r13_a13_ac_full_l4_x387_y130_nucleiexp.tiff,8,7989,137548,2265166536
masks/20190715_p173_slide16_ac1_vz_s1_p2_r37_a37_ac_full_l4_x212_y439_cyto.tiff,8,7849,91068,2265174667
masks/20190715_p176_slide30_ac1_vz_s1_p1_r3_a3_ac_full_l1_x0_y91_cell.tiff,8,10695,142796,2265182653
masks/20190711_p173_slide28_ac1_vz_s1_p1_r2_a2_ac_full_cropmask_l1_x0_y2_sphere.tiff,8,1002,90494,2265193480
masks/20190710_p176_slide23_ac1_vz_s1_p1_r6_a6_ac_full_l40_x1858_y1368_cell.tiff,8,2561,44748,2265194624
masks/20190709_p176_slide11_ac1_vz_s1_p1_r15_a15_ac_full_l17_x772_y1763_cyto.tiff,8,15050,169558,2265197323
masks/20190715_p176_slide14_ac1_vz_s1_p1_r4_a4_ac_full_l32_x1685_y235_cell.tiff,8,5983,97918,2265212512
masks/20190715_p173_slide16_ac1_vz_s1_p1_r8_a8_ac_full_l5_x245_y316_nucleiexp.tiff,8,4344,85512,2265218632
masks/20190708_p173_slide26_ac1_vz_s1_p4_r5_a5_ac_full_cropmask_l3_x133_y0_sphere.tiff,8,1531,159608,2265223116
masks/20190710_p173_slide6_ac1_vz_s1_p1_r6_a6_ac_full_l13_x786_y833_nucleiexp.tiff,8,13941,281516,2265224791
masks/20190619_p173_slide31_ac1_vz_s1_p1_r6_a6_ac_full_cropmask_l1_x0_y0_sphere.tiff,8,2717,264652,2265238872
masks/20190623_p176_slide14_ac1_vz_s1_p1_r5_a5_ac_full_cropmask_l1_x9_y0_sphere.tiff,8,718,46360,2265241731
masks/20190620_p173_slide19_ac1_vz_s1_p1_r9_a9_ac_full_l1_x0_y221_nucleiexp.tiff,8,8306,137860,2265242591
masks/20190715_p173_slide22_ac1_vz_s1_p1_r6_a6_ac_full_l1_x0_y0_nucleiexp.tiff,8,3498,79018,2265251035
masks/20190625_p173_slide10_ac1_vz_s1_p1_r18_a18_ac_full_l7_x545_y718_cyto.tiff,8,4144,49772,2265254669
masks/20190710_p173_slide36_ac1_vz_s1_p1_r8_a8_ac_full_l1_x0_y0_nucleiexp.tiff,8,9091,177484,2265258950
masks/20190708_p176_slide33_ac1_vz_s1_p1_r16_a16_ac_full_l5_x303_y97_cyto.tiff,8,24331,265162,2265268177
masks/20190708_p173_slide26_ac1_vz_s1_p5_r70_a70_ac_full_cropmask_l1_x0_y0_sphere.tiff,8,1934,249244,2265292644
masks/20190710_p173_slide36_ac1_vz_s1_p1_r9_a9_ac_full_l1_x3_y0_cyto.tiff,8,17697,207634,2265294722
masks/20190619_p176_slide20_ac1_vz_s1_p1_r6_a6_ac_full_cropmask_l12_x525_y384_sphere.tiff,8,3472,389230,2265312550
masks/20190710_p176_slide8_ac1_vz_s1_p1_r1_a1_ac_full_l1_x0_y0_cell.tiff,8,4579,67068,2265316169
masks/20190620_p173_slide19_ac1_vz_s1_p1_r22_a22_ac_full_cropmask_l9_x423_y287_sphere.tiff,8,2588,336868,2265320878
masks/20190708_p173_slide26_ac1_vz_s1_p5_r78_a78_ac_full_l2_x71_y461_nucleiexp.tiff,8,17618,305932,2265323614
masks/20190709_p176_slide16_ac1_vz_s1_p1_r7_a7_ac_full_l37_x1814_y146_cyto.tiff,8,11719,157066,2265341373
masks/20190619_p176_slide43_ac1_vz_s1_p1_r3_a3_ac_full_l1_x0_y0_nucleiexp.tiff,8,5514,131290,2265353229
masks/20190710_p176_slide23_ac1_vz_s1_p1_r6_a6_ac_full_l4_x228_y723_cell.tiff,8,3158,66700,2265358879
masks/20190710_p176_slide23_ac1_vz_s1_p1_r6_a6_ac_full_cropmask_l1_x11_y1138_sphere.tiff,8,1787,218248,2265362172
masks/20190625_p173_slide10_ac1_vz_s1_p1_r12_a12_ac_full_l1_x0_y122_cyto.tiff,8,20856,217756,2265364105
masks/20190710_p176_slide8_ac1_vz_s1_p1_r14_a14_ac_full_l15_x1451_y22_cell.tiff,8,11214,168418,2265385096
masks/20190708_p173_slide26_ac1_vz_s1_p4_r21_a21_ac_full_l32768_x0_y0_cyto.tiff,8,799,18753,2265396447
masks/20190710_p176_slide23_ac1_vz_s1_p1_r6_a6_ac_full_l22_x1041_y1752_cell.tiff,8,10709,173132,2265397383
masks/20190619_p176_slide20_ac1_vz_s1_p1_r6_a6_ac_full_cropmask_l8_x332_y1481_sphere.tiff,8,3128,366948,2265408230
masks/20190710_p173_slide36_ac1_vz_s1_p1_r13_a13_ac_full_cropmask_l2_x93_y469_sphere.tiff,8,1327,108646,2265411505
masks/20190709_p176_slide16_ac1_vz_s1_p1_r7_a7_ac_full_l6_x342_y1266_cyto.tiff,8,33035,317026,2265412979
masks/20190709_p176_slide11_ac1_vz_s1_p1_r15_a15_ac_full_l1_x0_y1215_cyto.tiff,8,11790,156768,2265446150
masks/20190621_p176_slide36_ac1_vz_s1_p1_r5_a5_ac_full_cropmask_l1_x0_y115_sphere.tiff,8,1350,97948,2265458076
masks/20190708_p173_slide26_ac1_vz_s1_p5_r66_a66_ac_full_l32768_x0_y0_nucleiexp.tiff,8,1422,47110,2265459570
masks/20190708_p173_slide26_ac1_vz_s1_p5_r72_a72_ac_full_l1_x0_y0_nucleiexp.tiff,8,16151,286398,2265461134
masks/20190708_p173_slide26_ac1_vz_s1_p4_r22_a22_ac_full_cropmask_l32768_x0_y0_sphere.tiff,8,240,55138,2265477423
masks/20190619_p176_slide20_ac1_vz_s1_p1_r6_a6_ac_full_cropmask_l26_x1233_y0_sphere.tiff,8,1643,188128,2265477811
masks/20190715_p176_slide14_ac1_vz_s1_p1_r4_a4_ac_full_l23_x1069_y1417_nucleiexp.tiff,8,26370,387980,2265479600
masks/20190715_p173_slide16_ac1_vz_s1_p1_r4_a4_ac_full_l1_x0_y0_nucleiexp.tiff,8,2784,62892,2265506113
masks/20190625_p173_slide10_ac1_vz_s1_p1_r6_a6_ac_full_l1_x12_y0_cell.tiff,8,3439,73754,2265509033
masks/20190709_p176_slide16_ac1_vz_s1_p1_r7_a7_ac_full_l39_x1983_y684_nucleiexp.tiff,8,17740,299084,2265512604
masks/20190619_p173_slide8_ac1_vz_s1_p1_r6_a6_ac_full_cropmask_l16_x1051_y479_sphere.tiff,8,2228,184948,2265530486
masks/20190715_p176_slide30_ac1_vz_s1_p1_r16_a16_ac_full_l6_x464_y0_cell.tiff,8,17962,242248,2265532861
nucleiexp_obs.csv,8,1547959,6905222,2265550958
nucleiexp_var.csv,8,1689,5697,2267098992
nucleiexp_X.csv,8,91807277,198832107,2267100756
README.md,8,2932,8265,2358908106
relations_cell_cyto.csv,8,1110260,3134027,2358911105
relations_cell_neighbors.csv,8,6260079,33407310,2360021446
relations_cell_nucleiexp.csv,8,1063282,2983837,2366281611
