sample_id,endpoint,prob_keloid,pred_label,confidence,decision_threshold,decision
GSM194104,keloid_vs_unaffected_skin,0.21850125287325772,non_keloid,0.7814987471267423,0.4979889121578559,non_keloid
GSM194105,keloid_vs_unaffected_skin,0.29210942557969777,non_keloid,0.7078905744203022,0.4979889121578559,non_keloid
GSM194106,keloid_vs_unaffected_skin,0.6607820658014647,keloid,0.6607820658014647,0.4979889121578559,keloid
GSM194107,keloid_vs_unaffected_skin,0.5185064729279952,keloid,0.5185064729279952,0.4979889121578559,abstain
GSM194108,keloid_vs_unaffected_skin,0.27520042339214645,non_keloid,0.7247995766078535,0.4979889121578559,non_keloid
GSM194109,keloid_vs_unaffected_skin,0.7201228851212079,keloid,0.7201228851212079,0.4979889121578559,keloid
GSM194110,keloid_vs_unaffected_skin,0.9266207658696357,keloid,0.9266207658696357,0.4979889121578559,keloid
GSM194111,keloid_vs_unaffected_skin,0.5090298202756844,keloid,0.5090298202756844,0.4979889121578559,abstain
GSM194112,keloid_vs_unaffected_skin,0.33183596769678736,non_keloid,0.6681640323032126,0.4979889121578559,non_keloid
GSM194113,keloid_vs_unaffected_skin,0.8283096159237605,keloid,0.8283096159237605,0.4979889121578559,keloid
GSM194114,keloid_vs_unaffected_skin,0.3696018726683643,non_keloid,0.6303981273316357,0.4979889121578559,non_keloid
GSM194115,keloid_vs_unaffected_skin,0.24264773212783775,non_keloid,0.7573522678721623,0.4979889121578559,non_keloid
GSM194116,keloid_vs_unaffected_skin,0.27420878147609573,non_keloid,0.7257912185239043,0.4979889121578559,non_keloid
GSM194117,keloid_vs_unaffected_skin,0.12860600456465499,non_keloid,0.871393995435345,0.4979889121578559,non_keloid
GSM194118,keloid_vs_unaffected_skin,0.2962580243904238,non_keloid,0.7037419756095762,0.4979889121578559,non_keloid
GSM194119,keloid_vs_unaffected_skin,0.6296790519695666,keloid,0.6296790519695666,0.4979889121578559,keloid
GSM194120,keloid_vs_unaffected_skin,0.37522166201739093,non_keloid,0.6247783379826091,0.4979889121578559,non_keloid
GSM194121,keloid_vs_unaffected_skin,0.7333718894278507,keloid,0.7333718894278507,0.4979889121578559,keloid
GSM194122,keloid_vs_unaffected_skin,0.9024230790520288,keloid,0.9024230790520288,0.4979889121578559,keloid
GSM2432365,keloid_vs_unaffected_skin,0.3422627932867355,non_keloid,0.6577372067132645,0.4979889121578559,non_keloid
GSM2432366,keloid_vs_unaffected_skin,0.4652003129779523,non_keloid,0.5347996870220477,0.4979889121578559,abstain
GSM2432367,keloid_vs_unaffected_skin,0.2428975402444714,non_keloid,0.7571024597555286,0.4979889121578559,non_keloid
GSM2432368,keloid_vs_unaffected_skin,0.5244532679207152,keloid,0.5244532679207152,0.4979889121578559,abstain
GSM2432369,keloid_vs_unaffected_skin,0.5872887685686184,keloid,0.5872887685686184,0.4979889121578559,abstain
GSM2432370,keloid_vs_unaffected_skin,0.6436115035473182,keloid,0.6436115035473182,0.4979889121578559,keloid
GSM2432371,keloid_vs_unaffected_skin,0.3086888532259747,non_keloid,0.6913111467740253,0.4979889121578559,non_keloid
GSM2396556,keloid_vs_unaffected_skin,0.403842732529503,non_keloid,0.596157267470497,0.4979889121578559,abstain
GSM2396557,keloid_vs_unaffected_skin,0.4653048668280312,non_keloid,0.5346951331719688,0.4979889121578559,abstain
GSM2396558,keloid_vs_unaffected_skin,0.6524406279005942,keloid,0.6524406279005942,0.4979889121578559,keloid
GSM2396559,keloid_vs_unaffected_skin,0.8472211112485334,keloid,0.8472211112485334,0.4979889121578559,keloid
GSM2396560,keloid_vs_unaffected_skin,0.46898242621880737,non_keloid,0.5310175737811926,0.4979889121578559,abstain
GSM2396561,keloid_vs_unaffected_skin,0.3754663070320895,non_keloid,0.6245336929679105,0.4979889121578559,non_keloid
GSM2396562,keloid_vs_unaffected_skin,0.3399738867285408,non_keloid,0.6600261132714592,0.4979889121578559,non_keloid
GSM1081582,keloid_vs_unaffected_skin,0.6029350292653008,keloid,0.6029350292653008,0.4979889121578559,keloid
GSM1081583,keloid_vs_unaffected_skin,0.6868655399406909,keloid,0.6868655399406909,0.4979889121578559,keloid
GSM1081584,keloid_vs_unaffected_skin,0.8134665307162078,keloid,0.8134665307162078,0.4979889121578559,keloid
GSM1081585,keloid_vs_unaffected_skin,0.6970529395602112,keloid,0.6970529395602112,0.4979889121578559,keloid
GSM1081586,keloid_vs_unaffected_skin,0.5635436084251864,keloid,0.5635436084251864,0.4979889121578559,abstain
GSM1081587,keloid_vs_unaffected_skin,0.8013387737794293,keloid,0.8013387737794293,0.4979889121578559,keloid
GSM1081588,keloid_vs_unaffected_skin,0.6500166224153076,keloid,0.6500166224153076,0.4979889121578559,keloid
GSM1081589,keloid_vs_unaffected_skin,0.6088511482901676,keloid,0.6088511482901676,0.4979889121578559,keloid
GSM1081590,keloid_vs_unaffected_skin,0.4997953933397835,keloid,0.5002046066602165,0.4979889121578559,abstain
GSM1081591,keloid_vs_unaffected_skin,0.315594246750995,non_keloid,0.684405753249005,0.4979889121578559,non_keloid
GSM1081592,keloid_vs_unaffected_skin,0.5272337303377497,keloid,0.5272337303377497,0.4979889121578559,abstain
GSM1081593,keloid_vs_unaffected_skin,0.391508030440897,non_keloid,0.608491969559103,0.4979889121578559,non_keloid
GSM1081594,keloid_vs_unaffected_skin,0.4824220654072613,non_keloid,0.5175779345927387,0.4979889121578559,abstain
GSM1081595,keloid_vs_unaffected_skin,0.2631245326005949,non_keloid,0.7368754673994051,0.4979889121578559,non_keloid
GSM1081596,keloid_vs_unaffected_skin,0.24178419584439315,non_keloid,0.7582158041556069,0.4979889121578559,non_keloid
GSM1081597,keloid_vs_unaffected_skin,0.42925808334889626,non_keloid,0.5707419166511037,0.4979889121578559,abstain
GSM1081598,keloid_vs_unaffected_skin,0.6223239930677573,keloid,0.6223239930677573,0.4979889121578559,keloid
GSM1081599,keloid_vs_unaffected_skin,0.33107233175705386,non_keloid,0.6689276682429461,0.4979889121578559,non_keloid
GSM1081600,keloid_vs_unaffected_skin,0.7169529226908017,keloid,0.7169529226908017,0.4979889121578559,keloid
GSM1081601,keloid_vs_unaffected_skin,0.46107348012964566,non_keloid,0.5389265198703543,0.4979889121578559,abstain
GSM1081602,keloid_vs_unaffected_skin,0.5692638049411682,keloid,0.5692638049411682,0.4979889121578559,abstain
GSM1081603,keloid_vs_unaffected_skin,0.8773184477969651,keloid,0.8773184477969651,0.4979889121578559,keloid
GSM1081604,keloid_vs_unaffected_skin,0.6616257607139566,keloid,0.6616257607139566,0.4979889121578559,keloid
GSM1081605,keloid_vs_unaffected_skin,0.5693081299310723,keloid,0.5693081299310723,0.4979889121578559,abstain
GSM1081606,keloid_vs_unaffected_skin,0.5658547939466458,keloid,0.5658547939466458,0.4979889121578559,abstain
GSM1081607,keloid_vs_unaffected_skin,0.6181047083060797,keloid,0.6181047083060797,0.4979889121578559,keloid
GSM1081608,keloid_vs_unaffected_skin,0.46938004855172466,non_keloid,0.5306199514482753,0.4979889121578559,abstain
GSM1081609,keloid_vs_unaffected_skin,0.45238207048115064,non_keloid,0.5476179295188494,0.4979889121578559,abstain
GSM1081610,keloid_vs_unaffected_skin,0.6556883568965333,keloid,0.6556883568965333,0.4979889121578559,keloid
GSM1081611,keloid_vs_unaffected_skin,0.5369380446047468,keloid,0.5369380446047468,0.4979889121578559,abstain
GSM1081612,keloid_vs_unaffected_skin,0.44677114125665285,non_keloid,0.5532288587433472,0.4979889121578559,abstain
GSM1081613,keloid_vs_unaffected_skin,0.4854206698145114,non_keloid,0.5145793301854886,0.4979889121578559,abstain
GSM71671,keloid_vs_unaffected_skin,0.5146924417300438,keloid,0.5146924417300438,0.4979889121578559,abstain
GSM71672,keloid_vs_unaffected_skin,0.7551467224066256,keloid,0.7551467224066256,0.4979889121578559,keloid
GSM71673,keloid_vs_unaffected_skin,0.6911300530830169,keloid,0.6911300530830169,0.4979889121578559,keloid
GSM71674,keloid_vs_unaffected_skin,0.4101831354491643,non_keloid,0.5898168645508357,0.4979889121578559,abstain
GSM71675,keloid_vs_unaffected_skin,0.5855146522949704,keloid,0.5855146522949704,0.4979889121578559,abstain
GSM71676,keloid_vs_unaffected_skin,0.37793547103363345,non_keloid,0.6220645289663665,0.4979889121578559,non_keloid
GSM71677,keloid_vs_unaffected_skin,0.42652870310310287,non_keloid,0.5734712968968971,0.4979889121578559,abstain
GSM71678,keloid_vs_unaffected_skin,0.1636132563766578,non_keloid,0.8363867436233422,0.4979889121578559,non_keloid
GSM71679,keloid_vs_unaffected_skin,0.3115533883117485,non_keloid,0.6884466116882515,0.4979889121578559,non_keloid
GSM71680,keloid_vs_unaffected_skin,0.5846044664203183,keloid,0.5846044664203183,0.4979889121578559,abstain
GSM71681,keloid_vs_unaffected_skin,0.3716196166616307,non_keloid,0.6283803833383693,0.4979889121578559,non_keloid
GSM71682,keloid_vs_unaffected_skin,0.5072098804591978,keloid,0.5072098804591978,0.4979889121578559,abstain
GSM71683,keloid_vs_unaffected_skin,0.5818863499839855,keloid,0.5818863499839855,0.4979889121578559,abstain
GSM71684,keloid_vs_unaffected_skin,0.14896371846716228,non_keloid,0.8510362815328377,0.4979889121578559,non_keloid
GSM71685,keloid_vs_unaffected_skin,0.3758539867302322,non_keloid,0.6241460132697678,0.4979889121578559,non_keloid
GSM71686,keloid_vs_unaffected_skin,0.5456974787067759,keloid,0.5456974787067759,0.4979889121578559,abstain
GSM71687,keloid_vs_unaffected_skin,0.7208696965440627,keloid,0.7208696965440627,0.4979889121578559,keloid
GSM71688,keloid_vs_unaffected_skin,0.3220017329310577,non_keloid,0.6779982670689423,0.4979889121578559,non_keloid
GSM71689,keloid_vs_unaffected_skin,0.7073167315123812,keloid,0.7073167315123812,0.4979889121578559,keloid
GSM71690,keloid_vs_unaffected_skin,0.36904093318204445,non_keloid,0.6309590668179555,0.4979889121578559,non_keloid
GSM71691,keloid_vs_unaffected_skin,0.2494354582276439,non_keloid,0.7505645417723561,0.4979889121578559,non_keloid
GSM71692,keloid_vs_unaffected_skin,0.6435675306137326,keloid,0.6435675306137326,0.4979889121578559,keloid
GSM71693,keloid_vs_unaffected_skin,0.7712863354543307,keloid,0.7712863354543307,0.4979889121578559,keloid
GSM71694,keloid_vs_unaffected_skin,0.5381031679569133,keloid,0.5381031679569133,0.4979889121578559,abstain
GSM71695,keloid_vs_unaffected_skin,0.5961742103387013,keloid,0.5961742103387013,0.4979889121578559,abstain
GSM71696,keloid_vs_unaffected_skin,0.5148843112952486,keloid,0.5148843112952486,0.4979889121578559,abstain
GSM71697,keloid_vs_unaffected_skin,0.5021780140096743,keloid,0.5021780140096743,0.4979889121578559,abstain
GSM71698,keloid_vs_unaffected_skin,0.5659113121261038,keloid,0.5659113121261038,0.4979889121578559,abstain
GSM71699,keloid_vs_unaffected_skin,0.5497960565007738,keloid,0.5497960565007738,0.4979889121578559,abstain
GSM71700,keloid_vs_unaffected_skin,0.6555553183697691,keloid,0.6555553183697691,0.4979889121578559,keloid
GSM71701,keloid_vs_unaffected_skin,0.520028131730587,keloid,0.520028131730587,0.4979889121578559,abstain
GSM71702,keloid_vs_unaffected_skin,0.7436858190693183,keloid,0.7436858190693183,0.4979889121578559,keloid
GSM71703,keloid_vs_unaffected_skin,0.5927461633565962,keloid,0.5927461633565962,0.4979889121578559,abstain
GSM71704,keloid_vs_unaffected_skin,0.6079043446058476,keloid,0.6079043446058476,0.4979889121578559,keloid
GSM71705,keloid_vs_unaffected_skin,0.5462518465937443,keloid,0.5462518465937443,0.4979889121578559,abstain
GSM71706,keloid_vs_unaffected_skin,0.4859591363501098,non_keloid,0.5140408636498902,0.4979889121578559,abstain
GSM71707,keloid_vs_unaffected_skin,0.4860104171518168,non_keloid,0.5139895828481832,0.4979889121578559,abstain
GSM71708,keloid_vs_unaffected_skin,0.5403881170017211,keloid,0.5403881170017211,0.4979889121578559,abstain
GSM71709,keloid_vs_unaffected_skin,0.7640001638432905,keloid,0.7640001638432905,0.4979889121578559,keloid
GSM71710,keloid_vs_unaffected_skin,0.7328660609588125,keloid,0.7328660609588125,0.4979889121578559,keloid
GSM71711,keloid_vs_unaffected_skin,0.480544677166436,non_keloid,0.519455322833564,0.4979889121578559,abstain
GSM71712,keloid_vs_unaffected_skin,0.445990324911717,non_keloid,0.554009675088283,0.4979889121578559,abstain
GSM71713,keloid_vs_unaffected_skin,0.5449398637241463,keloid,0.5449398637241463,0.4979889121578559,abstain
GSM71714,keloid_vs_unaffected_skin,0.6839437104602144,keloid,0.6839437104602144,0.4979889121578559,keloid
GSM71715,keloid_vs_unaffected_skin,0.4238043368320793,non_keloid,0.5761956631679207,0.4979889121578559,abstain
GSM71716,keloid_vs_unaffected_skin,0.5073070578386008,keloid,0.5073070578386008,0.4979889121578559,abstain
GSM71717,keloid_vs_unaffected_skin,0.6046540009536583,keloid,0.6046540009536583,0.4979889121578559,keloid
GSM71718,keloid_vs_unaffected_skin,0.5753282528522444,keloid,0.5753282528522444,0.4979889121578559,abstain
GSM71719,keloid_vs_unaffected_skin,0.8266606221719816,keloid,0.8266606221719816,0.4979889121578559,keloid
GSM71720,keloid_vs_unaffected_skin,0.6441445605279811,keloid,0.6441445605279811,0.4979889121578559,keloid
GSM71721,keloid_vs_unaffected_skin,0.3591465661435471,non_keloid,0.6408534338564529,0.4979889121578559,non_keloid
GSM71722,keloid_vs_unaffected_skin,0.674179259695604,keloid,0.674179259695604,0.4979889121578559,keloid
GSM71723,keloid_vs_unaffected_skin,0.8729039933160534,keloid,0.8729039933160534,0.4979889121578559,keloid
GSM71724,keloid_vs_unaffected_skin,0.8920766624937393,keloid,0.8920766624937393,0.4979889121578559,keloid
GSM71725,keloid_vs_unaffected_skin,0.4307878900689427,non_keloid,0.5692121099310573,0.4979889121578559,abstain
GSM71726,keloid_vs_unaffected_skin,0.26728019537041214,non_keloid,0.7327198046295879,0.4979889121578559,non_keloid
GSM71727,keloid_vs_unaffected_skin,0.3636719806701765,non_keloid,0.6363280193298235,0.4979889121578559,non_keloid
GSM71728,keloid_vs_unaffected_skin,0.3886039347333077,non_keloid,0.6113960652666923,0.4979889121578559,non_keloid
GSM71729,keloid_vs_unaffected_skin,0.5487548875542176,keloid,0.5487548875542176,0.4979889121578559,abstain
GSM71730,keloid_vs_unaffected_skin,0.18281919226011245,non_keloid,0.8171808077398875,0.4979889121578559,non_keloid
GSM71731,keloid_vs_unaffected_skin,0.8779310239386525,keloid,0.8779310239386525,0.4979889121578559,keloid
GSM71732,keloid_vs_unaffected_skin,0.6677664338974005,keloid,0.6677664338974005,0.4979889121578559,keloid
GSM71733,keloid_vs_unaffected_skin,0.7942421392387282,keloid,0.7942421392387282,0.4979889121578559,keloid
GSM71734,keloid_vs_unaffected_skin,0.5092416079293576,keloid,0.5092416079293576,0.4979889121578559,abstain
GSM71735,keloid_vs_unaffected_skin,0.634368329399255,keloid,0.634368329399255,0.4979889121578559,keloid
GSM71736,keloid_vs_unaffected_skin,0.533985193087678,keloid,0.533985193087678,0.4979889121578559,abstain
GSM71737,keloid_vs_unaffected_skin,0.537715930949072,keloid,0.537715930949072,0.4979889121578559,abstain
GSM71738,keloid_vs_unaffected_skin,0.728658085543924,keloid,0.728658085543924,0.4979889121578559,keloid
GSM71739,keloid_vs_unaffected_skin,0.7096892781804448,keloid,0.7096892781804448,0.4979889121578559,keloid
GSM71740,keloid_vs_unaffected_skin,0.515756042479308,keloid,0.515756042479308,0.4979889121578559,abstain
GSM4331585,keloid_vs_unaffected_skin,0.9475672637504748,keloid,0.9475672637504748,0.4979889121578559,keloid
GSM4331586,keloid_vs_unaffected_skin,0.8704021852081036,keloid,0.8704021852081036,0.4979889121578559,keloid
GSM4331587,keloid_vs_unaffected_skin,0.6545447635744501,keloid,0.6545447635744501,0.4979889121578559,keloid
GSM4331588,keloid_vs_unaffected_skin,0.5321661510840658,keloid,0.5321661510840658,0.4979889121578559,abstain
GSM4331589,keloid_vs_unaffected_skin,0.741014187879075,keloid,0.741014187879075,0.4979889121578559,keloid
GSM4331590,keloid_vs_unaffected_skin,0.23480319997191001,non_keloid,0.76519680002809,0.4979889121578559,non_keloid
GSM4331591,keloid_vs_unaffected_skin,0.5174072223234756,keloid,0.5174072223234756,0.4979889121578559,abstain
GSM4331592,keloid_vs_unaffected_skin,0.8618489759192567,keloid,0.8618489759192567,0.4979889121578559,keloid
GSM4331593,keloid_vs_unaffected_skin,0.8644101747624782,keloid,0.8644101747624782,0.4979889121578559,keloid
GSM4331594,keloid_vs_unaffected_skin,0.3198652703393956,non_keloid,0.6801347296606044,0.4979889121578559,non_keloid
GSM4331595,keloid_vs_unaffected_skin,0.4657419377130131,non_keloid,0.5342580622869869,0.4979889121578559,abstain
GSM4331596,keloid_vs_unaffected_skin,0.0673304601622371,non_keloid,0.9326695398377629,0.4979889121578559,non_keloid
GSM4331597,keloid_vs_unaffected_skin,0.46515359377531706,non_keloid,0.5348464062246829,0.4979889121578559,abstain
GSM4331598,keloid_vs_unaffected_skin,0.3946616718265934,non_keloid,0.6053383281734066,0.4979889121578559,non_keloid
GSM4331599,keloid_vs_unaffected_skin,0.5890831507335866,keloid,0.5890831507335866,0.4979889121578559,abstain
GSM4331600,keloid_vs_unaffected_skin,0.6625216702414132,keloid,0.6625216702414132,0.4979889121578559,keloid
GSM4331601,keloid_vs_unaffected_skin,0.44006603780611964,non_keloid,0.5599339621938804,0.4979889121578559,abstain
GSM4331602,keloid_vs_unaffected_skin,0.5314637915675028,keloid,0.5314637915675028,0.4979889121578559,abstain
GSM4331603,keloid_vs_unaffected_skin,0.5418297608099711,keloid,0.5418297608099711,0.4979889121578559,abstain
E-MTAB-2509_assay1,keloid_vs_unaffected_skin,0.3089938373479203,non_keloid,0.6910061626520797,0.4979889121578559,non_keloid
E-MTAB-2509_assay2,keloid_vs_unaffected_skin,0.3176377982068883,non_keloid,0.6823622017931117,0.4979889121578559,non_keloid
E-MTAB-2509_assay3,keloid_vs_unaffected_skin,0.6559191655320782,keloid,0.6559191655320782,0.4979889121578559,keloid
E-MTAB-2509_assay4,keloid_vs_unaffected_skin,0.45611214005484824,non_keloid,0.5438878599451518,0.4979889121578559,abstain
E-MTAB-2509_assay5,keloid_vs_unaffected_skin,0.35033321636148884,non_keloid,0.6496667836385112,0.4979889121578559,non_keloid
E-MTAB-2509_assay6,keloid_vs_unaffected_skin,0.8174503633294163,keloid,0.8174503633294163,0.4979889121578559,keloid
E-MTAB-2509_assay7,keloid_vs_unaffected_skin,0.039987026227892075,non_keloid,0.9600129737721079,0.4979889121578559,non_keloid
E-MTAB-2509_assay8,keloid_vs_unaffected_skin,0.5306544952732559,keloid,0.5306544952732559,0.4979889121578559,abstain
E-MTAB-2509_assay9,keloid_vs_unaffected_skin,0.4391819740794163,non_keloid,0.5608180259205837,0.4979889121578559,abstain
E-MTAB-2509_assay10,keloid_vs_unaffected_skin,0.6087091649251659,keloid,0.6087091649251659,0.4979889121578559,keloid
E-MTAB-2509_assay11,keloid_vs_unaffected_skin,0.8248666971463878,keloid,0.8248666971463878,0.4979889121578559,keloid
E-MTAB-2509_assay12,keloid_vs_unaffected_skin,0.6089019269743396,keloid,0.6089019269743396,0.4979889121578559,keloid
E-MTAB-2509_assay13,keloid_vs_unaffected_skin,0.6511788740238481,keloid,0.6511788740238481,0.4979889121578559,keloid
E-MTAB-2509_assay14,keloid_vs_unaffected_skin,0.5581018550092935,keloid,0.5581018550092935,0.4979889121578559,abstain
E-MTAB-2509_assay15,keloid_vs_unaffected_skin,0.7120857851391826,keloid,0.7120857851391826,0.4979889121578559,keloid
E-MTAB-2509_assay16,keloid_vs_unaffected_skin,0.3635214338479198,non_keloid,0.6364785661520802,0.4979889121578559,non_keloid
E-MTAB-2509_assay17,keloid_vs_unaffected_skin,0.7254750179544394,keloid,0.7254750179544394,0.4979889121578559,keloid
E-MTAB-2509_assay18,keloid_vs_unaffected_skin,0.5260295540209385,keloid,0.5260295540209385,0.4979889121578559,abstain
E-MTAB-2509_assay19,keloid_vs_unaffected_skin,0.6842419614948283,keloid,0.6842419614948283,0.4979889121578559,keloid
E-MTAB-2509_assay20,keloid_vs_unaffected_skin,0.25663853857869656,non_keloid,0.7433614614213034,0.4979889121578559,non_keloid
E-MTAB-2509_assay21,keloid_vs_unaffected_skin,0.6387070733210218,keloid,0.6387070733210218,0.4979889121578559,keloid
E-MTAB-2509_assay22,keloid_vs_unaffected_skin,0.725808192798236,keloid,0.725808192798236,0.4979889121578559,keloid
E-MTAB-2509_assay23,keloid_vs_unaffected_skin,0.651241825222882,keloid,0.651241825222882,0.4979889121578559,keloid
E-MTAB-2509_assay24,keloid_vs_unaffected_skin,0.5076893069302133,keloid,0.5076893069302133,0.4979889121578559,abstain
E-MTAB-2509_assay25,keloid_vs_unaffected_skin,0.7397888292323103,keloid,0.7397888292323103,0.4979889121578559,keloid
E-MTAB-2509_assay26,keloid_vs_unaffected_skin,0.7837324176430017,keloid,0.7837324176430017,0.4979889121578559,keloid
E-MTAB-2509_assay27,keloid_vs_unaffected_skin,0.7123873514723827,keloid,0.7123873514723827,0.4979889121578559,keloid
E-MTAB-4945_Sample_25,keloid_vs_unaffected_skin,0.623809335645032,keloid,0.623809335645032,0.4979889121578559,keloid
E-MTAB-4945_Sample_26,keloid_vs_unaffected_skin,0.34524602178621866,non_keloid,0.6547539782137813,0.4979889121578559,non_keloid
E-MTAB-4945_Sample_27,keloid_vs_unaffected_skin,0.7285478902024538,keloid,0.7285478902024538,0.4979889121578559,keloid
E-MTAB-4945_Sample_28,keloid_vs_unaffected_skin,0.5290738779812574,keloid,0.5290738779812574,0.4979889121578559,abstain
E-MTAB-4945_Sample_29,keloid_vs_unaffected_skin,0.4181159933213767,non_keloid,0.5818840066786233,0.4979889121578559,abstain
E-MTAB-4945_Sample_30,keloid_vs_unaffected_skin,0.7852867259838476,keloid,0.7852867259838476,0.4979889121578559,keloid
E-MTAB-4945_Sample_31,keloid_vs_unaffected_skin,0.798166317053017,keloid,0.798166317053017,0.4979889121578559,keloid
E-MTAB-4945_Sample_32,keloid_vs_unaffected_skin,0.7086732104778369,keloid,0.7086732104778369,0.4979889121578559,keloid
E-MTAB-4945_Sample_1,keloid_vs_unaffected_skin,0.32221405023528416,non_keloid,0.6777859497647158,0.4979889121578559,non_keloid
E-MTAB-4945_Sample_2,keloid_vs_unaffected_skin,0.29462316243142994,non_keloid,0.7053768375685701,0.4979889121578559,non_keloid
E-MTAB-4945_Sample_3,keloid_vs_unaffected_skin,0.5140630582874612,keloid,0.5140630582874612,0.4979889121578559,abstain
E-MTAB-4945_Sample_4,keloid_vs_unaffected_skin,0.2367377162379375,non_keloid,0.7632622837620625,0.4979889121578559,non_keloid
E-MTAB-4945_Sample_5,keloid_vs_unaffected_skin,0.5332769868873257,keloid,0.5332769868873257,0.4979889121578559,abstain
E-MTAB-4945_Sample_6,keloid_vs_unaffected_skin,0.5682257364998757,keloid,0.5682257364998757,0.4979889121578559,abstain
E-MTAB-4945_Sample_7,keloid_vs_unaffected_skin,0.6554802297205791,keloid,0.6554802297205791,0.4979889121578559,keloid
E-MTAB-4945_Sample_8,keloid_vs_unaffected_skin,0.7479780910745546,keloid,0.7479780910745546,0.4979889121578559,keloid
E-MTAB-4945_Sample_9,keloid_vs_unaffected_skin,0.28152809983740257,non_keloid,0.7184719001625974,0.4979889121578559,non_keloid
E-MTAB-4945_Sample_10,keloid_vs_unaffected_skin,0.7019834204989556,keloid,0.7019834204989556,0.4979889121578559,keloid
E-MTAB-4945_Sample_11,keloid_vs_unaffected_skin,0.3728516004811535,non_keloid,0.6271483995188465,0.4979889121578559,non_keloid
E-MTAB-4945_Sample_12,keloid_vs_unaffected_skin,0.7588890549807914,keloid,0.7588890549807914,0.4979889121578559,keloid
E-MTAB-4945_Sample_13,keloid_vs_unaffected_skin,0.33104195690070204,non_keloid,0.668958043099298,0.4979889121578559,non_keloid
E-MTAB-4945_Sample_14,keloid_vs_unaffected_skin,0.6491858545801312,keloid,0.6491858545801312,0.4979889121578559,keloid
E-MTAB-4945_Sample_15,keloid_vs_unaffected_skin,0.26063538687565835,non_keloid,0.7393646131243417,0.4979889121578559,non_keloid
E-MTAB-4945_Sample_16,keloid_vs_unaffected_skin,0.7567545463769073,keloid,0.7567545463769073,0.4979889121578559,keloid
E-MTAB-4945_Sample_17,keloid_vs_unaffected_skin,0.46312087738748753,non_keloid,0.5368791226125125,0.4979889121578559,abstain
E-MTAB-4945_Sample_18,keloid_vs_unaffected_skin,0.5979806594894931,keloid,0.5979806594894931,0.4979889121578559,abstain
E-MTAB-4945_Sample_19,keloid_vs_unaffected_skin,0.528555590010175,keloid,0.528555590010175,0.4979889121578559,abstain
E-MTAB-4945_Sample_20,keloid_vs_unaffected_skin,0.45096678453858374,non_keloid,0.5490332154614163,0.4979889121578559,abstain
E-MTAB-4945_Sample_21,keloid_vs_unaffected_skin,0.26455446387087056,non_keloid,0.7354455361291294,0.4979889121578559,non_keloid
E-MTAB-4945_Sample_22,keloid_vs_unaffected_skin,0.6007473621528412,keloid,0.6007473621528412,0.4979889121578559,keloid
E-MTAB-4945_Sample_23,keloid_vs_unaffected_skin,0.6592398994212736,keloid,0.6592398994212736,0.4979889121578559,keloid
E-MTAB-4945_Sample_24,keloid_vs_unaffected_skin,0.5226746858782327,keloid,0.5226746858782327,0.4979889121578559,abstain
E-MTAB-4945_Sample_33,keloid_vs_unaffected_skin,0.36070042263574675,non_keloid,0.6392995773642532,0.4979889121578559,non_keloid
E-MTAB-4945_Sample_34,keloid_vs_unaffected_skin,0.6865127360631502,keloid,0.6865127360631502,0.4979889121578559,keloid
E-MTAB-4945_Sample_35,keloid_vs_unaffected_skin,0.4453117151555924,non_keloid,0.5546882848444076,0.4979889121578559,abstain
E-MTAB-4945_Sample_36,keloid_vs_unaffected_skin,0.670472466948514,keloid,0.670472466948514,0.4979889121578559,keloid
E-MTAB-4945_Sample_37,keloid_vs_unaffected_skin,0.3380192186819012,non_keloid,0.6619807813180988,0.4979889121578559,non_keloid
E-MTAB-4945_Sample_38,keloid_vs_unaffected_skin,0.7688340734501193,keloid,0.7688340734501193,0.4979889121578559,keloid
E-MTAB-4945_Sample_39,keloid_vs_unaffected_skin,0.3739385873616047,non_keloid,0.6260614126383953,0.4979889121578559,non_keloid
E-MTAB-4945_Sample_40,keloid_vs_unaffected_skin,0.49477276878948273,non_keloid,0.5052272312105173,0.4979889121578559,abstain
JKR491-163/BA_Normal_Normal_410,keloid_vs_unaffected_skin,0.46565386798691755,non_keloid,0.5343461320130825,0.4979889121578559,abstain
JKR782-003_Keloid_LS_K5,keloid_vs_unaffected_skin,0.5940793217066775,keloid,0.5940793217066775,0.4979889121578559,abstain
JKR782-003_Keloid_LS_K4,keloid_vs_unaffected_skin,0.6943026514321258,keloid,0.6943026514321258,0.4979889121578559,keloid
JKR782-004_Keloid_NL_K6,keloid_vs_unaffected_skin,0.6385671260374735,keloid,0.6385671260374735,0.4979889121578559,keloid
JKR782-001_Keloid_LS_K2,keloid_vs_unaffected_skin,0.6699374766769284,keloid,0.6699374766769284,0.4979889121578559,keloid
N2_Normal_Normal_N2,keloid_vs_unaffected_skin,0.45860834054466415,non_keloid,0.5413916594553358,0.4979889121578559,abstain
JKR782-003_Keloid_NL_K3,keloid_vs_unaffected_skin,0.5332591936349567,keloid,0.5332591936349567,0.4979889121578559,abstain
N20_Normal_Normal_N20,keloid_vs_unaffected_skin,0.4990611335553533,keloid,0.5009388664446467,0.4979889121578559,abstain
N3_Normal_Normal_N3,keloid_vs_unaffected_skin,0.3264031890990797,non_keloid,0.6735968109009203,0.4979889121578559,non_keloid
N19_Normal_Normal_N19,keloid_vs_unaffected_skin,0.30850053692124124,non_keloid,0.6914994630787588,0.4979889121578559,non_keloid
N1_Normal_Normal_N1,keloid_vs_unaffected_skin,0.4152942497820781,non_keloid,0.5847057502179219,0.4979889121578559,abstain
JKR782-004_Keloid_LS_K7,keloid_vs_unaffected_skin,0.5474160690907619,keloid,0.5474160690907619,0.4979889121578559,abstain
JKR782-001_Keloid_NL_K1,keloid_vs_unaffected_skin,0.4839084114528627,non_keloid,0.5160915885471373,0.4979889121578559,abstain
Keloid_01,keloid_vs_unaffected_skin,0.7326029511140129,keloid,0.7326029511140129,0.4979889121578559,keloid
Keloid_02,keloid_vs_unaffected_skin,0.6839531017261894,keloid,0.6839531017261894,0.4979889121578559,keloid
Keloid_03,keloid_vs_unaffected_skin,0.4561518937075837,non_keloid,0.5438481062924163,0.4979889121578559,abstain
Keloid_04,keloid_vs_unaffected_skin,0.7364217514834467,keloid,0.7364217514834467,0.4979889121578559,keloid
HypertrophicScar_01,keloid_vs_unaffected_skin,0.5990401223995865,keloid,0.5990401223995865,0.4979889121578559,abstain
HypertrophicScar_02,keloid_vs_unaffected_skin,0.566053700780093,keloid,0.566053700780093,0.4979889121578559,abstain
HypertrophicScar_03,keloid_vs_unaffected_skin,0.5848595675953238,keloid,0.5848595675953238,0.4979889121578559,abstain
HypertrophicScar_04,keloid_vs_unaffected_skin,0.7275662891402872,keloid,0.7275662891402872,0.4979889121578559,keloid
HypertrophicScar_05,keloid_vs_unaffected_skin,0.22219693479067515,non_keloid,0.7778030652093249,0.4979889121578559,non_keloid
NormotrophicScar_01,keloid_vs_unaffected_skin,0.3440621910533731,non_keloid,0.6559378089466269,0.4979889121578559,non_keloid
NormotrophicScar_02,keloid_vs_unaffected_skin,0.5405091793867007,keloid,0.5405091793867007,0.4979889121578559,abstain
NormotrophicScar_03,keloid_vs_unaffected_skin,0.3202359519397283,non_keloid,0.6797640480602717,0.4979889121578559,non_keloid
Control_N_1,keloid_vs_unaffected_skin,0.4577387673187947,non_keloid,0.5422612326812053,0.4979889121578559,abstain
Control_N_2,keloid_vs_unaffected_skin,0.5703116365146377,keloid,0.5703116365146377,0.4979889121578559,abstain
Control_N_3,keloid_vs_unaffected_skin,0.35936390385926276,non_keloid,0.6406360961407372,0.4979889121578559,non_keloid
Control_N_4,keloid_vs_unaffected_skin,0.3986412490340274,non_keloid,0.6013587509659726,0.4979889121578559,non_keloid
Control_N_5,keloid_vs_unaffected_skin,0.4896625113927744,non_keloid,0.5103374886072256,0.4979889121578559,abstain
Control_N_6,keloid_vs_unaffected_skin,0.6429602329178192,keloid,0.6429602329178192,0.4979889121578559,keloid
Control_N_7,keloid_vs_unaffected_skin,0.5179024216178671,keloid,0.5179024216178671,0.4979889121578559,abstain
Control_N_8,keloid_vs_unaffected_skin,0.3937301907056844,non_keloid,0.6062698092943156,0.4979889121578559,non_keloid
Treat_K_1,keloid_vs_unaffected_skin,0.7631881648679564,keloid,0.7631881648679564,0.4979889121578559,keloid
Treat_K_2,keloid_vs_unaffected_skin,0.5162098986204742,keloid,0.5162098986204742,0.4979889121578559,abstain
Treat_K_3,keloid_vs_unaffected_skin,0.5035826077518901,keloid,0.5035826077518901,0.4979889121578559,abstain
Treat_K_4,keloid_vs_unaffected_skin,0.5611198293652863,keloid,0.5611198293652863,0.4979889121578559,abstain
Treat_K_5,keloid_vs_unaffected_skin,0.7231641245469496,keloid,0.7231641245469496,0.4979889121578559,keloid
Treat_K_6,keloid_vs_unaffected_skin,0.7534459293073562,keloid,0.7534459293073562,0.4979889121578559,keloid
Treat_K_7,keloid_vs_unaffected_skin,0.4321183353378477,non_keloid,0.5678816646621523,0.4979889121578559,abstain
Treat_K_8,keloid_vs_unaffected_skin,0.6159869671686176,keloid,0.6159869671686176,0.4979889121578559,keloid
Treat_K_9,keloid_vs_unaffected_skin,0.5726138063114056,keloid,0.5726138063114056,0.4979889121578559,abstain
Treat_K_10,keloid_vs_unaffected_skin,0.5445387252887233,keloid,0.5445387252887233,0.4979889121578559,abstain
Treat_K_11,keloid_vs_unaffected_skin,0.7037124962280391,keloid,0.7037124962280391,0.4979889121578559,keloid
Treat_K_12,keloid_vs_unaffected_skin,0.5867192855677164,keloid,0.5867192855677164,0.4979889121578559,abstain
Treat_K_13,keloid_vs_unaffected_skin,0.7730439799243811,keloid,0.7730439799243811,0.4979889121578559,keloid
Treat_K_14,keloid_vs_unaffected_skin,0.4315873534727619,non_keloid,0.5684126465272381,0.4979889121578559,abstain
Treat_K_15,keloid_vs_unaffected_skin,0.699744890517884,keloid,0.699744890517884,0.4979889121578559,keloid
Treat_K_16,keloid_vs_unaffected_skin,0.518223848062014,keloid,0.518223848062014,0.4979889121578559,abstain
Treat_K_17,keloid_vs_unaffected_skin,0.5305495354510767,keloid,0.5305495354510767,0.4979889121578559,abstain
GSE175866_KF_other_keloid_fibroblasts,keloid_vs_unaffected_skin,0.37946581267332147,non_keloid,0.6205341873266785,0.4979889121578559,non_keloid
GSE175866_KZ_CD266pos_CD9neg_fibroblasts,keloid_vs_unaffected_skin,0.6459239847224552,keloid,0.6459239847224552,0.4979889121578559,keloid
GSE163973_KF1_Endothelial,keloid_vs_unaffected_skin,0.7330773577787941,keloid,0.7330773577787941,0.4979889121578559,keloid
GSE163973_KF1_Fibroblast,keloid_vs_unaffected_skin,0.6347395917377268,keloid,0.6347395917377268,0.4979889121578559,keloid
GSE163973_KF1_Keratinocyte,keloid_vs_unaffected_skin,0.5576848442820846,keloid,0.5576848442820846,0.4979889121578559,abstain
GSE163973_KF1_Unknown,keloid_vs_unaffected_skin,0.6592081660918017,keloid,0.6592081660918017,0.4979889121578559,keloid
GSE163973_KF1_muscle_fiber,keloid_vs_unaffected_skin,0.6235596008291314,keloid,0.6235596008291314,0.4979889121578559,keloid
GSE163973_KF1_Lymphatic_endothelial,keloid_vs_unaffected_skin,0.7667112549245743,keloid,0.7667112549245743,0.4979889121578559,keloid
GSE163973_KF1_Immune_cell,keloid_vs_unaffected_skin,0.5751876134175902,keloid,0.5751876134175902,0.4979889121578559,abstain
GSE163973_KF1_Glandular,keloid_vs_unaffected_skin,0.5390042734424058,keloid,0.5390042734424058,0.4979889121578559,abstain
GSE163973_KF1_Neural_cell,keloid_vs_unaffected_skin,0.6591844585911066,keloid,0.6591844585911066,0.4979889121578559,keloid
GSE163973_KF1_Endothelial_cluster_0,keloid_vs_unaffected_skin,0.7045727484648134,keloid,0.7045727484648134,0.4979889121578559,keloid
GSE163973_KF1_Endothelial_cluster_5,keloid_vs_unaffected_skin,0.7087984263651719,keloid,0.7087984263651719,0.4979889121578559,keloid
GSE163973_KF1_Endothelial_cluster_6,keloid_vs_unaffected_skin,0.6949965282884102,keloid,0.6949965282884102,0.4979889121578559,keloid
GSE163973_KF1_Fibroblast_cluster_1,keloid_vs_unaffected_skin,0.5373309062884287,keloid,0.5373309062884287,0.4979889121578559,abstain
GSE163973_KF1_Fibroblast_cluster_3,keloid_vs_unaffected_skin,0.5772414710885692,keloid,0.5772414710885692,0.4979889121578559,abstain
GSE163973_KF1_Fibroblast_cluster_7,keloid_vs_unaffected_skin,0.6184981375242568,keloid,0.6184981375242568,0.4979889121578559,keloid
GSE163973_KF1_Fibroblast_cluster_13,keloid_vs_unaffected_skin,0.47455770652786766,non_keloid,0.5254422934721323,0.4979889121578559,abstain
GSE163973_KF1_Fibroblast_cluster_14,keloid_vs_unaffected_skin,0.4339122714514606,non_keloid,0.5660877285485394,0.4979889121578559,abstain
GSE163973_KF1_Glandular_cluster_15,keloid_vs_unaffected_skin,0.5390042734424058,keloid,0.5390042734424058,0.4979889121578559,abstain
GSE163973_KF1_Immune_cell_cluster_10,keloid_vs_unaffected_skin,0.5751876134175902,keloid,0.5751876134175902,0.4979889121578559,abstain
GSE163973_KF1_Keratinocyte_cluster_4,keloid_vs_unaffected_skin,0.4909302114657905,non_keloid,0.5090697885342095,0.4979889121578559,abstain
GSE163973_KF1_Keratinocyte_cluster_8,keloid_vs_unaffected_skin,0.6026032629093374,keloid,0.6026032629093374,0.4979889121578559,keloid
GSE163973_KF1_Keratinocyte_cluster_12,keloid_vs_unaffected_skin,0.3563910758923118,non_keloid,0.6436089241076882,0.4979889121578559,non_keloid
GSE163973_KF1_Keratinocyte_cluster_16,keloid_vs_unaffected_skin,0.5617268617886879,keloid,0.5617268617886879,0.4979889121578559,abstain
GSE163973_KF1_Lymphatic_endothelial_cluster_11,keloid_vs_unaffected_skin,0.7667112549245743,keloid,0.7667112549245743,0.4979889121578559,keloid
GSE163973_KF1_Neural_cell_cluster_18,keloid_vs_unaffected_skin,0.6591844585911066,keloid,0.6591844585911066,0.4979889121578559,keloid
GSE163973_KF1_muscle_fiber_cluster_2,keloid_vs_unaffected_skin,0.6535710627568597,keloid,0.6535710627568597,0.4979889121578559,keloid
GSE163973_KF1_muscle_fiber_cluster_9,keloid_vs_unaffected_skin,0.5769521286146793,keloid,0.5769521286146793,0.4979889121578559,abstain
GSE163973_KF1_fib_cluster_0,keloid_vs_unaffected_skin,0.6149042414862593,keloid,0.6149042414862593,0.4979889121578559,keloid
GSE163973_KF1_fib_cluster_1,keloid_vs_unaffected_skin,0.47753869520491954,non_keloid,0.5224613047950805,0.4979889121578559,abstain
GSE163973_KF1_fib_cluster_2,keloid_vs_unaffected_skin,0.5870415796768937,keloid,0.5870415796768937,0.4979889121578559,abstain
GSE163973_KF1_fib_cluster_3,keloid_vs_unaffected_skin,0.5580570085314541,keloid,0.5580570085314541,0.4979889121578559,abstain
GSE163973_KF1_fib_cluster_4,keloid_vs_unaffected_skin,0.6246070310161035,keloid,0.6246070310161035,0.4979889121578559,keloid
GSE163973_KF1_fib_cluster_5,keloid_vs_unaffected_skin,0.504669871770804,keloid,0.504669871770804,0.4979889121578559,abstain
GSE163973_KF1_fib_cluster_6,keloid_vs_unaffected_skin,0.34834497027342337,non_keloid,0.6516550297265766,0.4979889121578559,non_keloid
GSE163973_KF1_fib_cluster_8,keloid_vs_unaffected_skin,0.4852393315507021,non_keloid,0.5147606684492979,0.4979889121578559,abstain
GSE163973_KF1_fib_cluster_9,keloid_vs_unaffected_skin,0.4453324976947346,non_keloid,0.5546675023052654,0.4979889121578559,abstain
GSE163973_KF1_fib_cluster_10,keloid_vs_unaffected_skin,0.6717920160644841,keloid,0.6717920160644841,0.4979889121578559,keloid
GSE163973_KF1_fib_cluster_12,keloid_vs_unaffected_skin,0.6049792565730273,keloid,0.6049792565730273,0.4979889121578559,keloid
GSE163973_KF1_all_cells,keloid_vs_unaffected_skin,0.5094565473998893,keloid,0.5094565473998893,0.4979889121578559,abstain
GSE163973_KF2_Fibroblast,keloid_vs_unaffected_skin,0.6623130286124191,keloid,0.6623130286124191,0.4979889121578559,keloid
GSE163973_KF2_Endothelial,keloid_vs_unaffected_skin,0.6936734224414177,keloid,0.6936734224414177,0.4979889121578559,keloid
GSE163973_KF2_muscle_fiber,keloid_vs_unaffected_skin,0.6498228784532347,keloid,0.6498228784532347,0.4979889121578559,keloid
GSE163973_KF2_Keratinocyte,keloid_vs_unaffected_skin,0.5270430025073402,keloid,0.5270430025073402,0.4979889121578559,abstain
GSE163973_KF2_Immune_cell,keloid_vs_unaffected_skin,0.5729472120806356,keloid,0.5729472120806356,0.4979889121578559,abstain
GSE163973_KF2_Neural_cell,keloid_vs_unaffected_skin,0.5379270265020755,keloid,0.5379270265020755,0.4979889121578559,abstain
GSE163973_KF2_Glandular,keloid_vs_unaffected_skin,0.7204330060897766,keloid,0.7204330060897766,0.4979889121578559,keloid
GSE163973_KF2_Lymphatic_endothelial,keloid_vs_unaffected_skin,0.6697636786448841,keloid,0.6697636786448841,0.4979889121578559,keloid
GSE163973_KF2_Endothelial_cluster_0,keloid_vs_unaffected_skin,0.6970300215290643,keloid,0.6970300215290643,0.4979889121578559,keloid
GSE163973_KF2_Endothelial_cluster_5,keloid_vs_unaffected_skin,0.7280432014276652,keloid,0.7280432014276652,0.4979889121578559,keloid
GSE163973_KF2_Endothelial_cluster_6,keloid_vs_unaffected_skin,0.6474290045370747,keloid,0.6474290045370747,0.4979889121578559,keloid
GSE163973_KF2_Fibroblast_cluster_1,keloid_vs_unaffected_skin,0.7148712679525114,keloid,0.7148712679525114,0.4979889121578559,keloid
GSE163973_KF2_Fibroblast_cluster_3,keloid_vs_unaffected_skin,0.622389420174505,keloid,0.622389420174505,0.4979889121578559,keloid
GSE163973_KF2_Fibroblast_cluster_7,keloid_vs_unaffected_skin,0.6235923761996336,keloid,0.6235923761996336,0.4979889121578559,keloid
GSE163973_KF2_Fibroblast_cluster_13,keloid_vs_unaffected_skin,0.6324828460187584,keloid,0.6324828460187584,0.4979889121578559,keloid
GSE163973_KF2_Fibroblast_cluster_14,keloid_vs_unaffected_skin,0.41926156524114677,non_keloid,0.5807384347588532,0.4979889121578559,abstain
GSE163973_KF2_Glandular_cluster_15,keloid_vs_unaffected_skin,0.7204330060897766,keloid,0.7204330060897766,0.4979889121578559,keloid
GSE163973_KF2_Immune_cell_cluster_10,keloid_vs_unaffected_skin,0.5729472120806356,keloid,0.5729472120806356,0.4979889121578559,abstain
GSE163973_KF2_Keratinocyte_cluster_4,keloid_vs_unaffected_skin,0.46726471830953376,non_keloid,0.5327352816904662,0.4979889121578559,abstain
GSE163973_KF2_Keratinocyte_cluster_8,keloid_vs_unaffected_skin,0.6111827970823689,keloid,0.6111827970823689,0.4979889121578559,keloid
GSE163973_KF2_Keratinocyte_cluster_12,keloid_vs_unaffected_skin,0.5441966891893459,keloid,0.5441966891893459,0.4979889121578559,abstain
GSE163973_KF2_Keratinocyte_cluster_16,keloid_vs_unaffected_skin,0.6051200581871194,keloid,0.6051200581871194,0.4979889121578559,keloid
GSE163973_KF2_Lymphatic_endothelial_cluster_11,keloid_vs_unaffected_skin,0.6697636786448841,keloid,0.6697636786448841,0.4979889121578559,keloid
GSE163973_KF2_Neural_cell_cluster_18,keloid_vs_unaffected_skin,0.5379270265020755,keloid,0.5379270265020755,0.4979889121578559,abstain
GSE163973_KF2_muscle_fiber_cluster_2,keloid_vs_unaffected_skin,0.6510063817351206,keloid,0.6510063817351206,0.4979889121578559,keloid
GSE163973_KF2_muscle_fiber_cluster_9,keloid_vs_unaffected_skin,0.6028450051574414,keloid,0.6028450051574414,0.4979889121578559,keloid
GSE163973_KF2_fib_cluster_0,keloid_vs_unaffected_skin,0.6236064902825669,keloid,0.6236064902825669,0.4979889121578559,keloid
GSE163973_KF2_fib_cluster_1,keloid_vs_unaffected_skin,0.6766917896668943,keloid,0.6766917896668943,0.4979889121578559,keloid
GSE163973_KF2_fib_cluster_2,keloid_vs_unaffected_skin,0.6222497987705734,keloid,0.6222497987705734,0.4979889121578559,keloid
GSE163973_KF2_fib_cluster_3,keloid_vs_unaffected_skin,0.6405259496025866,keloid,0.6405259496025866,0.4979889121578559,keloid
GSE163973_KF2_fib_cluster_4,keloid_vs_unaffected_skin,0.6332511615019071,keloid,0.6332511615019071,0.4979889121578559,keloid
GSE163973_KF2_fib_cluster_5,keloid_vs_unaffected_skin,0.6753165155758383,keloid,0.6753165155758383,0.4979889121578559,keloid
GSE163973_KF2_fib_cluster_6,keloid_vs_unaffected_skin,0.6883510448322785,keloid,0.6883510448322785,0.4979889121578559,keloid
GSE163973_KF2_fib_cluster_8,keloid_vs_unaffected_skin,0.6392956922697491,keloid,0.6392956922697491,0.4979889121578559,keloid
GSE163973_KF2_fib_cluster_9,keloid_vs_unaffected_skin,0.4117307536864365,non_keloid,0.5882692463135635,0.4979889121578559,abstain
GSE163973_KF2_fib_cluster_10,keloid_vs_unaffected_skin,0.6513109020570249,keloid,0.6513109020570249,0.4979889121578559,keloid
GSE163973_KF2_all_cells,keloid_vs_unaffected_skin,0.4172744880755431,non_keloid,0.5827255119244569,0.4979889121578559,abstain
GSE163973_KF3_muscle_fiber,keloid_vs_unaffected_skin,0.7209486389801049,keloid,0.7209486389801049,0.4979889121578559,keloid
GSE163973_KF3_Endothelial,keloid_vs_unaffected_skin,0.7087422201046477,keloid,0.7087422201046477,0.4979889121578559,keloid
GSE163973_KF3_Lymphatic_endothelial,keloid_vs_unaffected_skin,0.7510303180303056,keloid,0.7510303180303056,0.4979889121578559,keloid
GSE163973_KF3_Fibroblast,keloid_vs_unaffected_skin,0.633932608669839,keloid,0.633932608669839,0.4979889121578559,keloid
GSE163973_KF3_Glandular,keloid_vs_unaffected_skin,0.8176258872135378,keloid,0.8176258872135378,0.4979889121578559,keloid
GSE163973_KF3_Keratinocyte,keloid_vs_unaffected_skin,0.6001962288667754,keloid,0.6001962288667754,0.4979889121578559,keloid
GSE163973_KF3_Unknown,keloid_vs_unaffected_skin,0.7726075992141122,keloid,0.7726075992141122,0.4979889121578559,keloid
GSE163973_KF3_Neural_cell,keloid_vs_unaffected_skin,0.4597344029619038,non_keloid,0.5402655970380962,0.4979889121578559,abstain
GSE163973_KF3_Immune_cell,keloid_vs_unaffected_skin,0.5235986958153671,keloid,0.5235986958153671,0.4979889121578559,abstain
GSE163973_KF3_Endothelial_cluster_0,keloid_vs_unaffected_skin,0.7261898338626578,keloid,0.7261898338626578,0.4979889121578559,keloid
GSE163973_KF3_Endothelial_cluster_5,keloid_vs_unaffected_skin,0.7199407155464703,keloid,0.7199407155464703,0.4979889121578559,keloid
GSE163973_KF3_Endothelial_cluster_6,keloid_vs_unaffected_skin,0.6321126172768659,keloid,0.6321126172768659,0.4979889121578559,keloid
GSE163973_KF3_Fibroblast_cluster_1,keloid_vs_unaffected_skin,0.6570478430946745,keloid,0.6570478430946745,0.4979889121578559,keloid
GSE163973_KF3_Fibroblast_cluster_3,keloid_vs_unaffected_skin,0.6448285685823721,keloid,0.6448285685823721,0.4979889121578559,keloid
GSE163973_KF3_Fibroblast_cluster_7,keloid_vs_unaffected_skin,0.5815358560062045,keloid,0.5815358560062045,0.4979889121578559,abstain
GSE163973_KF3_Fibroblast_cluster_13,keloid_vs_unaffected_skin,0.6036393057150975,keloid,0.6036393057150975,0.4979889121578559,keloid
GSE163973_KF3_Fibroblast_cluster_14,keloid_vs_unaffected_skin,0.4351010014246812,non_keloid,0.5648989985753188,0.4979889121578559,abstain
GSE163973_KF3_Glandular_cluster_15,keloid_vs_unaffected_skin,0.8176258872135378,keloid,0.8176258872135378,0.4979889121578559,keloid
GSE163973_KF3_Immune_cell_cluster_10,keloid_vs_unaffected_skin,0.5235986958153671,keloid,0.5235986958153671,0.4979889121578559,abstain
GSE163973_KF3_Keratinocyte_cluster_4,keloid_vs_unaffected_skin,0.4976113246974556,non_keloid,0.5023886753025444,0.4979889121578559,abstain
GSE163973_KF3_Keratinocyte_cluster_16,keloid_vs_unaffected_skin,0.6941789803170821,keloid,0.6941789803170821,0.4979889121578559,keloid
GSE163973_KF3_Lymphatic_endothelial_cluster_11,keloid_vs_unaffected_skin,0.7510303180303056,keloid,0.7510303180303056,0.4979889121578559,keloid
GSE163973_KF3_Neural_cell_cluster_18,keloid_vs_unaffected_skin,0.4597344029619038,non_keloid,0.5402655970380962,0.4979889121578559,abstain
GSE163973_KF3_muscle_fiber_cluster_2,keloid_vs_unaffected_skin,0.7240431151391898,keloid,0.7240431151391898,0.4979889121578559,keloid
GSE163973_KF3_muscle_fiber_cluster_9,keloid_vs_unaffected_skin,0.6199757184580563,keloid,0.6199757184580563,0.4979889121578559,keloid
GSE163973_KF3_fib_cluster_0,keloid_vs_unaffected_skin,0.6409892279406227,keloid,0.6409892279406227,0.4979889121578559,keloid
GSE163973_KF3_fib_cluster_1,keloid_vs_unaffected_skin,0.6598113230645044,keloid,0.6598113230645044,0.4979889121578559,keloid
GSE163973_KF3_fib_cluster_2,keloid_vs_unaffected_skin,0.6099549485330168,keloid,0.6099549485330168,0.4979889121578559,keloid
GSE163973_KF3_fib_cluster_3,keloid_vs_unaffected_skin,0.5575565943569856,keloid,0.5575565943569856,0.4979889121578559,abstain
GSE163973_KF3_fib_cluster_4,keloid_vs_unaffected_skin,0.5974620823412075,keloid,0.5974620823412075,0.4979889121578559,abstain
GSE163973_KF3_fib_cluster_5,keloid_vs_unaffected_skin,0.5989406686377361,keloid,0.5989406686377361,0.4979889121578559,abstain
GSE163973_KF3_fib_cluster_6,keloid_vs_unaffected_skin,0.5886440916619124,keloid,0.5886440916619124,0.4979889121578559,abstain
GSE163973_KF3_fib_cluster_10,keloid_vs_unaffected_skin,0.6270060835316367,keloid,0.6270060835316367,0.4979889121578559,keloid
GSE163973_KF3_all_cells,keloid_vs_unaffected_skin,0.7556906113914381,keloid,0.7556906113914381,0.4979889121578559,keloid
GSE163973_NF1_Lymphatic_endothelial,keloid_vs_unaffected_skin,0.5633034965023784,keloid,0.5633034965023784,0.4979889121578559,abstain
GSE163973_NF1_Endothelial,keloid_vs_unaffected_skin,0.6006432464857305,keloid,0.6006432464857305,0.4979889121578559,keloid
GSE163973_NF1_Fibroblast,keloid_vs_unaffected_skin,0.45685999512971565,non_keloid,0.5431400048702844,0.4979889121578559,abstain
GSE163973_NF1_Glandular,keloid_vs_unaffected_skin,0.7061287516678307,keloid,0.7061287516678307,0.4979889121578559,keloid
GSE163973_NF1_muscle_fiber,keloid_vs_unaffected_skin,0.6169197679932328,keloid,0.6169197679932328,0.4979889121578559,keloid
GSE163973_NF1_Immune_cell,keloid_vs_unaffected_skin,0.3425219287779866,non_keloid,0.6574780712220134,0.4979889121578559,non_keloid
GSE163973_NF1_Keratinocyte,keloid_vs_unaffected_skin,0.4527084775459278,non_keloid,0.5472915224540722,0.4979889121578559,abstain
GSE163973_NF1_Endothelial_cluster_0,keloid_vs_unaffected_skin,0.6134028764784175,keloid,0.6134028764784175,0.4979889121578559,keloid
GSE163973_NF1_Endothelial_cluster_5,keloid_vs_unaffected_skin,0.5569665198873746,keloid,0.5569665198873746,0.4979889121578559,abstain
GSE163973_NF1_Endothelial_cluster_6,keloid_vs_unaffected_skin,0.5125197246241532,keloid,0.5125197246241532,0.4979889121578559,abstain
GSE163973_NF1_Fibroblast_cluster_1,keloid_vs_unaffected_skin,0.35756778808841816,non_keloid,0.6424322119115818,0.4979889121578559,non_keloid
GSE163973_NF1_Fibroblast_cluster_3,keloid_vs_unaffected_skin,0.4629975539645782,non_keloid,0.5370024460354218,0.4979889121578559,abstain
GSE163973_NF1_Fibroblast_cluster_7,keloid_vs_unaffected_skin,0.5184484630659403,keloid,0.5184484630659403,0.4979889121578559,abstain
GSE163973_NF1_Fibroblast_cluster_13,keloid_vs_unaffected_skin,0.5138527429882578,keloid,0.5138527429882578,0.4979889121578559,abstain
GSE163973_NF1_Fibroblast_cluster_14,keloid_vs_unaffected_skin,0.34765124906094325,non_keloid,0.6523487509390568,0.4979889121578559,non_keloid
GSE163973_NF1_Glandular_cluster_15,keloid_vs_unaffected_skin,0.7061287516678307,keloid,0.7061287516678307,0.4979889121578559,keloid
GSE163973_NF1_Immune_cell_cluster_10,keloid_vs_unaffected_skin,0.3425219287779866,non_keloid,0.6574780712220134,0.4979889121578559,non_keloid
GSE163973_NF1_Keratinocyte_cluster_4,keloid_vs_unaffected_skin,0.41410974802631006,non_keloid,0.5858902519736899,0.4979889121578559,abstain
GSE163973_NF1_Keratinocyte_cluster_8,keloid_vs_unaffected_skin,0.4990451640924306,keloid,0.5009548359075694,0.4979889121578559,abstain
GSE163973_NF1_Lymphatic_endothelial_cluster_11,keloid_vs_unaffected_skin,0.5633034965023784,keloid,0.5633034965023784,0.4979889121578559,abstain
GSE163973_NF1_muscle_fiber_cluster_2,keloid_vs_unaffected_skin,0.6402430640620069,keloid,0.6402430640620069,0.4979889121578559,keloid
GSE163973_NF1_muscle_fiber_cluster_9,keloid_vs_unaffected_skin,0.44488489369225626,non_keloid,0.5551151063077437,0.4979889121578559,abstain
GSE163973_NF1_fib_cluster_0,keloid_vs_unaffected_skin,0.48318569151999535,non_keloid,0.5168143084800046,0.4979889121578559,abstain
GSE163973_NF1_fib_cluster_1,keloid_vs_unaffected_skin,0.3294312720946173,non_keloid,0.6705687279053827,0.4979889121578559,non_keloid
GSE163973_NF1_fib_cluster_2,keloid_vs_unaffected_skin,0.36358437262670573,non_keloid,0.6364156273732943,0.4979889121578559,non_keloid
GSE163973_NF1_fib_cluster_4,keloid_vs_unaffected_skin,0.418435031591178,non_keloid,0.581564968408822,0.4979889121578559,abstain
GSE163973_NF1_fib_cluster_5,keloid_vs_unaffected_skin,0.5098261209793014,keloid,0.5098261209793014,0.4979889121578559,abstain
GSE163973_NF1_fib_cluster_6,keloid_vs_unaffected_skin,0.47713732547211285,non_keloid,0.5228626745278872,0.4979889121578559,abstain
GSE163973_NF1_fib_cluster_8,keloid_vs_unaffected_skin,0.33108760892752676,non_keloid,0.6689123910724732,0.4979889121578559,non_keloid
GSE163973_NF1_fib_cluster_9,keloid_vs_unaffected_skin,0.3288356453446494,non_keloid,0.6711643546553506,0.4979889121578559,non_keloid
GSE163973_NF1_fib_cluster_10,keloid_vs_unaffected_skin,0.4437764040785326,non_keloid,0.5562235959214674,0.4979889121578559,abstain
GSE163973_NF1_fib_cluster_11,keloid_vs_unaffected_skin,0.506422153897566,keloid,0.506422153897566,0.4979889121578559,abstain
GSE163973_NF1_all_cells,keloid_vs_unaffected_skin,0.5108871763773152,keloid,0.5108871763773152,0.4979889121578559,abstain
GSE163973_NF2_Fibroblast,keloid_vs_unaffected_skin,0.5940592164943019,keloid,0.5940592164943019,0.4979889121578559,abstain
GSE163973_NF2_Keratinocyte,keloid_vs_unaffected_skin,0.44376307541386584,non_keloid,0.5562369245861342,0.4979889121578559,abstain
GSE163973_NF2_Endothelial,keloid_vs_unaffected_skin,0.5512824983920699,keloid,0.5512824983920699,0.4979889121578559,abstain
GSE163973_NF2_muscle_fiber,keloid_vs_unaffected_skin,0.6948406471436488,keloid,0.6948406471436488,0.4979889121578559,keloid
GSE163973_NF2_Lymphatic_endothelial,keloid_vs_unaffected_skin,0.6664305632426015,keloid,0.6664305632426015,0.4979889121578559,keloid
GSE163973_NF2_Glandular,keloid_vs_unaffected_skin,0.4502511633970876,non_keloid,0.5497488366029124,0.4979889121578559,abstain
GSE163973_NF2_Melanocytes,keloid_vs_unaffected_skin,0.6049159632460711,keloid,0.6049159632460711,0.4979889121578559,keloid
GSE163973_NF2_Immune_cell,keloid_vs_unaffected_skin,0.5258670070929208,keloid,0.5258670070929208,0.4979889121578559,abstain
GSE163973_NF2_Endothelial_cluster_0,keloid_vs_unaffected_skin,0.5726711808488383,keloid,0.5726711808488383,0.4979889121578559,abstain
GSE163973_NF2_Endothelial_cluster_5,keloid_vs_unaffected_skin,0.5262159194662961,keloid,0.5262159194662961,0.4979889121578559,abstain
GSE163973_NF2_Endothelial_cluster_6,keloid_vs_unaffected_skin,0.5309905615894281,keloid,0.5309905615894281,0.4979889121578559,abstain
GSE163973_NF2_Fibroblast_cluster_1,keloid_vs_unaffected_skin,0.5214463868714014,keloid,0.5214463868714014,0.4979889121578559,abstain
GSE163973_NF2_Fibroblast_cluster_3,keloid_vs_unaffected_skin,0.5676112514508693,keloid,0.5676112514508693,0.4979889121578559,abstain
GSE163973_NF2_Fibroblast_cluster_7,keloid_vs_unaffected_skin,0.639466496868053,keloid,0.639466496868053,0.4979889121578559,keloid
GSE163973_NF2_Fibroblast_cluster_13,keloid_vs_unaffected_skin,0.564302157752709,keloid,0.564302157752709,0.4979889121578559,abstain
GSE163973_NF2_Fibroblast_cluster_14,keloid_vs_unaffected_skin,0.44985027531155297,non_keloid,0.550149724688447,0.4979889121578559,abstain
GSE163973_NF2_Glandular_cluster_15,keloid_vs_unaffected_skin,0.4502511633970876,non_keloid,0.5497488366029124,0.4979889121578559,abstain
GSE163973_NF2_Immune_cell_cluster_10,keloid_vs_unaffected_skin,0.5258670070929208,keloid,0.5258670070929208,0.4979889121578559,abstain
GSE163973_NF2_Keratinocyte_cluster_4,keloid_vs_unaffected_skin,0.3881200966732632,non_keloid,0.6118799033267368,0.4979889121578559,non_keloid
GSE163973_NF2_Keratinocyte_cluster_8,keloid_vs_unaffected_skin,0.546676191979581,keloid,0.546676191979581,0.4979889121578559,abstain
GSE163973_NF2_Keratinocyte_cluster_12,keloid_vs_unaffected_skin,0.3822811965850922,non_keloid,0.6177188034149078,0.4979889121578559,non_keloid
GSE163973_NF2_Keratinocyte_cluster_16,keloid_vs_unaffected_skin,0.39883914837997236,non_keloid,0.6011608516200276,0.4979889121578559,non_keloid
GSE163973_NF2_Lymphatic_endothelial_cluster_11,keloid_vs_unaffected_skin,0.6664305632426015,keloid,0.6664305632426015,0.4979889121578559,keloid
GSE163973_NF2_Melanocytes_cluster_19,keloid_vs_unaffected_skin,0.6049159632460711,keloid,0.6049159632460711,0.4979889121578559,keloid
GSE163973_NF2_muscle_fiber_cluster_2,keloid_vs_unaffected_skin,0.7010571911584635,keloid,0.7010571911584635,0.4979889121578559,keloid
GSE163973_NF2_muscle_fiber_cluster_9,keloid_vs_unaffected_skin,0.6073408169320575,keloid,0.6073408169320575,0.4979889121578559,keloid
GSE163973_NF2_fib_cluster_0,keloid_vs_unaffected_skin,0.5329732685879924,keloid,0.5329732685879924,0.4979889121578559,abstain
GSE163973_NF2_fib_cluster_1,keloid_vs_unaffected_skin,0.40294362960695473,non_keloid,0.5970563703930453,0.4979889121578559,abstain
GSE163973_NF2_fib_cluster_2,keloid_vs_unaffected_skin,0.5454541762210122,keloid,0.5454541762210122,0.4979889121578559,abstain
GSE163973_NF2_fib_cluster_3,keloid_vs_unaffected_skin,0.6782636494842147,keloid,0.6782636494842147,0.4979889121578559,keloid
GSE163973_NF2_fib_cluster_4,keloid_vs_unaffected_skin,0.5359608110947941,keloid,0.5359608110947941,0.4979889121578559,abstain
GSE163973_NF2_fib_cluster_5,keloid_vs_unaffected_skin,0.6149919519961671,keloid,0.6149919519961671,0.4979889121578559,keloid
GSE163973_NF2_fib_cluster_6,keloid_vs_unaffected_skin,0.5186310802019423,keloid,0.5186310802019423,0.4979889121578559,abstain
GSE163973_NF2_fib_cluster_7,keloid_vs_unaffected_skin,0.5873291078550873,keloid,0.5873291078550873,0.4979889121578559,abstain
GSE163973_NF2_fib_cluster_8,keloid_vs_unaffected_skin,0.3810665221820969,non_keloid,0.6189334778179031,0.4979889121578559,non_keloid
GSE163973_NF2_fib_cluster_9,keloid_vs_unaffected_skin,0.3835343788903819,non_keloid,0.6164656211096181,0.4979889121578559,non_keloid
GSE163973_NF2_fib_cluster_11,keloid_vs_unaffected_skin,0.5710548195052172,keloid,0.5710548195052172,0.4979889121578559,abstain
GSE163973_NF2_all_cells,keloid_vs_unaffected_skin,0.3645094728294247,non_keloid,0.6354905271705753,0.4979889121578559,non_keloid
GSE163973_NF3_Fibroblast,keloid_vs_unaffected_skin,0.48925790461579477,non_keloid,0.5107420953842052,0.4979889121578559,abstain
GSE163973_NF3_Endothelial,keloid_vs_unaffected_skin,0.5085168208412898,keloid,0.5085168208412898,0.4979889121578559,abstain
GSE163973_NF3_Keratinocyte,keloid_vs_unaffected_skin,0.5141590629495423,keloid,0.5141590629495423,0.4979889121578559,abstain
GSE163973_NF3_Lymphatic_endothelial,keloid_vs_unaffected_skin,0.68204860384786,keloid,0.68204860384786,0.4979889121578559,keloid
GSE163973_NF3_muscle_fiber,keloid_vs_unaffected_skin,0.6579852234167346,keloid,0.6579852234167346,0.4979889121578559,keloid
GSE163973_NF3_Melanocytes,keloid_vs_unaffected_skin,0.39448557992392075,non_keloid,0.6055144200760793,0.4979889121578559,non_keloid
GSE163973_NF3_Glandular,keloid_vs_unaffected_skin,0.34209288469820276,non_keloid,0.6579071153017972,0.4979889121578559,non_keloid
GSE163973_NF3_Immune_cell,keloid_vs_unaffected_skin,0.35164217414786403,non_keloid,0.648357825852136,0.4979889121578559,non_keloid
GSE163973_NF3_Endothelial_cluster_0,keloid_vs_unaffected_skin,0.49041137258603995,non_keloid,0.50958862741396,0.4979889121578559,abstain
GSE163973_NF3_Endothelial_cluster_5,keloid_vs_unaffected_skin,0.531819286538971,keloid,0.531819286538971,0.4979889121578559,abstain
GSE163973_NF3_Endothelial_cluster_6,keloid_vs_unaffected_skin,0.5346439524134341,keloid,0.5346439524134341,0.4979889121578559,abstain
GSE163973_NF3_Fibroblast_cluster_1,keloid_vs_unaffected_skin,0.4555639676597508,non_keloid,0.5444360323402492,0.4979889121578559,abstain
GSE163973_NF3_Fibroblast_cluster_3,keloid_vs_unaffected_skin,0.41724418164986465,non_keloid,0.5827558183501353,0.4979889121578559,abstain
GSE163973_NF3_Fibroblast_cluster_7,keloid_vs_unaffected_skin,0.5389497964562309,keloid,0.5389497964562309,0.4979889121578559,abstain
GSE163973_NF3_Fibroblast_cluster_13,keloid_vs_unaffected_skin,0.4862968272245035,non_keloid,0.5137031727754965,0.4979889121578559,abstain
GSE163973_NF3_Fibroblast_cluster_14,keloid_vs_unaffected_skin,0.36727657361967203,non_keloid,0.632723426380328,0.4979889121578559,non_keloid
GSE163973_NF3_Glandular_cluster_15,keloid_vs_unaffected_skin,0.34209288469820276,non_keloid,0.6579071153017972,0.4979889121578559,non_keloid
GSE163973_NF3_Immune_cell_cluster_10,keloid_vs_unaffected_skin,0.35164217414786403,non_keloid,0.648357825852136,0.4979889121578559,non_keloid
GSE163973_NF3_Keratinocyte_cluster_4,keloid_vs_unaffected_skin,0.4022898826019524,non_keloid,0.5977101173980476,0.4979889121578559,abstain
GSE163973_NF3_Keratinocyte_cluster_8,keloid_vs_unaffected_skin,0.5347082376681777,keloid,0.5347082376681777,0.4979889121578559,abstain
GSE163973_NF3_Keratinocyte_cluster_12,keloid_vs_unaffected_skin,0.4425484839224516,non_keloid,0.5574515160775484,0.4979889121578559,abstain
GSE163973_NF3_Keratinocyte_cluster_16,keloid_vs_unaffected_skin,0.47088617424898205,non_keloid,0.529113825751018,0.4979889121578559,abstain
GSE163973_NF3_Lymphatic_endothelial_cluster_11,keloid_vs_unaffected_skin,0.68204860384786,keloid,0.68204860384786,0.4979889121578559,keloid
GSE163973_NF3_Melanocytes_cluster_19,keloid_vs_unaffected_skin,0.39448557992392075,non_keloid,0.6055144200760793,0.4979889121578559,non_keloid
GSE163973_NF3_muscle_fiber_cluster_2,keloid_vs_unaffected_skin,0.647019416736647,keloid,0.647019416736647,0.4979889121578559,keloid
GSE163973_NF3_muscle_fiber_cluster_9,keloid_vs_unaffected_skin,0.622053954122006,keloid,0.622053954122006,0.4979889121578559,keloid
GSE163973_NF3_fib_cluster_0,keloid_vs_unaffected_skin,0.3629235706559292,non_keloid,0.6370764293440708,0.4979889121578559,non_keloid
GSE163973_NF3_fib_cluster_1,keloid_vs_unaffected_skin,0.3488079643076938,non_keloid,0.6511920356923062,0.4979889121578559,non_keloid
GSE163973_NF3_fib_cluster_2,keloid_vs_unaffected_skin,0.48752544241432516,non_keloid,0.5124745575856748,0.4979889121578559,abstain
GSE163973_NF3_fib_cluster_3,keloid_vs_unaffected_skin,0.6260197221001389,keloid,0.6260197221001389,0.4979889121578559,keloid
GSE163973_NF3_fib_cluster_4,keloid_vs_unaffected_skin,0.3829006029819022,non_keloid,0.6170993970180978,0.4979889121578559,non_keloid
GSE163973_NF3_fib_cluster_5,keloid_vs_unaffected_skin,0.43816961310639235,non_keloid,0.5618303868936076,0.4979889121578559,abstain
GSE163973_NF3_fib_cluster_6,keloid_vs_unaffected_skin,0.509228584713299,keloid,0.509228584713299,0.4979889121578559,abstain
GSE163973_NF3_fib_cluster_7,keloid_vs_unaffected_skin,0.4116447314419732,non_keloid,0.5883552685580268,0.4979889121578559,abstain
GSE163973_NF3_fib_cluster_8,keloid_vs_unaffected_skin,0.3869868619979303,non_keloid,0.6130131380020697,0.4979889121578559,non_keloid
GSE163973_NF3_fib_cluster_9,keloid_vs_unaffected_skin,0.39971512849433577,non_keloid,0.6002848715056642,0.4979889121578559,non_keloid
GSE163973_NF3_fib_cluster_11,keloid_vs_unaffected_skin,0.45599520769523805,non_keloid,0.544004792304762,0.4979889121578559,abstain
GSE163973_NF3_fib_cluster_12,keloid_vs_unaffected_skin,0.4785974363149219,non_keloid,0.5214025636850781,0.4979889121578559,abstain
GSE163973_NF3_all_cells,keloid_vs_unaffected_skin,0.3236923669712942,non_keloid,0.6763076330287058,0.4979889121578559,non_keloid
GSE181297_Ke01_all_barcodes,keloid_vs_unaffected_skin,0.8144670905205083,keloid,0.8144670905205083,0.4979889121578559,keloid
GSE181297_Ke02_all_barcodes,keloid_vs_unaffected_skin,0.7494289331608937,keloid,0.7494289331608937,0.4979889121578559,keloid
GSE181297_Pt1_all_barcodes,keloid_vs_unaffected_skin,0.6530658840365698,keloid,0.6530658840365698,0.4979889121578559,keloid
GSE181297_Pt2_all_barcodes,keloid_vs_unaffected_skin,0.43168983063036737,non_keloid,0.5683101693696326,0.4979889121578559,abstain
GSE181297_NS02_all_barcodes,keloid_vs_unaffected_skin,0.5683044462165181,keloid,0.5683044462165181,0.4979889121578559,abstain
GSE181297_NSV1_all_barcodes,keloid_vs_unaffected_skin,0.38701289690953855,non_keloid,0.6129871030904614,0.4979889121578559,non_keloid
GSE181297_NSV2_all_barcodes,keloid_vs_unaffected_skin,0.4101187852376409,non_keloid,0.5898812147623591,0.4979889121578559,abstain
GSE160536_scleroderma_all_cells,keloid_vs_unaffected_skin,0.539183339974845,keloid,0.539183339974845,0.4979889121578559,abstain
GSE32537_GSM806204,keloid_vs_unaffected_skin,0.5151299677406723,keloid,0.5151299677406723,0.4979889121578559,abstain
GSE32537_GSM806205,keloid_vs_unaffected_skin,0.5906984792682783,keloid,0.5906984792682783,0.4979889121578559,abstain
GSE32537_GSM806207,keloid_vs_unaffected_skin,0.4652994917771497,non_keloid,0.5347005082228503,0.4979889121578559,abstain
GSE32537_GSM806208,keloid_vs_unaffected_skin,0.39898927142586593,non_keloid,0.6010107285741341,0.4979889121578559,non_keloid
GSE32537_GSM806209,keloid_vs_unaffected_skin,0.2934723909633127,non_keloid,0.7065276090366873,0.4979889121578559,non_keloid
GSE32537_GSM806210,keloid_vs_unaffected_skin,0.5217807381529217,keloid,0.5217807381529217,0.4979889121578559,abstain
GSE32537_GSM806212,keloid_vs_unaffected_skin,0.9026683706537209,keloid,0.9026683706537209,0.4979889121578559,keloid
GSE32537_GSM806214,keloid_vs_unaffected_skin,0.4369822579275622,non_keloid,0.5630177420724378,0.4979889121578559,abstain
GSE32537_GSM806216,keloid_vs_unaffected_skin,0.3095156879521136,non_keloid,0.6904843120478864,0.4979889121578559,non_keloid
GSE32537_GSM806219,keloid_vs_unaffected_skin,0.7457793169427678,keloid,0.7457793169427678,0.4979889121578559,keloid
GSE32537_GSM806220,keloid_vs_unaffected_skin,0.5493942143438755,keloid,0.5493942143438755,0.4979889121578559,abstain
GSE32537_GSM806221,keloid_vs_unaffected_skin,0.49274475393317396,non_keloid,0.507255246066826,0.4979889121578559,abstain
GSE32537_GSM806222,keloid_vs_unaffected_skin,0.5932817831710409,keloid,0.5932817831710409,0.4979889121578559,abstain
GSE32537_GSM806223,keloid_vs_unaffected_skin,0.7287702902792383,keloid,0.7287702902792383,0.4979889121578559,keloid
GSE32537_GSM806225,keloid_vs_unaffected_skin,0.2472787720529943,non_keloid,0.7527212279470057,0.4979889121578559,non_keloid
GSE32537_GSM806226,keloid_vs_unaffected_skin,0.467507601794115,non_keloid,0.532492398205885,0.4979889121578559,abstain
GSE32537_GSM806227,keloid_vs_unaffected_skin,0.6076168863983371,keloid,0.6076168863983371,0.4979889121578559,keloid
GSE32537_GSM806228,keloid_vs_unaffected_skin,0.7877016109111445,keloid,0.7877016109111445,0.4979889121578559,keloid
GSE32537_GSM806229,keloid_vs_unaffected_skin,0.5435749915988719,keloid,0.5435749915988719,0.4979889121578559,abstain
GSE32537_GSM806230,keloid_vs_unaffected_skin,0.5463127384380773,keloid,0.5463127384380773,0.4979889121578559,abstain
GSE32537_GSM806231,keloid_vs_unaffected_skin,0.5676188261949584,keloid,0.5676188261949584,0.4979889121578559,abstain
GSE32537_GSM806232,keloid_vs_unaffected_skin,0.7299470034069979,keloid,0.7299470034069979,0.4979889121578559,keloid
GSE32537_GSM806234,keloid_vs_unaffected_skin,0.6674060092040153,keloid,0.6674060092040153,0.4979889121578559,keloid
GSE32537_GSM806235,keloid_vs_unaffected_skin,0.5217499751354694,keloid,0.5217499751354694,0.4979889121578559,abstain
GSE32537_GSM806236,keloid_vs_unaffected_skin,0.5718977485220977,keloid,0.5718977485220977,0.4979889121578559,abstain
GSE32537_GSM806237,keloid_vs_unaffected_skin,0.7305634838329753,keloid,0.7305634838329753,0.4979889121578559,keloid
GSE32537_GSM806238,keloid_vs_unaffected_skin,0.5488816832409237,keloid,0.5488816832409237,0.4979889121578559,abstain
GSE32537_GSM806239,keloid_vs_unaffected_skin,0.3496148522509649,non_keloid,0.6503851477490351,0.4979889121578559,non_keloid
GSE32537_GSM806240,keloid_vs_unaffected_skin,0.7016330298034885,keloid,0.7016330298034885,0.4979889121578559,keloid
GSE32537_GSM806241,keloid_vs_unaffected_skin,0.5972438021663455,keloid,0.5972438021663455,0.4979889121578559,abstain
GSE32537_GSM806242,keloid_vs_unaffected_skin,0.6957827945345194,keloid,0.6957827945345194,0.4979889121578559,keloid
GSE32537_GSM806243,keloid_vs_unaffected_skin,0.6838325942291601,keloid,0.6838325942291601,0.4979889121578559,keloid
GSE32537_GSM806247,keloid_vs_unaffected_skin,0.32070282314897214,non_keloid,0.6792971768510279,0.4979889121578559,non_keloid
GSE32537_GSM806250,keloid_vs_unaffected_skin,0.3216488452797087,non_keloid,0.6783511547202913,0.4979889121578559,non_keloid
GSE32537_GSM806251,keloid_vs_unaffected_skin,0.4305780797341009,non_keloid,0.5694219202658991,0.4979889121578559,abstain
GSE32537_GSM806252,keloid_vs_unaffected_skin,0.6710633294106154,keloid,0.6710633294106154,0.4979889121578559,keloid
GSE32537_GSM806253,keloid_vs_unaffected_skin,0.19684018439475515,non_keloid,0.8031598156052449,0.4979889121578559,non_keloid
GSE32537_GSM806254,keloid_vs_unaffected_skin,0.6526246765105863,keloid,0.6526246765105863,0.4979889121578559,keloid
GSE32537_GSM806255,keloid_vs_unaffected_skin,0.6200193053712182,keloid,0.6200193053712182,0.4979889121578559,keloid
GSE32537_GSM806257,keloid_vs_unaffected_skin,0.6385183444256094,keloid,0.6385183444256094,0.4979889121578559,keloid
GSE32537_GSM806258,keloid_vs_unaffected_skin,0.4520519780079363,non_keloid,0.5479480219920637,0.4979889121578559,abstain
GSE32537_GSM806259,keloid_vs_unaffected_skin,0.6594212745077038,keloid,0.6594212745077038,0.4979889121578559,keloid
GSE32537_GSM806260,keloid_vs_unaffected_skin,0.2369726224874633,non_keloid,0.7630273775125367,0.4979889121578559,non_keloid
GSE32537_GSM806261,keloid_vs_unaffected_skin,0.5648378841806596,keloid,0.5648378841806596,0.4979889121578559,abstain
GSE32537_GSM806262,keloid_vs_unaffected_skin,0.5336133867500532,keloid,0.5336133867500532,0.4979889121578559,abstain
GSE32537_GSM806263,keloid_vs_unaffected_skin,0.6461979471084203,keloid,0.6461979471084203,0.4979889121578559,keloid
GSE32537_GSM806264,keloid_vs_unaffected_skin,0.32884934672411237,non_keloid,0.6711506532758876,0.4979889121578559,non_keloid
GSE32537_GSM806267,keloid_vs_unaffected_skin,0.48962179990444565,non_keloid,0.5103782000955543,0.4979889121578559,abstain
GSE32537_GSM806268,keloid_vs_unaffected_skin,0.7109866346180953,keloid,0.7109866346180953,0.4979889121578559,keloid
GSE32537_GSM806269,keloid_vs_unaffected_skin,0.7095544590203664,keloid,0.7095544590203664,0.4979889121578559,keloid
GSE32537_GSM806273,keloid_vs_unaffected_skin,0.5898634885125369,keloid,0.5898634885125369,0.4979889121578559,abstain
GSE32537_GSM806274,keloid_vs_unaffected_skin,0.619713071958949,keloid,0.619713071958949,0.4979889121578559,keloid
GSE32537_GSM806275,keloid_vs_unaffected_skin,0.4191959322920813,non_keloid,0.5808040677079187,0.4979889121578559,abstain
GSE32537_GSM806276,keloid_vs_unaffected_skin,0.2065303772520347,non_keloid,0.7934696227479653,0.4979889121578559,non_keloid
GSE32537_GSM806277,keloid_vs_unaffected_skin,0.5044346576205672,keloid,0.5044346576205672,0.4979889121578559,abstain
GSE32537_GSM806278,keloid_vs_unaffected_skin,0.409519855099859,non_keloid,0.590480144900141,0.4979889121578559,abstain
GSE32537_GSM806279,keloid_vs_unaffected_skin,0.53115611417237,keloid,0.53115611417237,0.4979889121578559,abstain
GSE32537_GSM806281,keloid_vs_unaffected_skin,0.24024201016224123,non_keloid,0.7597579898377588,0.4979889121578559,non_keloid
GSE32537_GSM806284,keloid_vs_unaffected_skin,0.7369264427684037,keloid,0.7369264427684037,0.4979889121578559,keloid
GSE32537_GSM806285,keloid_vs_unaffected_skin,0.4032376366192023,non_keloid,0.5967623633807977,0.4979889121578559,abstain
GSE32537_GSM806286,keloid_vs_unaffected_skin,0.5087939782933213,keloid,0.5087939782933213,0.4979889121578559,abstain
GSE32537_GSM806287,keloid_vs_unaffected_skin,0.4524382237828505,non_keloid,0.5475617762171495,0.4979889121578559,abstain
GSE32537_GSM806290,keloid_vs_unaffected_skin,0.764914261876845,keloid,0.764914261876845,0.4979889121578559,keloid
GSE32537_GSM806291,keloid_vs_unaffected_skin,0.41987664222263477,non_keloid,0.5801233577773652,0.4979889121578559,abstain
GSE32537_GSM806292,keloid_vs_unaffected_skin,0.6385574912984244,keloid,0.6385574912984244,0.4979889121578559,keloid
GSE32537_GSM806293,keloid_vs_unaffected_skin,0.4522321866418736,non_keloid,0.5477678133581264,0.4979889121578559,abstain
GSE32537_GSM806294,keloid_vs_unaffected_skin,0.5744009557155142,keloid,0.5744009557155142,0.4979889121578559,abstain
GSE32537_GSM806297,keloid_vs_unaffected_skin,0.24497852020151245,non_keloid,0.7550214797984875,0.4979889121578559,non_keloid
GSE32537_GSM806298,keloid_vs_unaffected_skin,0.551248075640079,keloid,0.551248075640079,0.4979889121578559,abstain
GSE32537_GSM806299,keloid_vs_unaffected_skin,0.2506482809428502,non_keloid,0.7493517190571498,0.4979889121578559,non_keloid
GSE32537_GSM806300,keloid_vs_unaffected_skin,0.6448958047352837,keloid,0.6448958047352837,0.4979889121578559,keloid
GSE32537_GSM806301,keloid_vs_unaffected_skin,0.753017931024047,keloid,0.753017931024047,0.4979889121578559,keloid
GSE32537_GSM806302,keloid_vs_unaffected_skin,0.7391330762607667,keloid,0.7391330762607667,0.4979889121578559,keloid
GSE32537_GSM806305,keloid_vs_unaffected_skin,0.28587231490264675,non_keloid,0.7141276850973532,0.4979889121578559,non_keloid
GSE32537_GSM806306,keloid_vs_unaffected_skin,0.6614953529455578,keloid,0.6614953529455578,0.4979889121578559,keloid
GSE32537_GSM806307,keloid_vs_unaffected_skin,0.48556500777976896,non_keloid,0.514434992220231,0.4979889121578559,abstain
GSE32537_GSM806308,keloid_vs_unaffected_skin,0.44884107665094586,non_keloid,0.5511589233490541,0.4979889121578559,abstain
GSE32537_GSM806309,keloid_vs_unaffected_skin,0.5435947954477649,keloid,0.5435947954477649,0.4979889121578559,abstain
GSE32537_GSM806310,keloid_vs_unaffected_skin,0.4244269626038828,non_keloid,0.5755730373961172,0.4979889121578559,abstain
GSE32537_GSM806313,keloid_vs_unaffected_skin,0.24533156139030043,non_keloid,0.7546684386096996,0.4979889121578559,non_keloid
GSE32537_GSM806314,keloid_vs_unaffected_skin,0.5189311969732502,keloid,0.5189311969732502,0.4979889121578559,abstain
GSE32537_GSM806315,keloid_vs_unaffected_skin,0.6004973837614045,keloid,0.6004973837614045,0.4979889121578559,keloid
GSE32537_GSM806316,keloid_vs_unaffected_skin,0.37295192430389457,non_keloid,0.6270480756961054,0.4979889121578559,non_keloid
GSE32537_GSM806318,keloid_vs_unaffected_skin,0.4340381062031964,non_keloid,0.5659618937968036,0.4979889121578559,abstain
GSE32537_GSM806320,keloid_vs_unaffected_skin,0.6162485126747534,keloid,0.6162485126747534,0.4979889121578559,keloid
GSE32537_GSM806321,keloid_vs_unaffected_skin,0.6982717327981651,keloid,0.6982717327981651,0.4979889121578559,keloid
GSE32537_GSM806322,keloid_vs_unaffected_skin,0.34816363514049575,non_keloid,0.6518363648595042,0.4979889121578559,non_keloid
GSE32537_GSM806324,keloid_vs_unaffected_skin,0.6816901546169563,keloid,0.6816901546169563,0.4979889121578559,keloid
GSE32537_GSM806327,keloid_vs_unaffected_skin,0.6175170386964114,keloid,0.6175170386964114,0.4979889121578559,keloid
GSE32537_GSM806329,keloid_vs_unaffected_skin,0.4591806012753664,non_keloid,0.5408193987246336,0.4979889121578559,abstain
GSE32537_GSM806330,keloid_vs_unaffected_skin,0.3177544096522288,non_keloid,0.6822455903477712,0.4979889121578559,non_keloid
GSE32537_GSM806332,keloid_vs_unaffected_skin,0.5552394244148474,keloid,0.5552394244148474,0.4979889121578559,abstain
GSE32537_GSM806333,keloid_vs_unaffected_skin,0.6422852713432776,keloid,0.6422852713432776,0.4979889121578559,keloid
GSE32537_GSM806335,keloid_vs_unaffected_skin,0.763929246555426,keloid,0.763929246555426,0.4979889121578559,keloid
GSE32537_GSM806336,keloid_vs_unaffected_skin,0.547527963340152,keloid,0.547527963340152,0.4979889121578559,abstain
GSE32537_GSM806338,keloid_vs_unaffected_skin,0.416279562669426,non_keloid,0.583720437330574,0.4979889121578559,abstain
GSE32537_GSM806339,keloid_vs_unaffected_skin,0.4663896873713481,non_keloid,0.5336103126286519,0.4979889121578559,abstain
GSE32537_GSM806340,keloid_vs_unaffected_skin,0.4426669274026419,non_keloid,0.5573330725973581,0.4979889121578559,abstain
GSE32537_GSM806342,keloid_vs_unaffected_skin,0.42115797111966824,non_keloid,0.5788420288803318,0.4979889121578559,abstain
GSE32537_GSM806344,keloid_vs_unaffected_skin,0.12568573282810125,non_keloid,0.8743142671718988,0.4979889121578559,non_keloid
GSE32537_GSM806346,keloid_vs_unaffected_skin,0.7312256641120057,keloid,0.7312256641120057,0.4979889121578559,keloid
GSE32537_GSM806349,keloid_vs_unaffected_skin,0.5980894734389698,keloid,0.5980894734389698,0.4979889121578559,abstain
GSE32537_GSM806351,keloid_vs_unaffected_skin,0.6634102322962615,keloid,0.6634102322962615,0.4979889121578559,keloid
GSE32537_GSM806352,keloid_vs_unaffected_skin,0.2944738286836195,non_keloid,0.7055261713163805,0.4979889121578559,non_keloid
GSE32537_GSM806354,keloid_vs_unaffected_skin,0.3189007674648523,non_keloid,0.6810992325351477,0.4979889121578559,non_keloid
GSE32537_GSM806355,keloid_vs_unaffected_skin,0.6513573536445205,keloid,0.6513573536445205,0.4979889121578559,keloid
GSE32537_GSM806356,keloid_vs_unaffected_skin,0.3465157182209959,non_keloid,0.6534842817790041,0.4979889121578559,non_keloid
GSE32537_GSM806357,keloid_vs_unaffected_skin,0.45877318677669043,non_keloid,0.5412268132233096,0.4979889121578559,abstain
GSE32537_GSM806358,keloid_vs_unaffected_skin,0.4116254099286243,non_keloid,0.5883745900713757,0.4979889121578559,abstain
GSE32537_GSM806359,keloid_vs_unaffected_skin,0.6378173950485575,keloid,0.6378173950485575,0.4979889121578559,keloid
GSE32537_GSM806361,keloid_vs_unaffected_skin,0.8098253568067849,keloid,0.8098253568067849,0.4979889121578559,keloid
GSE32537_GSM806362,keloid_vs_unaffected_skin,0.48209459300627533,non_keloid,0.5179054069937247,0.4979889121578559,abstain
GSE32537_GSM806363,keloid_vs_unaffected_skin,0.60807764579067,keloid,0.60807764579067,0.4979889121578559,keloid
GSE32537_GSM806364,keloid_vs_unaffected_skin,0.336896665273019,non_keloid,0.663103334726981,0.4979889121578559,non_keloid
GSE32537_GSM806365,keloid_vs_unaffected_skin,0.30165554737530953,non_keloid,0.6983444526246905,0.4979889121578559,non_keloid
GSE32537_GSM806366,keloid_vs_unaffected_skin,0.622678998832629,keloid,0.622678998832629,0.4979889121578559,keloid
GSE32537_GSM806368,keloid_vs_unaffected_skin,0.6438586082340815,keloid,0.6438586082340815,0.4979889121578559,keloid
GSE32537_GSM806369,keloid_vs_unaffected_skin,0.8187053865889418,keloid,0.8187053865889418,0.4979889121578559,keloid
GSE32537_GSM806370,keloid_vs_unaffected_skin,0.5532008534533139,keloid,0.5532008534533139,0.4979889121578559,abstain
GSE32537_GSM806371,keloid_vs_unaffected_skin,0.3344008160661339,non_keloid,0.6655991839338661,0.4979889121578559,non_keloid
GSE32537_GSM806372,keloid_vs_unaffected_skin,0.34614120252839486,non_keloid,0.6538587974716051,0.4979889121578559,non_keloid
GSE32537_GSM806373,keloid_vs_unaffected_skin,0.3498831067705295,non_keloid,0.6501168932294705,0.4979889121578559,non_keloid
GSE32537_GSM806374,keloid_vs_unaffected_skin,0.5039336462940819,keloid,0.5039336462940819,0.4979889121578559,abstain
GSE32537_GSM806375,keloid_vs_unaffected_skin,0.5345499260750681,keloid,0.5345499260750681,0.4979889121578559,abstain
GSE32537_GSM806376,keloid_vs_unaffected_skin,0.6465098856561344,keloid,0.6465098856561344,0.4979889121578559,keloid
GSE32537_GSM806377,keloid_vs_unaffected_skin,0.58273899163988,keloid,0.58273899163988,0.4979889121578559,abstain
GSE32537_GSM806378,keloid_vs_unaffected_skin,0.5727385151800353,keloid,0.5727385151800353,0.4979889121578559,abstain
GSE32537_GSM806379,keloid_vs_unaffected_skin,0.5727931080914641,keloid,0.5727931080914641,0.4979889121578559,abstain
GSE32537_GSM806380,keloid_vs_unaffected_skin,0.5223594373805098,keloid,0.5223594373805098,0.4979889121578559,abstain
GSE32537_GSM806381,keloid_vs_unaffected_skin,0.6248306122926331,keloid,0.6248306122926331,0.4979889121578559,keloid
GSE32537_GSM806382,keloid_vs_unaffected_skin,0.5955590508073283,keloid,0.5955590508073283,0.4979889121578559,abstain
GSE32537_GSM806383,keloid_vs_unaffected_skin,0.5959496709960864,keloid,0.5959496709960864,0.4979889121578559,abstain
GSE32537_GSM806384,keloid_vs_unaffected_skin,0.37051184468253195,non_keloid,0.629488155317468,0.4979889121578559,non_keloid
GSE32537_GSM806385,keloid_vs_unaffected_skin,0.47011217482790835,non_keloid,0.5298878251720917,0.4979889121578559,abstain
GSE32537_GSM806386,keloid_vs_unaffected_skin,0.5328718610536445,keloid,0.5328718610536445,0.4979889121578559,abstain
GSE32537_GSM806387,keloid_vs_unaffected_skin,0.6607806368309008,keloid,0.6607806368309008,0.4979889121578559,keloid
GSE32537_GSM806388,keloid_vs_unaffected_skin,0.4847820897159878,non_keloid,0.5152179102840122,0.4979889121578559,abstain
GSE32537_GSM806389,keloid_vs_unaffected_skin,0.3472750588100513,non_keloid,0.6527249411899487,0.4979889121578559,non_keloid
GSE32537_GSM806390,keloid_vs_unaffected_skin,0.6771470302530967,keloid,0.6771470302530967,0.4979889121578559,keloid
GSE32537_GSM806391,keloid_vs_unaffected_skin,0.8190539040619818,keloid,0.8190539040619818,0.4979889121578559,keloid
GSE32537_GSM806392,keloid_vs_unaffected_skin,0.6121987523917931,keloid,0.6121987523917931,0.4979889121578559,keloid
GSE32537_GSM806393,keloid_vs_unaffected_skin,0.35113643196329847,non_keloid,0.6488635680367015,0.4979889121578559,non_keloid
GSE32537_GSM806394,keloid_vs_unaffected_skin,0.6009116423935104,keloid,0.6009116423935104,0.4979889121578559,keloid
GSE32537_GSM806395,keloid_vs_unaffected_skin,0.45026134156323483,non_keloid,0.5497386584367652,0.4979889121578559,abstain
GSE32537_GSM806396,keloid_vs_unaffected_skin,0.4945004792133266,non_keloid,0.5054995207866734,0.4979889121578559,abstain
GSE32537_GSM806397,keloid_vs_unaffected_skin,0.603998805643136,keloid,0.603998805643136,0.4979889121578559,keloid
GSE32537_GSM806398,keloid_vs_unaffected_skin,0.8154485086927931,keloid,0.8154485086927931,0.4979889121578559,keloid
GSE32537_GSM806399,keloid_vs_unaffected_skin,0.7251716740020355,keloid,0.7251716740020355,0.4979889121578559,keloid
GSE32537_GSM806400,keloid_vs_unaffected_skin,0.14542813879250993,non_keloid,0.8545718612074901,0.4979889121578559,non_keloid
GSE32537_GSM806401,keloid_vs_unaffected_skin,0.7252127704653124,keloid,0.7252127704653124,0.4979889121578559,keloid
GSE32537_GSM806402,keloid_vs_unaffected_skin,0.5021766160743808,keloid,0.5021766160743808,0.4979889121578559,abstain
GSE32537_GSM806403,keloid_vs_unaffected_skin,0.7060346878628012,keloid,0.7060346878628012,0.4979889121578559,keloid
GSE32537_GSM806404,keloid_vs_unaffected_skin,0.5164496664931604,keloid,0.5164496664931604,0.4979889121578559,abstain
GSE32537_GSM806405,keloid_vs_unaffected_skin,0.3909454223247526,non_keloid,0.6090545776752474,0.4979889121578559,non_keloid
GSE32537_GSM806406,keloid_vs_unaffected_skin,0.47767657309588174,non_keloid,0.5223234269041183,0.4979889121578559,abstain
GSE32537_GSM806407,keloid_vs_unaffected_skin,0.769690179799553,keloid,0.769690179799553,0.4979889121578559,keloid
GSE32537_GSM806408,keloid_vs_unaffected_skin,0.6733179562416365,keloid,0.6733179562416365,0.4979889121578559,keloid
GSE32537_GSM806409,keloid_vs_unaffected_skin,0.4618990006535809,non_keloid,0.5381009993464191,0.4979889121578559,abstain
GSE32537_GSM806410,keloid_vs_unaffected_skin,0.2806020191966221,non_keloid,0.7193979808033779,0.4979889121578559,non_keloid
GSE32537_GSM806411,keloid_vs_unaffected_skin,0.5506122429229382,keloid,0.5506122429229382,0.4979889121578559,abstain
GSE32537_GSM806412,keloid_vs_unaffected_skin,0.5277480553965757,keloid,0.5277480553965757,0.4979889121578559,abstain
GSE32537_GSM806413,keloid_vs_unaffected_skin,0.4239623254363981,non_keloid,0.5760376745636019,0.4979889121578559,abstain
GSE32537_GSM806414,keloid_vs_unaffected_skin,0.5614329897541599,keloid,0.5614329897541599,0.4979889121578559,abstain
GSE32537_GSM806415,keloid_vs_unaffected_skin,0.561927126074028,keloid,0.561927126074028,0.4979889121578559,abstain
GSE32537_GSM806416,keloid_vs_unaffected_skin,0.6395978505230722,keloid,0.6395978505230722,0.4979889121578559,keloid
GSE32537_GSM806417,keloid_vs_unaffected_skin,0.624322380018014,keloid,0.624322380018014,0.4979889121578559,keloid
GSE32537_GSM806418,keloid_vs_unaffected_skin,0.29502798899325955,non_keloid,0.7049720110067405,0.4979889121578559,non_keloid
GSE32537_GSM806419,keloid_vs_unaffected_skin,0.4813888045216437,non_keloid,0.5186111954783563,0.4979889121578559,abstain
GSE32537_GSM806420,keloid_vs_unaffected_skin,0.6064157181775618,keloid,0.6064157181775618,0.4979889121578559,keloid
GSE48149_GSM1169960,keloid_vs_unaffected_skin,0.7635285560615575,keloid,0.7635285560615575,0.4979889121578559,keloid
GSE48149_GSM1169961,keloid_vs_unaffected_skin,0.447535792713593,non_keloid,0.552464207286407,0.4979889121578559,abstain
GSE48149_GSM1169962,keloid_vs_unaffected_skin,0.5638877559034959,keloid,0.5638877559034959,0.4979889121578559,abstain
GSE48149_GSM1169963,keloid_vs_unaffected_skin,0.8427545408690998,keloid,0.8427545408690998,0.4979889121578559,keloid
GSE48149_GSM1169964,keloid_vs_unaffected_skin,0.6442509437355395,keloid,0.6442509437355395,0.4979889121578559,keloid
GSE48149_GSM1169965,keloid_vs_unaffected_skin,0.5669360797969243,keloid,0.5669360797969243,0.4979889121578559,abstain
GSE48149_GSM1169966,keloid_vs_unaffected_skin,0.7582873971181977,keloid,0.7582873971181977,0.4979889121578559,keloid
GSE48149_GSM1169967,keloid_vs_unaffected_skin,0.5412036093181045,keloid,0.5412036093181045,0.4979889121578559,abstain
GSE48149_GSM1169968,keloid_vs_unaffected_skin,0.6586524379056135,keloid,0.6586524379056135,0.4979889121578559,keloid
GSE48149_GSM1169969,keloid_vs_unaffected_skin,0.3957155704701769,non_keloid,0.6042844295298231,0.4979889121578559,non_keloid
GSE48149_GSM1169970,keloid_vs_unaffected_skin,0.36545263509464443,non_keloid,0.6345473649053556,0.4979889121578559,non_keloid
GSE48149_GSM1169971,keloid_vs_unaffected_skin,0.28133731670951256,non_keloid,0.7186626832904874,0.4979889121578559,non_keloid
GSE48149_GSM1169972,keloid_vs_unaffected_skin,0.503773247733095,keloid,0.503773247733095,0.4979889121578559,abstain
GSE48149_GSM1169973,keloid_vs_unaffected_skin,0.5168529791179457,keloid,0.5168529791179457,0.4979889121578559,abstain
GSE48149_GSM1169974,keloid_vs_unaffected_skin,0.47235959564370866,non_keloid,0.5276404043562913,0.4979889121578559,abstain
GSE48149_GSM1169975,keloid_vs_unaffected_skin,0.4326253740245831,non_keloid,0.5673746259754169,0.4979889121578559,abstain
GSE48149_GSM1169976,keloid_vs_unaffected_skin,0.3304683521905851,non_keloid,0.6695316478094149,0.4979889121578559,non_keloid
GSE48149_GSM1169977,keloid_vs_unaffected_skin,0.2754700817963339,non_keloid,0.7245299182036661,0.4979889121578559,non_keloid
GSE48149_GSM1169978,keloid_vs_unaffected_skin,0.4124534334405643,non_keloid,0.5875465665594357,0.4979889121578559,abstain
GSE48149_GSM1169979,keloid_vs_unaffected_skin,0.4014483233985854,non_keloid,0.5985516766014146,0.4979889121578559,abstain
GSE48149_GSM1169980,keloid_vs_unaffected_skin,0.46825402544942096,non_keloid,0.531745974550579,0.4979889121578559,abstain
GSE48149_GSM1169981,keloid_vs_unaffected_skin,0.12033440671119411,non_keloid,0.8796655932888059,0.4979889121578559,non_keloid
GSE58095_GSM1145868,keloid_vs_unaffected_skin,0.4869719452641049,non_keloid,0.5130280547358951,0.4979889121578559,abstain
GSE58095_GSM1145869,keloid_vs_unaffected_skin,0.5542301874768245,keloid,0.5542301874768245,0.4979889121578559,abstain
GSE58095_GSM1145870,keloid_vs_unaffected_skin,0.6550693539333565,keloid,0.6550693539333565,0.4979889121578559,keloid
GSE58095_GSM1145871,keloid_vs_unaffected_skin,0.6737416951771271,keloid,0.6737416951771271,0.4979889121578559,keloid
GSE58095_GSM1145872,keloid_vs_unaffected_skin,0.583555343599826,keloid,0.583555343599826,0.4979889121578559,abstain
GSE58095_GSM1145873,keloid_vs_unaffected_skin,0.5063808582767635,keloid,0.5063808582767635,0.4979889121578559,abstain
GSE58095_GSM1145874,keloid_vs_unaffected_skin,0.2982559378638815,non_keloid,0.7017440621361185,0.4979889121578559,non_keloid
GSE58095_GSM1145875,keloid_vs_unaffected_skin,0.5534835493237431,keloid,0.5534835493237431,0.4979889121578559,abstain
GSE58095_GSM1145876,keloid_vs_unaffected_skin,0.7650081059997317,keloid,0.7650081059997317,0.4979889121578559,keloid
GSE58095_GSM1145877,keloid_vs_unaffected_skin,0.6318027541258189,keloid,0.6318027541258189,0.4979889121578559,keloid
GSE58095_GSM1145878,keloid_vs_unaffected_skin,0.6140190387766513,keloid,0.6140190387766513,0.4979889121578559,keloid
GSE58095_GSM1145879,keloid_vs_unaffected_skin,0.5437455440556234,keloid,0.5437455440556234,0.4979889121578559,abstain
GSE58095_GSM1145880,keloid_vs_unaffected_skin,0.3919821809449078,non_keloid,0.6080178190550922,0.4979889121578559,non_keloid
GSE58095_GSM1145881,keloid_vs_unaffected_skin,0.6206193681467095,keloid,0.6206193681467095,0.4979889121578559,keloid
GSE58095_GSM1145882,keloid_vs_unaffected_skin,0.6422168223621851,keloid,0.6422168223621851,0.4979889121578559,keloid
GSE58095_GSM1145883,keloid_vs_unaffected_skin,0.5721834911634234,keloid,0.5721834911634234,0.4979889121578559,abstain
GSE58095_GSM1145884,keloid_vs_unaffected_skin,0.46674086716062746,non_keloid,0.5332591328393725,0.4979889121578559,abstain
GSE58095_GSM1145885,keloid_vs_unaffected_skin,0.5947886052332283,keloid,0.5947886052332283,0.4979889121578559,abstain
GSE58095_GSM1145886,keloid_vs_unaffected_skin,0.3610109484135958,non_keloid,0.6389890515864042,0.4979889121578559,non_keloid
GSE58095_GSM1145887,keloid_vs_unaffected_skin,0.4631474428396184,non_keloid,0.5368525571603816,0.4979889121578559,abstain
GSE58095_GSM1145888,keloid_vs_unaffected_skin,0.6537834236342648,keloid,0.6537834236342648,0.4979889121578559,keloid
GSE58095_GSM1145889,keloid_vs_unaffected_skin,0.27977418035665,non_keloid,0.72022581964335,0.4979889121578559,non_keloid
GSE58095_GSM1145890,keloid_vs_unaffected_skin,0.3964237933569391,non_keloid,0.6035762066430609,0.4979889121578559,non_keloid
GSE58095_GSM1145891,keloid_vs_unaffected_skin,0.48354720178235544,non_keloid,0.5164527982176446,0.4979889121578559,abstain
GSE58095_GSM1145892,keloid_vs_unaffected_skin,0.9220387056816505,keloid,0.9220387056816505,0.4979889121578559,keloid
GSE58095_GSM1145893,keloid_vs_unaffected_skin,0.69758570774234,keloid,0.69758570774234,0.4979889121578559,keloid
GSE58095_GSM1145894,keloid_vs_unaffected_skin,0.44658629705188113,non_keloid,0.5534137029481189,0.4979889121578559,abstain
GSE58095_GSM1145895,keloid_vs_unaffected_skin,0.6978489939177284,keloid,0.6978489939177284,0.4979889121578559,keloid
GSE58095_GSM1145896,keloid_vs_unaffected_skin,0.590942994382757,keloid,0.590942994382757,0.4979889121578559,abstain
GSE58095_GSM1145897,keloid_vs_unaffected_skin,0.5942652533783385,keloid,0.5942652533783385,0.4979889121578559,abstain
GSE58095_GSM1145898,keloid_vs_unaffected_skin,0.49717123965038523,non_keloid,0.5028287603496148,0.4979889121578559,abstain
GSE58095_GSM1145899,keloid_vs_unaffected_skin,0.645639581818559,keloid,0.645639581818559,0.4979889121578559,keloid
GSE58095_GSM1145900,keloid_vs_unaffected_skin,0.6282033834957479,keloid,0.6282033834957479,0.4979889121578559,keloid
GSE58095_GSM1145901,keloid_vs_unaffected_skin,0.6578415096161385,keloid,0.6578415096161385,0.4979889121578559,keloid
GSE58095_GSM1145902,keloid_vs_unaffected_skin,0.5776675120456632,keloid,0.5776675120456632,0.4979889121578559,abstain
GSE58095_GSM1145903,keloid_vs_unaffected_skin,0.5265932767830857,keloid,0.5265932767830857,0.4979889121578559,abstain
GSE58095_GSM1145904,keloid_vs_unaffected_skin,0.5740761501374173,keloid,0.5740761501374173,0.4979889121578559,abstain
GSE58095_GSM1145905,keloid_vs_unaffected_skin,0.6486223658488371,keloid,0.6486223658488371,0.4979889121578559,keloid
GSE58095_GSM1145906,keloid_vs_unaffected_skin,0.6225935755470583,keloid,0.6225935755470583,0.4979889121578559,keloid
GSE58095_GSM1145907,keloid_vs_unaffected_skin,0.5902954480599785,keloid,0.5902954480599785,0.4979889121578559,abstain
GSE58095_GSM1145908,keloid_vs_unaffected_skin,0.5553153455139386,keloid,0.5553153455139386,0.4979889121578559,abstain
GSE58095_GSM1145909,keloid_vs_unaffected_skin,0.5675965969974949,keloid,0.5675965969974949,0.4979889121578559,abstain
GSE58095_GSM1145910,keloid_vs_unaffected_skin,0.7794106594703551,keloid,0.7794106594703551,0.4979889121578559,keloid
GSE58095_GSM1145911,keloid_vs_unaffected_skin,0.29676888659743983,non_keloid,0.7032311134025602,0.4979889121578559,non_keloid
GSE58095_GSM1145912,keloid_vs_unaffected_skin,0.5737618764174215,keloid,0.5737618764174215,0.4979889121578559,abstain
GSE58095_GSM1145913,keloid_vs_unaffected_skin,0.22242332644233676,non_keloid,0.7775766735576632,0.4979889121578559,non_keloid
GSE58095_GSM1145914,keloid_vs_unaffected_skin,0.5849490302077243,keloid,0.5849490302077243,0.4979889121578559,abstain
GSE58095_GSM1145915,keloid_vs_unaffected_skin,0.6696950423489405,keloid,0.6696950423489405,0.4979889121578559,keloid
GSE58095_GSM1145916,keloid_vs_unaffected_skin,0.7070185482822164,keloid,0.7070185482822164,0.4979889121578559,keloid
GSE58095_GSM1145917,keloid_vs_unaffected_skin,0.7726025277245002,keloid,0.7726025277245002,0.4979889121578559,keloid
GSE58095_GSM1145918,keloid_vs_unaffected_skin,0.5076493360194785,keloid,0.5076493360194785,0.4979889121578559,abstain
GSE58095_GSM1145919,keloid_vs_unaffected_skin,0.5068523634446743,keloid,0.5068523634446743,0.4979889121578559,abstain
GSE58095_GSM1145920,keloid_vs_unaffected_skin,0.8045388109619201,keloid,0.8045388109619201,0.4979889121578559,keloid
GSE58095_GSM1145921,keloid_vs_unaffected_skin,0.5155971273454124,keloid,0.5155971273454124,0.4979889121578559,abstain
GSE58095_GSM1145922,keloid_vs_unaffected_skin,0.7355230125755924,keloid,0.7355230125755924,0.4979889121578559,keloid
GSE58095_GSM1145923,keloid_vs_unaffected_skin,0.5882628305195257,keloid,0.5882628305195257,0.4979889121578559,abstain
GSE58095_GSM1145924,keloid_vs_unaffected_skin,0.6297117356642539,keloid,0.6297117356642539,0.4979889121578559,keloid
GSE58095_GSM1145925,keloid_vs_unaffected_skin,0.34962575758272374,non_keloid,0.6503742424172763,0.4979889121578559,non_keloid
GSE58095_GSM1145926,keloid_vs_unaffected_skin,0.8284661554416781,keloid,0.8284661554416781,0.4979889121578559,keloid
GSE58095_GSM1400698,keloid_vs_unaffected_skin,0.43141424444547305,non_keloid,0.568585755554527,0.4979889121578559,abstain
GSE58095_GSM1400699,keloid_vs_unaffected_skin,0.7170348343544011,keloid,0.7170348343544011,0.4979889121578559,keloid
GSE58095_GSM1400700,keloid_vs_unaffected_skin,0.6133119165603413,keloid,0.6133119165603413,0.4979889121578559,keloid
GSE58095_GSM1400701,keloid_vs_unaffected_skin,0.5969238594021622,keloid,0.5969238594021622,0.4979889121578559,abstain
GSE58095_GSM1400702,keloid_vs_unaffected_skin,0.2796716987400102,non_keloid,0.7203283012599898,0.4979889121578559,non_keloid
GSE58095_GSM1400703,keloid_vs_unaffected_skin,0.5258335583801653,keloid,0.5258335583801653,0.4979889121578559,abstain
GSE58095_GSM1400704,keloid_vs_unaffected_skin,0.620418207674314,keloid,0.620418207674314,0.4979889121578559,keloid
GSE58095_GSM1400705,keloid_vs_unaffected_skin,0.673329373754171,keloid,0.673329373754171,0.4979889121578559,keloid
GSE58095_GSM1400706,keloid_vs_unaffected_skin,0.4268214239349566,non_keloid,0.5731785760650434,0.4979889121578559,abstain
GSE58095_GSM1400707,keloid_vs_unaffected_skin,0.5456144669076306,keloid,0.5456144669076306,0.4979889121578559,abstain
GSE58095_GSM1400708,keloid_vs_unaffected_skin,0.6907776096226942,keloid,0.6907776096226942,0.4979889121578559,keloid
GSE58095_GSM1400709,keloid_vs_unaffected_skin,0.34487037432283063,non_keloid,0.6551296256771694,0.4979889121578559,non_keloid
GSE58095_GSM1400710,keloid_vs_unaffected_skin,0.23115182295254233,non_keloid,0.7688481770474577,0.4979889121578559,non_keloid
GSE58095_GSM1400711,keloid_vs_unaffected_skin,0.37354128742789705,non_keloid,0.626458712572103,0.4979889121578559,non_keloid
GSE58095_GSM1400712,keloid_vs_unaffected_skin,0.4320563462748873,non_keloid,0.5679436537251127,0.4979889121578559,abstain
GSE58095_GSM1400713,keloid_vs_unaffected_skin,0.37344584960837157,non_keloid,0.6265541503916284,0.4979889121578559,non_keloid
GSE58095_GSM1400714,keloid_vs_unaffected_skin,0.27826232904715764,non_keloid,0.7217376709528424,0.4979889121578559,non_keloid
GSE58095_GSM1400715,keloid_vs_unaffected_skin,0.162348281823255,non_keloid,0.837651718176745,0.4979889121578559,non_keloid
GSE58095_GSM1400716,keloid_vs_unaffected_skin,0.30550989507132187,non_keloid,0.6944901049286781,0.4979889121578559,non_keloid
GSE58095_GSM1400717,keloid_vs_unaffected_skin,0.42433372765526234,non_keloid,0.5756662723447377,0.4979889121578559,abstain
GSE58095_GSM1400718,keloid_vs_unaffected_skin,0.33975825775375035,non_keloid,0.6602417422462497,0.4979889121578559,non_keloid
GSE58095_GSM1400719,keloid_vs_unaffected_skin,0.3803012065711733,non_keloid,0.6196987934288267,0.4979889121578559,non_keloid
GSE58095_GSM1400720,keloid_vs_unaffected_skin,0.42248301077784867,non_keloid,0.5775169892221513,0.4979889121578559,abstain
GSE58095_GSM1400721,keloid_vs_unaffected_skin,0.5114104467494316,keloid,0.5114104467494316,0.4979889121578559,abstain
GSE58095_GSM1400722,keloid_vs_unaffected_skin,0.7492965054974638,keloid,0.7492965054974638,0.4979889121578559,keloid
GSE58095_GSM1400723,keloid_vs_unaffected_skin,0.7382591877789673,keloid,0.7382591877789673,0.4979889121578559,keloid
GSE58095_GSM1400724,keloid_vs_unaffected_skin,0.7100520456056338,keloid,0.7100520456056338,0.4979889121578559,keloid
GSE58095_GSM1400725,keloid_vs_unaffected_skin,0.7101192081453953,keloid,0.7101192081453953,0.4979889121578559,keloid
GSE58095_GSM1400726,keloid_vs_unaffected_skin,0.36243091400379124,non_keloid,0.6375690859962088,0.4979889121578559,non_keloid
GSE58095_GSM1400727,keloid_vs_unaffected_skin,0.5971276512119486,keloid,0.5971276512119486,0.4979889121578559,abstain
GSE58095_GSM1400728,keloid_vs_unaffected_skin,0.4680068002595379,non_keloid,0.5319931997404621,0.4979889121578559,abstain
GSE58095_GSM1400729,keloid_vs_unaffected_skin,0.34778827314324356,non_keloid,0.6522117268567564,0.4979889121578559,non_keloid
GSE58095_GSM1400730,keloid_vs_unaffected_skin,0.43409381770218847,non_keloid,0.5659061822978115,0.4979889121578559,abstain
GSE58095_GSM1400731,keloid_vs_unaffected_skin,0.6013609147760892,keloid,0.6013609147760892,0.4979889121578559,keloid
GSE58095_GSM1400732,keloid_vs_unaffected_skin,0.2731274338015932,non_keloid,0.7268725661984068,0.4979889121578559,non_keloid
GSE58095_GSM1400733,keloid_vs_unaffected_skin,0.4751334452733058,non_keloid,0.5248665547266942,0.4979889121578559,abstain
GSE58095_GSM1400734,keloid_vs_unaffected_skin,0.4159084337928567,non_keloid,0.5840915662071433,0.4979889121578559,abstain
GSE58095_GSM1400735,keloid_vs_unaffected_skin,0.15154066115047593,non_keloid,0.8484593388495241,0.4979889121578559,non_keloid
GSE58095_GSM1400736,keloid_vs_unaffected_skin,0.2831211805165079,non_keloid,0.7168788194834921,0.4979889121578559,non_keloid
GSE58095_GSM1400737,keloid_vs_unaffected_skin,0.3667672528959164,non_keloid,0.6332327471040836,0.4979889121578559,non_keloid
GSE58095_GSM1400738,keloid_vs_unaffected_skin,0.2620356567242881,non_keloid,0.7379643432757119,0.4979889121578559,non_keloid
GSE58095_GSM1400739,keloid_vs_unaffected_skin,0.5791464531524702,keloid,0.5791464531524702,0.4979889121578559,abstain
GSE58095_GSM1400740,keloid_vs_unaffected_skin,0.624883971500813,keloid,0.624883971500813,0.4979889121578559,keloid
GSM3440194,keloid_vs_unaffected_skin,0.5835024837256657,keloid,0.5835024837256657,0.4979889121578559,abstain
GSM3440195,keloid_vs_unaffected_skin,0.6729965456735976,keloid,0.6729965456735976,0.4979889121578559,keloid
GSM3440196,keloid_vs_unaffected_skin,0.6921320893331251,keloid,0.6921320893331251,0.4979889121578559,keloid
GSM3440197,keloid_vs_unaffected_skin,0.736451475380992,keloid,0.736451475380992,0.4979889121578559,keloid
GSM3440198,keloid_vs_unaffected_skin,0.2581860022713738,non_keloid,0.7418139977286262,0.4979889121578559,non_keloid
GSM3440199,keloid_vs_unaffected_skin,0.43285018734036196,non_keloid,0.567149812659638,0.4979889121578559,abstain
GSM3440200,keloid_vs_unaffected_skin,0.7203092413525867,keloid,0.7203092413525867,0.4979889121578559,keloid
GSM3440201,keloid_vs_unaffected_skin,0.2945796844709164,non_keloid,0.7054203155290836,0.4979889121578559,non_keloid
GSM3440202,keloid_vs_unaffected_skin,0.8781918258992291,keloid,0.8781918258992291,0.4979889121578559,keloid
GSM3440203,keloid_vs_unaffected_skin,0.38769197015479373,non_keloid,0.6123080298452063,0.4979889121578559,non_keloid
GSM3440204,keloid_vs_unaffected_skin,0.5104268314780722,keloid,0.5104268314780722,0.4979889121578559,abstain
KC1,keloid_vs_unaffected_skin,0.3506759545926652,non_keloid,0.6493240454073348,0.4979889121578559,non_keloid
KC2,keloid_vs_unaffected_skin,0.3911923289965771,non_keloid,0.6088076710034229,0.4979889121578559,non_keloid
KC3,keloid_vs_unaffected_skin,0.4342938292979991,non_keloid,0.5657061707020009,0.4979889121578559,abstain
KC4,keloid_vs_unaffected_skin,0.5028417671429182,keloid,0.5028417671429182,0.4979889121578559,abstain
KL3,keloid_vs_unaffected_skin,0.34049584291542834,non_keloid,0.6595041570845717,0.4979889121578559,non_keloid
KL5,keloid_vs_unaffected_skin,0.485495542963032,non_keloid,0.514504457036968,0.4979889121578559,abstain
KL6,keloid_vs_unaffected_skin,0.8375148986536224,keloid,0.8375148986536224,0.4979889121578559,keloid
KL7,keloid_vs_unaffected_skin,0.8948558260347979,keloid,0.8948558260347979,0.4979889121578559,keloid
KL9,keloid_vs_unaffected_skin,0.6758067494752191,keloid,0.6758067494752191,0.4979889121578559,keloid
Keloid1,keloid_vs_unaffected_skin,0.8379984446362625,keloid,0.8379984446362625,0.4979889121578559,keloid
Keloid2,keloid_vs_unaffected_skin,0.6502774281383222,keloid,0.6502774281383222,0.4979889121578559,keloid
Keloid3,keloid_vs_unaffected_skin,0.6039095245401163,keloid,0.6039095245401163,0.4979889121578559,keloid
Normal1,keloid_vs_unaffected_skin,0.3963376081077056,non_keloid,0.6036623918922944,0.4979889121578559,non_keloid
Normal2,keloid_vs_unaffected_skin,0.3325809090614902,non_keloid,0.6674190909385098,0.4979889121578559,non_keloid
Normal3,keloid_vs_unaffected_skin,0.24788639360845555,non_keloid,0.7521136063915445,0.4979889121578559,non_keloid
GSM7846598,keloid_vs_unaffected_skin,0.6039085585343844,keloid,0.6039085585343844,0.4979889121578559,keloid
GSM7846599,keloid_vs_unaffected_skin,0.7421355126846272,keloid,0.7421355126846272,0.4979889121578559,keloid
GSM7846600,keloid_vs_unaffected_skin,0.5551536042268941,keloid,0.5551536042268941,0.4979889121578559,abstain
GSM7846601,keloid_vs_unaffected_skin,0.33601055689808257,non_keloid,0.6639894431019174,0.4979889121578559,non_keloid
GSM7846602,keloid_vs_unaffected_skin,0.22975536009112663,non_keloid,0.7702446399088734,0.4979889121578559,non_keloid
K1-1st,keloid_vs_unaffected_skin,0.7542244593365628,keloid,0.7542244593365628,0.4979889121578559,keloid
K2-1st,keloid_vs_unaffected_skin,0.5975661734191198,keloid,0.5975661734191198,0.4979889121578559,abstain
K3-1st,keloid_vs_unaffected_skin,0.21798825548928313,non_keloid,0.7820117445107169,0.4979889121578559,non_keloid
K4-1st,keloid_vs_unaffected_skin,0.09939834584819773,non_keloid,0.9006016541518023,0.4979889121578559,non_keloid
K5-1st,keloid_vs_unaffected_skin,0.715331090654826,keloid,0.715331090654826,0.4979889121578559,keloid
K6-1st,keloid_vs_unaffected_skin,0.1583779391718032,non_keloid,0.8416220608281968,0.4979889121578559,non_keloid
K7-1st,keloid_vs_unaffected_skin,0.11753904096792533,non_keloid,0.8824609590320747,0.4979889121578559,non_keloid
K8-1st,keloid_vs_unaffected_skin,0.25339147489246383,non_keloid,0.7466085251075362,0.4979889121578559,non_keloid
N1-1st,keloid_vs_unaffected_skin,0.41399068838391373,non_keloid,0.5860093116160863,0.4979889121578559,abstain
N2-1st,keloid_vs_unaffected_skin,0.6502560891069156,keloid,0.6502560891069156,0.4979889121578559,keloid
N3-1st,keloid_vs_unaffected_skin,0.5918641752064274,keloid,0.5918641752064274,0.4979889121578559,abstain
N4-1st,keloid_vs_unaffected_skin,0.5652458846376572,keloid,0.5652458846376572,0.4979889121578559,abstain
N5-1st,keloid_vs_unaffected_skin,0.24373648163870965,non_keloid,0.7562635183612904,0.4979889121578559,non_keloid
K1-2nd,keloid_vs_unaffected_skin,0.5851265543081439,keloid,0.5851265543081439,0.4979889121578559,abstain
K2-2nd,keloid_vs_unaffected_skin,0.5676461791952189,keloid,0.5676461791952189,0.4979889121578559,abstain
K3-2nd,keloid_vs_unaffected_skin,0.48227774621431363,non_keloid,0.5177222537856864,0.4979889121578559,abstain
K4-2nd,keloid_vs_unaffected_skin,0.6905035748989456,keloid,0.6905035748989456,0.4979889121578559,keloid
K5-2nd,keloid_vs_unaffected_skin,0.35722460911126697,non_keloid,0.642775390888733,0.4979889121578559,non_keloid
K6-2nd,keloid_vs_unaffected_skin,0.6119903220367763,keloid,0.6119903220367763,0.4979889121578559,keloid
K7-2nd,keloid_vs_unaffected_skin,0.2789474724829979,non_keloid,0.7210525275170021,0.4979889121578559,non_keloid
K8-2nd,keloid_vs_unaffected_skin,0.5862152473147914,keloid,0.5862152473147914,0.4979889121578559,abstain
N1-2nd,keloid_vs_unaffected_skin,0.7016101684689076,keloid,0.7016101684689076,0.4979889121578559,keloid
N2-2nd,keloid_vs_unaffected_skin,0.526261570848891,keloid,0.526261570848891,0.4979889121578559,abstain
N4-2nd,keloid_vs_unaffected_skin,0.6021920091284495,keloid,0.6021920091284495,0.4979889121578559,keloid
N5-2nd,keloid_vs_unaffected_skin,0.37914213750897807,non_keloid,0.6208578624910219,0.4979889121578559,non_keloid
N6-2nd,keloid_vs_unaffected_skin,0.49328583584003916,non_keloid,0.5067141641599608,0.4979889121578559,abstain
Ctrl1,keloid_vs_unaffected_skin,0.16990132184805773,non_keloid,0.8300986781519423,0.4979889121578559,non_keloid
Ctrl2,keloid_vs_unaffected_skin,0.23214814174750986,non_keloid,0.7678518582524901,0.4979889121578559,non_keloid
Ctrl3,keloid_vs_unaffected_skin,0.2502530182099061,non_keloid,0.7497469817900939,0.4979889121578559,non_keloid
keloid1,keloid_vs_unaffected_skin,0.8267925802307429,keloid,0.8267925802307429,0.4979889121578559,keloid
keloid2,keloid_vs_unaffected_skin,0.7091447386638278,keloid,0.7091447386638278,0.4979889121578559,keloid
keloid3,keloid_vs_unaffected_skin,0.7801876052254709,keloid,0.7801876052254709,0.4979889121578559,keloid
HK-NS1,keloid_vs_unaffected_skin,0.48189457298199556,non_keloid,0.5181054270180044,0.4979889121578559,abstain
HK-NS2,keloid_vs_unaffected_skin,0.4742318390087984,non_keloid,0.5257681609912016,0.4979889121578559,abstain
HK-NS3,keloid_vs_unaffected_skin,0.4907492359103335,non_keloid,0.5092507640896665,0.4979889121578559,abstain
HK1,keloid_vs_unaffected_skin,0.6378595481820306,keloid,0.6378595481820306,0.4979889121578559,keloid
HK2,keloid_vs_unaffected_skin,0.8488266505808785,keloid,0.8488266505808785,0.4979889121578559,keloid
HK3,keloid_vs_unaffected_skin,0.8410128934842342,keloid,0.8410128934842342,0.4979889121578559,keloid
HNS1,keloid_vs_unaffected_skin,0.3158479728169583,non_keloid,0.6841520271830417,0.4979889121578559,non_keloid
HNS2,keloid_vs_unaffected_skin,0.3605024316708605,non_keloid,0.6394975683291395,0.4979889121578559,non_keloid
HNS3,keloid_vs_unaffected_skin,0.1411051862242939,non_keloid,0.8588948137757061,0.4979889121578559,non_keloid
HNSR1,keloid_vs_unaffected_skin,0.6675320211330494,keloid,0.6675320211330494,0.4979889121578559,keloid
HNSR2,keloid_vs_unaffected_skin,0.5108436017028135,keloid,0.5108436017028135,0.4979889121578559,abstain
HNSR3,keloid_vs_unaffected_skin,0.4803901264548984,non_keloid,0.5196098735451016,0.4979889121578559,abstain
KK_1,keloid_vs_unaffected_skin,0.6864867665653017,keloid,0.6864867665653017,0.4979889121578559,keloid
KK_2,keloid_vs_unaffected_skin,0.2559875363567503,non_keloid,0.7440124636432497,0.4979889121578559,non_keloid
KK_3,keloid_vs_unaffected_skin,0.7497425809563785,keloid,0.7497425809563785,0.4979889121578559,keloid
KK_4,keloid_vs_unaffected_skin,0.6068796837808863,keloid,0.6068796837808863,0.4979889121578559,keloid
KK_5,keloid_vs_unaffected_skin,0.5279326563524591,keloid,0.5279326563524591,0.4979889121578559,abstain
KK_6,keloid_vs_unaffected_skin,0.5197411033331685,keloid,0.5197411033331685,0.4979889121578559,abstain
KK_7,keloid_vs_unaffected_skin,0.2916998719229381,non_keloid,0.7083001280770619,0.4979889121578559,non_keloid
KK_8,keloid_vs_unaffected_skin,0.5924081311398858,keloid,0.5924081311398858,0.4979889121578559,abstain
KK_9,keloid_vs_unaffected_skin,0.7201523421668665,keloid,0.7201523421668665,0.4979889121578559,keloid
NK_1,keloid_vs_unaffected_skin,0.49540970591962596,non_keloid,0.504590294080374,0.4979889121578559,abstain
NK_2,keloid_vs_unaffected_skin,0.6803444391686115,keloid,0.6803444391686115,0.4979889121578559,keloid
NK_3,keloid_vs_unaffected_skin,0.6475057887402804,keloid,0.6475057887402804,0.4979889121578559,keloid
NK_4,keloid_vs_unaffected_skin,0.5045321282708909,keloid,0.5045321282708909,0.4979889121578559,abstain
NK_5,keloid_vs_unaffected_skin,0.8486457596558092,keloid,0.8486457596558092,0.4979889121578559,keloid
NK_6,keloid_vs_unaffected_skin,0.16665453950621778,non_keloid,0.8333454604937822,0.4979889121578559,non_keloid
NK_7,keloid_vs_unaffected_skin,0.39550317124498224,non_keloid,0.6044968287550178,0.4979889121578559,non_keloid
NK_8,keloid_vs_unaffected_skin,0.3192980904238112,non_keloid,0.6807019095761888,0.4979889121578559,non_keloid
GSM6430213,keloid_vs_unaffected_skin,0.760289164210103,keloid,0.760289164210103,0.4979889121578559,keloid
GSM6430214,keloid_vs_unaffected_skin,0.768408503820703,keloid,0.768408503820703,0.4979889121578559,keloid
GSM6430215,keloid_vs_unaffected_skin,0.8102144973724783,keloid,0.8102144973724783,0.4979889121578559,keloid
GSM6430216,keloid_vs_unaffected_skin,0.7810507985255087,keloid,0.7810507985255087,0.4979889121578559,keloid
GSM6430217,keloid_vs_unaffected_skin,0.3135563746128761,non_keloid,0.6864436253871239,0.4979889121578559,non_keloid
GSM6430218,keloid_vs_unaffected_skin,0.36037768232807266,non_keloid,0.6396223176719273,0.4979889121578559,non_keloid
GSM6430219,keloid_vs_unaffected_skin,0.6656697015840294,keloid,0.6656697015840294,0.4979889121578559,keloid
GSM6430220,keloid_vs_unaffected_skin,0.6152337202011404,keloid,0.6152337202011404,0.4979889121578559,keloid
GSM6430221,keloid_vs_unaffected_skin,0.6971645581346368,keloid,0.6971645581346368,0.4979889121578559,keloid
KDF_C_1,keloid_vs_unaffected_skin,0.4540056892644322,non_keloid,0.5459943107355678,0.4979889121578559,abstain
KDF_C_2,keloid_vs_unaffected_skin,0.5735496683417245,keloid,0.5735496683417245,0.4979889121578559,abstain
KDF_C_3,keloid_vs_unaffected_skin,0.6312697114585737,keloid,0.6312697114585737,0.4979889121578559,keloid
KDF_C_4,keloid_vs_unaffected_skin,0.55397764757919,keloid,0.55397764757919,0.4979889121578559,abstain
NDF_C_1,keloid_vs_unaffected_skin,0.4327246292627668,non_keloid,0.5672753707372332,0.4979889121578559,abstain
NDF_C_2,keloid_vs_unaffected_skin,0.5504674037252184,keloid,0.5504674037252184,0.4979889121578559,abstain
NDF_C_3,keloid_vs_unaffected_skin,0.4169560905662171,non_keloid,0.5830439094337829,0.4979889121578559,abstain
NDF_C_4,keloid_vs_unaffected_skin,0.6585858092647645,keloid,0.6585858092647645,0.4979889121578559,keloid
C-K20,keloid_vs_unaffected_skin,0.6723488153806576,keloid,0.6723488153806576,0.4979889121578559,keloid
C-K23,keloid_vs_unaffected_skin,0.8291371401634393,keloid,0.8291371401634393,0.4979889121578559,keloid
C-K24,keloid_vs_unaffected_skin,0.35545570101746626,non_keloid,0.6445442989825337,0.4979889121578559,non_keloid
C-K27,keloid_vs_unaffected_skin,0.8397581675018269,keloid,0.8397581675018269,0.4979889121578559,keloid
M-K20,keloid_vs_unaffected_skin,0.77769470223332,keloid,0.77769470223332,0.4979889121578559,keloid
M-K23,keloid_vs_unaffected_skin,0.8705473236092593,keloid,0.8705473236092593,0.4979889121578559,keloid
M-K24,keloid_vs_unaffected_skin,0.5938046785142603,keloid,0.5938046785142603,0.4979889121578559,abstain
N-K20,keloid_vs_unaffected_skin,0.5419545443542411,keloid,0.5419545443542411,0.4979889121578559,abstain
N-K23,keloid_vs_unaffected_skin,0.25950131457963377,non_keloid,0.7404986854203662,0.4979889121578559,non_keloid
N-K24,keloid_vs_unaffected_skin,0.4810035069292271,non_keloid,0.5189964930707729,0.4979889121578559,abstain
N-K27,keloid_vs_unaffected_skin,0.48376646439516513,non_keloid,0.5162335356048349,0.4979889121578559,abstain
K1,keloid_vs_unaffected_skin,0.38604541114748436,non_keloid,0.6139545888525156,0.4979889121578559,non_keloid
K3,keloid_vs_unaffected_skin,0.4707460600119373,non_keloid,0.5292539399880627,0.4979889121578559,abstain
K5,keloid_vs_unaffected_skin,0.3402963697557234,non_keloid,0.6597036302442766,0.4979889121578559,non_keloid
ST1,keloid_vs_unaffected_skin,0.6146912517777565,keloid,0.6146912517777565,0.4979889121578559,keloid
ST3,keloid_vs_unaffected_skin,0.6209149939685452,keloid,0.6209149939685452,0.4979889121578559,keloid
ST5,keloid_vs_unaffected_skin,0.6656523997214063,keloid,0.6656523997214063,0.4979889121578559,keloid
ST7,keloid_vs_unaffected_skin,0.7744891196178906,keloid,0.7744891196178906,0.4979889121578559,keloid
PCS-201-021 P5 DMSO 1,keloid_vs_unaffected_skin,0.5930359837903139,keloid,0.5930359837903139,0.4979889121578559,abstain
PCS-201-021 P4 DMSO 2,keloid_vs_unaffected_skin,0.3394187619957264,non_keloid,0.6605812380042736,0.4979889121578559,non_keloid
CRL-1762 P4 DMSO 1,keloid_vs_unaffected_skin,0.8268773222712006,keloid,0.8268773222712006,0.4979889121578559,keloid
CRL-1762 P4 DMSO 2,keloid_vs_unaffected_skin,0.6318229184689633,keloid,0.6318229184689633,0.4979889121578559,keloid
PK1 P7 DMSO 1,keloid_vs_unaffected_skin,0.90183806852204,keloid,0.90183806852204,0.4979889121578559,keloid
PK1 P7 DMSO 2,keloid_vs_unaffected_skin,0.2387299751908296,non_keloid,0.7612700248091704,0.4979889121578559,non_keloid
PK2 P8 DMSO 1,keloid_vs_unaffected_skin,0.2276233321535488,non_keloid,0.7723766678464512,0.4979889121578559,non_keloid
PK2 P4 DMSO 2,keloid_vs_unaffected_skin,0.40036446618264976,non_keloid,0.5996355338173502,0.4979889121578559,abstain
PK3 P3 DMSO 1,keloid_vs_unaffected_skin,0.20606594637444553,non_keloid,0.7939340536255545,0.4979889121578559,non_keloid
PK3 P4 DMSO 2,keloid_vs_unaffected_skin,0.2150304942321406,non_keloid,0.7849695057678594,0.4979889121578559,non_keloid
PK4 P2 DMSO 1,keloid_vs_unaffected_skin,0.8782525992659777,keloid,0.8782525992659777,0.4979889121578559,keloid
PK4 P2 DMSO 2,keloid_vs_unaffected_skin,0.7512509945422202,keloid,0.7512509945422202,0.4979889121578559,keloid
PNF4 P3 DMSO 1,keloid_vs_unaffected_skin,0.8247820007349318,keloid,0.8247820007349318,0.4979889121578559,keloid
PNF4 P4 DMSO 2,keloid_vs_unaffected_skin,0.24835054204224216,non_keloid,0.7516494579577578,0.4979889121578559,non_keloid
N3 214kPa,keloid_vs_unaffected_skin,0.12456112444799083,non_keloid,0.8754388755520092,0.4979889121578559,non_keloid
N1 214kPa,keloid_vs_unaffected_skin,0.2868370316667679,non_keloid,0.7131629683332321,0.4979889121578559,non_keloid
N3 8kPa,keloid_vs_unaffected_skin,0.539414267137329,keloid,0.539414267137329,0.4979889121578559,abstain
N1 8kPa,keloid_vs_unaffected_skin,0.20284811663668612,non_keloid,0.7971518833633139,0.4979889121578559,non_keloid
N2 8kPa,keloid_vs_unaffected_skin,0.12404807586302968,non_keloid,0.8759519241369703,0.4979889121578559,non_keloid
N2 214kPa,keloid_vs_unaffected_skin,0.1615510816557928,non_keloid,0.8384489183442072,0.4979889121578559,non_keloid
K2 8kPa,keloid_vs_unaffected_skin,0.9217889812131024,keloid,0.9217889812131024,0.4979889121578559,keloid
K2 214kPa,keloid_vs_unaffected_skin,0.4243190762003607,non_keloid,0.5756809237996393,0.4979889121578559,abstain
K1 8kPa,keloid_vs_unaffected_skin,0.930267886777953,keloid,0.930267886777953,0.4979889121578559,keloid
K1 214kPa,keloid_vs_unaffected_skin,0.7739135741434997,keloid,0.7739135741434997,0.4979889121578559,keloid
K3 8kPa,keloid_vs_unaffected_skin,0.9564863904219653,keloid,0.9564863904219653,0.4979889121578559,keloid
K3 214kPa,keloid_vs_unaffected_skin,0.7556274869421082,keloid,0.7556274869421082,0.4979889121578559,keloid
HTS.A,keloid_vs_unaffected_skin,0.7212630207463534,keloid,0.7212630207463534,0.4979889121578559,keloid
HTS.B,keloid_vs_unaffected_skin,0.7575153973846471,keloid,0.7575153973846471,0.4979889121578559,keloid
Kld.A,keloid_vs_unaffected_skin,0.7927014504010048,keloid,0.7927014504010048,0.4979889121578559,keloid
Kld.B,keloid_vs_unaffected_skin,0.8124691830789693,keloid,0.8124691830789693,0.4979889121578559,keloid
NS.A,keloid_vs_unaffected_skin,0.35430413916321335,non_keloid,0.6456958608367867,0.4979889121578559,non_keloid
NS.B,keloid_vs_unaffected_skin,0.28519257916277174,non_keloid,0.7148074208372283,0.4979889121578559,non_keloid
Scr.A,keloid_vs_unaffected_skin,0.2168335911890441,non_keloid,0.7831664088109559,0.4979889121578559,non_keloid
Scr.B,keloid_vs_unaffected_skin,0.11854287146074094,non_keloid,0.8814571285392591,0.4979889121578559,non_keloid
