task,split_name,feature_set,normalization_mode,model,n_train,n_test,train_label_counts,test_label_counts,accuracy,weighted_f1,balanced_accuracy,macro_f1,auroc,confusion_matrix,labels
keloid_binary,leave_accession_out_E-MTAB-2509,modules_rank_plus_expanded,accession_zscore,majority,231,27,"{'non_keloid': 140, 'keloid': 91}","{'non_keloid': 18, 'keloid': 9}",0.6666666666666666,0.5333333333333333,0.5,0.4,0.5,"[[0, 9], [0, 18]]","['keloid', 'non_keloid']"
keloid_binary,leave_accession_out_E-MTAB-2509,modules_rank_plus_expanded,accession_zscore,stratified_random,231,27,"{'non_keloid': 140, 'keloid': 91}","{'non_keloid': 18, 'keloid': 9}",0.4074074074074074,0.4242424242424242,0.38888888888888884,0.38636363636363635,0.3888888888888889,"[[3, 6], [10, 8]]","['keloid', 'non_keloid']"
keloid_binary,leave_accession_out_E-MTAB-2509,modules_rank_plus_expanded,accession_zscore,elastic_net_logreg,231,27,"{'non_keloid': 140, 'keloid': 91}","{'non_keloid': 18, 'keloid': 9}",0.7407407407407407,0.7474747474747474,0.75,0.7272727272727273,0.7962962962962963,"[[7, 2], [5, 13]]","['keloid', 'non_keloid']"
keloid_binary,leave_accession_out_E-MTAB-2509,modules_rank_plus_expanded,accession_zscore,linear_svm,231,27,"{'non_keloid': 140, 'keloid': 91}","{'non_keloid': 18, 'keloid': 9}",0.7777777777777778,0.7840909090909092,0.8055555555555556,0.7698863636363636,0.8024691358024691,"[[8, 1], [5, 13]]","['keloid', 'non_keloid']"
keloid_binary,leave_accession_out_E-MTAB-2509,modules_rank_plus_expanded,accession_zscore,random_forest,231,27,"{'non_keloid': 140, 'keloid': 91}","{'non_keloid': 18, 'keloid': 9}",0.7037037037037037,0.7037037037037037,0.6666666666666667,0.6666666666666667,0.7469135802469136,"[[5, 4], [4, 14]]","['keloid', 'non_keloid']"
keloid_binary,leave_accession_out_E-MTAB-2509,modules_rank_plus_expanded,accession_zscore,hist_gradient_boosting,231,27,"{'non_keloid': 140, 'keloid': 91}","{'non_keloid': 18, 'keloid': 9}",0.5925925925925926,0.5861155272919979,0.5277777777777778,0.5278219395866455,0.6234567901234568,"[[3, 6], [5, 13]]","['keloid', 'non_keloid']"
keloid_binary,leave_accession_out_E-MTAB-2509,modules_rank_plus_expanded,accession_zscore,knn,231,27,"{'non_keloid': 140, 'keloid': 91}","{'non_keloid': 18, 'keloid': 9}",0.6666666666666666,0.6461538461538462,0.5833333333333334,0.5846153846153846,0.6111111111111112,"[[3, 6], [3, 15]]","['keloid', 'non_keloid']"
keloid_binary,leave_accession_out_E-MTAB-2509,modules_rank_plus_expanded,accession_zscore,small_mlp,231,27,"{'non_keloid': 140, 'keloid': 91}","{'non_keloid': 18, 'keloid': 9}",0.7777777777777778,0.7840909090909092,0.8055555555555556,0.7698863636363636,0.7962962962962963,"[[8, 1], [5, 13]]","['keloid', 'non_keloid']"
keloid_binary,leave_accession_out_E-MTAB-2509,modules_rank_only,accession_zscore,majority,231,27,"{'non_keloid': 140, 'keloid': 91}","{'non_keloid': 18, 'keloid': 9}",0.6666666666666666,0.5333333333333333,0.5,0.4,0.5,"[[0, 9], [0, 18]]","['keloid', 'non_keloid']"
keloid_binary,leave_accession_out_E-MTAB-2509,modules_rank_only,accession_zscore,stratified_random,231,27,"{'non_keloid': 140, 'keloid': 91}","{'non_keloid': 18, 'keloid': 9}",0.4074074074074074,0.4242424242424242,0.38888888888888884,0.38636363636363635,0.3888888888888889,"[[3, 6], [10, 8]]","['keloid', 'non_keloid']"
keloid_binary,leave_accession_out_E-MTAB-2509,modules_rank_only,accession_zscore,elastic_net_logreg,231,27,"{'non_keloid': 140, 'keloid': 91}","{'non_keloid': 18, 'keloid': 9}",0.7407407407407407,0.7474747474747474,0.75,0.7272727272727273,0.7962962962962963,"[[7, 2], [5, 13]]","['keloid', 'non_keloid']"
keloid_binary,leave_accession_out_E-MTAB-2509,modules_rank_only,accession_zscore,linear_svm,231,27,"{'non_keloid': 140, 'keloid': 91}","{'non_keloid': 18, 'keloid': 9}",0.7777777777777778,0.7840909090909092,0.8055555555555556,0.7698863636363636,0.7962962962962963,"[[8, 1], [5, 13]]","['keloid', 'non_keloid']"
keloid_binary,leave_accession_out_E-MTAB-2509,modules_rank_only,accession_zscore,random_forest,231,27,"{'non_keloid': 140, 'keloid': 91}","{'non_keloid': 18, 'keloid': 9}",0.6296296296296297,0.6296296296296297,0.5833333333333333,0.5833333333333333,0.7345679012345679,"[[4, 5], [5, 13]]","['keloid', 'non_keloid']"
keloid_binary,leave_accession_out_E-MTAB-2509,modules_rank_only,accession_zscore,hist_gradient_boosting,231,27,"{'non_keloid': 140, 'keloid': 91}","{'non_keloid': 18, 'keloid': 9}",0.5555555555555556,0.5394736842105263,0.4722222222222222,0.46710526315789475,0.6296296296296295,"[[2, 7], [5, 13]]","['keloid', 'non_keloid']"
keloid_binary,leave_accession_out_E-MTAB-2509,modules_rank_only,accession_zscore,knn,231,27,"{'non_keloid': 140, 'keloid': 91}","{'non_keloid': 18, 'keloid': 9}",0.7037037037037037,0.6929824561403508,0.6388888888888888,0.6447368421052632,0.6419753086419753,"[[4, 5], [3, 15]]","['keloid', 'non_keloid']"
keloid_binary,leave_accession_out_E-MTAB-2509,modules_rank_only,accession_zscore,small_mlp,231,27,"{'non_keloid': 140, 'keloid': 91}","{'non_keloid': 18, 'keloid': 9}",0.7037037037037037,0.7098039215686275,0.6944444444444444,0.6823529411764706,0.7407407407407408,"[[6, 3], [5, 13]]","['keloid', 'non_keloid']"
keloid_binary,leave_accession_out_E-MTAB-2509,published_markers_only,accession_zscore,majority,231,27,"{'non_keloid': 140, 'keloid': 91}","{'non_keloid': 18, 'keloid': 9}",0.6666666666666666,0.5333333333333333,0.5,0.4,0.5,"[[0, 9], [0, 18]]","['keloid', 'non_keloid']"
keloid_binary,leave_accession_out_E-MTAB-2509,published_markers_only,accession_zscore,stratified_random,231,27,"{'non_keloid': 140, 'keloid': 91}","{'non_keloid': 18, 'keloid': 9}",0.4074074074074074,0.4242424242424242,0.38888888888888884,0.38636363636363635,0.3888888888888889,"[[3, 6], [10, 8]]","['keloid', 'non_keloid']"
keloid_binary,leave_accession_out_E-MTAB-2509,published_markers_only,accession_zscore,elastic_net_logreg,231,27,"{'non_keloid': 140, 'keloid': 91}","{'non_keloid': 18, 'keloid': 9}",0.5925925925925926,0.6031746031746031,0.5833333333333334,0.5714285714285714,0.5,"[[5, 4], [7, 11]]","['keloid', 'non_keloid']"
keloid_binary,leave_accession_out_E-MTAB-2509,published_markers_only,accession_zscore,linear_svm,231,27,"{'non_keloid': 140, 'keloid': 91}","{'non_keloid': 18, 'keloid': 9}",0.5555555555555556,0.5681818181818181,0.5555555555555556,0.5397727272727273,0.5246913580246914,"[[5, 4], [8, 10]]","['keloid', 'non_keloid']"
keloid_binary,leave_accession_out_E-MTAB-2509,published_markers_only,accession_zscore,random_forest,231,27,"{'non_keloid': 140, 'keloid': 91}","{'non_keloid': 18, 'keloid': 9}",0.6296296296296297,0.6296296296296297,0.5833333333333333,0.5833333333333333,0.691358024691358,"[[4, 5], [5, 13]]","['keloid', 'non_keloid']"
keloid_binary,leave_accession_out_E-MTAB-2509,published_markers_only,accession_zscore,hist_gradient_boosting,231,27,"{'non_keloid': 140, 'keloid': 91}","{'non_keloid': 18, 'keloid': 9}",0.5185185185185185,0.5243107769423558,0.4722222222222222,0.47218045112781953,0.6604938271604939,"[[3, 6], [7, 11]]","['keloid', 'non_keloid']"
keloid_binary,leave_accession_out_E-MTAB-2509,published_markers_only,accession_zscore,knn,231,27,"{'non_keloid': 140, 'keloid': 91}","{'non_keloid': 18, 'keloid': 9}",0.48148148148148145,0.492156862745098,0.4444444444444444,0.4441176470588235,0.404320987654321,"[[3, 6], [8, 10]]","['keloid', 'non_keloid']"
keloid_binary,leave_accession_out_E-MTAB-2509,published_markers_only,accession_zscore,small_mlp,231,27,"{'non_keloid': 140, 'keloid': 91}","{'non_keloid': 18, 'keloid': 9}",0.5925925925925926,0.5675213675213675,0.5,0.49230769230769234,0.4938271604938272,"[[2, 7], [4, 14]]","['keloid', 'non_keloid']"
keloid_binary,leave_accession_out_E-MTAB-2509,expanded_profibrotic_only,accession_zscore,majority,231,27,"{'non_keloid': 140, 'keloid': 91}","{'non_keloid': 18, 'keloid': 9}",0.6666666666666666,0.5333333333333333,0.5,0.4,0.5,"[[0, 9], [0, 18]]","['keloid', 'non_keloid']"
keloid_binary,leave_accession_out_E-MTAB-2509,expanded_profibrotic_only,accession_zscore,stratified_random,231,27,"{'non_keloid': 140, 'keloid': 91}","{'non_keloid': 18, 'keloid': 9}",0.4074074074074074,0.4242424242424242,0.38888888888888884,0.38636363636363635,0.3888888888888889,"[[3, 6], [10, 8]]","['keloid', 'non_keloid']"
keloid_binary,leave_accession_out_E-MTAB-2509,expanded_profibrotic_only,accession_zscore,elastic_net_logreg,231,27,"{'non_keloid': 140, 'keloid': 91}","{'non_keloid': 18, 'keloid': 9}",0.6296296296296297,0.6388888888888888,0.6666666666666667,0.625,0.6728395061728395,"[[7, 2], [8, 10]]","['keloid', 'non_keloid']"
keloid_binary,leave_accession_out_E-MTAB-2509,expanded_profibrotic_only,accession_zscore,linear_svm,231,27,"{'non_keloid': 140, 'keloid': 91}","{'non_keloid': 18, 'keloid': 9}",0.6296296296296297,0.6388888888888888,0.6666666666666667,0.625,0.6728395061728395,"[[7, 2], [8, 10]]","['keloid', 'non_keloid']"
keloid_binary,leave_accession_out_E-MTAB-2509,expanded_profibrotic_only,accession_zscore,random_forest,231,27,"{'non_keloid': 140, 'keloid': 91}","{'non_keloid': 18, 'keloid': 9}",0.6296296296296297,0.5952380952380951,0.5277777777777778,0.5178571428571428,0.7592592592592593,"[[2, 7], [3, 15]]","['keloid', 'non_keloid']"
keloid_binary,leave_accession_out_E-MTAB-2509,expanded_profibrotic_only,accession_zscore,hist_gradient_boosting,231,27,"{'non_keloid': 140, 'keloid': 91}","{'non_keloid': 18, 'keloid': 9}",0.5555555555555556,0.4761904761904762,0.4166666666666667,0.35714285714285715,0.7253086419753085,"[[0, 9], [3, 15]]","['keloid', 'non_keloid']"
keloid_binary,leave_accession_out_E-MTAB-2509,expanded_profibrotic_only,accession_zscore,knn,231,27,"{'non_keloid': 140, 'keloid': 91}","{'non_keloid': 18, 'keloid': 9}",0.5925925925925926,0.5861155272919979,0.5277777777777778,0.5278219395866455,0.654320987654321,"[[3, 6], [5, 13]]","['keloid', 'non_keloid']"
keloid_binary,leave_accession_out_E-MTAB-2509,expanded_profibrotic_only,accession_zscore,small_mlp,231,27,"{'non_keloid': 140, 'keloid': 91}","{'non_keloid': 18, 'keloid': 9}",0.6666666666666666,0.6731034482758621,0.7222222222222222,0.6648275862068966,0.6759259259259259,"[[8, 1], [8, 10]]","['keloid', 'non_keloid']"
keloid_binary,leave_accession_out_E-MTAB-2509,shared_genes,accession_zscore,majority,231,27,"{'non_keloid': 140, 'keloid': 91}","{'non_keloid': 18, 'keloid': 9}",0.6666666666666666,0.5333333333333333,0.5,0.4,0.5,"[[0, 9], [0, 18]]","['keloid', 'non_keloid']"
keloid_binary,leave_accession_out_E-MTAB-2509,shared_genes,accession_zscore,stratified_random,231,27,"{'non_keloid': 140, 'keloid': 91}","{'non_keloid': 18, 'keloid': 9}",0.4074074074074074,0.4242424242424242,0.38888888888888884,0.38636363636363635,0.3888888888888889,"[[3, 6], [10, 8]]","['keloid', 'non_keloid']"
keloid_binary,leave_accession_out_E-MTAB-2509,shared_genes,accession_zscore,elastic_net_logreg,231,27,"{'non_keloid': 140, 'keloid': 91}","{'non_keloid': 18, 'keloid': 9}",0.6666666666666666,0.6461538461538462,0.5833333333333334,0.5846153846153846,0.6790123456790124,"[[3, 6], [3, 15]]","['keloid', 'non_keloid']"
keloid_binary,leave_accession_out_E-MTAB-2509,shared_genes,accession_zscore,linear_svm,231,27,"{'non_keloid': 140, 'keloid': 91}","{'non_keloid': 18, 'keloid': 9}",0.5185185185185185,0.5320243104254325,0.5277777777777778,0.5077138849929874,0.5,"[[5, 4], [9, 9]]","['keloid', 'non_keloid']"
keloid_binary,leave_accession_out_E-MTAB-2509,shared_genes,accession_zscore,random_forest,231,27,"{'non_keloid': 140, 'keloid': 91}","{'non_keloid': 18, 'keloid': 9}",0.6666666666666666,0.5333333333333333,0.5,0.4,0.7716049382716049,"[[0, 9], [0, 18]]","['keloid', 'non_keloid']"
keloid_binary,leave_accession_out_E-MTAB-2509,shared_genes,accession_zscore,hist_gradient_boosting,231,27,"{'non_keloid': 140, 'keloid': 91}","{'non_keloid': 18, 'keloid': 9}",0.7037037037037037,0.6761904761904761,0.611111111111111,0.6142857142857143,0.7654320987654322,"[[3, 6], [2, 16]]","['keloid', 'non_keloid']"
keloid_binary,leave_accession_out_E-MTAB-2509,shared_genes,accession_zscore,knn,231,27,"{'non_keloid': 140, 'keloid': 91}","{'non_keloid': 18, 'keloid': 9}",0.3333333333333333,0.16666666666666666,0.5,0.25,0.5277777777777778,"[[9, 0], [18, 0]]","['keloid', 'non_keloid']"
keloid_binary,leave_accession_out_E-MTAB-4945,modules_rank_plus_expanded,accession_zscore,majority,315,40,"{'keloid': 176, 'non_keloid': 139}","{'keloid': 27, 'non_keloid': 13}",0.675,0.5440298507462686,0.5,0.40298507462686567,0.5,"[[27, 0], [13, 0]]","['keloid', 'non_keloid']"
keloid_binary,leave_accession_out_E-MTAB-4945,modules_rank_plus_expanded,accession_zscore,stratified_random,315,40,"{'keloid': 176, 'non_keloid': 139}","{'keloid': 27, 'non_keloid': 13}",0.65,0.6609375,0.6609686609686609,0.6354166666666667,0.6609686609686609,"[[17, 10], [4, 9]]","['keloid', 'non_keloid']"
keloid_binary,leave_accession_out_E-MTAB-4945,modules_rank_plus_expanded,accession_zscore,elastic_net_logreg,315,40,"{'keloid': 176, 'non_keloid': 139}","{'keloid': 27, 'non_keloid': 13}",0.65,0.6607416879795396,0.6809116809116809,0.6419437340153453,0.7521367521367521,"[[16, 11], [3, 10]]","['keloid', 'non_keloid']"
keloid_binary,leave_accession_out_E-MTAB-4945,modules_rank_plus_expanded,accession_zscore,linear_svm,315,40,"{'keloid': 176, 'non_keloid': 139}","{'keloid': 27, 'non_keloid': 13}",0.65,0.6607416879795396,0.6809116809116809,0.6419437340153453,0.7663817663817665,"[[16, 11], [3, 10]]","['keloid', 'non_keloid']"
keloid_binary,leave_accession_out_E-MTAB-4945,modules_rank_plus_expanded,accession_zscore,random_forest,315,40,"{'keloid': 176, 'non_keloid': 139}","{'keloid': 27, 'non_keloid': 13}",0.6,0.61010101010101,0.6438746438746439,0.595959595959596,0.7122507122507122,"[[14, 13], [3, 10]]","['keloid', 'non_keloid']"
keloid_binary,leave_accession_out_E-MTAB-4945,modules_rank_plus_expanded,accession_zscore,hist_gradient_boosting,315,40,"{'keloid': 176, 'non_keloid': 139}","{'keloid': 27, 'non_keloid': 13}",0.7,0.709375,0.717948717948718,0.6875,0.7264957264957266,"[[18, 9], [3, 10]]","['keloid', 'non_keloid']"
keloid_binary,leave_accession_out_E-MTAB-4945,modules_rank_plus_expanded,accession_zscore,knn,315,40,"{'keloid': 176, 'non_keloid': 139}","{'keloid': 27, 'non_keloid': 13}",0.625,0.6361092824226464,0.6225071225071226,0.6050032916392363,0.688034188034188,"[[17, 10], [5, 8]]","['keloid', 'non_keloid']"
keloid_binary,leave_accession_out_E-MTAB-4945,modules_rank_plus_expanded,accession_zscore,small_mlp,315,40,"{'keloid': 176, 'non_keloid': 139}","{'keloid': 27, 'non_keloid': 13}",0.6,0.6,0.5441595441595442,0.5441595441595442,0.6609686609686609,"[[19, 8], [8, 5]]","['keloid', 'non_keloid']"
keloid_binary,leave_accession_out_E-MTAB-4945,modules_rank_only,accession_zscore,majority,315,40,"{'keloid': 176, 'non_keloid': 139}","{'keloid': 27, 'non_keloid': 13}",0.675,0.5440298507462686,0.5,0.40298507462686567,0.5,"[[27, 0], [13, 0]]","['keloid', 'non_keloid']"
keloid_binary,leave_accession_out_E-MTAB-4945,modules_rank_only,accession_zscore,stratified_random,315,40,"{'keloid': 176, 'non_keloid': 139}","{'keloid': 27, 'non_keloid': 13}",0.65,0.6609375,0.6609686609686609,0.6354166666666667,0.6609686609686609,"[[17, 10], [4, 9]]","['keloid', 'non_keloid']"
keloid_binary,leave_accession_out_E-MTAB-4945,modules_rank_only,accession_zscore,elastic_net_logreg,315,40,"{'keloid': 176, 'non_keloid': 139}","{'keloid': 27, 'non_keloid': 13}",0.575,0.5871428571428572,0.6054131054131053,0.5682539682539682,0.6723646723646723,"[[14, 13], [4, 9]]","['keloid', 'non_keloid']"
keloid_binary,leave_accession_out_E-MTAB-4945,modules_rank_only,accession_zscore,linear_svm,315,40,"{'keloid': 176, 'non_keloid': 139}","{'keloid': 27, 'non_keloid': 13}",0.6,0.6122762148337596,0.6239316239316239,0.5907928388746804,0.6780626780626782,"[[15, 12], [4, 9]]","['keloid', 'non_keloid']"
keloid_binary,leave_accession_out_E-MTAB-4945,modules_rank_only,accession_zscore,random_forest,315,40,"{'keloid': 176, 'non_keloid': 139}","{'keloid': 27, 'non_keloid': 13}",0.6,0.606015037593985,0.6638176638176638,0.5989974937343359,0.7122507122507122,"[[13, 14], [2, 11]]","['keloid', 'non_keloid']"
keloid_binary,leave_accession_out_E-MTAB-4945,modules_rank_only,accession_zscore,hist_gradient_boosting,315,40,"{'keloid': 176, 'non_keloid': 139}","{'keloid': 27, 'non_keloid': 13}",0.65,0.6607416879795396,0.6809116809116809,0.6419437340153453,0.7008547008547008,"[[16, 11], [3, 10]]","['keloid', 'non_keloid']"
keloid_binary,leave_accession_out_E-MTAB-4945,modules_rank_only,accession_zscore,knn,315,40,"{'keloid': 176, 'non_keloid': 139}","{'keloid': 27, 'non_keloid': 13}",0.6,0.6106666666666667,0.584045584045584,0.5733333333333334,0.6552706552706553,"[[17, 10], [6, 7]]","['keloid', 'non_keloid']"
keloid_binary,leave_accession_out_E-MTAB-4945,modules_rank_only,accession_zscore,small_mlp,315,40,"{'keloid': 176, 'non_keloid': 139}","{'keloid': 27, 'non_keloid': 13}",0.625,0.6368471953578336,0.6424501424501424,0.6131528046421664,0.6752136752136753,"[[16, 11], [4, 9]]","['keloid', 'non_keloid']"
keloid_binary,leave_accession_out_E-MTAB-4945,published_markers_only,accession_zscore,majority,315,40,"{'keloid': 176, 'non_keloid': 139}","{'keloid': 27, 'non_keloid': 13}",0.675,0.5440298507462686,0.5,0.40298507462686567,0.5,"[[27, 0], [13, 0]]","['keloid', 'non_keloid']"
keloid_binary,leave_accession_out_E-MTAB-4945,published_markers_only,accession_zscore,stratified_random,315,40,"{'keloid': 176, 'non_keloid': 139}","{'keloid': 27, 'non_keloid': 13}",0.65,0.6609375,0.6609686609686609,0.6354166666666667,0.6609686609686609,"[[17, 10], [4, 9]]","['keloid', 'non_keloid']"
keloid_binary,leave_accession_out_E-MTAB-4945,published_markers_only,accession_zscore,elastic_net_logreg,315,40,"{'keloid': 176, 'non_keloid': 139}","{'keloid': 27, 'non_keloid': 13}",0.375,0.3947453255963894,0.3575498575498576,0.3552546744036106,0.3903133903133904,"[[11, 16], [9, 4]]","['keloid', 'non_keloid']"
keloid_binary,leave_accession_out_E-MTAB-4945,published_markers_only,accession_zscore,linear_svm,315,40,"{'keloid': 176, 'non_keloid': 139}","{'keloid': 27, 'non_keloid': 13}",0.375,0.3947453255963894,0.3575498575498576,0.3552546744036106,0.378917378917379,"[[11, 16], [9, 4]]","['keloid', 'non_keloid']"
keloid_binary,leave_accession_out_E-MTAB-4945,published_markers_only,accession_zscore,random_forest,315,40,"{'keloid': 176, 'non_keloid': 139}","{'keloid': 27, 'non_keloid': 13}",0.475,0.48588937774984287,0.5113960113960114,0.47203016970458833,0.5441595441595442,"[[11, 16], [5, 8]]","['keloid', 'non_keloid']"
keloid_binary,leave_accession_out_E-MTAB-4945,published_markers_only,accession_zscore,hist_gradient_boosting,315,40,"{'keloid': 176, 'non_keloid': 139}","{'keloid': 27, 'non_keloid': 13}",0.5,0.5075187969924813,0.5498575498575499,0.4987468671679198,0.5982905982905984,"[[11, 16], [4, 9]]","['keloid', 'non_keloid']"
keloid_binary,leave_accession_out_E-MTAB-4945,published_markers_only,accession_zscore,knn,315,40,"{'keloid': 176, 'non_keloid': 139}","{'keloid': 27, 'non_keloid': 13}",0.55,0.5640625,0.5470085470085471,0.53125,0.5470085470085471,"[[15, 12], [6, 7]]","['keloid', 'non_keloid']"
keloid_binary,leave_accession_out_E-MTAB-4945,published_markers_only,accession_zscore,small_mlp,315,40,"{'keloid': 176, 'non_keloid': 139}","{'keloid': 27, 'non_keloid': 13}",0.6,0.6125,0.603988603988604,0.5833333333333333,0.5897435897435898,"[[16, 11], [5, 8]]","['keloid', 'non_keloid']"
keloid_binary,leave_accession_out_E-MTAB-4945,expanded_profibrotic_only,accession_zscore,majority,315,40,"{'keloid': 176, 'non_keloid': 139}","{'keloid': 27, 'non_keloid': 13}",0.675,0.5440298507462686,0.5,0.40298507462686567,0.5,"[[27, 0], [13, 0]]","['keloid', 'non_keloid']"
keloid_binary,leave_accession_out_E-MTAB-4945,expanded_profibrotic_only,accession_zscore,stratified_random,315,40,"{'keloid': 176, 'non_keloid': 139}","{'keloid': 27, 'non_keloid': 13}",0.65,0.6609375,0.6609686609686609,0.6354166666666667,0.6609686609686609,"[[17, 10], [4, 9]]","['keloid', 'non_keloid']"
keloid_binary,leave_accession_out_E-MTAB-4945,expanded_profibrotic_only,accession_zscore,elastic_net_logreg,315,40,"{'keloid': 176, 'non_keloid': 139}","{'keloid': 27, 'non_keloid': 13}",0.675,0.6842857142857143,0.7193732193732194,0.6698412698412699,0.7165242165242166,"[[16, 11], [2, 11]]","['keloid', 'non_keloid']"
keloid_binary,leave_accession_out_E-MTAB-4945,expanded_profibrotic_only,accession_zscore,linear_svm,315,40,"{'keloid': 176, 'non_keloid': 139}","{'keloid': 27, 'non_keloid': 13}",0.675,0.6842857142857143,0.7193732193732194,0.6698412698412699,0.7165242165242166,"[[16, 11], [2, 11]]","['keloid', 'non_keloid']"
keloid_binary,leave_accession_out_E-MTAB-4945,expanded_profibrotic_only,accession_zscore,random_forest,315,40,"{'keloid': 176, 'non_keloid': 139}","{'keloid': 27, 'non_keloid': 13}",0.5,0.5153452685421994,0.50997150997151,0.48849104859335035,0.5811965811965812,"[[13, 14], [6, 7]]","['keloid', 'non_keloid']"
keloid_binary,leave_accession_out_E-MTAB-4945,expanded_profibrotic_only,accession_zscore,hist_gradient_boosting,315,40,"{'keloid': 176, 'non_keloid': 139}","{'keloid': 27, 'non_keloid': 13}",0.525,0.540006447453256,0.5284900284900285,0.5099935525467441,0.5484330484330484,"[[14, 13], [6, 7]]","['keloid', 'non_keloid']"
keloid_binary,leave_accession_out_E-MTAB-4945,expanded_profibrotic_only,accession_zscore,knn,315,40,"{'keloid': 176, 'non_keloid': 139}","{'keloid': 27, 'non_keloid': 13}",0.625,0.6361092824226464,0.6225071225071226,0.6050032916392363,0.6153846153846154,"[[17, 10], [5, 8]]","['keloid', 'non_keloid']"
keloid_binary,leave_accession_out_E-MTAB-4945,expanded_profibrotic_only,accession_zscore,small_mlp,315,40,"{'keloid': 176, 'non_keloid': 139}","{'keloid': 27, 'non_keloid': 13}",0.725,0.7331468071099407,0.7364672364672364,0.7103357472021066,0.745014245014245,"[[19, 8], [3, 10]]","['keloid', 'non_keloid']"
keloid_binary,leave_accession_out_E-MTAB-4945,shared_genes,accession_zscore,majority,315,40,"{'keloid': 176, 'non_keloid': 139}","{'keloid': 27, 'non_keloid': 13}",0.675,0.5440298507462686,0.5,0.40298507462686567,0.5,"[[27, 0], [13, 0]]","['keloid', 'non_keloid']"
keloid_binary,leave_accession_out_E-MTAB-4945,shared_genes,accession_zscore,stratified_random,315,40,"{'keloid': 176, 'non_keloid': 139}","{'keloid': 27, 'non_keloid': 13}",0.65,0.6609375,0.6609686609686609,0.6354166666666667,0.6609686609686609,"[[17, 10], [4, 9]]","['keloid', 'non_keloid']"
keloid_binary,leave_accession_out_E-MTAB-4945,shared_genes,accession_zscore,elastic_net_logreg,315,40,"{'keloid': 176, 'non_keloid': 139}","{'keloid': 27, 'non_keloid': 13}",0.525,0.5390717577353522,0.5085470085470085,0.49967083607636603,0.566951566951567,"[[15, 12], [7, 6]]","['keloid', 'non_keloid']"
keloid_binary,leave_accession_out_E-MTAB-4945,shared_genes,accession_zscore,linear_svm,315,40,"{'keloid': 176, 'non_keloid': 139}","{'keloid': 27, 'non_keloid': 13}",0.575,0.5875905200789993,0.5655270655270654,0.5523370638578011,0.5811965811965812,"[[16, 11], [6, 7]]","['keloid', 'non_keloid']"
keloid_binary,leave_accession_out_E-MTAB-4945,shared_genes,accession_zscore,random_forest,315,40,"{'keloid': 176, 'non_keloid': 139}","{'keloid': 27, 'non_keloid': 13}",0.45,0.45,0.5128205128205128,0.45,0.4757834757834758,"[[9, 18], [4, 9]]","['keloid', 'non_keloid']"
keloid_binary,leave_accession_out_E-MTAB-4945,shared_genes,accession_zscore,hist_gradient_boosting,315,40,"{'keloid': 176, 'non_keloid': 139}","{'keloid': 27, 'non_keloid': 13}",0.55,0.5574175824175824,0.5071225071225072,0.5054945054945055,0.584045584045584,"[[17, 10], [8, 5]]","['keloid', 'non_keloid']"
keloid_binary,leave_accession_out_E-MTAB-4945,shared_genes,accession_zscore,knn,315,40,"{'keloid': 176, 'non_keloid': 139}","{'keloid': 27, 'non_keloid': 13}",0.65,0.6416666666666667,0.5811965811965812,0.5833333333333334,0.6196581196581197,"[[21, 6], [8, 5]]","['keloid', 'non_keloid']"
keloid_binary,leave_accession_out_GSE145725,modules_rank_plus_expanded,accession_zscore,majority,340,19,"{'non_keloid': 211, 'keloid': 129}","{'non_keloid': 10, 'keloid': 9}",0.5263157894736842,0.3629764065335753,0.5,0.3448275862068966,0.5,"[[0, 9], [0, 10]]","['keloid', 'non_keloid']"
keloid_binary,leave_accession_out_GSE145725,modules_rank_plus_expanded,accession_zscore,stratified_random,340,19,"{'non_keloid': 211, 'keloid': 129}","{'non_keloid': 10, 'keloid': 9}",0.6842105263157895,0.6842105263157895,0.6833333333333333,0.6833333333333333,0.6833333333333335,"[[6, 3], [3, 7]]","['keloid', 'non_keloid']"
keloid_binary,leave_accession_out_GSE145725,modules_rank_plus_expanded,accession_zscore,elastic_net_logreg,340,19,"{'non_keloid': 211, 'keloid': 129}","{'non_keloid': 10, 'keloid': 9}",0.5789473684210527,0.5789473684210527,0.5777777777777777,0.5777777777777777,0.6888888888888889,"[[5, 4], [4, 6]]","['keloid', 'non_keloid']"
keloid_binary,leave_accession_out_GSE145725,modules_rank_plus_expanded,accession_zscore,linear_svm,340,19,"{'non_keloid': 211, 'keloid': 129}","{'non_keloid': 10, 'keloid': 9}",0.631578947368421,0.631578947368421,0.6333333333333333,0.631578947368421,0.7,"[[6, 3], [4, 6]]","['keloid', 'non_keloid']"
keloid_binary,leave_accession_out_GSE145725,modules_rank_plus_expanded,accession_zscore,random_forest,340,19,"{'non_keloid': 211, 'keloid': 129}","{'non_keloid': 10, 'keloid': 9}",0.631578947368421,0.6187643020594965,0.6222222222222222,0.6144927536231883,0.7444444444444445,"[[4, 5], [2, 8]]","['keloid', 'non_keloid']"
keloid_binary,leave_accession_out_GSE145725,modules_rank_plus_expanded,accession_zscore,hist_gradient_boosting,340,19,"{'non_keloid': 211, 'keloid': 129}","{'non_keloid': 10, 'keloid': 9}",0.631578947368421,0.6187643020594965,0.6222222222222222,0.6144927536231883,0.6111111111111112,"[[4, 5], [2, 8]]","['keloid', 'non_keloid']"
keloid_binary,leave_accession_out_GSE145725,modules_rank_plus_expanded,accession_zscore,knn,340,19,"{'non_keloid': 211, 'keloid': 129}","{'non_keloid': 10, 'keloid': 9}",0.47368421052631576,0.4423558897243108,0.4611111111111111,0.43452380952380953,0.5388888888888889,"[[2, 7], [3, 7]]","['keloid', 'non_keloid']"
keloid_binary,leave_accession_out_GSE145725,modules_rank_plus_expanded,accession_zscore,small_mlp,340,19,"{'non_keloid': 211, 'keloid': 129}","{'non_keloid': 10, 'keloid': 9}",0.631578947368421,0.631578947368421,0.6333333333333333,0.631578947368421,0.7777777777777779,"[[6, 3], [4, 6]]","['keloid', 'non_keloid']"
keloid_binary,leave_accession_out_GSE145725,modules_rank_only,accession_zscore,majority,340,19,"{'non_keloid': 211, 'keloid': 129}","{'non_keloid': 10, 'keloid': 9}",0.5263157894736842,0.3629764065335753,0.5,0.3448275862068966,0.5,"[[0, 9], [0, 10]]","['keloid', 'non_keloid']"
keloid_binary,leave_accession_out_GSE145725,modules_rank_only,accession_zscore,stratified_random,340,19,"{'non_keloid': 211, 'keloid': 129}","{'non_keloid': 10, 'keloid': 9}",0.6842105263157895,0.6842105263157895,0.6833333333333333,0.6833333333333333,0.6833333333333335,"[[6, 3], [3, 7]]","['keloid', 'non_keloid']"
keloid_binary,leave_accession_out_GSE145725,modules_rank_only,accession_zscore,elastic_net_logreg,340,19,"{'non_keloid': 211, 'keloid': 129}","{'non_keloid': 10, 'keloid': 9}",0.6842105263157895,0.6842105263157895,0.6833333333333333,0.6833333333333333,0.8444444444444444,"[[6, 3], [3, 7]]","['keloid', 'non_keloid']"
keloid_binary,leave_accession_out_GSE145725,modules_rank_only,accession_zscore,linear_svm,340,19,"{'non_keloid': 211, 'keloid': 129}","{'non_keloid': 10, 'keloid': 9}",0.6842105263157895,0.6842105263157895,0.6833333333333333,0.6833333333333333,0.8444444444444444,"[[6, 3], [3, 7]]","['keloid', 'non_keloid']"
keloid_binary,leave_accession_out_GSE145725,modules_rank_only,accession_zscore,random_forest,340,19,"{'non_keloid': 211, 'keloid': 129}","{'non_keloid': 10, 'keloid': 9}",0.7368421052631579,0.7276887871853547,0.7277777777777779,0.7246376811594203,0.8,"[[5, 4], [1, 9]]","['keloid', 'non_keloid']"
keloid_binary,leave_accession_out_GSE145725,modules_rank_only,accession_zscore,hist_gradient_boosting,340,19,"{'non_keloid': 211, 'keloid': 129}","{'non_keloid': 10, 'keloid': 9}",0.6842105263157895,0.6788277511961723,0.6777777777777778,0.6761363636363636,0.6777777777777778,"[[5, 4], [2, 8]]","['keloid', 'non_keloid']"
keloid_binary,leave_accession_out_GSE145725,modules_rank_only,accession_zscore,knn,340,19,"{'non_keloid': 211, 'keloid': 129}","{'non_keloid': 10, 'keloid': 9}",0.6842105263157895,0.6842105263157895,0.6833333333333333,0.6833333333333333,0.65,"[[6, 3], [3, 7]]","['keloid', 'non_keloid']"
keloid_binary,leave_accession_out_GSE145725,modules_rank_only,accession_zscore,small_mlp,340,19,"{'non_keloid': 211, 'keloid': 129}","{'non_keloid': 10, 'keloid': 9}",0.7368421052631579,0.7276887871853547,0.7277777777777779,0.7246376811594203,0.8777777777777778,"[[5, 4], [1, 9]]","['keloid', 'non_keloid']"
keloid_binary,leave_accession_out_GSE145725,published_markers_only,accession_zscore,majority,340,19,"{'non_keloid': 211, 'keloid': 129}","{'non_keloid': 10, 'keloid': 9}",0.5263157894736842,0.3629764065335753,0.5,0.3448275862068966,0.5,"[[0, 9], [0, 10]]","['keloid', 'non_keloid']"
keloid_binary,leave_accession_out_GSE145725,published_markers_only,accession_zscore,stratified_random,340,19,"{'non_keloid': 211, 'keloid': 129}","{'non_keloid': 10, 'keloid': 9}",0.6842105263157895,0.6842105263157895,0.6833333333333333,0.6833333333333333,0.6833333333333335,"[[6, 3], [3, 7]]","['keloid', 'non_keloid']"
keloid_binary,leave_accession_out_GSE145725,published_markers_only,accession_zscore,elastic_net_logreg,340,19,"{'non_keloid': 211, 'keloid': 129}","{'non_keloid': 10, 'keloid': 9}",0.21052631578947367,0.21052631578947367,0.2111111111111111,0.21052631578947367,0.16666666666666669,"[[2, 7], [8, 2]]","['keloid', 'non_keloid']"
keloid_binary,leave_accession_out_GSE145725,published_markers_only,accession_zscore,linear_svm,340,19,"{'non_keloid': 211, 'keloid': 129}","{'non_keloid': 10, 'keloid': 9}",0.21052631578947367,0.21052631578947367,0.2111111111111111,0.21052631578947367,0.16666666666666669,"[[2, 7], [8, 2]]","['keloid', 'non_keloid']"
keloid_binary,leave_accession_out_GSE145725,published_markers_only,accession_zscore,random_forest,340,19,"{'non_keloid': 211, 'keloid': 129}","{'non_keloid': 10, 'keloid': 9}",0.5789473684210527,0.5222672064777328,0.5611111111111111,0.5128205128205128,0.7888888888888889,"[[2, 7], [1, 9]]","['keloid', 'non_keloid']"
keloid_binary,leave_accession_out_GSE145725,published_markers_only,accession_zscore,hist_gradient_boosting,340,19,"{'non_keloid': 211, 'keloid': 129}","{'non_keloid': 10, 'keloid': 9}",0.47368421052631576,0.402834008097166,0.4555555555555556,0.391025641025641,0.5666666666666667,"[[1, 8], [2, 8]]","['keloid', 'non_keloid']"
keloid_binary,leave_accession_out_GSE145725,published_markers_only,accession_zscore,knn,340,19,"{'non_keloid': 211, 'keloid': 129}","{'non_keloid': 10, 'keloid': 9}",0.5263157894736842,0.4825910931174089,0.5111111111111111,0.47384615384615386,0.55,"[[2, 7], [2, 8]]","['keloid', 'non_keloid']"
keloid_binary,leave_accession_out_GSE145725,published_markers_only,accession_zscore,small_mlp,340,19,"{'non_keloid': 211, 'keloid': 129}","{'non_keloid': 10, 'keloid': 9}",0.42105263157894735,0.36761133603238866,0.40555555555555556,0.35692307692307695,0.37777777777777777,"[[1, 8], [3, 7]]","['keloid', 'non_keloid']"
keloid_binary,leave_accession_out_GSE145725,expanded_profibrotic_only,accession_zscore,majority,340,19,"{'non_keloid': 211, 'keloid': 129}","{'non_keloid': 10, 'keloid': 9}",0.5263157894736842,0.3629764065335753,0.5,0.3448275862068966,0.5,"[[0, 9], [0, 10]]","['keloid', 'non_keloid']"
keloid_binary,leave_accession_out_GSE145725,expanded_profibrotic_only,accession_zscore,stratified_random,340,19,"{'non_keloid': 211, 'keloid': 129}","{'non_keloid': 10, 'keloid': 9}",0.6842105263157895,0.6842105263157895,0.6833333333333333,0.6833333333333333,0.6833333333333335,"[[6, 3], [3, 7]]","['keloid', 'non_keloid']"
keloid_binary,leave_accession_out_GSE145725,expanded_profibrotic_only,accession_zscore,elastic_net_logreg,340,19,"{'non_keloid': 211, 'keloid': 129}","{'non_keloid': 10, 'keloid': 9}",0.6842105263157895,0.6842105263157895,0.6833333333333333,0.6833333333333333,0.7111111111111111,"[[6, 3], [3, 7]]","['keloid', 'non_keloid']"
keloid_binary,leave_accession_out_GSE145725,expanded_profibrotic_only,accession_zscore,linear_svm,340,19,"{'non_keloid': 211, 'keloid': 129}","{'non_keloid': 10, 'keloid': 9}",0.6842105263157895,0.6842105263157895,0.6833333333333333,0.6833333333333333,0.7111111111111111,"[[6, 3], [3, 7]]","['keloid', 'non_keloid']"
keloid_binary,leave_accession_out_GSE145725,expanded_profibrotic_only,accession_zscore,random_forest,340,19,"{'non_keloid': 211, 'keloid': 129}","{'non_keloid': 10, 'keloid': 9}",0.42105263157894735,0.40091533180778033,0.4111111111111111,0.39420289855072466,0.6111111111111112,"[[2, 7], [4, 6]]","['keloid', 'non_keloid']"
keloid_binary,leave_accession_out_GSE145725,expanded_profibrotic_only,accession_zscore,hist_gradient_boosting,340,19,"{'non_keloid': 211, 'keloid': 129}","{'non_keloid': 10, 'keloid': 9}",0.631578947368421,0.5975708502024291,0.6166666666666667,0.5907692307692307,0.6444444444444445,"[[3, 6], [1, 9]]","['keloid', 'non_keloid']"
keloid_binary,leave_accession_out_GSE145725,expanded_profibrotic_only,accession_zscore,knn,340,19,"{'non_keloid': 211, 'keloid': 129}","{'non_keloid': 10, 'keloid': 9}",0.631578947368421,0.6187643020594965,0.6222222222222222,0.6144927536231883,0.6444444444444445,"[[4, 5], [2, 8]]","['keloid', 'non_keloid']"
keloid_binary,leave_accession_out_GSE145725,expanded_profibrotic_only,accession_zscore,small_mlp,340,19,"{'non_keloid': 211, 'keloid': 129}","{'non_keloid': 10, 'keloid': 9}",0.5789473684210527,0.5766081871345029,0.5833333333333333,0.5777777777777777,0.7666666666666666,"[[6, 3], [5, 5]]","['keloid', 'non_keloid']"
keloid_binary,leave_accession_out_GSE145725,shared_genes,accession_zscore,majority,340,19,"{'non_keloid': 211, 'keloid': 129}","{'non_keloid': 10, 'keloid': 9}",0.5263157894736842,0.3629764065335753,0.5,0.3448275862068966,0.5,"[[0, 9], [0, 10]]","['keloid', 'non_keloid']"
keloid_binary,leave_accession_out_GSE145725,shared_genes,accession_zscore,stratified_random,340,19,"{'non_keloid': 211, 'keloid': 129}","{'non_keloid': 10, 'keloid': 9}",0.6842105263157895,0.6842105263157895,0.6833333333333333,0.6833333333333333,0.6833333333333335,"[[6, 3], [3, 7]]","['keloid', 'non_keloid']"
keloid_binary,leave_accession_out_GSE145725,shared_genes,accession_zscore,elastic_net_logreg,340,19,"{'non_keloid': 211, 'keloid': 129}","{'non_keloid': 10, 'keloid': 9}",0.3157894736842105,0.3119563614919652,0.3111111111111111,0.3081232492997199,0.5333333333333333,"[[2, 7], [6, 4]]","['keloid', 'non_keloid']"
keloid_binary,leave_accession_out_GSE145725,shared_genes,accession_zscore,linear_svm,340,19,"{'non_keloid': 211, 'keloid': 129}","{'non_keloid': 10, 'keloid': 9}",0.42105263157894735,0.4178092289547398,0.41666666666666663,0.4145658263305322,0.45555555555555555,"[[3, 6], [5, 5]]","['keloid', 'non_keloid']"
keloid_binary,leave_accession_out_GSE145725,shared_genes,accession_zscore,random_forest,340,19,"{'non_keloid': 211, 'keloid': 129}","{'non_keloid': 10, 'keloid': 9}",0.5263157894736842,0.3629764065335753,0.5,0.3448275862068966,0.2777777777777778,"[[0, 9], [0, 10]]","['keloid', 'non_keloid']"
keloid_binary,leave_accession_out_GSE145725,shared_genes,accession_zscore,hist_gradient_boosting,340,19,"{'non_keloid': 211, 'keloid': 129}","{'non_keloid': 10, 'keloid': 9}",0.2631578947368421,0.2192982456140351,0.25,0.20833333333333334,0.2111111111111111,"[[0, 9], [5, 5]]","['keloid', 'non_keloid']"
keloid_binary,leave_accession_out_GSE145725,shared_genes,accession_zscore,knn,340,19,"{'non_keloid': 211, 'keloid': 129}","{'non_keloid': 10, 'keloid': 9}",0.5263157894736842,0.3629764065335753,0.5,0.3448275862068966,0.5555555555555556,"[[0, 9], [0, 10]]","['keloid', 'non_keloid']"
keloid_binary,leave_accession_out_GSE158395,modules_rank_plus_expanded,accession_zscore,majority,262,13,"{'non_keloid': 173, 'keloid': 89}","{'keloid': 7, 'non_keloid': 6}",0.46153846153846156,0.291497975708502,0.5,0.3157894736842105,0.5,"[[0, 7], [0, 6]]","['keloid', 'non_keloid']"
keloid_binary,leave_accession_out_GSE158395,modules_rank_plus_expanded,accession_zscore,stratified_random,262,13,"{'non_keloid': 173, 'keloid': 89}","{'keloid': 7, 'non_keloid': 6}",0.46153846153846156,0.46153846153846156,0.4642857142857143,0.46153846153846156,0.4642857142857143,"[[3, 4], [3, 3]]","['keloid', 'non_keloid']"
keloid_binary,leave_accession_out_GSE158395,modules_rank_plus_expanded,accession_zscore,elastic_net_logreg,262,13,"{'non_keloid': 173, 'keloid': 89}","{'keloid': 7, 'non_keloid': 6}",0.7692307692307693,0.7692307692307693,0.7738095238095238,0.7692307692307693,0.7857142857142857,"[[5, 2], [1, 5]]","['keloid', 'non_keloid']"
keloid_binary,leave_accession_out_GSE158395,modules_rank_plus_expanded,accession_zscore,linear_svm,262,13,"{'non_keloid': 173, 'keloid': 89}","{'keloid': 7, 'non_keloid': 6}",0.7692307692307693,0.7692307692307693,0.7738095238095238,0.7692307692307693,0.7857142857142857,"[[5, 2], [1, 5]]","['keloid', 'non_keloid']"
keloid_binary,leave_accession_out_GSE158395,modules_rank_plus_expanded,accession_zscore,random_forest,262,13,"{'non_keloid': 173, 'keloid': 89}","{'keloid': 7, 'non_keloid': 6}",0.6923076923076923,0.6692307692307692,0.7142857142857143,0.675,0.8333333333333334,"[[3, 4], [0, 6]]","['keloid', 'non_keloid']"
keloid_binary,leave_accession_out_GSE158395,modules_rank_plus_expanded,accession_zscore,hist_gradient_boosting,262,13,"{'non_keloid': 173, 'keloid': 89}","{'keloid': 7, 'non_keloid': 6}",0.6923076923076923,0.6886446886446886,0.7023809523809523,0.6904761904761905,0.738095238095238,"[[4, 3], [1, 5]]","['keloid', 'non_keloid']"
keloid_binary,leave_accession_out_GSE158395,modules_rank_plus_expanded,accession_zscore,knn,262,13,"{'non_keloid': 173, 'keloid': 89}","{'keloid': 7, 'non_keloid': 6}",0.6923076923076923,0.6923076923076923,0.6904761904761905,0.6904761904761905,0.75,"[[5, 2], [2, 4]]","['keloid', 'non_keloid']"
keloid_binary,leave_accession_out_GSE158395,modules_rank_plus_expanded,accession_zscore,small_mlp,262,13,"{'non_keloid': 173, 'keloid': 89}","{'keloid': 7, 'non_keloid': 6}",0.6153846153846154,0.5852187028657616,0.5952380952380952,0.5751633986928104,0.7142857142857142,"[[6, 1], [4, 2]]","['keloid', 'non_keloid']"
keloid_binary,leave_accession_out_GSE158395,modules_rank_only,accession_zscore,majority,262,13,"{'non_keloid': 173, 'keloid': 89}","{'keloid': 7, 'non_keloid': 6}",0.46153846153846156,0.291497975708502,0.5,0.3157894736842105,0.5,"[[0, 7], [0, 6]]","['keloid', 'non_keloid']"
keloid_binary,leave_accession_out_GSE158395,modules_rank_only,accession_zscore,stratified_random,262,13,"{'non_keloid': 173, 'keloid': 89}","{'keloid': 7, 'non_keloid': 6}",0.46153846153846156,0.46153846153846156,0.4642857142857143,0.46153846153846156,0.4642857142857143,"[[3, 4], [3, 3]]","['keloid', 'non_keloid']"
keloid_binary,leave_accession_out_GSE158395,modules_rank_only,accession_zscore,elastic_net_logreg,262,13,"{'non_keloid': 173, 'keloid': 89}","{'keloid': 7, 'non_keloid': 6}",0.7692307692307693,0.7692307692307693,0.7738095238095238,0.7692307692307693,0.7857142857142857,"[[5, 2], [1, 5]]","['keloid', 'non_keloid']"
keloid_binary,leave_accession_out_GSE158395,modules_rank_only,accession_zscore,linear_svm,262,13,"{'non_keloid': 173, 'keloid': 89}","{'keloid': 7, 'non_keloid': 6}",0.7692307692307693,0.7692307692307693,0.7738095238095238,0.7692307692307693,0.7857142857142857,"[[5, 2], [1, 5]]","['keloid', 'non_keloid']"
keloid_binary,leave_accession_out_GSE158395,modules_rank_only,accession_zscore,random_forest,262,13,"{'non_keloid': 173, 'keloid': 89}","{'keloid': 7, 'non_keloid': 6}",0.6153846153846154,0.6013986013986015,0.6309523809523809,0.606060606060606,0.8095238095238095,"[[3, 4], [1, 5]]","['keloid', 'non_keloid']"
keloid_binary,leave_accession_out_GSE158395,modules_rank_only,accession_zscore,hist_gradient_boosting,262,13,"{'non_keloid': 173, 'keloid': 89}","{'keloid': 7, 'non_keloid': 6}",0.6923076923076923,0.6886446886446886,0.7023809523809523,0.6904761904761905,0.738095238095238,"[[4, 3], [1, 5]]","['keloid', 'non_keloid']"
keloid_binary,leave_accession_out_GSE158395,modules_rank_only,accession_zscore,knn,262,13,"{'non_keloid': 173, 'keloid': 89}","{'keloid': 7, 'non_keloid': 6}",0.6153846153846154,0.6153846153846154,0.6190476190476191,0.6153846153846154,0.6547619047619048,"[[4, 3], [2, 4]]","['keloid', 'non_keloid']"
keloid_binary,leave_accession_out_GSE158395,modules_rank_only,accession_zscore,small_mlp,262,13,"{'non_keloid': 173, 'keloid': 89}","{'keloid': 7, 'non_keloid': 6}",0.6923076923076923,0.6692307692307692,0.7142857142857143,0.675,0.7857142857142857,"[[3, 4], [0, 6]]","['keloid', 'non_keloid']"
keloid_binary,leave_accession_out_GSE158395,published_markers_only,accession_zscore,majority,262,13,"{'non_keloid': 173, 'keloid': 89}","{'keloid': 7, 'non_keloid': 6}",0.46153846153846156,0.291497975708502,0.5,0.3157894736842105,0.5,"[[0, 7], [0, 6]]","['keloid', 'non_keloid']"
keloid_binary,leave_accession_out_GSE158395,published_markers_only,accession_zscore,stratified_random,262,13,"{'non_keloid': 173, 'keloid': 89}","{'keloid': 7, 'non_keloid': 6}",0.46153846153846156,0.46153846153846156,0.4642857142857143,0.46153846153846156,0.4642857142857143,"[[3, 4], [3, 3]]","['keloid', 'non_keloid']"
keloid_binary,leave_accession_out_GSE158395,published_markers_only,accession_zscore,elastic_net_logreg,262,13,"{'non_keloid': 173, 'keloid': 89}","{'keloid': 7, 'non_keloid': 6}",0.7692307692307693,0.7692307692307693,0.7738095238095238,0.7692307692307693,0.8095238095238095,"[[5, 2], [1, 5]]","['keloid', 'non_keloid']"
keloid_binary,leave_accession_out_GSE158395,published_markers_only,accession_zscore,linear_svm,262,13,"{'non_keloid': 173, 'keloid': 89}","{'keloid': 7, 'non_keloid': 6}",0.7692307692307693,0.7692307692307693,0.7738095238095238,0.7692307692307693,0.7857142857142858,"[[5, 2], [1, 5]]","['keloid', 'non_keloid']"
keloid_binary,leave_accession_out_GSE158395,published_markers_only,accession_zscore,random_forest,262,13,"{'non_keloid': 173, 'keloid': 89}","{'keloid': 7, 'non_keloid': 6}",0.7692307692307693,0.7608391608391608,0.7857142857142857,0.7636363636363637,0.8571428571428572,"[[4, 3], [0, 6]]","['keloid', 'non_keloid']"
keloid_binary,leave_accession_out_GSE158395,published_markers_only,accession_zscore,hist_gradient_boosting,262,13,"{'non_keloid': 173, 'keloid': 89}","{'keloid': 7, 'non_keloid': 6}",0.8461538461538461,0.8443223443223443,0.8571428571428572,0.8452380952380952,0.8571428571428572,"[[5, 2], [0, 6]]","['keloid', 'non_keloid']"
keloid_binary,leave_accession_out_GSE158395,published_markers_only,accession_zscore,knn,262,13,"{'non_keloid': 173, 'keloid': 89}","{'keloid': 7, 'non_keloid': 6}",0.7692307692307693,0.7692307692307693,0.7738095238095238,0.7692307692307693,0.8690476190476191,"[[5, 2], [1, 5]]","['keloid', 'non_keloid']"
keloid_binary,leave_accession_out_GSE158395,published_markers_only,accession_zscore,small_mlp,262,13,"{'non_keloid': 173, 'keloid': 89}","{'keloid': 7, 'non_keloid': 6}",0.6153846153846154,0.5651080945198592,0.6428571428571428,0.5751633986928104,0.7380952380952381,"[[2, 5], [0, 6]]","['keloid', 'non_keloid']"
keloid_binary,leave_accession_out_GSE158395,expanded_profibrotic_only,accession_zscore,majority,262,13,"{'non_keloid': 173, 'keloid': 89}","{'keloid': 7, 'non_keloid': 6}",0.46153846153846156,0.291497975708502,0.5,0.3157894736842105,0.5,"[[0, 7], [0, 6]]","['keloid', 'non_keloid']"
keloid_binary,leave_accession_out_GSE158395,expanded_profibrotic_only,accession_zscore,stratified_random,262,13,"{'non_keloid': 173, 'keloid': 89}","{'keloid': 7, 'non_keloid': 6}",0.46153846153846156,0.46153846153846156,0.4642857142857143,0.46153846153846156,0.4642857142857143,"[[3, 4], [3, 3]]","['keloid', 'non_keloid']"
keloid_binary,leave_accession_out_GSE158395,expanded_profibrotic_only,accession_zscore,elastic_net_logreg,262,13,"{'non_keloid': 173, 'keloid': 89}","{'keloid': 7, 'non_keloid': 6}",0.6923076923076923,0.6886446886446886,0.7023809523809523,0.6904761904761905,0.8214285714285714,"[[4, 3], [1, 5]]","['keloid', 'non_keloid']"
keloid_binary,leave_accession_out_GSE158395,expanded_profibrotic_only,accession_zscore,linear_svm,262,13,"{'non_keloid': 173, 'keloid': 89}","{'keloid': 7, 'non_keloid': 6}",0.6923076923076923,0.6886446886446886,0.7023809523809523,0.6904761904761905,0.8214285714285714,"[[4, 3], [1, 5]]","['keloid', 'non_keloid']"
keloid_binary,leave_accession_out_GSE158395,expanded_profibrotic_only,accession_zscore,random_forest,262,13,"{'non_keloid': 173, 'keloid': 89}","{'keloid': 7, 'non_keloid': 6}",0.6923076923076923,0.6886446886446886,0.7023809523809523,0.6904761904761905,0.7738095238095237,"[[4, 3], [1, 5]]","['keloid', 'non_keloid']"
keloid_binary,leave_accession_out_GSE158395,expanded_profibrotic_only,accession_zscore,hist_gradient_boosting,262,13,"{'non_keloid': 173, 'keloid': 89}","{'keloid': 7, 'non_keloid': 6}",0.6923076923076923,0.6692307692307692,0.7142857142857143,0.675,0.6309523809523809,"[[3, 4], [0, 6]]","['keloid', 'non_keloid']"
keloid_binary,leave_accession_out_GSE158395,expanded_profibrotic_only,accession_zscore,knn,262,13,"{'non_keloid': 173, 'keloid': 89}","{'keloid': 7, 'non_keloid': 6}",0.7692307692307693,0.7692307692307693,0.7738095238095238,0.7692307692307693,0.7738095238095238,"[[5, 2], [1, 5]]","['keloid', 'non_keloid']"
keloid_binary,leave_accession_out_GSE158395,expanded_profibrotic_only,accession_zscore,small_mlp,262,13,"{'non_keloid': 173, 'keloid': 89}","{'keloid': 7, 'non_keloid': 6}",0.7692307692307693,0.7664335664335665,0.7619047619047619,0.7636363636363637,0.8452380952380951,"[[6, 1], [2, 4]]","['keloid', 'non_keloid']"
keloid_binary,leave_accession_out_GSE158395,shared_genes,accession_zscore,majority,262,13,"{'non_keloid': 173, 'keloid': 89}","{'keloid': 7, 'non_keloid': 6}",0.46153846153846156,0.291497975708502,0.5,0.3157894736842105,0.5,"[[0, 7], [0, 6]]","['keloid', 'non_keloid']"
keloid_binary,leave_accession_out_GSE158395,shared_genes,accession_zscore,stratified_random,262,13,"{'non_keloid': 173, 'keloid': 89}","{'keloid': 7, 'non_keloid': 6}",0.46153846153846156,0.46153846153846156,0.4642857142857143,0.46153846153846156,0.4642857142857143,"[[3, 4], [3, 3]]","['keloid', 'non_keloid']"
keloid_binary,leave_accession_out_GSE158395,shared_genes,accession_zscore,elastic_net_logreg,262,13,"{'non_keloid': 173, 'keloid': 89}","{'keloid': 7, 'non_keloid': 6}",0.38461538461538464,0.3384615384615385,0.40476190476190477,0.35,0.5238095238095237,"[[1, 6], [2, 4]]","['keloid', 'non_keloid']"
keloid_binary,leave_accession_out_GSE158395,shared_genes,accession_zscore,linear_svm,262,13,"{'non_keloid': 173, 'keloid': 89}","{'keloid': 7, 'non_keloid': 6}",0.38461538461538464,0.38461538461538464,0.38095238095238093,0.38095238095238093,0.30952380952380953,"[[3, 4], [4, 2]]","['keloid', 'non_keloid']"
keloid_binary,leave_accession_out_GSE158395,shared_genes,accession_zscore,random_forest,262,13,"{'non_keloid': 173, 'keloid': 89}","{'keloid': 7, 'non_keloid': 6}",0.5384615384615384,0.37692307692307686,0.5,0.35,0.47619047619047616,"[[7, 0], [6, 0]]","['keloid', 'non_keloid']"
keloid_binary,leave_accession_out_GSE158395,shared_genes,accession_zscore,hist_gradient_boosting,262,13,"{'non_keloid': 173, 'keloid': 89}","{'keloid': 7, 'non_keloid': 6}",0.6153846153846154,0.6013986013986015,0.6309523809523809,0.606060606060606,0.8095238095238095,"[[3, 4], [1, 5]]","['keloid', 'non_keloid']"
keloid_binary,leave_accession_out_GSE158395,shared_genes,accession_zscore,knn,262,13,"{'non_keloid': 173, 'keloid': 89}","{'keloid': 7, 'non_keloid': 6}",0.3076923076923077,0.25339366515837103,0.2857142857142857,0.23529411764705882,0.07142857142857145,"[[4, 3], [6, 0]]","['keloid', 'non_keloid']"
keloid_binary,leave_accession_out_GSE163973,modules_rank_plus_expanded,accession_zscore,majority,166,220,"{'keloid': 96, 'non_keloid': 70}","{'keloid': 110, 'non_keloid': 110}",0.5,0.3333333333333333,0.5,0.3333333333333333,0.5,"[[110, 0], [110, 0]]","['keloid', 'non_keloid']"
keloid_binary,leave_accession_out_GSE163973,modules_rank_plus_expanded,accession_zscore,stratified_random,166,220,"{'keloid': 96, 'non_keloid': 70}","{'keloid': 110, 'non_keloid': 110}",0.4954545454545455,0.4898790499467318,0.4954545454545455,0.4898790499467318,0.4954545454545454,"[[66, 44], [67, 43]]","['keloid', 'non_keloid']"
keloid_binary,leave_accession_out_GSE163973,modules_rank_plus_expanded,accession_zscore,elastic_net_logreg,166,220,"{'keloid': 96, 'non_keloid': 70}","{'keloid': 110, 'non_keloid': 110}",0.65,0.6491228070175439,0.6499999999999999,0.6491228070175439,0.7223966942148761,"[[77, 33], [44, 66]]","['keloid', 'non_keloid']"
keloid_binary,leave_accession_out_GSE163973,modules_rank_plus_expanded,accession_zscore,linear_svm,166,220,"{'keloid': 96, 'non_keloid': 70}","{'keloid': 110, 'non_keloid': 110}",0.6272727272727273,0.6267792121813969,0.6272727272727273,0.6267792121813969,0.7154545454545455,"[[73, 37], [45, 65]]","['keloid', 'non_keloid']"
keloid_binary,leave_accession_out_GSE163973,modules_rank_plus_expanded,accession_zscore,random_forest,166,220,"{'keloid': 96, 'non_keloid': 70}","{'keloid': 110, 'non_keloid': 110}",0.5818181818181818,0.5689581736093364,0.5818181818181818,0.5689581736093364,0.6656198347107437,"[[83, 27], [65, 45]]","['keloid', 'non_keloid']"
keloid_binary,leave_accession_out_GSE163973,modules_rank_plus_expanded,accession_zscore,hist_gradient_boosting,166,220,"{'keloid': 96, 'non_keloid': 70}","{'keloid': 110, 'non_keloid': 110}",0.6272727272727273,0.6181525696384726,0.6272727272727273,0.6181525696384726,0.6339256198347109,"[[86, 24], [58, 52]]","['keloid', 'non_keloid']"
keloid_binary,leave_accession_out_GSE163973,modules_rank_plus_expanded,accession_zscore,knn,166,220,"{'keloid': 96, 'non_keloid': 70}","{'keloid': 110, 'non_keloid': 110}",0.6590909090909091,0.6570430878593253,0.6590909090909091,0.6570430878593253,0.6894628099173553,"[[81, 29], [46, 64]]","['keloid', 'non_keloid']"
keloid_binary,leave_accession_out_GSE163973,modules_rank_plus_expanded,accession_zscore,small_mlp,166,220,"{'keloid': 96, 'non_keloid': 70}","{'keloid': 110, 'non_keloid': 110}",0.6409090909090909,0.6205157317845368,0.6409090909090909,0.6205157317845368,0.7271074380165289,"[[96, 14], [65, 45]]","['keloid', 'non_keloid']"
keloid_binary,leave_accession_out_GSE163973,modules_rank_only,accession_zscore,majority,166,220,"{'keloid': 96, 'non_keloid': 70}","{'keloid': 110, 'non_keloid': 110}",0.5,0.3333333333333333,0.5,0.3333333333333333,0.5,"[[110, 0], [110, 0]]","['keloid', 'non_keloid']"
keloid_binary,leave_accession_out_GSE163973,modules_rank_only,accession_zscore,stratified_random,166,220,"{'keloid': 96, 'non_keloid': 70}","{'keloid': 110, 'non_keloid': 110}",0.4954545454545455,0.4898790499467318,0.4954545454545455,0.4898790499467318,0.4954545454545454,"[[66, 44], [67, 43]]","['keloid', 'non_keloid']"
keloid_binary,leave_accession_out_GSE163973,modules_rank_only,accession_zscore,elastic_net_logreg,166,220,"{'keloid': 96, 'non_keloid': 70}","{'keloid': 110, 'non_keloid': 110}",0.6454545454545455,0.6443965517241379,0.6454545454545455,0.6443965517241379,0.7224793388429752,"[[77, 33], [45, 65]]","['keloid', 'non_keloid']"
keloid_binary,leave_accession_out_GSE163973,modules_rank_only,accession_zscore,linear_svm,166,220,"{'keloid': 96, 'non_keloid': 70}","{'keloid': 110, 'non_keloid': 110}",0.65,0.6491228070175439,0.6499999999999999,0.6491228070175439,0.7173553719008264,"[[77, 33], [44, 66]]","['keloid', 'non_keloid']"
keloid_binary,leave_accession_out_GSE163973,modules_rank_only,accession_zscore,random_forest,166,220,"{'keloid': 96, 'non_keloid': 70}","{'keloid': 110, 'non_keloid': 110}",0.6136363636363636,0.6036036036036037,0.6136363636363636,0.6036036036036037,0.6989256198347107,"[[85, 25], [60, 50]]","['keloid', 'non_keloid']"
keloid_binary,leave_accession_out_GSE163973,modules_rank_only,accession_zscore,hist_gradient_boosting,166,220,"{'keloid': 96, 'non_keloid': 70}","{'keloid': 110, 'non_keloid': 110}",0.5909090909090909,0.5808991617983236,0.5909090909090909,0.5808991617983236,0.6477272727272728,"[[82, 28], [62, 48]]","['keloid', 'non_keloid']"
keloid_binary,leave_accession_out_GSE163973,modules_rank_only,accession_zscore,knn,166,220,"{'keloid': 96, 'non_keloid': 70}","{'keloid': 110, 'non_keloid': 110}",0.6863636363636364,0.6791443850267379,0.6863636363636363,0.679144385026738,0.7077685950413223,"[[92, 18], [51, 59]]","['keloid', 'non_keloid']"
keloid_binary,leave_accession_out_GSE163973,modules_rank_only,accession_zscore,small_mlp,166,220,"{'keloid': 96, 'non_keloid': 70}","{'keloid': 110, 'non_keloid': 110}",0.5136363636363637,0.4836700225921782,0.5136363636363637,0.4836700225921783,0.6266115702479338,"[[83, 27], [80, 30]]","['keloid', 'non_keloid']"
keloid_binary,leave_accession_out_GSE163973,published_markers_only,accession_zscore,majority,166,220,"{'keloid': 96, 'non_keloid': 70}","{'keloid': 110, 'non_keloid': 110}",0.5,0.3333333333333333,0.5,0.3333333333333333,0.5,"[[110, 0], [110, 0]]","['keloid', 'non_keloid']"
keloid_binary,leave_accession_out_GSE163973,published_markers_only,accession_zscore,stratified_random,166,220,"{'keloid': 96, 'non_keloid': 70}","{'keloid': 110, 'non_keloid': 110}",0.4954545454545455,0.4898790499467318,0.4954545454545455,0.4898790499467318,0.4954545454545454,"[[66, 44], [67, 43]]","['keloid', 'non_keloid']"
keloid_binary,leave_accession_out_GSE163973,published_markers_only,accession_zscore,elastic_net_logreg,166,220,"{'keloid': 96, 'non_keloid': 70}","{'keloid': 110, 'non_keloid': 110}",0.5954545454545455,0.5917346066431743,0.5954545454545455,0.5917346066431743,0.6667768595041322,"[[76, 34], [55, 55]]","['keloid', 'non_keloid']"
keloid_binary,leave_accession_out_GSE163973,published_markers_only,accession_zscore,linear_svm,166,220,"{'keloid': 96, 'non_keloid': 70}","{'keloid': 110, 'non_keloid': 110}",0.5863636363636363,0.5817927346410143,0.5863636363636364,0.5817927346410143,0.6295867768595041,"[[76, 34], [57, 53]]","['keloid', 'non_keloid']"
keloid_binary,leave_accession_out_GSE163973,published_markers_only,accession_zscore,random_forest,166,220,"{'keloid': 96, 'non_keloid': 70}","{'keloid': 110, 'non_keloid': 110}",0.6454545454545455,0.638736842105263,0.6454545454545455,0.638736842105263,0.7091735537190083,"[[86, 24], [54, 56]]","['keloid', 'non_keloid']"
keloid_binary,leave_accession_out_GSE163973,published_markers_only,accession_zscore,hist_gradient_boosting,166,220,"{'keloid': 96, 'non_keloid': 70}","{'keloid': 110, 'non_keloid': 110}",0.6454545454545455,0.638736842105263,0.6454545454545455,0.638736842105263,0.7363223140495868,"[[86, 24], [54, 56]]","['keloid', 'non_keloid']"
keloid_binary,leave_accession_out_GSE163973,published_markers_only,accession_zscore,knn,166,220,"{'keloid': 96, 'non_keloid': 70}","{'keloid': 110, 'non_keloid': 110}",0.4954545454545455,0.42076424962641423,0.4954545454545454,0.4207642496264143,0.5212809917355372,"[[94, 16], [95, 15]]","['keloid', 'non_keloid']"
keloid_binary,leave_accession_out_GSE163973,published_markers_only,accession_zscore,small_mlp,166,220,"{'keloid': 96, 'non_keloid': 70}","{'keloid': 110, 'non_keloid': 110}",0.5954545454545455,0.587259427896878,0.5954545454545455,0.5872594278968781,0.6890909090909092,"[[81, 29], [60, 50]]","['keloid', 'non_keloid']"
keloid_binary,leave_accession_out_GSE163973,expanded_profibrotic_only,accession_zscore,majority,166,220,"{'keloid': 96, 'non_keloid': 70}","{'keloid': 110, 'non_keloid': 110}",0.5,0.3333333333333333,0.5,0.3333333333333333,0.5,"[[110, 0], [110, 0]]","['keloid', 'non_keloid']"
keloid_binary,leave_accession_out_GSE163973,expanded_profibrotic_only,accession_zscore,stratified_random,166,220,"{'keloid': 96, 'non_keloid': 70}","{'keloid': 110, 'non_keloid': 110}",0.4954545454545455,0.4898790499467318,0.4954545454545455,0.4898790499467318,0.4954545454545454,"[[66, 44], [67, 43]]","['keloid', 'non_keloid']"
keloid_binary,leave_accession_out_GSE163973,expanded_profibrotic_only,accession_zscore,elastic_net_logreg,166,220,"{'keloid': 96, 'non_keloid': 70}","{'keloid': 110, 'non_keloid': 110}",0.6318181818181818,0.6318105745986486,0.6318181818181818,0.6318105745986486,0.7394628099173554,"[[70, 40], [41, 69]]","['keloid', 'non_keloid']"
keloid_binary,leave_accession_out_GSE163973,expanded_profibrotic_only,accession_zscore,linear_svm,166,220,"{'keloid': 96, 'non_keloid': 70}","{'keloid': 110, 'non_keloid': 110}",0.6318181818181818,0.6318105745986486,0.6318181818181818,0.6318105745986486,0.7394628099173554,"[[70, 40], [41, 69]]","['keloid', 'non_keloid']"
keloid_binary,leave_accession_out_GSE163973,expanded_profibrotic_only,accession_zscore,random_forest,166,220,"{'keloid': 96, 'non_keloid': 70}","{'keloid': 110, 'non_keloid': 110}",0.5681818181818182,0.5674579358016516,0.5681818181818181,0.5674579358016516,0.5403719008264464,"[[67, 43], [52, 58]]","['keloid', 'non_keloid']"
keloid_binary,leave_accession_out_GSE163973,expanded_profibrotic_only,accession_zscore,hist_gradient_boosting,166,220,"{'keloid': 96, 'non_keloid': 70}","{'keloid': 110, 'non_keloid': 110}",0.6181818181818182,0.6173913043478262,0.6181818181818182,0.6173913043478261,0.5685537190082645,"[[73, 37], [47, 63]]","['keloid', 'non_keloid']"
keloid_binary,leave_accession_out_GSE163973,expanded_profibrotic_only,accession_zscore,knn,166,220,"{'keloid': 96, 'non_keloid': 70}","{'keloid': 110, 'non_keloid': 110}",0.5772727272727273,0.5740960469618436,0.5772727272727273,0.5740960469618435,0.5485950413223141,"[[73, 37], [56, 54]]","['keloid', 'non_keloid']"
keloid_binary,leave_accession_out_GSE163973,expanded_profibrotic_only,accession_zscore,small_mlp,166,220,"{'keloid': 96, 'non_keloid': 70}","{'keloid': 110, 'non_keloid': 110}",0.5636363636363636,0.5454545454545454,0.5636363636363637,0.5454545454545454,0.6842561983471074,"[[84, 26], [70, 40]]","['keloid', 'non_keloid']"
keloid_binary,leave_accession_out_GSE163973,shared_genes,accession_zscore,majority,166,220,"{'keloid': 96, 'non_keloid': 70}","{'keloid': 110, 'non_keloid': 110}",0.5,0.3333333333333333,0.5,0.3333333333333333,0.5,"[[110, 0], [110, 0]]","['keloid', 'non_keloid']"
keloid_binary,leave_accession_out_GSE163973,shared_genes,accession_zscore,stratified_random,166,220,"{'keloid': 96, 'non_keloid': 70}","{'keloid': 110, 'non_keloid': 110}",0.4954545454545455,0.4898790499467318,0.4954545454545455,0.4898790499467318,0.4954545454545454,"[[66, 44], [67, 43]]","['keloid', 'non_keloid']"
keloid_binary,leave_accession_out_GSE163973,shared_genes,accession_zscore,elastic_net_logreg,166,220,"{'keloid': 96, 'non_keloid': 70}","{'keloid': 110, 'non_keloid': 110}",0.5318181818181819,0.5313437157452794,0.5318181818181817,0.5313437157452794,0.623305785123967,"[[62, 48], [55, 55]]","['keloid', 'non_keloid']"
keloid_binary,leave_accession_out_GSE163973,shared_genes,accession_zscore,linear_svm,166,220,"{'keloid': 96, 'non_keloid': 70}","{'keloid': 110, 'non_keloid': 110}",0.5318181818181819,0.5275130840926624,0.5318181818181819,0.5275130840926625,0.5909090909090909,"[[69, 41], [62, 48]]","['keloid', 'non_keloid']"
keloid_binary,leave_accession_out_GSE163973,shared_genes,accession_zscore,random_forest,166,220,"{'keloid': 96, 'non_keloid': 70}","{'keloid': 110, 'non_keloid': 110}",0.5136363636363637,0.3771003678124421,0.5136363636363637,0.3771003678124421,0.649504132231405,"[[108, 2], [105, 5]]","['keloid', 'non_keloid']"
keloid_binary,leave_accession_out_GSE163973,shared_genes,accession_zscore,hist_gradient_boosting,166,220,"{'keloid': 96, 'non_keloid': 70}","{'keloid': 110, 'non_keloid': 110}",0.4863636363636364,0.4372382569326542,0.4863636363636364,0.4372382569326542,0.4604132231404958,"[[86, 24], [89, 21]]","['keloid', 'non_keloid']"
keloid_binary,leave_accession_out_GSE163973,shared_genes,accession_zscore,knn,166,220,"{'keloid': 96, 'non_keloid': 70}","{'keloid': 110, 'non_keloid': 110}",0.5227272727272727,0.42421296642488604,0.5227272727272727,0.424212966424886,0.615,"[[103, 7], [98, 12]]","['keloid', 'non_keloid']"
keloid_binary,leave_accession_out_GSE181297,modules_rank_plus_expanded,accession_zscore,majority,379,7,"{'non_keloid': 210, 'keloid': 169}","{'keloid': 4, 'non_keloid': 3}",0.42857142857142855,0.2571428571428571,0.5,0.3,0.5,"[[0, 4], [0, 3]]","['keloid', 'non_keloid']"
keloid_binary,leave_accession_out_GSE181297,modules_rank_plus_expanded,accession_zscore,stratified_random,379,7,"{'non_keloid': 210, 'keloid': 169}","{'keloid': 4, 'non_keloid': 3}",0.5714285714285714,0.5523809523809524,0.5416666666666666,0.5333333333333333,0.5416666666666666,"[[3, 1], [2, 1]]","['keloid', 'non_keloid']"
keloid_binary,leave_accession_out_GSE181297,modules_rank_plus_expanded,accession_zscore,elastic_net_logreg,379,7,"{'non_keloid': 210, 'keloid': 169}","{'keloid': 4, 'non_keloid': 3}",1.0,1.0,1.0,1.0,1.0,"[[4, 0], [0, 3]]","['keloid', 'non_keloid']"
keloid_binary,leave_accession_out_GSE181297,modules_rank_plus_expanded,accession_zscore,linear_svm,379,7,"{'non_keloid': 210, 'keloid': 169}","{'keloid': 4, 'non_keloid': 3}",1.0,1.0,1.0,1.0,1.0,"[[4, 0], [0, 3]]","['keloid', 'non_keloid']"
keloid_binary,leave_accession_out_GSE181297,modules_rank_plus_expanded,accession_zscore,random_forest,379,7,"{'non_keloid': 210, 'keloid': 169}","{'keloid': 4, 'non_keloid': 3}",0.8571428571428571,0.8571428571428571,0.875,0.8571428571428571,1.0,"[[3, 1], [0, 3]]","['keloid', 'non_keloid']"
keloid_binary,leave_accession_out_GSE181297,modules_rank_plus_expanded,accession_zscore,hist_gradient_boosting,379,7,"{'non_keloid': 210, 'keloid': 169}","{'keloid': 4, 'non_keloid': 3}",0.8571428571428571,0.8571428571428571,0.875,0.8571428571428571,1.0,"[[3, 1], [0, 3]]","['keloid', 'non_keloid']"
keloid_binary,leave_accession_out_GSE181297,modules_rank_plus_expanded,accession_zscore,knn,379,7,"{'non_keloid': 210, 'keloid': 169}","{'keloid': 4, 'non_keloid': 3}",0.5714285714285714,0.5714285714285714,0.5833333333333333,0.5714285714285714,0.7083333333333333,"[[2, 2], [1, 2]]","['keloid', 'non_keloid']"
keloid_binary,leave_accession_out_GSE181297,modules_rank_plus_expanded,accession_zscore,small_mlp,379,7,"{'non_keloid': 210, 'keloid': 169}","{'keloid': 4, 'non_keloid': 3}",1.0,1.0,1.0,1.0,1.0,"[[4, 0], [0, 3]]","['keloid', 'non_keloid']"
keloid_binary,leave_accession_out_GSE181297,modules_rank_only,accession_zscore,majority,379,7,"{'non_keloid': 210, 'keloid': 169}","{'keloid': 4, 'non_keloid': 3}",0.42857142857142855,0.2571428571428571,0.5,0.3,0.5,"[[0, 4], [0, 3]]","['keloid', 'non_keloid']"
keloid_binary,leave_accession_out_GSE181297,modules_rank_only,accession_zscore,stratified_random,379,7,"{'non_keloid': 210, 'keloid': 169}","{'keloid': 4, 'non_keloid': 3}",0.5714285714285714,0.5523809523809524,0.5416666666666666,0.5333333333333333,0.5416666666666666,"[[3, 1], [2, 1]]","['keloid', 'non_keloid']"
keloid_binary,leave_accession_out_GSE181297,modules_rank_only,accession_zscore,elastic_net_logreg,379,7,"{'non_keloid': 210, 'keloid': 169}","{'keloid': 4, 'non_keloid': 3}",1.0,1.0,1.0,1.0,1.0,"[[4, 0], [0, 3]]","['keloid', 'non_keloid']"
keloid_binary,leave_accession_out_GSE181297,modules_rank_only,accession_zscore,linear_svm,379,7,"{'non_keloid': 210, 'keloid': 169}","{'keloid': 4, 'non_keloid': 3}",1.0,1.0,1.0,1.0,1.0,"[[4, 0], [0, 3]]","['keloid', 'non_keloid']"
keloid_binary,leave_accession_out_GSE181297,modules_rank_only,accession_zscore,random_forest,379,7,"{'non_keloid': 210, 'keloid': 169}","{'keloid': 4, 'non_keloid': 3}",0.8571428571428571,0.8571428571428571,0.875,0.8571428571428571,1.0,"[[3, 1], [0, 3]]","['keloid', 'non_keloid']"
keloid_binary,leave_accession_out_GSE181297,modules_rank_only,accession_zscore,hist_gradient_boosting,379,7,"{'non_keloid': 210, 'keloid': 169}","{'keloid': 4, 'non_keloid': 3}",0.8571428571428571,0.8571428571428571,0.875,0.8571428571428571,0.8333333333333334,"[[3, 1], [0, 3]]","['keloid', 'non_keloid']"
keloid_binary,leave_accession_out_GSE181297,modules_rank_only,accession_zscore,knn,379,7,"{'non_keloid': 210, 'keloid': 169}","{'keloid': 4, 'non_keloid': 3}",0.5714285714285714,0.5714285714285714,0.5833333333333333,0.5714285714285714,0.5833333333333333,"[[2, 2], [1, 2]]","['keloid', 'non_keloid']"
keloid_binary,leave_accession_out_GSE181297,modules_rank_only,accession_zscore,small_mlp,379,7,"{'non_keloid': 210, 'keloid': 169}","{'keloid': 4, 'non_keloid': 3}",1.0,1.0,1.0,1.0,1.0,"[[4, 0], [0, 3]]","['keloid', 'non_keloid']"
keloid_binary,leave_accession_out_GSE181297,published_markers_only,accession_zscore,majority,379,7,"{'non_keloid': 210, 'keloid': 169}","{'keloid': 4, 'non_keloid': 3}",0.42857142857142855,0.2571428571428571,0.5,0.3,0.5,"[[0, 4], [0, 3]]","['keloid', 'non_keloid']"
keloid_binary,leave_accession_out_GSE181297,published_markers_only,accession_zscore,stratified_random,379,7,"{'non_keloid': 210, 'keloid': 169}","{'keloid': 4, 'non_keloid': 3}",0.5714285714285714,0.5523809523809524,0.5416666666666666,0.5333333333333333,0.5416666666666666,"[[3, 1], [2, 1]]","['keloid', 'non_keloid']"
keloid_binary,leave_accession_out_GSE181297,published_markers_only,accession_zscore,elastic_net_logreg,379,7,"{'non_keloid': 210, 'keloid': 169}","{'keloid': 4, 'non_keloid': 3}",1.0,1.0,1.0,1.0,1.0,"[[4, 0], [0, 3]]","['keloid', 'non_keloid']"
keloid_binary,leave_accession_out_GSE181297,published_markers_only,accession_zscore,linear_svm,379,7,"{'non_keloid': 210, 'keloid': 169}","{'keloid': 4, 'non_keloid': 3}",1.0,1.0,1.0,1.0,1.0,"[[4, 0], [0, 3]]","['keloid', 'non_keloid']"
keloid_binary,leave_accession_out_GSE181297,published_markers_only,accession_zscore,random_forest,379,7,"{'non_keloid': 210, 'keloid': 169}","{'keloid': 4, 'non_keloid': 3}",1.0,1.0,1.0,1.0,1.0,"[[4, 0], [0, 3]]","['keloid', 'non_keloid']"
keloid_binary,leave_accession_out_GSE181297,published_markers_only,accession_zscore,hist_gradient_boosting,379,7,"{'non_keloid': 210, 'keloid': 169}","{'keloid': 4, 'non_keloid': 3}",0.8571428571428571,0.8507936507936508,0.8333333333333333,0.8444444444444444,1.0,"[[4, 0], [1, 2]]","['keloid', 'non_keloid']"
keloid_binary,leave_accession_out_GSE181297,published_markers_only,accession_zscore,knn,379,7,"{'non_keloid': 210, 'keloid': 169}","{'keloid': 4, 'non_keloid': 3}",0.7142857142857143,0.7142857142857143,0.7083333333333333,0.7083333333333333,0.875,"[[3, 1], [1, 2]]","['keloid', 'non_keloid']"
keloid_binary,leave_accession_out_GSE181297,published_markers_only,accession_zscore,small_mlp,379,7,"{'non_keloid': 210, 'keloid': 169}","{'keloid': 4, 'non_keloid': 3}",0.7142857142857143,0.7142857142857143,0.7083333333333333,0.7083333333333333,0.75,"[[3, 1], [1, 2]]","['keloid', 'non_keloid']"
keloid_binary,leave_accession_out_GSE181297,expanded_profibrotic_only,accession_zscore,majority,379,7,"{'non_keloid': 210, 'keloid': 169}","{'keloid': 4, 'non_keloid': 3}",0.42857142857142855,0.2571428571428571,0.5,0.3,0.5,"[[0, 4], [0, 3]]","['keloid', 'non_keloid']"
keloid_binary,leave_accession_out_GSE181297,expanded_profibrotic_only,accession_zscore,stratified_random,379,7,"{'non_keloid': 210, 'keloid': 169}","{'keloid': 4, 'non_keloid': 3}",0.5714285714285714,0.5523809523809524,0.5416666666666666,0.5333333333333333,0.5416666666666666,"[[3, 1], [2, 1]]","['keloid', 'non_keloid']"
keloid_binary,leave_accession_out_GSE181297,expanded_profibrotic_only,accession_zscore,elastic_net_logreg,379,7,"{'non_keloid': 210, 'keloid': 169}","{'keloid': 4, 'non_keloid': 3}",0.7142857142857143,0.7142857142857143,0.7083333333333333,0.7083333333333333,0.875,"[[3, 1], [1, 2]]","['keloid', 'non_keloid']"
keloid_binary,leave_accession_out_GSE181297,expanded_profibrotic_only,accession_zscore,linear_svm,379,7,"{'non_keloid': 210, 'keloid': 169}","{'keloid': 4, 'non_keloid': 3}",0.7142857142857143,0.7142857142857143,0.7083333333333333,0.7083333333333333,0.875,"[[3, 1], [1, 2]]","['keloid', 'non_keloid']"
keloid_binary,leave_accession_out_GSE181297,expanded_profibrotic_only,accession_zscore,random_forest,379,7,"{'non_keloid': 210, 'keloid': 169}","{'keloid': 4, 'non_keloid': 3}",0.8571428571428571,0.8507936507936508,0.8333333333333333,0.8444444444444444,0.9583333333333333,"[[4, 0], [1, 2]]","['keloid', 'non_keloid']"
keloid_binary,leave_accession_out_GSE181297,expanded_profibrotic_only,accession_zscore,hist_gradient_boosting,379,7,"{'non_keloid': 210, 'keloid': 169}","{'keloid': 4, 'non_keloid': 3}",0.8571428571428571,0.8571428571428571,0.875,0.8571428571428571,0.9583333333333333,"[[3, 1], [0, 3]]","['keloid', 'non_keloid']"
keloid_binary,leave_accession_out_GSE181297,expanded_profibrotic_only,accession_zscore,knn,379,7,"{'non_keloid': 210, 'keloid': 169}","{'keloid': 4, 'non_keloid': 3}",0.7142857142857143,0.7142857142857143,0.7083333333333333,0.7083333333333333,0.75,"[[3, 1], [1, 2]]","['keloid', 'non_keloid']"
keloid_binary,leave_accession_out_GSE181297,expanded_profibrotic_only,accession_zscore,small_mlp,379,7,"{'non_keloid': 210, 'keloid': 169}","{'keloid': 4, 'non_keloid': 3}",0.8571428571428571,0.8507936507936508,0.8333333333333333,0.8444444444444444,0.875,"[[4, 0], [1, 2]]","['keloid', 'non_keloid']"
keloid_binary,leave_accession_out_GSE181297,shared_genes,accession_zscore,majority,379,7,"{'non_keloid': 210, 'keloid': 169}","{'keloid': 4, 'non_keloid': 3}",0.42857142857142855,0.2571428571428571,0.5,0.3,0.5,"[[0, 4], [0, 3]]","['keloid', 'non_keloid']"
keloid_binary,leave_accession_out_GSE181297,shared_genes,accession_zscore,stratified_random,379,7,"{'non_keloid': 210, 'keloid': 169}","{'keloid': 4, 'non_keloid': 3}",0.5714285714285714,0.5523809523809524,0.5416666666666666,0.5333333333333333,0.5416666666666666,"[[3, 1], [2, 1]]","['keloid', 'non_keloid']"
keloid_binary,leave_accession_out_GSE181297,shared_genes,accession_zscore,elastic_net_logreg,379,7,"{'non_keloid': 210, 'keloid': 169}","{'keloid': 4, 'non_keloid': 3}",0.8571428571428571,0.8571428571428571,0.875,0.8571428571428571,1.0,"[[3, 1], [0, 3]]","['keloid', 'non_keloid']"
keloid_binary,leave_accession_out_GSE181297,shared_genes,accession_zscore,linear_svm,379,7,"{'non_keloid': 210, 'keloid': 169}","{'keloid': 4, 'non_keloid': 3}",0.7142857142857143,0.7142857142857143,0.7083333333333333,0.7083333333333333,0.8333333333333334,"[[3, 1], [1, 2]]","['keloid', 'non_keloid']"
keloid_binary,leave_accession_out_GSE181297,shared_genes,accession_zscore,random_forest,379,7,"{'non_keloid': 210, 'keloid': 169}","{'keloid': 4, 'non_keloid': 3}",0.8571428571428571,0.8571428571428571,0.875,0.8571428571428571,1.0,"[[3, 1], [0, 3]]","['keloid', 'non_keloid']"
keloid_binary,leave_accession_out_GSE181297,shared_genes,accession_zscore,hist_gradient_boosting,379,7,"{'non_keloid': 210, 'keloid': 169}","{'keloid': 4, 'non_keloid': 3}",0.7142857142857143,0.7023809523809523,0.75,0.7083333333333333,0.6666666666666666,"[[2, 2], [0, 3]]","['keloid', 'non_keloid']"
keloid_binary,leave_accession_out_GSE181297,shared_genes,accession_zscore,knn,379,7,"{'non_keloid': 210, 'keloid': 169}","{'keloid': 4, 'non_keloid': 3}",0.8571428571428571,0.8507936507936508,0.8333333333333333,0.8444444444444444,0.7916666666666666,"[[4, 0], [1, 2]]","['keloid', 'non_keloid']"
keloid_binary,leave_accession_out_GSE188952,modules_rank_plus_expanded,accession_zscore,majority,333,12,"{'non_keloid': 201, 'keloid': 132}","{'non_keloid': 8, 'keloid': 4}",0.6666666666666666,0.5333333333333333,0.5,0.4,0.5,"[[0, 4], [0, 8]]","['keloid', 'non_keloid']"
keloid_binary,leave_accession_out_GSE188952,modules_rank_plus_expanded,accession_zscore,stratified_random,333,12,"{'non_keloid': 201, 'keloid': 132}","{'non_keloid': 8, 'keloid': 4}",0.5,0.5,0.5625,0.5,0.5625,"[[3, 1], [5, 3]]","['keloid', 'non_keloid']"
keloid_binary,leave_accession_out_GSE188952,modules_rank_plus_expanded,accession_zscore,elastic_net_logreg,333,12,"{'non_keloid': 201, 'keloid': 132}","{'non_keloid': 8, 'keloid': 4}",0.16666666666666666,0.19047619047619047,0.125,0.14285714285714285,0.09375,"[[0, 4], [6, 2]]","['keloid', 'non_keloid']"
keloid_binary,leave_accession_out_GSE188952,modules_rank_plus_expanded,accession_zscore,linear_svm,333,12,"{'non_keloid': 201, 'keloid': 132}","{'non_keloid': 8, 'keloid': 4}",0.16666666666666666,0.19047619047619047,0.125,0.14285714285714285,0.125,"[[0, 4], [6, 2]]","['keloid', 'non_keloid']"
keloid_binary,leave_accession_out_GSE188952,modules_rank_plus_expanded,accession_zscore,random_forest,333,12,"{'non_keloid': 201, 'keloid': 132}","{'non_keloid': 8, 'keloid': 4}",0.3333333333333333,0.3333333333333333,0.25,0.25,0.0625,"[[0, 4], [4, 4]]","['keloid', 'non_keloid']"
keloid_binary,leave_accession_out_GSE188952,modules_rank_plus_expanded,accession_zscore,hist_gradient_boosting,333,12,"{'non_keloid': 201, 'keloid': 132}","{'non_keloid': 8, 'keloid': 4}",0.3333333333333333,0.3333333333333333,0.25,0.25,0.0625,"[[0, 4], [4, 4]]","['keloid', 'non_keloid']"
keloid_binary,leave_accession_out_GSE188952,modules_rank_plus_expanded,accession_zscore,knn,333,12,"{'non_keloid': 201, 'keloid': 132}","{'non_keloid': 8, 'keloid': 4}",0.3333333333333333,0.3333333333333333,0.25,0.25,0.25,"[[0, 4], [4, 4]]","['keloid', 'non_keloid']"
keloid_binary,leave_accession_out_GSE188952,modules_rank_plus_expanded,accession_zscore,small_mlp,333,12,"{'non_keloid': 201, 'keloid': 132}","{'non_keloid': 8, 'keloid': 4}",0.25,0.2657342657342658,0.25,0.24475524475524477,0.21875,"[[1, 3], [6, 2]]","['keloid', 'non_keloid']"
keloid_binary,leave_accession_out_GSE188952,modules_rank_only,accession_zscore,majority,333,12,"{'non_keloid': 201, 'keloid': 132}","{'non_keloid': 8, 'keloid': 4}",0.6666666666666666,0.5333333333333333,0.5,0.4,0.5,"[[0, 4], [0, 8]]","['keloid', 'non_keloid']"
keloid_binary,leave_accession_out_GSE188952,modules_rank_only,accession_zscore,stratified_random,333,12,"{'non_keloid': 201, 'keloid': 132}","{'non_keloid': 8, 'keloid': 4}",0.5,0.5,0.5625,0.5,0.5625,"[[3, 1], [5, 3]]","['keloid', 'non_keloid']"
keloid_binary,leave_accession_out_GSE188952,modules_rank_only,accession_zscore,elastic_net_logreg,333,12,"{'non_keloid': 201, 'keloid': 132}","{'non_keloid': 8, 'keloid': 4}",0.25,0.2657342657342658,0.25,0.24475524475524477,0.0625,"[[1, 3], [6, 2]]","['keloid', 'non_keloid']"
keloid_binary,leave_accession_out_GSE188952,modules_rank_only,accession_zscore,linear_svm,333,12,"{'non_keloid': 201, 'keloid': 132}","{'non_keloid': 8, 'keloid': 4}",0.25,0.2657342657342658,0.25,0.24475524475524477,0.0625,"[[1, 3], [6, 2]]","['keloid', 'non_keloid']"
keloid_binary,leave_accession_out_GSE188952,modules_rank_only,accession_zscore,random_forest,333,12,"{'non_keloid': 201, 'keloid': 132}","{'non_keloid': 8, 'keloid': 4}",0.3333333333333333,0.3333333333333333,0.25,0.25,0.09375,"[[0, 4], [4, 4]]","['keloid', 'non_keloid']"
keloid_binary,leave_accession_out_GSE188952,modules_rank_only,accession_zscore,hist_gradient_boosting,333,12,"{'non_keloid': 201, 'keloid': 132}","{'non_keloid': 8, 'keloid': 4}",0.3333333333333333,0.3333333333333333,0.25,0.25,0.09375,"[[0, 4], [4, 4]]","['keloid', 'non_keloid']"
keloid_binary,leave_accession_out_GSE188952,modules_rank_only,accession_zscore,knn,333,12,"{'non_keloid': 201, 'keloid': 132}","{'non_keloid': 8, 'keloid': 4}",0.4166666666666667,0.39215686274509803,0.3125,0.29411764705882354,0.265625,"[[0, 4], [3, 5]]","['keloid', 'non_keloid']"
keloid_binary,leave_accession_out_GSE188952,modules_rank_only,accession_zscore,small_mlp,333,12,"{'non_keloid': 201, 'keloid': 132}","{'non_keloid': 8, 'keloid': 4}",0.3333333333333333,0.3333333333333333,0.25,0.25,0.125,"[[0, 4], [4, 4]]","['keloid', 'non_keloid']"
keloid_binary,leave_accession_out_GSE188952,published_markers_only,accession_zscore,majority,333,12,"{'non_keloid': 201, 'keloid': 132}","{'non_keloid': 8, 'keloid': 4}",0.6666666666666666,0.5333333333333333,0.5,0.4,0.5,"[[0, 4], [0, 8]]","['keloid', 'non_keloid']"
keloid_binary,leave_accession_out_GSE188952,published_markers_only,accession_zscore,stratified_random,333,12,"{'non_keloid': 201, 'keloid': 132}","{'non_keloid': 8, 'keloid': 4}",0.5,0.5,0.5625,0.5,0.5625,"[[3, 1], [5, 3]]","['keloid', 'non_keloid']"
keloid_binary,leave_accession_out_GSE188952,published_markers_only,accession_zscore,elastic_net_logreg,333,12,"{'non_keloid': 201, 'keloid': 132}","{'non_keloid': 8, 'keloid': 4}",0.5833333333333334,0.565826330532213,0.5,0.4957983193277311,0.5625,"[[1, 3], [2, 6]]","['keloid', 'non_keloid']"
keloid_binary,leave_accession_out_GSE188952,published_markers_only,accession_zscore,linear_svm,333,12,"{'non_keloid': 201, 'keloid': 132}","{'non_keloid': 8, 'keloid': 4}",0.5833333333333334,0.565826330532213,0.5,0.4957983193277311,0.65625,"[[1, 3], [2, 6]]","['keloid', 'non_keloid']"
keloid_binary,leave_accession_out_GSE188952,published_markers_only,accession_zscore,random_forest,333,12,"{'non_keloid': 201, 'keloid': 132}","{'non_keloid': 8, 'keloid': 4}",0.4166666666666667,0.39215686274509803,0.3125,0.29411764705882354,0.15625,"[[0, 4], [3, 5]]","['keloid', 'non_keloid']"
keloid_binary,leave_accession_out_GSE188952,published_markers_only,accession_zscore,hist_gradient_boosting,333,12,"{'non_keloid': 201, 'keloid': 132}","{'non_keloid': 8, 'keloid': 4}",0.5,0.5,0.4375,0.4375,0.53125,"[[1, 3], [3, 5]]","['keloid', 'non_keloid']"
keloid_binary,leave_accession_out_GSE188952,published_markers_only,accession_zscore,knn,333,12,"{'non_keloid': 201, 'keloid': 132}","{'non_keloid': 8, 'keloid': 4}",0.25,0.2657342657342658,0.25,0.24475524475524477,0.25,"[[1, 3], [6, 2]]","['keloid', 'non_keloid']"
keloid_binary,leave_accession_out_GSE188952,published_markers_only,accession_zscore,small_mlp,333,12,"{'non_keloid': 201, 'keloid': 132}","{'non_keloid': 8, 'keloid': 4}",0.5833333333333334,0.5925925925925926,0.5625,0.5555555555555556,0.40625,"[[2, 2], [3, 5]]","['keloid', 'non_keloid']"
keloid_binary,leave_accession_out_GSE188952,expanded_profibrotic_only,accession_zscore,majority,333,12,"{'non_keloid': 201, 'keloid': 132}","{'non_keloid': 8, 'keloid': 4}",0.6666666666666666,0.5333333333333333,0.5,0.4,0.5,"[[0, 4], [0, 8]]","['keloid', 'non_keloid']"
keloid_binary,leave_accession_out_GSE188952,expanded_profibrotic_only,accession_zscore,stratified_random,333,12,"{'non_keloid': 201, 'keloid': 132}","{'non_keloid': 8, 'keloid': 4}",0.5,0.5,0.5625,0.5,0.5625,"[[3, 1], [5, 3]]","['keloid', 'non_keloid']"
keloid_binary,leave_accession_out_GSE188952,expanded_profibrotic_only,accession_zscore,elastic_net_logreg,333,12,"{'non_keloid': 201, 'keloid': 132}","{'non_keloid': 8, 'keloid': 4}",0.4166666666666667,0.4296296296296296,0.375,0.37777777777777777,0.40625,"[[1, 3], [4, 4]]","['keloid', 'non_keloid']"
keloid_binary,leave_accession_out_GSE188952,expanded_profibrotic_only,accession_zscore,linear_svm,333,12,"{'non_keloid': 201, 'keloid': 132}","{'non_keloid': 8, 'keloid': 4}",0.4166666666666667,0.4296296296296296,0.375,0.37777777777777777,0.40625,"[[1, 3], [4, 4]]","['keloid', 'non_keloid']"
keloid_binary,leave_accession_out_GSE188952,expanded_profibrotic_only,accession_zscore,random_forest,333,12,"{'non_keloid': 201, 'keloid': 132}","{'non_keloid': 8, 'keloid': 4}",0.4166666666666667,0.4296296296296296,0.375,0.37777777777777777,0.5,"[[1, 3], [4, 4]]","['keloid', 'non_keloid']"
keloid_binary,leave_accession_out_GSE188952,expanded_profibrotic_only,accession_zscore,hist_gradient_boosting,333,12,"{'non_keloid': 201, 'keloid': 132}","{'non_keloid': 8, 'keloid': 4}",0.5,0.5,0.4375,0.4375,0.421875,"[[1, 3], [3, 5]]","['keloid', 'non_keloid']"
keloid_binary,leave_accession_out_GSE188952,expanded_profibrotic_only,accession_zscore,knn,333,12,"{'non_keloid': 201, 'keloid': 132}","{'non_keloid': 8, 'keloid': 4}",0.3333333333333333,0.3333333333333333,0.25,0.25,0.4375,"[[0, 4], [4, 4]]","['keloid', 'non_keloid']"
keloid_binary,leave_accession_out_GSE188952,expanded_profibrotic_only,accession_zscore,small_mlp,333,12,"{'non_keloid': 201, 'keloid': 132}","{'non_keloid': 8, 'keloid': 4}",0.4166666666666667,0.39627039627039623,0.5,0.4125874125874126,0.40625,"[[3, 1], [6, 2]]","['keloid', 'non_keloid']"
keloid_binary,leave_accession_out_GSE188952,shared_genes,accession_zscore,majority,333,12,"{'non_keloid': 201, 'keloid': 132}","{'non_keloid': 8, 'keloid': 4}",0.6666666666666666,0.5333333333333333,0.5,0.4,0.5,"[[0, 4], [0, 8]]","['keloid', 'non_keloid']"
keloid_binary,leave_accession_out_GSE188952,shared_genes,accession_zscore,stratified_random,333,12,"{'non_keloid': 201, 'keloid': 132}","{'non_keloid': 8, 'keloid': 4}",0.5,0.5,0.5625,0.5,0.5625,"[[3, 1], [5, 3]]","['keloid', 'non_keloid']"
keloid_binary,leave_accession_out_GSE188952,shared_genes,accession_zscore,elastic_net_logreg,333,12,"{'non_keloid': 201, 'keloid': 132}","{'non_keloid': 8, 'keloid': 4}",0.5,0.5,0.4375,0.4375,0.34375,"[[1, 3], [3, 5]]","['keloid', 'non_keloid']"
keloid_binary,leave_accession_out_GSE188952,shared_genes,accession_zscore,linear_svm,333,12,"{'non_keloid': 201, 'keloid': 132}","{'non_keloid': 8, 'keloid': 4}",0.4166666666666667,0.39627039627039623,0.5,0.4125874125874126,0.5,"[[3, 1], [6, 2]]","['keloid', 'non_keloid']"
keloid_binary,leave_accession_out_GSE188952,shared_genes,accession_zscore,random_forest,333,12,"{'non_keloid': 201, 'keloid': 132}","{'non_keloid': 8, 'keloid': 4}",0.3333333333333333,0.16666666666666666,0.5,0.25,0.4375,"[[4, 0], [8, 0]]","['keloid', 'non_keloid']"
keloid_binary,leave_accession_out_GSE188952,shared_genes,accession_zscore,hist_gradient_boosting,333,12,"{'non_keloid': 201, 'keloid': 132}","{'non_keloid': 8, 'keloid': 4}",0.5833333333333334,0.5925925925925926,0.5625,0.5555555555555556,0.40625,"[[2, 2], [3, 5]]","['keloid', 'non_keloid']"
keloid_binary,leave_accession_out_GSE188952,shared_genes,accession_zscore,knn,333,12,"{'non_keloid': 201, 'keloid': 132}","{'non_keloid': 8, 'keloid': 4}",0.3333333333333333,0.27619047619047615,0.4375,0.3142857142857143,0.53125,"[[3, 1], [7, 1]]","['keloid', 'non_keloid']"
keloid_binary,leave_accession_out_GSE44270,modules_rank_plus_expanded,accession_zscore,majority,279,32,"{'non_keloid': 162, 'keloid': 117}","{'keloid': 18, 'non_keloid': 14}",0.4375,0.266304347826087,0.5,0.30434782608695654,0.5,"[[0, 18], [0, 14]]","['keloid', 'non_keloid']"
keloid_binary,leave_accession_out_GSE44270,modules_rank_plus_expanded,accession_zscore,stratified_random,279,32,"{'non_keloid': 162, 'keloid': 117}","{'keloid': 18, 'non_keloid': 14}",0.5625,0.5642156862745098,0.5634920634920635,0.5607843137254902,0.5634920634920635,"[[10, 8], [6, 8]]","['keloid', 'non_keloid']"
keloid_binary,leave_accession_out_GSE44270,modules_rank_plus_expanded,accession_zscore,elastic_net_logreg,279,32,"{'non_keloid': 162, 'keloid': 117}","{'keloid': 18, 'non_keloid': 14}",0.4375,0.266304347826087,0.5,0.30434782608695654,0.5,"[[0, 18], [0, 14]]","['keloid', 'non_keloid']"
keloid_binary,leave_accession_out_GSE44270,modules_rank_plus_expanded,accession_zscore,linear_svm,279,32,"{'non_keloid': 162, 'keloid': 117}","{'keloid': 18, 'non_keloid': 14}",0.4375,0.266304347826087,0.5,0.30434782608695654,0.5,"[[0, 18], [0, 14]]","['keloid', 'non_keloid']"
keloid_binary,leave_accession_out_GSE44270,modules_rank_plus_expanded,accession_zscore,random_forest,279,32,"{'non_keloid': 162, 'keloid': 117}","{'keloid': 18, 'non_keloid': 14}",0.4375,0.266304347826087,0.5,0.30434782608695654,0.5,"[[0, 18], [0, 14]]","['keloid', 'non_keloid']"
keloid_binary,leave_accession_out_GSE44270,modules_rank_plus_expanded,accession_zscore,hist_gradient_boosting,279,32,"{'non_keloid': 162, 'keloid': 117}","{'keloid': 18, 'non_keloid': 14}",0.4375,0.266304347826087,0.5,0.30434782608695654,0.5,"[[0, 18], [0, 14]]","['keloid', 'non_keloid']"
keloid_binary,leave_accession_out_GSE44270,modules_rank_plus_expanded,accession_zscore,knn,279,32,"{'non_keloid': 162, 'keloid': 117}","{'keloid': 18, 'non_keloid': 14}",0.5625,0.40499999999999997,0.5,0.36,0.5,"[[18, 0], [14, 0]]","['keloid', 'non_keloid']"
keloid_binary,leave_accession_out_GSE44270,modules_rank_plus_expanded,accession_zscore,small_mlp,279,32,"{'non_keloid': 162, 'keloid': 117}","{'keloid': 18, 'non_keloid': 14}",0.5625,0.40499999999999997,0.5,0.36,0.5,"[[18, 0], [14, 0]]","['keloid', 'non_keloid']"
keloid_binary,leave_accession_out_GSE44270,modules_rank_only,accession_zscore,majority,279,32,"{'non_keloid': 162, 'keloid': 117}","{'keloid': 18, 'non_keloid': 14}",0.4375,0.266304347826087,0.5,0.30434782608695654,0.5,"[[0, 18], [0, 14]]","['keloid', 'non_keloid']"
keloid_binary,leave_accession_out_GSE44270,modules_rank_only,accession_zscore,stratified_random,279,32,"{'non_keloid': 162, 'keloid': 117}","{'keloid': 18, 'non_keloid': 14}",0.5625,0.5642156862745098,0.5634920634920635,0.5607843137254902,0.5634920634920635,"[[10, 8], [6, 8]]","['keloid', 'non_keloid']"
keloid_binary,leave_accession_out_GSE44270,modules_rank_only,accession_zscore,elastic_net_logreg,279,32,"{'non_keloid': 162, 'keloid': 117}","{'keloid': 18, 'non_keloid': 14}",0.4375,0.266304347826087,0.5,0.30434782608695654,0.5,"[[0, 18], [0, 14]]","['keloid', 'non_keloid']"
keloid_binary,leave_accession_out_GSE44270,modules_rank_only,accession_zscore,linear_svm,279,32,"{'non_keloid': 162, 'keloid': 117}","{'keloid': 18, 'non_keloid': 14}",0.4375,0.266304347826087,0.5,0.30434782608695654,0.5,"[[0, 18], [0, 14]]","['keloid', 'non_keloid']"
keloid_binary,leave_accession_out_GSE44270,modules_rank_only,accession_zscore,random_forest,279,32,"{'non_keloid': 162, 'keloid': 117}","{'keloid': 18, 'non_keloid': 14}",0.4375,0.266304347826087,0.5,0.30434782608695654,0.5,"[[0, 18], [0, 14]]","['keloid', 'non_keloid']"
keloid_binary,leave_accession_out_GSE44270,modules_rank_only,accession_zscore,hist_gradient_boosting,279,32,"{'non_keloid': 162, 'keloid': 117}","{'keloid': 18, 'non_keloid': 14}",0.5625,0.40499999999999997,0.5,0.36,0.5,"[[18, 0], [14, 0]]","['keloid', 'non_keloid']"
keloid_binary,leave_accession_out_GSE44270,modules_rank_only,accession_zscore,knn,279,32,"{'non_keloid': 162, 'keloid': 117}","{'keloid': 18, 'non_keloid': 14}",0.4375,0.266304347826087,0.5,0.30434782608695654,0.5,"[[0, 18], [0, 14]]","['keloid', 'non_keloid']"
keloid_binary,leave_accession_out_GSE44270,modules_rank_only,accession_zscore,small_mlp,279,32,"{'non_keloid': 162, 'keloid': 117}","{'keloid': 18, 'non_keloid': 14}",0.4375,0.266304347826087,0.5,0.30434782608695654,0.5,"[[0, 18], [0, 14]]","['keloid', 'non_keloid']"
keloid_binary,leave_accession_out_GSE44270,published_markers_only,accession_zscore,majority,279,32,"{'non_keloid': 162, 'keloid': 117}","{'keloid': 18, 'non_keloid': 14}",0.4375,0.266304347826087,0.5,0.30434782608695654,0.5,"[[0, 18], [0, 14]]","['keloid', 'non_keloid']"
keloid_binary,leave_accession_out_GSE44270,published_markers_only,accession_zscore,stratified_random,279,32,"{'non_keloid': 162, 'keloid': 117}","{'keloid': 18, 'non_keloid': 14}",0.5625,0.5642156862745098,0.5634920634920635,0.5607843137254902,0.5634920634920635,"[[10, 8], [6, 8]]","['keloid', 'non_keloid']"
keloid_binary,leave_accession_out_GSE44270,published_markers_only,accession_zscore,elastic_net_logreg,279,32,"{'non_keloid': 162, 'keloid': 117}","{'keloid': 18, 'non_keloid': 14}",0.4375,0.266304347826087,0.5,0.30434782608695654,0.5,"[[0, 18], [0, 14]]","['keloid', 'non_keloid']"
keloid_binary,leave_accession_out_GSE44270,published_markers_only,accession_zscore,linear_svm,279,32,"{'non_keloid': 162, 'keloid': 117}","{'keloid': 18, 'non_keloid': 14}",0.4375,0.266304347826087,0.5,0.30434782608695654,0.5,"[[0, 18], [0, 14]]","['keloid', 'non_keloid']"
keloid_binary,leave_accession_out_GSE44270,published_markers_only,accession_zscore,random_forest,279,32,"{'non_keloid': 162, 'keloid': 117}","{'keloid': 18, 'non_keloid': 14}",0.4375,0.266304347826087,0.5,0.30434782608695654,0.5,"[[0, 18], [0, 14]]","['keloid', 'non_keloid']"
keloid_binary,leave_accession_out_GSE44270,published_markers_only,accession_zscore,hist_gradient_boosting,279,32,"{'non_keloid': 162, 'keloid': 117}","{'keloid': 18, 'non_keloid': 14}",0.4375,0.266304347826087,0.5,0.30434782608695654,0.5,"[[0, 18], [0, 14]]","['keloid', 'non_keloid']"
keloid_binary,leave_accession_out_GSE44270,published_markers_only,accession_zscore,knn,279,32,"{'non_keloid': 162, 'keloid': 117}","{'keloid': 18, 'non_keloid': 14}",0.4375,0.266304347826087,0.5,0.30434782608695654,0.5,"[[0, 18], [0, 14]]","['keloid', 'non_keloid']"
keloid_binary,leave_accession_out_GSE44270,published_markers_only,accession_zscore,small_mlp,279,32,"{'non_keloid': 162, 'keloid': 117}","{'keloid': 18, 'non_keloid': 14}",0.5625,0.40499999999999997,0.5,0.36,0.5,"[[18, 0], [14, 0]]","['keloid', 'non_keloid']"
keloid_binary,leave_accession_out_GSE44270,expanded_profibrotic_only,accession_zscore,majority,279,32,"{'non_keloid': 162, 'keloid': 117}","{'keloid': 18, 'non_keloid': 14}",0.4375,0.266304347826087,0.5,0.30434782608695654,0.5,"[[0, 18], [0, 14]]","['keloid', 'non_keloid']"
keloid_binary,leave_accession_out_GSE44270,expanded_profibrotic_only,accession_zscore,stratified_random,279,32,"{'non_keloid': 162, 'keloid': 117}","{'keloid': 18, 'non_keloid': 14}",0.5625,0.5642156862745098,0.5634920634920635,0.5607843137254902,0.5634920634920635,"[[10, 8], [6, 8]]","['keloid', 'non_keloid']"
keloid_binary,leave_accession_out_GSE44270,expanded_profibrotic_only,accession_zscore,elastic_net_logreg,279,32,"{'non_keloid': 162, 'keloid': 117}","{'keloid': 18, 'non_keloid': 14}",0.5625,0.40499999999999997,0.5,0.36,0.5,"[[18, 0], [14, 0]]","['keloid', 'non_keloid']"
keloid_binary,leave_accession_out_GSE44270,expanded_profibrotic_only,accession_zscore,linear_svm,279,32,"{'non_keloid': 162, 'keloid': 117}","{'keloid': 18, 'non_keloid': 14}",0.4375,0.266304347826087,0.5,0.30434782608695654,0.5,"[[0, 18], [0, 14]]","['keloid', 'non_keloid']"
keloid_binary,leave_accession_out_GSE44270,expanded_profibrotic_only,accession_zscore,random_forest,279,32,"{'non_keloid': 162, 'keloid': 117}","{'keloid': 18, 'non_keloid': 14}",0.5625,0.40499999999999997,0.5,0.36,0.5,"[[18, 0], [14, 0]]","['keloid', 'non_keloid']"
keloid_binary,leave_accession_out_GSE44270,expanded_profibrotic_only,accession_zscore,hist_gradient_boosting,279,32,"{'non_keloid': 162, 'keloid': 117}","{'keloid': 18, 'non_keloid': 14}",0.4375,0.266304347826087,0.5,0.30434782608695654,0.5,"[[0, 18], [0, 14]]","['keloid', 'non_keloid']"
keloid_binary,leave_accession_out_GSE44270,expanded_profibrotic_only,accession_zscore,knn,279,32,"{'non_keloid': 162, 'keloid': 117}","{'keloid': 18, 'non_keloid': 14}",0.5625,0.40499999999999997,0.5,0.36,0.5,"[[18, 0], [14, 0]]","['keloid', 'non_keloid']"
keloid_binary,leave_accession_out_GSE44270,expanded_profibrotic_only,accession_zscore,small_mlp,279,32,"{'non_keloid': 162, 'keloid': 117}","{'keloid': 18, 'non_keloid': 14}",0.5625,0.40499999999999997,0.5,0.36,0.5,"[[18, 0], [14, 0]]","['keloid', 'non_keloid']"
keloid_binary,leave_accession_out_GSE44270,shared_genes,accession_zscore,majority,279,32,"{'non_keloid': 162, 'keloid': 117}","{'keloid': 18, 'non_keloid': 14}",0.4375,0.266304347826087,0.5,0.30434782608695654,0.5,"[[0, 18], [0, 14]]","['keloid', 'non_keloid']"
keloid_binary,leave_accession_out_GSE44270,shared_genes,accession_zscore,stratified_random,279,32,"{'non_keloid': 162, 'keloid': 117}","{'keloid': 18, 'non_keloid': 14}",0.5625,0.5642156862745098,0.5634920634920635,0.5607843137254902,0.5634920634920635,"[[10, 8], [6, 8]]","['keloid', 'non_keloid']"
keloid_binary,leave_accession_out_GSE44270,shared_genes,accession_zscore,elastic_net_logreg,279,32,"{'non_keloid': 162, 'keloid': 117}","{'keloid': 18, 'non_keloid': 14}",0.4375,0.266304347826087,0.5,0.30434782608695654,0.5,"[[0, 18], [0, 14]]","['keloid', 'non_keloid']"
keloid_binary,leave_accession_out_GSE44270,shared_genes,accession_zscore,linear_svm,279,32,"{'non_keloid': 162, 'keloid': 117}","{'keloid': 18, 'non_keloid': 14}",0.4375,0.266304347826087,0.5,0.30434782608695654,0.5,"[[0, 18], [0, 14]]","['keloid', 'non_keloid']"
keloid_binary,leave_accession_out_GSE44270,shared_genes,accession_zscore,random_forest,279,32,"{'non_keloid': 162, 'keloid': 117}","{'keloid': 18, 'non_keloid': 14}",0.4375,0.266304347826087,0.5,0.30434782608695654,0.5,"[[0, 18], [0, 14]]","['keloid', 'non_keloid']"
keloid_binary,leave_accession_out_GSE44270,shared_genes,accession_zscore,hist_gradient_boosting,279,32,"{'non_keloid': 162, 'keloid': 117}","{'keloid': 18, 'non_keloid': 14}",0.4375,0.266304347826087,0.5,0.30434782608695654,0.5,"[[0, 18], [0, 14]]","['keloid', 'non_keloid']"
keloid_binary,leave_accession_out_GSE44270,shared_genes,accession_zscore,knn,279,32,"{'non_keloid': 162, 'keloid': 117}","{'keloid': 18, 'non_keloid': 14}",0.4375,0.266304347826087,0.5,0.30434782608695654,0.5,"[[0, 18], [0, 14]]","['keloid', 'non_keloid']"
keloid_binary,leave_accession_out_GSE7890,modules_rank_plus_expanded,accession_zscore,majority,315,19,"{'non_keloid': 196, 'keloid': 119}","{'keloid': 10, 'non_keloid': 9}",0.47368421052631576,0.3045112781954888,0.5,0.32142857142857145,0.5,"[[0, 10], [0, 9]]","['keloid', 'non_keloid']"
keloid_binary,leave_accession_out_GSE7890,modules_rank_plus_expanded,accession_zscore,stratified_random,315,19,"{'non_keloid': 196, 'keloid': 119}","{'keloid': 10, 'non_keloid': 9}",0.7368421052631579,0.7368421052631579,0.7388888888888889,0.7368421052631579,0.7388888888888888,"[[7, 3], [2, 7]]","['keloid', 'non_keloid']"
keloid_binary,leave_accession_out_GSE7890,modules_rank_plus_expanded,accession_zscore,elastic_net_logreg,315,19,"{'non_keloid': 196, 'keloid': 119}","{'keloid': 10, 'non_keloid': 9}",0.5263157894736842,0.5263157894736842,0.5277777777777778,0.5263157894736842,0.5444444444444444,"[[5, 5], [4, 5]]","['keloid', 'non_keloid']"
keloid_binary,leave_accession_out_GSE7890,modules_rank_plus_expanded,accession_zscore,linear_svm,315,19,"{'non_keloid': 196, 'keloid': 119}","{'keloid': 10, 'non_keloid': 9}",0.5263157894736842,0.5263157894736842,0.5277777777777778,0.5263157894736842,0.5555555555555556,"[[5, 5], [4, 5]]","['keloid', 'non_keloid']"
keloid_binary,leave_accession_out_GSE7890,modules_rank_plus_expanded,accession_zscore,random_forest,315,19,"{'non_keloid': 196, 'keloid': 119}","{'keloid': 10, 'non_keloid': 9}",0.631578947368421,0.6102212051868802,0.6444444444444444,0.6144927536231883,0.7222222222222222,"[[4, 6], [1, 8]]","['keloid', 'non_keloid']"
keloid_binary,leave_accession_out_GSE7890,modules_rank_plus_expanded,accession_zscore,hist_gradient_boosting,315,19,"{'non_keloid': 196, 'keloid': 119}","{'keloid': 10, 'non_keloid': 9}",0.5263157894736842,0.4651012145748988,0.5444444444444444,0.47384615384615386,0.7555555555555555,"[[2, 8], [1, 8]]","['keloid', 'non_keloid']"
keloid_binary,leave_accession_out_GSE7890,modules_rank_plus_expanded,accession_zscore,knn,315,19,"{'non_keloid': 196, 'keloid': 119}","{'keloid': 10, 'non_keloid': 9}",0.5263157894736842,0.49885583524027466,0.5388888888888889,0.5043478260869565,0.49444444444444446,"[[3, 7], [2, 7]]","['keloid', 'non_keloid']"
keloid_binary,leave_accession_out_GSE7890,modules_rank_plus_expanded,accession_zscore,small_mlp,315,19,"{'non_keloid': 196, 'keloid': 119}","{'keloid': 10, 'non_keloid': 9}",0.5263157894736842,0.5263157894736842,0.5277777777777778,0.5263157894736842,0.5888888888888888,"[[5, 5], [4, 5]]","['keloid', 'non_keloid']"
keloid_binary,leave_accession_out_GSE7890,modules_rank_only,accession_zscore,majority,315,19,"{'non_keloid': 196, 'keloid': 119}","{'keloid': 10, 'non_keloid': 9}",0.47368421052631576,0.3045112781954888,0.5,0.32142857142857145,0.5,"[[0, 10], [0, 9]]","['keloid', 'non_keloid']"
keloid_binary,leave_accession_out_GSE7890,modules_rank_only,accession_zscore,stratified_random,315,19,"{'non_keloid': 196, 'keloid': 119}","{'keloid': 10, 'non_keloid': 9}",0.7368421052631579,0.7368421052631579,0.7388888888888889,0.7368421052631579,0.7388888888888888,"[[7, 3], [2, 7]]","['keloid', 'non_keloid']"
keloid_binary,leave_accession_out_GSE7890,modules_rank_only,accession_zscore,elastic_net_logreg,315,19,"{'non_keloid': 196, 'keloid': 119}","{'keloid': 10, 'non_keloid': 9}",0.5263157894736842,0.5263157894736842,0.5277777777777778,0.5263157894736842,0.5777777777777778,"[[5, 5], [4, 5]]","['keloid', 'non_keloid']"
keloid_binary,leave_accession_out_GSE7890,modules_rank_only,accession_zscore,linear_svm,315,19,"{'non_keloid': 196, 'keloid': 119}","{'keloid': 10, 'non_keloid': 9}",0.5263157894736842,0.5263157894736842,0.5277777777777778,0.5263157894736842,0.5666666666666667,"[[5, 5], [4, 5]]","['keloid', 'non_keloid']"
keloid_binary,leave_accession_out_GSE7890,modules_rank_only,accession_zscore,random_forest,315,19,"{'non_keloid': 196, 'keloid': 119}","{'keloid': 10, 'non_keloid': 9}",0.5789473684210527,0.5413533834586466,0.5944444444444444,0.5476190476190476,0.6555555555555554,"[[3, 7], [1, 8]]","['keloid', 'non_keloid']"
keloid_binary,leave_accession_out_GSE7890,modules_rank_only,accession_zscore,hist_gradient_boosting,315,19,"{'non_keloid': 196, 'keloid': 119}","{'keloid': 10, 'non_keloid': 9}",0.5789473684210527,0.5033738191632928,0.6,0.5128205128205128,0.7444444444444445,"[[2, 8], [0, 9]]","['keloid', 'non_keloid']"
keloid_binary,leave_accession_out_GSE7890,modules_rank_only,accession_zscore,knn,315,19,"{'non_keloid': 196, 'keloid': 119}","{'keloid': 10, 'non_keloid': 9}",0.5789473684210527,0.5645933014354066,0.5888888888888889,0.5681818181818181,0.5444444444444445,"[[4, 6], [2, 7]]","['keloid', 'non_keloid']"
keloid_binary,leave_accession_out_GSE7890,modules_rank_only,accession_zscore,small_mlp,315,19,"{'non_keloid': 196, 'keloid': 119}","{'keloid': 10, 'non_keloid': 9}",0.47368421052631576,0.45574162679425834,0.4833333333333333,0.4602272727272727,0.5666666666666667,"[[3, 7], [3, 6]]","['keloid', 'non_keloid']"
keloid_binary,leave_accession_out_GSE7890,published_markers_only,accession_zscore,majority,315,19,"{'non_keloid': 196, 'keloid': 119}","{'keloid': 10, 'non_keloid': 9}",0.47368421052631576,0.3045112781954888,0.5,0.32142857142857145,0.5,"[[0, 10], [0, 9]]","['keloid', 'non_keloid']"
keloid_binary,leave_accession_out_GSE7890,published_markers_only,accession_zscore,stratified_random,315,19,"{'non_keloid': 196, 'keloid': 119}","{'keloid': 10, 'non_keloid': 9}",0.7368421052631579,0.7368421052631579,0.7388888888888889,0.7368421052631579,0.7388888888888888,"[[7, 3], [2, 7]]","['keloid', 'non_keloid']"
keloid_binary,leave_accession_out_GSE7890,published_markers_only,accession_zscore,elastic_net_logreg,315,19,"{'non_keloid': 196, 'keloid': 119}","{'keloid': 10, 'non_keloid': 9}",0.5263157894736842,0.5263157894736842,0.5277777777777778,0.5263157894736842,0.5333333333333333,"[[5, 5], [4, 5]]","['keloid', 'non_keloid']"
keloid_binary,leave_accession_out_GSE7890,published_markers_only,accession_zscore,linear_svm,315,19,"{'non_keloid': 196, 'keloid': 119}","{'keloid': 10, 'non_keloid': 9}",0.47368421052631576,0.47076023391812866,0.4777777777777778,0.4722222222222222,0.5222222222222221,"[[4, 6], [4, 5]]","['keloid', 'non_keloid']"
keloid_binary,leave_accession_out_GSE7890,published_markers_only,accession_zscore,random_forest,315,19,"{'non_keloid': 196, 'keloid': 119}","{'keloid': 10, 'non_keloid': 9}",0.5789473684210527,0.5413533834586466,0.5944444444444444,0.5476190476190476,0.6,"[[3, 7], [1, 8]]","['keloid', 'non_keloid']"
keloid_binary,leave_accession_out_GSE7890,published_markers_only,accession_zscore,hist_gradient_boosting,315,19,"{'non_keloid': 196, 'keloid': 119}","{'keloid': 10, 'non_keloid': 9}",0.631578947368421,0.6102212051868802,0.6444444444444444,0.6144927536231883,0.5666666666666667,"[[4, 6], [1, 8]]","['keloid', 'non_keloid']"
keloid_binary,leave_accession_out_GSE7890,published_markers_only,accession_zscore,knn,315,19,"{'non_keloid': 196, 'keloid': 119}","{'keloid': 10, 'non_keloid': 9}",0.42105263157894735,0.41132242370632466,0.4277777777777778,0.4145658263305322,0.49444444444444446,"[[3, 7], [4, 5]]","['keloid', 'non_keloid']"
keloid_binary,leave_accession_out_GSE7890,published_markers_only,accession_zscore,small_mlp,315,19,"{'non_keloid': 196, 'keloid': 119}","{'keloid': 10, 'non_keloid': 9}",0.3684210526315789,0.31203007518796994,0.3833333333333333,0.3214285714285714,0.34444444444444444,"[[1, 9], [3, 6]]","['keloid', 'non_keloid']"
keloid_binary,leave_accession_out_GSE7890,expanded_profibrotic_only,accession_zscore,majority,315,19,"{'non_keloid': 196, 'keloid': 119}","{'keloid': 10, 'non_keloid': 9}",0.47368421052631576,0.3045112781954888,0.5,0.32142857142857145,0.5,"[[0, 10], [0, 9]]","['keloid', 'non_keloid']"
keloid_binary,leave_accession_out_GSE7890,expanded_profibrotic_only,accession_zscore,stratified_random,315,19,"{'non_keloid': 196, 'keloid': 119}","{'keloid': 10, 'non_keloid': 9}",0.7368421052631579,0.7368421052631579,0.7388888888888889,0.7368421052631579,0.7388888888888888,"[[7, 3], [2, 7]]","['keloid', 'non_keloid']"
keloid_binary,leave_accession_out_GSE7890,expanded_profibrotic_only,accession_zscore,elastic_net_logreg,315,19,"{'non_keloid': 196, 'keloid': 119}","{'keloid': 10, 'non_keloid': 9}",0.5263157894736842,0.5263157894736842,0.5277777777777778,0.5263157894736842,0.45,"[[5, 5], [4, 5]]","['keloid', 'non_keloid']"
keloid_binary,leave_accession_out_GSE7890,expanded_profibrotic_only,accession_zscore,linear_svm,315,19,"{'non_keloid': 196, 'keloid': 119}","{'keloid': 10, 'non_keloid': 9}",0.5263157894736842,0.5263157894736842,0.5277777777777778,0.5263157894736842,0.45,"[[5, 5], [4, 5]]","['keloid', 'non_keloid']"
keloid_binary,leave_accession_out_GSE7890,expanded_profibrotic_only,accession_zscore,random_forest,315,19,"{'non_keloid': 196, 'keloid': 119}","{'keloid': 10, 'non_keloid': 9}",0.3157894736842105,0.30429013710747455,0.3222222222222222,0.3081232492997199,0.4277777777777777,"[[2, 8], [5, 4]]","['keloid', 'non_keloid']"
keloid_binary,leave_accession_out_GSE7890,expanded_profibrotic_only,accession_zscore,hist_gradient_boosting,315,19,"{'non_keloid': 196, 'keloid': 119}","{'keloid': 10, 'non_keloid': 9}",0.5789473684210527,0.5413533834586466,0.5944444444444444,0.5476190476190476,0.4722222222222222,"[[3, 7], [1, 8]]","['keloid', 'non_keloid']"
keloid_binary,leave_accession_out_GSE7890,expanded_profibrotic_only,accession_zscore,knn,315,19,"{'non_keloid': 196, 'keloid': 119}","{'keloid': 10, 'non_keloid': 9}",0.3684210526315789,0.3649122807017544,0.37222222222222223,0.3666666666666667,0.3555555555555555,"[[3, 7], [5, 4]]","['keloid', 'non_keloid']"
keloid_binary,leave_accession_out_GSE7890,expanded_profibrotic_only,accession_zscore,small_mlp,315,19,"{'non_keloid': 196, 'keloid': 119}","{'keloid': 10, 'non_keloid': 9}",0.5263157894736842,0.5236620964175144,0.5222222222222221,0.5210084033613445,0.4722222222222222,"[[6, 4], [5, 4]]","['keloid', 'non_keloid']"
keloid_binary,leave_accession_out_GSE7890,shared_genes,accession_zscore,majority,315,19,"{'non_keloid': 196, 'keloid': 119}","{'keloid': 10, 'non_keloid': 9}",0.47368421052631576,0.3045112781954888,0.5,0.32142857142857145,0.5,"[[0, 10], [0, 9]]","['keloid', 'non_keloid']"
keloid_binary,leave_accession_out_GSE7890,shared_genes,accession_zscore,stratified_random,315,19,"{'non_keloid': 196, 'keloid': 119}","{'keloid': 10, 'non_keloid': 9}",0.7368421052631579,0.7368421052631579,0.7388888888888889,0.7368421052631579,0.7388888888888888,"[[7, 3], [2, 7]]","['keloid', 'non_keloid']"
keloid_binary,leave_accession_out_GSE7890,shared_genes,accession_zscore,elastic_net_logreg,315,19,"{'non_keloid': 196, 'keloid': 119}","{'keloid': 10, 'non_keloid': 9}",0.5789473684210527,0.5766081871345029,0.5833333333333333,0.5777777777777777,0.5444444444444444,"[[5, 5], [3, 6]]","['keloid', 'non_keloid']"
keloid_binary,leave_accession_out_GSE7890,shared_genes,accession_zscore,linear_svm,315,19,"{'non_keloid': 196, 'keloid': 119}","{'keloid': 10, 'non_keloid': 9}",0.5789473684210527,0.5766081871345029,0.5833333333333333,0.5777777777777777,0.6777777777777778,"[[5, 5], [3, 6]]","['keloid', 'non_keloid']"
keloid_binary,leave_accession_out_GSE7890,shared_genes,accession_zscore,random_forest,315,19,"{'non_keloid': 196, 'keloid': 119}","{'keloid': 10, 'non_keloid': 9}",0.47368421052631576,0.3045112781954888,0.5,0.32142857142857145,0.34444444444444444,"[[0, 10], [0, 9]]","['keloid', 'non_keloid']"
keloid_binary,leave_accession_out_GSE7890,shared_genes,accession_zscore,hist_gradient_boosting,315,19,"{'non_keloid': 196, 'keloid': 119}","{'keloid': 10, 'non_keloid': 9}",0.47368421052631576,0.3045112781954888,0.5,0.32142857142857145,0.35555555555555557,"[[0, 10], [0, 9]]","['keloid', 'non_keloid']"
keloid_binary,leave_accession_out_GSE7890,shared_genes,accession_zscore,knn,315,19,"{'non_keloid': 196, 'keloid': 119}","{'keloid': 10, 'non_keloid': 9}",0.47368421052631576,0.3045112781954888,0.5,0.32142857142857145,0.5444444444444444,"[[0, 10], [0, 9]]","['keloid', 'non_keloid']"
keloid_binary,leave_accession_out_Sun_Burns,modules_rank_plus_expanded,accession_zscore,majority,220,25,"{'keloid': 129, 'non_keloid': 91}","{'keloid': 17, 'non_keloid': 8}",0.68,0.5504761904761906,0.5,0.40476190476190477,0.5,"[[17, 0], [8, 0]]","['keloid', 'non_keloid']"
keloid_binary,leave_accession_out_Sun_Burns,modules_rank_plus_expanded,accession_zscore,stratified_random,220,25,"{'keloid': 129, 'non_keloid': 91}","{'keloid': 17, 'non_keloid': 8}",0.68,0.6906666666666667,0.6985294117647058,0.6666666666666666,0.6985294117647058,"[[11, 6], [2, 6]]","['keloid', 'non_keloid']"
keloid_binary,leave_accession_out_Sun_Burns,modules_rank_plus_expanded,accession_zscore,elastic_net_logreg,220,25,"{'keloid': 129, 'non_keloid': 91}","{'keloid': 17, 'non_keloid': 8}",0.68,0.5504761904761906,0.5,0.40476190476190477,0.5,"[[17, 0], [8, 0]]","['keloid', 'non_keloid']"
keloid_binary,leave_accession_out_Sun_Burns,modules_rank_plus_expanded,accession_zscore,linear_svm,220,25,"{'keloid': 129, 'non_keloid': 91}","{'keloid': 17, 'non_keloid': 8}",0.68,0.5504761904761906,0.5,0.40476190476190477,0.5294117647058824,"[[17, 0], [8, 0]]","['keloid', 'non_keloid']"
keloid_binary,leave_accession_out_Sun_Burns,modules_rank_plus_expanded,accession_zscore,random_forest,220,25,"{'keloid': 129, 'non_keloid': 91}","{'keloid': 17, 'non_keloid': 8}",0.32,0.15515151515151515,0.5,0.24242424242424243,0.5,"[[0, 17], [0, 8]]","['keloid', 'non_keloid']"
keloid_binary,leave_accession_out_Sun_Burns,modules_rank_plus_expanded,accession_zscore,hist_gradient_boosting,220,25,"{'keloid': 129, 'non_keloid': 91}","{'keloid': 17, 'non_keloid': 8}",0.68,0.5504761904761906,0.5,0.40476190476190477,0.5,"[[17, 0], [8, 0]]","['keloid', 'non_keloid']"
keloid_binary,leave_accession_out_Sun_Burns,modules_rank_plus_expanded,accession_zscore,knn,220,25,"{'keloid': 129, 'non_keloid': 91}","{'keloid': 17, 'non_keloid': 8}",0.68,0.5504761904761906,0.5,0.40476190476190477,0.5,"[[17, 0], [8, 0]]","['keloid', 'non_keloid']"
keloid_binary,leave_accession_out_Sun_Burns,modules_rank_plus_expanded,accession_zscore,small_mlp,220,25,"{'keloid': 129, 'non_keloid': 91}","{'keloid': 17, 'non_keloid': 8}",0.68,0.5504761904761906,0.5,0.40476190476190477,0.5,"[[17, 0], [8, 0]]","['keloid', 'non_keloid']"
keloid_binary,leave_accession_out_Sun_Burns,modules_rank_only,accession_zscore,majority,220,25,"{'keloid': 129, 'non_keloid': 91}","{'keloid': 17, 'non_keloid': 8}",0.68,0.5504761904761906,0.5,0.40476190476190477,0.5,"[[17, 0], [8, 0]]","['keloid', 'non_keloid']"
keloid_binary,leave_accession_out_Sun_Burns,modules_rank_only,accession_zscore,stratified_random,220,25,"{'keloid': 129, 'non_keloid': 91}","{'keloid': 17, 'non_keloid': 8}",0.68,0.6906666666666667,0.6985294117647058,0.6666666666666666,0.6985294117647058,"[[11, 6], [2, 6]]","['keloid', 'non_keloid']"
keloid_binary,leave_accession_out_Sun_Burns,modules_rank_only,accession_zscore,elastic_net_logreg,220,25,"{'keloid': 129, 'non_keloid': 91}","{'keloid': 17, 'non_keloid': 8}",0.68,0.5504761904761906,0.5,0.40476190476190477,0.5,"[[17, 0], [8, 0]]","['keloid', 'non_keloid']"
keloid_binary,leave_accession_out_Sun_Burns,modules_rank_only,accession_zscore,linear_svm,220,25,"{'keloid': 129, 'non_keloid': 91}","{'keloid': 17, 'non_keloid': 8}",0.68,0.5504761904761906,0.5,0.40476190476190477,0.5,"[[17, 0], [8, 0]]","['keloid', 'non_keloid']"
keloid_binary,leave_accession_out_Sun_Burns,modules_rank_only,accession_zscore,random_forest,220,25,"{'keloid': 129, 'non_keloid': 91}","{'keloid': 17, 'non_keloid': 8}",0.32,0.15515151515151515,0.5,0.24242424242424243,0.5,"[[0, 17], [0, 8]]","['keloid', 'non_keloid']"
keloid_binary,leave_accession_out_Sun_Burns,modules_rank_only,accession_zscore,hist_gradient_boosting,220,25,"{'keloid': 129, 'non_keloid': 91}","{'keloid': 17, 'non_keloid': 8}",0.68,0.5504761904761906,0.5,0.40476190476190477,0.5,"[[17, 0], [8, 0]]","['keloid', 'non_keloid']"
keloid_binary,leave_accession_out_Sun_Burns,modules_rank_only,accession_zscore,knn,220,25,"{'keloid': 129, 'non_keloid': 91}","{'keloid': 17, 'non_keloid': 8}",0.68,0.5504761904761906,0.5,0.40476190476190477,0.5,"[[17, 0], [8, 0]]","['keloid', 'non_keloid']"
keloid_binary,leave_accession_out_Sun_Burns,modules_rank_only,accession_zscore,small_mlp,220,25,"{'keloid': 129, 'non_keloid': 91}","{'keloid': 17, 'non_keloid': 8}",0.68,0.5504761904761906,0.5,0.40476190476190477,0.5,"[[17, 0], [8, 0]]","['keloid', 'non_keloid']"
keloid_binary,leave_accession_out_Sun_Burns,published_markers_only,accession_zscore,majority,220,25,"{'keloid': 129, 'non_keloid': 91}","{'keloid': 17, 'non_keloid': 8}",0.68,0.5504761904761906,0.5,0.40476190476190477,0.5,"[[17, 0], [8, 0]]","['keloid', 'non_keloid']"
keloid_binary,leave_accession_out_Sun_Burns,published_markers_only,accession_zscore,stratified_random,220,25,"{'keloid': 129, 'non_keloid': 91}","{'keloid': 17, 'non_keloid': 8}",0.68,0.6906666666666667,0.6985294117647058,0.6666666666666666,0.6985294117647058,"[[11, 6], [2, 6]]","['keloid', 'non_keloid']"
keloid_binary,leave_accession_out_Sun_Burns,published_markers_only,accession_zscore,elastic_net_logreg,220,25,"{'keloid': 129, 'non_keloid': 91}","{'keloid': 17, 'non_keloid': 8}",0.68,0.5504761904761906,0.5,0.40476190476190477,0.5,"[[17, 0], [8, 0]]","['keloid', 'non_keloid']"
keloid_binary,leave_accession_out_Sun_Burns,published_markers_only,accession_zscore,linear_svm,220,25,"{'keloid': 129, 'non_keloid': 91}","{'keloid': 17, 'non_keloid': 8}",0.68,0.5504761904761906,0.5,0.40476190476190477,0.47058823529411764,"[[17, 0], [8, 0]]","['keloid', 'non_keloid']"
keloid_binary,leave_accession_out_Sun_Burns,published_markers_only,accession_zscore,random_forest,220,25,"{'keloid': 129, 'non_keloid': 91}","{'keloid': 17, 'non_keloid': 8}",0.32,0.15515151515151515,0.5,0.24242424242424243,0.5,"[[0, 17], [0, 8]]","['keloid', 'non_keloid']"
keloid_binary,leave_accession_out_Sun_Burns,published_markers_only,accession_zscore,hist_gradient_boosting,220,25,"{'keloid': 129, 'non_keloid': 91}","{'keloid': 17, 'non_keloid': 8}",0.68,0.5504761904761906,0.5,0.40476190476190477,0.5,"[[17, 0], [8, 0]]","['keloid', 'non_keloid']"
keloid_binary,leave_accession_out_Sun_Burns,published_markers_only,accession_zscore,knn,220,25,"{'keloid': 129, 'non_keloid': 91}","{'keloid': 17, 'non_keloid': 8}",0.68,0.5504761904761906,0.5,0.40476190476190477,0.5,"[[17, 0], [8, 0]]","['keloid', 'non_keloid']"
keloid_binary,leave_accession_out_Sun_Burns,published_markers_only,accession_zscore,small_mlp,220,25,"{'keloid': 129, 'non_keloid': 91}","{'keloid': 17, 'non_keloid': 8}",0.68,0.5504761904761906,0.5,0.40476190476190477,0.5,"[[17, 0], [8, 0]]","['keloid', 'non_keloid']"
keloid_binary,leave_accession_out_Sun_Burns,expanded_profibrotic_only,accession_zscore,majority,220,25,"{'keloid': 129, 'non_keloid': 91}","{'keloid': 17, 'non_keloid': 8}",0.68,0.5504761904761906,0.5,0.40476190476190477,0.5,"[[17, 0], [8, 0]]","['keloid', 'non_keloid']"
keloid_binary,leave_accession_out_Sun_Burns,expanded_profibrotic_only,accession_zscore,stratified_random,220,25,"{'keloid': 129, 'non_keloid': 91}","{'keloid': 17, 'non_keloid': 8}",0.68,0.6906666666666667,0.6985294117647058,0.6666666666666666,0.6985294117647058,"[[11, 6], [2, 6]]","['keloid', 'non_keloid']"
keloid_binary,leave_accession_out_Sun_Burns,expanded_profibrotic_only,accession_zscore,elastic_net_logreg,220,25,"{'keloid': 129, 'non_keloid': 91}","{'keloid': 17, 'non_keloid': 8}",0.68,0.5504761904761906,0.5,0.40476190476190477,0.5,"[[17, 0], [8, 0]]","['keloid', 'non_keloid']"
keloid_binary,leave_accession_out_Sun_Burns,expanded_profibrotic_only,accession_zscore,linear_svm,220,25,"{'keloid': 129, 'non_keloid': 91}","{'keloid': 17, 'non_keloid': 8}",0.32,0.15515151515151515,0.5,0.24242424242424243,0.5,"[[0, 17], [0, 8]]","['keloid', 'non_keloid']"
keloid_binary,leave_accession_out_Sun_Burns,expanded_profibrotic_only,accession_zscore,random_forest,220,25,"{'keloid': 129, 'non_keloid': 91}","{'keloid': 17, 'non_keloid': 8}",0.32,0.15515151515151515,0.5,0.24242424242424243,0.5,"[[0, 17], [0, 8]]","['keloid', 'non_keloid']"
keloid_binary,leave_accession_out_Sun_Burns,expanded_profibrotic_only,accession_zscore,hist_gradient_boosting,220,25,"{'keloid': 129, 'non_keloid': 91}","{'keloid': 17, 'non_keloid': 8}",0.68,0.5504761904761906,0.5,0.40476190476190477,0.5,"[[17, 0], [8, 0]]","['keloid', 'non_keloid']"
keloid_binary,leave_accession_out_Sun_Burns,expanded_profibrotic_only,accession_zscore,knn,220,25,"{'keloid': 129, 'non_keloid': 91}","{'keloid': 17, 'non_keloid': 8}",0.68,0.5504761904761906,0.5,0.40476190476190477,0.5,"[[17, 0], [8, 0]]","['keloid', 'non_keloid']"
keloid_binary,leave_accession_out_Sun_Burns,expanded_profibrotic_only,accession_zscore,small_mlp,220,25,"{'keloid': 129, 'non_keloid': 91}","{'keloid': 17, 'non_keloid': 8}",0.68,0.5504761904761906,0.5,0.40476190476190477,0.5,"[[17, 0], [8, 0]]","['keloid', 'non_keloid']"
keloid_binary,leave_accession_out_Sun_Burns,shared_genes,accession_zscore,majority,220,25,"{'keloid': 129, 'non_keloid': 91}","{'keloid': 17, 'non_keloid': 8}",0.68,0.5504761904761906,0.5,0.40476190476190477,0.5,"[[17, 0], [8, 0]]","['keloid', 'non_keloid']"
keloid_binary,leave_accession_out_Sun_Burns,shared_genes,accession_zscore,stratified_random,220,25,"{'keloid': 129, 'non_keloid': 91}","{'keloid': 17, 'non_keloid': 8}",0.68,0.6906666666666667,0.6985294117647058,0.6666666666666666,0.6985294117647058,"[[11, 6], [2, 6]]","['keloid', 'non_keloid']"
keloid_binary,leave_accession_out_Sun_Burns,shared_genes,accession_zscore,elastic_net_logreg,220,25,"{'keloid': 129, 'non_keloid': 91}","{'keloid': 17, 'non_keloid': 8}",0.32,0.15515151515151515,0.5,0.24242424242424243,0.5,"[[0, 17], [0, 8]]","['keloid', 'non_keloid']"
keloid_binary,leave_accession_out_Sun_Burns,shared_genes,accession_zscore,linear_svm,220,25,"{'keloid': 129, 'non_keloid': 91}","{'keloid': 17, 'non_keloid': 8}",0.32,0.15515151515151515,0.5,0.24242424242424243,0.47058823529411764,"[[0, 17], [0, 8]]","['keloid', 'non_keloid']"
keloid_binary,leave_accession_out_Sun_Burns,shared_genes,accession_zscore,random_forest,220,25,"{'keloid': 129, 'non_keloid': 91}","{'keloid': 17, 'non_keloid': 8}",0.32,0.15515151515151515,0.5,0.24242424242424243,0.5,"[[0, 17], [0, 8]]","['keloid', 'non_keloid']"
keloid_binary,leave_accession_out_Sun_Burns,shared_genes,accession_zscore,hist_gradient_boosting,220,25,"{'keloid': 129, 'non_keloid': 91}","{'keloid': 17, 'non_keloid': 8}",0.68,0.5504761904761906,0.5,0.40476190476190477,0.5,"[[17, 0], [8, 0]]","['keloid', 'non_keloid']"
keloid_binary,leave_accession_out_Sun_Burns,shared_genes,accession_zscore,knn,220,25,"{'keloid': 129, 'non_keloid': 91}","{'keloid': 17, 'non_keloid': 8}",0.68,0.5504761904761906,0.5,0.40476190476190477,0.5,"[[17, 0], [8, 0]]","['keloid', 'non_keloid']"
