task,split_name,feature_set,normalization_mode,model,n_train,n_test,train_label_counts,test_label_counts,accuracy,weighted_f1,balanced_accuracy,macro_f1,auroc,confusion_matrix,labels
keloid_binary,leave_accession_out_E-MTAB-2509,profibrotic_module_only,none,majority,231,27,"{'non_keloid': 140, 'keloid': 91}","{'non_keloid': 18, 'keloid': 9}",0.6666666666666666,0.5333333333333333,0.5,0.4,0.5,"[[0, 9], [0, 18]]","['keloid', 'non_keloid']"
keloid_binary,leave_accession_out_E-MTAB-2509,profibrotic_module_only,none,stratified_random,231,27,"{'non_keloid': 140, 'keloid': 91}","{'non_keloid': 18, 'keloid': 9}",0.4074074074074074,0.4242424242424242,0.38888888888888884,0.38636363636363635,0.3888888888888889,"[[3, 6], [10, 8]]","['keloid', 'non_keloid']"
keloid_binary,leave_accession_out_E-MTAB-2509,profibrotic_module_only,none,elastic_net_logreg,231,27,"{'non_keloid': 140, 'keloid': 91}","{'non_keloid': 18, 'keloid': 9}",0.7037037037037037,0.712121212121212,0.7222222222222222,0.6931818181818181,0.7777777777777779,"[[7, 2], [6, 12]]","['keloid', 'non_keloid']"
keloid_binary,leave_accession_out_E-MTAB-2509,profibrotic_module_only,none,linear_svm,231,27,"{'non_keloid': 140, 'keloid': 91}","{'non_keloid': 18, 'keloid': 9}",0.7037037037037037,0.712121212121212,0.7222222222222222,0.6931818181818181,0.7777777777777779,"[[7, 2], [6, 12]]","['keloid', 'non_keloid']"
keloid_binary,leave_accession_out_E-MTAB-2509,profibrotic_module_only,none,random_forest,231,27,"{'non_keloid': 140, 'keloid': 91}","{'non_keloid': 18, 'keloid': 9}",0.6296296296296297,0.640151515151515,0.6388888888888888,0.6164772727272727,0.7006172839506174,"[[6, 3], [7, 11]]","['keloid', 'non_keloid']"
keloid_binary,leave_accession_out_E-MTAB-2509,profibrotic_module_only,none,hist_gradient_boosting,231,27,"{'non_keloid': 140, 'keloid': 91}","{'non_keloid': 18, 'keloid': 9}",0.7407407407407407,0.7474747474747474,0.75,0.7272727272727273,0.7098765432098766,"[[7, 2], [5, 13]]","['keloid', 'non_keloid']"
keloid_binary,leave_accession_out_E-MTAB-2509,profibrotic_module_only,none,knn,231,27,"{'non_keloid': 140, 'keloid': 91}","{'non_keloid': 18, 'keloid': 9}",0.6296296296296297,0.6388888888888888,0.6666666666666667,0.625,0.6944444444444444,"[[7, 2], [8, 10]]","['keloid', 'non_keloid']"
keloid_binary,leave_accession_out_E-MTAB-2509,profibrotic_module_only,none,small_mlp,231,27,"{'non_keloid': 140, 'keloid': 91}","{'non_keloid': 18, 'keloid': 9}",0.7037037037037037,0.712121212121212,0.7222222222222222,0.6931818181818181,0.7777777777777779,"[[7, 2], [6, 12]]","['keloid', 'non_keloid']"
keloid_binary,leave_accession_out_E-MTAB-2509,modules_rank_plus_expanded,none,majority,231,27,"{'non_keloid': 140, 'keloid': 91}","{'non_keloid': 18, 'keloid': 9}",0.6666666666666666,0.5333333333333333,0.5,0.4,0.5,"[[0, 9], [0, 18]]","['keloid', 'non_keloid']"
keloid_binary,leave_accession_out_E-MTAB-2509,modules_rank_plus_expanded,none,stratified_random,231,27,"{'non_keloid': 140, 'keloid': 91}","{'non_keloid': 18, 'keloid': 9}",0.4074074074074074,0.4242424242424242,0.38888888888888884,0.38636363636363635,0.3888888888888889,"[[3, 6], [10, 8]]","['keloid', 'non_keloid']"
keloid_binary,leave_accession_out_E-MTAB-2509,modules_rank_plus_expanded,none,elastic_net_logreg,231,27,"{'non_keloid': 140, 'keloid': 91}","{'non_keloid': 18, 'keloid': 9}",0.7777777777777778,0.7833333333333333,0.8333333333333333,0.775,0.808641975308642,"[[9, 0], [6, 12]]","['keloid', 'non_keloid']"
keloid_binary,leave_accession_out_E-MTAB-2509,modules_rank_plus_expanded,none,linear_svm,231,27,"{'non_keloid': 140, 'keloid': 91}","{'non_keloid': 18, 'keloid': 9}",0.7407407407407407,0.7457471264367816,0.8055555555555556,0.7393103448275862,0.8209876543209877,"[[9, 0], [7, 11]]","['keloid', 'non_keloid']"
keloid_binary,leave_accession_out_E-MTAB-2509,modules_rank_plus_expanded,none,random_forest,231,27,"{'non_keloid': 140, 'keloid': 91}","{'non_keloid': 18, 'keloid': 9}",0.7037037037037037,0.712121212121212,0.7222222222222222,0.6931818181818181,0.7777777777777778,"[[7, 2], [6, 12]]","['keloid', 'non_keloid']"
keloid_binary,leave_accession_out_E-MTAB-2509,modules_rank_plus_expanded,none,hist_gradient_boosting,231,27,"{'non_keloid': 140, 'keloid': 91}","{'non_keloid': 18, 'keloid': 9}",0.6296296296296297,0.6296296296296297,0.5833333333333333,0.5833333333333333,0.6481481481481481,"[[4, 5], [5, 13]]","['keloid', 'non_keloid']"
keloid_binary,leave_accession_out_E-MTAB-2509,modules_rank_plus_expanded,none,knn,231,27,"{'non_keloid': 140, 'keloid': 91}","{'non_keloid': 18, 'keloid': 9}",0.7777777777777778,0.7823529411764705,0.7777777777777778,0.7617647058823529,0.7839506172839505,"[[7, 2], [4, 14]]","['keloid', 'non_keloid']"
keloid_binary,leave_accession_out_E-MTAB-2509,modules_rank_plus_expanded,none,small_mlp,231,27,"{'non_keloid': 140, 'keloid': 91}","{'non_keloid': 18, 'keloid': 9}",0.5925925925925926,0.5802298850574713,0.6944444444444444,0.5903448275862069,0.8148148148148148,"[[9, 0], [11, 7]]","['keloid', 'non_keloid']"
keloid_binary,leave_accession_out_E-MTAB-2509,modules_rank_only,none,majority,231,27,"{'non_keloid': 140, 'keloid': 91}","{'non_keloid': 18, 'keloid': 9}",0.6666666666666666,0.5333333333333333,0.5,0.4,0.5,"[[0, 9], [0, 18]]","['keloid', 'non_keloid']"
keloid_binary,leave_accession_out_E-MTAB-2509,modules_rank_only,none,stratified_random,231,27,"{'non_keloid': 140, 'keloid': 91}","{'non_keloid': 18, 'keloid': 9}",0.4074074074074074,0.4242424242424242,0.38888888888888884,0.38636363636363635,0.3888888888888889,"[[3, 6], [10, 8]]","['keloid', 'non_keloid']"
keloid_binary,leave_accession_out_E-MTAB-2509,modules_rank_only,none,elastic_net_logreg,231,27,"{'non_keloid': 140, 'keloid': 91}","{'non_keloid': 18, 'keloid': 9}",0.7407407407407407,0.748013090229079,0.7777777777777777,0.7349228611500701,0.8024691358024691,"[[8, 1], [6, 12]]","['keloid', 'non_keloid']"
keloid_binary,leave_accession_out_E-MTAB-2509,modules_rank_only,none,linear_svm,231,27,"{'non_keloid': 140, 'keloid': 91}","{'non_keloid': 18, 'keloid': 9}",0.7407407407407407,0.748013090229079,0.7777777777777777,0.7349228611500701,0.8148148148148149,"[[8, 1], [6, 12]]","['keloid', 'non_keloid']"
keloid_binary,leave_accession_out_E-MTAB-2509,modules_rank_only,none,random_forest,231,27,"{'non_keloid': 140, 'keloid': 91}","{'non_keloid': 18, 'keloid': 9}",0.7407407407407407,0.7474747474747474,0.75,0.7272727272727273,0.7901234567901236,"[[7, 2], [5, 13]]","['keloid', 'non_keloid']"
keloid_binary,leave_accession_out_E-MTAB-2509,modules_rank_only,none,hist_gradient_boosting,231,27,"{'non_keloid': 140, 'keloid': 91}","{'non_keloid': 18, 'keloid': 9}",0.6296296296296297,0.6296296296296297,0.5833333333333333,0.5833333333333333,0.7407407407407407,"[[4, 5], [5, 13]]","['keloid', 'non_keloid']"
keloid_binary,leave_accession_out_E-MTAB-2509,modules_rank_only,none,knn,231,27,"{'non_keloid': 140, 'keloid': 91}","{'non_keloid': 18, 'keloid': 9}",0.8148148148148148,0.8170426065162907,0.8055555555555556,0.7969924812030075,0.8209876543209877,"[[7, 2], [3, 15]]","['keloid', 'non_keloid']"
keloid_binary,leave_accession_out_E-MTAB-2509,modules_rank_only,none,small_mlp,231,27,"{'non_keloid': 140, 'keloid': 91}","{'non_keloid': 18, 'keloid': 9}",0.6666666666666666,0.6731034482758621,0.7222222222222222,0.6648275862068966,0.6851851851851852,"[[8, 1], [8, 10]]","['keloid', 'non_keloid']"
keloid_binary,leave_accession_out_E-MTAB-2509,shared_genes_plus_modules,none,majority,231,27,"{'non_keloid': 140, 'keloid': 91}","{'non_keloid': 18, 'keloid': 9}",0.6666666666666666,0.5333333333333333,0.5,0.4,0.5,"[[0, 9], [0, 18]]","['keloid', 'non_keloid']"
keloid_binary,leave_accession_out_E-MTAB-2509,shared_genes_plus_modules,none,stratified_random,231,27,"{'non_keloid': 140, 'keloid': 91}","{'non_keloid': 18, 'keloid': 9}",0.4074074074074074,0.4242424242424242,0.38888888888888884,0.38636363636363635,0.3888888888888889,"[[3, 6], [10, 8]]","['keloid', 'non_keloid']"
keloid_binary,leave_accession_out_E-MTAB-2509,shared_genes_plus_modules,none,elastic_net_logreg,231,27,"{'non_keloid': 140, 'keloid': 91}","{'non_keloid': 18, 'keloid': 9}",0.5555555555555556,0.5494505494505494,0.6388888888888888,0.554945054945055,0.7407407407407407,"[[8, 1], [11, 7]]","['keloid', 'non_keloid']"
keloid_binary,leave_accession_out_E-MTAB-2509,shared_genes_plus_modules,none,linear_svm,231,27,"{'non_keloid': 140, 'keloid': 91}","{'non_keloid': 18, 'keloid': 9}",0.4444444444444444,0.45517241379310347,0.4722222222222222,0.4413793103448276,0.4938271604938272,"[[5, 4], [11, 7]]","['keloid', 'non_keloid']"
keloid_binary,leave_accession_out_E-MTAB-2509,shared_genes_plus_modules,none,random_forest,231,27,"{'non_keloid': 140, 'keloid': 91}","{'non_keloid': 18, 'keloid': 9}",0.6666666666666666,0.5333333333333333,0.5,0.4,0.6234567901234568,"[[0, 9], [0, 18]]","['keloid', 'non_keloid']"
keloid_binary,leave_accession_out_E-MTAB-2509,shared_genes_plus_modules,none,hist_gradient_boosting,231,27,"{'non_keloid': 140, 'keloid': 91}","{'non_keloid': 18, 'keloid': 9}",0.5185185185185185,0.5243107769423558,0.4722222222222222,0.47218045112781953,0.5308641975308642,"[[3, 6], [7, 11]]","['keloid', 'non_keloid']"
keloid_binary,leave_accession_out_E-MTAB-2509,shared_genes_plus_modules,none,knn,231,27,"{'non_keloid': 140, 'keloid': 91}","{'non_keloid': 18, 'keloid': 9}",0.37037037037037035,0.24160401002506263,0.5277777777777778,0.30977443609022554,0.4537037037037038,"[[9, 0], [17, 1]]","['keloid', 'non_keloid']"
keloid_binary,leave_accession_out_E-MTAB-2509,shared_genes_plus_modules,none,small_mlp,231,27,"{'non_keloid': 140, 'keloid': 91}","{'non_keloid': 18, 'keloid': 9}",0.4074074074074074,0.3992673992673993,0.4722222222222222,0.4065934065934066,0.3827160493827161,"[[6, 3], [13, 5]]","['keloid', 'non_keloid']"
keloid_binary,leave_accession_out_E-MTAB-2509,published_markers_only,none,majority,231,27,"{'non_keloid': 140, 'keloid': 91}","{'non_keloid': 18, 'keloid': 9}",0.6666666666666666,0.5333333333333333,0.5,0.4,0.5,"[[0, 9], [0, 18]]","['keloid', 'non_keloid']"
keloid_binary,leave_accession_out_E-MTAB-2509,published_markers_only,none,stratified_random,231,27,"{'non_keloid': 140, 'keloid': 91}","{'non_keloid': 18, 'keloid': 9}",0.4074074074074074,0.4242424242424242,0.38888888888888884,0.38636363636363635,0.3888888888888889,"[[3, 6], [10, 8]]","['keloid', 'non_keloid']"
keloid_binary,leave_accession_out_E-MTAB-2509,published_markers_only,none,elastic_net_logreg,231,27,"{'non_keloid': 140, 'keloid': 91}","{'non_keloid': 18, 'keloid': 9}",0.4074074074074074,0.4139194139194139,0.4444444444444444,0.4065934065934066,0.5185185185185185,"[[5, 4], [12, 6]]","['keloid', 'non_keloid']"
keloid_binary,leave_accession_out_E-MTAB-2509,published_markers_only,none,linear_svm,231,27,"{'non_keloid': 140, 'keloid': 91}","{'non_keloid': 18, 'keloid': 9}",0.48148148148148145,0.48717948717948717,0.5277777777777778,0.4807692307692308,0.5555555555555556,"[[6, 3], [11, 7]]","['keloid', 'non_keloid']"
keloid_binary,leave_accession_out_E-MTAB-2509,published_markers_only,none,random_forest,231,27,"{'non_keloid': 140, 'keloid': 91}","{'non_keloid': 18, 'keloid': 9}",0.6296296296296297,0.6372549019607844,0.6111111111111112,0.6029411764705883,0.7222222222222222,"[[5, 4], [6, 12]]","['keloid', 'non_keloid']"
keloid_binary,leave_accession_out_E-MTAB-2509,published_markers_only,none,hist_gradient_boosting,231,27,"{'non_keloid': 140, 'keloid': 91}","{'non_keloid': 18, 'keloid': 9}",0.5925925925925926,0.5861155272919979,0.5277777777777778,0.5278219395866455,0.6296296296296297,"[[3, 6], [5, 13]]","['keloid', 'non_keloid']"
keloid_binary,leave_accession_out_E-MTAB-2509,published_markers_only,none,knn,231,27,"{'non_keloid': 140, 'keloid': 91}","{'non_keloid': 18, 'keloid': 9}",0.48148148148148145,0.48717948717948717,0.5277777777777778,0.4807692307692308,0.48148148148148157,"[[6, 3], [11, 7]]","['keloid', 'non_keloid']"
keloid_binary,leave_accession_out_E-MTAB-2509,published_markers_only,none,small_mlp,231,27,"{'non_keloid': 140, 'keloid': 91}","{'non_keloid': 18, 'keloid': 9}",0.5925925925925926,0.6031746031746031,0.5833333333333334,0.5714285714285714,0.5185185185185186,"[[5, 4], [7, 11]]","['keloid', 'non_keloid']"
keloid_binary,leave_accession_out_E-MTAB-2509,expanded_profibrotic_only,none,majority,231,27,"{'non_keloid': 140, 'keloid': 91}","{'non_keloid': 18, 'keloid': 9}",0.6666666666666666,0.5333333333333333,0.5,0.4,0.5,"[[0, 9], [0, 18]]","['keloid', 'non_keloid']"
keloid_binary,leave_accession_out_E-MTAB-2509,expanded_profibrotic_only,none,stratified_random,231,27,"{'non_keloid': 140, 'keloid': 91}","{'non_keloid': 18, 'keloid': 9}",0.4074074074074074,0.4242424242424242,0.38888888888888884,0.38636363636363635,0.3888888888888889,"[[3, 6], [10, 8]]","['keloid', 'non_keloid']"
keloid_binary,leave_accession_out_E-MTAB-2509,expanded_profibrotic_only,none,elastic_net_logreg,231,27,"{'non_keloid': 140, 'keloid': 91}","{'non_keloid': 18, 'keloid': 9}",0.7037037037037037,0.706959706959707,0.7777777777777778,0.7032967032967032,0.6728395061728395,"[[9, 0], [8, 10]]","['keloid', 'non_keloid']"
keloid_binary,leave_accession_out_E-MTAB-2509,expanded_profibrotic_only,none,linear_svm,231,27,"{'non_keloid': 140, 'keloid': 91}","{'non_keloid': 18, 'keloid': 9}",0.7037037037037037,0.706959706959707,0.7777777777777778,0.7032967032967032,0.6728395061728395,"[[9, 0], [8, 10]]","['keloid', 'non_keloid']"
keloid_binary,leave_accession_out_E-MTAB-2509,expanded_profibrotic_only,none,random_forest,231,27,"{'non_keloid': 140, 'keloid': 91}","{'non_keloid': 18, 'keloid': 9}",0.5185185185185185,0.5185185185185185,0.5833333333333334,0.5185185185185185,0.4907407407407408,"[[7, 2], [11, 7]]","['keloid', 'non_keloid']"
keloid_binary,leave_accession_out_E-MTAB-2509,expanded_profibrotic_only,none,hist_gradient_boosting,231,27,"{'non_keloid': 140, 'keloid': 91}","{'non_keloid': 18, 'keloid': 9}",0.4074074074074074,0.3859649122807018,0.3055555555555556,0.2894736842105263,0.42592592592592593,"[[0, 9], [7, 11]]","['keloid', 'non_keloid']"
keloid_binary,leave_accession_out_E-MTAB-2509,expanded_profibrotic_only,none,knn,231,27,"{'non_keloid': 140, 'keloid': 91}","{'non_keloid': 18, 'keloid': 9}",0.48148148148148145,0.492156862745098,0.4444444444444444,0.4441176470588235,0.3827160493827161,"[[3, 6], [8, 10]]","['keloid', 'non_keloid']"
keloid_binary,leave_accession_out_E-MTAB-2509,expanded_profibrotic_only,none,small_mlp,231,27,"{'non_keloid': 140, 'keloid': 91}","{'non_keloid': 18, 'keloid': 9}",0.7037037037037037,0.706959706959707,0.7777777777777778,0.7032967032967032,0.6759259259259259,"[[9, 0], [8, 10]]","['keloid', 'non_keloid']"
keloid_binary,leave_accession_out_E-MTAB-2509,shared_genes,none,majority,231,27,"{'non_keloid': 140, 'keloid': 91}","{'non_keloid': 18, 'keloid': 9}",0.6666666666666666,0.5333333333333333,0.5,0.4,0.5,"[[0, 9], [0, 18]]","['keloid', 'non_keloid']"
keloid_binary,leave_accession_out_E-MTAB-2509,shared_genes,none,stratified_random,231,27,"{'non_keloid': 140, 'keloid': 91}","{'non_keloid': 18, 'keloid': 9}",0.4074074074074074,0.4242424242424242,0.38888888888888884,0.38636363636363635,0.3888888888888889,"[[3, 6], [10, 8]]","['keloid', 'non_keloid']"
keloid_binary,leave_accession_out_E-MTAB-2509,shared_genes,none,elastic_net_logreg,231,27,"{'non_keloid': 140, 'keloid': 91}","{'non_keloid': 18, 'keloid': 9}",0.5925925925925926,0.5925925925925926,0.6666666666666666,0.5925925925925926,0.7530864197530864,"[[8, 1], [10, 8]]","['keloid', 'non_keloid']"
keloid_binary,leave_accession_out_E-MTAB-2509,shared_genes,none,linear_svm,231,27,"{'non_keloid': 140, 'keloid': 91}","{'non_keloid': 18, 'keloid': 9}",0.48148148148148145,0.48717948717948717,0.5277777777777778,0.4807692307692308,0.5740740740740742,"[[6, 3], [11, 7]]","['keloid', 'non_keloid']"
keloid_binary,leave_accession_out_E-MTAB-2509,shared_genes,none,random_forest,231,27,"{'non_keloid': 140, 'keloid': 91}","{'non_keloid': 18, 'keloid': 9}",0.5925925925925926,0.4961240310077519,0.4444444444444444,0.37209302325581395,0.7962962962962963,"[[0, 9], [2, 16]]","['keloid', 'non_keloid']"
keloid_binary,leave_accession_out_E-MTAB-2509,shared_genes,none,hist_gradient_boosting,231,27,"{'non_keloid': 140, 'keloid': 91}","{'non_keloid': 18, 'keloid': 9}",0.6666666666666666,0.6613672496025438,0.6111111111111112,0.6136724960254372,0.6049382716049383,"[[4, 5], [4, 14]]","['keloid', 'non_keloid']"
keloid_binary,leave_accession_out_E-MTAB-2509,shared_genes,none,knn,231,27,"{'non_keloid': 140, 'keloid': 91}","{'non_keloid': 18, 'keloid': 9}",0.3333333333333333,0.16666666666666666,0.5,0.25,0.5555555555555556,"[[9, 0], [18, 0]]","['keloid', 'non_keloid']"
keloid_binary,leave_accession_out_E-MTAB-2509,modules_only,none,majority,231,27,"{'non_keloid': 140, 'keloid': 91}","{'non_keloid': 18, 'keloid': 9}",0.6666666666666666,0.5333333333333333,0.5,0.4,0.5,"[[0, 9], [0, 18]]","['keloid', 'non_keloid']"
keloid_binary,leave_accession_out_E-MTAB-2509,modules_only,none,stratified_random,231,27,"{'non_keloid': 140, 'keloid': 91}","{'non_keloid': 18, 'keloid': 9}",0.4074074074074074,0.4242424242424242,0.38888888888888884,0.38636363636363635,0.3888888888888889,"[[3, 6], [10, 8]]","['keloid', 'non_keloid']"
keloid_binary,leave_accession_out_E-MTAB-2509,modules_only,none,elastic_net_logreg,231,27,"{'non_keloid': 140, 'keloid': 91}","{'non_keloid': 18, 'keloid': 9}",0.7777777777777778,0.7840909090909092,0.8055555555555556,0.7698863636363636,0.7716049382716049,"[[8, 1], [5, 13]]","['keloid', 'non_keloid']"
keloid_binary,leave_accession_out_E-MTAB-2509,modules_only,none,linear_svm,231,27,"{'non_keloid': 140, 'keloid': 91}","{'non_keloid': 18, 'keloid': 9}",0.7407407407407407,0.748013090229079,0.7777777777777777,0.7349228611500701,0.7716049382716049,"[[8, 1], [6, 12]]","['keloid', 'non_keloid']"
keloid_binary,leave_accession_out_E-MTAB-2509,modules_only,none,random_forest,231,27,"{'non_keloid': 140, 'keloid': 91}","{'non_keloid': 18, 'keloid': 9}",0.7777777777777778,0.7823529411764705,0.7777777777777778,0.7617647058823529,0.8024691358024691,"[[7, 2], [4, 14]]","['keloid', 'non_keloid']"
keloid_binary,leave_accession_out_E-MTAB-2509,modules_only,none,hist_gradient_boosting,231,27,"{'non_keloid': 140, 'keloid': 91}","{'non_keloid': 18, 'keloid': 9}",0.6296296296296297,0.6296296296296297,0.5833333333333333,0.5833333333333333,0.654320987654321,"[[4, 5], [5, 13]]","['keloid', 'non_keloid']"
keloid_binary,leave_accession_out_E-MTAB-2509,modules_only,none,knn,231,27,"{'non_keloid': 140, 'keloid': 91}","{'non_keloid': 18, 'keloid': 9}",0.7037037037037037,0.7111111111111111,0.75,0.7,0.771604938271605,"[[8, 1], [7, 11]]","['keloid', 'non_keloid']"
keloid_binary,leave_accession_out_E-MTAB-2509,modules_only,none,small_mlp,231,27,"{'non_keloid': 140, 'keloid': 91}","{'non_keloid': 18, 'keloid': 9}",0.6296296296296297,0.6336996336996337,0.6944444444444444,0.6291208791208791,0.6111111111111112,"[[8, 1], [9, 9]]","['keloid', 'non_keloid']"
keloid_binary,leave_accession_out_E-MTAB-2509,low_i2_core_only,none,majority,231,27,"{'non_keloid': 140, 'keloid': 91}","{'non_keloid': 18, 'keloid': 9}",0.6666666666666666,0.5333333333333333,0.5,0.4,0.5,"[[0, 9], [0, 18]]","['keloid', 'non_keloid']"
keloid_binary,leave_accession_out_E-MTAB-2509,low_i2_core_only,none,stratified_random,231,27,"{'non_keloid': 140, 'keloid': 91}","{'non_keloid': 18, 'keloid': 9}",0.4074074074074074,0.4242424242424242,0.38888888888888884,0.38636363636363635,0.3888888888888889,"[[3, 6], [10, 8]]","['keloid', 'non_keloid']"
keloid_binary,leave_accession_out_E-MTAB-2509,low_i2_core_only,none,elastic_net_logreg,231,27,"{'non_keloid': 140, 'keloid': 91}","{'non_keloid': 18, 'keloid': 9}",0.7407407407407407,0.748013090229079,0.7777777777777777,0.7349228611500701,0.7345679012345678,"[[8, 1], [6, 12]]","['keloid', 'non_keloid']"
keloid_binary,leave_accession_out_E-MTAB-2509,low_i2_core_only,none,linear_svm,231,27,"{'non_keloid': 140, 'keloid': 91}","{'non_keloid': 18, 'keloid': 9}",0.5555555555555556,0.5666666666666667,0.5833333333333333,0.55,0.654320987654321,"[[6, 3], [9, 9]]","['keloid', 'non_keloid']"
keloid_binary,leave_accession_out_E-MTAB-2509,low_i2_core_only,none,random_forest,231,27,"{'non_keloid': 140, 'keloid': 91}","{'non_keloid': 18, 'keloid': 9}",0.7037037037037037,0.6761904761904761,0.611111111111111,0.6142857142857143,0.7469135802469136,"[[3, 6], [2, 16]]","['keloid', 'non_keloid']"
keloid_binary,leave_accession_out_E-MTAB-2509,low_i2_core_only,none,hist_gradient_boosting,231,27,"{'non_keloid': 140, 'keloid': 91}","{'non_keloid': 18, 'keloid': 9}",0.7777777777777778,0.769736842105263,0.7222222222222222,0.7335526315789473,0.8271604938271604,"[[5, 4], [2, 16]]","['keloid', 'non_keloid']"
keloid_binary,leave_accession_out_E-MTAB-2509,low_i2_core_only,none,knn,231,27,"{'non_keloid': 140, 'keloid': 91}","{'non_keloid': 18, 'keloid': 9}",0.5925925925925926,0.5802298850574713,0.6944444444444444,0.5903448275862069,0.6141975308641976,"[[9, 0], [11, 7]]","['keloid', 'non_keloid']"
keloid_binary,leave_accession_out_E-MTAB-2509,low_i2_core_only,none,small_mlp,231,27,"{'non_keloid': 140, 'keloid': 91}","{'non_keloid': 18, 'keloid': 9}",0.48148148148148145,0.43333333333333335,0.3611111111111111,0.325,0.33333333333333337,"[[0, 9], [5, 13]]","['keloid', 'non_keloid']"
keloid_binary,leave_accession_out_E-MTAB-4945,profibrotic_module_only,none,majority,315,40,"{'keloid': 176, 'non_keloid': 139}","{'keloid': 27, 'non_keloid': 13}",0.675,0.5440298507462686,0.5,0.40298507462686567,0.5,"[[27, 0], [13, 0]]","['keloid', 'non_keloid']"
keloid_binary,leave_accession_out_E-MTAB-4945,profibrotic_module_only,none,stratified_random,315,40,"{'keloid': 176, 'non_keloid': 139}","{'keloid': 27, 'non_keloid': 13}",0.65,0.6609375,0.6609686609686609,0.6354166666666667,0.6609686609686609,"[[17, 10], [4, 9]]","['keloid', 'non_keloid']"
keloid_binary,leave_accession_out_E-MTAB-4945,profibrotic_module_only,none,elastic_net_logreg,315,40,"{'keloid': 176, 'non_keloid': 139}","{'keloid': 27, 'non_keloid': 13}",0.625,0.6333671399594321,0.6025641025641025,0.5943204868154158,0.6666666666666666,"[[18, 9], [6, 7]]","['keloid', 'non_keloid']"
keloid_binary,leave_accession_out_E-MTAB-4945,profibrotic_module_only,none,linear_svm,315,40,"{'keloid': 176, 'non_keloid': 139}","{'keloid': 27, 'non_keloid': 13}",0.625,0.6333671399594321,0.6025641025641025,0.5943204868154158,0.6666666666666666,"[[18, 9], [6, 7]]","['keloid', 'non_keloid']"
keloid_binary,leave_accession_out_E-MTAB-4945,profibrotic_module_only,none,random_forest,315,40,"{'keloid': 176, 'non_keloid': 139}","{'keloid': 27, 'non_keloid': 13}",0.7,0.6928571428571428,0.6381766381766382,0.6428571428571428,0.5797720797720798,"[[22, 5], [7, 6]]","['keloid', 'non_keloid']"
keloid_binary,leave_accession_out_E-MTAB-4945,profibrotic_module_only,none,hist_gradient_boosting,315,40,"{'keloid': 176, 'non_keloid': 139}","{'keloid': 27, 'non_keloid': 13}",0.675,0.6779524807826695,0.6396011396011396,0.636617749825297,0.6310541310541311,"[[20, 7], [6, 7]]","['keloid', 'non_keloid']"
keloid_binary,leave_accession_out_E-MTAB-4945,profibrotic_module_only,none,knn,315,40,"{'keloid': 176, 'non_keloid': 139}","{'keloid': 27, 'non_keloid': 13}",0.65,0.6416666666666667,0.5811965811965812,0.5833333333333334,0.5142450142450142,"[[21, 6], [8, 5]]","['keloid', 'non_keloid']"
keloid_binary,leave_accession_out_E-MTAB-4945,profibrotic_module_only,none,small_mlp,315,40,"{'keloid': 176, 'non_keloid': 139}","{'keloid': 27, 'non_keloid': 13}",0.7,0.6928571428571428,0.6381766381766382,0.6428571428571428,0.6951566951566952,"[[22, 5], [7, 6]]","['keloid', 'non_keloid']"
keloid_binary,leave_accession_out_E-MTAB-4945,modules_rank_plus_expanded,none,majority,315,40,"{'keloid': 176, 'non_keloid': 139}","{'keloid': 27, 'non_keloid': 13}",0.675,0.5440298507462686,0.5,0.40298507462686567,0.5,"[[27, 0], [13, 0]]","['keloid', 'non_keloid']"
keloid_binary,leave_accession_out_E-MTAB-4945,modules_rank_plus_expanded,none,stratified_random,315,40,"{'keloid': 176, 'non_keloid': 139}","{'keloid': 27, 'non_keloid': 13}",0.65,0.6609375,0.6609686609686609,0.6354166666666667,0.6609686609686609,"[[17, 10], [4, 9]]","['keloid', 'non_keloid']"
keloid_binary,leave_accession_out_E-MTAB-4945,modules_rank_plus_expanded,none,elastic_net_logreg,315,40,"{'keloid': 176, 'non_keloid': 139}","{'keloid': 27, 'non_keloid': 13}",0.65,0.6607416879795396,0.6809116809116809,0.6419437340153453,0.7777777777777778,"[[16, 11], [3, 10]]","['keloid', 'non_keloid']"
keloid_binary,leave_accession_out_E-MTAB-4945,modules_rank_plus_expanded,none,linear_svm,315,40,"{'keloid': 176, 'non_keloid': 139}","{'keloid': 27, 'non_keloid': 13}",0.65,0.6607416879795396,0.6809116809116809,0.6419437340153453,0.792022792022792,"[[16, 11], [3, 10]]","['keloid', 'non_keloid']"
keloid_binary,leave_accession_out_E-MTAB-4945,modules_rank_plus_expanded,none,random_forest,315,40,"{'keloid': 176, 'non_keloid': 139}","{'keloid': 27, 'non_keloid': 13}",0.6,0.61010101010101,0.6438746438746439,0.595959595959596,0.7350427350427351,"[[14, 13], [3, 10]]","['keloid', 'non_keloid']"
keloid_binary,leave_accession_out_E-MTAB-4945,modules_rank_plus_expanded,none,hist_gradient_boosting,315,40,"{'keloid': 176, 'non_keloid': 139}","{'keloid': 27, 'non_keloid': 13}",0.525,0.5390717577353522,0.5085470085470085,0.49967083607636603,0.6552706552706553,"[[15, 12], [7, 6]]","['keloid', 'non_keloid']"
keloid_binary,leave_accession_out_E-MTAB-4945,modules_rank_plus_expanded,none,knn,315,40,"{'keloid': 176, 'non_keloid': 139}","{'keloid': 27, 'non_keloid': 13}",0.6,0.6065934065934065,0.5641025641025641,0.5604395604395604,0.6552706552706553,"[[18, 9], [7, 6]]","['keloid', 'non_keloid']"
keloid_binary,leave_accession_out_E-MTAB-4945,modules_rank_plus_expanded,none,small_mlp,315,40,"{'keloid': 176, 'non_keloid': 139}","{'keloid': 27, 'non_keloid': 13}",0.575,0.5703636363636364,0.5056980056980057,0.5054545454545455,0.6638176638176638,"[[19, 8], [9, 4]]","['keloid', 'non_keloid']"
keloid_binary,leave_accession_out_E-MTAB-4945,modules_rank_only,none,majority,315,40,"{'keloid': 176, 'non_keloid': 139}","{'keloid': 27, 'non_keloid': 13}",0.675,0.5440298507462686,0.5,0.40298507462686567,0.5,"[[27, 0], [13, 0]]","['keloid', 'non_keloid']"
keloid_binary,leave_accession_out_E-MTAB-4945,modules_rank_only,none,stratified_random,315,40,"{'keloid': 176, 'non_keloid': 139}","{'keloid': 27, 'non_keloid': 13}",0.65,0.6609375,0.6609686609686609,0.6354166666666667,0.6609686609686609,"[[17, 10], [4, 9]]","['keloid', 'non_keloid']"
keloid_binary,leave_accession_out_E-MTAB-4945,modules_rank_only,none,elastic_net_logreg,315,40,"{'keloid': 176, 'non_keloid': 139}","{'keloid': 27, 'non_keloid': 13}",0.6,0.6122762148337596,0.6239316239316239,0.5907928388746804,0.6809116809116809,"[[15, 12], [4, 9]]","['keloid', 'non_keloid']"
keloid_binary,leave_accession_out_E-MTAB-4945,modules_rank_only,none,linear_svm,315,40,"{'keloid': 176, 'non_keloid': 139}","{'keloid': 27, 'non_keloid': 13}",0.65,0.6607416879795396,0.6809116809116809,0.6419437340153453,0.6837606837606838,"[[16, 11], [3, 10]]","['keloid', 'non_keloid']"
keloid_binary,leave_accession_out_E-MTAB-4945,modules_rank_only,none,random_forest,315,40,"{'keloid': 176, 'non_keloid': 139}","{'keloid': 27, 'non_keloid': 13}",0.55,0.556766917293233,0.6068376068376069,0.5488721804511278,0.6894586894586894,"[[12, 15], [3, 10]]","['keloid', 'non_keloid']"
keloid_binary,leave_accession_out_E-MTAB-4945,modules_rank_only,none,hist_gradient_boosting,315,40,"{'keloid': 176, 'non_keloid': 139}","{'keloid': 27, 'non_keloid': 13}",0.575,0.5875905200789993,0.5655270655270654,0.5523370638578011,0.6552706552706553,"[[16, 11], [6, 7]]","['keloid', 'non_keloid']"
keloid_binary,leave_accession_out_E-MTAB-4945,modules_rank_only,none,knn,315,40,"{'keloid': 176, 'non_keloid': 139}","{'keloid': 27, 'non_keloid': 13}",0.55,0.55,0.48717948717948717,0.48717948717948717,0.586894586894587,"[[18, 9], [9, 4]]","['keloid', 'non_keloid']"
keloid_binary,leave_accession_out_E-MTAB-4945,modules_rank_only,none,small_mlp,315,40,"{'keloid': 176, 'non_keloid': 139}","{'keloid': 27, 'non_keloid': 13}",0.625,0.6368471953578336,0.6424501424501424,0.6131528046421664,0.6638176638176638,"[[16, 11], [4, 9]]","['keloid', 'non_keloid']"
keloid_binary,leave_accession_out_E-MTAB-4945,shared_genes_plus_modules,none,majority,315,40,"{'keloid': 176, 'non_keloid': 139}","{'keloid': 27, 'non_keloid': 13}",0.675,0.5440298507462686,0.5,0.40298507462686567,0.5,"[[27, 0], [13, 0]]","['keloid', 'non_keloid']"
keloid_binary,leave_accession_out_E-MTAB-4945,shared_genes_plus_modules,none,stratified_random,315,40,"{'keloid': 176, 'non_keloid': 139}","{'keloid': 27, 'non_keloid': 13}",0.65,0.6609375,0.6609686609686609,0.6354166666666667,0.6609686609686609,"[[17, 10], [4, 9]]","['keloid', 'non_keloid']"
keloid_binary,leave_accession_out_E-MTAB-4945,shared_genes_plus_modules,none,elastic_net_logreg,315,40,"{'keloid': 176, 'non_keloid': 139}","{'keloid': 27, 'non_keloid': 13}",0.55,0.5640625,0.5470085470085471,0.53125,0.5698005698005698,"[[15, 12], [6, 7]]","['keloid', 'non_keloid']"
keloid_binary,leave_accession_out_E-MTAB-4945,shared_genes_plus_modules,none,linear_svm,315,40,"{'keloid': 176, 'non_keloid': 139}","{'keloid': 27, 'non_keloid': 13}",0.575,0.5884268214055448,0.5854700854700855,0.5615731785944552,0.6239316239316239,"[[15, 12], [5, 8]]","['keloid', 'non_keloid']"
keloid_binary,leave_accession_out_E-MTAB-4945,shared_genes_plus_modules,none,random_forest,315,40,"{'keloid': 176, 'non_keloid': 139}","{'keloid': 27, 'non_keloid': 13}",0.525,0.5205440900562852,0.6082621082621082,0.5247029393370857,0.5726495726495726,"[[10, 17], [2, 11]]","['keloid', 'non_keloid']"
keloid_binary,leave_accession_out_E-MTAB-4945,shared_genes_plus_modules,none,hist_gradient_boosting,315,40,"{'keloid': 176, 'non_keloid': 139}","{'keloid': 27, 'non_keloid': 13}",0.55,0.5638107416879795,0.566951566951567,0.5396419437340154,0.6153846153846154,"[[14, 13], [5, 8]]","['keloid', 'non_keloid']"
keloid_binary,leave_accession_out_E-MTAB-4945,shared_genes_plus_modules,none,knn,315,40,"{'keloid': 176, 'non_keloid': 139}","{'keloid': 27, 'non_keloid': 13}",0.625,0.6209090909090909,0.5626780626780626,0.5636363636363637,0.6111111111111112,"[[20, 7], [8, 5]]","['keloid', 'non_keloid']"
keloid_binary,leave_accession_out_E-MTAB-4945,shared_genes_plus_modules,none,small_mlp,315,40,"{'keloid': 176, 'non_keloid': 139}","{'keloid': 27, 'non_keloid': 13}",0.5,0.515625,0.49002849002849,0.4791666666666667,0.5156695156695157,"[[14, 13], [7, 6]]","['keloid', 'non_keloid']"
keloid_binary,leave_accession_out_E-MTAB-4945,published_markers_only,none,majority,315,40,"{'keloid': 176, 'non_keloid': 139}","{'keloid': 27, 'non_keloid': 13}",0.675,0.5440298507462686,0.5,0.40298507462686567,0.5,"[[27, 0], [13, 0]]","['keloid', 'non_keloid']"
keloid_binary,leave_accession_out_E-MTAB-4945,published_markers_only,none,stratified_random,315,40,"{'keloid': 176, 'non_keloid': 139}","{'keloid': 27, 'non_keloid': 13}",0.65,0.6609375,0.6609686609686609,0.6354166666666667,0.6609686609686609,"[[17, 10], [4, 9]]","['keloid', 'non_keloid']"
keloid_binary,leave_accession_out_E-MTAB-4945,published_markers_only,none,elastic_net_logreg,315,40,"{'keloid': 176, 'non_keloid': 139}","{'keloid': 27, 'non_keloid': 13}",0.375,0.3947453255963894,0.3575498575498576,0.3552546744036106,0.3846153846153847,"[[11, 16], [9, 4]]","['keloid', 'non_keloid']"
keloid_binary,leave_accession_out_E-MTAB-4945,published_markers_only,none,linear_svm,315,40,"{'keloid': 176, 'non_keloid': 139}","{'keloid': 27, 'non_keloid': 13}",0.375,0.3947453255963894,0.3575498575498576,0.3552546744036106,0.3817663817663818,"[[11, 16], [9, 4]]","['keloid', 'non_keloid']"
keloid_binary,leave_accession_out_E-MTAB-4945,published_markers_only,none,random_forest,315,40,"{'keloid': 176, 'non_keloid': 139}","{'keloid': 27, 'non_keloid': 13}",0.55,0.556766917293233,0.6068376068376069,0.5488721804511278,0.5641025641025641,"[[12, 15], [3, 10]]","['keloid', 'non_keloid']"
keloid_binary,leave_accession_out_E-MTAB-4945,published_markers_only,none,hist_gradient_boosting,315,40,"{'keloid': 176, 'non_keloid': 139}","{'keloid': 27, 'non_keloid': 13}",0.55,0.5638107416879795,0.566951566951567,0.5396419437340154,0.6552706552706553,"[[14, 13], [5, 8]]","['keloid', 'non_keloid']"
keloid_binary,leave_accession_out_E-MTAB-4945,published_markers_only,none,knn,315,40,"{'keloid': 176, 'non_keloid': 139}","{'keloid': 27, 'non_keloid': 13}",0.525,0.540006447453256,0.5284900284900285,0.5099935525467441,0.5142450142450143,"[[14, 13], [6, 7]]","['keloid', 'non_keloid']"
keloid_binary,leave_accession_out_E-MTAB-4945,published_markers_only,none,small_mlp,315,40,"{'keloid': 176, 'non_keloid': 139}","{'keloid': 27, 'non_keloid': 13}",0.575,0.5884268214055448,0.5854700854700855,0.5615731785944552,0.5954415954415955,"[[15, 12], [5, 8]]","['keloid', 'non_keloid']"
keloid_binary,leave_accession_out_E-MTAB-4945,expanded_profibrotic_only,none,majority,315,40,"{'keloid': 176, 'non_keloid': 139}","{'keloid': 27, 'non_keloid': 13}",0.675,0.5440298507462686,0.5,0.40298507462686567,0.5,"[[27, 0], [13, 0]]","['keloid', 'non_keloid']"
keloid_binary,leave_accession_out_E-MTAB-4945,expanded_profibrotic_only,none,stratified_random,315,40,"{'keloid': 176, 'non_keloid': 139}","{'keloid': 27, 'non_keloid': 13}",0.65,0.6609375,0.6609686609686609,0.6354166666666667,0.6609686609686609,"[[17, 10], [4, 9]]","['keloid', 'non_keloid']"
keloid_binary,leave_accession_out_E-MTAB-4945,expanded_profibrotic_only,none,elastic_net_logreg,315,40,"{'keloid': 176, 'non_keloid': 139}","{'keloid': 27, 'non_keloid': 13}",0.675,0.6842857142857143,0.7193732193732194,0.6698412698412699,0.7165242165242166,"[[16, 11], [2, 11]]","['keloid', 'non_keloid']"
keloid_binary,leave_accession_out_E-MTAB-4945,expanded_profibrotic_only,none,linear_svm,315,40,"{'keloid': 176, 'non_keloid': 139}","{'keloid': 27, 'non_keloid': 13}",0.675,0.6842857142857143,0.7193732193732194,0.6698412698412699,0.7165242165242166,"[[16, 11], [2, 11]]","['keloid', 'non_keloid']"
keloid_binary,leave_accession_out_E-MTAB-4945,expanded_profibrotic_only,none,random_forest,315,40,"{'keloid': 176, 'non_keloid': 139}","{'keloid': 27, 'non_keloid': 13}",0.425,0.4431656995486783,0.4145299145299145,0.40683430045132174,0.5284900284900285,"[[12, 15], [8, 5]]","['keloid', 'non_keloid']"
keloid_binary,leave_accession_out_E-MTAB-4945,expanded_profibrotic_only,none,hist_gradient_boosting,315,40,"{'keloid': 176, 'non_keloid': 139}","{'keloid': 27, 'non_keloid': 13}",0.475,0.4915860735009671,0.47150997150997154,0.4584139264990329,0.5384615384615385,"[[13, 14], [7, 6]]","['keloid', 'non_keloid']"
keloid_binary,leave_accession_out_E-MTAB-4945,expanded_profibrotic_only,none,knn,315,40,"{'keloid': 176, 'non_keloid': 139}","{'keloid': 27, 'non_keloid': 13}",0.5,0.5133333333333333,0.4700854700854701,0.4666666666666667,0.462962962962963,"[[15, 12], [8, 5]]","['keloid', 'non_keloid']"
keloid_binary,leave_accession_out_E-MTAB-4945,expanded_profibrotic_only,none,small_mlp,315,40,"{'keloid': 176, 'non_keloid': 139}","{'keloid': 27, 'non_keloid': 13}",0.725,0.7331468071099407,0.7364672364672364,0.7103357472021066,0.7478632478632479,"[[19, 8], [3, 10]]","['keloid', 'non_keloid']"
keloid_binary,leave_accession_out_E-MTAB-4945,shared_genes,none,majority,315,40,"{'keloid': 176, 'non_keloid': 139}","{'keloid': 27, 'non_keloid': 13}",0.675,0.5440298507462686,0.5,0.40298507462686567,0.5,"[[27, 0], [13, 0]]","['keloid', 'non_keloid']"
keloid_binary,leave_accession_out_E-MTAB-4945,shared_genes,none,stratified_random,315,40,"{'keloid': 176, 'non_keloid': 139}","{'keloid': 27, 'non_keloid': 13}",0.65,0.6609375,0.6609686609686609,0.6354166666666667,0.6609686609686609,"[[17, 10], [4, 9]]","['keloid', 'non_keloid']"
keloid_binary,leave_accession_out_E-MTAB-4945,shared_genes,none,elastic_net_logreg,315,40,"{'keloid': 176, 'non_keloid': 139}","{'keloid': 27, 'non_keloid': 13}",0.55,0.5640625,0.5470085470085471,0.53125,0.584045584045584,"[[15, 12], [6, 7]]","['keloid', 'non_keloid']"
keloid_binary,leave_accession_out_E-MTAB-4945,shared_genes,none,linear_svm,315,40,"{'keloid': 176, 'non_keloid': 139}","{'keloid': 27, 'non_keloid': 13}",0.575,0.5884268214055448,0.5854700854700855,0.5615731785944552,0.6467236467236467,"[[15, 12], [5, 8]]","['keloid', 'non_keloid']"
keloid_binary,leave_accession_out_E-MTAB-4945,shared_genes,none,random_forest,315,40,"{'keloid': 176, 'non_keloid': 139}","{'keloid': 27, 'non_keloid': 13}",0.6,0.606015037593985,0.6638176638176638,0.5989974937343359,0.5042735042735043,"[[13, 14], [2, 11]]","['keloid', 'non_keloid']"
keloid_binary,leave_accession_out_E-MTAB-4945,shared_genes,none,hist_gradient_boosting,315,40,"{'keloid': 176, 'non_keloid': 139}","{'keloid': 27, 'non_keloid': 13}",0.625,0.6368471953578336,0.6424501424501424,0.6131528046421664,0.6296296296296297,"[[16, 11], [4, 9]]","['keloid', 'non_keloid']"
keloid_binary,leave_accession_out_E-MTAB-4945,shared_genes,none,knn,315,40,"{'keloid': 176, 'non_keloid': 139}","{'keloid': 27, 'non_keloid': 13}",0.65,0.6416666666666667,0.5811965811965812,0.5833333333333334,0.6111111111111112,"[[21, 6], [8, 5]]","['keloid', 'non_keloid']"
keloid_binary,leave_accession_out_E-MTAB-4945,modules_only,none,majority,315,40,"{'keloid': 176, 'non_keloid': 139}","{'keloid': 27, 'non_keloid': 13}",0.675,0.5440298507462686,0.5,0.40298507462686567,0.5,"[[27, 0], [13, 0]]","['keloid', 'non_keloid']"
keloid_binary,leave_accession_out_E-MTAB-4945,modules_only,none,stratified_random,315,40,"{'keloid': 176, 'non_keloid': 139}","{'keloid': 27, 'non_keloid': 13}",0.65,0.6609375,0.6609686609686609,0.6354166666666667,0.6609686609686609,"[[17, 10], [4, 9]]","['keloid', 'non_keloid']"
keloid_binary,leave_accession_out_E-MTAB-4945,modules_only,none,elastic_net_logreg,315,40,"{'keloid': 176, 'non_keloid': 139}","{'keloid': 27, 'non_keloid': 13}",0.6,0.6106666666666667,0.584045584045584,0.5733333333333334,0.6666666666666667,"[[17, 10], [6, 7]]","['keloid', 'non_keloid']"
keloid_binary,leave_accession_out_E-MTAB-4945,modules_only,none,linear_svm,315,40,"{'keloid': 176, 'non_keloid': 139}","{'keloid': 27, 'non_keloid': 13}",0.625,0.6333671399594321,0.6025641025641025,0.5943204868154158,0.6723646723646723,"[[18, 9], [6, 7]]","['keloid', 'non_keloid']"
keloid_binary,leave_accession_out_E-MTAB-4945,modules_only,none,random_forest,315,40,"{'keloid': 176, 'non_keloid': 139}","{'keloid': 27, 'non_keloid': 13}",0.6,0.6125,0.603988603988604,0.5833333333333333,0.6752136752136753,"[[16, 11], [5, 8]]","['keloid', 'non_keloid']"
keloid_binary,leave_accession_out_E-MTAB-4945,modules_only,none,hist_gradient_boosting,315,40,"{'keloid': 176, 'non_keloid': 139}","{'keloid': 27, 'non_keloid': 13}",0.65,0.6609375,0.6609686609686609,0.6354166666666667,0.6581196581196581,"[[17, 10], [4, 9]]","['keloid', 'non_keloid']"
keloid_binary,leave_accession_out_E-MTAB-4945,modules_only,none,knn,315,40,"{'keloid': 176, 'non_keloid': 139}","{'keloid': 27, 'non_keloid': 13}",0.675,0.6822515212981745,0.6595441595441596,0.6484110885733604,0.6752136752136753,"[[19, 8], [5, 8]]","['keloid', 'non_keloid']"
keloid_binary,leave_accession_out_E-MTAB-4945,modules_only,none,small_mlp,315,40,"{'keloid': 176, 'non_keloid': 139}","{'keloid': 27, 'non_keloid': 13}",0.625,0.6284067085953878,0.5826210826210827,0.5807127882599581,0.6296296296296298,"[[19, 8], [7, 6]]","['keloid', 'non_keloid']"
keloid_binary,leave_accession_out_E-MTAB-4945,low_i2_core_only,none,majority,315,40,"{'keloid': 176, 'non_keloid': 139}","{'keloid': 27, 'non_keloid': 13}",0.675,0.5440298507462686,0.5,0.40298507462686567,0.5,"[[27, 0], [13, 0]]","['keloid', 'non_keloid']"
keloid_binary,leave_accession_out_E-MTAB-4945,low_i2_core_only,none,stratified_random,315,40,"{'keloid': 176, 'non_keloid': 139}","{'keloid': 27, 'non_keloid': 13}",0.65,0.6609375,0.6609686609686609,0.6354166666666667,0.6609686609686609,"[[17, 10], [4, 9]]","['keloid', 'non_keloid']"
keloid_binary,leave_accession_out_E-MTAB-4945,low_i2_core_only,none,elastic_net_logreg,315,40,"{'keloid': 176, 'non_keloid': 139}","{'keloid': 27, 'non_keloid': 13}",0.5,0.5153452685421994,0.50997150997151,0.48849104859335035,0.5213675213675215,"[[13, 14], [6, 7]]","['keloid', 'non_keloid']"
keloid_binary,leave_accession_out_E-MTAB-4945,low_i2_core_only,none,linear_svm,315,40,"{'keloid': 176, 'non_keloid': 139}","{'keloid': 27, 'non_keloid': 13}",0.525,0.540006447453256,0.5284900284900285,0.5099935525467441,0.5128205128205129,"[[14, 13], [6, 7]]","['keloid', 'non_keloid']"
keloid_binary,leave_accession_out_E-MTAB-4945,low_i2_core_only,none,random_forest,315,40,"{'keloid': 176, 'non_keloid': 139}","{'keloid': 27, 'non_keloid': 13}",0.625,0.6361092824226464,0.6225071225071226,0.6050032916392363,0.6581196581196581,"[[17, 10], [5, 8]]","['keloid', 'non_keloid']"
keloid_binary,leave_accession_out_E-MTAB-4945,low_i2_core_only,none,hist_gradient_boosting,315,40,"{'keloid': 176, 'non_keloid': 139}","{'keloid': 27, 'non_keloid': 13}",0.625,0.6361092824226464,0.6225071225071226,0.6050032916392363,0.5783475783475784,"[[17, 10], [5, 8]]","['keloid', 'non_keloid']"
keloid_binary,leave_accession_out_E-MTAB-4945,low_i2_core_only,none,knn,315,40,"{'keloid': 176, 'non_keloid': 139}","{'keloid': 27, 'non_keloid': 13}",0.575,0.5424132364810331,0.4658119658119658,0.45117029862792574,0.5071225071225072,"[[21, 6], [11, 2]]","['keloid', 'non_keloid']"
keloid_binary,leave_accession_out_E-MTAB-4945,low_i2_core_only,none,small_mlp,315,40,"{'keloid': 176, 'non_keloid': 139}","{'keloid': 27, 'non_keloid': 13}",0.65,0.6609375,0.6609686609686609,0.6354166666666667,0.6581196581196581,"[[17, 10], [4, 9]]","['keloid', 'non_keloid']"
keloid_binary,leave_accession_out_GSE145725,profibrotic_module_only,none,majority,340,19,"{'non_keloid': 211, 'keloid': 129}","{'non_keloid': 10, 'keloid': 9}",0.5263157894736842,0.3629764065335753,0.5,0.3448275862068966,0.5,"[[0, 9], [0, 10]]","['keloid', 'non_keloid']"
keloid_binary,leave_accession_out_GSE145725,profibrotic_module_only,none,stratified_random,340,19,"{'non_keloid': 211, 'keloid': 129}","{'non_keloid': 10, 'keloid': 9}",0.6842105263157895,0.6842105263157895,0.6833333333333333,0.6833333333333333,0.6833333333333335,"[[6, 3], [3, 7]]","['keloid', 'non_keloid']"
keloid_binary,leave_accession_out_GSE145725,profibrotic_module_only,none,elastic_net_logreg,340,19,"{'non_keloid': 211, 'keloid': 129}","{'non_keloid': 10, 'keloid': 9}",0.7894736842105263,0.7894736842105263,0.788888888888889,0.788888888888889,0.9111111111111111,"[[7, 2], [2, 8]]","['keloid', 'non_keloid']"
keloid_binary,leave_accession_out_GSE145725,profibrotic_module_only,none,linear_svm,340,19,"{'non_keloid': 211, 'keloid': 129}","{'non_keloid': 10, 'keloid': 9}",0.7894736842105263,0.7894736842105263,0.788888888888889,0.788888888888889,0.9111111111111111,"[[7, 2], [2, 8]]","['keloid', 'non_keloid']"
keloid_binary,leave_accession_out_GSE145725,profibrotic_module_only,none,random_forest,340,19,"{'non_keloid': 211, 'keloid': 129}","{'non_keloid': 10, 'keloid': 9}",0.8947368421052632,0.8929425837320574,0.8888888888888888,0.8920454545454546,0.9166666666666666,"[[7, 2], [0, 10]]","['keloid', 'non_keloid']"
keloid_binary,leave_accession_out_GSE145725,profibrotic_module_only,none,hist_gradient_boosting,340,19,"{'non_keloid': 211, 'keloid': 129}","{'non_keloid': 10, 'keloid': 9}",0.8421052631578947,0.8366132723112127,0.8333333333333333,0.8347826086956522,0.9277777777777778,"[[6, 3], [0, 10]]","['keloid', 'non_keloid']"
keloid_binary,leave_accession_out_GSE145725,profibrotic_module_only,none,knn,340,19,"{'non_keloid': 211, 'keloid': 129}","{'non_keloid': 10, 'keloid': 9}",0.7894736842105263,0.7858851674641149,0.7833333333333333,0.7840909090909092,0.8055555555555556,"[[6, 3], [1, 9]]","['keloid', 'non_keloid']"
keloid_binary,leave_accession_out_GSE145725,profibrotic_module_only,none,small_mlp,340,19,"{'non_keloid': 211, 'keloid': 129}","{'non_keloid': 10, 'keloid': 9}",0.7894736842105263,0.7894736842105263,0.788888888888889,0.788888888888889,0.9111111111111111,"[[7, 2], [2, 8]]","['keloid', 'non_keloid']"
keloid_binary,leave_accession_out_GSE145725,modules_rank_plus_expanded,none,majority,340,19,"{'non_keloid': 211, 'keloid': 129}","{'non_keloid': 10, 'keloid': 9}",0.5263157894736842,0.3629764065335753,0.5,0.3448275862068966,0.5,"[[0, 9], [0, 10]]","['keloid', 'non_keloid']"
keloid_binary,leave_accession_out_GSE145725,modules_rank_plus_expanded,none,stratified_random,340,19,"{'non_keloid': 211, 'keloid': 129}","{'non_keloid': 10, 'keloid': 9}",0.6842105263157895,0.6842105263157895,0.6833333333333333,0.6833333333333333,0.6833333333333335,"[[6, 3], [3, 7]]","['keloid', 'non_keloid']"
keloid_binary,leave_accession_out_GSE145725,modules_rank_plus_expanded,none,elastic_net_logreg,340,19,"{'non_keloid': 211, 'keloid': 129}","{'non_keloid': 10, 'keloid': 9}",0.631578947368421,0.631578947368421,0.6333333333333333,0.631578947368421,0.6222222222222223,"[[6, 3], [4, 6]]","['keloid', 'non_keloid']"
keloid_binary,leave_accession_out_GSE145725,modules_rank_plus_expanded,none,linear_svm,340,19,"{'non_keloid': 211, 'keloid': 129}","{'non_keloid': 10, 'keloid': 9}",0.631578947368421,0.631578947368421,0.6333333333333333,0.631578947368421,0.6,"[[6, 3], [4, 6]]","['keloid', 'non_keloid']"
keloid_binary,leave_accession_out_GSE145725,modules_rank_plus_expanded,none,random_forest,340,19,"{'non_keloid': 211, 'keloid': 129}","{'non_keloid': 10, 'keloid': 9}",0.5789473684210527,0.5717703349282296,0.5722222222222222,0.5681818181818181,0.7111111111111111,"[[4, 5], [3, 7]]","['keloid', 'non_keloid']"
keloid_binary,leave_accession_out_GSE145725,modules_rank_plus_expanded,none,hist_gradient_boosting,340,19,"{'non_keloid': 211, 'keloid': 129}","{'non_keloid': 10, 'keloid': 9}",0.6842105263157895,0.6788277511961723,0.6777777777777778,0.6761363636363636,0.6777777777777778,"[[5, 4], [2, 8]]","['keloid', 'non_keloid']"
keloid_binary,leave_accession_out_GSE145725,modules_rank_plus_expanded,none,knn,340,19,"{'non_keloid': 211, 'keloid': 129}","{'non_keloid': 10, 'keloid': 9}",0.5263157894736842,0.5263157894736842,0.5277777777777778,0.5263157894736842,0.6111111111111112,"[[5, 4], [5, 5]]","['keloid', 'non_keloid']"
keloid_binary,leave_accession_out_GSE145725,modules_rank_plus_expanded,none,small_mlp,340,19,"{'non_keloid': 211, 'keloid': 129}","{'non_keloid': 10, 'keloid': 9}",0.631578947368421,0.6253869969040248,0.6388888888888888,0.6274509803921569,0.8111111111111111,"[[7, 2], [5, 5]]","['keloid', 'non_keloid']"
keloid_binary,leave_accession_out_GSE145725,modules_rank_only,none,majority,340,19,"{'non_keloid': 211, 'keloid': 129}","{'non_keloid': 10, 'keloid': 9}",0.5263157894736842,0.3629764065335753,0.5,0.3448275862068966,0.5,"[[0, 9], [0, 10]]","['keloid', 'non_keloid']"
keloid_binary,leave_accession_out_GSE145725,modules_rank_only,none,stratified_random,340,19,"{'non_keloid': 211, 'keloid': 129}","{'non_keloid': 10, 'keloid': 9}",0.6842105263157895,0.6842105263157895,0.6833333333333333,0.6833333333333333,0.6833333333333335,"[[6, 3], [3, 7]]","['keloid', 'non_keloid']"
keloid_binary,leave_accession_out_GSE145725,modules_rank_only,none,elastic_net_logreg,340,19,"{'non_keloid': 211, 'keloid': 129}","{'non_keloid': 10, 'keloid': 9}",0.7368421052631579,0.7368421052631579,0.7388888888888889,0.7368421052631579,0.8555555555555556,"[[7, 2], [3, 7]]","['keloid', 'non_keloid']"
keloid_binary,leave_accession_out_GSE145725,modules_rank_only,none,linear_svm,340,19,"{'non_keloid': 211, 'keloid': 129}","{'non_keloid': 10, 'keloid': 9}",0.7368421052631579,0.7368421052631579,0.7388888888888889,0.7368421052631579,0.8555555555555556,"[[7, 2], [3, 7]]","['keloid', 'non_keloid']"
keloid_binary,leave_accession_out_GSE145725,modules_rank_only,none,random_forest,340,19,"{'non_keloid': 211, 'keloid': 129}","{'non_keloid': 10, 'keloid': 9}",0.6842105263157895,0.6654135338345865,0.6722222222222223,0.6607142857142857,0.7666666666666667,"[[4, 5], [1, 9]]","['keloid', 'non_keloid']"
keloid_binary,leave_accession_out_GSE145725,modules_rank_only,none,hist_gradient_boosting,340,19,"{'non_keloid': 211, 'keloid': 129}","{'non_keloid': 10, 'keloid': 9}",0.7368421052631579,0.7353678313430635,0.7333333333333334,0.7338935574229692,0.688888888888889,"[[6, 3], [2, 8]]","['keloid', 'non_keloid']"
keloid_binary,leave_accession_out_GSE145725,modules_rank_only,none,knn,340,19,"{'non_keloid': 211, 'keloid': 129}","{'non_keloid': 10, 'keloid': 9}",0.631578947368421,0.631578947368421,0.6333333333333333,0.631578947368421,0.6611111111111111,"[[6, 3], [4, 6]]","['keloid', 'non_keloid']"
keloid_binary,leave_accession_out_GSE145725,modules_rank_only,none,small_mlp,340,19,"{'non_keloid': 211, 'keloid': 129}","{'non_keloid': 10, 'keloid': 9}",0.8421052631578947,0.8412206988058382,0.8388888888888889,0.8403361344537814,0.8777777777777778,"[[7, 2], [1, 9]]","['keloid', 'non_keloid']"
keloid_binary,leave_accession_out_GSE145725,shared_genes_plus_modules,none,majority,340,19,"{'non_keloid': 211, 'keloid': 129}","{'non_keloid': 10, 'keloid': 9}",0.5263157894736842,0.3629764065335753,0.5,0.3448275862068966,0.5,"[[0, 9], [0, 10]]","['keloid', 'non_keloid']"
keloid_binary,leave_accession_out_GSE145725,shared_genes_plus_modules,none,stratified_random,340,19,"{'non_keloid': 211, 'keloid': 129}","{'non_keloid': 10, 'keloid': 9}",0.6842105263157895,0.6842105263157895,0.6833333333333333,0.6833333333333333,0.6833333333333335,"[[6, 3], [3, 7]]","['keloid', 'non_keloid']"
keloid_binary,leave_accession_out_GSE145725,shared_genes_plus_modules,none,elastic_net_logreg,340,19,"{'non_keloid': 211, 'keloid': 129}","{'non_keloid': 10, 'keloid': 9}",0.5263157894736842,0.5183547103051748,0.5333333333333333,0.5210084033613445,0.5,"[[6, 3], [6, 4]]","['keloid', 'non_keloid']"
keloid_binary,leave_accession_out_GSE145725,shared_genes_plus_modules,none,linear_svm,340,19,"{'non_keloid': 211, 'keloid': 129}","{'non_keloid': 10, 'keloid': 9}",0.631578947368421,0.6102212051868802,0.6444444444444444,0.6144927536231883,0.5444444444444444,"[[8, 1], [6, 4]]","['keloid', 'non_keloid']"
keloid_binary,leave_accession_out_GSE145725,shared_genes_plus_modules,none,random_forest,340,19,"{'non_keloid': 211, 'keloid': 129}","{'non_keloid': 10, 'keloid': 9}",0.5263157894736842,0.3629764065335753,0.5,0.3448275862068966,0.4222222222222222,"[[0, 9], [0, 10]]","['keloid', 'non_keloid']"
keloid_binary,leave_accession_out_GSE145725,shared_genes_plus_modules,none,hist_gradient_boosting,340,19,"{'non_keloid': 211, 'keloid': 129}","{'non_keloid': 10, 'keloid': 9}",0.631578947368421,0.5621123515860358,0.6111111111111112,0.5521885521885521,0.6222222222222222,"[[2, 7], [0, 10]]","['keloid', 'non_keloid']"
keloid_binary,leave_accession_out_GSE145725,shared_genes_plus_modules,none,knn,340,19,"{'non_keloid': 211, 'keloid': 129}","{'non_keloid': 10, 'keloid': 9}",0.47368421052631576,0.33834586466165417,0.45,0.32142857142857145,0.5,"[[0, 9], [1, 9]]","['keloid', 'non_keloid']"
keloid_binary,leave_accession_out_GSE145725,shared_genes_plus_modules,none,small_mlp,340,19,"{'non_keloid': 211, 'keloid': 129}","{'non_keloid': 10, 'keloid': 9}",0.47368421052631576,0.47368421052631576,0.4722222222222222,0.4722222222222222,0.4666666666666667,"[[4, 5], [5, 5]]","['keloid', 'non_keloid']"
keloid_binary,leave_accession_out_GSE145725,published_markers_only,none,majority,340,19,"{'non_keloid': 211, 'keloid': 129}","{'non_keloid': 10, 'keloid': 9}",0.5263157894736842,0.3629764065335753,0.5,0.3448275862068966,0.5,"[[0, 9], [0, 10]]","['keloid', 'non_keloid']"
keloid_binary,leave_accession_out_GSE145725,published_markers_only,none,stratified_random,340,19,"{'non_keloid': 211, 'keloid': 129}","{'non_keloid': 10, 'keloid': 9}",0.6842105263157895,0.6842105263157895,0.6833333333333333,0.6833333333333333,0.6833333333333335,"[[6, 3], [3, 7]]","['keloid', 'non_keloid']"
keloid_binary,leave_accession_out_GSE145725,published_markers_only,none,elastic_net_logreg,340,19,"{'non_keloid': 211, 'keloid': 129}","{'non_keloid': 10, 'keloid': 9}",0.2631578947368421,0.2590643274853801,0.26666666666666666,0.26111111111111107,0.2777777777777778,"[[3, 6], [8, 2]]","['keloid', 'non_keloid']"
keloid_binary,leave_accession_out_GSE145725,published_markers_only,none,linear_svm,340,19,"{'non_keloid': 211, 'keloid': 129}","{'non_keloid': 10, 'keloid': 9}",0.2631578947368421,0.2590643274853801,0.26666666666666666,0.26111111111111107,0.1777777777777778,"[[3, 6], [8, 2]]","['keloid', 'non_keloid']"
keloid_binary,leave_accession_out_GSE145725,published_markers_only,none,random_forest,340,19,"{'non_keloid': 211, 'keloid': 129}","{'non_keloid': 10, 'keloid': 9}",0.7368421052631579,0.7125506072874493,0.7222222222222222,0.7076923076923077,0.8,"[[4, 5], [0, 10]]","['keloid', 'non_keloid']"
keloid_binary,leave_accession_out_GSE145725,published_markers_only,none,hist_gradient_boosting,340,19,"{'non_keloid': 211, 'keloid': 129}","{'non_keloid': 10, 'keloid': 9}",0.631578947368421,0.6187643020594965,0.6222222222222222,0.6144927536231883,0.7555555555555555,"[[4, 5], [2, 8]]","['keloid', 'non_keloid']"
keloid_binary,leave_accession_out_GSE145725,published_markers_only,none,knn,340,19,"{'non_keloid': 211, 'keloid': 129}","{'non_keloid': 10, 'keloid': 9}",0.5789473684210527,0.5717703349282296,0.5722222222222222,0.5681818181818181,0.6055555555555555,"[[4, 5], [3, 7]]","['keloid', 'non_keloid']"
keloid_binary,leave_accession_out_GSE145725,published_markers_only,none,small_mlp,340,19,"{'non_keloid': 211, 'keloid': 129}","{'non_keloid': 10, 'keloid': 9}",0.631578947368421,0.6187643020594965,0.6222222222222222,0.6144927536231883,0.6222222222222222,"[[4, 5], [2, 8]]","['keloid', 'non_keloid']"
keloid_binary,leave_accession_out_GSE145725,expanded_profibrotic_only,none,majority,340,19,"{'non_keloid': 211, 'keloid': 129}","{'non_keloid': 10, 'keloid': 9}",0.5263157894736842,0.3629764065335753,0.5,0.3448275862068966,0.5,"[[0, 9], [0, 10]]","['keloid', 'non_keloid']"
keloid_binary,leave_accession_out_GSE145725,expanded_profibrotic_only,none,stratified_random,340,19,"{'non_keloid': 211, 'keloid': 129}","{'non_keloid': 10, 'keloid': 9}",0.6842105263157895,0.6842105263157895,0.6833333333333333,0.6833333333333333,0.6833333333333335,"[[6, 3], [3, 7]]","['keloid', 'non_keloid']"
keloid_binary,leave_accession_out_GSE145725,expanded_profibrotic_only,none,elastic_net_logreg,340,19,"{'non_keloid': 211, 'keloid': 129}","{'non_keloid': 10, 'keloid': 9}",0.5263157894736842,0.5183547103051748,0.5333333333333333,0.5210084033613445,0.7111111111111111,"[[6, 3], [6, 4]]","['keloid', 'non_keloid']"
keloid_binary,leave_accession_out_GSE145725,expanded_profibrotic_only,none,linear_svm,340,19,"{'non_keloid': 211, 'keloid': 129}","{'non_keloid': 10, 'keloid': 9}",0.5789473684210527,0.5766081871345029,0.5833333333333333,0.5777777777777777,0.7111111111111111,"[[6, 3], [5, 5]]","['keloid', 'non_keloid']"
keloid_binary,leave_accession_out_GSE145725,expanded_profibrotic_only,none,random_forest,340,19,"{'non_keloid': 211, 'keloid': 129}","{'non_keloid': 10, 'keloid': 9}",0.5263157894736842,0.5183547103051748,0.5333333333333333,0.5210084033613445,0.5333333333333333,"[[6, 3], [6, 4]]","['keloid', 'non_keloid']"
keloid_binary,leave_accession_out_GSE145725,expanded_profibrotic_only,none,hist_gradient_boosting,340,19,"{'non_keloid': 211, 'keloid': 129}","{'non_keloid': 10, 'keloid': 9}",0.5789473684210527,0.5766081871345029,0.5833333333333333,0.5777777777777777,0.5055555555555555,"[[6, 3], [5, 5]]","['keloid', 'non_keloid']"
keloid_binary,leave_accession_out_GSE145725,expanded_profibrotic_only,none,knn,340,19,"{'non_keloid': 211, 'keloid': 129}","{'non_keloid': 10, 'keloid': 9}",0.47368421052631576,0.47368421052631576,0.4722222222222222,0.4722222222222222,0.4611111111111111,"[[4, 5], [5, 5]]","['keloid', 'non_keloid']"
keloid_binary,leave_accession_out_GSE145725,expanded_profibrotic_only,none,small_mlp,340,19,"{'non_keloid': 211, 'keloid': 129}","{'non_keloid': 10, 'keloid': 9}",0.5789473684210527,0.5645933014354066,0.5888888888888889,0.5681818181818181,0.7111111111111111,"[[7, 2], [6, 4]]","['keloid', 'non_keloid']"
keloid_binary,leave_accession_out_GSE145725,shared_genes,none,majority,340,19,"{'non_keloid': 211, 'keloid': 129}","{'non_keloid': 10, 'keloid': 9}",0.5263157894736842,0.3629764065335753,0.5,0.3448275862068966,0.5,"[[0, 9], [0, 10]]","['keloid', 'non_keloid']"
keloid_binary,leave_accession_out_GSE145725,shared_genes,none,stratified_random,340,19,"{'non_keloid': 211, 'keloid': 129}","{'non_keloid': 10, 'keloid': 9}",0.6842105263157895,0.6842105263157895,0.6833333333333333,0.6833333333333333,0.6833333333333335,"[[6, 3], [3, 7]]","['keloid', 'non_keloid']"
keloid_binary,leave_accession_out_GSE145725,shared_genes,none,elastic_net_logreg,340,19,"{'non_keloid': 211, 'keloid': 129}","{'non_keloid': 10, 'keloid': 9}",0.47368421052631576,0.47076023391812866,0.4777777777777778,0.4722222222222222,0.5,"[[5, 4], [6, 4]]","['keloid', 'non_keloid']"
keloid_binary,leave_accession_out_GSE145725,shared_genes,none,linear_svm,340,19,"{'non_keloid': 211, 'keloid': 129}","{'non_keloid': 10, 'keloid': 9}",0.5789473684210527,0.5645933014354066,0.5888888888888889,0.5681818181818181,0.5222222222222223,"[[7, 2], [6, 4]]","['keloid', 'non_keloid']"
keloid_binary,leave_accession_out_GSE145725,shared_genes,none,random_forest,340,19,"{'non_keloid': 211, 'keloid': 129}","{'non_keloid': 10, 'keloid': 9}",0.5263157894736842,0.3629764065335753,0.5,0.3448275862068966,0.33333333333333337,"[[0, 9], [0, 10]]","['keloid', 'non_keloid']"
keloid_binary,leave_accession_out_GSE145725,shared_genes,none,hist_gradient_boosting,340,19,"{'non_keloid': 211, 'keloid': 129}","{'non_keloid': 10, 'keloid': 9}",0.631578947368421,0.5621123515860358,0.6111111111111112,0.5521885521885521,0.6111111111111112,"[[2, 7], [0, 10]]","['keloid', 'non_keloid']"
keloid_binary,leave_accession_out_GSE145725,shared_genes,none,knn,340,19,"{'non_keloid': 211, 'keloid': 129}","{'non_keloid': 10, 'keloid': 9}",0.47368421052631576,0.33834586466165417,0.45,0.32142857142857145,0.5,"[[0, 9], [1, 9]]","['keloid', 'non_keloid']"
keloid_binary,leave_accession_out_GSE145725,modules_only,none,majority,340,19,"{'non_keloid': 211, 'keloid': 129}","{'non_keloid': 10, 'keloid': 9}",0.5263157894736842,0.3629764065335753,0.5,0.3448275862068966,0.5,"[[0, 9], [0, 10]]","['keloid', 'non_keloid']"
keloid_binary,leave_accession_out_GSE145725,modules_only,none,stratified_random,340,19,"{'non_keloid': 211, 'keloid': 129}","{'non_keloid': 10, 'keloid': 9}",0.6842105263157895,0.6842105263157895,0.6833333333333333,0.6833333333333333,0.6833333333333335,"[[6, 3], [3, 7]]","['keloid', 'non_keloid']"
keloid_binary,leave_accession_out_GSE145725,modules_only,none,elastic_net_logreg,340,19,"{'non_keloid': 211, 'keloid': 129}","{'non_keloid': 10, 'keloid': 9}",0.8947368421052632,0.8941520467836256,0.9,0.8944444444444444,0.8888888888888888,"[[9, 0], [2, 8]]","['keloid', 'non_keloid']"
keloid_binary,leave_accession_out_GSE145725,modules_only,none,linear_svm,340,19,"{'non_keloid': 211, 'keloid': 129}","{'non_keloid': 10, 'keloid': 9}",0.8421052631578947,0.8421052631578947,0.8444444444444444,0.8421052631578947,0.8888888888888888,"[[8, 1], [2, 8]]","['keloid', 'non_keloid']"
keloid_binary,leave_accession_out_GSE145725,modules_only,none,random_forest,340,19,"{'non_keloid': 211, 'keloid': 129}","{'non_keloid': 10, 'keloid': 9}",0.631578947368421,0.5621123515860358,0.6111111111111112,0.5521885521885521,0.8,"[[2, 7], [0, 10]]","['keloid', 'non_keloid']"
keloid_binary,leave_accession_out_GSE145725,modules_only,none,hist_gradient_boosting,340,19,"{'non_keloid': 211, 'keloid': 129}","{'non_keloid': 10, 'keloid': 9}",0.631578947368421,0.6187643020594965,0.6222222222222222,0.6144927536231883,0.7444444444444445,"[[4, 5], [2, 8]]","['keloid', 'non_keloid']"
keloid_binary,leave_accession_out_GSE145725,modules_only,none,knn,340,19,"{'non_keloid': 211, 'keloid': 129}","{'non_keloid': 10, 'keloid': 9}",0.631578947368421,0.6295149638802889,0.6277777777777778,0.6274509803921569,0.6888888888888889,"[[5, 4], [3, 7]]","['keloid', 'non_keloid']"
keloid_binary,leave_accession_out_GSE145725,modules_only,none,small_mlp,340,19,"{'non_keloid': 211, 'keloid': 129}","{'non_keloid': 10, 'keloid': 9}",0.7368421052631579,0.7368421052631579,0.7388888888888889,0.7368421052631579,0.8666666666666667,"[[7, 2], [3, 7]]","['keloid', 'non_keloid']"
keloid_binary,leave_accession_out_GSE145725,low_i2_core_only,none,majority,340,19,"{'non_keloid': 211, 'keloid': 129}","{'non_keloid': 10, 'keloid': 9}",0.5263157894736842,0.3629764065335753,0.5,0.3448275862068966,0.5,"[[0, 9], [0, 10]]","['keloid', 'non_keloid']"
keloid_binary,leave_accession_out_GSE145725,low_i2_core_only,none,stratified_random,340,19,"{'non_keloid': 211, 'keloid': 129}","{'non_keloid': 10, 'keloid': 9}",0.6842105263157895,0.6842105263157895,0.6833333333333333,0.6833333333333333,0.6833333333333335,"[[6, 3], [3, 7]]","['keloid', 'non_keloid']"
keloid_binary,leave_accession_out_GSE145725,low_i2_core_only,none,elastic_net_logreg,340,19,"{'non_keloid': 211, 'keloid': 129}","{'non_keloid': 10, 'keloid': 9}",0.8421052631578947,0.8421052631578947,0.8444444444444444,0.8421052631578947,0.9222222222222223,"[[8, 1], [2, 8]]","['keloid', 'non_keloid']"
keloid_binary,leave_accession_out_GSE145725,low_i2_core_only,none,linear_svm,340,19,"{'non_keloid': 211, 'keloid': 129}","{'non_keloid': 10, 'keloid': 9}",0.8421052631578947,0.8421052631578947,0.8444444444444444,0.8421052631578947,0.9222222222222223,"[[8, 1], [2, 8]]","['keloid', 'non_keloid']"
keloid_binary,leave_accession_out_GSE145725,low_i2_core_only,none,random_forest,340,19,"{'non_keloid': 211, 'keloid': 129}","{'non_keloid': 10, 'keloid': 9}",0.7894736842105263,0.7858851674641149,0.7833333333333333,0.7840909090909092,0.9333333333333333,"[[6, 3], [1, 9]]","['keloid', 'non_keloid']"
keloid_binary,leave_accession_out_GSE145725,low_i2_core_only,none,hist_gradient_boosting,340,19,"{'non_keloid': 211, 'keloid': 129}","{'non_keloid': 10, 'keloid': 9}",0.8947368421052632,0.8947368421052632,0.8944444444444444,0.8944444444444444,0.8777777777777778,"[[8, 1], [1, 9]]","['keloid', 'non_keloid']"
keloid_binary,leave_accession_out_GSE145725,low_i2_core_only,none,knn,340,19,"{'non_keloid': 211, 'keloid': 129}","{'non_keloid': 10, 'keloid': 9}",0.7368421052631579,0.7353678313430635,0.7333333333333334,0.7338935574229692,0.8111111111111111,"[[6, 3], [2, 8]]","['keloid', 'non_keloid']"
keloid_binary,leave_accession_out_GSE145725,low_i2_core_only,none,small_mlp,340,19,"{'non_keloid': 211, 'keloid': 129}","{'non_keloid': 10, 'keloid': 9}",0.631578947368421,0.5621123515860358,0.6111111111111112,0.5521885521885521,0.5666666666666667,"[[2, 7], [0, 10]]","['keloid', 'non_keloid']"
keloid_binary,leave_accession_out_GSE158395,profibrotic_module_only,none,majority,262,13,"{'non_keloid': 173, 'keloid': 89}","{'keloid': 7, 'non_keloid': 6}",0.46153846153846156,0.291497975708502,0.5,0.3157894736842105,0.5,"[[0, 7], [0, 6]]","['keloid', 'non_keloid']"
keloid_binary,leave_accession_out_GSE158395,profibrotic_module_only,none,stratified_random,262,13,"{'non_keloid': 173, 'keloid': 89}","{'keloid': 7, 'non_keloid': 6}",0.46153846153846156,0.46153846153846156,0.4642857142857143,0.46153846153846156,0.4642857142857143,"[[3, 4], [3, 3]]","['keloid', 'non_keloid']"
keloid_binary,leave_accession_out_GSE158395,profibrotic_module_only,none,elastic_net_logreg,262,13,"{'non_keloid': 173, 'keloid': 89}","{'keloid': 7, 'non_keloid': 6}",0.8461538461538461,0.8443223443223443,0.8571428571428572,0.8452380952380952,0.8571428571428572,"[[5, 2], [0, 6]]","['keloid', 'non_keloid']"
keloid_binary,leave_accession_out_GSE158395,profibrotic_module_only,none,linear_svm,262,13,"{'non_keloid': 173, 'keloid': 89}","{'keloid': 7, 'non_keloid': 6}",0.8461538461538461,0.8443223443223443,0.8571428571428572,0.8452380952380952,0.8571428571428572,"[[5, 2], [0, 6]]","['keloid', 'non_keloid']"
keloid_binary,leave_accession_out_GSE158395,profibrotic_module_only,none,random_forest,262,13,"{'non_keloid': 173, 'keloid': 89}","{'keloid': 7, 'non_keloid': 6}",0.7692307692307693,0.7608391608391608,0.7857142857142857,0.7636363636363637,0.6904761904761905,"[[4, 3], [0, 6]]","['keloid', 'non_keloid']"
keloid_binary,leave_accession_out_GSE158395,profibrotic_module_only,none,hist_gradient_boosting,262,13,"{'non_keloid': 173, 'keloid': 89}","{'keloid': 7, 'non_keloid': 6}",0.7692307692307693,0.7608391608391608,0.7857142857142857,0.7636363636363637,0.7619047619047619,"[[4, 3], [0, 6]]","['keloid', 'non_keloid']"
keloid_binary,leave_accession_out_GSE158395,profibrotic_module_only,none,knn,262,13,"{'non_keloid': 173, 'keloid': 89}","{'keloid': 7, 'non_keloid': 6}",0.6923076923076923,0.6692307692307692,0.7142857142857143,0.675,0.7619047619047619,"[[3, 4], [0, 6]]","['keloid', 'non_keloid']"
keloid_binary,leave_accession_out_GSE158395,profibrotic_module_only,none,small_mlp,262,13,"{'non_keloid': 173, 'keloid': 89}","{'keloid': 7, 'non_keloid': 6}",0.9230769230769231,0.9230769230769231,0.9285714285714286,0.9230769230769231,0.8571428571428572,"[[6, 1], [0, 6]]","['keloid', 'non_keloid']"
keloid_binary,leave_accession_out_GSE158395,modules_rank_plus_expanded,none,majority,262,13,"{'non_keloid': 173, 'keloid': 89}","{'keloid': 7, 'non_keloid': 6}",0.46153846153846156,0.291497975708502,0.5,0.3157894736842105,0.5,"[[0, 7], [0, 6]]","['keloid', 'non_keloid']"
keloid_binary,leave_accession_out_GSE158395,modules_rank_plus_expanded,none,stratified_random,262,13,"{'non_keloid': 173, 'keloid': 89}","{'keloid': 7, 'non_keloid': 6}",0.46153846153846156,0.46153846153846156,0.4642857142857143,0.46153846153846156,0.4642857142857143,"[[3, 4], [3, 3]]","['keloid', 'non_keloid']"
keloid_binary,leave_accession_out_GSE158395,modules_rank_plus_expanded,none,elastic_net_logreg,262,13,"{'non_keloid': 173, 'keloid': 89}","{'keloid': 7, 'non_keloid': 6}",0.6923076923076923,0.6923076923076923,0.6904761904761905,0.6904761904761905,0.7857142857142857,"[[5, 2], [2, 4]]","['keloid', 'non_keloid']"
keloid_binary,leave_accession_out_GSE158395,modules_rank_plus_expanded,none,linear_svm,262,13,"{'non_keloid': 173, 'keloid': 89}","{'keloid': 7, 'non_keloid': 6}",0.6923076923076923,0.6923076923076923,0.6904761904761905,0.6904761904761905,0.7619047619047619,"[[5, 2], [2, 4]]","['keloid', 'non_keloid']"
keloid_binary,leave_accession_out_GSE158395,modules_rank_plus_expanded,none,random_forest,262,13,"{'non_keloid': 173, 'keloid': 89}","{'keloid': 7, 'non_keloid': 6}",0.7692307692307693,0.7692307692307693,0.7738095238095238,0.7692307692307693,0.7619047619047619,"[[5, 2], [1, 5]]","['keloid', 'non_keloid']"
keloid_binary,leave_accession_out_GSE158395,modules_rank_plus_expanded,none,hist_gradient_boosting,262,13,"{'non_keloid': 173, 'keloid': 89}","{'keloid': 7, 'non_keloid': 6}",0.7692307692307693,0.7692307692307693,0.7738095238095238,0.7692307692307693,0.7619047619047619,"[[5, 2], [1, 5]]","['keloid', 'non_keloid']"
keloid_binary,leave_accession_out_GSE158395,modules_rank_plus_expanded,none,knn,262,13,"{'non_keloid': 173, 'keloid': 89}","{'keloid': 7, 'non_keloid': 6}",0.6923076923076923,0.6807692307692308,0.6785714285714286,0.675,0.7976190476190476,"[[6, 1], [3, 3]]","['keloid', 'non_keloid']"
keloid_binary,leave_accession_out_GSE158395,modules_rank_plus_expanded,none,small_mlp,262,13,"{'non_keloid': 173, 'keloid': 89}","{'keloid': 7, 'non_keloid': 6}",0.6153846153846154,0.5852187028657616,0.5952380952380952,0.5751633986928104,0.7142857142857142,"[[6, 1], [4, 2]]","['keloid', 'non_keloid']"
keloid_binary,leave_accession_out_GSE158395,modules_rank_only,none,majority,262,13,"{'non_keloid': 173, 'keloid': 89}","{'keloid': 7, 'non_keloid': 6}",0.46153846153846156,0.291497975708502,0.5,0.3157894736842105,0.5,"[[0, 7], [0, 6]]","['keloid', 'non_keloid']"
keloid_binary,leave_accession_out_GSE158395,modules_rank_only,none,stratified_random,262,13,"{'non_keloid': 173, 'keloid': 89}","{'keloid': 7, 'non_keloid': 6}",0.46153846153846156,0.46153846153846156,0.4642857142857143,0.46153846153846156,0.4642857142857143,"[[3, 4], [3, 3]]","['keloid', 'non_keloid']"
keloid_binary,leave_accession_out_GSE158395,modules_rank_only,none,elastic_net_logreg,262,13,"{'non_keloid': 173, 'keloid': 89}","{'keloid': 7, 'non_keloid': 6}",0.6923076923076923,0.6923076923076923,0.6904761904761905,0.6904761904761905,0.7619047619047619,"[[5, 2], [2, 4]]","['keloid', 'non_keloid']"
keloid_binary,leave_accession_out_GSE158395,modules_rank_only,none,linear_svm,262,13,"{'non_keloid': 173, 'keloid': 89}","{'keloid': 7, 'non_keloid': 6}",0.6923076923076923,0.6923076923076923,0.6904761904761905,0.6904761904761905,0.7619047619047619,"[[5, 2], [2, 4]]","['keloid', 'non_keloid']"
keloid_binary,leave_accession_out_GSE158395,modules_rank_only,none,random_forest,262,13,"{'non_keloid': 173, 'keloid': 89}","{'keloid': 7, 'non_keloid': 6}",0.7692307692307693,0.7692307692307693,0.7738095238095238,0.7692307692307693,0.7619047619047619,"[[5, 2], [1, 5]]","['keloid', 'non_keloid']"
keloid_binary,leave_accession_out_GSE158395,modules_rank_only,none,hist_gradient_boosting,262,13,"{'non_keloid': 173, 'keloid': 89}","{'keloid': 7, 'non_keloid': 6}",0.7692307692307693,0.7692307692307693,0.7738095238095238,0.7692307692307693,0.6904761904761905,"[[5, 2], [1, 5]]","['keloid', 'non_keloid']"
keloid_binary,leave_accession_out_GSE158395,modules_rank_only,none,knn,262,13,"{'non_keloid': 173, 'keloid': 89}","{'keloid': 7, 'non_keloid': 6}",0.6923076923076923,0.6923076923076923,0.6904761904761905,0.6904761904761905,0.6547619047619048,"[[5, 2], [2, 4]]","['keloid', 'non_keloid']"
keloid_binary,leave_accession_out_GSE158395,modules_rank_only,none,small_mlp,262,13,"{'non_keloid': 173, 'keloid': 89}","{'keloid': 7, 'non_keloid': 6}",0.6923076923076923,0.6886446886446886,0.7023809523809523,0.6904761904761905,0.7857142857142857,"[[4, 3], [1, 5]]","['keloid', 'non_keloid']"
keloid_binary,leave_accession_out_GSE158395,shared_genes_plus_modules,none,majority,262,13,"{'non_keloid': 173, 'keloid': 89}","{'keloid': 7, 'non_keloid': 6}",0.46153846153846156,0.291497975708502,0.5,0.3157894736842105,0.5,"[[0, 7], [0, 6]]","['keloid', 'non_keloid']"
keloid_binary,leave_accession_out_GSE158395,shared_genes_plus_modules,none,stratified_random,262,13,"{'non_keloid': 173, 'keloid': 89}","{'keloid': 7, 'non_keloid': 6}",0.46153846153846156,0.46153846153846156,0.4642857142857143,0.46153846153846156,0.4642857142857143,"[[3, 4], [3, 3]]","['keloid', 'non_keloid']"
keloid_binary,leave_accession_out_GSE158395,shared_genes_plus_modules,none,elastic_net_logreg,262,13,"{'non_keloid': 173, 'keloid': 89}","{'keloid': 7, 'non_keloid': 6}",0.46153846153846156,0.4193061840120664,0.44047619047619047,0.40522875816993464,0.45238095238095233,"[[5, 2], [5, 1]]","['keloid', 'non_keloid']"
keloid_binary,leave_accession_out_GSE158395,shared_genes_plus_modules,none,linear_svm,262,13,"{'non_keloid': 173, 'keloid': 89}","{'keloid': 7, 'non_keloid': 6}",0.5384615384615384,0.5211538461538462,0.5238095238095238,0.5125,0.30952380952380953,"[[5, 2], [4, 2]]","['keloid', 'non_keloid']"
keloid_binary,leave_accession_out_GSE158395,shared_genes_plus_modules,none,random_forest,262,13,"{'non_keloid': 173, 'keloid': 89}","{'keloid': 7, 'non_keloid': 6}",0.5384615384615384,0.37692307692307686,0.5,0.35,0.7619047619047619,"[[7, 0], [6, 0]]","['keloid', 'non_keloid']"
keloid_binary,leave_accession_out_GSE158395,shared_genes_plus_modules,none,hist_gradient_boosting,262,13,"{'non_keloid': 173, 'keloid': 89}","{'keloid': 7, 'non_keloid': 6}",0.7692307692307693,0.7608391608391608,0.7857142857142857,0.7636363636363637,0.7857142857142857,"[[4, 3], [0, 6]]","['keloid', 'non_keloid']"
keloid_binary,leave_accession_out_GSE158395,shared_genes_plus_modules,none,knn,262,13,"{'non_keloid': 173, 'keloid': 89}","{'keloid': 7, 'non_keloid': 6}",0.23076923076923078,0.20192307692307693,0.21428571428571427,0.1875,0.10714285714285718,"[[3, 4], [6, 0]]","['keloid', 'non_keloid']"
keloid_binary,leave_accession_out_GSE158395,shared_genes_plus_modules,none,small_mlp,262,13,"{'non_keloid': 173, 'keloid': 89}","{'keloid': 7, 'non_keloid': 6}",0.7692307692307693,0.7608391608391608,0.7857142857142857,0.7636363636363637,0.8571428571428572,"[[4, 3], [0, 6]]","['keloid', 'non_keloid']"
keloid_binary,leave_accession_out_GSE158395,published_markers_only,none,majority,262,13,"{'non_keloid': 173, 'keloid': 89}","{'keloid': 7, 'non_keloid': 6}",0.46153846153846156,0.291497975708502,0.5,0.3157894736842105,0.5,"[[0, 7], [0, 6]]","['keloid', 'non_keloid']"
keloid_binary,leave_accession_out_GSE158395,published_markers_only,none,stratified_random,262,13,"{'non_keloid': 173, 'keloid': 89}","{'keloid': 7, 'non_keloid': 6}",0.46153846153846156,0.46153846153846156,0.4642857142857143,0.46153846153846156,0.4642857142857143,"[[3, 4], [3, 3]]","['keloid', 'non_keloid']"
keloid_binary,leave_accession_out_GSE158395,published_markers_only,none,elastic_net_logreg,262,13,"{'non_keloid': 173, 'keloid': 89}","{'keloid': 7, 'non_keloid': 6}",0.7692307692307693,0.7664335664335665,0.7619047619047619,0.7636363636363637,0.8333333333333334,"[[6, 1], [2, 4]]","['keloid', 'non_keloid']"
keloid_binary,leave_accession_out_GSE158395,published_markers_only,none,linear_svm,262,13,"{'non_keloid': 173, 'keloid': 89}","{'keloid': 7, 'non_keloid': 6}",0.7692307692307693,0.7664335664335665,0.7619047619047619,0.7636363636363637,0.761904761904762,"[[6, 1], [2, 4]]","['keloid', 'non_keloid']"
keloid_binary,leave_accession_out_GSE158395,published_markers_only,none,random_forest,262,13,"{'non_keloid': 173, 'keloid': 89}","{'keloid': 7, 'non_keloid': 6}",0.7692307692307693,0.7608391608391608,0.7857142857142857,0.7636363636363637,0.8809523809523809,"[[4, 3], [0, 6]]","['keloid', 'non_keloid']"
keloid_binary,leave_accession_out_GSE158395,published_markers_only,none,hist_gradient_boosting,262,13,"{'non_keloid': 173, 'keloid': 89}","{'keloid': 7, 'non_keloid': 6}",0.7692307692307693,0.7664335664335665,0.7619047619047619,0.7636363636363637,0.9047619047619049,"[[6, 1], [2, 4]]","['keloid', 'non_keloid']"
keloid_binary,leave_accession_out_GSE158395,published_markers_only,none,knn,262,13,"{'non_keloid': 173, 'keloid': 89}","{'keloid': 7, 'non_keloid': 6}",0.6923076923076923,0.6923076923076923,0.6904761904761905,0.6904761904761905,0.857142857142857,"[[5, 2], [2, 4]]","['keloid', 'non_keloid']"
keloid_binary,leave_accession_out_GSE158395,published_markers_only,none,small_mlp,262,13,"{'non_keloid': 173, 'keloid': 89}","{'keloid': 7, 'non_keloid': 6}",0.6153846153846154,0.6013986013986015,0.6309523809523809,0.606060606060606,0.6904761904761905,"[[3, 4], [1, 5]]","['keloid', 'non_keloid']"
keloid_binary,leave_accession_out_GSE158395,expanded_profibrotic_only,none,majority,262,13,"{'non_keloid': 173, 'keloid': 89}","{'keloid': 7, 'non_keloid': 6}",0.46153846153846156,0.291497975708502,0.5,0.3157894736842105,0.5,"[[0, 7], [0, 6]]","['keloid', 'non_keloid']"
keloid_binary,leave_accession_out_GSE158395,expanded_profibrotic_only,none,stratified_random,262,13,"{'non_keloid': 173, 'keloid': 89}","{'keloid': 7, 'non_keloid': 6}",0.46153846153846156,0.46153846153846156,0.4642857142857143,0.46153846153846156,0.4642857142857143,"[[3, 4], [3, 3]]","['keloid', 'non_keloid']"
keloid_binary,leave_accession_out_GSE158395,expanded_profibrotic_only,none,elastic_net_logreg,262,13,"{'non_keloid': 173, 'keloid': 89}","{'keloid': 7, 'non_keloid': 6}",0.7692307692307693,0.7664335664335665,0.7619047619047619,0.7636363636363637,0.8214285714285714,"[[6, 1], [2, 4]]","['keloid', 'non_keloid']"
keloid_binary,leave_accession_out_GSE158395,expanded_profibrotic_only,none,linear_svm,262,13,"{'non_keloid': 173, 'keloid': 89}","{'keloid': 7, 'non_keloid': 6}",0.8461538461538461,0.8461538461538461,0.8452380952380952,0.8452380952380952,0.8214285714285714,"[[6, 1], [1, 5]]","['keloid', 'non_keloid']"
keloid_binary,leave_accession_out_GSE158395,expanded_profibrotic_only,none,random_forest,262,13,"{'non_keloid': 173, 'keloid': 89}","{'keloid': 7, 'non_keloid': 6}",0.6923076923076923,0.6886446886446886,0.7023809523809523,0.6904761904761905,0.75,"[[4, 3], [1, 5]]","['keloid', 'non_keloid']"
keloid_binary,leave_accession_out_GSE158395,expanded_profibrotic_only,none,hist_gradient_boosting,262,13,"{'non_keloid': 173, 'keloid': 89}","{'keloid': 7, 'non_keloid': 6}",0.6923076923076923,0.6886446886446886,0.7023809523809523,0.6904761904761905,0.7738095238095238,"[[4, 3], [1, 5]]","['keloid', 'non_keloid']"
keloid_binary,leave_accession_out_GSE158395,expanded_profibrotic_only,none,knn,262,13,"{'non_keloid': 173, 'keloid': 89}","{'keloid': 7, 'non_keloid': 6}",0.6923076923076923,0.6923076923076923,0.6904761904761905,0.6904761904761905,0.7142857142857143,"[[5, 2], [2, 4]]","['keloid', 'non_keloid']"
keloid_binary,leave_accession_out_GSE158395,expanded_profibrotic_only,none,small_mlp,262,13,"{'non_keloid': 173, 'keloid': 89}","{'keloid': 7, 'non_keloid': 6}",0.6153846153846154,0.5852187028657616,0.5952380952380952,0.5751633986928104,0.8452380952380951,"[[6, 1], [4, 2]]","['keloid', 'non_keloid']"
keloid_binary,leave_accession_out_GSE158395,shared_genes,none,majority,262,13,"{'non_keloid': 173, 'keloid': 89}","{'keloid': 7, 'non_keloid': 6}",0.46153846153846156,0.291497975708502,0.5,0.3157894736842105,0.5,"[[0, 7], [0, 6]]","['keloid', 'non_keloid']"
keloid_binary,leave_accession_out_GSE158395,shared_genes,none,stratified_random,262,13,"{'non_keloid': 173, 'keloid': 89}","{'keloid': 7, 'non_keloid': 6}",0.46153846153846156,0.46153846153846156,0.4642857142857143,0.46153846153846156,0.4642857142857143,"[[3, 4], [3, 3]]","['keloid', 'non_keloid']"
keloid_binary,leave_accession_out_GSE158395,shared_genes,none,elastic_net_logreg,262,13,"{'non_keloid': 173, 'keloid': 89}","{'keloid': 7, 'non_keloid': 6}",0.5384615384615384,0.47435897435897434,0.5119047619047619,0.4583333333333333,0.45238095238095233,"[[6, 1], [5, 1]]","['keloid', 'non_keloid']"
keloid_binary,leave_accession_out_GSE158395,shared_genes,none,linear_svm,262,13,"{'non_keloid': 173, 'keloid': 89}","{'keloid': 7, 'non_keloid': 6}",0.5384615384615384,0.5211538461538462,0.5238095238095238,0.5125,0.3333333333333333,"[[5, 2], [4, 2]]","['keloid', 'non_keloid']"
keloid_binary,leave_accession_out_GSE158395,shared_genes,none,random_forest,262,13,"{'non_keloid': 173, 'keloid': 89}","{'keloid': 7, 'non_keloid': 6}",0.5384615384615384,0.37692307692307686,0.5,0.35,0.6904761904761905,"[[7, 0], [6, 0]]","['keloid', 'non_keloid']"
keloid_binary,leave_accession_out_GSE158395,shared_genes,none,hist_gradient_boosting,262,13,"{'non_keloid': 173, 'keloid': 89}","{'keloid': 7, 'non_keloid': 6}",0.7692307692307693,0.7608391608391608,0.7857142857142857,0.7636363636363637,0.9047619047619047,"[[4, 3], [0, 6]]","['keloid', 'non_keloid']"
keloid_binary,leave_accession_out_GSE158395,shared_genes,none,knn,262,13,"{'non_keloid': 173, 'keloid': 89}","{'keloid': 7, 'non_keloid': 6}",0.3076923076923077,0.25339366515837103,0.2857142857142857,0.23529411764705882,0.11904761904761908,"[[4, 3], [6, 0]]","['keloid', 'non_keloid']"
keloid_binary,leave_accession_out_GSE158395,modules_only,none,majority,262,13,"{'non_keloid': 173, 'keloid': 89}","{'keloid': 7, 'non_keloid': 6}",0.46153846153846156,0.291497975708502,0.5,0.3157894736842105,0.5,"[[0, 7], [0, 6]]","['keloid', 'non_keloid']"
keloid_binary,leave_accession_out_GSE158395,modules_only,none,stratified_random,262,13,"{'non_keloid': 173, 'keloid': 89}","{'keloid': 7, 'non_keloid': 6}",0.46153846153846156,0.46153846153846156,0.4642857142857143,0.46153846153846156,0.4642857142857143,"[[3, 4], [3, 3]]","['keloid', 'non_keloid']"
keloid_binary,leave_accession_out_GSE158395,modules_only,none,elastic_net_logreg,262,13,"{'non_keloid': 173, 'keloid': 89}","{'keloid': 7, 'non_keloid': 6}",0.8461538461538461,0.8443223443223443,0.8571428571428572,0.8452380952380952,0.7857142857142857,"[[5, 2], [0, 6]]","['keloid', 'non_keloid']"
keloid_binary,leave_accession_out_GSE158395,modules_only,none,linear_svm,262,13,"{'non_keloid': 173, 'keloid': 89}","{'keloid': 7, 'non_keloid': 6}",0.8461538461538461,0.8443223443223443,0.8571428571428572,0.8452380952380952,0.7857142857142857,"[[5, 2], [0, 6]]","['keloid', 'non_keloid']"
keloid_binary,leave_accession_out_GSE158395,modules_only,none,random_forest,262,13,"{'non_keloid': 173, 'keloid': 89}","{'keloid': 7, 'non_keloid': 6}",0.7692307692307693,0.7608391608391608,0.7857142857142857,0.7636363636363637,0.6666666666666666,"[[4, 3], [0, 6]]","['keloid', 'non_keloid']"
keloid_binary,leave_accession_out_GSE158395,modules_only,none,hist_gradient_boosting,262,13,"{'non_keloid': 173, 'keloid': 89}","{'keloid': 7, 'non_keloid': 6}",0.7692307692307693,0.7608391608391608,0.7857142857142857,0.7636363636363637,0.6904761904761905,"[[4, 3], [0, 6]]","['keloid', 'non_keloid']"
keloid_binary,leave_accession_out_GSE158395,modules_only,none,knn,262,13,"{'non_keloid': 173, 'keloid': 89}","{'keloid': 7, 'non_keloid': 6}",0.7692307692307693,0.7692307692307693,0.7738095238095238,0.7692307692307693,0.880952380952381,"[[5, 2], [1, 5]]","['keloid', 'non_keloid']"
keloid_binary,leave_accession_out_GSE158395,modules_only,none,small_mlp,262,13,"{'non_keloid': 173, 'keloid': 89}","{'keloid': 7, 'non_keloid': 6}",0.7692307692307693,0.7608391608391608,0.7857142857142857,0.7636363636363637,0.8809523809523809,"[[4, 3], [0, 6]]","['keloid', 'non_keloid']"
keloid_binary,leave_accession_out_GSE158395,low_i2_core_only,none,majority,262,13,"{'non_keloid': 173, 'keloid': 89}","{'keloid': 7, 'non_keloid': 6}",0.46153846153846156,0.291497975708502,0.5,0.3157894736842105,0.5,"[[0, 7], [0, 6]]","['keloid', 'non_keloid']"
keloid_binary,leave_accession_out_GSE158395,low_i2_core_only,none,stratified_random,262,13,"{'non_keloid': 173, 'keloid': 89}","{'keloid': 7, 'non_keloid': 6}",0.46153846153846156,0.46153846153846156,0.4642857142857143,0.46153846153846156,0.4642857142857143,"[[3, 4], [3, 3]]","['keloid', 'non_keloid']"
keloid_binary,leave_accession_out_GSE158395,low_i2_core_only,none,elastic_net_logreg,262,13,"{'non_keloid': 173, 'keloid': 89}","{'keloid': 7, 'non_keloid': 6}",0.5384615384615384,0.37692307692307686,0.5,0.35,0.5,"[[7, 0], [6, 0]]","['keloid', 'non_keloid']"
keloid_binary,leave_accession_out_GSE158395,low_i2_core_only,none,linear_svm,262,13,"{'non_keloid': 173, 'keloid': 89}","{'keloid': 7, 'non_keloid': 6}",0.5384615384615384,0.37692307692307686,0.5,0.35,0.5,"[[7, 0], [6, 0]]","['keloid', 'non_keloid']"
keloid_binary,leave_accession_out_GSE158395,low_i2_core_only,none,random_forest,262,13,"{'non_keloid': 173, 'keloid': 89}","{'keloid': 7, 'non_keloid': 6}",0.5384615384615384,0.37692307692307686,0.5,0.35,0.5,"[[7, 0], [6, 0]]","['keloid', 'non_keloid']"
keloid_binary,leave_accession_out_GSE158395,low_i2_core_only,none,hist_gradient_boosting,262,13,"{'non_keloid': 173, 'keloid': 89}","{'keloid': 7, 'non_keloid': 6}",0.46153846153846156,0.291497975708502,0.5,0.3157894736842105,0.5,"[[0, 7], [0, 6]]","['keloid', 'non_keloid']"
keloid_binary,leave_accession_out_GSE158395,low_i2_core_only,none,knn,262,13,"{'non_keloid': 173, 'keloid': 89}","{'keloid': 7, 'non_keloid': 6}",0.5384615384615384,0.37692307692307686,0.5,0.35,0.5,"[[7, 0], [6, 0]]","['keloid', 'non_keloid']"
keloid_binary,leave_accession_out_GSE158395,low_i2_core_only,none,small_mlp,262,13,"{'non_keloid': 173, 'keloid': 89}","{'keloid': 7, 'non_keloid': 6}",0.46153846153846156,0.291497975708502,0.5,0.3157894736842105,0.5,"[[0, 7], [0, 6]]","['keloid', 'non_keloid']"
keloid_binary,leave_accession_out_GSE163973,profibrotic_module_only,none,majority,166,220,"{'keloid': 96, 'non_keloid': 70}","{'keloid': 110, 'non_keloid': 110}",0.5,0.3333333333333333,0.5,0.3333333333333333,0.5,"[[110, 0], [110, 0]]","['keloid', 'non_keloid']"
keloid_binary,leave_accession_out_GSE163973,profibrotic_module_only,none,stratified_random,166,220,"{'keloid': 96, 'non_keloid': 70}","{'keloid': 110, 'non_keloid': 110}",0.4954545454545455,0.4898790499467318,0.4954545454545455,0.4898790499467318,0.4954545454545454,"[[66, 44], [67, 43]]","['keloid', 'non_keloid']"
keloid_binary,leave_accession_out_GSE163973,profibrotic_module_only,none,elastic_net_logreg,166,220,"{'keloid': 96, 'non_keloid': 70}","{'keloid': 110, 'non_keloid': 110}",0.6363636363636364,0.6363636363636364,0.6363636363636364,0.6363636363636364,0.725702479338843,"[[70, 40], [40, 70]]","['keloid', 'non_keloid']"
keloid_binary,leave_accession_out_GSE163973,profibrotic_module_only,none,linear_svm,166,220,"{'keloid': 96, 'non_keloid': 70}","{'keloid': 110, 'non_keloid': 110}",0.6409090909090909,0.6408423053873654,0.6409090909090909,0.6408423053873654,0.725702479338843,"[[72, 38], [41, 69]]","['keloid', 'non_keloid']"
keloid_binary,leave_accession_out_GSE163973,profibrotic_module_only,none,random_forest,166,220,"{'keloid': 96, 'non_keloid': 70}","{'keloid': 110, 'non_keloid': 110}",0.6409090909090909,0.6403071255613734,0.6409090909090909,0.6403071255613734,0.7099586776859503,"[[75, 35], [44, 66]]","['keloid', 'non_keloid']"
keloid_binary,leave_accession_out_GSE163973,profibrotic_module_only,none,hist_gradient_boosting,166,220,"{'keloid': 96, 'non_keloid': 70}","{'keloid': 110, 'non_keloid': 110}",0.6818181818181818,0.6805244378059911,0.6818181818181819,0.6805244378059911,0.740909090909091,"[[82, 28], [42, 68]]","['keloid', 'non_keloid']"
keloid_binary,leave_accession_out_GSE163973,profibrotic_module_only,none,knn,166,220,"{'keloid': 96, 'non_keloid': 70}","{'keloid': 110, 'non_keloid': 110}",0.6636363636363637,0.6602387511478419,0.6636363636363636,0.660238751147842,0.6919008264462811,"[[84, 26], [48, 62]]","['keloid', 'non_keloid']"
keloid_binary,leave_accession_out_GSE163973,profibrotic_module_only,none,small_mlp,166,220,"{'keloid': 96, 'non_keloid': 70}","{'keloid': 110, 'non_keloid': 110}",0.6,0.584870057466335,0.6,0.584870057466335,0.6884297520661158,"[[87, 23], [65, 45]]","['keloid', 'non_keloid']"
keloid_binary,leave_accession_out_GSE163973,modules_rank_plus_expanded,none,majority,166,220,"{'keloid': 96, 'non_keloid': 70}","{'keloid': 110, 'non_keloid': 110}",0.5,0.3333333333333333,0.5,0.3333333333333333,0.5,"[[110, 0], [110, 0]]","['keloid', 'non_keloid']"
keloid_binary,leave_accession_out_GSE163973,modules_rank_plus_expanded,none,stratified_random,166,220,"{'keloid': 96, 'non_keloid': 70}","{'keloid': 110, 'non_keloid': 110}",0.4954545454545455,0.4898790499467318,0.4954545454545455,0.4898790499467318,0.4954545454545454,"[[66, 44], [67, 43]]","['keloid', 'non_keloid']"
keloid_binary,leave_accession_out_GSE163973,modules_rank_plus_expanded,none,elastic_net_logreg,166,220,"{'keloid': 96, 'non_keloid': 70}","{'keloid': 110, 'non_keloid': 110}",0.65,0.6499349052509765,0.65,0.6499349052509764,0.7279338842975206,"[[73, 37], [40, 70]]","['keloid', 'non_keloid']"
keloid_binary,leave_accession_out_GSE163973,modules_rank_plus_expanded,none,linear_svm,166,220,"{'keloid': 96, 'non_keloid': 70}","{'keloid': 110, 'non_keloid': 110}",0.6545454545454545,0.6545169022233243,0.6545454545454545,0.6545169022233243,0.7261157024793388,"[[73, 37], [39, 71]]","['keloid', 'non_keloid']"
keloid_binary,leave_accession_out_GSE163973,modules_rank_plus_expanded,none,random_forest,166,220,"{'keloid': 96, 'non_keloid': 70}","{'keloid': 110, 'non_keloid': 110}",0.5727272727272728,0.5634920634920635,0.5727272727272728,0.5634920634920635,0.6734710743801653,"[[79, 31], [63, 47]]","['keloid', 'non_keloid']"
keloid_binary,leave_accession_out_GSE163973,modules_rank_plus_expanded,none,hist_gradient_boosting,166,220,"{'keloid': 96, 'non_keloid': 70}","{'keloid': 110, 'non_keloid': 110}",0.5772727272727273,0.5733856002001709,0.5772727272727273,0.5733856002001709,0.6182231404958677,"[[74, 36], [57, 53]]","['keloid', 'non_keloid']"
keloid_binary,leave_accession_out_GSE163973,modules_rank_plus_expanded,none,knn,166,220,"{'keloid': 96, 'non_keloid': 70}","{'keloid': 110, 'non_keloid': 110}",0.6363636363636364,0.6294736842105263,0.6363636363636364,0.6294736842105264,0.6789256198347107,"[[85, 25], [55, 55]]","['keloid', 'non_keloid']"
keloid_binary,leave_accession_out_GSE163973,modules_rank_plus_expanded,none,small_mlp,166,220,"{'keloid': 96, 'non_keloid': 70}","{'keloid': 110, 'non_keloid': 110}",0.6818181818181818,0.669783000257312,0.6818181818181818,0.669783000257312,0.7459504132231405,"[[96, 14], [56, 54]]","['keloid', 'non_keloid']"
keloid_binary,leave_accession_out_GSE163973,modules_rank_only,none,majority,166,220,"{'keloid': 96, 'non_keloid': 70}","{'keloid': 110, 'non_keloid': 110}",0.5,0.3333333333333333,0.5,0.3333333333333333,0.5,"[[110, 0], [110, 0]]","['keloid', 'non_keloid']"
keloid_binary,leave_accession_out_GSE163973,modules_rank_only,none,stratified_random,166,220,"{'keloid': 96, 'non_keloid': 70}","{'keloid': 110, 'non_keloid': 110}",0.4954545454545455,0.4898790499467318,0.4954545454545455,0.4898790499467318,0.4954545454545454,"[[66, 44], [67, 43]]","['keloid', 'non_keloid']"
keloid_binary,leave_accession_out_GSE163973,modules_rank_only,none,elastic_net_logreg,166,220,"{'keloid': 96, 'non_keloid': 70}","{'keloid': 110, 'non_keloid': 110}",0.6590909090909091,0.6585194230013038,0.6590909090909091,0.6585194230013038,0.7243801652892562,"[[77, 33], [42, 68]]","['keloid', 'non_keloid']"
keloid_binary,leave_accession_out_GSE163973,modules_rank_only,none,linear_svm,166,220,"{'keloid': 96, 'non_keloid': 70}","{'keloid': 110, 'non_keloid': 110}",0.6454545454545455,0.6451906376643785,0.6454545454545455,0.6451906376643785,0.71801652892562,"[[74, 36], [42, 68]]","['keloid', 'non_keloid']"
keloid_binary,leave_accession_out_GSE163973,modules_rank_only,none,random_forest,166,220,"{'keloid': 96, 'non_keloid': 70}","{'keloid': 110, 'non_keloid': 110}",0.6545454545454545,0.648,0.6545454545454545,0.6479999999999999,0.6990909090909092,"[[87, 23], [53, 57]]","['keloid', 'non_keloid']"
keloid_binary,leave_accession_out_GSE163973,modules_rank_only,none,hist_gradient_boosting,166,220,"{'keloid': 96, 'non_keloid': 70}","{'keloid': 110, 'non_keloid': 110}",0.6409090909090909,0.6396508469656446,0.6409090909090909,0.6396508469656446,0.6867355371900826,"[[77, 33], [46, 64]]","['keloid', 'non_keloid']"
keloid_binary,leave_accession_out_GSE163973,modules_rank_only,none,knn,166,220,"{'keloid': 96, 'non_keloid': 70}","{'keloid': 110, 'non_keloid': 110}",0.6863636363636364,0.6808175108812212,0.6863636363636364,0.6808175108812212,0.7043801652892563,"[[90, 20], [49, 61]]","['keloid', 'non_keloid']"
keloid_binary,leave_accession_out_GSE163973,modules_rank_only,none,small_mlp,166,220,"{'keloid': 96, 'non_keloid': 70}","{'keloid': 110, 'non_keloid': 110}",0.4590909090909091,0.42837179851088447,0.4590909090909091,0.42837179851088447,0.6139669421487604,"[[76, 34], [85, 25]]","['keloid', 'non_keloid']"
keloid_binary,leave_accession_out_GSE163973,shared_genes_plus_modules,none,majority,166,220,"{'keloid': 96, 'non_keloid': 70}","{'keloid': 110, 'non_keloid': 110}",0.5,0.3333333333333333,0.5,0.3333333333333333,0.5,"[[110, 0], [110, 0]]","['keloid', 'non_keloid']"
keloid_binary,leave_accession_out_GSE163973,shared_genes_plus_modules,none,stratified_random,166,220,"{'keloid': 96, 'non_keloid': 70}","{'keloid': 110, 'non_keloid': 110}",0.4954545454545455,0.4898790499467318,0.4954545454545455,0.4898790499467318,0.4954545454545454,"[[66, 44], [67, 43]]","['keloid', 'non_keloid']"
keloid_binary,leave_accession_out_GSE163973,shared_genes_plus_modules,none,elastic_net_logreg,166,220,"{'keloid': 96, 'non_keloid': 70}","{'keloid': 110, 'non_keloid': 110}",0.5363636363636364,0.5357497517378352,0.5363636363636364,0.5357497517378351,0.6190082644628099,"[[63, 47], [55, 55]]","['keloid', 'non_keloid']"
keloid_binary,leave_accession_out_GSE163973,shared_genes_plus_modules,none,linear_svm,166,220,"{'keloid': 96, 'non_keloid': 70}","{'keloid': 110, 'non_keloid': 110}",0.5136363636363637,0.5091640776496591,0.5136363636363637,0.5091640776496591,0.5709917355371901,"[[67, 43], [64, 46]]","['keloid', 'non_keloid']"
keloid_binary,leave_accession_out_GSE163973,shared_genes_plus_modules,none,random_forest,166,220,"{'keloid': 96, 'non_keloid': 70}","{'keloid': 110, 'non_keloid': 110}",0.5,0.3630908516685967,0.5,0.3630908516685967,0.6183471074380165,"[[106, 4], [106, 4]]","['keloid', 'non_keloid']"
keloid_binary,leave_accession_out_GSE163973,shared_genes_plus_modules,none,hist_gradient_boosting,166,220,"{'keloid': 96, 'non_keloid': 70}","{'keloid': 110, 'non_keloid': 110}",0.4772727272727273,0.4125978036265701,0.4772727272727273,0.4125978036265701,0.4601652892561984,"[[89, 21], [94, 16]]","['keloid', 'non_keloid']"
keloid_binary,leave_accession_out_GSE163973,shared_genes_plus_modules,none,knn,166,220,"{'keloid': 96, 'non_keloid': 70}","{'keloid': 110, 'non_keloid': 110}",0.55,0.47943306484380604,0.55,0.479433064843806,0.6130578512396695,"[[101, 9], [90, 20]]","['keloid', 'non_keloid']"
keloid_binary,leave_accession_out_GSE163973,shared_genes_plus_modules,none,small_mlp,166,220,"{'keloid': 96, 'non_keloid': 70}","{'keloid': 110, 'non_keloid': 110}",0.6454545454545455,0.6367792735585471,0.6454545454545455,0.6367792735585471,0.7064462809917356,"[[88, 22], [56, 54]]","['keloid', 'non_keloid']"
keloid_binary,leave_accession_out_GSE163973,published_markers_only,none,majority,166,220,"{'keloid': 96, 'non_keloid': 70}","{'keloid': 110, 'non_keloid': 110}",0.5,0.3333333333333333,0.5,0.3333333333333333,0.5,"[[110, 0], [110, 0]]","['keloid', 'non_keloid']"
keloid_binary,leave_accession_out_GSE163973,published_markers_only,none,stratified_random,166,220,"{'keloid': 96, 'non_keloid': 70}","{'keloid': 110, 'non_keloid': 110}",0.4954545454545455,0.4898790499467318,0.4954545454545455,0.4898790499467318,0.4954545454545454,"[[66, 44], [67, 43]]","['keloid', 'non_keloid']"
keloid_binary,leave_accession_out_GSE163973,published_markers_only,none,elastic_net_logreg,166,220,"{'keloid': 96, 'non_keloid': 70}","{'keloid': 110, 'non_keloid': 110}",0.5954545454545455,0.5917346066431743,0.5954545454545455,0.5917346066431743,0.6667768595041322,"[[76, 34], [55, 55]]","['keloid', 'non_keloid']"
keloid_binary,leave_accession_out_GSE163973,published_markers_only,none,linear_svm,166,220,"{'keloid': 96, 'non_keloid': 70}","{'keloid': 110, 'non_keloid': 110}",0.5863636363636363,0.5817927346410143,0.5863636363636364,0.5817927346410143,0.6295867768595041,"[[76, 34], [57, 53]]","['keloid', 'non_keloid']"
keloid_binary,leave_accession_out_GSE163973,published_markers_only,none,random_forest,166,220,"{'keloid': 96, 'non_keloid': 70}","{'keloid': 110, 'non_keloid': 110}",0.6454545454545455,0.638736842105263,0.6454545454545455,0.638736842105263,0.7091735537190083,"[[86, 24], [54, 56]]","['keloid', 'non_keloid']"
keloid_binary,leave_accession_out_GSE163973,published_markers_only,none,hist_gradient_boosting,166,220,"{'keloid': 96, 'non_keloid': 70}","{'keloid': 110, 'non_keloid': 110}",0.6454545454545455,0.638736842105263,0.6454545454545455,0.638736842105263,0.7363223140495868,"[[86, 24], [54, 56]]","['keloid', 'non_keloid']"
keloid_binary,leave_accession_out_GSE163973,published_markers_only,none,knn,166,220,"{'keloid': 96, 'non_keloid': 70}","{'keloid': 110, 'non_keloid': 110}",0.4954545454545455,0.42076424962641423,0.4954545454545454,0.4207642496264143,0.5212809917355372,"[[94, 16], [95, 15]]","['keloid', 'non_keloid']"
keloid_binary,leave_accession_out_GSE163973,published_markers_only,none,small_mlp,166,220,"{'keloid': 96, 'non_keloid': 70}","{'keloid': 110, 'non_keloid': 110}",0.5954545454545455,0.587259427896878,0.5954545454545455,0.5872594278968781,0.6890909090909092,"[[81, 29], [60, 50]]","['keloid', 'non_keloid']"
keloid_binary,leave_accession_out_GSE163973,expanded_profibrotic_only,none,majority,166,220,"{'keloid': 96, 'non_keloid': 70}","{'keloid': 110, 'non_keloid': 110}",0.5,0.3333333333333333,0.5,0.3333333333333333,0.5,"[[110, 0], [110, 0]]","['keloid', 'non_keloid']"
keloid_binary,leave_accession_out_GSE163973,expanded_profibrotic_only,none,stratified_random,166,220,"{'keloid': 96, 'non_keloid': 70}","{'keloid': 110, 'non_keloid': 110}",0.4954545454545455,0.4898790499467318,0.4954545454545455,0.4898790499467318,0.4954545454545454,"[[66, 44], [67, 43]]","['keloid', 'non_keloid']"
keloid_binary,leave_accession_out_GSE163973,expanded_profibrotic_only,none,elastic_net_logreg,166,220,"{'keloid': 96, 'non_keloid': 70}","{'keloid': 110, 'non_keloid': 110}",0.6363636363636364,0.6362433862433863,0.6363636363636364,0.6362433862433863,0.7394628099173554,"[[68, 42], [38, 72]]","['keloid', 'non_keloid']"
keloid_binary,leave_accession_out_GSE163973,expanded_profibrotic_only,none,linear_svm,166,220,"{'keloid': 96, 'non_keloid': 70}","{'keloid': 110, 'non_keloid': 110}",0.6363636363636364,0.6362433862433863,0.6363636363636364,0.6362433862433863,0.7394628099173554,"[[68, 42], [38, 72]]","['keloid', 'non_keloid']"
keloid_binary,leave_accession_out_GSE163973,expanded_profibrotic_only,none,random_forest,166,220,"{'keloid': 96, 'non_keloid': 70}","{'keloid': 110, 'non_keloid': 110}",0.5590909090909091,0.556442393631394,0.5590909090909091,0.556442393631394,0.6332231404958678,"[[70, 40], [57, 53]]","['keloid', 'non_keloid']"
keloid_binary,leave_accession_out_GSE163973,expanded_profibrotic_only,none,hist_gradient_boosting,166,220,"{'keloid': 96, 'non_keloid': 70}","{'keloid': 110, 'non_keloid': 110}",0.6363636363636364,0.6363636363636364,0.6363636363636364,0.6363636363636364,0.6521900826446281,"[[70, 40], [40, 70]]","['keloid', 'non_keloid']"
keloid_binary,leave_accession_out_GSE163973,expanded_profibrotic_only,none,knn,166,220,"{'keloid': 96, 'non_keloid': 70}","{'keloid': 110, 'non_keloid': 110}",0.6,0.5997022578777603,0.6000000000000001,0.5997022578777602,0.6056611570247934,"[[69, 41], [47, 63]]","['keloid', 'non_keloid']"
keloid_binary,leave_accession_out_GSE163973,expanded_profibrotic_only,none,small_mlp,166,220,"{'keloid': 96, 'non_keloid': 70}","{'keloid': 110, 'non_keloid': 110}",0.5045454545454545,0.48085124807863,0.5045454545454545,0.48085124807863,0.659710743801653,"[[79, 31], [78, 32]]","['keloid', 'non_keloid']"
keloid_binary,leave_accession_out_GSE163973,shared_genes,none,majority,166,220,"{'keloid': 96, 'non_keloid': 70}","{'keloid': 110, 'non_keloid': 110}",0.5,0.3333333333333333,0.5,0.3333333333333333,0.5,"[[110, 0], [110, 0]]","['keloid', 'non_keloid']"
keloid_binary,leave_accession_out_GSE163973,shared_genes,none,stratified_random,166,220,"{'keloid': 96, 'non_keloid': 70}","{'keloid': 110, 'non_keloid': 110}",0.4954545454545455,0.4898790499467318,0.4954545454545455,0.4898790499467318,0.4954545454545454,"[[66, 44], [67, 43]]","['keloid', 'non_keloid']"
keloid_binary,leave_accession_out_GSE163973,shared_genes,none,elastic_net_logreg,166,220,"{'keloid': 96, 'non_keloid': 70}","{'keloid': 110, 'non_keloid': 110}",0.5318181818181819,0.5313437157452794,0.5318181818181817,0.5313437157452794,0.623305785123967,"[[62, 48], [55, 55]]","['keloid', 'non_keloid']"
keloid_binary,leave_accession_out_GSE163973,shared_genes,none,linear_svm,166,220,"{'keloid': 96, 'non_keloid': 70}","{'keloid': 110, 'non_keloid': 110}",0.5318181818181819,0.5275130840926624,0.5318181818181819,0.5275130840926625,0.5909090909090909,"[[69, 41], [62, 48]]","['keloid', 'non_keloid']"
keloid_binary,leave_accession_out_GSE163973,shared_genes,none,random_forest,166,220,"{'keloid': 96, 'non_keloid': 70}","{'keloid': 110, 'non_keloid': 110}",0.5136363636363637,0.3771003678124421,0.5136363636363637,0.3771003678124421,0.649504132231405,"[[108, 2], [105, 5]]","['keloid', 'non_keloid']"
keloid_binary,leave_accession_out_GSE163973,shared_genes,none,hist_gradient_boosting,166,220,"{'keloid': 96, 'non_keloid': 70}","{'keloid': 110, 'non_keloid': 110}",0.4863636363636364,0.4372382569326542,0.4863636363636364,0.4372382569326542,0.4604132231404958,"[[86, 24], [89, 21]]","['keloid', 'non_keloid']"
keloid_binary,leave_accession_out_GSE163973,shared_genes,none,knn,166,220,"{'keloid': 96, 'non_keloid': 70}","{'keloid': 110, 'non_keloid': 110}",0.5227272727272727,0.42421296642488604,0.5227272727272727,0.424212966424886,0.615,"[[103, 7], [98, 12]]","['keloid', 'non_keloid']"
keloid_binary,leave_accession_out_GSE163973,modules_only,none,majority,166,220,"{'keloid': 96, 'non_keloid': 70}","{'keloid': 110, 'non_keloid': 110}",0.5,0.3333333333333333,0.5,0.3333333333333333,0.5,"[[110, 0], [110, 0]]","['keloid', 'non_keloid']"
keloid_binary,leave_accession_out_GSE163973,modules_only,none,stratified_random,166,220,"{'keloid': 96, 'non_keloid': 70}","{'keloid': 110, 'non_keloid': 110}",0.4954545454545455,0.4898790499467318,0.4954545454545455,0.4898790499467318,0.4954545454545454,"[[66, 44], [67, 43]]","['keloid', 'non_keloid']"
keloid_binary,leave_accession_out_GSE163973,modules_only,none,elastic_net_logreg,166,220,"{'keloid': 96, 'non_keloid': 70}","{'keloid': 110, 'non_keloid': 110}",0.6409090909090909,0.6400091136933241,0.6409090909090909,0.6400091136933242,0.6872727272727274,"[[76, 34], [45, 65]]","['keloid', 'non_keloid']"
keloid_binary,leave_accession_out_GSE163973,modules_only,none,linear_svm,166,220,"{'keloid': 96, 'non_keloid': 70}","{'keloid': 110, 'non_keloid': 110}",0.6363636363636364,0.6356107660455487,0.6363636363636364,0.6356107660455487,0.6842148760330579,"[[75, 35], [45, 65]]","['keloid', 'non_keloid']"
keloid_binary,leave_accession_out_GSE163973,modules_only,none,random_forest,166,220,"{'keloid': 96, 'non_keloid': 70}","{'keloid': 110, 'non_keloid': 110}",0.6090909090909091,0.5943048288875548,0.6090909090909091,0.5943048288875548,0.6722314049586776,"[[88, 22], [64, 46]]","['keloid', 'non_keloid']"
keloid_binary,leave_accession_out_GSE163973,modules_only,none,hist_gradient_boosting,166,220,"{'keloid': 96, 'non_keloid': 70}","{'keloid': 110, 'non_keloid': 110}",0.5863636363636363,0.5714805539502129,0.5863636363636364,0.5714805539502129,0.6119421487603306,"[[85, 25], [66, 44]]","['keloid', 'non_keloid']"
keloid_binary,leave_accession_out_GSE163973,modules_only,none,knn,166,220,"{'keloid': 96, 'non_keloid': 70}","{'keloid': 110, 'non_keloid': 110}",0.6454545454545455,0.638736842105263,0.6454545454545455,0.638736842105263,0.6942148760330579,"[[86, 24], [54, 56]]","['keloid', 'non_keloid']"
keloid_binary,leave_accession_out_GSE163973,modules_only,none,small_mlp,166,220,"{'keloid': 96, 'non_keloid': 70}","{'keloid': 110, 'non_keloid': 110}",0.5545454545454546,0.5011106997408367,0.5545454545454546,0.5011106997408368,0.6637190082644628,"[[97, 13], [85, 25]]","['keloid', 'non_keloid']"
keloid_binary,leave_accession_out_GSE163973,low_i2_core_only,none,majority,166,220,"{'keloid': 96, 'non_keloid': 70}","{'keloid': 110, 'non_keloid': 110}",0.5,0.3333333333333333,0.5,0.3333333333333333,0.5,"[[110, 0], [110, 0]]","['keloid', 'non_keloid']"
keloid_binary,leave_accession_out_GSE163973,low_i2_core_only,none,stratified_random,166,220,"{'keloid': 96, 'non_keloid': 70}","{'keloid': 110, 'non_keloid': 110}",0.4954545454545455,0.4898790499467318,0.4954545454545455,0.4898790499467318,0.4954545454545454,"[[66, 44], [67, 43]]","['keloid', 'non_keloid']"
keloid_binary,leave_accession_out_GSE163973,low_i2_core_only,none,elastic_net_logreg,166,220,"{'keloid': 96, 'non_keloid': 70}","{'keloid': 110, 'non_keloid': 110}",0.7272727272727273,0.7269116186693148,0.7272727272727273,0.7269116186693148,0.7993388429752065,"[[84, 26], [34, 76]]","['keloid', 'non_keloid']"
keloid_binary,leave_accession_out_GSE163973,low_i2_core_only,none,linear_svm,166,220,"{'keloid': 96, 'non_keloid': 70}","{'keloid': 110, 'non_keloid': 110}",0.6909090909090909,0.6902691511387163,0.6909090909090909,0.6902691511387165,0.7617355371900827,"[[81, 29], [39, 71]]","['keloid', 'non_keloid']"
keloid_binary,leave_accession_out_GSE163973,low_i2_core_only,none,random_forest,166,220,"{'keloid': 96, 'non_keloid': 70}","{'keloid': 110, 'non_keloid': 110}",0.65,0.631731124589665,0.6499999999999999,0.631731124589665,0.7773553719008264,"[[96, 14], [63, 47]]","['keloid', 'non_keloid']"
keloid_binary,leave_accession_out_GSE163973,low_i2_core_only,none,hist_gradient_boosting,166,220,"{'keloid': 96, 'non_keloid': 70}","{'keloid': 110, 'non_keloid': 110}",0.6454545454545455,0.638736842105263,0.6454545454545455,0.638736842105263,0.7325619834710744,"[[86, 24], [54, 56]]","['keloid', 'non_keloid']"
keloid_binary,leave_accession_out_GSE163973,low_i2_core_only,none,knn,166,220,"{'keloid': 96, 'non_keloid': 70}","{'keloid': 110, 'non_keloid': 110}",0.5454545454545454,0.4909292854498334,0.5454545454545454,0.4909292854498334,0.5709090909090909,"[[96, 14], [86, 24]]","['keloid', 'non_keloid']"
keloid_binary,leave_accession_out_GSE163973,low_i2_core_only,none,small_mlp,166,220,"{'keloid': 96, 'non_keloid': 70}","{'keloid': 110, 'non_keloid': 110}",0.7272727272727273,0.7258225324027917,0.7272727272727273,0.7258225324027916,0.7768595041322314,"[[72, 38], [22, 88]]","['keloid', 'non_keloid']"
keloid_binary,leave_accession_out_GSE181297,profibrotic_module_only,none,majority,379,7,"{'non_keloid': 210, 'keloid': 169}","{'keloid': 4, 'non_keloid': 3}",0.42857142857142855,0.2571428571428571,0.5,0.3,0.5,"[[0, 4], [0, 3]]","['keloid', 'non_keloid']"
keloid_binary,leave_accession_out_GSE181297,profibrotic_module_only,none,stratified_random,379,7,"{'non_keloid': 210, 'keloid': 169}","{'keloid': 4, 'non_keloid': 3}",0.5714285714285714,0.5523809523809524,0.5416666666666666,0.5333333333333333,0.5416666666666666,"[[3, 1], [2, 1]]","['keloid', 'non_keloid']"
keloid_binary,leave_accession_out_GSE181297,profibrotic_module_only,none,elastic_net_logreg,379,7,"{'non_keloid': 210, 'keloid': 169}","{'keloid': 4, 'non_keloid': 3}",0.8571428571428571,0.8507936507936508,0.8333333333333333,0.8444444444444444,1.0,"[[4, 0], [1, 2]]","['keloid', 'non_keloid']"
keloid_binary,leave_accession_out_GSE181297,profibrotic_module_only,none,linear_svm,379,7,"{'non_keloid': 210, 'keloid': 169}","{'keloid': 4, 'non_keloid': 3}",0.8571428571428571,0.8507936507936508,0.8333333333333333,0.8444444444444444,1.0,"[[4, 0], [1, 2]]","['keloid', 'non_keloid']"
keloid_binary,leave_accession_out_GSE181297,profibrotic_module_only,none,random_forest,379,7,"{'non_keloid': 210, 'keloid': 169}","{'keloid': 4, 'non_keloid': 3}",0.7142857142857143,0.7023809523809523,0.75,0.7083333333333333,0.9166666666666666,"[[2, 2], [0, 3]]","['keloid', 'non_keloid']"
keloid_binary,leave_accession_out_GSE181297,profibrotic_module_only,none,hist_gradient_boosting,379,7,"{'non_keloid': 210, 'keloid': 169}","{'keloid': 4, 'non_keloid': 3}",0.7142857142857143,0.7023809523809523,0.75,0.7083333333333333,0.8333333333333333,"[[2, 2], [0, 3]]","['keloid', 'non_keloid']"
keloid_binary,leave_accession_out_GSE181297,profibrotic_module_only,none,knn,379,7,"{'non_keloid': 210, 'keloid': 169}","{'keloid': 4, 'non_keloid': 3}",0.7142857142857143,0.7023809523809523,0.75,0.7083333333333333,0.7916666666666666,"[[2, 2], [0, 3]]","['keloid', 'non_keloid']"
keloid_binary,leave_accession_out_GSE181297,profibrotic_module_only,none,small_mlp,379,7,"{'non_keloid': 210, 'keloid': 169}","{'keloid': 4, 'non_keloid': 3}",0.8571428571428571,0.8507936507936508,0.8333333333333333,0.8444444444444444,1.0,"[[4, 0], [1, 2]]","['keloid', 'non_keloid']"
keloid_binary,leave_accession_out_GSE181297,modules_rank_plus_expanded,none,majority,379,7,"{'non_keloid': 210, 'keloid': 169}","{'keloid': 4, 'non_keloid': 3}",0.42857142857142855,0.2571428571428571,0.5,0.3,0.5,"[[0, 4], [0, 3]]","['keloid', 'non_keloid']"
keloid_binary,leave_accession_out_GSE181297,modules_rank_plus_expanded,none,stratified_random,379,7,"{'non_keloid': 210, 'keloid': 169}","{'keloid': 4, 'non_keloid': 3}",0.5714285714285714,0.5523809523809524,0.5416666666666666,0.5333333333333333,0.5416666666666666,"[[3, 1], [2, 1]]","['keloid', 'non_keloid']"
keloid_binary,leave_accession_out_GSE181297,modules_rank_plus_expanded,none,elastic_net_logreg,379,7,"{'non_keloid': 210, 'keloid': 169}","{'keloid': 4, 'non_keloid': 3}",0.8571428571428571,0.8507936507936508,0.8333333333333333,0.8444444444444444,1.0,"[[4, 0], [1, 2]]","['keloid', 'non_keloid']"
keloid_binary,leave_accession_out_GSE181297,modules_rank_plus_expanded,none,linear_svm,379,7,"{'non_keloid': 210, 'keloid': 169}","{'keloid': 4, 'non_keloid': 3}",1.0,1.0,1.0,1.0,1.0,"[[4, 0], [0, 3]]","['keloid', 'non_keloid']"
keloid_binary,leave_accession_out_GSE181297,modules_rank_plus_expanded,none,random_forest,379,7,"{'non_keloid': 210, 'keloid': 169}","{'keloid': 4, 'non_keloid': 3}",1.0,1.0,1.0,1.0,1.0,"[[4, 0], [0, 3]]","['keloid', 'non_keloid']"
keloid_binary,leave_accession_out_GSE181297,modules_rank_plus_expanded,none,hist_gradient_boosting,379,7,"{'non_keloid': 210, 'keloid': 169}","{'keloid': 4, 'non_keloid': 3}",1.0,1.0,1.0,1.0,1.0,"[[4, 0], [0, 3]]","['keloid', 'non_keloid']"
keloid_binary,leave_accession_out_GSE181297,modules_rank_plus_expanded,none,knn,379,7,"{'non_keloid': 210, 'keloid': 169}","{'keloid': 4, 'non_keloid': 3}",0.8571428571428571,0.8507936507936508,0.8333333333333333,0.8444444444444444,0.875,"[[4, 0], [1, 2]]","['keloid', 'non_keloid']"
keloid_binary,leave_accession_out_GSE181297,modules_rank_plus_expanded,none,small_mlp,379,7,"{'non_keloid': 210, 'keloid': 169}","{'keloid': 4, 'non_keloid': 3}",0.8571428571428571,0.8507936507936508,0.8333333333333333,0.8444444444444444,1.0,"[[4, 0], [1, 2]]","['keloid', 'non_keloid']"
keloid_binary,leave_accession_out_GSE181297,modules_rank_only,none,majority,379,7,"{'non_keloid': 210, 'keloid': 169}","{'keloid': 4, 'non_keloid': 3}",0.42857142857142855,0.2571428571428571,0.5,0.3,0.5,"[[0, 4], [0, 3]]","['keloid', 'non_keloid']"
keloid_binary,leave_accession_out_GSE181297,modules_rank_only,none,stratified_random,379,7,"{'non_keloid': 210, 'keloid': 169}","{'keloid': 4, 'non_keloid': 3}",0.5714285714285714,0.5523809523809524,0.5416666666666666,0.5333333333333333,0.5416666666666666,"[[3, 1], [2, 1]]","['keloid', 'non_keloid']"
keloid_binary,leave_accession_out_GSE181297,modules_rank_only,none,elastic_net_logreg,379,7,"{'non_keloid': 210, 'keloid': 169}","{'keloid': 4, 'non_keloid': 3}",1.0,1.0,1.0,1.0,1.0,"[[4, 0], [0, 3]]","['keloid', 'non_keloid']"
keloid_binary,leave_accession_out_GSE181297,modules_rank_only,none,linear_svm,379,7,"{'non_keloid': 210, 'keloid': 169}","{'keloid': 4, 'non_keloid': 3}",1.0,1.0,1.0,1.0,1.0,"[[4, 0], [0, 3]]","['keloid', 'non_keloid']"
keloid_binary,leave_accession_out_GSE181297,modules_rank_only,none,random_forest,379,7,"{'non_keloid': 210, 'keloid': 169}","{'keloid': 4, 'non_keloid': 3}",1.0,1.0,1.0,1.0,1.0,"[[4, 0], [0, 3]]","['keloid', 'non_keloid']"
keloid_binary,leave_accession_out_GSE181297,modules_rank_only,none,hist_gradient_boosting,379,7,"{'non_keloid': 210, 'keloid': 169}","{'keloid': 4, 'non_keloid': 3}",0.8571428571428571,0.8507936507936508,0.8333333333333333,0.8444444444444444,1.0,"[[4, 0], [1, 2]]","['keloid', 'non_keloid']"
keloid_binary,leave_accession_out_GSE181297,modules_rank_only,none,knn,379,7,"{'non_keloid': 210, 'keloid': 169}","{'keloid': 4, 'non_keloid': 3}",0.7142857142857143,0.7142857142857143,0.7083333333333333,0.7083333333333333,0.8333333333333333,"[[3, 1], [1, 2]]","['keloid', 'non_keloid']"
keloid_binary,leave_accession_out_GSE181297,modules_rank_only,none,small_mlp,379,7,"{'non_keloid': 210, 'keloid': 169}","{'keloid': 4, 'non_keloid': 3}",1.0,1.0,1.0,1.0,1.0,"[[4, 0], [0, 3]]","['keloid', 'non_keloid']"
keloid_binary,leave_accession_out_GSE181297,shared_genes_plus_modules,none,majority,379,7,"{'non_keloid': 210, 'keloid': 169}","{'keloid': 4, 'non_keloid': 3}",0.42857142857142855,0.2571428571428571,0.5,0.3,0.5,"[[0, 4], [0, 3]]","['keloid', 'non_keloid']"
keloid_binary,leave_accession_out_GSE181297,shared_genes_plus_modules,none,stratified_random,379,7,"{'non_keloid': 210, 'keloid': 169}","{'keloid': 4, 'non_keloid': 3}",0.5714285714285714,0.5523809523809524,0.5416666666666666,0.5333333333333333,0.5416666666666666,"[[3, 1], [2, 1]]","['keloid', 'non_keloid']"
keloid_binary,leave_accession_out_GSE181297,shared_genes_plus_modules,none,elastic_net_logreg,379,7,"{'non_keloid': 210, 'keloid': 169}","{'keloid': 4, 'non_keloid': 3}",1.0,1.0,1.0,1.0,1.0,"[[4, 0], [0, 3]]","['keloid', 'non_keloid']"
keloid_binary,leave_accession_out_GSE181297,shared_genes_plus_modules,none,linear_svm,379,7,"{'non_keloid': 210, 'keloid': 169}","{'keloid': 4, 'non_keloid': 3}",1.0,1.0,1.0,1.0,1.0,"[[4, 0], [0, 3]]","['keloid', 'non_keloid']"
keloid_binary,leave_accession_out_GSE181297,shared_genes_plus_modules,none,random_forest,379,7,"{'non_keloid': 210, 'keloid': 169}","{'keloid': 4, 'non_keloid': 3}",1.0,1.0,1.0,1.0,1.0,"[[4, 0], [0, 3]]","['keloid', 'non_keloid']"
keloid_binary,leave_accession_out_GSE181297,shared_genes_plus_modules,none,hist_gradient_boosting,379,7,"{'non_keloid': 210, 'keloid': 169}","{'keloid': 4, 'non_keloid': 3}",0.8571428571428571,0.8571428571428571,0.875,0.8571428571428571,0.9166666666666666,"[[3, 1], [0, 3]]","['keloid', 'non_keloid']"
keloid_binary,leave_accession_out_GSE181297,shared_genes_plus_modules,none,knn,379,7,"{'non_keloid': 210, 'keloid': 169}","{'keloid': 4, 'non_keloid': 3}",0.8571428571428571,0.8507936507936508,0.8333333333333333,0.8444444444444444,0.75,"[[4, 0], [1, 2]]","['keloid', 'non_keloid']"
keloid_binary,leave_accession_out_GSE181297,shared_genes_plus_modules,none,small_mlp,379,7,"{'non_keloid': 210, 'keloid': 169}","{'keloid': 4, 'non_keloid': 3}",1.0,1.0,1.0,1.0,1.0,"[[4, 0], [0, 3]]","['keloid', 'non_keloid']"
keloid_binary,leave_accession_out_GSE181297,published_markers_only,none,majority,379,7,"{'non_keloid': 210, 'keloid': 169}","{'keloid': 4, 'non_keloid': 3}",0.42857142857142855,0.2571428571428571,0.5,0.3,0.5,"[[0, 4], [0, 3]]","['keloid', 'non_keloid']"
keloid_binary,leave_accession_out_GSE181297,published_markers_only,none,stratified_random,379,7,"{'non_keloid': 210, 'keloid': 169}","{'keloid': 4, 'non_keloid': 3}",0.5714285714285714,0.5523809523809524,0.5416666666666666,0.5333333333333333,0.5416666666666666,"[[3, 1], [2, 1]]","['keloid', 'non_keloid']"
keloid_binary,leave_accession_out_GSE181297,published_markers_only,none,elastic_net_logreg,379,7,"{'non_keloid': 210, 'keloid': 169}","{'keloid': 4, 'non_keloid': 3}",0.8571428571428571,0.8507936507936508,0.8333333333333333,0.8444444444444444,1.0,"[[4, 0], [1, 2]]","['keloid', 'non_keloid']"
keloid_binary,leave_accession_out_GSE181297,published_markers_only,none,linear_svm,379,7,"{'non_keloid': 210, 'keloid': 169}","{'keloid': 4, 'non_keloid': 3}",0.8571428571428571,0.8507936507936508,0.8333333333333333,0.8444444444444444,1.0,"[[4, 0], [1, 2]]","['keloid', 'non_keloid']"
keloid_binary,leave_accession_out_GSE181297,published_markers_only,none,random_forest,379,7,"{'non_keloid': 210, 'keloid': 169}","{'keloid': 4, 'non_keloid': 3}",0.8571428571428571,0.8507936507936508,0.8333333333333333,0.8444444444444444,1.0,"[[4, 0], [1, 2]]","['keloid', 'non_keloid']"
keloid_binary,leave_accession_out_GSE181297,published_markers_only,none,hist_gradient_boosting,379,7,"{'non_keloid': 210, 'keloid': 169}","{'keloid': 4, 'non_keloid': 3}",0.8571428571428571,0.8507936507936508,0.8333333333333333,0.8444444444444444,1.0,"[[4, 0], [1, 2]]","['keloid', 'non_keloid']"
keloid_binary,leave_accession_out_GSE181297,published_markers_only,none,knn,379,7,"{'non_keloid': 210, 'keloid': 169}","{'keloid': 4, 'non_keloid': 3}",0.7142857142857143,0.7142857142857143,0.7083333333333333,0.7083333333333333,0.875,"[[3, 1], [1, 2]]","['keloid', 'non_keloid']"
keloid_binary,leave_accession_out_GSE181297,published_markers_only,none,small_mlp,379,7,"{'non_keloid': 210, 'keloid': 169}","{'keloid': 4, 'non_keloid': 3}",0.8571428571428571,0.8507936507936508,0.8333333333333333,0.8444444444444444,1.0,"[[4, 0], [1, 2]]","['keloid', 'non_keloid']"
keloid_binary,leave_accession_out_GSE181297,expanded_profibrotic_only,none,majority,379,7,"{'non_keloid': 210, 'keloid': 169}","{'keloid': 4, 'non_keloid': 3}",0.42857142857142855,0.2571428571428571,0.5,0.3,0.5,"[[0, 4], [0, 3]]","['keloid', 'non_keloid']"
keloid_binary,leave_accession_out_GSE181297,expanded_profibrotic_only,none,stratified_random,379,7,"{'non_keloid': 210, 'keloid': 169}","{'keloid': 4, 'non_keloid': 3}",0.5714285714285714,0.5523809523809524,0.5416666666666666,0.5333333333333333,0.5416666666666666,"[[3, 1], [2, 1]]","['keloid', 'non_keloid']"
keloid_binary,leave_accession_out_GSE181297,expanded_profibrotic_only,none,elastic_net_logreg,379,7,"{'non_keloid': 210, 'keloid': 169}","{'keloid': 4, 'non_keloid': 3}",0.8571428571428571,0.8507936507936508,0.8333333333333333,0.8444444444444444,0.875,"[[4, 0], [1, 2]]","['keloid', 'non_keloid']"
keloid_binary,leave_accession_out_GSE181297,expanded_profibrotic_only,none,linear_svm,379,7,"{'non_keloid': 210, 'keloid': 169}","{'keloid': 4, 'non_keloid': 3}",0.8571428571428571,0.8507936507936508,0.8333333333333333,0.8444444444444444,0.875,"[[4, 0], [1, 2]]","['keloid', 'non_keloid']"
keloid_binary,leave_accession_out_GSE181297,expanded_profibrotic_only,none,random_forest,379,7,"{'non_keloid': 210, 'keloid': 169}","{'keloid': 4, 'non_keloid': 3}",0.8571428571428571,0.8507936507936508,0.8333333333333333,0.8444444444444444,0.9583333333333333,"[[4, 0], [1, 2]]","['keloid', 'non_keloid']"
keloid_binary,leave_accession_out_GSE181297,expanded_profibrotic_only,none,hist_gradient_boosting,379,7,"{'non_keloid': 210, 'keloid': 169}","{'keloid': 4, 'non_keloid': 3}",0.7142857142857143,0.7023809523809523,0.75,0.7083333333333333,0.9583333333333333,"[[2, 2], [0, 3]]","['keloid', 'non_keloid']"
keloid_binary,leave_accession_out_GSE181297,expanded_profibrotic_only,none,knn,379,7,"{'non_keloid': 210, 'keloid': 169}","{'keloid': 4, 'non_keloid': 3}",0.8571428571428571,0.8571428571428571,0.875,0.8571428571428571,0.9166666666666666,"[[3, 1], [0, 3]]","['keloid', 'non_keloid']"
keloid_binary,leave_accession_out_GSE181297,expanded_profibrotic_only,none,small_mlp,379,7,"{'non_keloid': 210, 'keloid': 169}","{'keloid': 4, 'non_keloid': 3}",0.8571428571428571,0.8507936507936508,0.8333333333333333,0.8444444444444444,0.875,"[[4, 0], [1, 2]]","['keloid', 'non_keloid']"
keloid_binary,leave_accession_out_GSE181297,shared_genes,none,majority,379,7,"{'non_keloid': 210, 'keloid': 169}","{'keloid': 4, 'non_keloid': 3}",0.42857142857142855,0.2571428571428571,0.5,0.3,0.5,"[[0, 4], [0, 3]]","['keloid', 'non_keloid']"
keloid_binary,leave_accession_out_GSE181297,shared_genes,none,stratified_random,379,7,"{'non_keloid': 210, 'keloid': 169}","{'keloid': 4, 'non_keloid': 3}",0.5714285714285714,0.5523809523809524,0.5416666666666666,0.5333333333333333,0.5416666666666666,"[[3, 1], [2, 1]]","['keloid', 'non_keloid']"
keloid_binary,leave_accession_out_GSE181297,shared_genes,none,elastic_net_logreg,379,7,"{'non_keloid': 210, 'keloid': 169}","{'keloid': 4, 'non_keloid': 3}",1.0,1.0,1.0,1.0,1.0,"[[4, 0], [0, 3]]","['keloid', 'non_keloid']"
keloid_binary,leave_accession_out_GSE181297,shared_genes,none,linear_svm,379,7,"{'non_keloid': 210, 'keloid': 169}","{'keloid': 4, 'non_keloid': 3}",1.0,1.0,1.0,1.0,1.0,"[[4, 0], [0, 3]]","['keloid', 'non_keloid']"
keloid_binary,leave_accession_out_GSE181297,shared_genes,none,random_forest,379,7,"{'non_keloid': 210, 'keloid': 169}","{'keloid': 4, 'non_keloid': 3}",1.0,1.0,1.0,1.0,1.0,"[[4, 0], [0, 3]]","['keloid', 'non_keloid']"
keloid_binary,leave_accession_out_GSE181297,shared_genes,none,hist_gradient_boosting,379,7,"{'non_keloid': 210, 'keloid': 169}","{'keloid': 4, 'non_keloid': 3}",0.7142857142857143,0.7142857142857143,0.7083333333333333,0.7083333333333333,0.8333333333333333,"[[3, 1], [1, 2]]","['keloid', 'non_keloid']"
keloid_binary,leave_accession_out_GSE181297,shared_genes,none,knn,379,7,"{'non_keloid': 210, 'keloid': 169}","{'keloid': 4, 'non_keloid': 3}",0.8571428571428571,0.8507936507936508,0.8333333333333333,0.8444444444444444,0.7916666666666666,"[[4, 0], [1, 2]]","['keloid', 'non_keloid']"
keloid_binary,leave_accession_out_GSE181297,modules_only,none,majority,379,7,"{'non_keloid': 210, 'keloid': 169}","{'keloid': 4, 'non_keloid': 3}",0.42857142857142855,0.2571428571428571,0.5,0.3,0.5,"[[0, 4], [0, 3]]","['keloid', 'non_keloid']"
keloid_binary,leave_accession_out_GSE181297,modules_only,none,stratified_random,379,7,"{'non_keloid': 210, 'keloid': 169}","{'keloid': 4, 'non_keloid': 3}",0.5714285714285714,0.5523809523809524,0.5416666666666666,0.5333333333333333,0.5416666666666666,"[[3, 1], [2, 1]]","['keloid', 'non_keloid']"
keloid_binary,leave_accession_out_GSE181297,modules_only,none,elastic_net_logreg,379,7,"{'non_keloid': 210, 'keloid': 169}","{'keloid': 4, 'non_keloid': 3}",0.8571428571428571,0.8507936507936508,0.8333333333333333,0.8444444444444444,1.0,"[[4, 0], [1, 2]]","['keloid', 'non_keloid']"
keloid_binary,leave_accession_out_GSE181297,modules_only,none,linear_svm,379,7,"{'non_keloid': 210, 'keloid': 169}","{'keloid': 4, 'non_keloid': 3}",0.8571428571428571,0.8507936507936508,0.8333333333333333,0.8444444444444444,1.0,"[[4, 0], [1, 2]]","['keloid', 'non_keloid']"
keloid_binary,leave_accession_out_GSE181297,modules_only,none,random_forest,379,7,"{'non_keloid': 210, 'keloid': 169}","{'keloid': 4, 'non_keloid': 3}",1.0,1.0,1.0,1.0,1.0,"[[4, 0], [0, 3]]","['keloid', 'non_keloid']"
keloid_binary,leave_accession_out_GSE181297,modules_only,none,hist_gradient_boosting,379,7,"{'non_keloid': 210, 'keloid': 169}","{'keloid': 4, 'non_keloid': 3}",0.8571428571428571,0.8571428571428571,0.875,0.8571428571428571,0.9166666666666666,"[[3, 1], [0, 3]]","['keloid', 'non_keloid']"
keloid_binary,leave_accession_out_GSE181297,modules_only,none,knn,379,7,"{'non_keloid': 210, 'keloid': 169}","{'keloid': 4, 'non_keloid': 3}",0.8571428571428571,0.8571428571428571,0.875,0.8571428571428571,0.9583333333333333,"[[3, 1], [0, 3]]","['keloid', 'non_keloid']"
keloid_binary,leave_accession_out_GSE181297,modules_only,none,small_mlp,379,7,"{'non_keloid': 210, 'keloid': 169}","{'keloid': 4, 'non_keloid': 3}",0.8571428571428571,0.8507936507936508,0.8333333333333333,0.8444444444444444,1.0,"[[4, 0], [1, 2]]","['keloid', 'non_keloid']"
keloid_binary,leave_accession_out_GSE181297,low_i2_core_only,none,majority,379,7,"{'non_keloid': 210, 'keloid': 169}","{'keloid': 4, 'non_keloid': 3}",0.42857142857142855,0.2571428571428571,0.5,0.3,0.5,"[[0, 4], [0, 3]]","['keloid', 'non_keloid']"
keloid_binary,leave_accession_out_GSE181297,low_i2_core_only,none,stratified_random,379,7,"{'non_keloid': 210, 'keloid': 169}","{'keloid': 4, 'non_keloid': 3}",0.5714285714285714,0.5523809523809524,0.5416666666666666,0.5333333333333333,0.5416666666666666,"[[3, 1], [2, 1]]","['keloid', 'non_keloid']"
keloid_binary,leave_accession_out_GSE181297,low_i2_core_only,none,elastic_net_logreg,379,7,"{'non_keloid': 210, 'keloid': 169}","{'keloid': 4, 'non_keloid': 3}",0.5714285714285714,0.5714285714285714,0.5833333333333333,0.5714285714285714,0.8333333333333333,"[[2, 2], [1, 2]]","['keloid', 'non_keloid']"
keloid_binary,leave_accession_out_GSE181297,low_i2_core_only,none,linear_svm,379,7,"{'non_keloid': 210, 'keloid': 169}","{'keloid': 4, 'non_keloid': 3}",0.5714285714285714,0.5714285714285714,0.5833333333333333,0.5714285714285714,0.8333333333333333,"[[2, 2], [1, 2]]","['keloid', 'non_keloid']"
keloid_binary,leave_accession_out_GSE181297,low_i2_core_only,none,random_forest,379,7,"{'non_keloid': 210, 'keloid': 169}","{'keloid': 4, 'non_keloid': 3}",0.5714285714285714,0.5714285714285714,0.5833333333333333,0.5714285714285714,0.6666666666666666,"[[2, 2], [1, 2]]","['keloid', 'non_keloid']"
keloid_binary,leave_accession_out_GSE181297,low_i2_core_only,none,hist_gradient_boosting,379,7,"{'non_keloid': 210, 'keloid': 169}","{'keloid': 4, 'non_keloid': 3}",0.5714285714285714,0.5714285714285714,0.5833333333333333,0.5714285714285714,0.8333333333333333,"[[2, 2], [1, 2]]","['keloid', 'non_keloid']"
keloid_binary,leave_accession_out_GSE181297,low_i2_core_only,none,knn,379,7,"{'non_keloid': 210, 'keloid': 169}","{'keloid': 4, 'non_keloid': 3}",0.8571428571428571,0.8571428571428571,0.875,0.8571428571428571,0.9166666666666666,"[[3, 1], [0, 3]]","['keloid', 'non_keloid']"
keloid_binary,leave_accession_out_GSE181297,low_i2_core_only,none,small_mlp,379,7,"{'non_keloid': 210, 'keloid': 169}","{'keloid': 4, 'non_keloid': 3}",0.7142857142857143,0.7023809523809523,0.75,0.7083333333333333,0.8333333333333333,"[[2, 2], [0, 3]]","['keloid', 'non_keloid']"
keloid_binary,leave_accession_out_GSE188952,profibrotic_module_only,none,majority,333,12,"{'non_keloid': 201, 'keloid': 132}","{'non_keloid': 8, 'keloid': 4}",0.6666666666666666,0.5333333333333333,0.5,0.4,0.5,"[[0, 4], [0, 8]]","['keloid', 'non_keloid']"
keloid_binary,leave_accession_out_GSE188952,profibrotic_module_only,none,stratified_random,333,12,"{'non_keloid': 201, 'keloid': 132}","{'non_keloid': 8, 'keloid': 4}",0.5,0.5,0.5625,0.5,0.5625,"[[3, 1], [5, 3]]","['keloid', 'non_keloid']"
keloid_binary,leave_accession_out_GSE188952,profibrotic_module_only,none,elastic_net_logreg,333,12,"{'non_keloid': 201, 'keloid': 132}","{'non_keloid': 8, 'keloid': 4}",0.4166666666666667,0.42890442890442887,0.4375,0.4125874125874126,0.28125,"[[2, 2], [5, 3]]","['keloid', 'non_keloid']"
keloid_binary,leave_accession_out_GSE188952,profibrotic_module_only,none,linear_svm,333,12,"{'non_keloid': 201, 'keloid': 132}","{'non_keloid': 8, 'keloid': 4}",0.4166666666666667,0.42890442890442887,0.4375,0.4125874125874126,0.28125,"[[2, 2], [5, 3]]","['keloid', 'non_keloid']"
keloid_binary,leave_accession_out_GSE188952,profibrotic_module_only,none,random_forest,333,12,"{'non_keloid': 201, 'keloid': 132}","{'non_keloid': 8, 'keloid': 4}",0.3333333333333333,0.3523809523809524,0.3125,0.3142857142857143,0.21875,"[[1, 3], [5, 3]]","['keloid', 'non_keloid']"
keloid_binary,leave_accession_out_GSE188952,profibrotic_module_only,none,hist_gradient_boosting,333,12,"{'non_keloid': 201, 'keloid': 132}","{'non_keloid': 8, 'keloid': 4}",0.3333333333333333,0.3523809523809524,0.3125,0.3142857142857143,0.1875,"[[1, 3], [5, 3]]","['keloid', 'non_keloid']"
keloid_binary,leave_accession_out_GSE188952,profibrotic_module_only,none,knn,333,12,"{'non_keloid': 201, 'keloid': 132}","{'non_keloid': 8, 'keloid': 4}",0.3333333333333333,0.3523809523809524,0.3125,0.3142857142857143,0.296875,"[[1, 3], [5, 3]]","['keloid', 'non_keloid']"
keloid_binary,leave_accession_out_GSE188952,profibrotic_module_only,none,small_mlp,333,12,"{'non_keloid': 201, 'keloid': 132}","{'non_keloid': 8, 'keloid': 4}",0.3333333333333333,0.3333333333333333,0.375,0.3333333333333333,0.21875,"[[2, 2], [6, 2]]","['keloid', 'non_keloid']"
keloid_binary,leave_accession_out_GSE188952,modules_rank_plus_expanded,none,majority,333,12,"{'non_keloid': 201, 'keloid': 132}","{'non_keloid': 8, 'keloid': 4}",0.6666666666666666,0.5333333333333333,0.5,0.4,0.5,"[[0, 4], [0, 8]]","['keloid', 'non_keloid']"
keloid_binary,leave_accession_out_GSE188952,modules_rank_plus_expanded,none,stratified_random,333,12,"{'non_keloid': 201, 'keloid': 132}","{'non_keloid': 8, 'keloid': 4}",0.5,0.5,0.5625,0.5,0.5625,"[[3, 1], [5, 3]]","['keloid', 'non_keloid']"
keloid_binary,leave_accession_out_GSE188952,modules_rank_plus_expanded,none,elastic_net_logreg,333,12,"{'non_keloid': 201, 'keloid': 132}","{'non_keloid': 8, 'keloid': 4}",0.25,0.2657342657342658,0.25,0.24475524475524477,0.1875,"[[1, 3], [6, 2]]","['keloid', 'non_keloid']"
keloid_binary,leave_accession_out_GSE188952,modules_rank_plus_expanded,none,linear_svm,333,12,"{'non_keloid': 201, 'keloid': 132}","{'non_keloid': 8, 'keloid': 4}",0.25,0.2657342657342658,0.25,0.24475524475524477,0.1875,"[[1, 3], [6, 2]]","['keloid', 'non_keloid']"
keloid_binary,leave_accession_out_GSE188952,modules_rank_plus_expanded,none,random_forest,333,12,"{'non_keloid': 201, 'keloid': 132}","{'non_keloid': 8, 'keloid': 4}",0.3333333333333333,0.3333333333333333,0.25,0.25,0.09375,"[[0, 4], [4, 4]]","['keloid', 'non_keloid']"
keloid_binary,leave_accession_out_GSE188952,modules_rank_plus_expanded,none,hist_gradient_boosting,333,12,"{'non_keloid': 201, 'keloid': 132}","{'non_keloid': 8, 'keloid': 4}",0.3333333333333333,0.3333333333333333,0.25,0.25,0.09375,"[[0, 4], [4, 4]]","['keloid', 'non_keloid']"
keloid_binary,leave_accession_out_GSE188952,modules_rank_plus_expanded,none,knn,333,12,"{'non_keloid': 201, 'keloid': 132}","{'non_keloid': 8, 'keloid': 4}",0.25,0.26666666666666666,0.1875,0.2,0.109375,"[[0, 4], [5, 3]]","['keloid', 'non_keloid']"
keloid_binary,leave_accession_out_GSE188952,modules_rank_plus_expanded,none,small_mlp,333,12,"{'non_keloid': 201, 'keloid': 132}","{'non_keloid': 8, 'keloid': 4}",0.3333333333333333,0.3523809523809524,0.3125,0.3142857142857143,0.1875,"[[1, 3], [5, 3]]","['keloid', 'non_keloid']"
keloid_binary,leave_accession_out_GSE188952,modules_rank_only,none,majority,333,12,"{'non_keloid': 201, 'keloid': 132}","{'non_keloid': 8, 'keloid': 4}",0.6666666666666666,0.5333333333333333,0.5,0.4,0.5,"[[0, 4], [0, 8]]","['keloid', 'non_keloid']"
keloid_binary,leave_accession_out_GSE188952,modules_rank_only,none,stratified_random,333,12,"{'non_keloid': 201, 'keloid': 132}","{'non_keloid': 8, 'keloid': 4}",0.5,0.5,0.5625,0.5,0.5625,"[[3, 1], [5, 3]]","['keloid', 'non_keloid']"
keloid_binary,leave_accession_out_GSE188952,modules_rank_only,none,elastic_net_logreg,333,12,"{'non_keloid': 201, 'keloid': 132}","{'non_keloid': 8, 'keloid': 4}",0.3333333333333333,0.3523809523809524,0.3125,0.3142857142857143,0.25,"[[1, 3], [5, 3]]","['keloid', 'non_keloid']"
keloid_binary,leave_accession_out_GSE188952,modules_rank_only,none,linear_svm,333,12,"{'non_keloid': 201, 'keloid': 132}","{'non_keloid': 8, 'keloid': 4}",0.3333333333333333,0.3523809523809524,0.3125,0.3142857142857143,0.28125,"[[1, 3], [5, 3]]","['keloid', 'non_keloid']"
keloid_binary,leave_accession_out_GSE188952,modules_rank_only,none,random_forest,333,12,"{'non_keloid': 201, 'keloid': 132}","{'non_keloid': 8, 'keloid': 4}",0.3333333333333333,0.3333333333333333,0.25,0.25,0.21875,"[[0, 4], [4, 4]]","['keloid', 'non_keloid']"
keloid_binary,leave_accession_out_GSE188952,modules_rank_only,none,hist_gradient_boosting,333,12,"{'non_keloid': 201, 'keloid': 132}","{'non_keloid': 8, 'keloid': 4}",0.3333333333333333,0.3333333333333333,0.25,0.25,0.15625,"[[0, 4], [4, 4]]","['keloid', 'non_keloid']"
keloid_binary,leave_accession_out_GSE188952,modules_rank_only,none,knn,333,12,"{'non_keloid': 201, 'keloid': 132}","{'non_keloid': 8, 'keloid': 4}",0.25,0.26666666666666666,0.1875,0.2,0.234375,"[[0, 4], [5, 3]]","['keloid', 'non_keloid']"
keloid_binary,leave_accession_out_GSE188952,modules_rank_only,none,small_mlp,333,12,"{'non_keloid': 201, 'keloid': 132}","{'non_keloid': 8, 'keloid': 4}",0.4166666666666667,0.4296296296296296,0.375,0.37777777777777777,0.21875,"[[1, 3], [4, 4]]","['keloid', 'non_keloid']"
keloid_binary,leave_accession_out_GSE188952,shared_genes_plus_modules,none,majority,333,12,"{'non_keloid': 201, 'keloid': 132}","{'non_keloid': 8, 'keloid': 4}",0.6666666666666666,0.5333333333333333,0.5,0.4,0.5,"[[0, 4], [0, 8]]","['keloid', 'non_keloid']"
keloid_binary,leave_accession_out_GSE188952,shared_genes_plus_modules,none,stratified_random,333,12,"{'non_keloid': 201, 'keloid': 132}","{'non_keloid': 8, 'keloid': 4}",0.5,0.5,0.5625,0.5,0.5625,"[[3, 1], [5, 3]]","['keloid', 'non_keloid']"
keloid_binary,leave_accession_out_GSE188952,shared_genes_plus_modules,none,elastic_net_logreg,333,12,"{'non_keloid': 201, 'keloid': 132}","{'non_keloid': 8, 'keloid': 4}",0.4166666666666667,0.39627039627039623,0.5,0.4125874125874126,0.34375,"[[3, 1], [6, 2]]","['keloid', 'non_keloid']"
keloid_binary,leave_accession_out_GSE188952,shared_genes_plus_modules,none,linear_svm,333,12,"{'non_keloid': 201, 'keloid': 132}","{'non_keloid': 8, 'keloid': 4}",0.4166666666666667,0.39627039627039623,0.5,0.4125874125874126,0.46875,"[[3, 1], [6, 2]]","['keloid', 'non_keloid']"
keloid_binary,leave_accession_out_GSE188952,shared_genes_plus_modules,none,random_forest,333,12,"{'non_keloid': 201, 'keloid': 132}","{'non_keloid': 8, 'keloid': 4}",0.3333333333333333,0.16666666666666666,0.5,0.25,0.46875,"[[4, 0], [8, 0]]","['keloid', 'non_keloid']"
keloid_binary,leave_accession_out_GSE188952,shared_genes_plus_modules,none,hist_gradient_boosting,333,12,"{'non_keloid': 201, 'keloid': 132}","{'non_keloid': 8, 'keloid': 4}",0.5,0.5,0.4375,0.4375,0.34375,"[[1, 3], [3, 5]]","['keloid', 'non_keloid']"
keloid_binary,leave_accession_out_GSE188952,shared_genes_plus_modules,none,knn,333,12,"{'non_keloid': 201, 'keloid': 132}","{'non_keloid': 8, 'keloid': 4}",0.3333333333333333,0.27619047619047615,0.4375,0.3142857142857143,0.484375,"[[3, 1], [7, 1]]","['keloid', 'non_keloid']"
keloid_binary,leave_accession_out_GSE188952,shared_genes_plus_modules,none,small_mlp,333,12,"{'non_keloid': 201, 'keloid': 132}","{'non_keloid': 8, 'keloid': 4}",0.3333333333333333,0.16666666666666666,0.5,0.25,0.15625,"[[4, 0], [8, 0]]","['keloid', 'non_keloid']"
keloid_binary,leave_accession_out_GSE188952,published_markers_only,none,majority,333,12,"{'non_keloid': 201, 'keloid': 132}","{'non_keloid': 8, 'keloid': 4}",0.6666666666666666,0.5333333333333333,0.5,0.4,0.5,"[[0, 4], [0, 8]]","['keloid', 'non_keloid']"
keloid_binary,leave_accession_out_GSE188952,published_markers_only,none,stratified_random,333,12,"{'non_keloid': 201, 'keloid': 132}","{'non_keloid': 8, 'keloid': 4}",0.5,0.5,0.5625,0.5,0.5625,"[[3, 1], [5, 3]]","['keloid', 'non_keloid']"
keloid_binary,leave_accession_out_GSE188952,published_markers_only,none,elastic_net_logreg,333,12,"{'non_keloid': 201, 'keloid': 132}","{'non_keloid': 8, 'keloid': 4}",0.75,0.7555555555555555,0.75,0.7333333333333334,0.8125,"[[3, 1], [2, 6]]","['keloid', 'non_keloid']"
keloid_binary,leave_accession_out_GSE188952,published_markers_only,none,linear_svm,333,12,"{'non_keloid': 201, 'keloid': 132}","{'non_keloid': 8, 'keloid': 4}",0.8333333333333334,0.8380952380952381,0.875,0.8285714285714285,0.8125,"[[4, 0], [2, 6]]","['keloid', 'non_keloid']"
keloid_binary,leave_accession_out_GSE188952,published_markers_only,none,random_forest,333,12,"{'non_keloid': 201, 'keloid': 132}","{'non_keloid': 8, 'keloid': 4}",0.5,0.5,0.4375,0.4375,0.4375,"[[1, 3], [3, 5]]","['keloid', 'non_keloid']"
keloid_binary,leave_accession_out_GSE188952,published_markers_only,none,hist_gradient_boosting,333,12,"{'non_keloid': 201, 'keloid': 132}","{'non_keloid': 8, 'keloid': 4}",0.5,0.5,0.4375,0.4375,0.40625,"[[1, 3], [3, 5]]","['keloid', 'non_keloid']"
keloid_binary,leave_accession_out_GSE188952,published_markers_only,none,knn,333,12,"{'non_keloid': 201, 'keloid': 132}","{'non_keloid': 8, 'keloid': 4}",0.25,0.22377622377622378,0.3125,0.24475524475524477,0.3125,"[[2, 2], [7, 1]]","['keloid', 'non_keloid']"
keloid_binary,leave_accession_out_GSE188952,published_markers_only,none,small_mlp,333,12,"{'non_keloid': 201, 'keloid': 132}","{'non_keloid': 8, 'keloid': 4}",0.5833333333333334,0.5925925925925926,0.5625,0.5555555555555556,0.5,"[[2, 2], [3, 5]]","['keloid', 'non_keloid']"
keloid_binary,leave_accession_out_GSE188952,expanded_profibrotic_only,none,majority,333,12,"{'non_keloid': 201, 'keloid': 132}","{'non_keloid': 8, 'keloid': 4}",0.6666666666666666,0.5333333333333333,0.5,0.4,0.5,"[[0, 4], [0, 8]]","['keloid', 'non_keloid']"
keloid_binary,leave_accession_out_GSE188952,expanded_profibrotic_only,none,stratified_random,333,12,"{'non_keloid': 201, 'keloid': 132}","{'non_keloid': 8, 'keloid': 4}",0.5,0.5,0.5625,0.5,0.5625,"[[3, 1], [5, 3]]","['keloid', 'non_keloid']"
keloid_binary,leave_accession_out_GSE188952,expanded_profibrotic_only,none,elastic_net_logreg,333,12,"{'non_keloid': 201, 'keloid': 132}","{'non_keloid': 8, 'keloid': 4}",0.4166666666666667,0.42890442890442887,0.4375,0.4125874125874126,0.40625,"[[2, 2], [5, 3]]","['keloid', 'non_keloid']"
keloid_binary,leave_accession_out_GSE188952,expanded_profibrotic_only,none,linear_svm,333,12,"{'non_keloid': 201, 'keloid': 132}","{'non_keloid': 8, 'keloid': 4}",0.4166666666666667,0.42890442890442887,0.4375,0.4125874125874126,0.40625,"[[2, 2], [5, 3]]","['keloid', 'non_keloid']"
keloid_binary,leave_accession_out_GSE188952,expanded_profibrotic_only,none,random_forest,333,12,"{'non_keloid': 201, 'keloid': 132}","{'non_keloid': 8, 'keloid': 4}",0.3333333333333333,0.3523809523809524,0.3125,0.3142857142857143,0.3125,"[[1, 3], [5, 3]]","['keloid', 'non_keloid']"
keloid_binary,leave_accession_out_GSE188952,expanded_profibrotic_only,none,hist_gradient_boosting,333,12,"{'non_keloid': 201, 'keloid': 132}","{'non_keloid': 8, 'keloid': 4}",0.25,0.26666666666666666,0.1875,0.2,0.3125,"[[0, 4], [5, 3]]","['keloid', 'non_keloid']"
keloid_binary,leave_accession_out_GSE188952,expanded_profibrotic_only,none,knn,333,12,"{'non_keloid': 201, 'keloid': 132}","{'non_keloid': 8, 'keloid': 4}",0.25,0.26666666666666666,0.1875,0.2,0.28125,"[[0, 4], [5, 3]]","['keloid', 'non_keloid']"
keloid_binary,leave_accession_out_GSE188952,expanded_profibrotic_only,none,small_mlp,333,12,"{'non_keloid': 201, 'keloid': 132}","{'non_keloid': 8, 'keloid': 4}",0.3333333333333333,0.27619047619047615,0.4375,0.3142857142857143,0.375,"[[3, 1], [7, 1]]","['keloid', 'non_keloid']"
keloid_binary,leave_accession_out_GSE188952,shared_genes,none,majority,333,12,"{'non_keloid': 201, 'keloid': 132}","{'non_keloid': 8, 'keloid': 4}",0.6666666666666666,0.5333333333333333,0.5,0.4,0.5,"[[0, 4], [0, 8]]","['keloid', 'non_keloid']"
keloid_binary,leave_accession_out_GSE188952,shared_genes,none,stratified_random,333,12,"{'non_keloid': 201, 'keloid': 132}","{'non_keloid': 8, 'keloid': 4}",0.5,0.5,0.5625,0.5,0.5625,"[[3, 1], [5, 3]]","['keloid', 'non_keloid']"
keloid_binary,leave_accession_out_GSE188952,shared_genes,none,elastic_net_logreg,333,12,"{'non_keloid': 201, 'keloid': 132}","{'non_keloid': 8, 'keloid': 4}",0.4166666666666667,0.39627039627039623,0.5,0.4125874125874126,0.4375,"[[3, 1], [6, 2]]","['keloid', 'non_keloid']"
keloid_binary,leave_accession_out_GSE188952,shared_genes,none,linear_svm,333,12,"{'non_keloid': 201, 'keloid': 132}","{'non_keloid': 8, 'keloid': 4}",0.4166666666666667,0.39627039627039623,0.5,0.4125874125874126,0.53125,"[[3, 1], [6, 2]]","['keloid', 'non_keloid']"
keloid_binary,leave_accession_out_GSE188952,shared_genes,none,random_forest,333,12,"{'non_keloid': 201, 'keloid': 132}","{'non_keloid': 8, 'keloid': 4}",0.3333333333333333,0.16666666666666666,0.5,0.25,0.46875,"[[4, 0], [8, 0]]","['keloid', 'non_keloid']"
keloid_binary,leave_accession_out_GSE188952,shared_genes,none,hist_gradient_boosting,333,12,"{'non_keloid': 201, 'keloid': 132}","{'non_keloid': 8, 'keloid': 4}",0.5833333333333334,0.5925925925925926,0.5625,0.5555555555555556,0.40625,"[[2, 2], [3, 5]]","['keloid', 'non_keloid']"
keloid_binary,leave_accession_out_GSE188952,shared_genes,none,knn,333,12,"{'non_keloid': 201, 'keloid': 132}","{'non_keloid': 8, 'keloid': 4}",0.3333333333333333,0.27619047619047615,0.4375,0.3142857142857143,0.53125,"[[3, 1], [7, 1]]","['keloid', 'non_keloid']"
keloid_binary,leave_accession_out_GSE188952,modules_only,none,majority,333,12,"{'non_keloid': 201, 'keloid': 132}","{'non_keloid': 8, 'keloid': 4}",0.6666666666666666,0.5333333333333333,0.5,0.4,0.5,"[[0, 4], [0, 8]]","['keloid', 'non_keloid']"
keloid_binary,leave_accession_out_GSE188952,modules_only,none,stratified_random,333,12,"{'non_keloid': 201, 'keloid': 132}","{'non_keloid': 8, 'keloid': 4}",0.5,0.5,0.5625,0.5,0.5625,"[[3, 1], [5, 3]]","['keloid', 'non_keloid']"
keloid_binary,leave_accession_out_GSE188952,modules_only,none,elastic_net_logreg,333,12,"{'non_keloid': 201, 'keloid': 132}","{'non_keloid': 8, 'keloid': 4}",0.5,0.5142857142857142,0.5,0.4857142857142857,0.375,"[[2, 2], [4, 4]]","['keloid', 'non_keloid']"
keloid_binary,leave_accession_out_GSE188952,modules_only,none,linear_svm,333,12,"{'non_keloid': 201, 'keloid': 132}","{'non_keloid': 8, 'keloid': 4}",0.5,0.5142857142857142,0.5,0.4857142857142857,0.46875,"[[2, 2], [4, 4]]","['keloid', 'non_keloid']"
keloid_binary,leave_accession_out_GSE188952,modules_only,none,random_forest,333,12,"{'non_keloid': 201, 'keloid': 132}","{'non_keloid': 8, 'keloid': 4}",0.3333333333333333,0.3333333333333333,0.25,0.25,0.1875,"[[0, 4], [4, 4]]","['keloid', 'non_keloid']"
keloid_binary,leave_accession_out_GSE188952,modules_only,none,hist_gradient_boosting,333,12,"{'non_keloid': 201, 'keloid': 132}","{'non_keloid': 8, 'keloid': 4}",0.3333333333333333,0.3333333333333333,0.25,0.25,0.1875,"[[0, 4], [4, 4]]","['keloid', 'non_keloid']"
keloid_binary,leave_accession_out_GSE188952,modules_only,none,knn,333,12,"{'non_keloid': 201, 'keloid': 132}","{'non_keloid': 8, 'keloid': 4}",0.16666666666666666,0.19047619047619047,0.125,0.14285714285714285,0.0,"[[0, 4], [6, 2]]","['keloid', 'non_keloid']"
keloid_binary,leave_accession_out_GSE188952,modules_only,none,small_mlp,333,12,"{'non_keloid': 201, 'keloid': 132}","{'non_keloid': 8, 'keloid': 4}",0.4166666666666667,0.4296296296296296,0.375,0.37777777777777777,0.40625,"[[1, 3], [4, 4]]","['keloid', 'non_keloid']"
keloid_binary,leave_accession_out_GSE188952,low_i2_core_only,none,majority,333,12,"{'non_keloid': 201, 'keloid': 132}","{'non_keloid': 8, 'keloid': 4}",0.6666666666666666,0.5333333333333333,0.5,0.4,0.5,"[[0, 4], [0, 8]]","['keloid', 'non_keloid']"
keloid_binary,leave_accession_out_GSE188952,low_i2_core_only,none,stratified_random,333,12,"{'non_keloid': 201, 'keloid': 132}","{'non_keloid': 8, 'keloid': 4}",0.5,0.5,0.5625,0.5,0.5625,"[[3, 1], [5, 3]]","['keloid', 'non_keloid']"
keloid_binary,leave_accession_out_GSE188952,low_i2_core_only,none,elastic_net_logreg,333,12,"{'non_keloid': 201, 'keloid': 132}","{'non_keloid': 8, 'keloid': 4}",0.3333333333333333,0.16666666666666666,0.5,0.25,0.5,"[[4, 0], [8, 0]]","['keloid', 'non_keloid']"
keloid_binary,leave_accession_out_GSE188952,low_i2_core_only,none,linear_svm,333,12,"{'non_keloid': 201, 'keloid': 132}","{'non_keloid': 8, 'keloid': 4}",0.3333333333333333,0.16666666666666666,0.5,0.25,0.5,"[[4, 0], [8, 0]]","['keloid', 'non_keloid']"
keloid_binary,leave_accession_out_GSE188952,low_i2_core_only,none,random_forest,333,12,"{'non_keloid': 201, 'keloid': 132}","{'non_keloid': 8, 'keloid': 4}",0.3333333333333333,0.16666666666666666,0.5,0.25,0.5,"[[4, 0], [8, 0]]","['keloid', 'non_keloid']"
keloid_binary,leave_accession_out_GSE188952,low_i2_core_only,none,hist_gradient_boosting,333,12,"{'non_keloid': 201, 'keloid': 132}","{'non_keloid': 8, 'keloid': 4}",0.3333333333333333,0.16666666666666666,0.5,0.25,0.5,"[[4, 0], [8, 0]]","['keloid', 'non_keloid']"
keloid_binary,leave_accession_out_GSE188952,low_i2_core_only,none,knn,333,12,"{'non_keloid': 201, 'keloid': 132}","{'non_keloid': 8, 'keloid': 4}",0.3333333333333333,0.16666666666666666,0.5,0.25,0.5,"[[4, 0], [8, 0]]","['keloid', 'non_keloid']"
keloid_binary,leave_accession_out_GSE188952,low_i2_core_only,none,small_mlp,333,12,"{'non_keloid': 201, 'keloid': 132}","{'non_keloid': 8, 'keloid': 4}",0.3333333333333333,0.16666666666666666,0.5,0.25,0.5,"[[4, 0], [8, 0]]","['keloid', 'non_keloid']"
keloid_binary,leave_accession_out_GSE44270,profibrotic_module_only,none,majority,279,32,"{'non_keloid': 162, 'keloid': 117}","{'keloid': 18, 'non_keloid': 14}",0.4375,0.266304347826087,0.5,0.30434782608695654,0.5,"[[0, 18], [0, 14]]","['keloid', 'non_keloid']"
keloid_binary,leave_accession_out_GSE44270,profibrotic_module_only,none,stratified_random,279,32,"{'non_keloid': 162, 'keloid': 117}","{'keloid': 18, 'non_keloid': 14}",0.5625,0.5642156862745098,0.5634920634920635,0.5607843137254902,0.5634920634920635,"[[10, 8], [6, 8]]","['keloid', 'non_keloid']"
keloid_binary,leave_accession_out_GSE44270,profibrotic_module_only,none,elastic_net_logreg,279,32,"{'non_keloid': 162, 'keloid': 117}","{'keloid': 18, 'non_keloid': 14}",0.5625,0.40499999999999997,0.5,0.36,0.5,"[[18, 0], [14, 0]]","['keloid', 'non_keloid']"
keloid_binary,leave_accession_out_GSE44270,profibrotic_module_only,none,linear_svm,279,32,"{'non_keloid': 162, 'keloid': 117}","{'keloid': 18, 'non_keloid': 14}",0.5625,0.40499999999999997,0.5,0.36,0.5,"[[18, 0], [14, 0]]","['keloid', 'non_keloid']"
keloid_binary,leave_accession_out_GSE44270,profibrotic_module_only,none,random_forest,279,32,"{'non_keloid': 162, 'keloid': 117}","{'keloid': 18, 'non_keloid': 14}",0.5625,0.40499999999999997,0.5,0.36,0.5,"[[18, 0], [14, 0]]","['keloid', 'non_keloid']"
keloid_binary,leave_accession_out_GSE44270,profibrotic_module_only,none,hist_gradient_boosting,279,32,"{'non_keloid': 162, 'keloid': 117}","{'keloid': 18, 'non_keloid': 14}",0.5625,0.40499999999999997,0.5,0.36,0.5,"[[18, 0], [14, 0]]","['keloid', 'non_keloid']"
keloid_binary,leave_accession_out_GSE44270,profibrotic_module_only,none,knn,279,32,"{'non_keloid': 162, 'keloid': 117}","{'keloid': 18, 'non_keloid': 14}",0.5625,0.40499999999999997,0.5,0.36,0.5,"[[18, 0], [14, 0]]","['keloid', 'non_keloid']"
keloid_binary,leave_accession_out_GSE44270,profibrotic_module_only,none,small_mlp,279,32,"{'non_keloid': 162, 'keloid': 117}","{'keloid': 18, 'non_keloid': 14}",0.5625,0.40499999999999997,0.5,0.36,0.5,"[[18, 0], [14, 0]]","['keloid', 'non_keloid']"
keloid_binary,leave_accession_out_GSE44270,modules_rank_plus_expanded,none,majority,279,32,"{'non_keloid': 162, 'keloid': 117}","{'keloid': 18, 'non_keloid': 14}",0.4375,0.266304347826087,0.5,0.30434782608695654,0.5,"[[0, 18], [0, 14]]","['keloid', 'non_keloid']"
keloid_binary,leave_accession_out_GSE44270,modules_rank_plus_expanded,none,stratified_random,279,32,"{'non_keloid': 162, 'keloid': 117}","{'keloid': 18, 'non_keloid': 14}",0.5625,0.5642156862745098,0.5634920634920635,0.5607843137254902,0.5634920634920635,"[[10, 8], [6, 8]]","['keloid', 'non_keloid']"
keloid_binary,leave_accession_out_GSE44270,modules_rank_plus_expanded,none,elastic_net_logreg,279,32,"{'non_keloid': 162, 'keloid': 117}","{'keloid': 18, 'non_keloid': 14}",0.5625,0.40499999999999997,0.5,0.36,0.5,"[[18, 0], [14, 0]]","['keloid', 'non_keloid']"
keloid_binary,leave_accession_out_GSE44270,modules_rank_plus_expanded,none,linear_svm,279,32,"{'non_keloid': 162, 'keloid': 117}","{'keloid': 18, 'non_keloid': 14}",0.5625,0.40499999999999997,0.5,0.36,0.5,"[[18, 0], [14, 0]]","['keloid', 'non_keloid']"
keloid_binary,leave_accession_out_GSE44270,modules_rank_plus_expanded,none,random_forest,279,32,"{'non_keloid': 162, 'keloid': 117}","{'keloid': 18, 'non_keloid': 14}",0.5625,0.40499999999999997,0.5,0.36,0.5,"[[18, 0], [14, 0]]","['keloid', 'non_keloid']"
keloid_binary,leave_accession_out_GSE44270,modules_rank_plus_expanded,none,hist_gradient_boosting,279,32,"{'non_keloid': 162, 'keloid': 117}","{'keloid': 18, 'non_keloid': 14}",0.5625,0.40499999999999997,0.5,0.36,0.5,"[[18, 0], [14, 0]]","['keloid', 'non_keloid']"
keloid_binary,leave_accession_out_GSE44270,modules_rank_plus_expanded,none,knn,279,32,"{'non_keloid': 162, 'keloid': 117}","{'keloid': 18, 'non_keloid': 14}",0.5625,0.40499999999999997,0.5,0.36,0.5,"[[18, 0], [14, 0]]","['keloid', 'non_keloid']"
keloid_binary,leave_accession_out_GSE44270,modules_rank_plus_expanded,none,small_mlp,279,32,"{'non_keloid': 162, 'keloid': 117}","{'keloid': 18, 'non_keloid': 14}",0.5625,0.40499999999999997,0.5,0.36,0.5,"[[18, 0], [14, 0]]","['keloid', 'non_keloid']"
keloid_binary,leave_accession_out_GSE44270,modules_rank_only,none,majority,279,32,"{'non_keloid': 162, 'keloid': 117}","{'keloid': 18, 'non_keloid': 14}",0.4375,0.266304347826087,0.5,0.30434782608695654,0.5,"[[0, 18], [0, 14]]","['keloid', 'non_keloid']"
keloid_binary,leave_accession_out_GSE44270,modules_rank_only,none,stratified_random,279,32,"{'non_keloid': 162, 'keloid': 117}","{'keloid': 18, 'non_keloid': 14}",0.5625,0.5642156862745098,0.5634920634920635,0.5607843137254902,0.5634920634920635,"[[10, 8], [6, 8]]","['keloid', 'non_keloid']"
keloid_binary,leave_accession_out_GSE44270,modules_rank_only,none,elastic_net_logreg,279,32,"{'non_keloid': 162, 'keloid': 117}","{'keloid': 18, 'non_keloid': 14}",0.5625,0.40499999999999997,0.5,0.36,0.5,"[[18, 0], [14, 0]]","['keloid', 'non_keloid']"
keloid_binary,leave_accession_out_GSE44270,modules_rank_only,none,linear_svm,279,32,"{'non_keloid': 162, 'keloid': 117}","{'keloid': 18, 'non_keloid': 14}",0.5625,0.40499999999999997,0.5,0.36,0.5,"[[18, 0], [14, 0]]","['keloid', 'non_keloid']"
keloid_binary,leave_accession_out_GSE44270,modules_rank_only,none,random_forest,279,32,"{'non_keloid': 162, 'keloid': 117}","{'keloid': 18, 'non_keloid': 14}",0.5625,0.40499999999999997,0.5,0.36,0.5,"[[18, 0], [14, 0]]","['keloid', 'non_keloid']"
keloid_binary,leave_accession_out_GSE44270,modules_rank_only,none,hist_gradient_boosting,279,32,"{'non_keloid': 162, 'keloid': 117}","{'keloid': 18, 'non_keloid': 14}",0.5625,0.40499999999999997,0.5,0.36,0.5,"[[18, 0], [14, 0]]","['keloid', 'non_keloid']"
keloid_binary,leave_accession_out_GSE44270,modules_rank_only,none,knn,279,32,"{'non_keloid': 162, 'keloid': 117}","{'keloid': 18, 'non_keloid': 14}",0.5625,0.40499999999999997,0.5,0.36,0.5,"[[18, 0], [14, 0]]","['keloid', 'non_keloid']"
keloid_binary,leave_accession_out_GSE44270,modules_rank_only,none,small_mlp,279,32,"{'non_keloid': 162, 'keloid': 117}","{'keloid': 18, 'non_keloid': 14}",0.5625,0.40499999999999997,0.5,0.36,0.5,"[[18, 0], [14, 0]]","['keloid', 'non_keloid']"
keloid_binary,leave_accession_out_GSE44270,shared_genes_plus_modules,none,majority,279,32,"{'non_keloid': 162, 'keloid': 117}","{'keloid': 18, 'non_keloid': 14}",0.4375,0.266304347826087,0.5,0.30434782608695654,0.5,"[[0, 18], [0, 14]]","['keloid', 'non_keloid']"
keloid_binary,leave_accession_out_GSE44270,shared_genes_plus_modules,none,stratified_random,279,32,"{'non_keloid': 162, 'keloid': 117}","{'keloid': 18, 'non_keloid': 14}",0.5625,0.5642156862745098,0.5634920634920635,0.5607843137254902,0.5634920634920635,"[[10, 8], [6, 8]]","['keloid', 'non_keloid']"
keloid_binary,leave_accession_out_GSE44270,shared_genes_plus_modules,none,elastic_net_logreg,279,32,"{'non_keloid': 162, 'keloid': 117}","{'keloid': 18, 'non_keloid': 14}",0.5625,0.40499999999999997,0.5,0.36,0.5,"[[18, 0], [14, 0]]","['keloid', 'non_keloid']"
keloid_binary,leave_accession_out_GSE44270,shared_genes_plus_modules,none,linear_svm,279,32,"{'non_keloid': 162, 'keloid': 117}","{'keloid': 18, 'non_keloid': 14}",0.5625,0.40499999999999997,0.5,0.36,0.5,"[[18, 0], [14, 0]]","['keloid', 'non_keloid']"
keloid_binary,leave_accession_out_GSE44270,shared_genes_plus_modules,none,random_forest,279,32,"{'non_keloid': 162, 'keloid': 117}","{'keloid': 18, 'non_keloid': 14}",0.4375,0.266304347826087,0.5,0.30434782608695654,0.5,"[[0, 18], [0, 14]]","['keloid', 'non_keloid']"
keloid_binary,leave_accession_out_GSE44270,shared_genes_plus_modules,none,hist_gradient_boosting,279,32,"{'non_keloid': 162, 'keloid': 117}","{'keloid': 18, 'non_keloid': 14}",0.4375,0.266304347826087,0.5,0.30434782608695654,0.5,"[[0, 18], [0, 14]]","['keloid', 'non_keloid']"
keloid_binary,leave_accession_out_GSE44270,shared_genes_plus_modules,none,knn,279,32,"{'non_keloid': 162, 'keloid': 117}","{'keloid': 18, 'non_keloid': 14}",0.4375,0.266304347826087,0.5,0.30434782608695654,0.5,"[[0, 18], [0, 14]]","['keloid', 'non_keloid']"
keloid_binary,leave_accession_out_GSE44270,shared_genes_plus_modules,none,small_mlp,279,32,"{'non_keloid': 162, 'keloid': 117}","{'keloid': 18, 'non_keloid': 14}",0.5625,0.40499999999999997,0.5,0.36,0.5,"[[18, 0], [14, 0]]","['keloid', 'non_keloid']"
keloid_binary,leave_accession_out_GSE44270,published_markers_only,none,majority,279,32,"{'non_keloid': 162, 'keloid': 117}","{'keloid': 18, 'non_keloid': 14}",0.4375,0.266304347826087,0.5,0.30434782608695654,0.5,"[[0, 18], [0, 14]]","['keloid', 'non_keloid']"
keloid_binary,leave_accession_out_GSE44270,published_markers_only,none,stratified_random,279,32,"{'non_keloid': 162, 'keloid': 117}","{'keloid': 18, 'non_keloid': 14}",0.5625,0.5642156862745098,0.5634920634920635,0.5607843137254902,0.5634920634920635,"[[10, 8], [6, 8]]","['keloid', 'non_keloid']"
keloid_binary,leave_accession_out_GSE44270,published_markers_only,none,elastic_net_logreg,279,32,"{'non_keloid': 162, 'keloid': 117}","{'keloid': 18, 'non_keloid': 14}",0.5625,0.40499999999999997,0.5,0.36,0.5,"[[18, 0], [14, 0]]","['keloid', 'non_keloid']"
keloid_binary,leave_accession_out_GSE44270,published_markers_only,none,linear_svm,279,32,"{'non_keloid': 162, 'keloid': 117}","{'keloid': 18, 'non_keloid': 14}",0.5625,0.40499999999999997,0.5,0.36,0.5,"[[18, 0], [14, 0]]","['keloid', 'non_keloid']"
keloid_binary,leave_accession_out_GSE44270,published_markers_only,none,random_forest,279,32,"{'non_keloid': 162, 'keloid': 117}","{'keloid': 18, 'non_keloid': 14}",0.4375,0.266304347826087,0.5,0.30434782608695654,0.5,"[[0, 18], [0, 14]]","['keloid', 'non_keloid']"
keloid_binary,leave_accession_out_GSE44270,published_markers_only,none,hist_gradient_boosting,279,32,"{'non_keloid': 162, 'keloid': 117}","{'keloid': 18, 'non_keloid': 14}",0.4375,0.266304347826087,0.5,0.30434782608695654,0.5,"[[0, 18], [0, 14]]","['keloid', 'non_keloid']"
keloid_binary,leave_accession_out_GSE44270,published_markers_only,none,knn,279,32,"{'non_keloid': 162, 'keloid': 117}","{'keloid': 18, 'non_keloid': 14}",0.4375,0.266304347826087,0.5,0.30434782608695654,0.5,"[[0, 18], [0, 14]]","['keloid', 'non_keloid']"
keloid_binary,leave_accession_out_GSE44270,published_markers_only,none,small_mlp,279,32,"{'non_keloid': 162, 'keloid': 117}","{'keloid': 18, 'non_keloid': 14}",0.5625,0.40499999999999997,0.5,0.36,0.5,"[[18, 0], [14, 0]]","['keloid', 'non_keloid']"
keloid_binary,leave_accession_out_GSE44270,expanded_profibrotic_only,none,majority,279,32,"{'non_keloid': 162, 'keloid': 117}","{'keloid': 18, 'non_keloid': 14}",0.4375,0.266304347826087,0.5,0.30434782608695654,0.5,"[[0, 18], [0, 14]]","['keloid', 'non_keloid']"
keloid_binary,leave_accession_out_GSE44270,expanded_profibrotic_only,none,stratified_random,279,32,"{'non_keloid': 162, 'keloid': 117}","{'keloid': 18, 'non_keloid': 14}",0.5625,0.5642156862745098,0.5634920634920635,0.5607843137254902,0.5634920634920635,"[[10, 8], [6, 8]]","['keloid', 'non_keloid']"
keloid_binary,leave_accession_out_GSE44270,expanded_profibrotic_only,none,elastic_net_logreg,279,32,"{'non_keloid': 162, 'keloid': 117}","{'keloid': 18, 'non_keloid': 14}",0.5625,0.40499999999999997,0.5,0.36,0.5,"[[18, 0], [14, 0]]","['keloid', 'non_keloid']"
keloid_binary,leave_accession_out_GSE44270,expanded_profibrotic_only,none,linear_svm,279,32,"{'non_keloid': 162, 'keloid': 117}","{'keloid': 18, 'non_keloid': 14}",0.5625,0.40499999999999997,0.5,0.36,0.5,"[[18, 0], [14, 0]]","['keloid', 'non_keloid']"
keloid_binary,leave_accession_out_GSE44270,expanded_profibrotic_only,none,random_forest,279,32,"{'non_keloid': 162, 'keloid': 117}","{'keloid': 18, 'non_keloid': 14}",0.5625,0.40499999999999997,0.5,0.36,0.5,"[[18, 0], [14, 0]]","['keloid', 'non_keloid']"
keloid_binary,leave_accession_out_GSE44270,expanded_profibrotic_only,none,hist_gradient_boosting,279,32,"{'non_keloid': 162, 'keloid': 117}","{'keloid': 18, 'non_keloid': 14}",0.5625,0.40499999999999997,0.5,0.36,0.5,"[[18, 0], [14, 0]]","['keloid', 'non_keloid']"
keloid_binary,leave_accession_out_GSE44270,expanded_profibrotic_only,none,knn,279,32,"{'non_keloid': 162, 'keloid': 117}","{'keloid': 18, 'non_keloid': 14}",0.4375,0.266304347826087,0.5,0.30434782608695654,0.5,"[[0, 18], [0, 14]]","['keloid', 'non_keloid']"
keloid_binary,leave_accession_out_GSE44270,expanded_profibrotic_only,none,small_mlp,279,32,"{'non_keloid': 162, 'keloid': 117}","{'keloid': 18, 'non_keloid': 14}",0.5625,0.40499999999999997,0.5,0.36,0.5,"[[18, 0], [14, 0]]","['keloid', 'non_keloid']"
keloid_binary,leave_accession_out_GSE44270,shared_genes,none,majority,279,32,"{'non_keloid': 162, 'keloid': 117}","{'keloid': 18, 'non_keloid': 14}",0.4375,0.266304347826087,0.5,0.30434782608695654,0.5,"[[0, 18], [0, 14]]","['keloid', 'non_keloid']"
keloid_binary,leave_accession_out_GSE44270,shared_genes,none,stratified_random,279,32,"{'non_keloid': 162, 'keloid': 117}","{'keloid': 18, 'non_keloid': 14}",0.5625,0.5642156862745098,0.5634920634920635,0.5607843137254902,0.5634920634920635,"[[10, 8], [6, 8]]","['keloid', 'non_keloid']"
keloid_binary,leave_accession_out_GSE44270,shared_genes,none,elastic_net_logreg,279,32,"{'non_keloid': 162, 'keloid': 117}","{'keloid': 18, 'non_keloid': 14}",0.5625,0.40499999999999997,0.5,0.36,0.5,"[[18, 0], [14, 0]]","['keloid', 'non_keloid']"
keloid_binary,leave_accession_out_GSE44270,shared_genes,none,linear_svm,279,32,"{'non_keloid': 162, 'keloid': 117}","{'keloid': 18, 'non_keloid': 14}",0.5625,0.40499999999999997,0.5,0.36,0.5,"[[18, 0], [14, 0]]","['keloid', 'non_keloid']"
keloid_binary,leave_accession_out_GSE44270,shared_genes,none,random_forest,279,32,"{'non_keloid': 162, 'keloid': 117}","{'keloid': 18, 'non_keloid': 14}",0.4375,0.266304347826087,0.5,0.30434782608695654,0.5,"[[0, 18], [0, 14]]","['keloid', 'non_keloid']"
keloid_binary,leave_accession_out_GSE44270,shared_genes,none,hist_gradient_boosting,279,32,"{'non_keloid': 162, 'keloid': 117}","{'keloid': 18, 'non_keloid': 14}",0.4375,0.266304347826087,0.5,0.30434782608695654,0.5,"[[0, 18], [0, 14]]","['keloid', 'non_keloid']"
keloid_binary,leave_accession_out_GSE44270,shared_genes,none,knn,279,32,"{'non_keloid': 162, 'keloid': 117}","{'keloid': 18, 'non_keloid': 14}",0.4375,0.266304347826087,0.5,0.30434782608695654,0.5,"[[0, 18], [0, 14]]","['keloid', 'non_keloid']"
keloid_binary,leave_accession_out_GSE44270,modules_only,none,majority,279,32,"{'non_keloid': 162, 'keloid': 117}","{'keloid': 18, 'non_keloid': 14}",0.4375,0.266304347826087,0.5,0.30434782608695654,0.5,"[[0, 18], [0, 14]]","['keloid', 'non_keloid']"
keloid_binary,leave_accession_out_GSE44270,modules_only,none,stratified_random,279,32,"{'non_keloid': 162, 'keloid': 117}","{'keloid': 18, 'non_keloid': 14}",0.5625,0.5642156862745098,0.5634920634920635,0.5607843137254902,0.5634920634920635,"[[10, 8], [6, 8]]","['keloid', 'non_keloid']"
keloid_binary,leave_accession_out_GSE44270,modules_only,none,elastic_net_logreg,279,32,"{'non_keloid': 162, 'keloid': 117}","{'keloid': 18, 'non_keloid': 14}",0.5625,0.40499999999999997,0.5,0.36,0.5,"[[18, 0], [14, 0]]","['keloid', 'non_keloid']"
keloid_binary,leave_accession_out_GSE44270,modules_only,none,linear_svm,279,32,"{'non_keloid': 162, 'keloid': 117}","{'keloid': 18, 'non_keloid': 14}",0.5625,0.40499999999999997,0.5,0.36,0.5,"[[18, 0], [14, 0]]","['keloid', 'non_keloid']"
keloid_binary,leave_accession_out_GSE44270,modules_only,none,random_forest,279,32,"{'non_keloid': 162, 'keloid': 117}","{'keloid': 18, 'non_keloid': 14}",0.5625,0.40499999999999997,0.5,0.36,0.5,"[[18, 0], [14, 0]]","['keloid', 'non_keloid']"
keloid_binary,leave_accession_out_GSE44270,modules_only,none,hist_gradient_boosting,279,32,"{'non_keloid': 162, 'keloid': 117}","{'keloid': 18, 'non_keloid': 14}",0.5625,0.40499999999999997,0.5,0.36,0.5,"[[18, 0], [14, 0]]","['keloid', 'non_keloid']"
keloid_binary,leave_accession_out_GSE44270,modules_only,none,knn,279,32,"{'non_keloid': 162, 'keloid': 117}","{'keloid': 18, 'non_keloid': 14}",0.4375,0.266304347826087,0.5,0.30434782608695654,0.5,"[[0, 18], [0, 14]]","['keloid', 'non_keloid']"
keloid_binary,leave_accession_out_GSE44270,modules_only,none,small_mlp,279,32,"{'non_keloid': 162, 'keloid': 117}","{'keloid': 18, 'non_keloid': 14}",0.5625,0.40499999999999997,0.5,0.36,0.5,"[[18, 0], [14, 0]]","['keloid', 'non_keloid']"
keloid_binary,leave_accession_out_GSE44270,low_i2_core_only,none,majority,279,32,"{'non_keloid': 162, 'keloid': 117}","{'keloid': 18, 'non_keloid': 14}",0.4375,0.266304347826087,0.5,0.30434782608695654,0.5,"[[0, 18], [0, 14]]","['keloid', 'non_keloid']"
keloid_binary,leave_accession_out_GSE44270,low_i2_core_only,none,stratified_random,279,32,"{'non_keloid': 162, 'keloid': 117}","{'keloid': 18, 'non_keloid': 14}",0.5625,0.5642156862745098,0.5634920634920635,0.5607843137254902,0.5634920634920635,"[[10, 8], [6, 8]]","['keloid', 'non_keloid']"
keloid_binary,leave_accession_out_GSE44270,low_i2_core_only,none,elastic_net_logreg,279,32,"{'non_keloid': 162, 'keloid': 117}","{'keloid': 18, 'non_keloid': 14}",0.5625,0.40499999999999997,0.5,0.36,0.5,"[[18, 0], [14, 0]]","['keloid', 'non_keloid']"
keloid_binary,leave_accession_out_GSE44270,low_i2_core_only,none,linear_svm,279,32,"{'non_keloid': 162, 'keloid': 117}","{'keloid': 18, 'non_keloid': 14}",0.5625,0.40499999999999997,0.5,0.36,0.5,"[[18, 0], [14, 0]]","['keloid', 'non_keloid']"
keloid_binary,leave_accession_out_GSE44270,low_i2_core_only,none,random_forest,279,32,"{'non_keloid': 162, 'keloid': 117}","{'keloid': 18, 'non_keloid': 14}",0.4375,0.266304347826087,0.5,0.30434782608695654,0.5,"[[0, 18], [0, 14]]","['keloid', 'non_keloid']"
keloid_binary,leave_accession_out_GSE44270,low_i2_core_only,none,hist_gradient_boosting,279,32,"{'non_keloid': 162, 'keloid': 117}","{'keloid': 18, 'non_keloid': 14}",0.4375,0.266304347826087,0.5,0.30434782608695654,0.5,"[[0, 18], [0, 14]]","['keloid', 'non_keloid']"
keloid_binary,leave_accession_out_GSE44270,low_i2_core_only,none,knn,279,32,"{'non_keloid': 162, 'keloid': 117}","{'keloid': 18, 'non_keloid': 14}",0.5625,0.40499999999999997,0.5,0.36,0.5,"[[18, 0], [14, 0]]","['keloid', 'non_keloid']"
keloid_binary,leave_accession_out_GSE44270,low_i2_core_only,none,small_mlp,279,32,"{'non_keloid': 162, 'keloid': 117}","{'keloid': 18, 'non_keloid': 14}",0.4375,0.266304347826087,0.5,0.30434782608695654,0.5,"[[0, 18], [0, 14]]","['keloid', 'non_keloid']"
keloid_binary,leave_accession_out_GSE7890,profibrotic_module_only,none,majority,315,19,"{'non_keloid': 196, 'keloid': 119}","{'keloid': 10, 'non_keloid': 9}",0.47368421052631576,0.3045112781954888,0.5,0.32142857142857145,0.5,"[[0, 10], [0, 9]]","['keloid', 'non_keloid']"
keloid_binary,leave_accession_out_GSE7890,profibrotic_module_only,none,stratified_random,315,19,"{'non_keloid': 196, 'keloid': 119}","{'keloid': 10, 'non_keloid': 9}",0.7368421052631579,0.7368421052631579,0.7388888888888889,0.7368421052631579,0.7388888888888888,"[[7, 3], [2, 7]]","['keloid', 'non_keloid']"
keloid_binary,leave_accession_out_GSE7890,profibrotic_module_only,none,elastic_net_logreg,315,19,"{'non_keloid': 196, 'keloid': 119}","{'keloid': 10, 'non_keloid': 9}",0.8421052631578947,0.8421052631578947,0.8444444444444444,0.8421052631578947,0.7444444444444445,"[[8, 2], [1, 8]]","['keloid', 'non_keloid']"
keloid_binary,leave_accession_out_GSE7890,profibrotic_module_only,none,linear_svm,315,19,"{'non_keloid': 196, 'keloid': 119}","{'keloid': 10, 'non_keloid': 9}",0.8421052631578947,0.8421052631578947,0.8444444444444444,0.8421052631578947,0.7444444444444445,"[[8, 2], [1, 8]]","['keloid', 'non_keloid']"
keloid_binary,leave_accession_out_GSE7890,profibrotic_module_only,none,random_forest,315,19,"{'non_keloid': 196, 'keloid': 119}","{'keloid': 10, 'non_keloid': 9}",0.5263157894736842,0.5183547103051748,0.5333333333333333,0.5210084033613445,0.6333333333333333,"[[4, 6], [3, 6]]","['keloid', 'non_keloid']"
keloid_binary,leave_accession_out_GSE7890,profibrotic_module_only,none,hist_gradient_boosting,315,19,"{'non_keloid': 196, 'keloid': 119}","{'keloid': 10, 'non_keloid': 9}",0.6842105263157895,0.6734449760765551,0.6944444444444444,0.6761363636363636,0.6888888888888889,"[[5, 5], [1, 8]]","['keloid', 'non_keloid']"
keloid_binary,leave_accession_out_GSE7890,profibrotic_module_only,none,knn,315,19,"{'non_keloid': 196, 'keloid': 119}","{'keloid': 10, 'non_keloid': 9}",0.5789473684210527,0.5766081871345029,0.5833333333333333,0.5777777777777777,0.7,"[[5, 5], [3, 6]]","['keloid', 'non_keloid']"
keloid_binary,leave_accession_out_GSE7890,profibrotic_module_only,none,small_mlp,315,19,"{'non_keloid': 196, 'keloid': 119}","{'keloid': 10, 'non_keloid': 9}",0.8421052631578947,0.8421052631578947,0.8444444444444444,0.8421052631578947,0.7444444444444445,"[[8, 2], [1, 8]]","['keloid', 'non_keloid']"
keloid_binary,leave_accession_out_GSE7890,modules_rank_plus_expanded,none,majority,315,19,"{'non_keloid': 196, 'keloid': 119}","{'keloid': 10, 'non_keloid': 9}",0.47368421052631576,0.3045112781954888,0.5,0.32142857142857145,0.5,"[[0, 10], [0, 9]]","['keloid', 'non_keloid']"
keloid_binary,leave_accession_out_GSE7890,modules_rank_plus_expanded,none,stratified_random,315,19,"{'non_keloid': 196, 'keloid': 119}","{'keloid': 10, 'non_keloid': 9}",0.7368421052631579,0.7368421052631579,0.7388888888888889,0.7368421052631579,0.7388888888888888,"[[7, 3], [2, 7]]","['keloid', 'non_keloid']"
keloid_binary,leave_accession_out_GSE7890,modules_rank_plus_expanded,none,elastic_net_logreg,315,19,"{'non_keloid': 196, 'keloid': 119}","{'keloid': 10, 'non_keloid': 9}",0.631578947368421,0.6295149638802889,0.6277777777777778,0.6274509803921569,0.6444444444444444,"[[7, 3], [4, 5]]","['keloid', 'non_keloid']"
keloid_binary,leave_accession_out_GSE7890,modules_rank_plus_expanded,none,linear_svm,315,19,"{'non_keloid': 196, 'keloid': 119}","{'keloid': 10, 'non_keloid': 9}",0.631578947368421,0.6295149638802889,0.6277777777777778,0.6274509803921569,0.6666666666666666,"[[7, 3], [4, 5]]","['keloid', 'non_keloid']"
keloid_binary,leave_accession_out_GSE7890,modules_rank_plus_expanded,none,random_forest,315,19,"{'non_keloid': 196, 'keloid': 119}","{'keloid': 10, 'non_keloid': 9}",0.5263157894736842,0.5183547103051748,0.5333333333333333,0.5210084033613445,0.5666666666666667,"[[4, 6], [3, 6]]","['keloid', 'non_keloid']"
keloid_binary,leave_accession_out_GSE7890,modules_rank_plus_expanded,none,hist_gradient_boosting,315,19,"{'non_keloid': 196, 'keloid': 119}","{'keloid': 10, 'non_keloid': 9}",0.5263157894736842,0.5263157894736842,0.5277777777777778,0.5263157894736842,0.6222222222222222,"[[5, 5], [4, 5]]","['keloid', 'non_keloid']"
keloid_binary,leave_accession_out_GSE7890,modules_rank_plus_expanded,none,knn,315,19,"{'non_keloid': 196, 'keloid': 119}","{'keloid': 10, 'non_keloid': 9}",0.47368421052631576,0.47076023391812866,0.4777777777777778,0.4722222222222222,0.5944444444444444,"[[4, 6], [4, 5]]","['keloid', 'non_keloid']"
keloid_binary,leave_accession_out_GSE7890,modules_rank_plus_expanded,none,small_mlp,315,19,"{'non_keloid': 196, 'keloid': 119}","{'keloid': 10, 'non_keloid': 9}",0.6842105263157895,0.6417004048582996,0.6666666666666666,0.6346153846153846,0.8555555555555555,"[[10, 0], [6, 3]]","['keloid', 'non_keloid']"
keloid_binary,leave_accession_out_GSE7890,modules_rank_only,none,majority,315,19,"{'non_keloid': 196, 'keloid': 119}","{'keloid': 10, 'non_keloid': 9}",0.47368421052631576,0.3045112781954888,0.5,0.32142857142857145,0.5,"[[0, 10], [0, 9]]","['keloid', 'non_keloid']"
keloid_binary,leave_accession_out_GSE7890,modules_rank_only,none,stratified_random,315,19,"{'non_keloid': 196, 'keloid': 119}","{'keloid': 10, 'non_keloid': 9}",0.7368421052631579,0.7368421052631579,0.7388888888888889,0.7368421052631579,0.7388888888888888,"[[7, 3], [2, 7]]","['keloid', 'non_keloid']"
keloid_binary,leave_accession_out_GSE7890,modules_rank_only,none,elastic_net_logreg,315,19,"{'non_keloid': 196, 'keloid': 119}","{'keloid': 10, 'non_keloid': 9}",0.5263157894736842,0.5263157894736842,0.5277777777777778,0.5263157894736842,0.6111111111111112,"[[5, 5], [4, 5]]","['keloid', 'non_keloid']"
keloid_binary,leave_accession_out_GSE7890,modules_rank_only,none,linear_svm,315,19,"{'non_keloid': 196, 'keloid': 119}","{'keloid': 10, 'non_keloid': 9}",0.5789473684210527,0.5766081871345029,0.5833333333333333,0.5777777777777777,0.6000000000000001,"[[5, 5], [3, 6]]","['keloid', 'non_keloid']"
keloid_binary,leave_accession_out_GSE7890,modules_rank_only,none,random_forest,315,19,"{'non_keloid': 196, 'keloid': 119}","{'keloid': 10, 'non_keloid': 9}",0.5263157894736842,0.49885583524027466,0.5388888888888889,0.5043478260869565,0.6333333333333333,"[[3, 7], [2, 7]]","['keloid', 'non_keloid']"
keloid_binary,leave_accession_out_GSE7890,modules_rank_only,none,hist_gradient_boosting,315,19,"{'non_keloid': 196, 'keloid': 119}","{'keloid': 10, 'non_keloid': 9}",0.5789473684210527,0.5766081871345029,0.5833333333333333,0.5777777777777777,0.6555555555555556,"[[5, 5], [3, 6]]","['keloid', 'non_keloid']"
keloid_binary,leave_accession_out_GSE7890,modules_rank_only,none,knn,315,19,"{'non_keloid': 196, 'keloid': 119}","{'keloid': 10, 'non_keloid': 9}",0.5263157894736842,0.5183547103051748,0.5333333333333333,0.5210084033613445,0.611111111111111,"[[4, 6], [3, 6]]","['keloid', 'non_keloid']"
keloid_binary,leave_accession_out_GSE7890,modules_rank_only,none,small_mlp,315,19,"{'non_keloid': 196, 'keloid': 119}","{'keloid': 10, 'non_keloid': 9}",0.42105263157894735,0.42105263157894735,0.4222222222222222,0.42105263157894735,0.5555555555555556,"[[4, 6], [5, 4]]","['keloid', 'non_keloid']"
keloid_binary,leave_accession_out_GSE7890,shared_genes_plus_modules,none,majority,315,19,"{'non_keloid': 196, 'keloid': 119}","{'keloid': 10, 'non_keloid': 9}",0.47368421052631576,0.3045112781954888,0.5,0.32142857142857145,0.5,"[[0, 10], [0, 9]]","['keloid', 'non_keloid']"
keloid_binary,leave_accession_out_GSE7890,shared_genes_plus_modules,none,stratified_random,315,19,"{'non_keloid': 196, 'keloid': 119}","{'keloid': 10, 'non_keloid': 9}",0.7368421052631579,0.7368421052631579,0.7388888888888889,0.7368421052631579,0.7388888888888888,"[[7, 3], [2, 7]]","['keloid', 'non_keloid']"
keloid_binary,leave_accession_out_GSE7890,shared_genes_plus_modules,none,elastic_net_logreg,315,19,"{'non_keloid': 196, 'keloid': 119}","{'keloid': 10, 'non_keloid': 9}",0.5789473684210527,0.5717703349282296,0.5722222222222222,0.5681818181818181,0.7111111111111111,"[[7, 3], [5, 4]]","['keloid', 'non_keloid']"
keloid_binary,leave_accession_out_GSE7890,shared_genes_plus_modules,none,linear_svm,315,19,"{'non_keloid': 196, 'keloid': 119}","{'keloid': 10, 'non_keloid': 9}",0.7368421052631579,0.7353678313430635,0.7333333333333334,0.7338935574229692,0.7777777777777778,"[[8, 2], [3, 6]]","['keloid', 'non_keloid']"
keloid_binary,leave_accession_out_GSE7890,shared_genes_plus_modules,none,random_forest,315,19,"{'non_keloid': 196, 'keloid': 119}","{'keloid': 10, 'non_keloid': 9}",0.3157894736842105,0.22736842105263158,0.3333333333333333,0.24,0.5,"[[0, 10], [3, 6]]","['keloid', 'non_keloid']"
keloid_binary,leave_accession_out_GSE7890,shared_genes_plus_modules,none,hist_gradient_boosting,315,19,"{'non_keloid': 196, 'keloid': 119}","{'keloid': 10, 'non_keloid': 9}",0.47368421052631576,0.45574162679425834,0.4833333333333333,0.4602272727272727,0.4111111111111111,"[[3, 7], [3, 6]]","['keloid', 'non_keloid']"
keloid_binary,leave_accession_out_GSE7890,shared_genes_plus_modules,none,knn,315,19,"{'non_keloid': 196, 'keloid': 119}","{'keloid': 10, 'non_keloid': 9}",0.47368421052631576,0.3045112781954888,0.5,0.32142857142857145,0.5444444444444444,"[[0, 10], [0, 9]]","['keloid', 'non_keloid']"
keloid_binary,leave_accession_out_GSE7890,shared_genes_plus_modules,none,small_mlp,315,19,"{'non_keloid': 196, 'keloid': 119}","{'keloid': 10, 'non_keloid': 9}",0.5263157894736842,0.5098398169336384,0.5166666666666666,0.5043478260869565,0.4777777777777778,"[[7, 3], [6, 3]]","['keloid', 'non_keloid']"
keloid_binary,leave_accession_out_GSE7890,published_markers_only,none,majority,315,19,"{'non_keloid': 196, 'keloid': 119}","{'keloid': 10, 'non_keloid': 9}",0.47368421052631576,0.3045112781954888,0.5,0.32142857142857145,0.5,"[[0, 10], [0, 9]]","['keloid', 'non_keloid']"
keloid_binary,leave_accession_out_GSE7890,published_markers_only,none,stratified_random,315,19,"{'non_keloid': 196, 'keloid': 119}","{'keloid': 10, 'non_keloid': 9}",0.7368421052631579,0.7368421052631579,0.7388888888888889,0.7368421052631579,0.7388888888888888,"[[7, 3], [2, 7]]","['keloid', 'non_keloid']"
keloid_binary,leave_accession_out_GSE7890,published_markers_only,none,elastic_net_logreg,315,19,"{'non_keloid': 196, 'keloid': 119}","{'keloid': 10, 'non_keloid': 9}",0.47368421052631576,0.47368421052631576,0.4722222222222222,0.4722222222222222,0.5,"[[5, 5], [5, 4]]","['keloid', 'non_keloid']"
keloid_binary,leave_accession_out_GSE7890,published_markers_only,none,linear_svm,315,19,"{'non_keloid': 196, 'keloid': 119}","{'keloid': 10, 'non_keloid': 9}",0.47368421052631576,0.47368421052631576,0.4722222222222222,0.4722222222222222,0.4222222222222222,"[[5, 5], [5, 4]]","['keloid', 'non_keloid']"
keloid_binary,leave_accession_out_GSE7890,published_markers_only,none,random_forest,315,19,"{'non_keloid': 196, 'keloid': 119}","{'keloid': 10, 'non_keloid': 9}",0.5789473684210527,0.5413533834586466,0.5944444444444444,0.5476190476190476,0.45555555555555555,"[[3, 7], [1, 8]]","['keloid', 'non_keloid']"
keloid_binary,leave_accession_out_GSE7890,published_markers_only,none,hist_gradient_boosting,315,19,"{'non_keloid': 196, 'keloid': 119}","{'keloid': 10, 'non_keloid': 9}",0.47368421052631576,0.4266917293233083,0.48888888888888893,0.43452380952380953,0.3222222222222222,"[[2, 8], [2, 7]]","['keloid', 'non_keloid']"
keloid_binary,leave_accession_out_GSE7890,published_markers_only,none,knn,315,19,"{'non_keloid': 196, 'keloid': 119}","{'keloid': 10, 'non_keloid': 9}",0.3684210526315789,0.3649122807017544,0.37222222222222223,0.3666666666666667,0.4555555555555555,"[[3, 7], [5, 4]]","['keloid', 'non_keloid']"
keloid_binary,leave_accession_out_GSE7890,published_markers_only,none,small_mlp,315,19,"{'non_keloid': 196, 'keloid': 119}","{'keloid': 10, 'non_keloid': 9}",0.47368421052631576,0.45574162679425834,0.4833333333333333,0.4602272727272727,0.4444444444444445,"[[3, 7], [3, 6]]","['keloid', 'non_keloid']"
keloid_binary,leave_accession_out_GSE7890,expanded_profibrotic_only,none,majority,315,19,"{'non_keloid': 196, 'keloid': 119}","{'keloid': 10, 'non_keloid': 9}",0.47368421052631576,0.3045112781954888,0.5,0.32142857142857145,0.5,"[[0, 10], [0, 9]]","['keloid', 'non_keloid']"
keloid_binary,leave_accession_out_GSE7890,expanded_profibrotic_only,none,stratified_random,315,19,"{'non_keloid': 196, 'keloid': 119}","{'keloid': 10, 'non_keloid': 9}",0.7368421052631579,0.7368421052631579,0.7388888888888889,0.7368421052631579,0.7388888888888888,"[[7, 3], [2, 7]]","['keloid', 'non_keloid']"
keloid_binary,leave_accession_out_GSE7890,expanded_profibrotic_only,none,elastic_net_logreg,315,19,"{'non_keloid': 196, 'keloid': 119}","{'keloid': 10, 'non_keloid': 9}",0.47368421052631576,0.464712918660287,0.4666666666666667,0.4602272727272727,0.45,"[[6, 4], [6, 3]]","['keloid', 'non_keloid']"
keloid_binary,leave_accession_out_GSE7890,expanded_profibrotic_only,none,linear_svm,315,19,"{'non_keloid': 196, 'keloid': 119}","{'keloid': 10, 'non_keloid': 9}",0.47368421052631576,0.464712918660287,0.4666666666666667,0.4602272727272727,0.45,"[[6, 4], [6, 3]]","['keloid', 'non_keloid']"
keloid_binary,leave_accession_out_GSE7890,expanded_profibrotic_only,none,random_forest,315,19,"{'non_keloid': 196, 'keloid': 119}","{'keloid': 10, 'non_keloid': 9}",0.3157894736842105,0.3157894736842105,0.31666666666666665,0.3157894736842105,0.37222222222222223,"[[3, 7], [6, 3]]","['keloid', 'non_keloid']"
keloid_binary,leave_accession_out_GSE7890,expanded_profibrotic_only,none,hist_gradient_boosting,315,19,"{'non_keloid': 196, 'keloid': 119}","{'keloid': 10, 'non_keloid': 9}",0.3684210526315789,0.34688995215311,0.37777777777777777,0.3522727272727273,0.25,"[[2, 8], [4, 5]]","['keloid', 'non_keloid']"
keloid_binary,leave_accession_out_GSE7890,expanded_profibrotic_only,none,knn,315,19,"{'non_keloid': 196, 'keloid': 119}","{'keloid': 10, 'non_keloid': 9}",0.42105263157894735,0.42105263157894735,0.4222222222222222,0.42105263157894735,0.4777777777777777,"[[4, 6], [5, 4]]","['keloid', 'non_keloid']"
keloid_binary,leave_accession_out_GSE7890,expanded_profibrotic_only,none,small_mlp,315,19,"{'non_keloid': 196, 'keloid': 119}","{'keloid': 10, 'non_keloid': 9}",0.5263157894736842,0.5098398169336384,0.5166666666666666,0.5043478260869565,0.45,"[[7, 3], [6, 3]]","['keloid', 'non_keloid']"
keloid_binary,leave_accession_out_GSE7890,shared_genes,none,majority,315,19,"{'non_keloid': 196, 'keloid': 119}","{'keloid': 10, 'non_keloid': 9}",0.47368421052631576,0.3045112781954888,0.5,0.32142857142857145,0.5,"[[0, 10], [0, 9]]","['keloid', 'non_keloid']"
keloid_binary,leave_accession_out_GSE7890,shared_genes,none,stratified_random,315,19,"{'non_keloid': 196, 'keloid': 119}","{'keloid': 10, 'non_keloid': 9}",0.7368421052631579,0.7368421052631579,0.7388888888888889,0.7368421052631579,0.7388888888888888,"[[7, 3], [2, 7]]","['keloid', 'non_keloid']"
keloid_binary,leave_accession_out_GSE7890,shared_genes,none,elastic_net_logreg,315,19,"{'non_keloid': 196, 'keloid': 119}","{'keloid': 10, 'non_keloid': 9}",0.5789473684210527,0.5717703349282296,0.5722222222222222,0.5681818181818181,0.7222222222222222,"[[7, 3], [5, 4]]","['keloid', 'non_keloid']"
keloid_binary,leave_accession_out_GSE7890,shared_genes,none,linear_svm,315,19,"{'non_keloid': 196, 'keloid': 119}","{'keloid': 10, 'non_keloid': 9}",0.7368421052631579,0.7353678313430635,0.7333333333333334,0.7338935574229692,0.7666666666666666,"[[8, 2], [3, 6]]","['keloid', 'non_keloid']"
keloid_binary,leave_accession_out_GSE7890,shared_genes,none,random_forest,315,19,"{'non_keloid': 196, 'keloid': 119}","{'keloid': 10, 'non_keloid': 9}",0.3684210526315789,0.25506072874493924,0.3888888888888889,0.2692307692307692,0.3888888888888889,"[[0, 10], [2, 7]]","['keloid', 'non_keloid']"
keloid_binary,leave_accession_out_GSE7890,shared_genes,none,hist_gradient_boosting,315,19,"{'non_keloid': 196, 'keloid': 119}","{'keloid': 10, 'non_keloid': 9}",0.47368421052631576,0.47076023391812866,0.4777777777777778,0.4722222222222222,0.45555555555555555,"[[4, 6], [4, 5]]","['keloid', 'non_keloid']"
keloid_binary,leave_accession_out_GSE7890,shared_genes,none,knn,315,19,"{'non_keloid': 196, 'keloid': 119}","{'keloid': 10, 'non_keloid': 9}",0.47368421052631576,0.3045112781954888,0.5,0.32142857142857145,0.5444444444444444,"[[0, 10], [0, 9]]","['keloid', 'non_keloid']"
keloid_binary,leave_accession_out_GSE7890,modules_only,none,majority,315,19,"{'non_keloid': 196, 'keloid': 119}","{'keloid': 10, 'non_keloid': 9}",0.47368421052631576,0.3045112781954888,0.5,0.32142857142857145,0.5,"[[0, 10], [0, 9]]","['keloid', 'non_keloid']"
keloid_binary,leave_accession_out_GSE7890,modules_only,none,stratified_random,315,19,"{'non_keloid': 196, 'keloid': 119}","{'keloid': 10, 'non_keloid': 9}",0.7368421052631579,0.7368421052631579,0.7388888888888889,0.7368421052631579,0.7388888888888888,"[[7, 3], [2, 7]]","['keloid', 'non_keloid']"
keloid_binary,leave_accession_out_GSE7890,modules_only,none,elastic_net_logreg,315,19,"{'non_keloid': 196, 'keloid': 119}","{'keloid': 10, 'non_keloid': 9}",0.5789473684210527,0.5766081871345029,0.5833333333333333,0.5777777777777777,0.6666666666666667,"[[5, 5], [3, 6]]","['keloid', 'non_keloid']"
keloid_binary,leave_accession_out_GSE7890,modules_only,none,linear_svm,315,19,"{'non_keloid': 196, 'keloid': 119}","{'keloid': 10, 'non_keloid': 9}",0.631578947368421,0.6253869969040248,0.6388888888888888,0.6274509803921569,0.6777777777777778,"[[5, 5], [2, 7]]","['keloid', 'non_keloid']"
keloid_binary,leave_accession_out_GSE7890,modules_only,none,random_forest,315,19,"{'non_keloid': 196, 'keloid': 119}","{'keloid': 10, 'non_keloid': 9}",0.47368421052631576,0.45574162679425834,0.4833333333333333,0.4602272727272727,0.5666666666666667,"[[3, 7], [3, 6]]","['keloid', 'non_keloid']"
keloid_binary,leave_accession_out_GSE7890,modules_only,none,hist_gradient_boosting,315,19,"{'non_keloid': 196, 'keloid': 119}","{'keloid': 10, 'non_keloid': 9}",0.47368421052631576,0.4266917293233083,0.48888888888888893,0.43452380952380953,0.47777777777777775,"[[2, 8], [2, 7]]","['keloid', 'non_keloid']"
keloid_binary,leave_accession_out_GSE7890,modules_only,none,knn,315,19,"{'non_keloid': 196, 'keloid': 119}","{'keloid': 10, 'non_keloid': 9}",0.5789473684210527,0.5413533834586466,0.5944444444444444,0.5476190476190476,0.7055555555555555,"[[3, 7], [1, 8]]","['keloid', 'non_keloid']"
keloid_binary,leave_accession_out_GSE7890,modules_only,none,small_mlp,315,19,"{'non_keloid': 196, 'keloid': 119}","{'keloid': 10, 'non_keloid': 9}",0.7368421052631579,0.7353678313430635,0.7333333333333334,0.7338935574229692,0.6777777777777777,"[[8, 2], [3, 6]]","['keloid', 'non_keloid']"
keloid_binary,leave_accession_out_GSE7890,low_i2_core_only,none,majority,315,19,"{'non_keloid': 196, 'keloid': 119}","{'keloid': 10, 'non_keloid': 9}",0.47368421052631576,0.3045112781954888,0.5,0.32142857142857145,0.5,"[[0, 10], [0, 9]]","['keloid', 'non_keloid']"
keloid_binary,leave_accession_out_GSE7890,low_i2_core_only,none,stratified_random,315,19,"{'non_keloid': 196, 'keloid': 119}","{'keloid': 10, 'non_keloid': 9}",0.7368421052631579,0.7368421052631579,0.7388888888888889,0.7368421052631579,0.7388888888888888,"[[7, 3], [2, 7]]","['keloid', 'non_keloid']"
keloid_binary,leave_accession_out_GSE7890,low_i2_core_only,none,elastic_net_logreg,315,19,"{'non_keloid': 196, 'keloid': 119}","{'keloid': 10, 'non_keloid': 9}",0.8421052631578947,0.8421052631578947,0.8444444444444444,0.8421052631578947,0.9111111111111111,"[[8, 2], [1, 8]]","['keloid', 'non_keloid']"
keloid_binary,leave_accession_out_GSE7890,low_i2_core_only,none,linear_svm,315,19,"{'non_keloid': 196, 'keloid': 119}","{'keloid': 10, 'non_keloid': 9}",0.8421052631578947,0.8421052631578947,0.8444444444444444,0.8421052631578947,0.8777777777777778,"[[8, 2], [1, 8]]","['keloid', 'non_keloid']"
keloid_binary,leave_accession_out_GSE7890,low_i2_core_only,none,random_forest,315,19,"{'non_keloid': 196, 'keloid': 119}","{'keloid': 10, 'non_keloid': 9}",0.7894736842105263,0.7883040935672515,0.7944444444444444,0.788888888888889,0.9222222222222222,"[[7, 3], [1, 8]]","['keloid', 'non_keloid']"
keloid_binary,leave_accession_out_GSE7890,low_i2_core_only,none,hist_gradient_boosting,315,19,"{'non_keloid': 196, 'keloid': 119}","{'keloid': 10, 'non_keloid': 9}",0.7368421052631579,0.7324192835028749,0.7444444444444445,0.7338935574229692,0.8888888888888888,"[[6, 4], [1, 8]]","['keloid', 'non_keloid']"
keloid_binary,leave_accession_out_GSE7890,low_i2_core_only,none,knn,315,19,"{'non_keloid': 196, 'keloid': 119}","{'keloid': 10, 'non_keloid': 9}",0.7368421052631579,0.7276887871853547,0.7277777777777779,0.7246376811594203,0.8388888888888889,"[[9, 1], [4, 5]]","['keloid', 'non_keloid']"
keloid_binary,leave_accession_out_GSE7890,low_i2_core_only,none,small_mlp,315,19,"{'non_keloid': 196, 'keloid': 119}","{'keloid': 10, 'non_keloid': 9}",0.7894736842105263,0.7822966507177034,0.8,0.7840909090909092,0.911111111111111,"[[6, 4], [0, 9]]","['keloid', 'non_keloid']"
keloid_binary,leave_accession_out_Sun_Burns,profibrotic_module_only,none,majority,220,25,"{'keloid': 129, 'non_keloid': 91}","{'keloid': 17, 'non_keloid': 8}",0.68,0.5504761904761906,0.5,0.40476190476190477,0.5,"[[17, 0], [8, 0]]","['keloid', 'non_keloid']"
keloid_binary,leave_accession_out_Sun_Burns,profibrotic_module_only,none,stratified_random,220,25,"{'keloid': 129, 'non_keloid': 91}","{'keloid': 17, 'non_keloid': 8}",0.68,0.6906666666666667,0.6985294117647058,0.6666666666666666,0.6985294117647058,"[[11, 6], [2, 6]]","['keloid', 'non_keloid']"
keloid_binary,leave_accession_out_Sun_Burns,profibrotic_module_only,none,elastic_net_logreg,220,25,"{'keloid': 129, 'non_keloid': 91}","{'keloid': 17, 'non_keloid': 8}",0.32,0.15515151515151515,0.5,0.24242424242424243,0.5,"[[0, 17], [0, 8]]","['keloid', 'non_keloid']"
keloid_binary,leave_accession_out_Sun_Burns,profibrotic_module_only,none,linear_svm,220,25,"{'keloid': 129, 'non_keloid': 91}","{'keloid': 17, 'non_keloid': 8}",0.32,0.15515151515151515,0.5,0.24242424242424243,0.5,"[[0, 17], [0, 8]]","['keloid', 'non_keloid']"
keloid_binary,leave_accession_out_Sun_Burns,profibrotic_module_only,none,random_forest,220,25,"{'keloid': 129, 'non_keloid': 91}","{'keloid': 17, 'non_keloid': 8}",0.68,0.5504761904761906,0.5,0.40476190476190477,0.5,"[[17, 0], [8, 0]]","['keloid', 'non_keloid']"
keloid_binary,leave_accession_out_Sun_Burns,profibrotic_module_only,none,hist_gradient_boosting,220,25,"{'keloid': 129, 'non_keloid': 91}","{'keloid': 17, 'non_keloid': 8}",0.68,0.5504761904761906,0.5,0.40476190476190477,0.5,"[[17, 0], [8, 0]]","['keloid', 'non_keloid']"
keloid_binary,leave_accession_out_Sun_Burns,profibrotic_module_only,none,knn,220,25,"{'keloid': 129, 'non_keloid': 91}","{'keloid': 17, 'non_keloid': 8}",0.68,0.5504761904761906,0.5,0.40476190476190477,0.5,"[[17, 0], [8, 0]]","['keloid', 'non_keloid']"
keloid_binary,leave_accession_out_Sun_Burns,profibrotic_module_only,none,small_mlp,220,25,"{'keloid': 129, 'non_keloid': 91}","{'keloid': 17, 'non_keloid': 8}",0.68,0.5504761904761906,0.5,0.40476190476190477,0.5,"[[17, 0], [8, 0]]","['keloid', 'non_keloid']"
keloid_binary,leave_accession_out_Sun_Burns,modules_rank_plus_expanded,none,majority,220,25,"{'keloid': 129, 'non_keloid': 91}","{'keloid': 17, 'non_keloid': 8}",0.68,0.5504761904761906,0.5,0.40476190476190477,0.5,"[[17, 0], [8, 0]]","['keloid', 'non_keloid']"
keloid_binary,leave_accession_out_Sun_Burns,modules_rank_plus_expanded,none,stratified_random,220,25,"{'keloid': 129, 'non_keloid': 91}","{'keloid': 17, 'non_keloid': 8}",0.68,0.6906666666666667,0.6985294117647058,0.6666666666666666,0.6985294117647058,"[[11, 6], [2, 6]]","['keloid', 'non_keloid']"
keloid_binary,leave_accession_out_Sun_Burns,modules_rank_plus_expanded,none,elastic_net_logreg,220,25,"{'keloid': 129, 'non_keloid': 91}","{'keloid': 17, 'non_keloid': 8}",0.68,0.5504761904761906,0.5,0.40476190476190477,0.5,"[[17, 0], [8, 0]]","['keloid', 'non_keloid']"
keloid_binary,leave_accession_out_Sun_Burns,modules_rank_plus_expanded,none,linear_svm,220,25,"{'keloid': 129, 'non_keloid': 91}","{'keloid': 17, 'non_keloid': 8}",0.68,0.5504761904761906,0.5,0.40476190476190477,0.5,"[[17, 0], [8, 0]]","['keloid', 'non_keloid']"
keloid_binary,leave_accession_out_Sun_Burns,modules_rank_plus_expanded,none,random_forest,220,25,"{'keloid': 129, 'non_keloid': 91}","{'keloid': 17, 'non_keloid': 8}",0.32,0.15515151515151515,0.5,0.24242424242424243,0.5,"[[0, 17], [0, 8]]","['keloid', 'non_keloid']"
keloid_binary,leave_accession_out_Sun_Burns,modules_rank_plus_expanded,none,hist_gradient_boosting,220,25,"{'keloid': 129, 'non_keloid': 91}","{'keloid': 17, 'non_keloid': 8}",0.32,0.15515151515151515,0.5,0.24242424242424243,0.5,"[[0, 17], [0, 8]]","['keloid', 'non_keloid']"
keloid_binary,leave_accession_out_Sun_Burns,modules_rank_plus_expanded,none,knn,220,25,"{'keloid': 129, 'non_keloid': 91}","{'keloid': 17, 'non_keloid': 8}",0.32,0.15515151515151515,0.5,0.24242424242424243,0.5,"[[0, 17], [0, 8]]","['keloid', 'non_keloid']"
keloid_binary,leave_accession_out_Sun_Burns,modules_rank_plus_expanded,none,small_mlp,220,25,"{'keloid': 129, 'non_keloid': 91}","{'keloid': 17, 'non_keloid': 8}",0.68,0.5504761904761906,0.5,0.40476190476190477,0.5,"[[17, 0], [8, 0]]","['keloid', 'non_keloid']"
keloid_binary,leave_accession_out_Sun_Burns,modules_rank_only,none,majority,220,25,"{'keloid': 129, 'non_keloid': 91}","{'keloid': 17, 'non_keloid': 8}",0.68,0.5504761904761906,0.5,0.40476190476190477,0.5,"[[17, 0], [8, 0]]","['keloid', 'non_keloid']"
keloid_binary,leave_accession_out_Sun_Burns,modules_rank_only,none,stratified_random,220,25,"{'keloid': 129, 'non_keloid': 91}","{'keloid': 17, 'non_keloid': 8}",0.68,0.6906666666666667,0.6985294117647058,0.6666666666666666,0.6985294117647058,"[[11, 6], [2, 6]]","['keloid', 'non_keloid']"
keloid_binary,leave_accession_out_Sun_Burns,modules_rank_only,none,elastic_net_logreg,220,25,"{'keloid': 129, 'non_keloid': 91}","{'keloid': 17, 'non_keloid': 8}",0.68,0.5504761904761906,0.5,0.40476190476190477,0.5,"[[17, 0], [8, 0]]","['keloid', 'non_keloid']"
keloid_binary,leave_accession_out_Sun_Burns,modules_rank_only,none,linear_svm,220,25,"{'keloid': 129, 'non_keloid': 91}","{'keloid': 17, 'non_keloid': 8}",0.68,0.5504761904761906,0.5,0.40476190476190477,0.5,"[[17, 0], [8, 0]]","['keloid', 'non_keloid']"
keloid_binary,leave_accession_out_Sun_Burns,modules_rank_only,none,random_forest,220,25,"{'keloid': 129, 'non_keloid': 91}","{'keloid': 17, 'non_keloid': 8}",0.32,0.15515151515151515,0.5,0.24242424242424243,0.5,"[[0, 17], [0, 8]]","['keloid', 'non_keloid']"
keloid_binary,leave_accession_out_Sun_Burns,modules_rank_only,none,hist_gradient_boosting,220,25,"{'keloid': 129, 'non_keloid': 91}","{'keloid': 17, 'non_keloid': 8}",0.32,0.15515151515151515,0.5,0.24242424242424243,0.5,"[[0, 17], [0, 8]]","['keloid', 'non_keloid']"
keloid_binary,leave_accession_out_Sun_Burns,modules_rank_only,none,knn,220,25,"{'keloid': 129, 'non_keloid': 91}","{'keloid': 17, 'non_keloid': 8}",0.32,0.15515151515151515,0.5,0.24242424242424243,0.5,"[[0, 17], [0, 8]]","['keloid', 'non_keloid']"
keloid_binary,leave_accession_out_Sun_Burns,modules_rank_only,none,small_mlp,220,25,"{'keloid': 129, 'non_keloid': 91}","{'keloid': 17, 'non_keloid': 8}",0.68,0.5504761904761906,0.5,0.40476190476190477,0.5,"[[17, 0], [8, 0]]","['keloid', 'non_keloid']"
keloid_binary,leave_accession_out_Sun_Burns,shared_genes_plus_modules,none,majority,220,25,"{'keloid': 129, 'non_keloid': 91}","{'keloid': 17, 'non_keloid': 8}",0.68,0.5504761904761906,0.5,0.40476190476190477,0.5,"[[17, 0], [8, 0]]","['keloid', 'non_keloid']"
keloid_binary,leave_accession_out_Sun_Burns,shared_genes_plus_modules,none,stratified_random,220,25,"{'keloid': 129, 'non_keloid': 91}","{'keloid': 17, 'non_keloid': 8}",0.68,0.6906666666666667,0.6985294117647058,0.6666666666666666,0.6985294117647058,"[[11, 6], [2, 6]]","['keloid', 'non_keloid']"
keloid_binary,leave_accession_out_Sun_Burns,shared_genes_plus_modules,none,elastic_net_logreg,220,25,"{'keloid': 129, 'non_keloid': 91}","{'keloid': 17, 'non_keloid': 8}",0.68,0.5504761904761906,0.5,0.40476190476190477,0.5,"[[17, 0], [8, 0]]","['keloid', 'non_keloid']"
keloid_binary,leave_accession_out_Sun_Burns,shared_genes_plus_modules,none,linear_svm,220,25,"{'keloid': 129, 'non_keloid': 91}","{'keloid': 17, 'non_keloid': 8}",0.32,0.15515151515151515,0.5,0.24242424242424243,0.47058823529411764,"[[0, 17], [0, 8]]","['keloid', 'non_keloid']"
keloid_binary,leave_accession_out_Sun_Burns,shared_genes_plus_modules,none,random_forest,220,25,"{'keloid': 129, 'non_keloid': 91}","{'keloid': 17, 'non_keloid': 8}",0.32,0.15515151515151515,0.5,0.24242424242424243,0.5,"[[0, 17], [0, 8]]","['keloid', 'non_keloid']"
keloid_binary,leave_accession_out_Sun_Burns,shared_genes_plus_modules,none,hist_gradient_boosting,220,25,"{'keloid': 129, 'non_keloid': 91}","{'keloid': 17, 'non_keloid': 8}",0.68,0.5504761904761906,0.5,0.40476190476190477,0.5,"[[17, 0], [8, 0]]","['keloid', 'non_keloid']"
keloid_binary,leave_accession_out_Sun_Burns,shared_genes_plus_modules,none,knn,220,25,"{'keloid': 129, 'non_keloid': 91}","{'keloid': 17, 'non_keloid': 8}",0.68,0.5504761904761906,0.5,0.40476190476190477,0.5,"[[17, 0], [8, 0]]","['keloid', 'non_keloid']"
keloid_binary,leave_accession_out_Sun_Burns,shared_genes_plus_modules,none,small_mlp,220,25,"{'keloid': 129, 'non_keloid': 91}","{'keloid': 17, 'non_keloid': 8}",0.68,0.5504761904761906,0.5,0.40476190476190477,0.5,"[[17, 0], [8, 0]]","['keloid', 'non_keloid']"
keloid_binary,leave_accession_out_Sun_Burns,published_markers_only,none,majority,220,25,"{'keloid': 129, 'non_keloid': 91}","{'keloid': 17, 'non_keloid': 8}",0.68,0.5504761904761906,0.5,0.40476190476190477,0.5,"[[17, 0], [8, 0]]","['keloid', 'non_keloid']"
keloid_binary,leave_accession_out_Sun_Burns,published_markers_only,none,stratified_random,220,25,"{'keloid': 129, 'non_keloid': 91}","{'keloid': 17, 'non_keloid': 8}",0.68,0.6906666666666667,0.6985294117647058,0.6666666666666666,0.6985294117647058,"[[11, 6], [2, 6]]","['keloid', 'non_keloid']"
keloid_binary,leave_accession_out_Sun_Burns,published_markers_only,none,elastic_net_logreg,220,25,"{'keloid': 129, 'non_keloid': 91}","{'keloid': 17, 'non_keloid': 8}",0.68,0.5504761904761906,0.5,0.40476190476190477,0.5,"[[17, 0], [8, 0]]","['keloid', 'non_keloid']"
keloid_binary,leave_accession_out_Sun_Burns,published_markers_only,none,linear_svm,220,25,"{'keloid': 129, 'non_keloid': 91}","{'keloid': 17, 'non_keloid': 8}",0.68,0.5504761904761906,0.5,0.40476190476190477,0.47058823529411764,"[[17, 0], [8, 0]]","['keloid', 'non_keloid']"
keloid_binary,leave_accession_out_Sun_Burns,published_markers_only,none,random_forest,220,25,"{'keloid': 129, 'non_keloid': 91}","{'keloid': 17, 'non_keloid': 8}",0.32,0.15515151515151515,0.5,0.24242424242424243,0.5,"[[0, 17], [0, 8]]","['keloid', 'non_keloid']"
keloid_binary,leave_accession_out_Sun_Burns,published_markers_only,none,hist_gradient_boosting,220,25,"{'keloid': 129, 'non_keloid': 91}","{'keloid': 17, 'non_keloid': 8}",0.68,0.5504761904761906,0.5,0.40476190476190477,0.5,"[[17, 0], [8, 0]]","['keloid', 'non_keloid']"
keloid_binary,leave_accession_out_Sun_Burns,published_markers_only,none,knn,220,25,"{'keloid': 129, 'non_keloid': 91}","{'keloid': 17, 'non_keloid': 8}",0.68,0.5504761904761906,0.5,0.40476190476190477,0.5,"[[17, 0], [8, 0]]","['keloid', 'non_keloid']"
keloid_binary,leave_accession_out_Sun_Burns,published_markers_only,none,small_mlp,220,25,"{'keloid': 129, 'non_keloid': 91}","{'keloid': 17, 'non_keloid': 8}",0.68,0.5504761904761906,0.5,0.40476190476190477,0.5,"[[17, 0], [8, 0]]","['keloid', 'non_keloid']"
keloid_binary,leave_accession_out_Sun_Burns,expanded_profibrotic_only,none,majority,220,25,"{'keloid': 129, 'non_keloid': 91}","{'keloid': 17, 'non_keloid': 8}",0.68,0.5504761904761906,0.5,0.40476190476190477,0.5,"[[17, 0], [8, 0]]","['keloid', 'non_keloid']"
keloid_binary,leave_accession_out_Sun_Burns,expanded_profibrotic_only,none,stratified_random,220,25,"{'keloid': 129, 'non_keloid': 91}","{'keloid': 17, 'non_keloid': 8}",0.68,0.6906666666666667,0.6985294117647058,0.6666666666666666,0.6985294117647058,"[[11, 6], [2, 6]]","['keloid', 'non_keloid']"
keloid_binary,leave_accession_out_Sun_Burns,expanded_profibrotic_only,none,elastic_net_logreg,220,25,"{'keloid': 129, 'non_keloid': 91}","{'keloid': 17, 'non_keloid': 8}",0.68,0.5504761904761906,0.5,0.40476190476190477,0.5,"[[17, 0], [8, 0]]","['keloid', 'non_keloid']"
keloid_binary,leave_accession_out_Sun_Burns,expanded_profibrotic_only,none,linear_svm,220,25,"{'keloid': 129, 'non_keloid': 91}","{'keloid': 17, 'non_keloid': 8}",0.68,0.5504761904761906,0.5,0.40476190476190477,0.5,"[[17, 0], [8, 0]]","['keloid', 'non_keloid']"
keloid_binary,leave_accession_out_Sun_Burns,expanded_profibrotic_only,none,random_forest,220,25,"{'keloid': 129, 'non_keloid': 91}","{'keloid': 17, 'non_keloid': 8}",0.32,0.15515151515151515,0.5,0.24242424242424243,0.5,"[[0, 17], [0, 8]]","['keloid', 'non_keloid']"
keloid_binary,leave_accession_out_Sun_Burns,expanded_profibrotic_only,none,hist_gradient_boosting,220,25,"{'keloid': 129, 'non_keloid': 91}","{'keloid': 17, 'non_keloid': 8}",0.68,0.5504761904761906,0.5,0.40476190476190477,0.5,"[[17, 0], [8, 0]]","['keloid', 'non_keloid']"
keloid_binary,leave_accession_out_Sun_Burns,expanded_profibrotic_only,none,knn,220,25,"{'keloid': 129, 'non_keloid': 91}","{'keloid': 17, 'non_keloid': 8}",0.32,0.15515151515151515,0.5,0.24242424242424243,0.5,"[[0, 17], [0, 8]]","['keloid', 'non_keloid']"
keloid_binary,leave_accession_out_Sun_Burns,expanded_profibrotic_only,none,small_mlp,220,25,"{'keloid': 129, 'non_keloid': 91}","{'keloid': 17, 'non_keloid': 8}",0.68,0.5504761904761906,0.5,0.40476190476190477,0.5,"[[17, 0], [8, 0]]","['keloid', 'non_keloid']"
keloid_binary,leave_accession_out_Sun_Burns,shared_genes,none,majority,220,25,"{'keloid': 129, 'non_keloid': 91}","{'keloid': 17, 'non_keloid': 8}",0.68,0.5504761904761906,0.5,0.40476190476190477,0.5,"[[17, 0], [8, 0]]","['keloid', 'non_keloid']"
keloid_binary,leave_accession_out_Sun_Burns,shared_genes,none,stratified_random,220,25,"{'keloid': 129, 'non_keloid': 91}","{'keloid': 17, 'non_keloid': 8}",0.68,0.6906666666666667,0.6985294117647058,0.6666666666666666,0.6985294117647058,"[[11, 6], [2, 6]]","['keloid', 'non_keloid']"
keloid_binary,leave_accession_out_Sun_Burns,shared_genes,none,elastic_net_logreg,220,25,"{'keloid': 129, 'non_keloid': 91}","{'keloid': 17, 'non_keloid': 8}",0.68,0.5504761904761906,0.5,0.40476190476190477,0.5,"[[17, 0], [8, 0]]","['keloid', 'non_keloid']"
keloid_binary,leave_accession_out_Sun_Burns,shared_genes,none,linear_svm,220,25,"{'keloid': 129, 'non_keloid': 91}","{'keloid': 17, 'non_keloid': 8}",0.32,0.15515151515151515,0.5,0.24242424242424243,0.47058823529411764,"[[0, 17], [0, 8]]","['keloid', 'non_keloid']"
keloid_binary,leave_accession_out_Sun_Burns,shared_genes,none,random_forest,220,25,"{'keloid': 129, 'non_keloid': 91}","{'keloid': 17, 'non_keloid': 8}",0.32,0.15515151515151515,0.5,0.24242424242424243,0.5,"[[0, 17], [0, 8]]","['keloid', 'non_keloid']"
keloid_binary,leave_accession_out_Sun_Burns,shared_genes,none,hist_gradient_boosting,220,25,"{'keloid': 129, 'non_keloid': 91}","{'keloid': 17, 'non_keloid': 8}",0.68,0.5504761904761906,0.5,0.40476190476190477,0.5,"[[17, 0], [8, 0]]","['keloid', 'non_keloid']"
keloid_binary,leave_accession_out_Sun_Burns,shared_genes,none,knn,220,25,"{'keloid': 129, 'non_keloid': 91}","{'keloid': 17, 'non_keloid': 8}",0.68,0.5504761904761906,0.5,0.40476190476190477,0.5,"[[17, 0], [8, 0]]","['keloid', 'non_keloid']"
keloid_binary,leave_accession_out_Sun_Burns,modules_only,none,majority,220,25,"{'keloid': 129, 'non_keloid': 91}","{'keloid': 17, 'non_keloid': 8}",0.68,0.5504761904761906,0.5,0.40476190476190477,0.5,"[[17, 0], [8, 0]]","['keloid', 'non_keloid']"
keloid_binary,leave_accession_out_Sun_Burns,modules_only,none,stratified_random,220,25,"{'keloid': 129, 'non_keloid': 91}","{'keloid': 17, 'non_keloid': 8}",0.68,0.6906666666666667,0.6985294117647058,0.6666666666666666,0.6985294117647058,"[[11, 6], [2, 6]]","['keloid', 'non_keloid']"
keloid_binary,leave_accession_out_Sun_Burns,modules_only,none,elastic_net_logreg,220,25,"{'keloid': 129, 'non_keloid': 91}","{'keloid': 17, 'non_keloid': 8}",0.68,0.5504761904761906,0.5,0.40476190476190477,0.5,"[[17, 0], [8, 0]]","['keloid', 'non_keloid']"
keloid_binary,leave_accession_out_Sun_Burns,modules_only,none,linear_svm,220,25,"{'keloid': 129, 'non_keloid': 91}","{'keloid': 17, 'non_keloid': 8}",0.68,0.5504761904761906,0.5,0.40476190476190477,0.5,"[[17, 0], [8, 0]]","['keloid', 'non_keloid']"
keloid_binary,leave_accession_out_Sun_Burns,modules_only,none,random_forest,220,25,"{'keloid': 129, 'non_keloid': 91}","{'keloid': 17, 'non_keloid': 8}",0.32,0.15515151515151515,0.5,0.24242424242424243,0.5,"[[0, 17], [0, 8]]","['keloid', 'non_keloid']"
keloid_binary,leave_accession_out_Sun_Burns,modules_only,none,hist_gradient_boosting,220,25,"{'keloid': 129, 'non_keloid': 91}","{'keloid': 17, 'non_keloid': 8}",0.68,0.5504761904761906,0.5,0.40476190476190477,0.5,"[[17, 0], [8, 0]]","['keloid', 'non_keloid']"
keloid_binary,leave_accession_out_Sun_Burns,modules_only,none,knn,220,25,"{'keloid': 129, 'non_keloid': 91}","{'keloid': 17, 'non_keloid': 8}",0.68,0.5504761904761906,0.5,0.40476190476190477,0.5,"[[17, 0], [8, 0]]","['keloid', 'non_keloid']"
keloid_binary,leave_accession_out_Sun_Burns,modules_only,none,small_mlp,220,25,"{'keloid': 129, 'non_keloid': 91}","{'keloid': 17, 'non_keloid': 8}",0.68,0.5504761904761906,0.5,0.40476190476190477,0.5,"[[17, 0], [8, 0]]","['keloid', 'non_keloid']"
keloid_binary,leave_accession_out_Sun_Burns,low_i2_core_only,none,majority,220,25,"{'keloid': 129, 'non_keloid': 91}","{'keloid': 17, 'non_keloid': 8}",0.68,0.5504761904761906,0.5,0.40476190476190477,0.5,"[[17, 0], [8, 0]]","['keloid', 'non_keloid']"
keloid_binary,leave_accession_out_Sun_Burns,low_i2_core_only,none,stratified_random,220,25,"{'keloid': 129, 'non_keloid': 91}","{'keloid': 17, 'non_keloid': 8}",0.68,0.6906666666666667,0.6985294117647058,0.6666666666666666,0.6985294117647058,"[[11, 6], [2, 6]]","['keloid', 'non_keloid']"
keloid_binary,leave_accession_out_Sun_Burns,low_i2_core_only,none,elastic_net_logreg,220,25,"{'keloid': 129, 'non_keloid': 91}","{'keloid': 17, 'non_keloid': 8}",0.68,0.5504761904761906,0.5,0.40476190476190477,0.5,"[[17, 0], [8, 0]]","['keloid', 'non_keloid']"
keloid_binary,leave_accession_out_Sun_Burns,low_i2_core_only,none,linear_svm,220,25,"{'keloid': 129, 'non_keloid': 91}","{'keloid': 17, 'non_keloid': 8}",0.68,0.5504761904761906,0.5,0.40476190476190477,0.5294117647058824,"[[17, 0], [8, 0]]","['keloid', 'non_keloid']"
keloid_binary,leave_accession_out_Sun_Burns,low_i2_core_only,none,random_forest,220,25,"{'keloid': 129, 'non_keloid': 91}","{'keloid': 17, 'non_keloid': 8}",0.32,0.15515151515151515,0.5,0.24242424242424243,0.5,"[[0, 17], [0, 8]]","['keloid', 'non_keloid']"
keloid_binary,leave_accession_out_Sun_Burns,low_i2_core_only,none,hist_gradient_boosting,220,25,"{'keloid': 129, 'non_keloid': 91}","{'keloid': 17, 'non_keloid': 8}",0.68,0.5504761904761906,0.5,0.40476190476190477,0.5,"[[17, 0], [8, 0]]","['keloid', 'non_keloid']"
keloid_binary,leave_accession_out_Sun_Burns,low_i2_core_only,none,knn,220,25,"{'keloid': 129, 'non_keloid': 91}","{'keloid': 17, 'non_keloid': 8}",0.68,0.5504761904761906,0.5,0.40476190476190477,0.5,"[[17, 0], [8, 0]]","['keloid', 'non_keloid']"
keloid_binary,leave_accession_out_Sun_Burns,low_i2_core_only,none,small_mlp,220,25,"{'keloid': 129, 'non_keloid': 91}","{'keloid': 17, 'non_keloid': 8}",0.32,0.15515151515151515,0.5,0.24242424242424243,0.5,"[[0, 17], [0, 8]]","['keloid', 'non_keloid']"
