task,split_name,feature_set,normalization_mode,model,n_train,n_test,train_label_counts,test_label_counts,accuracy,weighted_f1,balanced_accuracy,macro_f1,auroc,confusion_matrix,labels
keloid_binary,leave_accession_out_E-MTAB-2509,profibrotic_module_only,none,majority,231,27,"{'non_keloid': 140, 'keloid': 91}","{'non_keloid': 18, 'keloid': 9}",0.6666666667000001,0.5333333333,0.5,0.4,0.5,"[[0, 9], [0, 18]]","['keloid', 'non_keloid']"
keloid_binary,leave_accession_out_E-MTAB-2509,profibrotic_module_only,none,stratified_random,231,27,"{'non_keloid': 140, 'keloid': 91}","{'non_keloid': 18, 'keloid': 9}",0.40740740740000003,0.4242424242,0.3888888889,0.3863636364,0.3888888889,"[[3, 6], [10, 8]]","['keloid', 'non_keloid']"
keloid_binary,leave_accession_out_E-MTAB-2509,profibrotic_module_only,none,elastic_net_logreg,231,27,"{'non_keloid': 140, 'keloid': 91}","{'non_keloid': 18, 'keloid': 9}",0.7037037037,0.7121212121,0.7222222222,0.6931818182,0.7777777778,"[[7, 2], [6, 12]]","['keloid', 'non_keloid']"
keloid_binary,leave_accession_out_E-MTAB-2509,profibrotic_module_only,none,linear_svm,231,27,"{'non_keloid': 140, 'keloid': 91}","{'non_keloid': 18, 'keloid': 9}",0.7037037037,0.7121212121,0.7222222222,0.6931818182,0.7777777778,"[[7, 2], [6, 12]]","['keloid', 'non_keloid']"
keloid_binary,leave_accession_out_E-MTAB-2509,profibrotic_module_only,none,random_forest,231,27,"{'non_keloid': 140, 'keloid': 91}","{'non_keloid': 18, 'keloid': 9}",0.6296296296,0.6401515152,0.6388888889000001,0.6164772727,0.700617284,"[[6, 3], [7, 11]]","['keloid', 'non_keloid']"
keloid_binary,leave_accession_out_E-MTAB-2509,profibrotic_module_only,none,hist_gradient_boosting,231,27,"{'non_keloid': 140, 'keloid': 91}","{'non_keloid': 18, 'keloid': 9}",0.7407407407000001,0.7474747475,0.75,0.7272727273,0.7098765432,"[[7, 2], [5, 13]]","['keloid', 'non_keloid']"
keloid_binary,leave_accession_out_E-MTAB-2509,profibrotic_module_only,none,knn,231,27,"{'non_keloid': 140, 'keloid': 91}","{'non_keloid': 18, 'keloid': 9}",0.6296296296,0.6388888889000001,0.6666666667000001,0.625,0.6944444444,"[[7, 2], [8, 10]]","['keloid', 'non_keloid']"
keloid_binary,leave_accession_out_E-MTAB-2509,profibrotic_module_only,none,small_mlp,231,27,"{'non_keloid': 140, 'keloid': 91}","{'non_keloid': 18, 'keloid': 9}",0.7037037037,0.7121212121,0.7222222222,0.6931818182,0.7777777778,"[[7, 2], [6, 12]]","['keloid', 'non_keloid']"
keloid_binary,leave_accession_out_E-MTAB-2509,modules_rank_plus_expanded,none,majority,231,27,"{'non_keloid': 140, 'keloid': 91}","{'non_keloid': 18, 'keloid': 9}",0.6666666667000001,0.5333333333,0.5,0.4,0.5,"[[0, 9], [0, 18]]","['keloid', 'non_keloid']"
keloid_binary,leave_accession_out_E-MTAB-2509,modules_rank_plus_expanded,none,stratified_random,231,27,"{'non_keloid': 140, 'keloid': 91}","{'non_keloid': 18, 'keloid': 9}",0.40740740740000003,0.4242424242,0.3888888889,0.3863636364,0.3888888889,"[[3, 6], [10, 8]]","['keloid', 'non_keloid']"
keloid_binary,leave_accession_out_E-MTAB-2509,modules_rank_plus_expanded,none,elastic_net_logreg,231,27,"{'non_keloid': 140, 'keloid': 91}","{'non_keloid': 18, 'keloid': 9}",0.7777777778,0.7833333333,0.8333333333,0.775,0.8086419753,"[[9, 0], [6, 12]]","['keloid', 'non_keloid']"
keloid_binary,leave_accession_out_E-MTAB-2509,modules_rank_plus_expanded,none,linear_svm,231,27,"{'non_keloid': 140, 'keloid': 91}","{'non_keloid': 18, 'keloid': 9}",0.7407407407000001,0.7457471264000001,0.8055555556,0.7393103448,0.8209876543,"[[9, 0], [7, 11]]","['keloid', 'non_keloid']"
keloid_binary,leave_accession_out_E-MTAB-2509,modules_rank_plus_expanded,none,random_forest,231,27,"{'non_keloid': 140, 'keloid': 91}","{'non_keloid': 18, 'keloid': 9}",0.7037037037,0.7121212121,0.7222222222,0.6931818182,0.7777777778,"[[7, 2], [6, 12]]","['keloid', 'non_keloid']"
keloid_binary,leave_accession_out_E-MTAB-2509,modules_rank_plus_expanded,none,hist_gradient_boosting,231,27,"{'non_keloid': 140, 'keloid': 91}","{'non_keloid': 18, 'keloid': 9}",0.6296296296,0.6296296296,0.5833333333,0.5833333333,0.6481481481,"[[4, 5], [5, 13]]","['keloid', 'non_keloid']"
keloid_binary,leave_accession_out_E-MTAB-2509,modules_rank_plus_expanded,none,knn,231,27,"{'non_keloid': 140, 'keloid': 91}","{'non_keloid': 18, 'keloid': 9}",0.7777777778,0.7823529412,0.7777777778,0.7617647059,0.7839506173,"[[7, 2], [4, 14]]","['keloid', 'non_keloid']"
keloid_binary,leave_accession_out_E-MTAB-2509,modules_rank_plus_expanded,none,small_mlp,231,27,"{'non_keloid': 140, 'keloid': 91}","{'non_keloid': 18, 'keloid': 9}",0.5925925926,0.5802298851000001,0.6944444444,0.5903448276000001,0.8148148148000001,"[[9, 0], [11, 7]]","['keloid', 'non_keloid']"
keloid_binary,leave_accession_out_E-MTAB-2509,modules_rank_only,none,majority,231,27,"{'non_keloid': 140, 'keloid': 91}","{'non_keloid': 18, 'keloid': 9}",0.6666666667000001,0.5333333333,0.5,0.4,0.5,"[[0, 9], [0, 18]]","['keloid', 'non_keloid']"
keloid_binary,leave_accession_out_E-MTAB-2509,modules_rank_only,none,stratified_random,231,27,"{'non_keloid': 140, 'keloid': 91}","{'non_keloid': 18, 'keloid': 9}",0.40740740740000003,0.4242424242,0.3888888889,0.3863636364,0.3888888889,"[[3, 6], [10, 8]]","['keloid', 'non_keloid']"
keloid_binary,leave_accession_out_E-MTAB-2509,modules_rank_only,none,elastic_net_logreg,231,27,"{'non_keloid': 140, 'keloid': 91}","{'non_keloid': 18, 'keloid': 9}",0.7407407407000001,0.7480130902000001,0.7777777778,0.7349228612,0.8024691358,"[[8, 1], [6, 12]]","['keloid', 'non_keloid']"
keloid_binary,leave_accession_out_E-MTAB-2509,modules_rank_only,none,linear_svm,231,27,"{'non_keloid': 140, 'keloid': 91}","{'non_keloid': 18, 'keloid': 9}",0.7407407407000001,0.7480130902000001,0.7777777778,0.7349228612,0.8148148148000001,"[[8, 1], [6, 12]]","['keloid', 'non_keloid']"
keloid_binary,leave_accession_out_E-MTAB-2509,modules_rank_only,none,random_forest,231,27,"{'non_keloid': 140, 'keloid': 91}","{'non_keloid': 18, 'keloid': 9}",0.7407407407000001,0.7474747475,0.75,0.7272727273,0.7901234568000001,"[[7, 2], [5, 13]]","['keloid', 'non_keloid']"
keloid_binary,leave_accession_out_E-MTAB-2509,modules_rank_only,none,hist_gradient_boosting,231,27,"{'non_keloid': 140, 'keloid': 91}","{'non_keloid': 18, 'keloid': 9}",0.6296296296,0.6296296296,0.5833333333,0.5833333333,0.7407407407000001,"[[4, 5], [5, 13]]","['keloid', 'non_keloid']"
keloid_binary,leave_accession_out_E-MTAB-2509,modules_rank_only,none,knn,231,27,"{'non_keloid': 140, 'keloid': 91}","{'non_keloid': 18, 'keloid': 9}",0.8148148148000001,0.8170426065,0.8055555556,0.7969924812,0.8209876543,"[[7, 2], [3, 15]]","['keloid', 'non_keloid']"
keloid_binary,leave_accession_out_E-MTAB-2509,modules_rank_only,none,small_mlp,231,27,"{'non_keloid': 140, 'keloid': 91}","{'non_keloid': 18, 'keloid': 9}",0.6666666667000001,0.6731034483,0.7222222222,0.6648275862,0.6851851852,"[[8, 1], [8, 10]]","['keloid', 'non_keloid']"
keloid_binary,leave_accession_out_E-MTAB-2509,shared_genes_plus_modules,none,majority,231,27,"{'non_keloid': 140, 'keloid': 91}","{'non_keloid': 18, 'keloid': 9}",0.6666666667000001,0.5333333333,0.5,0.4,0.5,"[[0, 9], [0, 18]]","['keloid', 'non_keloid']"
keloid_binary,leave_accession_out_E-MTAB-2509,shared_genes_plus_modules,none,stratified_random,231,27,"{'non_keloid': 140, 'keloid': 91}","{'non_keloid': 18, 'keloid': 9}",0.40740740740000003,0.4242424242,0.3888888889,0.3863636364,0.3888888889,"[[3, 6], [10, 8]]","['keloid', 'non_keloid']"
keloid_binary,leave_accession_out_E-MTAB-2509,shared_genes_plus_modules,none,elastic_net_logreg,231,27,"{'non_keloid': 140, 'keloid': 91}","{'non_keloid': 18, 'keloid': 9}",0.5555555556,0.5494505495,0.6388888889000001,0.5549450549,0.7407407407000001,"[[8, 1], [11, 7]]","['keloid', 'non_keloid']"
keloid_binary,leave_accession_out_E-MTAB-2509,shared_genes_plus_modules,none,linear_svm,231,27,"{'non_keloid': 140, 'keloid': 91}","{'non_keloid': 18, 'keloid': 9}",0.4444444444,0.4551724138,0.47222222220000004,0.4413793103,0.49382716050000003,"[[5, 4], [11, 7]]","['keloid', 'non_keloid']"
keloid_binary,leave_accession_out_E-MTAB-2509,shared_genes_plus_modules,none,random_forest,231,27,"{'non_keloid': 140, 'keloid': 91}","{'non_keloid': 18, 'keloid': 9}",0.6666666667000001,0.5333333333,0.5,0.4,0.6234567901,"[[0, 9], [0, 18]]","['keloid', 'non_keloid']"
keloid_binary,leave_accession_out_E-MTAB-2509,shared_genes_plus_modules,none,hist_gradient_boosting,231,27,"{'non_keloid': 140, 'keloid': 91}","{'non_keloid': 18, 'keloid': 9}",0.5185185185,0.5243107769,0.47222222220000004,0.4721804511,0.5308641975,"[[3, 6], [7, 11]]","['keloid', 'non_keloid']"
keloid_binary,leave_accession_out_E-MTAB-2509,shared_genes_plus_modules,none,knn,231,27,"{'non_keloid': 140, 'keloid': 91}","{'non_keloid': 18, 'keloid': 9}",0.37037037040000004,0.24160401,0.5277777778,0.3097744361,0.4537037037,"[[9, 0], [17, 1]]","['keloid', 'non_keloid']"
keloid_binary,leave_accession_out_E-MTAB-2509,shared_genes_plus_modules,none,small_mlp,231,27,"{'non_keloid': 140, 'keloid': 91}","{'non_keloid': 18, 'keloid': 9}",0.40740740740000003,0.3992673993,0.47222222220000004,0.40659340660000004,0.38271604940000004,"[[6, 3], [13, 5]]","['keloid', 'non_keloid']"
keloid_binary,leave_accession_out_E-MTAB-2509,published_markers_only,none,majority,231,27,"{'non_keloid': 140, 'keloid': 91}","{'non_keloid': 18, 'keloid': 9}",0.6666666667000001,0.5333333333,0.5,0.4,0.5,"[[0, 9], [0, 18]]","['keloid', 'non_keloid']"
keloid_binary,leave_accession_out_E-MTAB-2509,published_markers_only,none,stratified_random,231,27,"{'non_keloid': 140, 'keloid': 91}","{'non_keloid': 18, 'keloid': 9}",0.40740740740000003,0.4242424242,0.3888888889,0.3863636364,0.3888888889,"[[3, 6], [10, 8]]","['keloid', 'non_keloid']"
keloid_binary,leave_accession_out_E-MTAB-2509,published_markers_only,none,elastic_net_logreg,231,27,"{'non_keloid': 140, 'keloid': 91}","{'non_keloid': 18, 'keloid': 9}",0.40740740740000003,0.41391941390000003,0.4444444444,0.40659340660000004,0.5185185185,"[[5, 4], [12, 6]]","['keloid', 'non_keloid']"
keloid_binary,leave_accession_out_E-MTAB-2509,published_markers_only,none,linear_svm,231,27,"{'non_keloid': 140, 'keloid': 91}","{'non_keloid': 18, 'keloid': 9}",0.48148148150000003,0.48717948720000004,0.5277777778,0.4807692308,0.5555555556,"[[6, 3], [11, 7]]","['keloid', 'non_keloid']"
keloid_binary,leave_accession_out_E-MTAB-2509,published_markers_only,none,random_forest,231,27,"{'non_keloid': 140, 'keloid': 91}","{'non_keloid': 18, 'keloid': 9}",0.6296296296,0.637254902,0.6111111111,0.6029411765,0.7222222222,"[[5, 4], [6, 12]]","['keloid', 'non_keloid']"
keloid_binary,leave_accession_out_E-MTAB-2509,published_markers_only,none,hist_gradient_boosting,231,27,"{'non_keloid': 140, 'keloid': 91}","{'non_keloid': 18, 'keloid': 9}",0.5925925926,0.5861155273,0.5277777778,0.5278219396,0.6296296296,"[[3, 6], [5, 13]]","['keloid', 'non_keloid']"
keloid_binary,leave_accession_out_E-MTAB-2509,published_markers_only,none,knn,231,27,"{'non_keloid': 140, 'keloid': 91}","{'non_keloid': 18, 'keloid': 9}",0.48148148150000003,0.48717948720000004,0.5277777778,0.4807692308,0.48148148150000003,"[[6, 3], [11, 7]]","['keloid', 'non_keloid']"
keloid_binary,leave_accession_out_E-MTAB-2509,published_markers_only,none,small_mlp,231,27,"{'non_keloid': 140, 'keloid': 91}","{'non_keloid': 18, 'keloid': 9}",0.5925925926,0.6031746032,0.5833333333,0.5714285714,0.5185185185,"[[5, 4], [7, 11]]","['keloid', 'non_keloid']"
keloid_binary,leave_accession_out_E-MTAB-2509,expanded_profibrotic_only,none,majority,231,27,"{'non_keloid': 140, 'keloid': 91}","{'non_keloid': 18, 'keloid': 9}",0.6666666667000001,0.5333333333,0.5,0.4,0.5,"[[0, 9], [0, 18]]","['keloid', 'non_keloid']"
keloid_binary,leave_accession_out_E-MTAB-2509,expanded_profibrotic_only,none,stratified_random,231,27,"{'non_keloid': 140, 'keloid': 91}","{'non_keloid': 18, 'keloid': 9}",0.40740740740000003,0.4242424242,0.3888888889,0.3863636364,0.3888888889,"[[3, 6], [10, 8]]","['keloid', 'non_keloid']"
keloid_binary,leave_accession_out_E-MTAB-2509,expanded_profibrotic_only,none,elastic_net_logreg,231,27,"{'non_keloid': 140, 'keloid': 91}","{'non_keloid': 18, 'keloid': 9}",0.7037037037,0.706959707,0.7777777778,0.7032967033,0.6728395062,"[[9, 0], [8, 10]]","['keloid', 'non_keloid']"
keloid_binary,leave_accession_out_E-MTAB-2509,expanded_profibrotic_only,none,linear_svm,231,27,"{'non_keloid': 140, 'keloid': 91}","{'non_keloid': 18, 'keloid': 9}",0.7037037037,0.706959707,0.7777777778,0.7032967033,0.6728395062,"[[9, 0], [8, 10]]","['keloid', 'non_keloid']"
keloid_binary,leave_accession_out_E-MTAB-2509,expanded_profibrotic_only,none,random_forest,231,27,"{'non_keloid': 140, 'keloid': 91}","{'non_keloid': 18, 'keloid': 9}",0.5185185185,0.5185185185,0.5833333333,0.5185185185,0.4907407407,"[[7, 2], [11, 7]]","['keloid', 'non_keloid']"
keloid_binary,leave_accession_out_E-MTAB-2509,expanded_profibrotic_only,none,hist_gradient_boosting,231,27,"{'non_keloid': 140, 'keloid': 91}","{'non_keloid': 18, 'keloid': 9}",0.40740740740000003,0.3859649123,0.30555555560000003,0.2894736842,0.4259259259,"[[0, 9], [7, 11]]","['keloid', 'non_keloid']"
keloid_binary,leave_accession_out_E-MTAB-2509,expanded_profibrotic_only,none,knn,231,27,"{'non_keloid': 140, 'keloid': 91}","{'non_keloid': 18, 'keloid': 9}",0.48148148150000003,0.49215686270000003,0.4444444444,0.4441176471,0.38271604940000004,"[[3, 6], [8, 10]]","['keloid', 'non_keloid']"
keloid_binary,leave_accession_out_E-MTAB-2509,expanded_profibrotic_only,none,small_mlp,231,27,"{'non_keloid': 140, 'keloid': 91}","{'non_keloid': 18, 'keloid': 9}",0.7037037037,0.706959707,0.7777777778,0.7032967033,0.6759259259,"[[9, 0], [8, 10]]","['keloid', 'non_keloid']"
keloid_binary,leave_accession_out_E-MTAB-2509,shared_genes,none,majority,231,27,"{'non_keloid': 140, 'keloid': 91}","{'non_keloid': 18, 'keloid': 9}",0.6666666667000001,0.5333333333,0.5,0.4,0.5,"[[0, 9], [0, 18]]","['keloid', 'non_keloid']"
keloid_binary,leave_accession_out_E-MTAB-2509,shared_genes,none,stratified_random,231,27,"{'non_keloid': 140, 'keloid': 91}","{'non_keloid': 18, 'keloid': 9}",0.40740740740000003,0.4242424242,0.3888888889,0.3863636364,0.3888888889,"[[3, 6], [10, 8]]","['keloid', 'non_keloid']"
keloid_binary,leave_accession_out_E-MTAB-2509,shared_genes,none,elastic_net_logreg,231,27,"{'non_keloid': 140, 'keloid': 91}","{'non_keloid': 18, 'keloid': 9}",0.5925925926,0.5925925926,0.6666666667000001,0.5925925926,0.7530864198,"[[8, 1], [10, 8]]","['keloid', 'non_keloid']"
keloid_binary,leave_accession_out_E-MTAB-2509,shared_genes,none,linear_svm,231,27,"{'non_keloid': 140, 'keloid': 91}","{'non_keloid': 18, 'keloid': 9}",0.48148148150000003,0.48717948720000004,0.5277777778,0.4807692308,0.5740740741,"[[6, 3], [11, 7]]","['keloid', 'non_keloid']"
keloid_binary,leave_accession_out_E-MTAB-2509,shared_genes,none,random_forest,231,27,"{'non_keloid': 140, 'keloid': 91}","{'non_keloid': 18, 'keloid': 9}",0.5925925926,0.496124031,0.4444444444,0.3720930233,0.7962962963,"[[0, 9], [2, 16]]","['keloid', 'non_keloid']"
keloid_binary,leave_accession_out_E-MTAB-2509,shared_genes,none,hist_gradient_boosting,231,27,"{'non_keloid': 140, 'keloid': 91}","{'non_keloid': 18, 'keloid': 9}",0.6666666667000001,0.6613672496,0.6111111111,0.6136724960000001,0.6049382716,"[[4, 5], [4, 14]]","['keloid', 'non_keloid']"
keloid_binary,leave_accession_out_E-MTAB-2509,shared_genes,none,knn,231,27,"{'non_keloid': 140, 'keloid': 91}","{'non_keloid': 18, 'keloid': 9}",0.33333333330000003,0.1666666667,0.5,0.25,0.5555555556,"[[9, 0], [18, 0]]","['keloid', 'non_keloid']"
keloid_binary,leave_accession_out_E-MTAB-2509,modules_only,none,majority,231,27,"{'non_keloid': 140, 'keloid': 91}","{'non_keloid': 18, 'keloid': 9}",0.6666666667000001,0.5333333333,0.5,0.4,0.5,"[[0, 9], [0, 18]]","['keloid', 'non_keloid']"
keloid_binary,leave_accession_out_E-MTAB-2509,modules_only,none,stratified_random,231,27,"{'non_keloid': 140, 'keloid': 91}","{'non_keloid': 18, 'keloid': 9}",0.40740740740000003,0.4242424242,0.3888888889,0.3863636364,0.3888888889,"[[3, 6], [10, 8]]","['keloid', 'non_keloid']"
keloid_binary,leave_accession_out_E-MTAB-2509,modules_only,none,elastic_net_logreg,231,27,"{'non_keloid': 140, 'keloid': 91}","{'non_keloid': 18, 'keloid': 9}",0.7777777778,0.7840909091,0.8055555556,0.7698863636000001,0.7716049383,"[[8, 1], [5, 13]]","['keloid', 'non_keloid']"
keloid_binary,leave_accession_out_E-MTAB-2509,modules_only,none,linear_svm,231,27,"{'non_keloid': 140, 'keloid': 91}","{'non_keloid': 18, 'keloid': 9}",0.7407407407000001,0.7480130902000001,0.7777777778,0.7349228612,0.7716049383,"[[8, 1], [6, 12]]","['keloid', 'non_keloid']"
keloid_binary,leave_accession_out_E-MTAB-2509,modules_only,none,random_forest,231,27,"{'non_keloid': 140, 'keloid': 91}","{'non_keloid': 18, 'keloid': 9}",0.7777777778,0.7823529412,0.7777777778,0.7617647059,0.8024691358,"[[7, 2], [4, 14]]","['keloid', 'non_keloid']"
keloid_binary,leave_accession_out_E-MTAB-2509,modules_only,none,hist_gradient_boosting,231,27,"{'non_keloid': 140, 'keloid': 91}","{'non_keloid': 18, 'keloid': 9}",0.6296296296,0.6296296296,0.5833333333,0.5833333333,0.6543209877,"[[4, 5], [5, 13]]","['keloid', 'non_keloid']"
keloid_binary,leave_accession_out_E-MTAB-2509,modules_only,none,knn,231,27,"{'non_keloid': 140, 'keloid': 91}","{'non_keloid': 18, 'keloid': 9}",0.7037037037,0.7111111111,0.75,0.7000000000000001,0.7716049383,"[[8, 1], [7, 11]]","['keloid', 'non_keloid']"
keloid_binary,leave_accession_out_E-MTAB-2509,modules_only,none,small_mlp,231,27,"{'non_keloid': 140, 'keloid': 91}","{'non_keloid': 18, 'keloid': 9}",0.6296296296,0.6336996337,0.6944444444,0.6291208791,0.6111111111,"[[8, 1], [9, 9]]","['keloid', 'non_keloid']"
keloid_binary,leave_accession_out_E-MTAB-2509,low_i2_core_only,none,majority,231,27,"{'non_keloid': 140, 'keloid': 91}","{'non_keloid': 18, 'keloid': 9}",0.6666666667000001,0.5333333333,0.5,0.4,0.5,"[[0, 9], [0, 18]]","['keloid', 'non_keloid']"
keloid_binary,leave_accession_out_E-MTAB-2509,low_i2_core_only,none,stratified_random,231,27,"{'non_keloid': 140, 'keloid': 91}","{'non_keloid': 18, 'keloid': 9}",0.40740740740000003,0.4242424242,0.3888888889,0.3863636364,0.3888888889,"[[3, 6], [10, 8]]","['keloid', 'non_keloid']"
keloid_binary,leave_accession_out_E-MTAB-2509,low_i2_core_only,none,elastic_net_logreg,231,27,"{'non_keloid': 140, 'keloid': 91}","{'non_keloid': 18, 'keloid': 9}",0.7407407407000001,0.7480130902000001,0.7777777778,0.7349228612,0.7345679012,"[[8, 1], [6, 12]]","['keloid', 'non_keloid']"
keloid_binary,leave_accession_out_E-MTAB-2509,low_i2_core_only,none,linear_svm,231,27,"{'non_keloid': 140, 'keloid': 91}","{'non_keloid': 18, 'keloid': 9}",0.5555555556,0.5666666667,0.5833333333,0.55,0.6543209877,"[[6, 3], [9, 9]]","['keloid', 'non_keloid']"
keloid_binary,leave_accession_out_E-MTAB-2509,low_i2_core_only,none,random_forest,231,27,"{'non_keloid': 140, 'keloid': 91}","{'non_keloid': 18, 'keloid': 9}",0.7037037037,0.6761904762000001,0.6111111111,0.6142857143,0.7469135802,"[[3, 6], [2, 16]]","['keloid', 'non_keloid']"
keloid_binary,leave_accession_out_E-MTAB-2509,low_i2_core_only,none,hist_gradient_boosting,231,27,"{'non_keloid': 140, 'keloid': 91}","{'non_keloid': 18, 'keloid': 9}",0.7777777778,0.7697368421,0.7222222222,0.7335526316000001,0.8271604938,"[[5, 4], [2, 16]]","['keloid', 'non_keloid']"
keloid_binary,leave_accession_out_E-MTAB-2509,low_i2_core_only,none,knn,231,27,"{'non_keloid': 140, 'keloid': 91}","{'non_keloid': 18, 'keloid': 9}",0.5925925926,0.5802298851000001,0.6944444444,0.5903448276000001,0.6141975309000001,"[[9, 0], [11, 7]]","['keloid', 'non_keloid']"
keloid_binary,leave_accession_out_E-MTAB-2509,low_i2_core_only,none,small_mlp,231,27,"{'non_keloid': 140, 'keloid': 91}","{'non_keloid': 18, 'keloid': 9}",0.48148148150000003,0.4333333333,0.3611111111,0.325,0.33333333330000003,"[[0, 9], [5, 13]]","['keloid', 'non_keloid']"
keloid_binary,leave_accession_out_E-MTAB-4945,profibrotic_module_only,none,majority,315,40,"{'keloid': 176, 'non_keloid': 139}","{'keloid': 27, 'non_keloid': 13}",0.675,0.5440298507,0.5,0.4029850746,0.5,"[[27, 0], [13, 0]]","['keloid', 'non_keloid']"
keloid_binary,leave_accession_out_E-MTAB-4945,profibrotic_module_only,none,stratified_random,315,40,"{'keloid': 176, 'non_keloid': 139}","{'keloid': 27, 'non_keloid': 13}",0.65,0.6609375,0.6609686610000001,0.6354166667000001,0.6609686610000001,"[[17, 10], [4, 9]]","['keloid', 'non_keloid']"
keloid_binary,leave_accession_out_E-MTAB-4945,profibrotic_module_only,none,elastic_net_logreg,315,40,"{'keloid': 176, 'non_keloid': 139}","{'keloid': 27, 'non_keloid': 13}",0.625,0.63336714,0.6025641026,0.5943204868,0.6666666667000001,"[[18, 9], [6, 7]]","['keloid', 'non_keloid']"
keloid_binary,leave_accession_out_E-MTAB-4945,profibrotic_module_only,none,linear_svm,315,40,"{'keloid': 176, 'non_keloid': 139}","{'keloid': 27, 'non_keloid': 13}",0.625,0.63336714,0.6025641026,0.5943204868,0.6666666667000001,"[[18, 9], [6, 7]]","['keloid', 'non_keloid']"
keloid_binary,leave_accession_out_E-MTAB-4945,profibrotic_module_only,none,random_forest,315,40,"{'keloid': 176, 'non_keloid': 139}","{'keloid': 27, 'non_keloid': 13}",0.7000000000000001,0.6928571429,0.6381766382,0.6428571429000001,0.5797720798,"[[22, 5], [7, 6]]","['keloid', 'non_keloid']"
keloid_binary,leave_accession_out_E-MTAB-4945,profibrotic_module_only,none,hist_gradient_boosting,315,40,"{'keloid': 176, 'non_keloid': 139}","{'keloid': 27, 'non_keloid': 13}",0.675,0.6779524808,0.6396011396,0.6366177498000001,0.6310541311,"[[20, 7], [6, 7]]","['keloid', 'non_keloid']"
keloid_binary,leave_accession_out_E-MTAB-4945,profibrotic_module_only,none,knn,315,40,"{'keloid': 176, 'non_keloid': 139}","{'keloid': 27, 'non_keloid': 13}",0.65,0.6416666667,0.5811965812000001,0.5833333333,0.5142450142,"[[21, 6], [8, 5]]","['keloid', 'non_keloid']"
keloid_binary,leave_accession_out_E-MTAB-4945,profibrotic_module_only,none,small_mlp,315,40,"{'keloid': 176, 'non_keloid': 139}","{'keloid': 27, 'non_keloid': 13}",0.7000000000000001,0.6928571429,0.6381766382,0.6428571429000001,0.6951566952,"[[22, 5], [7, 6]]","['keloid', 'non_keloid']"
keloid_binary,leave_accession_out_E-MTAB-4945,modules_rank_plus_expanded,none,majority,315,40,"{'keloid': 176, 'non_keloid': 139}","{'keloid': 27, 'non_keloid': 13}",0.675,0.5440298507,0.5,0.4029850746,0.5,"[[27, 0], [13, 0]]","['keloid', 'non_keloid']"
keloid_binary,leave_accession_out_E-MTAB-4945,modules_rank_plus_expanded,none,stratified_random,315,40,"{'keloid': 176, 'non_keloid': 139}","{'keloid': 27, 'non_keloid': 13}",0.65,0.6609375,0.6609686610000001,0.6354166667000001,0.6609686610000001,"[[17, 10], [4, 9]]","['keloid', 'non_keloid']"
keloid_binary,leave_accession_out_E-MTAB-4945,modules_rank_plus_expanded,none,elastic_net_logreg,315,40,"{'keloid': 176, 'non_keloid': 139}","{'keloid': 27, 'non_keloid': 13}",0.65,0.660741688,0.6809116809,0.641943734,0.7777777778,"[[16, 11], [3, 10]]","['keloid', 'non_keloid']"
keloid_binary,leave_accession_out_E-MTAB-4945,modules_rank_plus_expanded,none,linear_svm,315,40,"{'keloid': 176, 'non_keloid': 139}","{'keloid': 27, 'non_keloid': 13}",0.65,0.660741688,0.6809116809,0.641943734,0.792022792,"[[16, 11], [3, 10]]","['keloid', 'non_keloid']"
keloid_binary,leave_accession_out_E-MTAB-4945,modules_rank_plus_expanded,none,random_forest,315,40,"{'keloid': 176, 'non_keloid': 139}","{'keloid': 27, 'non_keloid': 13}",0.6000000000000001,0.6101010101000001,0.6438746439,0.595959596,0.7350427350000001,"[[14, 13], [3, 10]]","['keloid', 'non_keloid']"
keloid_binary,leave_accession_out_E-MTAB-4945,modules_rank_plus_expanded,none,hist_gradient_boosting,315,40,"{'keloid': 176, 'non_keloid': 139}","{'keloid': 27, 'non_keloid': 13}",0.525,0.5390717577,0.5085470085,0.4996708361,0.6552706553000001,"[[15, 12], [7, 6]]","['keloid', 'non_keloid']"
keloid_binary,leave_accession_out_E-MTAB-4945,modules_rank_plus_expanded,none,knn,315,40,"{'keloid': 176, 'non_keloid': 139}","{'keloid': 27, 'non_keloid': 13}",0.6000000000000001,0.6065934066,0.5641025641,0.5604395604,0.6552706553000001,"[[18, 9], [7, 6]]","['keloid', 'non_keloid']"
keloid_binary,leave_accession_out_E-MTAB-4945,modules_rank_plus_expanded,none,small_mlp,315,40,"{'keloid': 176, 'non_keloid': 139}","{'keloid': 27, 'non_keloid': 13}",0.5750000000000001,0.5703636364,0.5056980057,0.5054545455,0.6638176638000001,"[[19, 8], [9, 4]]","['keloid', 'non_keloid']"
keloid_binary,leave_accession_out_E-MTAB-4945,modules_rank_only,none,majority,315,40,"{'keloid': 176, 'non_keloid': 139}","{'keloid': 27, 'non_keloid': 13}",0.675,0.5440298507,0.5,0.4029850746,0.5,"[[27, 0], [13, 0]]","['keloid', 'non_keloid']"
keloid_binary,leave_accession_out_E-MTAB-4945,modules_rank_only,none,stratified_random,315,40,"{'keloid': 176, 'non_keloid': 139}","{'keloid': 27, 'non_keloid': 13}",0.65,0.6609375,0.6609686610000001,0.6354166667000001,0.6609686610000001,"[[17, 10], [4, 9]]","['keloid', 'non_keloid']"
keloid_binary,leave_accession_out_E-MTAB-4945,modules_rank_only,none,elastic_net_logreg,315,40,"{'keloid': 176, 'non_keloid': 139}","{'keloid': 27, 'non_keloid': 13}",0.6000000000000001,0.6122762148,0.6239316239,0.5907928389,0.6809116809,"[[15, 12], [4, 9]]","['keloid', 'non_keloid']"
keloid_binary,leave_accession_out_E-MTAB-4945,modules_rank_only,none,linear_svm,315,40,"{'keloid': 176, 'non_keloid': 139}","{'keloid': 27, 'non_keloid': 13}",0.65,0.660741688,0.6809116809,0.641943734,0.6837606838,"[[16, 11], [3, 10]]","['keloid', 'non_keloid']"
keloid_binary,leave_accession_out_E-MTAB-4945,modules_rank_only,none,random_forest,315,40,"{'keloid': 176, 'non_keloid': 139}","{'keloid': 27, 'non_keloid': 13}",0.55,0.5567669173,0.6068376068,0.5488721805,0.6894586895,"[[12, 15], [3, 10]]","['keloid', 'non_keloid']"
keloid_binary,leave_accession_out_E-MTAB-4945,modules_rank_only,none,hist_gradient_boosting,315,40,"{'keloid': 176, 'non_keloid': 139}","{'keloid': 27, 'non_keloid': 13}",0.5750000000000001,0.5875905201,0.5655270655,0.5523370639,0.6552706553000001,"[[16, 11], [6, 7]]","['keloid', 'non_keloid']"
keloid_binary,leave_accession_out_E-MTAB-4945,modules_rank_only,none,knn,315,40,"{'keloid': 176, 'non_keloid': 139}","{'keloid': 27, 'non_keloid': 13}",0.55,0.55,0.48717948720000004,0.48717948720000004,0.5868945869000001,"[[18, 9], [9, 4]]","['keloid', 'non_keloid']"
keloid_binary,leave_accession_out_E-MTAB-4945,modules_rank_only,none,small_mlp,315,40,"{'keloid': 176, 'non_keloid': 139}","{'keloid': 27, 'non_keloid': 13}",0.625,0.6368471954,0.6424501425,0.6131528046,0.6638176638000001,"[[16, 11], [4, 9]]","['keloid', 'non_keloid']"
keloid_binary,leave_accession_out_E-MTAB-4945,shared_genes_plus_modules,none,majority,315,40,"{'keloid': 176, 'non_keloid': 139}","{'keloid': 27, 'non_keloid': 13}",0.675,0.5440298507,0.5,0.4029850746,0.5,"[[27, 0], [13, 0]]","['keloid', 'non_keloid']"
keloid_binary,leave_accession_out_E-MTAB-4945,shared_genes_plus_modules,none,stratified_random,315,40,"{'keloid': 176, 'non_keloid': 139}","{'keloid': 27, 'non_keloid': 13}",0.65,0.6609375,0.6609686610000001,0.6354166667000001,0.6609686610000001,"[[17, 10], [4, 9]]","['keloid', 'non_keloid']"
keloid_binary,leave_accession_out_E-MTAB-4945,shared_genes_plus_modules,none,elastic_net_logreg,315,40,"{'keloid': 176, 'non_keloid': 139}","{'keloid': 27, 'non_keloid': 13}",0.55,0.5640625,0.547008547,0.53125,0.5698005698,"[[15, 12], [6, 7]]","['keloid', 'non_keloid']"
keloid_binary,leave_accession_out_E-MTAB-4945,shared_genes_plus_modules,none,linear_svm,315,40,"{'keloid': 176, 'non_keloid': 139}","{'keloid': 27, 'non_keloid': 13}",0.5750000000000001,0.5884268214,0.5854700855,0.5615731786,0.6239316239,"[[15, 12], [5, 8]]","['keloid', 'non_keloid']"
keloid_binary,leave_accession_out_E-MTAB-4945,shared_genes_plus_modules,none,random_forest,315,40,"{'keloid': 176, 'non_keloid': 139}","{'keloid': 27, 'non_keloid': 13}",0.525,0.5205440901,0.6082621083,0.5247029393,0.5726495726,"[[10, 17], [2, 11]]","['keloid', 'non_keloid']"
keloid_binary,leave_accession_out_E-MTAB-4945,shared_genes_plus_modules,none,hist_gradient_boosting,315,40,"{'keloid': 176, 'non_keloid': 139}","{'keloid': 27, 'non_keloid': 13}",0.55,0.5638107417,0.566951567,0.5396419437000001,0.6153846154,"[[14, 13], [5, 8]]","['keloid', 'non_keloid']"
keloid_binary,leave_accession_out_E-MTAB-4945,shared_genes_plus_modules,none,knn,315,40,"{'keloid': 176, 'non_keloid': 139}","{'keloid': 27, 'non_keloid': 13}",0.625,0.6209090909,0.5626780627,0.5636363636,0.6111111111,"[[20, 7], [8, 5]]","['keloid', 'non_keloid']"
keloid_binary,leave_accession_out_E-MTAB-4945,shared_genes_plus_modules,none,small_mlp,315,40,"{'keloid': 176, 'non_keloid': 139}","{'keloid': 27, 'non_keloid': 13}",0.5,0.515625,0.49002849,0.4791666667,0.5156695157,"[[14, 13], [7, 6]]","['keloid', 'non_keloid']"
keloid_binary,leave_accession_out_E-MTAB-4945,published_markers_only,none,majority,315,40,"{'keloid': 176, 'non_keloid': 139}","{'keloid': 27, 'non_keloid': 13}",0.675,0.5440298507,0.5,0.4029850746,0.5,"[[27, 0], [13, 0]]","['keloid', 'non_keloid']"
keloid_binary,leave_accession_out_E-MTAB-4945,published_markers_only,none,stratified_random,315,40,"{'keloid': 176, 'non_keloid': 139}","{'keloid': 27, 'non_keloid': 13}",0.65,0.6609375,0.6609686610000001,0.6354166667000001,0.6609686610000001,"[[17, 10], [4, 9]]","['keloid', 'non_keloid']"
keloid_binary,leave_accession_out_E-MTAB-4945,published_markers_only,none,elastic_net_logreg,315,40,"{'keloid': 176, 'non_keloid': 139}","{'keloid': 27, 'non_keloid': 13}",0.375,0.39474532560000003,0.3575498575,0.3552546744,0.3846153846,"[[11, 16], [9, 4]]","['keloid', 'non_keloid']"
keloid_binary,leave_accession_out_E-MTAB-4945,published_markers_only,none,linear_svm,315,40,"{'keloid': 176, 'non_keloid': 139}","{'keloid': 27, 'non_keloid': 13}",0.375,0.39474532560000003,0.3575498575,0.3552546744,0.3817663818,"[[11, 16], [9, 4]]","['keloid', 'non_keloid']"
keloid_binary,leave_accession_out_E-MTAB-4945,published_markers_only,none,random_forest,315,40,"{'keloid': 176, 'non_keloid': 139}","{'keloid': 27, 'non_keloid': 13}",0.55,0.5567669173,0.6068376068,0.5488721805,0.5641025641,"[[12, 15], [3, 10]]","['keloid', 'non_keloid']"
keloid_binary,leave_accession_out_E-MTAB-4945,published_markers_only,none,hist_gradient_boosting,315,40,"{'keloid': 176, 'non_keloid': 139}","{'keloid': 27, 'non_keloid': 13}",0.55,0.5638107417,0.566951567,0.5396419437000001,0.6552706553000001,"[[14, 13], [5, 8]]","['keloid', 'non_keloid']"
keloid_binary,leave_accession_out_E-MTAB-4945,published_markers_only,none,knn,315,40,"{'keloid': 176, 'non_keloid': 139}","{'keloid': 27, 'non_keloid': 13}",0.525,0.5400064475,0.5284900285,0.5099935525,0.5142450142,"[[14, 13], [6, 7]]","['keloid', 'non_keloid']"
keloid_binary,leave_accession_out_E-MTAB-4945,published_markers_only,none,small_mlp,315,40,"{'keloid': 176, 'non_keloid': 139}","{'keloid': 27, 'non_keloid': 13}",0.5750000000000001,0.5884268214,0.5854700855,0.5615731786,0.5954415954,"[[15, 12], [5, 8]]","['keloid', 'non_keloid']"
keloid_binary,leave_accession_out_E-MTAB-4945,expanded_profibrotic_only,none,majority,315,40,"{'keloid': 176, 'non_keloid': 139}","{'keloid': 27, 'non_keloid': 13}",0.675,0.5440298507,0.5,0.4029850746,0.5,"[[27, 0], [13, 0]]","['keloid', 'non_keloid']"
keloid_binary,leave_accession_out_E-MTAB-4945,expanded_profibrotic_only,none,stratified_random,315,40,"{'keloid': 176, 'non_keloid': 139}","{'keloid': 27, 'non_keloid': 13}",0.65,0.6609375,0.6609686610000001,0.6354166667000001,0.6609686610000001,"[[17, 10], [4, 9]]","['keloid', 'non_keloid']"
keloid_binary,leave_accession_out_E-MTAB-4945,expanded_profibrotic_only,none,elastic_net_logreg,315,40,"{'keloid': 176, 'non_keloid': 139}","{'keloid': 27, 'non_keloid': 13}",0.675,0.6842857143000001,0.7193732194,0.6698412698,0.7165242165,"[[16, 11], [2, 11]]","['keloid', 'non_keloid']"
keloid_binary,leave_accession_out_E-MTAB-4945,expanded_profibrotic_only,none,linear_svm,315,40,"{'keloid': 176, 'non_keloid': 139}","{'keloid': 27, 'non_keloid': 13}",0.675,0.6842857143000001,0.7193732194,0.6698412698,0.7165242165,"[[16, 11], [2, 11]]","['keloid', 'non_keloid']"
keloid_binary,leave_accession_out_E-MTAB-4945,expanded_profibrotic_only,none,random_forest,315,40,"{'keloid': 176, 'non_keloid': 139}","{'keloid': 27, 'non_keloid': 13}",0.425,0.4431656995,0.41452991450000004,0.4068343005,0.5284900285,"[[12, 15], [8, 5]]","['keloid', 'non_keloid']"
keloid_binary,leave_accession_out_E-MTAB-4945,expanded_profibrotic_only,none,hist_gradient_boosting,315,40,"{'keloid': 176, 'non_keloid': 139}","{'keloid': 27, 'non_keloid': 13}",0.47500000000000003,0.4915860735,0.4715099715,0.4584139265,0.5384615385,"[[13, 14], [7, 6]]","['keloid', 'non_keloid']"
keloid_binary,leave_accession_out_E-MTAB-4945,expanded_profibrotic_only,none,knn,315,40,"{'keloid': 176, 'non_keloid': 139}","{'keloid': 27, 'non_keloid': 13}",0.5,0.5133333333,0.4700854701,0.4666666667,0.462962963,"[[15, 12], [8, 5]]","['keloid', 'non_keloid']"
keloid_binary,leave_accession_out_E-MTAB-4945,expanded_profibrotic_only,none,small_mlp,315,40,"{'keloid': 176, 'non_keloid': 139}","{'keloid': 27, 'non_keloid': 13}",0.725,0.7331468071,0.7364672365,0.7103357472,0.7478632479,"[[19, 8], [3, 10]]","['keloid', 'non_keloid']"
keloid_binary,leave_accession_out_E-MTAB-4945,shared_genes,none,majority,315,40,"{'keloid': 176, 'non_keloid': 139}","{'keloid': 27, 'non_keloid': 13}",0.675,0.5440298507,0.5,0.4029850746,0.5,"[[27, 0], [13, 0]]","['keloid', 'non_keloid']"
keloid_binary,leave_accession_out_E-MTAB-4945,shared_genes,none,stratified_random,315,40,"{'keloid': 176, 'non_keloid': 139}","{'keloid': 27, 'non_keloid': 13}",0.65,0.6609375,0.6609686610000001,0.6354166667000001,0.6609686610000001,"[[17, 10], [4, 9]]","['keloid', 'non_keloid']"
keloid_binary,leave_accession_out_E-MTAB-4945,shared_genes,none,elastic_net_logreg,315,40,"{'keloid': 176, 'non_keloid': 139}","{'keloid': 27, 'non_keloid': 13}",0.55,0.5640625,0.547008547,0.53125,0.5840455840000001,"[[15, 12], [6, 7]]","['keloid', 'non_keloid']"
keloid_binary,leave_accession_out_E-MTAB-4945,shared_genes,none,linear_svm,315,40,"{'keloid': 176, 'non_keloid': 139}","{'keloid': 27, 'non_keloid': 13}",0.5750000000000001,0.5884268214,0.5854700855,0.5615731786,0.6467236467,"[[15, 12], [5, 8]]","['keloid', 'non_keloid']"
keloid_binary,leave_accession_out_E-MTAB-4945,shared_genes,none,random_forest,315,40,"{'keloid': 176, 'non_keloid': 139}","{'keloid': 27, 'non_keloid': 13}",0.6000000000000001,0.6060150376,0.6638176638000001,0.5989974937,0.5042735043000001,"[[13, 14], [2, 11]]","['keloid', 'non_keloid']"
keloid_binary,leave_accession_out_E-MTAB-4945,shared_genes,none,hist_gradient_boosting,315,40,"{'keloid': 176, 'non_keloid': 139}","{'keloid': 27, 'non_keloid': 13}",0.625,0.6368471954,0.6424501425,0.6131528046,0.6296296296,"[[16, 11], [4, 9]]","['keloid', 'non_keloid']"
keloid_binary,leave_accession_out_E-MTAB-4945,shared_genes,none,knn,315,40,"{'keloid': 176, 'non_keloid': 139}","{'keloid': 27, 'non_keloid': 13}",0.65,0.6416666667,0.5811965812000001,0.5833333333,0.6111111111,"[[21, 6], [8, 5]]","['keloid', 'non_keloid']"
keloid_binary,leave_accession_out_E-MTAB-4945,modules_only,none,majority,315,40,"{'keloid': 176, 'non_keloid': 139}","{'keloid': 27, 'non_keloid': 13}",0.675,0.5440298507,0.5,0.4029850746,0.5,"[[27, 0], [13, 0]]","['keloid', 'non_keloid']"
keloid_binary,leave_accession_out_E-MTAB-4945,modules_only,none,stratified_random,315,40,"{'keloid': 176, 'non_keloid': 139}","{'keloid': 27, 'non_keloid': 13}",0.65,0.6609375,0.6609686610000001,0.6354166667000001,0.6609686610000001,"[[17, 10], [4, 9]]","['keloid', 'non_keloid']"
keloid_binary,leave_accession_out_E-MTAB-4945,modules_only,none,elastic_net_logreg,315,40,"{'keloid': 176, 'non_keloid': 139}","{'keloid': 27, 'non_keloid': 13}",0.6000000000000001,0.6106666667,0.5840455840000001,0.5733333333,0.6666666667000001,"[[17, 10], [6, 7]]","['keloid', 'non_keloid']"
keloid_binary,leave_accession_out_E-MTAB-4945,modules_only,none,linear_svm,315,40,"{'keloid': 176, 'non_keloid': 139}","{'keloid': 27, 'non_keloid': 13}",0.625,0.63336714,0.6025641026,0.5943204868,0.6723646724,"[[18, 9], [6, 7]]","['keloid', 'non_keloid']"
keloid_binary,leave_accession_out_E-MTAB-4945,modules_only,none,random_forest,315,40,"{'keloid': 176, 'non_keloid': 139}","{'keloid': 27, 'non_keloid': 13}",0.6000000000000001,0.6125,0.603988604,0.5833333333,0.6752136752,"[[16, 11], [5, 8]]","['keloid', 'non_keloid']"
keloid_binary,leave_accession_out_E-MTAB-4945,modules_only,none,hist_gradient_boosting,315,40,"{'keloid': 176, 'non_keloid': 139}","{'keloid': 27, 'non_keloid': 13}",0.65,0.6609375,0.6609686610000001,0.6354166667000001,0.6581196581000001,"[[17, 10], [4, 9]]","['keloid', 'non_keloid']"
keloid_binary,leave_accession_out_E-MTAB-4945,modules_only,none,knn,315,40,"{'keloid': 176, 'non_keloid': 139}","{'keloid': 27, 'non_keloid': 13}",0.675,0.6822515213,0.6595441595,0.6484110886000001,0.6752136752,"[[19, 8], [5, 8]]","['keloid', 'non_keloid']"
keloid_binary,leave_accession_out_E-MTAB-4945,modules_only,none,small_mlp,315,40,"{'keloid': 176, 'non_keloid': 139}","{'keloid': 27, 'non_keloid': 13}",0.625,0.6284067086,0.5826210826,0.5807127883000001,0.6296296296,"[[19, 8], [7, 6]]","['keloid', 'non_keloid']"
keloid_binary,leave_accession_out_E-MTAB-4945,low_i2_core_only,none,majority,315,40,"{'keloid': 176, 'non_keloid': 139}","{'keloid': 27, 'non_keloid': 13}",0.675,0.5440298507,0.5,0.4029850746,0.5,"[[27, 0], [13, 0]]","['keloid', 'non_keloid']"
keloid_binary,leave_accession_out_E-MTAB-4945,low_i2_core_only,none,stratified_random,315,40,"{'keloid': 176, 'non_keloid': 139}","{'keloid': 27, 'non_keloid': 13}",0.65,0.6609375,0.6609686610000001,0.6354166667000001,0.6609686610000001,"[[17, 10], [4, 9]]","['keloid', 'non_keloid']"
keloid_binary,leave_accession_out_E-MTAB-4945,low_i2_core_only,none,elastic_net_logreg,315,40,"{'keloid': 176, 'non_keloid': 139}","{'keloid': 27, 'non_keloid': 13}",0.5,0.5153452685000001,0.50997151,0.48849104860000003,0.5213675214,"[[13, 14], [6, 7]]","['keloid', 'non_keloid']"
keloid_binary,leave_accession_out_E-MTAB-4945,low_i2_core_only,none,linear_svm,315,40,"{'keloid': 176, 'non_keloid': 139}","{'keloid': 27, 'non_keloid': 13}",0.525,0.5400064475,0.5284900285,0.5099935525,0.5128205128000001,"[[14, 13], [6, 7]]","['keloid', 'non_keloid']"
keloid_binary,leave_accession_out_E-MTAB-4945,low_i2_core_only,none,random_forest,315,40,"{'keloid': 176, 'non_keloid': 139}","{'keloid': 27, 'non_keloid': 13}",0.625,0.6361092824,0.6225071225000001,0.6050032916,0.6581196581000001,"[[17, 10], [5, 8]]","['keloid', 'non_keloid']"
keloid_binary,leave_accession_out_E-MTAB-4945,low_i2_core_only,none,hist_gradient_boosting,315,40,"{'keloid': 176, 'non_keloid': 139}","{'keloid': 27, 'non_keloid': 13}",0.625,0.6361092824,0.6225071225000001,0.6050032916,0.5783475783,"[[17, 10], [5, 8]]","['keloid', 'non_keloid']"
keloid_binary,leave_accession_out_E-MTAB-4945,low_i2_core_only,none,knn,315,40,"{'keloid': 176, 'non_keloid': 139}","{'keloid': 27, 'non_keloid': 13}",0.5750000000000001,0.5424132365000001,0.4658119658,0.4511702986,0.5071225071000001,"[[21, 6], [11, 2]]","['keloid', 'non_keloid']"
keloid_binary,leave_accession_out_E-MTAB-4945,low_i2_core_only,none,small_mlp,315,40,"{'keloid': 176, 'non_keloid': 139}","{'keloid': 27, 'non_keloid': 13}",0.65,0.6609375,0.6609686610000001,0.6354166667000001,0.6581196581000001,"[[17, 10], [4, 9]]","['keloid', 'non_keloid']"
keloid_binary,leave_accession_out_GSE145725,profibrotic_module_only,none,majority,340,19,"{'non_keloid': 211, 'keloid': 129}","{'non_keloid': 10, 'keloid': 9}",0.5263157895,0.3629764065,0.5,0.34482758620000004,0.5,"[[0, 9], [0, 10]]","['keloid', 'non_keloid']"
keloid_binary,leave_accession_out_GSE145725,profibrotic_module_only,none,stratified_random,340,19,"{'non_keloid': 211, 'keloid': 129}","{'non_keloid': 10, 'keloid': 9}",0.6842105263,0.6842105263,0.6833333333,0.6833333333,0.6833333333,"[[6, 3], [3, 7]]","['keloid', 'non_keloid']"
keloid_binary,leave_accession_out_GSE145725,profibrotic_module_only,none,elastic_net_logreg,340,19,"{'non_keloid': 211, 'keloid': 129}","{'non_keloid': 10, 'keloid': 9}",0.7894736842000001,0.7894736842000001,0.7888888889,0.7888888889,0.9111111111,"[[7, 2], [2, 8]]","['keloid', 'non_keloid']"
keloid_binary,leave_accession_out_GSE145725,profibrotic_module_only,none,linear_svm,340,19,"{'non_keloid': 211, 'keloid': 129}","{'non_keloid': 10, 'keloid': 9}",0.7894736842000001,0.7894736842000001,0.7888888889,0.7888888889,0.9111111111,"[[7, 2], [2, 8]]","['keloid', 'non_keloid']"
keloid_binary,leave_accession_out_GSE145725,profibrotic_module_only,none,random_forest,340,19,"{'non_keloid': 211, 'keloid': 129}","{'non_keloid': 10, 'keloid': 9}",0.8947368421,0.8929425837,0.8888888889000001,0.8920454545000001,0.9166666667000001,"[[7, 2], [0, 10]]","['keloid', 'non_keloid']"
keloid_binary,leave_accession_out_GSE145725,profibrotic_module_only,none,hist_gradient_boosting,340,19,"{'non_keloid': 211, 'keloid': 129}","{'non_keloid': 10, 'keloid': 9}",0.8421052632,0.8366132723,0.8333333333,0.8347826087,0.9277777778,"[[6, 3], [0, 10]]","['keloid', 'non_keloid']"
keloid_binary,leave_accession_out_GSE145725,profibrotic_module_only,none,knn,340,19,"{'non_keloid': 211, 'keloid': 129}","{'non_keloid': 10, 'keloid': 9}",0.7894736842000001,0.7858851675,0.7833333333,0.7840909091,0.8055555556,"[[6, 3], [1, 9]]","['keloid', 'non_keloid']"
keloid_binary,leave_accession_out_GSE145725,profibrotic_module_only,none,small_mlp,340,19,"{'non_keloid': 211, 'keloid': 129}","{'non_keloid': 10, 'keloid': 9}",0.7894736842000001,0.7894736842000001,0.7888888889,0.7888888889,0.9111111111,"[[7, 2], [2, 8]]","['keloid', 'non_keloid']"
keloid_binary,leave_accession_out_GSE145725,modules_rank_plus_expanded,none,majority,340,19,"{'non_keloid': 211, 'keloid': 129}","{'non_keloid': 10, 'keloid': 9}",0.5263157895,0.3629764065,0.5,0.34482758620000004,0.5,"[[0, 9], [0, 10]]","['keloid', 'non_keloid']"
keloid_binary,leave_accession_out_GSE145725,modules_rank_plus_expanded,none,stratified_random,340,19,"{'non_keloid': 211, 'keloid': 129}","{'non_keloid': 10, 'keloid': 9}",0.6842105263,0.6842105263,0.6833333333,0.6833333333,0.6833333333,"[[6, 3], [3, 7]]","['keloid', 'non_keloid']"
keloid_binary,leave_accession_out_GSE145725,modules_rank_plus_expanded,none,elastic_net_logreg,340,19,"{'non_keloid': 211, 'keloid': 129}","{'non_keloid': 10, 'keloid': 9}",0.6315789474,0.6315789474,0.6333333333,0.6315789474,0.6222222222,"[[6, 3], [4, 6]]","['keloid', 'non_keloid']"
keloid_binary,leave_accession_out_GSE145725,modules_rank_plus_expanded,none,linear_svm,340,19,"{'non_keloid': 211, 'keloid': 129}","{'non_keloid': 10, 'keloid': 9}",0.6315789474,0.6315789474,0.6333333333,0.6315789474,0.6000000000000001,"[[6, 3], [4, 6]]","['keloid', 'non_keloid']"
keloid_binary,leave_accession_out_GSE145725,modules_rank_plus_expanded,none,random_forest,340,19,"{'non_keloid': 211, 'keloid': 129}","{'non_keloid': 10, 'keloid': 9}",0.5789473684,0.5717703349000001,0.5722222222000001,0.5681818182,0.7111111111,"[[4, 5], [3, 7]]","['keloid', 'non_keloid']"
keloid_binary,leave_accession_out_GSE145725,modules_rank_plus_expanded,none,hist_gradient_boosting,340,19,"{'non_keloid': 211, 'keloid': 129}","{'non_keloid': 10, 'keloid': 9}",0.6842105263,0.6788277512,0.6777777778,0.6761363636000001,0.6777777778,"[[5, 4], [2, 8]]","['keloid', 'non_keloid']"
keloid_binary,leave_accession_out_GSE145725,modules_rank_plus_expanded,none,knn,340,19,"{'non_keloid': 211, 'keloid': 129}","{'non_keloid': 10, 'keloid': 9}",0.5263157895,0.5263157895,0.5277777778,0.5263157895,0.6111111111,"[[5, 4], [5, 5]]","['keloid', 'non_keloid']"
keloid_binary,leave_accession_out_GSE145725,modules_rank_plus_expanded,none,small_mlp,340,19,"{'non_keloid': 211, 'keloid': 129}","{'non_keloid': 10, 'keloid': 9}",0.6315789474,0.6253869969,0.6388888889000001,0.6274509804,0.8111111111,"[[7, 2], [5, 5]]","['keloid', 'non_keloid']"
keloid_binary,leave_accession_out_GSE145725,modules_rank_only,none,majority,340,19,"{'non_keloid': 211, 'keloid': 129}","{'non_keloid': 10, 'keloid': 9}",0.5263157895,0.3629764065,0.5,0.34482758620000004,0.5,"[[0, 9], [0, 10]]","['keloid', 'non_keloid']"
keloid_binary,leave_accession_out_GSE145725,modules_rank_only,none,stratified_random,340,19,"{'non_keloid': 211, 'keloid': 129}","{'non_keloid': 10, 'keloid': 9}",0.6842105263,0.6842105263,0.6833333333,0.6833333333,0.6833333333,"[[6, 3], [3, 7]]","['keloid', 'non_keloid']"
keloid_binary,leave_accession_out_GSE145725,modules_rank_only,none,elastic_net_logreg,340,19,"{'non_keloid': 211, 'keloid': 129}","{'non_keloid': 10, 'keloid': 9}",0.7368421053,0.7368421053,0.7388888889,0.7368421053,0.8555555556000001,"[[7, 2], [3, 7]]","['keloid', 'non_keloid']"
keloid_binary,leave_accession_out_GSE145725,modules_rank_only,none,linear_svm,340,19,"{'non_keloid': 211, 'keloid': 129}","{'non_keloid': 10, 'keloid': 9}",0.7368421053,0.7368421053,0.7388888889,0.7368421053,0.8555555556000001,"[[7, 2], [3, 7]]","['keloid', 'non_keloid']"
keloid_binary,leave_accession_out_GSE145725,modules_rank_only,none,random_forest,340,19,"{'non_keloid': 211, 'keloid': 129}","{'non_keloid': 10, 'keloid': 9}",0.6842105263,0.6654135338,0.6722222222,0.6607142857,0.7666666667,"[[4, 5], [1, 9]]","['keloid', 'non_keloid']"
keloid_binary,leave_accession_out_GSE145725,modules_rank_only,none,hist_gradient_boosting,340,19,"{'non_keloid': 211, 'keloid': 129}","{'non_keloid': 10, 'keloid': 9}",0.7368421053,0.7353678313,0.7333333333000001,0.7338935574000001,0.6888888889,"[[6, 3], [2, 8]]","['keloid', 'non_keloid']"
keloid_binary,leave_accession_out_GSE145725,modules_rank_only,none,knn,340,19,"{'non_keloid': 211, 'keloid': 129}","{'non_keloid': 10, 'keloid': 9}",0.6315789474,0.6315789474,0.6333333333,0.6315789474,0.6611111111,"[[6, 3], [4, 6]]","['keloid', 'non_keloid']"
keloid_binary,leave_accession_out_GSE145725,modules_rank_only,none,small_mlp,340,19,"{'non_keloid': 211, 'keloid': 129}","{'non_keloid': 10, 'keloid': 9}",0.8421052632,0.8412206988,0.8388888889,0.8403361345,0.8777777778,"[[7, 2], [1, 9]]","['keloid', 'non_keloid']"
keloid_binary,leave_accession_out_GSE145725,shared_genes_plus_modules,none,majority,340,19,"{'non_keloid': 211, 'keloid': 129}","{'non_keloid': 10, 'keloid': 9}",0.5263157895,0.3629764065,0.5,0.34482758620000004,0.5,"[[0, 9], [0, 10]]","['keloid', 'non_keloid']"
keloid_binary,leave_accession_out_GSE145725,shared_genes_plus_modules,none,stratified_random,340,19,"{'non_keloid': 211, 'keloid': 129}","{'non_keloid': 10, 'keloid': 9}",0.6842105263,0.6842105263,0.6833333333,0.6833333333,0.6833333333,"[[6, 3], [3, 7]]","['keloid', 'non_keloid']"
keloid_binary,leave_accession_out_GSE145725,shared_genes_plus_modules,none,elastic_net_logreg,340,19,"{'non_keloid': 211, 'keloid': 129}","{'non_keloid': 10, 'keloid': 9}",0.5263157895,0.5183547103,0.5333333333,0.5210084034,0.5,"[[6, 3], [6, 4]]","['keloid', 'non_keloid']"
keloid_binary,leave_accession_out_GSE145725,shared_genes_plus_modules,none,linear_svm,340,19,"{'non_keloid': 211, 'keloid': 129}","{'non_keloid': 10, 'keloid': 9}",0.6315789474,0.6102212052,0.6444444444,0.6144927536,0.5444444444000001,"[[8, 1], [6, 4]]","['keloid', 'non_keloid']"
keloid_binary,leave_accession_out_GSE145725,shared_genes_plus_modules,none,random_forest,340,19,"{'non_keloid': 211, 'keloid': 129}","{'non_keloid': 10, 'keloid': 9}",0.5263157895,0.3629764065,0.5,0.34482758620000004,0.4222222222,"[[0, 9], [0, 10]]","['keloid', 'non_keloid']"
keloid_binary,leave_accession_out_GSE145725,shared_genes_plus_modules,none,hist_gradient_boosting,340,19,"{'non_keloid': 211, 'keloid': 129}","{'non_keloid': 10, 'keloid': 9}",0.6315789474,0.5621123516000001,0.6111111111,0.5521885522000001,0.6222222222,"[[2, 7], [0, 10]]","['keloid', 'non_keloid']"
keloid_binary,leave_accession_out_GSE145725,shared_genes_plus_modules,none,knn,340,19,"{'non_keloid': 211, 'keloid': 129}","{'non_keloid': 10, 'keloid': 9}",0.47368421050000004,0.3383458647,0.45,0.32142857140000003,0.5,"[[0, 9], [1, 9]]","['keloid', 'non_keloid']"
keloid_binary,leave_accession_out_GSE145725,shared_genes_plus_modules,none,small_mlp,340,19,"{'non_keloid': 211, 'keloid': 129}","{'non_keloid': 10, 'keloid': 9}",0.47368421050000004,0.47368421050000004,0.47222222220000004,0.47222222220000004,0.4666666667,"[[4, 5], [5, 5]]","['keloid', 'non_keloid']"
keloid_binary,leave_accession_out_GSE145725,published_markers_only,none,majority,340,19,"{'non_keloid': 211, 'keloid': 129}","{'non_keloid': 10, 'keloid': 9}",0.5263157895,0.3629764065,0.5,0.34482758620000004,0.5,"[[0, 9], [0, 10]]","['keloid', 'non_keloid']"
keloid_binary,leave_accession_out_GSE145725,published_markers_only,none,stratified_random,340,19,"{'non_keloid': 211, 'keloid': 129}","{'non_keloid': 10, 'keloid': 9}",0.6842105263,0.6842105263,0.6833333333,0.6833333333,0.6833333333,"[[6, 3], [3, 7]]","['keloid', 'non_keloid']"
keloid_binary,leave_accession_out_GSE145725,published_markers_only,none,elastic_net_logreg,340,19,"{'non_keloid': 211, 'keloid': 129}","{'non_keloid': 10, 'keloid': 9}",0.2631578947,0.2590643275,0.2666666667,0.2611111111,0.2777777778,"[[3, 6], [8, 2]]","['keloid', 'non_keloid']"
keloid_binary,leave_accession_out_GSE145725,published_markers_only,none,linear_svm,340,19,"{'non_keloid': 211, 'keloid': 129}","{'non_keloid': 10, 'keloid': 9}",0.2631578947,0.2590643275,0.2666666667,0.2611111111,0.1777777778,"[[3, 6], [8, 2]]","['keloid', 'non_keloid']"
keloid_binary,leave_accession_out_GSE145725,published_markers_only,none,random_forest,340,19,"{'non_keloid': 211, 'keloid': 129}","{'non_keloid': 10, 'keloid': 9}",0.7368421053,0.7125506073,0.7222222222,0.7076923077,0.8,"[[4, 5], [0, 10]]","['keloid', 'non_keloid']"
keloid_binary,leave_accession_out_GSE145725,published_markers_only,none,hist_gradient_boosting,340,19,"{'non_keloid': 211, 'keloid': 129}","{'non_keloid': 10, 'keloid': 9}",0.6315789474,0.6187643021,0.6222222222,0.6144927536,0.7555555556,"[[4, 5], [2, 8]]","['keloid', 'non_keloid']"
keloid_binary,leave_accession_out_GSE145725,published_markers_only,none,knn,340,19,"{'non_keloid': 211, 'keloid': 129}","{'non_keloid': 10, 'keloid': 9}",0.5789473684,0.5717703349000001,0.5722222222000001,0.5681818182,0.6055555556000001,"[[4, 5], [3, 7]]","['keloid', 'non_keloid']"
keloid_binary,leave_accession_out_GSE145725,published_markers_only,none,small_mlp,340,19,"{'non_keloid': 211, 'keloid': 129}","{'non_keloid': 10, 'keloid': 9}",0.6315789474,0.6187643021,0.6222222222,0.6144927536,0.6222222222,"[[4, 5], [2, 8]]","['keloid', 'non_keloid']"
keloid_binary,leave_accession_out_GSE145725,expanded_profibrotic_only,none,majority,340,19,"{'non_keloid': 211, 'keloid': 129}","{'non_keloid': 10, 'keloid': 9}",0.5263157895,0.3629764065,0.5,0.34482758620000004,0.5,"[[0, 9], [0, 10]]","['keloid', 'non_keloid']"
keloid_binary,leave_accession_out_GSE145725,expanded_profibrotic_only,none,stratified_random,340,19,"{'non_keloid': 211, 'keloid': 129}","{'non_keloid': 10, 'keloid': 9}",0.6842105263,0.6842105263,0.6833333333,0.6833333333,0.6833333333,"[[6, 3], [3, 7]]","['keloid', 'non_keloid']"
keloid_binary,leave_accession_out_GSE145725,expanded_profibrotic_only,none,elastic_net_logreg,340,19,"{'non_keloid': 211, 'keloid': 129}","{'non_keloid': 10, 'keloid': 9}",0.5263157895,0.5183547103,0.5333333333,0.5210084034,0.7111111111,"[[6, 3], [6, 4]]","['keloid', 'non_keloid']"
keloid_binary,leave_accession_out_GSE145725,expanded_profibrotic_only,none,linear_svm,340,19,"{'non_keloid': 211, 'keloid': 129}","{'non_keloid': 10, 'keloid': 9}",0.5789473684,0.5766081871000001,0.5833333333,0.5777777778000001,0.7111111111,"[[6, 3], [5, 5]]","['keloid', 'non_keloid']"
keloid_binary,leave_accession_out_GSE145725,expanded_profibrotic_only,none,random_forest,340,19,"{'non_keloid': 211, 'keloid': 129}","{'non_keloid': 10, 'keloid': 9}",0.5263157895,0.5183547103,0.5333333333,0.5210084034,0.5333333333,"[[6, 3], [6, 4]]","['keloid', 'non_keloid']"
keloid_binary,leave_accession_out_GSE145725,expanded_profibrotic_only,none,hist_gradient_boosting,340,19,"{'non_keloid': 211, 'keloid': 129}","{'non_keloid': 10, 'keloid': 9}",0.5789473684,0.5766081871000001,0.5833333333,0.5777777778000001,0.5055555556,"[[6, 3], [5, 5]]","['keloid', 'non_keloid']"
keloid_binary,leave_accession_out_GSE145725,expanded_profibrotic_only,none,knn,340,19,"{'non_keloid': 211, 'keloid': 129}","{'non_keloid': 10, 'keloid': 9}",0.47368421050000004,0.47368421050000004,0.47222222220000004,0.47222222220000004,0.4611111111,"[[4, 5], [5, 5]]","['keloid', 'non_keloid']"
keloid_binary,leave_accession_out_GSE145725,expanded_profibrotic_only,none,small_mlp,340,19,"{'non_keloid': 211, 'keloid': 129}","{'non_keloid': 10, 'keloid': 9}",0.5789473684,0.5645933014,0.5888888889,0.5681818182,0.7111111111,"[[7, 2], [6, 4]]","['keloid', 'non_keloid']"
keloid_binary,leave_accession_out_GSE145725,shared_genes,none,majority,340,19,"{'non_keloid': 211, 'keloid': 129}","{'non_keloid': 10, 'keloid': 9}",0.5263157895,0.3629764065,0.5,0.34482758620000004,0.5,"[[0, 9], [0, 10]]","['keloid', 'non_keloid']"
keloid_binary,leave_accession_out_GSE145725,shared_genes,none,stratified_random,340,19,"{'non_keloid': 211, 'keloid': 129}","{'non_keloid': 10, 'keloid': 9}",0.6842105263,0.6842105263,0.6833333333,0.6833333333,0.6833333333,"[[6, 3], [3, 7]]","['keloid', 'non_keloid']"
keloid_binary,leave_accession_out_GSE145725,shared_genes,none,elastic_net_logreg,340,19,"{'non_keloid': 211, 'keloid': 129}","{'non_keloid': 10, 'keloid': 9}",0.47368421050000004,0.4707602339,0.4777777778,0.47222222220000004,0.5,"[[5, 4], [6, 4]]","['keloid', 'non_keloid']"
keloid_binary,leave_accession_out_GSE145725,shared_genes,none,linear_svm,340,19,"{'non_keloid': 211, 'keloid': 129}","{'non_keloid': 10, 'keloid': 9}",0.5789473684,0.5645933014,0.5888888889,0.5681818182,0.5222222222,"[[7, 2], [6, 4]]","['keloid', 'non_keloid']"
keloid_binary,leave_accession_out_GSE145725,shared_genes,none,random_forest,340,19,"{'non_keloid': 211, 'keloid': 129}","{'non_keloid': 10, 'keloid': 9}",0.5263157895,0.3629764065,0.5,0.34482758620000004,0.33333333330000003,"[[0, 9], [0, 10]]","['keloid', 'non_keloid']"
keloid_binary,leave_accession_out_GSE145725,shared_genes,none,hist_gradient_boosting,340,19,"{'non_keloid': 211, 'keloid': 129}","{'non_keloid': 10, 'keloid': 9}",0.6315789474,0.5621123516000001,0.6111111111,0.5521885522000001,0.6111111111,"[[2, 7], [0, 10]]","['keloid', 'non_keloid']"
keloid_binary,leave_accession_out_GSE145725,shared_genes,none,knn,340,19,"{'non_keloid': 211, 'keloid': 129}","{'non_keloid': 10, 'keloid': 9}",0.47368421050000004,0.3383458647,0.45,0.32142857140000003,0.5,"[[0, 9], [1, 9]]","['keloid', 'non_keloid']"
keloid_binary,leave_accession_out_GSE145725,modules_only,none,majority,340,19,"{'non_keloid': 211, 'keloid': 129}","{'non_keloid': 10, 'keloid': 9}",0.5263157895,0.3629764065,0.5,0.34482758620000004,0.5,"[[0, 9], [0, 10]]","['keloid', 'non_keloid']"
keloid_binary,leave_accession_out_GSE145725,modules_only,none,stratified_random,340,19,"{'non_keloid': 211, 'keloid': 129}","{'non_keloid': 10, 'keloid': 9}",0.6842105263,0.6842105263,0.6833333333,0.6833333333,0.6833333333,"[[6, 3], [3, 7]]","['keloid', 'non_keloid']"
keloid_binary,leave_accession_out_GSE145725,modules_only,none,elastic_net_logreg,340,19,"{'non_keloid': 211, 'keloid': 129}","{'non_keloid': 10, 'keloid': 9}",0.8947368421,0.8941520468,0.9,0.8944444444,0.8888888889000001,"[[9, 0], [2, 8]]","['keloid', 'non_keloid']"
keloid_binary,leave_accession_out_GSE145725,modules_only,none,linear_svm,340,19,"{'non_keloid': 211, 'keloid': 129}","{'non_keloid': 10, 'keloid': 9}",0.8421052632,0.8421052632,0.8444444444,0.8421052632,0.8888888889000001,"[[8, 1], [2, 8]]","['keloid', 'non_keloid']"
keloid_binary,leave_accession_out_GSE145725,modules_only,none,random_forest,340,19,"{'non_keloid': 211, 'keloid': 129}","{'non_keloid': 10, 'keloid': 9}",0.6315789474,0.5621123516000001,0.6111111111,0.5521885522000001,0.8,"[[2, 7], [0, 10]]","['keloid', 'non_keloid']"
keloid_binary,leave_accession_out_GSE145725,modules_only,none,hist_gradient_boosting,340,19,"{'non_keloid': 211, 'keloid': 129}","{'non_keloid': 10, 'keloid': 9}",0.6315789474,0.6187643021,0.6222222222,0.6144927536,0.7444444444,"[[4, 5], [2, 8]]","['keloid', 'non_keloid']"
keloid_binary,leave_accession_out_GSE145725,modules_only,none,knn,340,19,"{'non_keloid': 211, 'keloid': 129}","{'non_keloid': 10, 'keloid': 9}",0.6315789474,0.6295149639000001,0.6277777778,0.6274509804,0.6888888889,"[[5, 4], [3, 7]]","['keloid', 'non_keloid']"
keloid_binary,leave_accession_out_GSE145725,modules_only,none,small_mlp,340,19,"{'non_keloid': 211, 'keloid': 129}","{'non_keloid': 10, 'keloid': 9}",0.7368421053,0.7368421053,0.7388888889,0.7368421053,0.8666666667,"[[7, 2], [3, 7]]","['keloid', 'non_keloid']"
keloid_binary,leave_accession_out_GSE145725,low_i2_core_only,none,majority,340,19,"{'non_keloid': 211, 'keloid': 129}","{'non_keloid': 10, 'keloid': 9}",0.5263157895,0.3629764065,0.5,0.34482758620000004,0.5,"[[0, 9], [0, 10]]","['keloid', 'non_keloid']"
keloid_binary,leave_accession_out_GSE145725,low_i2_core_only,none,stratified_random,340,19,"{'non_keloid': 211, 'keloid': 129}","{'non_keloid': 10, 'keloid': 9}",0.6842105263,0.6842105263,0.6833333333,0.6833333333,0.6833333333,"[[6, 3], [3, 7]]","['keloid', 'non_keloid']"
keloid_binary,leave_accession_out_GSE145725,low_i2_core_only,none,elastic_net_logreg,340,19,"{'non_keloid': 211, 'keloid': 129}","{'non_keloid': 10, 'keloid': 9}",0.8421052632,0.8421052632,0.8444444444,0.8421052632,0.9222222222,"[[8, 1], [2, 8]]","['keloid', 'non_keloid']"
keloid_binary,leave_accession_out_GSE145725,low_i2_core_only,none,linear_svm,340,19,"{'non_keloid': 211, 'keloid': 129}","{'non_keloid': 10, 'keloid': 9}",0.8421052632,0.8421052632,0.8444444444,0.8421052632,0.9222222222,"[[8, 1], [2, 8]]","['keloid', 'non_keloid']"
keloid_binary,leave_accession_out_GSE145725,low_i2_core_only,none,random_forest,340,19,"{'non_keloid': 211, 'keloid': 129}","{'non_keloid': 10, 'keloid': 9}",0.7894736842000001,0.7858851675,0.7833333333,0.7840909091,0.9333333333,"[[6, 3], [1, 9]]","['keloid', 'non_keloid']"
keloid_binary,leave_accession_out_GSE145725,low_i2_core_only,none,hist_gradient_boosting,340,19,"{'non_keloid': 211, 'keloid': 129}","{'non_keloid': 10, 'keloid': 9}",0.8947368421,0.8947368421,0.8944444444,0.8944444444,0.8777777778,"[[8, 1], [1, 9]]","['keloid', 'non_keloid']"
keloid_binary,leave_accession_out_GSE145725,low_i2_core_only,none,knn,340,19,"{'non_keloid': 211, 'keloid': 129}","{'non_keloid': 10, 'keloid': 9}",0.7368421053,0.7353678313,0.7333333333000001,0.7338935574000001,0.8111111111,"[[6, 3], [2, 8]]","['keloid', 'non_keloid']"
keloid_binary,leave_accession_out_GSE145725,low_i2_core_only,none,small_mlp,340,19,"{'non_keloid': 211, 'keloid': 129}","{'non_keloid': 10, 'keloid': 9}",0.6315789474,0.5621123516000001,0.6111111111,0.5521885522000001,0.5666666667,"[[2, 7], [0, 10]]","['keloid', 'non_keloid']"
keloid_binary,leave_accession_out_GSE158395,profibrotic_module_only,none,majority,262,13,"{'non_keloid': 173, 'keloid': 89}","{'keloid': 7, 'non_keloid': 6}",0.4615384615,0.2914979757,0.5,0.3157894737,0.5,"[[0, 7], [0, 6]]","['keloid', 'non_keloid']"
keloid_binary,leave_accession_out_GSE158395,profibrotic_module_only,none,stratified_random,262,13,"{'non_keloid': 173, 'keloid': 89}","{'keloid': 7, 'non_keloid': 6}",0.4615384615,0.4615384615,0.46428571430000004,0.4615384615,0.46428571430000004,"[[3, 4], [3, 3]]","['keloid', 'non_keloid']"
keloid_binary,leave_accession_out_GSE158395,profibrotic_module_only,none,elastic_net_logreg,262,13,"{'non_keloid': 173, 'keloid': 89}","{'keloid': 7, 'non_keloid': 6}",0.8461538462,0.8443223443000001,0.8571428571,0.8452380952,0.8571428571,"[[5, 2], [0, 6]]","['keloid', 'non_keloid']"
keloid_binary,leave_accession_out_GSE158395,profibrotic_module_only,none,linear_svm,262,13,"{'non_keloid': 173, 'keloid': 89}","{'keloid': 7, 'non_keloid': 6}",0.8461538462,0.8443223443000001,0.8571428571,0.8452380952,0.8571428571,"[[5, 2], [0, 6]]","['keloid', 'non_keloid']"
keloid_binary,leave_accession_out_GSE158395,profibrotic_module_only,none,random_forest,262,13,"{'non_keloid': 173, 'keloid': 89}","{'keloid': 7, 'non_keloid': 6}",0.7692307692,0.7608391608,0.7857142857,0.7636363636,0.6904761905,"[[4, 3], [0, 6]]","['keloid', 'non_keloid']"
keloid_binary,leave_accession_out_GSE158395,profibrotic_module_only,none,hist_gradient_boosting,262,13,"{'non_keloid': 173, 'keloid': 89}","{'keloid': 7, 'non_keloid': 6}",0.7692307692,0.7608391608,0.7857142857,0.7636363636,0.7619047619,"[[4, 3], [0, 6]]","['keloid', 'non_keloid']"
keloid_binary,leave_accession_out_GSE158395,profibrotic_module_only,none,knn,262,13,"{'non_keloid': 173, 'keloid': 89}","{'keloid': 7, 'non_keloid': 6}",0.6923076923,0.6692307692,0.7142857143,0.675,0.7619047619,"[[3, 4], [0, 6]]","['keloid', 'non_keloid']"
keloid_binary,leave_accession_out_GSE158395,profibrotic_module_only,none,small_mlp,262,13,"{'non_keloid': 173, 'keloid': 89}","{'keloid': 7, 'non_keloid': 6}",0.9230769231,0.9230769231,0.9285714286000001,0.9230769231,0.8571428571,"[[6, 1], [0, 6]]","['keloid', 'non_keloid']"
keloid_binary,leave_accession_out_GSE158395,modules_rank_plus_expanded,none,majority,262,13,"{'non_keloid': 173, 'keloid': 89}","{'keloid': 7, 'non_keloid': 6}",0.4615384615,0.2914979757,0.5,0.3157894737,0.5,"[[0, 7], [0, 6]]","['keloid', 'non_keloid']"
keloid_binary,leave_accession_out_GSE158395,modules_rank_plus_expanded,none,stratified_random,262,13,"{'non_keloid': 173, 'keloid': 89}","{'keloid': 7, 'non_keloid': 6}",0.4615384615,0.4615384615,0.46428571430000004,0.4615384615,0.46428571430000004,"[[3, 4], [3, 3]]","['keloid', 'non_keloid']"
keloid_binary,leave_accession_out_GSE158395,modules_rank_plus_expanded,none,elastic_net_logreg,262,13,"{'non_keloid': 173, 'keloid': 89}","{'keloid': 7, 'non_keloid': 6}",0.6923076923,0.6923076923,0.6904761905,0.6904761905,0.7857142857,"[[5, 2], [2, 4]]","['keloid', 'non_keloid']"
keloid_binary,leave_accession_out_GSE158395,modules_rank_plus_expanded,none,linear_svm,262,13,"{'non_keloid': 173, 'keloid': 89}","{'keloid': 7, 'non_keloid': 6}",0.6923076923,0.6923076923,0.6904761905,0.6904761905,0.7619047619,"[[5, 2], [2, 4]]","['keloid', 'non_keloid']"
keloid_binary,leave_accession_out_GSE158395,modules_rank_plus_expanded,none,random_forest,262,13,"{'non_keloid': 173, 'keloid': 89}","{'keloid': 7, 'non_keloid': 6}",0.7692307692,0.7692307692,0.7738095238,0.7692307692,0.7619047619,"[[5, 2], [1, 5]]","['keloid', 'non_keloid']"
keloid_binary,leave_accession_out_GSE158395,modules_rank_plus_expanded,none,hist_gradient_boosting,262,13,"{'non_keloid': 173, 'keloid': 89}","{'keloid': 7, 'non_keloid': 6}",0.7692307692,0.7692307692,0.7738095238,0.7692307692,0.7619047619,"[[5, 2], [1, 5]]","['keloid', 'non_keloid']"
keloid_binary,leave_accession_out_GSE158395,modules_rank_plus_expanded,none,knn,262,13,"{'non_keloid': 173, 'keloid': 89}","{'keloid': 7, 'non_keloid': 6}",0.6923076923,0.6807692308000001,0.6785714286,0.675,0.7976190476,"[[6, 1], [3, 3]]","['keloid', 'non_keloid']"
keloid_binary,leave_accession_out_GSE158395,modules_rank_plus_expanded,none,small_mlp,262,13,"{'non_keloid': 173, 'keloid': 89}","{'keloid': 7, 'non_keloid': 6}",0.6153846154,0.5852187029,0.5952380952,0.5751633987,0.7142857143,"[[6, 1], [4, 2]]","['keloid', 'non_keloid']"
keloid_binary,leave_accession_out_GSE158395,modules_rank_only,none,majority,262,13,"{'non_keloid': 173, 'keloid': 89}","{'keloid': 7, 'non_keloid': 6}",0.4615384615,0.2914979757,0.5,0.3157894737,0.5,"[[0, 7], [0, 6]]","['keloid', 'non_keloid']"
keloid_binary,leave_accession_out_GSE158395,modules_rank_only,none,stratified_random,262,13,"{'non_keloid': 173, 'keloid': 89}","{'keloid': 7, 'non_keloid': 6}",0.4615384615,0.4615384615,0.46428571430000004,0.4615384615,0.46428571430000004,"[[3, 4], [3, 3]]","['keloid', 'non_keloid']"
keloid_binary,leave_accession_out_GSE158395,modules_rank_only,none,elastic_net_logreg,262,13,"{'non_keloid': 173, 'keloid': 89}","{'keloid': 7, 'non_keloid': 6}",0.6923076923,0.6923076923,0.6904761905,0.6904761905,0.7619047619,"[[5, 2], [2, 4]]","['keloid', 'non_keloid']"
keloid_binary,leave_accession_out_GSE158395,modules_rank_only,none,linear_svm,262,13,"{'non_keloid': 173, 'keloid': 89}","{'keloid': 7, 'non_keloid': 6}",0.6923076923,0.6923076923,0.6904761905,0.6904761905,0.7619047619,"[[5, 2], [2, 4]]","['keloid', 'non_keloid']"
keloid_binary,leave_accession_out_GSE158395,modules_rank_only,none,random_forest,262,13,"{'non_keloid': 173, 'keloid': 89}","{'keloid': 7, 'non_keloid': 6}",0.7692307692,0.7692307692,0.7738095238,0.7692307692,0.7619047619,"[[5, 2], [1, 5]]","['keloid', 'non_keloid']"
keloid_binary,leave_accession_out_GSE158395,modules_rank_only,none,hist_gradient_boosting,262,13,"{'non_keloid': 173, 'keloid': 89}","{'keloid': 7, 'non_keloid': 6}",0.7692307692,0.7692307692,0.7738095238,0.7692307692,0.6904761905,"[[5, 2], [1, 5]]","['keloid', 'non_keloid']"
keloid_binary,leave_accession_out_GSE158395,modules_rank_only,none,knn,262,13,"{'non_keloid': 173, 'keloid': 89}","{'keloid': 7, 'non_keloid': 6}",0.6923076923,0.6923076923,0.6904761905,0.6904761905,0.6547619048000001,"[[5, 2], [2, 4]]","['keloid', 'non_keloid']"
keloid_binary,leave_accession_out_GSE158395,modules_rank_only,none,small_mlp,262,13,"{'non_keloid': 173, 'keloid': 89}","{'keloid': 7, 'non_keloid': 6}",0.6923076923,0.6886446886,0.7023809524,0.6904761905,0.7857142857,"[[4, 3], [1, 5]]","['keloid', 'non_keloid']"
keloid_binary,leave_accession_out_GSE158395,shared_genes_plus_modules,none,majority,262,13,"{'non_keloid': 173, 'keloid': 89}","{'keloid': 7, 'non_keloid': 6}",0.4615384615,0.2914979757,0.5,0.3157894737,0.5,"[[0, 7], [0, 6]]","['keloid', 'non_keloid']"
keloid_binary,leave_accession_out_GSE158395,shared_genes_plus_modules,none,stratified_random,262,13,"{'non_keloid': 173, 'keloid': 89}","{'keloid': 7, 'non_keloid': 6}",0.4615384615,0.4615384615,0.46428571430000004,0.4615384615,0.46428571430000004,"[[3, 4], [3, 3]]","['keloid', 'non_keloid']"
keloid_binary,leave_accession_out_GSE158395,shared_genes_plus_modules,none,elastic_net_logreg,262,13,"{'non_keloid': 173, 'keloid': 89}","{'keloid': 7, 'non_keloid': 6}",0.4615384615,0.419306184,0.44047619050000003,0.40522875820000004,0.45238095240000004,"[[5, 2], [5, 1]]","['keloid', 'non_keloid']"
keloid_binary,leave_accession_out_GSE158395,shared_genes_plus_modules,none,linear_svm,262,13,"{'non_keloid': 173, 'keloid': 89}","{'keloid': 7, 'non_keloid': 6}",0.5384615385,0.5211538462,0.5238095238,0.5125000000000001,0.3095238095,"[[5, 2], [4, 2]]","['keloid', 'non_keloid']"
keloid_binary,leave_accession_out_GSE158395,shared_genes_plus_modules,none,random_forest,262,13,"{'non_keloid': 173, 'keloid': 89}","{'keloid': 7, 'non_keloid': 6}",0.5384615385,0.3769230769,0.5,0.35000000000000003,0.7619047619,"[[7, 0], [6, 0]]","['keloid', 'non_keloid']"
keloid_binary,leave_accession_out_GSE158395,shared_genes_plus_modules,none,hist_gradient_boosting,262,13,"{'non_keloid': 173, 'keloid': 89}","{'keloid': 7, 'non_keloid': 6}",0.7692307692,0.7608391608,0.7857142857,0.7636363636,0.7857142857,"[[4, 3], [0, 6]]","['keloid', 'non_keloid']"
keloid_binary,leave_accession_out_GSE158395,shared_genes_plus_modules,none,knn,262,13,"{'non_keloid': 173, 'keloid': 89}","{'keloid': 7, 'non_keloid': 6}",0.2307692308,0.2019230769,0.2142857143,0.1875,0.1071428571,"[[3, 4], [6, 0]]","['keloid', 'non_keloid']"
keloid_binary,leave_accession_out_GSE158395,shared_genes_plus_modules,none,small_mlp,262,13,"{'non_keloid': 173, 'keloid': 89}","{'keloid': 7, 'non_keloid': 6}",0.7692307692,0.7608391608,0.7857142857,0.7636363636,0.8571428571,"[[4, 3], [0, 6]]","['keloid', 'non_keloid']"
keloid_binary,leave_accession_out_GSE158395,published_markers_only,none,majority,262,13,"{'non_keloid': 173, 'keloid': 89}","{'keloid': 7, 'non_keloid': 6}",0.4615384615,0.2914979757,0.5,0.3157894737,0.5,"[[0, 7], [0, 6]]","['keloid', 'non_keloid']"
keloid_binary,leave_accession_out_GSE158395,published_markers_only,none,stratified_random,262,13,"{'non_keloid': 173, 'keloid': 89}","{'keloid': 7, 'non_keloid': 6}",0.4615384615,0.4615384615,0.46428571430000004,0.4615384615,0.46428571430000004,"[[3, 4], [3, 3]]","['keloid', 'non_keloid']"
keloid_binary,leave_accession_out_GSE158395,published_markers_only,none,elastic_net_logreg,262,13,"{'non_keloid': 173, 'keloid': 89}","{'keloid': 7, 'non_keloid': 6}",0.7692307692,0.7664335664,0.7619047619,0.7636363636,0.8333333333,"[[6, 1], [2, 4]]","['keloid', 'non_keloid']"
keloid_binary,leave_accession_out_GSE158395,published_markers_only,none,linear_svm,262,13,"{'non_keloid': 173, 'keloid': 89}","{'keloid': 7, 'non_keloid': 6}",0.7692307692,0.7664335664,0.7619047619,0.7636363636,0.7619047619,"[[6, 1], [2, 4]]","['keloid', 'non_keloid']"
keloid_binary,leave_accession_out_GSE158395,published_markers_only,none,random_forest,262,13,"{'non_keloid': 173, 'keloid': 89}","{'keloid': 7, 'non_keloid': 6}",0.7692307692,0.7608391608,0.7857142857,0.7636363636,0.8809523810000001,"[[4, 3], [0, 6]]","['keloid', 'non_keloid']"
keloid_binary,leave_accession_out_GSE158395,published_markers_only,none,hist_gradient_boosting,262,13,"{'non_keloid': 173, 'keloid': 89}","{'keloid': 7, 'non_keloid': 6}",0.7692307692,0.7664335664,0.7619047619,0.7636363636,0.9047619048000001,"[[6, 1], [2, 4]]","['keloid', 'non_keloid']"
keloid_binary,leave_accession_out_GSE158395,published_markers_only,none,knn,262,13,"{'non_keloid': 173, 'keloid': 89}","{'keloid': 7, 'non_keloid': 6}",0.6923076923,0.6923076923,0.6904761905,0.6904761905,0.8571428571,"[[5, 2], [2, 4]]","['keloid', 'non_keloid']"
keloid_binary,leave_accession_out_GSE158395,published_markers_only,none,small_mlp,262,13,"{'non_keloid': 173, 'keloid': 89}","{'keloid': 7, 'non_keloid': 6}",0.6153846154,0.6013986014,0.6309523810000001,0.6060606061,0.6904761905,"[[3, 4], [1, 5]]","['keloid', 'non_keloid']"
keloid_binary,leave_accession_out_GSE158395,expanded_profibrotic_only,none,majority,262,13,"{'non_keloid': 173, 'keloid': 89}","{'keloid': 7, 'non_keloid': 6}",0.4615384615,0.2914979757,0.5,0.3157894737,0.5,"[[0, 7], [0, 6]]","['keloid', 'non_keloid']"
keloid_binary,leave_accession_out_GSE158395,expanded_profibrotic_only,none,stratified_random,262,13,"{'non_keloid': 173, 'keloid': 89}","{'keloid': 7, 'non_keloid': 6}",0.4615384615,0.4615384615,0.46428571430000004,0.4615384615,0.46428571430000004,"[[3, 4], [3, 3]]","['keloid', 'non_keloid']"
keloid_binary,leave_accession_out_GSE158395,expanded_profibrotic_only,none,elastic_net_logreg,262,13,"{'non_keloid': 173, 'keloid': 89}","{'keloid': 7, 'non_keloid': 6}",0.7692307692,0.7664335664,0.7619047619,0.7636363636,0.8214285714,"[[6, 1], [2, 4]]","['keloid', 'non_keloid']"
keloid_binary,leave_accession_out_GSE158395,expanded_profibrotic_only,none,linear_svm,262,13,"{'non_keloid': 173, 'keloid': 89}","{'keloid': 7, 'non_keloid': 6}",0.8461538462,0.8461538462,0.8452380952,0.8452380952,0.8214285714,"[[6, 1], [1, 5]]","['keloid', 'non_keloid']"
keloid_binary,leave_accession_out_GSE158395,expanded_profibrotic_only,none,random_forest,262,13,"{'non_keloid': 173, 'keloid': 89}","{'keloid': 7, 'non_keloid': 6}",0.6923076923,0.6886446886,0.7023809524,0.6904761905,0.75,"[[4, 3], [1, 5]]","['keloid', 'non_keloid']"
keloid_binary,leave_accession_out_GSE158395,expanded_profibrotic_only,none,hist_gradient_boosting,262,13,"{'non_keloid': 173, 'keloid': 89}","{'keloid': 7, 'non_keloid': 6}",0.6923076923,0.6886446886,0.7023809524,0.6904761905,0.7738095238,"[[4, 3], [1, 5]]","['keloid', 'non_keloid']"
keloid_binary,leave_accession_out_GSE158395,expanded_profibrotic_only,none,knn,262,13,"{'non_keloid': 173, 'keloid': 89}","{'keloid': 7, 'non_keloid': 6}",0.6923076923,0.6923076923,0.6904761905,0.6904761905,0.7142857143,"[[5, 2], [2, 4]]","['keloid', 'non_keloid']"
keloid_binary,leave_accession_out_GSE158395,expanded_profibrotic_only,none,small_mlp,262,13,"{'non_keloid': 173, 'keloid': 89}","{'keloid': 7, 'non_keloid': 6}",0.6153846154,0.5852187029,0.5952380952,0.5751633987,0.8452380952,"[[6, 1], [4, 2]]","['keloid', 'non_keloid']"
keloid_binary,leave_accession_out_GSE158395,shared_genes,none,majority,262,13,"{'non_keloid': 173, 'keloid': 89}","{'keloid': 7, 'non_keloid': 6}",0.4615384615,0.2914979757,0.5,0.3157894737,0.5,"[[0, 7], [0, 6]]","['keloid', 'non_keloid']"
keloid_binary,leave_accession_out_GSE158395,shared_genes,none,stratified_random,262,13,"{'non_keloid': 173, 'keloid': 89}","{'keloid': 7, 'non_keloid': 6}",0.4615384615,0.4615384615,0.46428571430000004,0.4615384615,0.46428571430000004,"[[3, 4], [3, 3]]","['keloid', 'non_keloid']"
keloid_binary,leave_accession_out_GSE158395,shared_genes,none,elastic_net_logreg,262,13,"{'non_keloid': 173, 'keloid': 89}","{'keloid': 7, 'non_keloid': 6}",0.5384615385,0.4743589744,0.5119047619,0.45833333330000003,0.45238095240000004,"[[6, 1], [5, 1]]","['keloid', 'non_keloid']"
keloid_binary,leave_accession_out_GSE158395,shared_genes,none,linear_svm,262,13,"{'non_keloid': 173, 'keloid': 89}","{'keloid': 7, 'non_keloid': 6}",0.5384615385,0.5211538462,0.5238095238,0.5125000000000001,0.33333333330000003,"[[5, 2], [4, 2]]","['keloid', 'non_keloid']"
keloid_binary,leave_accession_out_GSE158395,shared_genes,none,random_forest,262,13,"{'non_keloid': 173, 'keloid': 89}","{'keloid': 7, 'non_keloid': 6}",0.5384615385,0.3769230769,0.5,0.35000000000000003,0.6904761905,"[[7, 0], [6, 0]]","['keloid', 'non_keloid']"
keloid_binary,leave_accession_out_GSE158395,shared_genes,none,hist_gradient_boosting,262,13,"{'non_keloid': 173, 'keloid': 89}","{'keloid': 7, 'non_keloid': 6}",0.7692307692,0.7608391608,0.7857142857,0.7636363636,0.9047619048000001,"[[4, 3], [0, 6]]","['keloid', 'non_keloid']"
keloid_binary,leave_accession_out_GSE158395,shared_genes,none,knn,262,13,"{'non_keloid': 173, 'keloid': 89}","{'keloid': 7, 'non_keloid': 6}",0.3076923077,0.2533936652,0.2857142857,0.23529411760000002,0.11904761900000001,"[[4, 3], [6, 0]]","['keloid', 'non_keloid']"
keloid_binary,leave_accession_out_GSE158395,modules_only,none,majority,262,13,"{'non_keloid': 173, 'keloid': 89}","{'keloid': 7, 'non_keloid': 6}",0.4615384615,0.2914979757,0.5,0.3157894737,0.5,"[[0, 7], [0, 6]]","['keloid', 'non_keloid']"
keloid_binary,leave_accession_out_GSE158395,modules_only,none,stratified_random,262,13,"{'non_keloid': 173, 'keloid': 89}","{'keloid': 7, 'non_keloid': 6}",0.4615384615,0.4615384615,0.46428571430000004,0.4615384615,0.46428571430000004,"[[3, 4], [3, 3]]","['keloid', 'non_keloid']"
keloid_binary,leave_accession_out_GSE158395,modules_only,none,elastic_net_logreg,262,13,"{'non_keloid': 173, 'keloid': 89}","{'keloid': 7, 'non_keloid': 6}",0.8461538462,0.8443223443000001,0.8571428571,0.8452380952,0.7857142857,"[[5, 2], [0, 6]]","['keloid', 'non_keloid']"
keloid_binary,leave_accession_out_GSE158395,modules_only,none,linear_svm,262,13,"{'non_keloid': 173, 'keloid': 89}","{'keloid': 7, 'non_keloid': 6}",0.8461538462,0.8443223443000001,0.8571428571,0.8452380952,0.7857142857,"[[5, 2], [0, 6]]","['keloid', 'non_keloid']"
keloid_binary,leave_accession_out_GSE158395,modules_only,none,random_forest,262,13,"{'non_keloid': 173, 'keloid': 89}","{'keloid': 7, 'non_keloid': 6}",0.7692307692,0.7608391608,0.7857142857,0.7636363636,0.6666666667000001,"[[4, 3], [0, 6]]","['keloid', 'non_keloid']"
keloid_binary,leave_accession_out_GSE158395,modules_only,none,hist_gradient_boosting,262,13,"{'non_keloid': 173, 'keloid': 89}","{'keloid': 7, 'non_keloid': 6}",0.7692307692,0.7608391608,0.7857142857,0.7636363636,0.6904761905,"[[4, 3], [0, 6]]","['keloid', 'non_keloid']"
keloid_binary,leave_accession_out_GSE158395,modules_only,none,knn,262,13,"{'non_keloid': 173, 'keloid': 89}","{'keloid': 7, 'non_keloid': 6}",0.7692307692,0.7692307692,0.7738095238,0.7692307692,0.8809523810000001,"[[5, 2], [1, 5]]","['keloid', 'non_keloid']"
keloid_binary,leave_accession_out_GSE158395,modules_only,none,small_mlp,262,13,"{'non_keloid': 173, 'keloid': 89}","{'keloid': 7, 'non_keloid': 6}",0.7692307692,0.7608391608,0.7857142857,0.7636363636,0.8809523810000001,"[[4, 3], [0, 6]]","['keloid', 'non_keloid']"
keloid_binary,leave_accession_out_GSE158395,low_i2_core_only,none,majority,262,13,"{'non_keloid': 173, 'keloid': 89}","{'keloid': 7, 'non_keloid': 6}",0.4615384615,0.2914979757,0.5,0.3157894737,0.5,"[[0, 7], [0, 6]]","['keloid', 'non_keloid']"
keloid_binary,leave_accession_out_GSE158395,low_i2_core_only,none,stratified_random,262,13,"{'non_keloid': 173, 'keloid': 89}","{'keloid': 7, 'non_keloid': 6}",0.4615384615,0.4615384615,0.46428571430000004,0.4615384615,0.46428571430000004,"[[3, 4], [3, 3]]","['keloid', 'non_keloid']"
keloid_binary,leave_accession_out_GSE158395,low_i2_core_only,none,elastic_net_logreg,262,13,"{'non_keloid': 173, 'keloid': 89}","{'keloid': 7, 'non_keloid': 6}",0.5384615385,0.3769230769,0.5,0.35000000000000003,0.5,"[[7, 0], [6, 0]]","['keloid', 'non_keloid']"
keloid_binary,leave_accession_out_GSE158395,low_i2_core_only,none,linear_svm,262,13,"{'non_keloid': 173, 'keloid': 89}","{'keloid': 7, 'non_keloid': 6}",0.5384615385,0.3769230769,0.5,0.35000000000000003,0.5,"[[7, 0], [6, 0]]","['keloid', 'non_keloid']"
keloid_binary,leave_accession_out_GSE158395,low_i2_core_only,none,random_forest,262,13,"{'non_keloid': 173, 'keloid': 89}","{'keloid': 7, 'non_keloid': 6}",0.5384615385,0.3769230769,0.5,0.35000000000000003,0.5,"[[7, 0], [6, 0]]","['keloid', 'non_keloid']"
keloid_binary,leave_accession_out_GSE158395,low_i2_core_only,none,hist_gradient_boosting,262,13,"{'non_keloid': 173, 'keloid': 89}","{'keloid': 7, 'non_keloid': 6}",0.4615384615,0.2914979757,0.5,0.3157894737,0.5,"[[0, 7], [0, 6]]","['keloid', 'non_keloid']"
keloid_binary,leave_accession_out_GSE158395,low_i2_core_only,none,knn,262,13,"{'non_keloid': 173, 'keloid': 89}","{'keloid': 7, 'non_keloid': 6}",0.5384615385,0.3769230769,0.5,0.35000000000000003,0.5,"[[7, 0], [6, 0]]","['keloid', 'non_keloid']"
keloid_binary,leave_accession_out_GSE158395,low_i2_core_only,none,small_mlp,262,13,"{'non_keloid': 173, 'keloid': 89}","{'keloid': 7, 'non_keloid': 6}",0.4615384615,0.2914979757,0.5,0.3157894737,0.5,"[[0, 7], [0, 6]]","['keloid', 'non_keloid']"
keloid_binary,leave_accession_out_GSE163973,profibrotic_module_only,none,majority,166,220,"{'keloid': 96, 'non_keloid': 70}","{'keloid': 110, 'non_keloid': 110}",0.5,0.33333333330000003,0.5,0.33333333330000003,0.5,"[[110, 0], [110, 0]]","['keloid', 'non_keloid']"
keloid_binary,leave_accession_out_GSE163973,profibrotic_module_only,none,stratified_random,166,220,"{'keloid': 96, 'non_keloid': 70}","{'keloid': 110, 'non_keloid': 110}",0.4954545455,0.48987904990000003,0.4954545455,0.48987904990000003,0.4954545455,"[[66, 44], [67, 43]]","['keloid', 'non_keloid']"
keloid_binary,leave_accession_out_GSE163973,profibrotic_module_only,none,elastic_net_logreg,166,220,"{'keloid': 96, 'non_keloid': 70}","{'keloid': 110, 'non_keloid': 110}",0.6363636364,0.6363636364,0.6363636364,0.6363636364,0.7257024793,"[[70, 40], [40, 70]]","['keloid', 'non_keloid']"
keloid_binary,leave_accession_out_GSE163973,profibrotic_module_only,none,linear_svm,166,220,"{'keloid': 96, 'non_keloid': 70}","{'keloid': 110, 'non_keloid': 110}",0.6409090909,0.6408423054,0.6409090909,0.6408423054,0.7257024793,"[[72, 38], [41, 69]]","['keloid', 'non_keloid']"
keloid_binary,leave_accession_out_GSE163973,profibrotic_module_only,none,random_forest,166,220,"{'keloid': 96, 'non_keloid': 70}","{'keloid': 110, 'non_keloid': 110}",0.6409090909,0.6403071256,0.6409090909,0.6403071256,0.7099586777,"[[75, 35], [44, 66]]","['keloid', 'non_keloid']"
keloid_binary,leave_accession_out_GSE163973,profibrotic_module_only,none,hist_gradient_boosting,166,220,"{'keloid': 96, 'non_keloid': 70}","{'keloid': 110, 'non_keloid': 110}",0.6818181818,0.6805244378,0.6818181818,0.6805244378,0.7409090909,"[[82, 28], [42, 68]]","['keloid', 'non_keloid']"
keloid_binary,leave_accession_out_GSE163973,profibrotic_module_only,none,knn,166,220,"{'keloid': 96, 'non_keloid': 70}","{'keloid': 110, 'non_keloid': 110}",0.6636363636,0.6602387511000001,0.6636363636,0.6602387511000001,0.6919008264000001,"[[84, 26], [48, 62]]","['keloid', 'non_keloid']"
keloid_binary,leave_accession_out_GSE163973,profibrotic_module_only,none,small_mlp,166,220,"{'keloid': 96, 'non_keloid': 70}","{'keloid': 110, 'non_keloid': 110}",0.6000000000000001,0.5848700575,0.6000000000000001,0.5848700575,0.6884297521,"[[87, 23], [65, 45]]","['keloid', 'non_keloid']"
keloid_binary,leave_accession_out_GSE163973,modules_rank_plus_expanded,none,majority,166,220,"{'keloid': 96, 'non_keloid': 70}","{'keloid': 110, 'non_keloid': 110}",0.5,0.33333333330000003,0.5,0.33333333330000003,0.5,"[[110, 0], [110, 0]]","['keloid', 'non_keloid']"
keloid_binary,leave_accession_out_GSE163973,modules_rank_plus_expanded,none,stratified_random,166,220,"{'keloid': 96, 'non_keloid': 70}","{'keloid': 110, 'non_keloid': 110}",0.4954545455,0.48987904990000003,0.4954545455,0.48987904990000003,0.4954545455,"[[66, 44], [67, 43]]","['keloid', 'non_keloid']"
keloid_binary,leave_accession_out_GSE163973,modules_rank_plus_expanded,none,elastic_net_logreg,166,220,"{'keloid': 96, 'non_keloid': 70}","{'keloid': 110, 'non_keloid': 110}",0.65,0.6499349053,0.65,0.6499349053,0.7279338843000001,"[[73, 37], [40, 70]]","['keloid', 'non_keloid']"
keloid_binary,leave_accession_out_GSE163973,modules_rank_plus_expanded,none,linear_svm,166,220,"{'keloid': 96, 'non_keloid': 70}","{'keloid': 110, 'non_keloid': 110}",0.6545454545,0.6545169022,0.6545454545,0.6545169022,0.7261157025,"[[73, 37], [39, 71]]","['keloid', 'non_keloid']"
keloid_binary,leave_accession_out_GSE163973,modules_rank_plus_expanded,none,random_forest,166,220,"{'keloid': 96, 'non_keloid': 70}","{'keloid': 110, 'non_keloid': 110}",0.5727272727,0.5634920635,0.5727272727,0.5634920635,0.6734710744,"[[79, 31], [63, 47]]","['keloid', 'non_keloid']"
keloid_binary,leave_accession_out_GSE163973,modules_rank_plus_expanded,none,hist_gradient_boosting,166,220,"{'keloid': 96, 'non_keloid': 70}","{'keloid': 110, 'non_keloid': 110}",0.5772727273,0.5733856002000001,0.5772727273,0.5733856002000001,0.6182231405,"[[74, 36], [57, 53]]","['keloid', 'non_keloid']"
keloid_binary,leave_accession_out_GSE163973,modules_rank_plus_expanded,none,knn,166,220,"{'keloid': 96, 'non_keloid': 70}","{'keloid': 110, 'non_keloid': 110}",0.6363636364,0.6294736842,0.6363636364,0.6294736842,0.6789256198,"[[85, 25], [55, 55]]","['keloid', 'non_keloid']"
keloid_binary,leave_accession_out_GSE163973,modules_rank_plus_expanded,none,small_mlp,166,220,"{'keloid': 96, 'non_keloid': 70}","{'keloid': 110, 'non_keloid': 110}",0.6818181818,0.6697830003,0.6818181818,0.6697830003,0.7459504132,"[[96, 14], [56, 54]]","['keloid', 'non_keloid']"
keloid_binary,leave_accession_out_GSE163973,modules_rank_only,none,majority,166,220,"{'keloid': 96, 'non_keloid': 70}","{'keloid': 110, 'non_keloid': 110}",0.5,0.33333333330000003,0.5,0.33333333330000003,0.5,"[[110, 0], [110, 0]]","['keloid', 'non_keloid']"
keloid_binary,leave_accession_out_GSE163973,modules_rank_only,none,stratified_random,166,220,"{'keloid': 96, 'non_keloid': 70}","{'keloid': 110, 'non_keloid': 110}",0.4954545455,0.48987904990000003,0.4954545455,0.48987904990000003,0.4954545455,"[[66, 44], [67, 43]]","['keloid', 'non_keloid']"
keloid_binary,leave_accession_out_GSE163973,modules_rank_only,none,elastic_net_logreg,166,220,"{'keloid': 96, 'non_keloid': 70}","{'keloid': 110, 'non_keloid': 110}",0.6590909091,0.658519423,0.6590909091,0.658519423,0.7243801653,"[[77, 33], [42, 68]]","['keloid', 'non_keloid']"
keloid_binary,leave_accession_out_GSE163973,modules_rank_only,none,linear_svm,166,220,"{'keloid': 96, 'non_keloid': 70}","{'keloid': 110, 'non_keloid': 110}",0.6454545455,0.6451906377000001,0.6454545455,0.6451906377000001,0.7180165289,"[[74, 36], [42, 68]]","['keloid', 'non_keloid']"
keloid_binary,leave_accession_out_GSE163973,modules_rank_only,none,random_forest,166,220,"{'keloid': 96, 'non_keloid': 70}","{'keloid': 110, 'non_keloid': 110}",0.6545454545,0.648,0.6545454545,0.648,0.6990909091,"[[87, 23], [53, 57]]","['keloid', 'non_keloid']"
keloid_binary,leave_accession_out_GSE163973,modules_rank_only,none,hist_gradient_boosting,166,220,"{'keloid': 96, 'non_keloid': 70}","{'keloid': 110, 'non_keloid': 110}",0.6409090909,0.6396508470000001,0.6409090909,0.6396508470000001,0.6867355372,"[[77, 33], [46, 64]]","['keloid', 'non_keloid']"
keloid_binary,leave_accession_out_GSE163973,modules_rank_only,none,knn,166,220,"{'keloid': 96, 'non_keloid': 70}","{'keloid': 110, 'non_keloid': 110}",0.6863636364,0.6808175109,0.6863636364,0.6808175109,0.7043801653,"[[90, 20], [49, 61]]","['keloid', 'non_keloid']"
keloid_binary,leave_accession_out_GSE163973,modules_rank_only,none,small_mlp,166,220,"{'keloid': 96, 'non_keloid': 70}","{'keloid': 110, 'non_keloid': 110}",0.4590909091,0.4283717985,0.4590909091,0.4283717985,0.6139669421,"[[76, 34], [85, 25]]","['keloid', 'non_keloid']"
keloid_binary,leave_accession_out_GSE163973,shared_genes_plus_modules,none,majority,166,220,"{'keloid': 96, 'non_keloid': 70}","{'keloid': 110, 'non_keloid': 110}",0.5,0.33333333330000003,0.5,0.33333333330000003,0.5,"[[110, 0], [110, 0]]","['keloid', 'non_keloid']"
keloid_binary,leave_accession_out_GSE163973,shared_genes_plus_modules,none,stratified_random,166,220,"{'keloid': 96, 'non_keloid': 70}","{'keloid': 110, 'non_keloid': 110}",0.4954545455,0.48987904990000003,0.4954545455,0.48987904990000003,0.4954545455,"[[66, 44], [67, 43]]","['keloid', 'non_keloid']"
keloid_binary,leave_accession_out_GSE163973,shared_genes_plus_modules,none,elastic_net_logreg,166,220,"{'keloid': 96, 'non_keloid': 70}","{'keloid': 110, 'non_keloid': 110}",0.5363636364000001,0.5357497517,0.5363636364000001,0.5357497517,0.6190082645,"[[63, 47], [55, 55]]","['keloid', 'non_keloid']"
keloid_binary,leave_accession_out_GSE163973,shared_genes_plus_modules,none,linear_svm,166,220,"{'keloid': 96, 'non_keloid': 70}","{'keloid': 110, 'non_keloid': 110}",0.5136363636,0.5091640776,0.5136363636,0.5091640776,0.5709917355,"[[67, 43], [64, 46]]","['keloid', 'non_keloid']"
keloid_binary,leave_accession_out_GSE163973,shared_genes_plus_modules,none,random_forest,166,220,"{'keloid': 96, 'non_keloid': 70}","{'keloid': 110, 'non_keloid': 110}",0.5,0.3630908517,0.5,0.3630908517,0.6183471074,"[[106, 4], [106, 4]]","['keloid', 'non_keloid']"
keloid_binary,leave_accession_out_GSE163973,shared_genes_plus_modules,none,hist_gradient_boosting,166,220,"{'keloid': 96, 'non_keloid': 70}","{'keloid': 110, 'non_keloid': 110}",0.47727272730000003,0.41259780360000003,0.47727272730000003,0.41259780360000003,0.4601652893,"[[89, 21], [94, 16]]","['keloid', 'non_keloid']"
keloid_binary,leave_accession_out_GSE163973,shared_genes_plus_modules,none,knn,166,220,"{'keloid': 96, 'non_keloid': 70}","{'keloid': 110, 'non_keloid': 110}",0.55,0.47943306480000003,0.55,0.47943306480000003,0.6130578512,"[[101, 9], [90, 20]]","['keloid', 'non_keloid']"
keloid_binary,leave_accession_out_GSE163973,shared_genes_plus_modules,none,small_mlp,166,220,"{'keloid': 96, 'non_keloid': 70}","{'keloid': 110, 'non_keloid': 110}",0.6454545455,0.6367792736,0.6454545455,0.6367792736,0.7064462810000001,"[[88, 22], [56, 54]]","['keloid', 'non_keloid']"
keloid_binary,leave_accession_out_GSE163973,published_markers_only,none,majority,166,220,"{'keloid': 96, 'non_keloid': 70}","{'keloid': 110, 'non_keloid': 110}",0.5,0.33333333330000003,0.5,0.33333333330000003,0.5,"[[110, 0], [110, 0]]","['keloid', 'non_keloid']"
keloid_binary,leave_accession_out_GSE163973,published_markers_only,none,stratified_random,166,220,"{'keloid': 96, 'non_keloid': 70}","{'keloid': 110, 'non_keloid': 110}",0.4954545455,0.48987904990000003,0.4954545455,0.48987904990000003,0.4954545455,"[[66, 44], [67, 43]]","['keloid', 'non_keloid']"
keloid_binary,leave_accession_out_GSE163973,published_markers_only,none,elastic_net_logreg,166,220,"{'keloid': 96, 'non_keloid': 70}","{'keloid': 110, 'non_keloid': 110}",0.5954545455,0.5917346066,0.5954545455,0.5917346066,0.6667768595,"[[76, 34], [55, 55]]","['keloid', 'non_keloid']"
keloid_binary,leave_accession_out_GSE163973,published_markers_only,none,linear_svm,166,220,"{'keloid': 96, 'non_keloid': 70}","{'keloid': 110, 'non_keloid': 110}",0.5863636364,0.5817927346,0.5863636364,0.5817927346,0.6295867769,"[[76, 34], [57, 53]]","['keloid', 'non_keloid']"
keloid_binary,leave_accession_out_GSE163973,published_markers_only,none,random_forest,166,220,"{'keloid': 96, 'non_keloid': 70}","{'keloid': 110, 'non_keloid': 110}",0.6454545455,0.6387368421,0.6454545455,0.6387368421,0.7091735537,"[[86, 24], [54, 56]]","['keloid', 'non_keloid']"
keloid_binary,leave_accession_out_GSE163973,published_markers_only,none,hist_gradient_boosting,166,220,"{'keloid': 96, 'non_keloid': 70}","{'keloid': 110, 'non_keloid': 110}",0.6454545455,0.6387368421,0.6454545455,0.6387368421,0.736322314,"[[86, 24], [54, 56]]","['keloid', 'non_keloid']"
keloid_binary,leave_accession_out_GSE163973,published_markers_only,none,knn,166,220,"{'keloid': 96, 'non_keloid': 70}","{'keloid': 110, 'non_keloid': 110}",0.4954545455,0.42076424960000003,0.4954545455,0.42076424960000003,0.5212809917,"[[94, 16], [95, 15]]","['keloid', 'non_keloid']"
keloid_binary,leave_accession_out_GSE163973,published_markers_only,none,small_mlp,166,220,"{'keloid': 96, 'non_keloid': 70}","{'keloid': 110, 'non_keloid': 110}",0.5954545455,0.5872594279000001,0.5954545455,0.5872594279000001,0.6890909091,"[[81, 29], [60, 50]]","['keloid', 'non_keloid']"
keloid_binary,leave_accession_out_GSE163973,expanded_profibrotic_only,none,majority,166,220,"{'keloid': 96, 'non_keloid': 70}","{'keloid': 110, 'non_keloid': 110}",0.5,0.33333333330000003,0.5,0.33333333330000003,0.5,"[[110, 0], [110, 0]]","['keloid', 'non_keloid']"
keloid_binary,leave_accession_out_GSE163973,expanded_profibrotic_only,none,stratified_random,166,220,"{'keloid': 96, 'non_keloid': 70}","{'keloid': 110, 'non_keloid': 110}",0.4954545455,0.48987904990000003,0.4954545455,0.48987904990000003,0.4954545455,"[[66, 44], [67, 43]]","['keloid', 'non_keloid']"
keloid_binary,leave_accession_out_GSE163973,expanded_profibrotic_only,none,elastic_net_logreg,166,220,"{'keloid': 96, 'non_keloid': 70}","{'keloid': 110, 'non_keloid': 110}",0.6363636364,0.6362433862,0.6363636364,0.6362433862,0.7394628099,"[[68, 42], [38, 72]]","['keloid', 'non_keloid']"
keloid_binary,leave_accession_out_GSE163973,expanded_profibrotic_only,none,linear_svm,166,220,"{'keloid': 96, 'non_keloid': 70}","{'keloid': 110, 'non_keloid': 110}",0.6363636364,0.6362433862,0.6363636364,0.6362433862,0.7394628099,"[[68, 42], [38, 72]]","['keloid', 'non_keloid']"
keloid_binary,leave_accession_out_GSE163973,expanded_profibrotic_only,none,random_forest,166,220,"{'keloid': 96, 'non_keloid': 70}","{'keloid': 110, 'non_keloid': 110}",0.5590909091,0.5564423936,0.5590909091,0.5564423936,0.6332231405000001,"[[70, 40], [57, 53]]","['keloid', 'non_keloid']"
keloid_binary,leave_accession_out_GSE163973,expanded_profibrotic_only,none,hist_gradient_boosting,166,220,"{'keloid': 96, 'non_keloid': 70}","{'keloid': 110, 'non_keloid': 110}",0.6363636364,0.6363636364,0.6363636364,0.6363636364,0.6521900826,"[[70, 40], [40, 70]]","['keloid', 'non_keloid']"
keloid_binary,leave_accession_out_GSE163973,expanded_profibrotic_only,none,knn,166,220,"{'keloid': 96, 'non_keloid': 70}","{'keloid': 110, 'non_keloid': 110}",0.6000000000000001,0.5997022579,0.6000000000000001,0.5997022579,0.605661157,"[[69, 41], [47, 63]]","['keloid', 'non_keloid']"
keloid_binary,leave_accession_out_GSE163973,expanded_profibrotic_only,none,small_mlp,166,220,"{'keloid': 96, 'non_keloid': 70}","{'keloid': 110, 'non_keloid': 110}",0.5045454545,0.4808512481,0.5045454545,0.4808512481,0.6597107438,"[[79, 31], [78, 32]]","['keloid', 'non_keloid']"
keloid_binary,leave_accession_out_GSE163973,shared_genes,none,majority,166,220,"{'keloid': 96, 'non_keloid': 70}","{'keloid': 110, 'non_keloid': 110}",0.5,0.33333333330000003,0.5,0.33333333330000003,0.5,"[[110, 0], [110, 0]]","['keloid', 'non_keloid']"
keloid_binary,leave_accession_out_GSE163973,shared_genes,none,stratified_random,166,220,"{'keloid': 96, 'non_keloid': 70}","{'keloid': 110, 'non_keloid': 110}",0.4954545455,0.48987904990000003,0.4954545455,0.48987904990000003,0.4954545455,"[[66, 44], [67, 43]]","['keloid', 'non_keloid']"
keloid_binary,leave_accession_out_GSE163973,shared_genes,none,elastic_net_logreg,166,220,"{'keloid': 96, 'non_keloid': 70}","{'keloid': 110, 'non_keloid': 110}",0.5318181818000001,0.5313437157,0.5318181818000001,0.5313437157,0.6233057851,"[[62, 48], [55, 55]]","['keloid', 'non_keloid']"
keloid_binary,leave_accession_out_GSE163973,shared_genes,none,linear_svm,166,220,"{'keloid': 96, 'non_keloid': 70}","{'keloid': 110, 'non_keloid': 110}",0.5318181818000001,0.5275130841,0.5318181818000001,0.5275130841,0.5909090909,"[[69, 41], [62, 48]]","['keloid', 'non_keloid']"
keloid_binary,leave_accession_out_GSE163973,shared_genes,none,random_forest,166,220,"{'keloid': 96, 'non_keloid': 70}","{'keloid': 110, 'non_keloid': 110}",0.5136363636,0.3771003678,0.5136363636,0.3771003678,0.6495041322,"[[108, 2], [105, 5]]","['keloid', 'non_keloid']"
keloid_binary,leave_accession_out_GSE163973,shared_genes,none,hist_gradient_boosting,166,220,"{'keloid': 96, 'non_keloid': 70}","{'keloid': 110, 'non_keloid': 110}",0.4863636364,0.4372382569,0.4863636364,0.4372382569,0.4604132231,"[[86, 24], [89, 21]]","['keloid', 'non_keloid']"
keloid_binary,leave_accession_out_GSE163973,shared_genes,none,knn,166,220,"{'keloid': 96, 'non_keloid': 70}","{'keloid': 110, 'non_keloid': 110}",0.5227272727,0.4242129664,0.5227272727,0.4242129664,0.615,"[[103, 7], [98, 12]]","['keloid', 'non_keloid']"
keloid_binary,leave_accession_out_GSE163973,modules_only,none,majority,166,220,"{'keloid': 96, 'non_keloid': 70}","{'keloid': 110, 'non_keloid': 110}",0.5,0.33333333330000003,0.5,0.33333333330000003,0.5,"[[110, 0], [110, 0]]","['keloid', 'non_keloid']"
keloid_binary,leave_accession_out_GSE163973,modules_only,none,stratified_random,166,220,"{'keloid': 96, 'non_keloid': 70}","{'keloid': 110, 'non_keloid': 110}",0.4954545455,0.48987904990000003,0.4954545455,0.48987904990000003,0.4954545455,"[[66, 44], [67, 43]]","['keloid', 'non_keloid']"
keloid_binary,leave_accession_out_GSE163973,modules_only,none,elastic_net_logreg,166,220,"{'keloid': 96, 'non_keloid': 70}","{'keloid': 110, 'non_keloid': 110}",0.6409090909,0.6400091137,0.6409090909,0.6400091137,0.6872727273,"[[76, 34], [45, 65]]","['keloid', 'non_keloid']"
keloid_binary,leave_accession_out_GSE163973,modules_only,none,linear_svm,166,220,"{'keloid': 96, 'non_keloid': 70}","{'keloid': 110, 'non_keloid': 110}",0.6363636364,0.635610766,0.6363636364,0.635610766,0.6842148760000001,"[[75, 35], [45, 65]]","['keloid', 'non_keloid']"
keloid_binary,leave_accession_out_GSE163973,modules_only,none,random_forest,166,220,"{'keloid': 96, 'non_keloid': 70}","{'keloid': 110, 'non_keloid': 110}",0.6090909091000001,0.5943048289,0.6090909091000001,0.5943048289,0.672231405,"[[88, 22], [64, 46]]","['keloid', 'non_keloid']"
keloid_binary,leave_accession_out_GSE163973,modules_only,none,hist_gradient_boosting,166,220,"{'keloid': 96, 'non_keloid': 70}","{'keloid': 110, 'non_keloid': 110}",0.5863636364,0.5714805540000001,0.5863636364,0.5714805540000001,0.6119421488,"[[85, 25], [66, 44]]","['keloid', 'non_keloid']"
keloid_binary,leave_accession_out_GSE163973,modules_only,none,knn,166,220,"{'keloid': 96, 'non_keloid': 70}","{'keloid': 110, 'non_keloid': 110}",0.6454545455,0.6387368421,0.6454545455,0.6387368421,0.6942148760000001,"[[86, 24], [54, 56]]","['keloid', 'non_keloid']"
keloid_binary,leave_accession_out_GSE163973,modules_only,none,small_mlp,166,220,"{'keloid': 96, 'non_keloid': 70}","{'keloid': 110, 'non_keloid': 110}",0.5545454545,0.5011106997,0.5545454545,0.5011106997,0.6637190083000001,"[[97, 13], [85, 25]]","['keloid', 'non_keloid']"
keloid_binary,leave_accession_out_GSE163973,low_i2_core_only,none,majority,166,220,"{'keloid': 96, 'non_keloid': 70}","{'keloid': 110, 'non_keloid': 110}",0.5,0.33333333330000003,0.5,0.33333333330000003,0.5,"[[110, 0], [110, 0]]","['keloid', 'non_keloid']"
keloid_binary,leave_accession_out_GSE163973,low_i2_core_only,none,stratified_random,166,220,"{'keloid': 96, 'non_keloid': 70}","{'keloid': 110, 'non_keloid': 110}",0.4954545455,0.48987904990000003,0.4954545455,0.48987904990000003,0.4954545455,"[[66, 44], [67, 43]]","['keloid', 'non_keloid']"
keloid_binary,leave_accession_out_GSE163973,low_i2_core_only,none,elastic_net_logreg,166,220,"{'keloid': 96, 'non_keloid': 70}","{'keloid': 110, 'non_keloid': 110}",0.7272727273,0.7269116187,0.7272727273,0.7269116187,0.799338843,"[[84, 26], [34, 76]]","['keloid', 'non_keloid']"
keloid_binary,leave_accession_out_GSE163973,low_i2_core_only,none,linear_svm,166,220,"{'keloid': 96, 'non_keloid': 70}","{'keloid': 110, 'non_keloid': 110}",0.6909090909000001,0.6902691511,0.6909090909000001,0.6902691511,0.7617355372,"[[81, 29], [39, 71]]","['keloid', 'non_keloid']"
keloid_binary,leave_accession_out_GSE163973,low_i2_core_only,none,random_forest,166,220,"{'keloid': 96, 'non_keloid': 70}","{'keloid': 110, 'non_keloid': 110}",0.65,0.6317311246,0.65,0.6317311246,0.7773553719,"[[96, 14], [63, 47]]","['keloid', 'non_keloid']"
keloid_binary,leave_accession_out_GSE163973,low_i2_core_only,none,hist_gradient_boosting,166,220,"{'keloid': 96, 'non_keloid': 70}","{'keloid': 110, 'non_keloid': 110}",0.6454545455,0.6387368421,0.6454545455,0.6387368421,0.7325619835,"[[86, 24], [54, 56]]","['keloid', 'non_keloid']"
keloid_binary,leave_accession_out_GSE163973,low_i2_core_only,none,knn,166,220,"{'keloid': 96, 'non_keloid': 70}","{'keloid': 110, 'non_keloid': 110}",0.5454545455,0.4909292854,0.5454545455,0.4909292854,0.5709090909,"[[96, 14], [86, 24]]","['keloid', 'non_keloid']"
keloid_binary,leave_accession_out_GSE163973,low_i2_core_only,none,small_mlp,166,220,"{'keloid': 96, 'non_keloid': 70}","{'keloid': 110, 'non_keloid': 110}",0.7272727273,0.7258225324,0.7272727273,0.7258225324,0.7768595041,"[[72, 38], [22, 88]]","['keloid', 'non_keloid']"
keloid_binary,leave_accession_out_GSE181297,profibrotic_module_only,none,majority,379,7,"{'non_keloid': 210, 'keloid': 169}","{'keloid': 4, 'non_keloid': 3}",0.4285714286,0.2571428571,0.5,0.30000000000000004,0.5,"[[0, 4], [0, 3]]","['keloid', 'non_keloid']"
keloid_binary,leave_accession_out_GSE181297,profibrotic_module_only,none,stratified_random,379,7,"{'non_keloid': 210, 'keloid': 169}","{'keloid': 4, 'non_keloid': 3}",0.5714285714,0.5523809524000001,0.5416666667,0.5333333333,0.5416666667,"[[3, 1], [2, 1]]","['keloid', 'non_keloid']"
keloid_binary,leave_accession_out_GSE181297,profibrotic_module_only,none,elastic_net_logreg,379,7,"{'non_keloid': 210, 'keloid': 169}","{'keloid': 4, 'non_keloid': 3}",0.8571428571,0.8507936508,0.8333333333,0.8444444444,1.0,"[[4, 0], [1, 2]]","['keloid', 'non_keloid']"
keloid_binary,leave_accession_out_GSE181297,profibrotic_module_only,none,linear_svm,379,7,"{'non_keloid': 210, 'keloid': 169}","{'keloid': 4, 'non_keloid': 3}",0.8571428571,0.8507936508,0.8333333333,0.8444444444,1.0,"[[4, 0], [1, 2]]","['keloid', 'non_keloid']"
keloid_binary,leave_accession_out_GSE181297,profibrotic_module_only,none,random_forest,379,7,"{'non_keloid': 210, 'keloid': 169}","{'keloid': 4, 'non_keloid': 3}",0.7142857143,0.7023809524,0.75,0.7083333333,0.9166666667000001,"[[2, 2], [0, 3]]","['keloid', 'non_keloid']"
keloid_binary,leave_accession_out_GSE181297,profibrotic_module_only,none,hist_gradient_boosting,379,7,"{'non_keloid': 210, 'keloid': 169}","{'keloid': 4, 'non_keloid': 3}",0.7142857143,0.7023809524,0.75,0.7083333333,0.8333333333,"[[2, 2], [0, 3]]","['keloid', 'non_keloid']"
keloid_binary,leave_accession_out_GSE181297,profibrotic_module_only,none,knn,379,7,"{'non_keloid': 210, 'keloid': 169}","{'keloid': 4, 'non_keloid': 3}",0.7142857143,0.7023809524,0.75,0.7083333333,0.7916666667000001,"[[2, 2], [0, 3]]","['keloid', 'non_keloid']"
keloid_binary,leave_accession_out_GSE181297,profibrotic_module_only,none,small_mlp,379,7,"{'non_keloid': 210, 'keloid': 169}","{'keloid': 4, 'non_keloid': 3}",0.8571428571,0.8507936508,0.8333333333,0.8444444444,1.0,"[[4, 0], [1, 2]]","['keloid', 'non_keloid']"
keloid_binary,leave_accession_out_GSE181297,modules_rank_plus_expanded,none,majority,379,7,"{'non_keloid': 210, 'keloid': 169}","{'keloid': 4, 'non_keloid': 3}",0.4285714286,0.2571428571,0.5,0.30000000000000004,0.5,"[[0, 4], [0, 3]]","['keloid', 'non_keloid']"
keloid_binary,leave_accession_out_GSE181297,modules_rank_plus_expanded,none,stratified_random,379,7,"{'non_keloid': 210, 'keloid': 169}","{'keloid': 4, 'non_keloid': 3}",0.5714285714,0.5523809524000001,0.5416666667,0.5333333333,0.5416666667,"[[3, 1], [2, 1]]","['keloid', 'non_keloid']"
keloid_binary,leave_accession_out_GSE181297,modules_rank_plus_expanded,none,elastic_net_logreg,379,7,"{'non_keloid': 210, 'keloid': 169}","{'keloid': 4, 'non_keloid': 3}",0.8571428571,0.8507936508,0.8333333333,0.8444444444,1.0,"[[4, 0], [1, 2]]","['keloid', 'non_keloid']"
keloid_binary,leave_accession_out_GSE181297,modules_rank_plus_expanded,none,linear_svm,379,7,"{'non_keloid': 210, 'keloid': 169}","{'keloid': 4, 'non_keloid': 3}",1.0,1.0,1.0,1.0,1.0,"[[4, 0], [0, 3]]","['keloid', 'non_keloid']"
keloid_binary,leave_accession_out_GSE181297,modules_rank_plus_expanded,none,random_forest,379,7,"{'non_keloid': 210, 'keloid': 169}","{'keloid': 4, 'non_keloid': 3}",1.0,1.0,1.0,1.0,1.0,"[[4, 0], [0, 3]]","['keloid', 'non_keloid']"
keloid_binary,leave_accession_out_GSE181297,modules_rank_plus_expanded,none,hist_gradient_boosting,379,7,"{'non_keloid': 210, 'keloid': 169}","{'keloid': 4, 'non_keloid': 3}",1.0,1.0,1.0,1.0,1.0,"[[4, 0], [0, 3]]","['keloid', 'non_keloid']"
keloid_binary,leave_accession_out_GSE181297,modules_rank_plus_expanded,none,knn,379,7,"{'non_keloid': 210, 'keloid': 169}","{'keloid': 4, 'non_keloid': 3}",0.8571428571,0.8507936508,0.8333333333,0.8444444444,0.875,"[[4, 0], [1, 2]]","['keloid', 'non_keloid']"
keloid_binary,leave_accession_out_GSE181297,modules_rank_plus_expanded,none,small_mlp,379,7,"{'non_keloid': 210, 'keloid': 169}","{'keloid': 4, 'non_keloid': 3}",0.8571428571,0.8507936508,0.8333333333,0.8444444444,1.0,"[[4, 0], [1, 2]]","['keloid', 'non_keloid']"
keloid_binary,leave_accession_out_GSE181297,modules_rank_only,none,majority,379,7,"{'non_keloid': 210, 'keloid': 169}","{'keloid': 4, 'non_keloid': 3}",0.4285714286,0.2571428571,0.5,0.30000000000000004,0.5,"[[0, 4], [0, 3]]","['keloid', 'non_keloid']"
keloid_binary,leave_accession_out_GSE181297,modules_rank_only,none,stratified_random,379,7,"{'non_keloid': 210, 'keloid': 169}","{'keloid': 4, 'non_keloid': 3}",0.5714285714,0.5523809524000001,0.5416666667,0.5333333333,0.5416666667,"[[3, 1], [2, 1]]","['keloid', 'non_keloid']"
keloid_binary,leave_accession_out_GSE181297,modules_rank_only,none,elastic_net_logreg,379,7,"{'non_keloid': 210, 'keloid': 169}","{'keloid': 4, 'non_keloid': 3}",1.0,1.0,1.0,1.0,1.0,"[[4, 0], [0, 3]]","['keloid', 'non_keloid']"
keloid_binary,leave_accession_out_GSE181297,modules_rank_only,none,linear_svm,379,7,"{'non_keloid': 210, 'keloid': 169}","{'keloid': 4, 'non_keloid': 3}",1.0,1.0,1.0,1.0,1.0,"[[4, 0], [0, 3]]","['keloid', 'non_keloid']"
keloid_binary,leave_accession_out_GSE181297,modules_rank_only,none,random_forest,379,7,"{'non_keloid': 210, 'keloid': 169}","{'keloid': 4, 'non_keloid': 3}",1.0,1.0,1.0,1.0,1.0,"[[4, 0], [0, 3]]","['keloid', 'non_keloid']"
keloid_binary,leave_accession_out_GSE181297,modules_rank_only,none,hist_gradient_boosting,379,7,"{'non_keloid': 210, 'keloid': 169}","{'keloid': 4, 'non_keloid': 3}",0.8571428571,0.8507936508,0.8333333333,0.8444444444,1.0,"[[4, 0], [1, 2]]","['keloid', 'non_keloid']"
keloid_binary,leave_accession_out_GSE181297,modules_rank_only,none,knn,379,7,"{'non_keloid': 210, 'keloid': 169}","{'keloid': 4, 'non_keloid': 3}",0.7142857143,0.7142857143,0.7083333333,0.7083333333,0.8333333333,"[[3, 1], [1, 2]]","['keloid', 'non_keloid']"
keloid_binary,leave_accession_out_GSE181297,modules_rank_only,none,small_mlp,379,7,"{'non_keloid': 210, 'keloid': 169}","{'keloid': 4, 'non_keloid': 3}",1.0,1.0,1.0,1.0,1.0,"[[4, 0], [0, 3]]","['keloid', 'non_keloid']"
keloid_binary,leave_accession_out_GSE181297,shared_genes_plus_modules,none,majority,379,7,"{'non_keloid': 210, 'keloid': 169}","{'keloid': 4, 'non_keloid': 3}",0.4285714286,0.2571428571,0.5,0.30000000000000004,0.5,"[[0, 4], [0, 3]]","['keloid', 'non_keloid']"
keloid_binary,leave_accession_out_GSE181297,shared_genes_plus_modules,none,stratified_random,379,7,"{'non_keloid': 210, 'keloid': 169}","{'keloid': 4, 'non_keloid': 3}",0.5714285714,0.5523809524000001,0.5416666667,0.5333333333,0.5416666667,"[[3, 1], [2, 1]]","['keloid', 'non_keloid']"
keloid_binary,leave_accession_out_GSE181297,shared_genes_plus_modules,none,elastic_net_logreg,379,7,"{'non_keloid': 210, 'keloid': 169}","{'keloid': 4, 'non_keloid': 3}",1.0,1.0,1.0,1.0,1.0,"[[4, 0], [0, 3]]","['keloid', 'non_keloid']"
keloid_binary,leave_accession_out_GSE181297,shared_genes_plus_modules,none,linear_svm,379,7,"{'non_keloid': 210, 'keloid': 169}","{'keloid': 4, 'non_keloid': 3}",1.0,1.0,1.0,1.0,1.0,"[[4, 0], [0, 3]]","['keloid', 'non_keloid']"
keloid_binary,leave_accession_out_GSE181297,shared_genes_plus_modules,none,random_forest,379,7,"{'non_keloid': 210, 'keloid': 169}","{'keloid': 4, 'non_keloid': 3}",1.0,1.0,1.0,1.0,1.0,"[[4, 0], [0, 3]]","['keloid', 'non_keloid']"
keloid_binary,leave_accession_out_GSE181297,shared_genes_plus_modules,none,hist_gradient_boosting,379,7,"{'non_keloid': 210, 'keloid': 169}","{'keloid': 4, 'non_keloid': 3}",0.8571428571,0.8571428571,0.875,0.8571428571,0.9166666667000001,"[[3, 1], [0, 3]]","['keloid', 'non_keloid']"
keloid_binary,leave_accession_out_GSE181297,shared_genes_plus_modules,none,knn,379,7,"{'non_keloid': 210, 'keloid': 169}","{'keloid': 4, 'non_keloid': 3}",0.8571428571,0.8507936508,0.8333333333,0.8444444444,0.75,"[[4, 0], [1, 2]]","['keloid', 'non_keloid']"
keloid_binary,leave_accession_out_GSE181297,shared_genes_plus_modules,none,small_mlp,379,7,"{'non_keloid': 210, 'keloid': 169}","{'keloid': 4, 'non_keloid': 3}",1.0,1.0,1.0,1.0,1.0,"[[4, 0], [0, 3]]","['keloid', 'non_keloid']"
keloid_binary,leave_accession_out_GSE181297,published_markers_only,none,majority,379,7,"{'non_keloid': 210, 'keloid': 169}","{'keloid': 4, 'non_keloid': 3}",0.4285714286,0.2571428571,0.5,0.30000000000000004,0.5,"[[0, 4], [0, 3]]","['keloid', 'non_keloid']"
keloid_binary,leave_accession_out_GSE181297,published_markers_only,none,stratified_random,379,7,"{'non_keloid': 210, 'keloid': 169}","{'keloid': 4, 'non_keloid': 3}",0.5714285714,0.5523809524000001,0.5416666667,0.5333333333,0.5416666667,"[[3, 1], [2, 1]]","['keloid', 'non_keloid']"
keloid_binary,leave_accession_out_GSE181297,published_markers_only,none,elastic_net_logreg,379,7,"{'non_keloid': 210, 'keloid': 169}","{'keloid': 4, 'non_keloid': 3}",0.8571428571,0.8507936508,0.8333333333,0.8444444444,1.0,"[[4, 0], [1, 2]]","['keloid', 'non_keloid']"
keloid_binary,leave_accession_out_GSE181297,published_markers_only,none,linear_svm,379,7,"{'non_keloid': 210, 'keloid': 169}","{'keloid': 4, 'non_keloid': 3}",0.8571428571,0.8507936508,0.8333333333,0.8444444444,1.0,"[[4, 0], [1, 2]]","['keloid', 'non_keloid']"
keloid_binary,leave_accession_out_GSE181297,published_markers_only,none,random_forest,379,7,"{'non_keloid': 210, 'keloid': 169}","{'keloid': 4, 'non_keloid': 3}",0.8571428571,0.8507936508,0.8333333333,0.8444444444,1.0,"[[4, 0], [1, 2]]","['keloid', 'non_keloid']"
keloid_binary,leave_accession_out_GSE181297,published_markers_only,none,hist_gradient_boosting,379,7,"{'non_keloid': 210, 'keloid': 169}","{'keloid': 4, 'non_keloid': 3}",0.8571428571,0.8507936508,0.8333333333,0.8444444444,1.0,"[[4, 0], [1, 2]]","['keloid', 'non_keloid']"
keloid_binary,leave_accession_out_GSE181297,published_markers_only,none,knn,379,7,"{'non_keloid': 210, 'keloid': 169}","{'keloid': 4, 'non_keloid': 3}",0.7142857143,0.7142857143,0.7083333333,0.7083333333,0.875,"[[3, 1], [1, 2]]","['keloid', 'non_keloid']"
keloid_binary,leave_accession_out_GSE181297,published_markers_only,none,small_mlp,379,7,"{'non_keloid': 210, 'keloid': 169}","{'keloid': 4, 'non_keloid': 3}",0.8571428571,0.8507936508,0.8333333333,0.8444444444,1.0,"[[4, 0], [1, 2]]","['keloid', 'non_keloid']"
keloid_binary,leave_accession_out_GSE181297,expanded_profibrotic_only,none,majority,379,7,"{'non_keloid': 210, 'keloid': 169}","{'keloid': 4, 'non_keloid': 3}",0.4285714286,0.2571428571,0.5,0.30000000000000004,0.5,"[[0, 4], [0, 3]]","['keloid', 'non_keloid']"
keloid_binary,leave_accession_out_GSE181297,expanded_profibrotic_only,none,stratified_random,379,7,"{'non_keloid': 210, 'keloid': 169}","{'keloid': 4, 'non_keloid': 3}",0.5714285714,0.5523809524000001,0.5416666667,0.5333333333,0.5416666667,"[[3, 1], [2, 1]]","['keloid', 'non_keloid']"
keloid_binary,leave_accession_out_GSE181297,expanded_profibrotic_only,none,elastic_net_logreg,379,7,"{'non_keloid': 210, 'keloid': 169}","{'keloid': 4, 'non_keloid': 3}",0.8571428571,0.8507936508,0.8333333333,0.8444444444,0.875,"[[4, 0], [1, 2]]","['keloid', 'non_keloid']"
keloid_binary,leave_accession_out_GSE181297,expanded_profibrotic_only,none,linear_svm,379,7,"{'non_keloid': 210, 'keloid': 169}","{'keloid': 4, 'non_keloid': 3}",0.8571428571,0.8507936508,0.8333333333,0.8444444444,0.875,"[[4, 0], [1, 2]]","['keloid', 'non_keloid']"
keloid_binary,leave_accession_out_GSE181297,expanded_profibrotic_only,none,random_forest,379,7,"{'non_keloid': 210, 'keloid': 169}","{'keloid': 4, 'non_keloid': 3}",0.8571428571,0.8507936508,0.8333333333,0.8444444444,0.9583333333,"[[4, 0], [1, 2]]","['keloid', 'non_keloid']"
keloid_binary,leave_accession_out_GSE181297,expanded_profibrotic_only,none,hist_gradient_boosting,379,7,"{'non_keloid': 210, 'keloid': 169}","{'keloid': 4, 'non_keloid': 3}",0.7142857143,0.7023809524,0.75,0.7083333333,0.9583333333,"[[2, 2], [0, 3]]","['keloid', 'non_keloid']"
keloid_binary,leave_accession_out_GSE181297,expanded_profibrotic_only,none,knn,379,7,"{'non_keloid': 210, 'keloid': 169}","{'keloid': 4, 'non_keloid': 3}",0.8571428571,0.8571428571,0.875,0.8571428571,0.9166666667000001,"[[3, 1], [0, 3]]","['keloid', 'non_keloid']"
keloid_binary,leave_accession_out_GSE181297,expanded_profibrotic_only,none,small_mlp,379,7,"{'non_keloid': 210, 'keloid': 169}","{'keloid': 4, 'non_keloid': 3}",0.8571428571,0.8507936508,0.8333333333,0.8444444444,0.875,"[[4, 0], [1, 2]]","['keloid', 'non_keloid']"
keloid_binary,leave_accession_out_GSE181297,shared_genes,none,majority,379,7,"{'non_keloid': 210, 'keloid': 169}","{'keloid': 4, 'non_keloid': 3}",0.4285714286,0.2571428571,0.5,0.30000000000000004,0.5,"[[0, 4], [0, 3]]","['keloid', 'non_keloid']"
keloid_binary,leave_accession_out_GSE181297,shared_genes,none,stratified_random,379,7,"{'non_keloid': 210, 'keloid': 169}","{'keloid': 4, 'non_keloid': 3}",0.5714285714,0.5523809524000001,0.5416666667,0.5333333333,0.5416666667,"[[3, 1], [2, 1]]","['keloid', 'non_keloid']"
keloid_binary,leave_accession_out_GSE181297,shared_genes,none,elastic_net_logreg,379,7,"{'non_keloid': 210, 'keloid': 169}","{'keloid': 4, 'non_keloid': 3}",1.0,1.0,1.0,1.0,1.0,"[[4, 0], [0, 3]]","['keloid', 'non_keloid']"
keloid_binary,leave_accession_out_GSE181297,shared_genes,none,linear_svm,379,7,"{'non_keloid': 210, 'keloid': 169}","{'keloid': 4, 'non_keloid': 3}",1.0,1.0,1.0,1.0,1.0,"[[4, 0], [0, 3]]","['keloid', 'non_keloid']"
keloid_binary,leave_accession_out_GSE181297,shared_genes,none,random_forest,379,7,"{'non_keloid': 210, 'keloid': 169}","{'keloid': 4, 'non_keloid': 3}",1.0,1.0,1.0,1.0,1.0,"[[4, 0], [0, 3]]","['keloid', 'non_keloid']"
keloid_binary,leave_accession_out_GSE181297,shared_genes,none,hist_gradient_boosting,379,7,"{'non_keloid': 210, 'keloid': 169}","{'keloid': 4, 'non_keloid': 3}",0.7142857143,0.7142857143,0.7083333333,0.7083333333,0.8333333333,"[[3, 1], [1, 2]]","['keloid', 'non_keloid']"
keloid_binary,leave_accession_out_GSE181297,shared_genes,none,knn,379,7,"{'non_keloid': 210, 'keloid': 169}","{'keloid': 4, 'non_keloid': 3}",0.8571428571,0.8507936508,0.8333333333,0.8444444444,0.7916666667000001,"[[4, 0], [1, 2]]","['keloid', 'non_keloid']"
keloid_binary,leave_accession_out_GSE181297,modules_only,none,majority,379,7,"{'non_keloid': 210, 'keloid': 169}","{'keloid': 4, 'non_keloid': 3}",0.4285714286,0.2571428571,0.5,0.30000000000000004,0.5,"[[0, 4], [0, 3]]","['keloid', 'non_keloid']"
keloid_binary,leave_accession_out_GSE181297,modules_only,none,stratified_random,379,7,"{'non_keloid': 210, 'keloid': 169}","{'keloid': 4, 'non_keloid': 3}",0.5714285714,0.5523809524000001,0.5416666667,0.5333333333,0.5416666667,"[[3, 1], [2, 1]]","['keloid', 'non_keloid']"
keloid_binary,leave_accession_out_GSE181297,modules_only,none,elastic_net_logreg,379,7,"{'non_keloid': 210, 'keloid': 169}","{'keloid': 4, 'non_keloid': 3}",0.8571428571,0.8507936508,0.8333333333,0.8444444444,1.0,"[[4, 0], [1, 2]]","['keloid', 'non_keloid']"
keloid_binary,leave_accession_out_GSE181297,modules_only,none,linear_svm,379,7,"{'non_keloid': 210, 'keloid': 169}","{'keloid': 4, 'non_keloid': 3}",0.8571428571,0.8507936508,0.8333333333,0.8444444444,1.0,"[[4, 0], [1, 2]]","['keloid', 'non_keloid']"
keloid_binary,leave_accession_out_GSE181297,modules_only,none,random_forest,379,7,"{'non_keloid': 210, 'keloid': 169}","{'keloid': 4, 'non_keloid': 3}",1.0,1.0,1.0,1.0,1.0,"[[4, 0], [0, 3]]","['keloid', 'non_keloid']"
keloid_binary,leave_accession_out_GSE181297,modules_only,none,hist_gradient_boosting,379,7,"{'non_keloid': 210, 'keloid': 169}","{'keloid': 4, 'non_keloid': 3}",0.8571428571,0.8571428571,0.875,0.8571428571,0.9166666667000001,"[[3, 1], [0, 3]]","['keloid', 'non_keloid']"
keloid_binary,leave_accession_out_GSE181297,modules_only,none,knn,379,7,"{'non_keloid': 210, 'keloid': 169}","{'keloid': 4, 'non_keloid': 3}",0.8571428571,0.8571428571,0.875,0.8571428571,0.9583333333,"[[3, 1], [0, 3]]","['keloid', 'non_keloid']"
keloid_binary,leave_accession_out_GSE181297,modules_only,none,small_mlp,379,7,"{'non_keloid': 210, 'keloid': 169}","{'keloid': 4, 'non_keloid': 3}",0.8571428571,0.8507936508,0.8333333333,0.8444444444,1.0,"[[4, 0], [1, 2]]","['keloid', 'non_keloid']"
keloid_binary,leave_accession_out_GSE181297,low_i2_core_only,none,majority,379,7,"{'non_keloid': 210, 'keloid': 169}","{'keloid': 4, 'non_keloid': 3}",0.4285714286,0.2571428571,0.5,0.30000000000000004,0.5,"[[0, 4], [0, 3]]","['keloid', 'non_keloid']"
keloid_binary,leave_accession_out_GSE181297,low_i2_core_only,none,stratified_random,379,7,"{'non_keloid': 210, 'keloid': 169}","{'keloid': 4, 'non_keloid': 3}",0.5714285714,0.5523809524000001,0.5416666667,0.5333333333,0.5416666667,"[[3, 1], [2, 1]]","['keloid', 'non_keloid']"
keloid_binary,leave_accession_out_GSE181297,low_i2_core_only,none,elastic_net_logreg,379,7,"{'non_keloid': 210, 'keloid': 169}","{'keloid': 4, 'non_keloid': 3}",0.5714285714,0.5714285714,0.5833333333,0.5714285714,0.8333333333,"[[2, 2], [1, 2]]","['keloid', 'non_keloid']"
keloid_binary,leave_accession_out_GSE181297,low_i2_core_only,none,linear_svm,379,7,"{'non_keloid': 210, 'keloid': 169}","{'keloid': 4, 'non_keloid': 3}",0.5714285714,0.5714285714,0.5833333333,0.5714285714,0.8333333333,"[[2, 2], [1, 2]]","['keloid', 'non_keloid']"
keloid_binary,leave_accession_out_GSE181297,low_i2_core_only,none,random_forest,379,7,"{'non_keloid': 210, 'keloid': 169}","{'keloid': 4, 'non_keloid': 3}",0.5714285714,0.5714285714,0.5833333333,0.5714285714,0.6666666667000001,"[[2, 2], [1, 2]]","['keloid', 'non_keloid']"
keloid_binary,leave_accession_out_GSE181297,low_i2_core_only,none,hist_gradient_boosting,379,7,"{'non_keloid': 210, 'keloid': 169}","{'keloid': 4, 'non_keloid': 3}",0.5714285714,0.5714285714,0.5833333333,0.5714285714,0.8333333333,"[[2, 2], [1, 2]]","['keloid', 'non_keloid']"
keloid_binary,leave_accession_out_GSE181297,low_i2_core_only,none,knn,379,7,"{'non_keloid': 210, 'keloid': 169}","{'keloid': 4, 'non_keloid': 3}",0.8571428571,0.8571428571,0.875,0.8571428571,0.9166666667000001,"[[3, 1], [0, 3]]","['keloid', 'non_keloid']"
keloid_binary,leave_accession_out_GSE181297,low_i2_core_only,none,small_mlp,379,7,"{'non_keloid': 210, 'keloid': 169}","{'keloid': 4, 'non_keloid': 3}",0.7142857143,0.7023809524,0.75,0.7083333333,0.8333333333,"[[2, 2], [0, 3]]","['keloid', 'non_keloid']"
keloid_binary,leave_accession_out_GSE188952,profibrotic_module_only,none,majority,333,12,"{'non_keloid': 201, 'keloid': 132}","{'non_keloid': 8, 'keloid': 4}",0.6666666667000001,0.5333333333,0.5,0.4,0.5,"[[0, 4], [0, 8]]","['keloid', 'non_keloid']"
keloid_binary,leave_accession_out_GSE188952,profibrotic_module_only,none,stratified_random,333,12,"{'non_keloid': 201, 'keloid': 132}","{'non_keloid': 8, 'keloid': 4}",0.5,0.5,0.5625,0.5,0.5625,"[[3, 1], [5, 3]]","['keloid', 'non_keloid']"
keloid_binary,leave_accession_out_GSE188952,profibrotic_module_only,none,elastic_net_logreg,333,12,"{'non_keloid': 201, 'keloid': 132}","{'non_keloid': 8, 'keloid': 4}",0.4166666667,0.4289044289,0.4375,0.41258741260000004,0.28125,"[[2, 2], [5, 3]]","['keloid', 'non_keloid']"
keloid_binary,leave_accession_out_GSE188952,profibrotic_module_only,none,linear_svm,333,12,"{'non_keloid': 201, 'keloid': 132}","{'non_keloid': 8, 'keloid': 4}",0.4166666667,0.4289044289,0.4375,0.41258741260000004,0.28125,"[[2, 2], [5, 3]]","['keloid', 'non_keloid']"
keloid_binary,leave_accession_out_GSE188952,profibrotic_module_only,none,random_forest,333,12,"{'non_keloid': 201, 'keloid': 132}","{'non_keloid': 8, 'keloid': 4}",0.33333333330000003,0.3523809524,0.3125,0.3142857143,0.21875000000000003,"[[1, 3], [5, 3]]","['keloid', 'non_keloid']"
keloid_binary,leave_accession_out_GSE188952,profibrotic_module_only,none,hist_gradient_boosting,333,12,"{'non_keloid': 201, 'keloid': 132}","{'non_keloid': 8, 'keloid': 4}",0.33333333330000003,0.3523809524,0.3125,0.3142857143,0.1875,"[[1, 3], [5, 3]]","['keloid', 'non_keloid']"
keloid_binary,leave_accession_out_GSE188952,profibrotic_module_only,none,knn,333,12,"{'non_keloid': 201, 'keloid': 132}","{'non_keloid': 8, 'keloid': 4}",0.33333333330000003,0.3523809524,0.3125,0.3142857143,0.296875,"[[1, 3], [5, 3]]","['keloid', 'non_keloid']"
keloid_binary,leave_accession_out_GSE188952,profibrotic_module_only,none,small_mlp,333,12,"{'non_keloid': 201, 'keloid': 132}","{'non_keloid': 8, 'keloid': 4}",0.33333333330000003,0.33333333330000003,0.375,0.33333333330000003,0.21875000000000003,"[[2, 2], [6, 2]]","['keloid', 'non_keloid']"
keloid_binary,leave_accession_out_GSE188952,modules_rank_plus_expanded,none,majority,333,12,"{'non_keloid': 201, 'keloid': 132}","{'non_keloid': 8, 'keloid': 4}",0.6666666667000001,0.5333333333,0.5,0.4,0.5,"[[0, 4], [0, 8]]","['keloid', 'non_keloid']"
keloid_binary,leave_accession_out_GSE188952,modules_rank_plus_expanded,none,stratified_random,333,12,"{'non_keloid': 201, 'keloid': 132}","{'non_keloid': 8, 'keloid': 4}",0.5,0.5,0.5625,0.5,0.5625,"[[3, 1], [5, 3]]","['keloid', 'non_keloid']"
keloid_binary,leave_accession_out_GSE188952,modules_rank_plus_expanded,none,elastic_net_logreg,333,12,"{'non_keloid': 201, 'keloid': 132}","{'non_keloid': 8, 'keloid': 4}",0.25,0.2657342657,0.25,0.24475524480000002,0.1875,"[[1, 3], [6, 2]]","['keloid', 'non_keloid']"
keloid_binary,leave_accession_out_GSE188952,modules_rank_plus_expanded,none,linear_svm,333,12,"{'non_keloid': 201, 'keloid': 132}","{'non_keloid': 8, 'keloid': 4}",0.25,0.2657342657,0.25,0.24475524480000002,0.1875,"[[1, 3], [6, 2]]","['keloid', 'non_keloid']"
keloid_binary,leave_accession_out_GSE188952,modules_rank_plus_expanded,none,random_forest,333,12,"{'non_keloid': 201, 'keloid': 132}","{'non_keloid': 8, 'keloid': 4}",0.33333333330000003,0.33333333330000003,0.25,0.25,0.09375000000000001,"[[0, 4], [4, 4]]","['keloid', 'non_keloid']"
keloid_binary,leave_accession_out_GSE188952,modules_rank_plus_expanded,none,hist_gradient_boosting,333,12,"{'non_keloid': 201, 'keloid': 132}","{'non_keloid': 8, 'keloid': 4}",0.33333333330000003,0.33333333330000003,0.25,0.25,0.09375000000000001,"[[0, 4], [4, 4]]","['keloid', 'non_keloid']"
keloid_binary,leave_accession_out_GSE188952,modules_rank_plus_expanded,none,knn,333,12,"{'non_keloid': 201, 'keloid': 132}","{'non_keloid': 8, 'keloid': 4}",0.25,0.2666666667,0.1875,0.2,0.109375,"[[0, 4], [5, 3]]","['keloid', 'non_keloid']"
keloid_binary,leave_accession_out_GSE188952,modules_rank_plus_expanded,none,small_mlp,333,12,"{'non_keloid': 201, 'keloid': 132}","{'non_keloid': 8, 'keloid': 4}",0.33333333330000003,0.3523809524,0.3125,0.3142857143,0.1875,"[[1, 3], [5, 3]]","['keloid', 'non_keloid']"
keloid_binary,leave_accession_out_GSE188952,modules_rank_only,none,majority,333,12,"{'non_keloid': 201, 'keloid': 132}","{'non_keloid': 8, 'keloid': 4}",0.6666666667000001,0.5333333333,0.5,0.4,0.5,"[[0, 4], [0, 8]]","['keloid', 'non_keloid']"
keloid_binary,leave_accession_out_GSE188952,modules_rank_only,none,stratified_random,333,12,"{'non_keloid': 201, 'keloid': 132}","{'non_keloid': 8, 'keloid': 4}",0.5,0.5,0.5625,0.5,0.5625,"[[3, 1], [5, 3]]","['keloid', 'non_keloid']"
keloid_binary,leave_accession_out_GSE188952,modules_rank_only,none,elastic_net_logreg,333,12,"{'non_keloid': 201, 'keloid': 132}","{'non_keloid': 8, 'keloid': 4}",0.33333333330000003,0.3523809524,0.3125,0.3142857143,0.25,"[[1, 3], [5, 3]]","['keloid', 'non_keloid']"
keloid_binary,leave_accession_out_GSE188952,modules_rank_only,none,linear_svm,333,12,"{'non_keloid': 201, 'keloid': 132}","{'non_keloid': 8, 'keloid': 4}",0.33333333330000003,0.3523809524,0.3125,0.3142857143,0.28125,"[[1, 3], [5, 3]]","['keloid', 'non_keloid']"
keloid_binary,leave_accession_out_GSE188952,modules_rank_only,none,random_forest,333,12,"{'non_keloid': 201, 'keloid': 132}","{'non_keloid': 8, 'keloid': 4}",0.33333333330000003,0.33333333330000003,0.25,0.25,0.21875000000000003,"[[0, 4], [4, 4]]","['keloid', 'non_keloid']"
keloid_binary,leave_accession_out_GSE188952,modules_rank_only,none,hist_gradient_boosting,333,12,"{'non_keloid': 201, 'keloid': 132}","{'non_keloid': 8, 'keloid': 4}",0.33333333330000003,0.33333333330000003,0.25,0.25,0.15625,"[[0, 4], [4, 4]]","['keloid', 'non_keloid']"
keloid_binary,leave_accession_out_GSE188952,modules_rank_only,none,knn,333,12,"{'non_keloid': 201, 'keloid': 132}","{'non_keloid': 8, 'keloid': 4}",0.25,0.2666666667,0.1875,0.2,0.234375,"[[0, 4], [5, 3]]","['keloid', 'non_keloid']"
keloid_binary,leave_accession_out_GSE188952,modules_rank_only,none,small_mlp,333,12,"{'non_keloid': 201, 'keloid': 132}","{'non_keloid': 8, 'keloid': 4}",0.4166666667,0.4296296296,0.375,0.3777777778,0.21875000000000003,"[[1, 3], [4, 4]]","['keloid', 'non_keloid']"
keloid_binary,leave_accession_out_GSE188952,shared_genes_plus_modules,none,majority,333,12,"{'non_keloid': 201, 'keloid': 132}","{'non_keloid': 8, 'keloid': 4}",0.6666666667000001,0.5333333333,0.5,0.4,0.5,"[[0, 4], [0, 8]]","['keloid', 'non_keloid']"
keloid_binary,leave_accession_out_GSE188952,shared_genes_plus_modules,none,stratified_random,333,12,"{'non_keloid': 201, 'keloid': 132}","{'non_keloid': 8, 'keloid': 4}",0.5,0.5,0.5625,0.5,0.5625,"[[3, 1], [5, 3]]","['keloid', 'non_keloid']"
keloid_binary,leave_accession_out_GSE188952,shared_genes_plus_modules,none,elastic_net_logreg,333,12,"{'non_keloid': 201, 'keloid': 132}","{'non_keloid': 8, 'keloid': 4}",0.4166666667,0.3962703963,0.5,0.41258741260000004,0.34375000000000006,"[[3, 1], [6, 2]]","['keloid', 'non_keloid']"
keloid_binary,leave_accession_out_GSE188952,shared_genes_plus_modules,none,linear_svm,333,12,"{'non_keloid': 201, 'keloid': 132}","{'non_keloid': 8, 'keloid': 4}",0.4166666667,0.3962703963,0.5,0.41258741260000004,0.46875000000000006,"[[3, 1], [6, 2]]","['keloid', 'non_keloid']"
keloid_binary,leave_accession_out_GSE188952,shared_genes_plus_modules,none,random_forest,333,12,"{'non_keloid': 201, 'keloid': 132}","{'non_keloid': 8, 'keloid': 4}",0.33333333330000003,0.1666666667,0.5,0.25,0.46875000000000006,"[[4, 0], [8, 0]]","['keloid', 'non_keloid']"
keloid_binary,leave_accession_out_GSE188952,shared_genes_plus_modules,none,hist_gradient_boosting,333,12,"{'non_keloid': 201, 'keloid': 132}","{'non_keloid': 8, 'keloid': 4}",0.5,0.5,0.4375,0.4375,0.34375000000000006,"[[1, 3], [3, 5]]","['keloid', 'non_keloid']"
keloid_binary,leave_accession_out_GSE188952,shared_genes_plus_modules,none,knn,333,12,"{'non_keloid': 201, 'keloid': 132}","{'non_keloid': 8, 'keloid': 4}",0.33333333330000003,0.27619047620000003,0.4375,0.3142857143,0.484375,"[[3, 1], [7, 1]]","['keloid', 'non_keloid']"
keloid_binary,leave_accession_out_GSE188952,shared_genes_plus_modules,none,small_mlp,333,12,"{'non_keloid': 201, 'keloid': 132}","{'non_keloid': 8, 'keloid': 4}",0.33333333330000003,0.1666666667,0.5,0.25,0.15625,"[[4, 0], [8, 0]]","['keloid', 'non_keloid']"
keloid_binary,leave_accession_out_GSE188952,published_markers_only,none,majority,333,12,"{'non_keloid': 201, 'keloid': 132}","{'non_keloid': 8, 'keloid': 4}",0.6666666667000001,0.5333333333,0.5,0.4,0.5,"[[0, 4], [0, 8]]","['keloid', 'non_keloid']"
keloid_binary,leave_accession_out_GSE188952,published_markers_only,none,stratified_random,333,12,"{'non_keloid': 201, 'keloid': 132}","{'non_keloid': 8, 'keloid': 4}",0.5,0.5,0.5625,0.5,0.5625,"[[3, 1], [5, 3]]","['keloid', 'non_keloid']"
keloid_binary,leave_accession_out_GSE188952,published_markers_only,none,elastic_net_logreg,333,12,"{'non_keloid': 201, 'keloid': 132}","{'non_keloid': 8, 'keloid': 4}",0.75,0.7555555556,0.75,0.7333333333000001,0.8125,"[[3, 1], [2, 6]]","['keloid', 'non_keloid']"
keloid_binary,leave_accession_out_GSE188952,published_markers_only,none,linear_svm,333,12,"{'non_keloid': 201, 'keloid': 132}","{'non_keloid': 8, 'keloid': 4}",0.8333333333,0.8380952381000001,0.875,0.8285714286,0.8125,"[[4, 0], [2, 6]]","['keloid', 'non_keloid']"
keloid_binary,leave_accession_out_GSE188952,published_markers_only,none,random_forest,333,12,"{'non_keloid': 201, 'keloid': 132}","{'non_keloid': 8, 'keloid': 4}",0.5,0.5,0.4375,0.4375,0.4375,"[[1, 3], [3, 5]]","['keloid', 'non_keloid']"
keloid_binary,leave_accession_out_GSE188952,published_markers_only,none,hist_gradient_boosting,333,12,"{'non_keloid': 201, 'keloid': 132}","{'non_keloid': 8, 'keloid': 4}",0.5,0.5,0.4375,0.4375,0.40625000000000006,"[[1, 3], [3, 5]]","['keloid', 'non_keloid']"
keloid_binary,leave_accession_out_GSE188952,published_markers_only,none,knn,333,12,"{'non_keloid': 201, 'keloid': 132}","{'non_keloid': 8, 'keloid': 4}",0.25,0.2237762238,0.3125,0.24475524480000002,0.3125,"[[2, 2], [7, 1]]","['keloid', 'non_keloid']"
keloid_binary,leave_accession_out_GSE188952,published_markers_only,none,small_mlp,333,12,"{'non_keloid': 201, 'keloid': 132}","{'non_keloid': 8, 'keloid': 4}",0.5833333333,0.5925925926,0.5625,0.5555555556,0.5,"[[2, 2], [3, 5]]","['keloid', 'non_keloid']"
keloid_binary,leave_accession_out_GSE188952,expanded_profibrotic_only,none,majority,333,12,"{'non_keloid': 201, 'keloid': 132}","{'non_keloid': 8, 'keloid': 4}",0.6666666667000001,0.5333333333,0.5,0.4,0.5,"[[0, 4], [0, 8]]","['keloid', 'non_keloid']"
keloid_binary,leave_accession_out_GSE188952,expanded_profibrotic_only,none,stratified_random,333,12,"{'non_keloid': 201, 'keloid': 132}","{'non_keloid': 8, 'keloid': 4}",0.5,0.5,0.5625,0.5,0.5625,"[[3, 1], [5, 3]]","['keloid', 'non_keloid']"
keloid_binary,leave_accession_out_GSE188952,expanded_profibrotic_only,none,elastic_net_logreg,333,12,"{'non_keloid': 201, 'keloid': 132}","{'non_keloid': 8, 'keloid': 4}",0.4166666667,0.4289044289,0.4375,0.41258741260000004,0.40625000000000006,"[[2, 2], [5, 3]]","['keloid', 'non_keloid']"
keloid_binary,leave_accession_out_GSE188952,expanded_profibrotic_only,none,linear_svm,333,12,"{'non_keloid': 201, 'keloid': 132}","{'non_keloid': 8, 'keloid': 4}",0.4166666667,0.4289044289,0.4375,0.41258741260000004,0.40625000000000006,"[[2, 2], [5, 3]]","['keloid', 'non_keloid']"
keloid_binary,leave_accession_out_GSE188952,expanded_profibrotic_only,none,random_forest,333,12,"{'non_keloid': 201, 'keloid': 132}","{'non_keloid': 8, 'keloid': 4}",0.33333333330000003,0.3523809524,0.3125,0.3142857143,0.3125,"[[1, 3], [5, 3]]","['keloid', 'non_keloid']"
keloid_binary,leave_accession_out_GSE188952,expanded_profibrotic_only,none,hist_gradient_boosting,333,12,"{'non_keloid': 201, 'keloid': 132}","{'non_keloid': 8, 'keloid': 4}",0.25,0.2666666667,0.1875,0.2,0.3125,"[[0, 4], [5, 3]]","['keloid', 'non_keloid']"
keloid_binary,leave_accession_out_GSE188952,expanded_profibrotic_only,none,knn,333,12,"{'non_keloid': 201, 'keloid': 132}","{'non_keloid': 8, 'keloid': 4}",0.25,0.2666666667,0.1875,0.2,0.28125,"[[0, 4], [5, 3]]","['keloid', 'non_keloid']"
keloid_binary,leave_accession_out_GSE188952,expanded_profibrotic_only,none,small_mlp,333,12,"{'non_keloid': 201, 'keloid': 132}","{'non_keloid': 8, 'keloid': 4}",0.33333333330000003,0.27619047620000003,0.4375,0.3142857143,0.375,"[[3, 1], [7, 1]]","['keloid', 'non_keloid']"
keloid_binary,leave_accession_out_GSE188952,shared_genes,none,majority,333,12,"{'non_keloid': 201, 'keloid': 132}","{'non_keloid': 8, 'keloid': 4}",0.6666666667000001,0.5333333333,0.5,0.4,0.5,"[[0, 4], [0, 8]]","['keloid', 'non_keloid']"
keloid_binary,leave_accession_out_GSE188952,shared_genes,none,stratified_random,333,12,"{'non_keloid': 201, 'keloid': 132}","{'non_keloid': 8, 'keloid': 4}",0.5,0.5,0.5625,0.5,0.5625,"[[3, 1], [5, 3]]","['keloid', 'non_keloid']"
keloid_binary,leave_accession_out_GSE188952,shared_genes,none,elastic_net_logreg,333,12,"{'non_keloid': 201, 'keloid': 132}","{'non_keloid': 8, 'keloid': 4}",0.4166666667,0.3962703963,0.5,0.41258741260000004,0.4375,"[[3, 1], [6, 2]]","['keloid', 'non_keloid']"
keloid_binary,leave_accession_out_GSE188952,shared_genes,none,linear_svm,333,12,"{'non_keloid': 201, 'keloid': 132}","{'non_keloid': 8, 'keloid': 4}",0.4166666667,0.3962703963,0.5,0.41258741260000004,0.53125,"[[3, 1], [6, 2]]","['keloid', 'non_keloid']"
keloid_binary,leave_accession_out_GSE188952,shared_genes,none,random_forest,333,12,"{'non_keloid': 201, 'keloid': 132}","{'non_keloid': 8, 'keloid': 4}",0.33333333330000003,0.1666666667,0.5,0.25,0.46875000000000006,"[[4, 0], [8, 0]]","['keloid', 'non_keloid']"
keloid_binary,leave_accession_out_GSE188952,shared_genes,none,hist_gradient_boosting,333,12,"{'non_keloid': 201, 'keloid': 132}","{'non_keloid': 8, 'keloid': 4}",0.5833333333,0.5925925926,0.5625,0.5555555556,0.40625000000000006,"[[2, 2], [3, 5]]","['keloid', 'non_keloid']"
keloid_binary,leave_accession_out_GSE188952,shared_genes,none,knn,333,12,"{'non_keloid': 201, 'keloid': 132}","{'non_keloid': 8, 'keloid': 4}",0.33333333330000003,0.27619047620000003,0.4375,0.3142857143,0.53125,"[[3, 1], [7, 1]]","['keloid', 'non_keloid']"
keloid_binary,leave_accession_out_GSE188952,modules_only,none,majority,333,12,"{'non_keloid': 201, 'keloid': 132}","{'non_keloid': 8, 'keloid': 4}",0.6666666667000001,0.5333333333,0.5,0.4,0.5,"[[0, 4], [0, 8]]","['keloid', 'non_keloid']"
keloid_binary,leave_accession_out_GSE188952,modules_only,none,stratified_random,333,12,"{'non_keloid': 201, 'keloid': 132}","{'non_keloid': 8, 'keloid': 4}",0.5,0.5,0.5625,0.5,0.5625,"[[3, 1], [5, 3]]","['keloid', 'non_keloid']"
keloid_binary,leave_accession_out_GSE188952,modules_only,none,elastic_net_logreg,333,12,"{'non_keloid': 201, 'keloid': 132}","{'non_keloid': 8, 'keloid': 4}",0.5,0.5142857143,0.5,0.4857142857,0.375,"[[2, 2], [4, 4]]","['keloid', 'non_keloid']"
keloid_binary,leave_accession_out_GSE188952,modules_only,none,linear_svm,333,12,"{'non_keloid': 201, 'keloid': 132}","{'non_keloid': 8, 'keloid': 4}",0.5,0.5142857143,0.5,0.4857142857,0.46875000000000006,"[[2, 2], [4, 4]]","['keloid', 'non_keloid']"
keloid_binary,leave_accession_out_GSE188952,modules_only,none,random_forest,333,12,"{'non_keloid': 201, 'keloid': 132}","{'non_keloid': 8, 'keloid': 4}",0.33333333330000003,0.33333333330000003,0.25,0.25,0.1875,"[[0, 4], [4, 4]]","['keloid', 'non_keloid']"
keloid_binary,leave_accession_out_GSE188952,modules_only,none,hist_gradient_boosting,333,12,"{'non_keloid': 201, 'keloid': 132}","{'non_keloid': 8, 'keloid': 4}",0.33333333330000003,0.33333333330000003,0.25,0.25,0.1875,"[[0, 4], [4, 4]]","['keloid', 'non_keloid']"
keloid_binary,leave_accession_out_GSE188952,modules_only,none,knn,333,12,"{'non_keloid': 201, 'keloid': 132}","{'non_keloid': 8, 'keloid': 4}",0.1666666667,0.1904761905,0.125,0.1428571429,0.0,"[[0, 4], [6, 2]]","['keloid', 'non_keloid']"
keloid_binary,leave_accession_out_GSE188952,modules_only,none,small_mlp,333,12,"{'non_keloid': 201, 'keloid': 132}","{'non_keloid': 8, 'keloid': 4}",0.4166666667,0.4296296296,0.375,0.3777777778,0.40625000000000006,"[[1, 3], [4, 4]]","['keloid', 'non_keloid']"
keloid_binary,leave_accession_out_GSE188952,low_i2_core_only,none,majority,333,12,"{'non_keloid': 201, 'keloid': 132}","{'non_keloid': 8, 'keloid': 4}",0.6666666667000001,0.5333333333,0.5,0.4,0.5,"[[0, 4], [0, 8]]","['keloid', 'non_keloid']"
keloid_binary,leave_accession_out_GSE188952,low_i2_core_only,none,stratified_random,333,12,"{'non_keloid': 201, 'keloid': 132}","{'non_keloid': 8, 'keloid': 4}",0.5,0.5,0.5625,0.5,0.5625,"[[3, 1], [5, 3]]","['keloid', 'non_keloid']"
keloid_binary,leave_accession_out_GSE188952,low_i2_core_only,none,elastic_net_logreg,333,12,"{'non_keloid': 201, 'keloid': 132}","{'non_keloid': 8, 'keloid': 4}",0.33333333330000003,0.1666666667,0.5,0.25,0.5,"[[4, 0], [8, 0]]","['keloid', 'non_keloid']"
keloid_binary,leave_accession_out_GSE188952,low_i2_core_only,none,linear_svm,333,12,"{'non_keloid': 201, 'keloid': 132}","{'non_keloid': 8, 'keloid': 4}",0.33333333330000003,0.1666666667,0.5,0.25,0.5,"[[4, 0], [8, 0]]","['keloid', 'non_keloid']"
keloid_binary,leave_accession_out_GSE188952,low_i2_core_only,none,random_forest,333,12,"{'non_keloid': 201, 'keloid': 132}","{'non_keloid': 8, 'keloid': 4}",0.33333333330000003,0.1666666667,0.5,0.25,0.5,"[[4, 0], [8, 0]]","['keloid', 'non_keloid']"
keloid_binary,leave_accession_out_GSE188952,low_i2_core_only,none,hist_gradient_boosting,333,12,"{'non_keloid': 201, 'keloid': 132}","{'non_keloid': 8, 'keloid': 4}",0.33333333330000003,0.1666666667,0.5,0.25,0.5,"[[4, 0], [8, 0]]","['keloid', 'non_keloid']"
keloid_binary,leave_accession_out_GSE188952,low_i2_core_only,none,knn,333,12,"{'non_keloid': 201, 'keloid': 132}","{'non_keloid': 8, 'keloid': 4}",0.33333333330000003,0.1666666667,0.5,0.25,0.5,"[[4, 0], [8, 0]]","['keloid', 'non_keloid']"
keloid_binary,leave_accession_out_GSE188952,low_i2_core_only,none,small_mlp,333,12,"{'non_keloid': 201, 'keloid': 132}","{'non_keloid': 8, 'keloid': 4}",0.33333333330000003,0.1666666667,0.5,0.25,0.5,"[[4, 0], [8, 0]]","['keloid', 'non_keloid']"
keloid_binary,leave_accession_out_GSE44270,profibrotic_module_only,none,majority,279,32,"{'non_keloid': 162, 'keloid': 117}","{'keloid': 18, 'non_keloid': 14}",0.4375,0.2663043478,0.5,0.3043478261,0.5,"[[0, 18], [0, 14]]","['keloid', 'non_keloid']"
keloid_binary,leave_accession_out_GSE44270,profibrotic_module_only,none,stratified_random,279,32,"{'non_keloid': 162, 'keloid': 117}","{'keloid': 18, 'non_keloid': 14}",0.5625,0.5642156863000001,0.5634920635,0.5607843137,0.5634920635,"[[10, 8], [6, 8]]","['keloid', 'non_keloid']"
keloid_binary,leave_accession_out_GSE44270,profibrotic_module_only,none,elastic_net_logreg,279,32,"{'non_keloid': 162, 'keloid': 117}","{'keloid': 18, 'non_keloid': 14}",0.5625,0.405,0.5,0.36,0.5,"[[18, 0], [14, 0]]","['keloid', 'non_keloid']"
keloid_binary,leave_accession_out_GSE44270,profibrotic_module_only,none,linear_svm,279,32,"{'non_keloid': 162, 'keloid': 117}","{'keloid': 18, 'non_keloid': 14}",0.5625,0.405,0.5,0.36,0.5,"[[18, 0], [14, 0]]","['keloid', 'non_keloid']"
keloid_binary,leave_accession_out_GSE44270,profibrotic_module_only,none,random_forest,279,32,"{'non_keloid': 162, 'keloid': 117}","{'keloid': 18, 'non_keloid': 14}",0.5625,0.405,0.5,0.36,0.5,"[[18, 0], [14, 0]]","['keloid', 'non_keloid']"
keloid_binary,leave_accession_out_GSE44270,profibrotic_module_only,none,hist_gradient_boosting,279,32,"{'non_keloid': 162, 'keloid': 117}","{'keloid': 18, 'non_keloid': 14}",0.5625,0.405,0.5,0.36,0.5,"[[18, 0], [14, 0]]","['keloid', 'non_keloid']"
keloid_binary,leave_accession_out_GSE44270,profibrotic_module_only,none,knn,279,32,"{'non_keloid': 162, 'keloid': 117}","{'keloid': 18, 'non_keloid': 14}",0.5625,0.405,0.5,0.36,0.5,"[[18, 0], [14, 0]]","['keloid', 'non_keloid']"
keloid_binary,leave_accession_out_GSE44270,profibrotic_module_only,none,small_mlp,279,32,"{'non_keloid': 162, 'keloid': 117}","{'keloid': 18, 'non_keloid': 14}",0.5625,0.405,0.5,0.36,0.5,"[[18, 0], [14, 0]]","['keloid', 'non_keloid']"
keloid_binary,leave_accession_out_GSE44270,modules_rank_plus_expanded,none,majority,279,32,"{'non_keloid': 162, 'keloid': 117}","{'keloid': 18, 'non_keloid': 14}",0.4375,0.2663043478,0.5,0.3043478261,0.5,"[[0, 18], [0, 14]]","['keloid', 'non_keloid']"
keloid_binary,leave_accession_out_GSE44270,modules_rank_plus_expanded,none,stratified_random,279,32,"{'non_keloid': 162, 'keloid': 117}","{'keloid': 18, 'non_keloid': 14}",0.5625,0.5642156863000001,0.5634920635,0.5607843137,0.5634920635,"[[10, 8], [6, 8]]","['keloid', 'non_keloid']"
keloid_binary,leave_accession_out_GSE44270,modules_rank_plus_expanded,none,elastic_net_logreg,279,32,"{'non_keloid': 162, 'keloid': 117}","{'keloid': 18, 'non_keloid': 14}",0.5625,0.405,0.5,0.36,0.5,"[[18, 0], [14, 0]]","['keloid', 'non_keloid']"
keloid_binary,leave_accession_out_GSE44270,modules_rank_plus_expanded,none,linear_svm,279,32,"{'non_keloid': 162, 'keloid': 117}","{'keloid': 18, 'non_keloid': 14}",0.5625,0.405,0.5,0.36,0.5,"[[18, 0], [14, 0]]","['keloid', 'non_keloid']"
keloid_binary,leave_accession_out_GSE44270,modules_rank_plus_expanded,none,random_forest,279,32,"{'non_keloid': 162, 'keloid': 117}","{'keloid': 18, 'non_keloid': 14}",0.5625,0.405,0.5,0.36,0.5,"[[18, 0], [14, 0]]","['keloid', 'non_keloid']"
keloid_binary,leave_accession_out_GSE44270,modules_rank_plus_expanded,none,hist_gradient_boosting,279,32,"{'non_keloid': 162, 'keloid': 117}","{'keloid': 18, 'non_keloid': 14}",0.5625,0.405,0.5,0.36,0.5,"[[18, 0], [14, 0]]","['keloid', 'non_keloid']"
keloid_binary,leave_accession_out_GSE44270,modules_rank_plus_expanded,none,knn,279,32,"{'non_keloid': 162, 'keloid': 117}","{'keloid': 18, 'non_keloid': 14}",0.5625,0.405,0.5,0.36,0.5,"[[18, 0], [14, 0]]","['keloid', 'non_keloid']"
keloid_binary,leave_accession_out_GSE44270,modules_rank_plus_expanded,none,small_mlp,279,32,"{'non_keloid': 162, 'keloid': 117}","{'keloid': 18, 'non_keloid': 14}",0.5625,0.405,0.5,0.36,0.5,"[[18, 0], [14, 0]]","['keloid', 'non_keloid']"
keloid_binary,leave_accession_out_GSE44270,modules_rank_only,none,majority,279,32,"{'non_keloid': 162, 'keloid': 117}","{'keloid': 18, 'non_keloid': 14}",0.4375,0.2663043478,0.5,0.3043478261,0.5,"[[0, 18], [0, 14]]","['keloid', 'non_keloid']"
keloid_binary,leave_accession_out_GSE44270,modules_rank_only,none,stratified_random,279,32,"{'non_keloid': 162, 'keloid': 117}","{'keloid': 18, 'non_keloid': 14}",0.5625,0.5642156863000001,0.5634920635,0.5607843137,0.5634920635,"[[10, 8], [6, 8]]","['keloid', 'non_keloid']"
keloid_binary,leave_accession_out_GSE44270,modules_rank_only,none,elastic_net_logreg,279,32,"{'non_keloid': 162, 'keloid': 117}","{'keloid': 18, 'non_keloid': 14}",0.5625,0.405,0.5,0.36,0.5,"[[18, 0], [14, 0]]","['keloid', 'non_keloid']"
keloid_binary,leave_accession_out_GSE44270,modules_rank_only,none,linear_svm,279,32,"{'non_keloid': 162, 'keloid': 117}","{'keloid': 18, 'non_keloid': 14}",0.5625,0.405,0.5,0.36,0.5,"[[18, 0], [14, 0]]","['keloid', 'non_keloid']"
keloid_binary,leave_accession_out_GSE44270,modules_rank_only,none,random_forest,279,32,"{'non_keloid': 162, 'keloid': 117}","{'keloid': 18, 'non_keloid': 14}",0.5625,0.405,0.5,0.36,0.5,"[[18, 0], [14, 0]]","['keloid', 'non_keloid']"
keloid_binary,leave_accession_out_GSE44270,modules_rank_only,none,hist_gradient_boosting,279,32,"{'non_keloid': 162, 'keloid': 117}","{'keloid': 18, 'non_keloid': 14}",0.5625,0.405,0.5,0.36,0.5,"[[18, 0], [14, 0]]","['keloid', 'non_keloid']"
keloid_binary,leave_accession_out_GSE44270,modules_rank_only,none,knn,279,32,"{'non_keloid': 162, 'keloid': 117}","{'keloid': 18, 'non_keloid': 14}",0.5625,0.405,0.5,0.36,0.5,"[[18, 0], [14, 0]]","['keloid', 'non_keloid']"
keloid_binary,leave_accession_out_GSE44270,modules_rank_only,none,small_mlp,279,32,"{'non_keloid': 162, 'keloid': 117}","{'keloid': 18, 'non_keloid': 14}",0.5625,0.405,0.5,0.36,0.5,"[[18, 0], [14, 0]]","['keloid', 'non_keloid']"
keloid_binary,leave_accession_out_GSE44270,shared_genes_plus_modules,none,majority,279,32,"{'non_keloid': 162, 'keloid': 117}","{'keloid': 18, 'non_keloid': 14}",0.4375,0.2663043478,0.5,0.3043478261,0.5,"[[0, 18], [0, 14]]","['keloid', 'non_keloid']"
keloid_binary,leave_accession_out_GSE44270,shared_genes_plus_modules,none,stratified_random,279,32,"{'non_keloid': 162, 'keloid': 117}","{'keloid': 18, 'non_keloid': 14}",0.5625,0.5642156863000001,0.5634920635,0.5607843137,0.5634920635,"[[10, 8], [6, 8]]","['keloid', 'non_keloid']"
keloid_binary,leave_accession_out_GSE44270,shared_genes_plus_modules,none,elastic_net_logreg,279,32,"{'non_keloid': 162, 'keloid': 117}","{'keloid': 18, 'non_keloid': 14}",0.5625,0.405,0.5,0.36,0.5,"[[18, 0], [14, 0]]","['keloid', 'non_keloid']"
keloid_binary,leave_accession_out_GSE44270,shared_genes_plus_modules,none,linear_svm,279,32,"{'non_keloid': 162, 'keloid': 117}","{'keloid': 18, 'non_keloid': 14}",0.5625,0.405,0.5,0.36,0.5,"[[18, 0], [14, 0]]","['keloid', 'non_keloid']"
keloid_binary,leave_accession_out_GSE44270,shared_genes_plus_modules,none,random_forest,279,32,"{'non_keloid': 162, 'keloid': 117}","{'keloid': 18, 'non_keloid': 14}",0.4375,0.2663043478,0.5,0.3043478261,0.5,"[[0, 18], [0, 14]]","['keloid', 'non_keloid']"
keloid_binary,leave_accession_out_GSE44270,shared_genes_plus_modules,none,hist_gradient_boosting,279,32,"{'non_keloid': 162, 'keloid': 117}","{'keloid': 18, 'non_keloid': 14}",0.4375,0.2663043478,0.5,0.3043478261,0.5,"[[0, 18], [0, 14]]","['keloid', 'non_keloid']"
keloid_binary,leave_accession_out_GSE44270,shared_genes_plus_modules,none,knn,279,32,"{'non_keloid': 162, 'keloid': 117}","{'keloid': 18, 'non_keloid': 14}",0.4375,0.2663043478,0.5,0.3043478261,0.5,"[[0, 18], [0, 14]]","['keloid', 'non_keloid']"
keloid_binary,leave_accession_out_GSE44270,shared_genes_plus_modules,none,small_mlp,279,32,"{'non_keloid': 162, 'keloid': 117}","{'keloid': 18, 'non_keloid': 14}",0.5625,0.405,0.5,0.36,0.5,"[[18, 0], [14, 0]]","['keloid', 'non_keloid']"
keloid_binary,leave_accession_out_GSE44270,published_markers_only,none,majority,279,32,"{'non_keloid': 162, 'keloid': 117}","{'keloid': 18, 'non_keloid': 14}",0.4375,0.2663043478,0.5,0.3043478261,0.5,"[[0, 18], [0, 14]]","['keloid', 'non_keloid']"
keloid_binary,leave_accession_out_GSE44270,published_markers_only,none,stratified_random,279,32,"{'non_keloid': 162, 'keloid': 117}","{'keloid': 18, 'non_keloid': 14}",0.5625,0.5642156863000001,0.5634920635,0.5607843137,0.5634920635,"[[10, 8], [6, 8]]","['keloid', 'non_keloid']"
keloid_binary,leave_accession_out_GSE44270,published_markers_only,none,elastic_net_logreg,279,32,"{'non_keloid': 162, 'keloid': 117}","{'keloid': 18, 'non_keloid': 14}",0.5625,0.405,0.5,0.36,0.5,"[[18, 0], [14, 0]]","['keloid', 'non_keloid']"
keloid_binary,leave_accession_out_GSE44270,published_markers_only,none,linear_svm,279,32,"{'non_keloid': 162, 'keloid': 117}","{'keloid': 18, 'non_keloid': 14}",0.5625,0.405,0.5,0.36,0.5,"[[18, 0], [14, 0]]","['keloid', 'non_keloid']"
keloid_binary,leave_accession_out_GSE44270,published_markers_only,none,random_forest,279,32,"{'non_keloid': 162, 'keloid': 117}","{'keloid': 18, 'non_keloid': 14}",0.4375,0.2663043478,0.5,0.3043478261,0.5,"[[0, 18], [0, 14]]","['keloid', 'non_keloid']"
keloid_binary,leave_accession_out_GSE44270,published_markers_only,none,hist_gradient_boosting,279,32,"{'non_keloid': 162, 'keloid': 117}","{'keloid': 18, 'non_keloid': 14}",0.4375,0.2663043478,0.5,0.3043478261,0.5,"[[0, 18], [0, 14]]","['keloid', 'non_keloid']"
keloid_binary,leave_accession_out_GSE44270,published_markers_only,none,knn,279,32,"{'non_keloid': 162, 'keloid': 117}","{'keloid': 18, 'non_keloid': 14}",0.4375,0.2663043478,0.5,0.3043478261,0.5,"[[0, 18], [0, 14]]","['keloid', 'non_keloid']"
keloid_binary,leave_accession_out_GSE44270,published_markers_only,none,small_mlp,279,32,"{'non_keloid': 162, 'keloid': 117}","{'keloid': 18, 'non_keloid': 14}",0.5625,0.405,0.5,0.36,0.5,"[[18, 0], [14, 0]]","['keloid', 'non_keloid']"
keloid_binary,leave_accession_out_GSE44270,expanded_profibrotic_only,none,majority,279,32,"{'non_keloid': 162, 'keloid': 117}","{'keloid': 18, 'non_keloid': 14}",0.4375,0.2663043478,0.5,0.3043478261,0.5,"[[0, 18], [0, 14]]","['keloid', 'non_keloid']"
keloid_binary,leave_accession_out_GSE44270,expanded_profibrotic_only,none,stratified_random,279,32,"{'non_keloid': 162, 'keloid': 117}","{'keloid': 18, 'non_keloid': 14}",0.5625,0.5642156863000001,0.5634920635,0.5607843137,0.5634920635,"[[10, 8], [6, 8]]","['keloid', 'non_keloid']"
keloid_binary,leave_accession_out_GSE44270,expanded_profibrotic_only,none,elastic_net_logreg,279,32,"{'non_keloid': 162, 'keloid': 117}","{'keloid': 18, 'non_keloid': 14}",0.5625,0.405,0.5,0.36,0.5,"[[18, 0], [14, 0]]","['keloid', 'non_keloid']"
keloid_binary,leave_accession_out_GSE44270,expanded_profibrotic_only,none,linear_svm,279,32,"{'non_keloid': 162, 'keloid': 117}","{'keloid': 18, 'non_keloid': 14}",0.5625,0.405,0.5,0.36,0.5,"[[18, 0], [14, 0]]","['keloid', 'non_keloid']"
keloid_binary,leave_accession_out_GSE44270,expanded_profibrotic_only,none,random_forest,279,32,"{'non_keloid': 162, 'keloid': 117}","{'keloid': 18, 'non_keloid': 14}",0.5625,0.405,0.5,0.36,0.5,"[[18, 0], [14, 0]]","['keloid', 'non_keloid']"
keloid_binary,leave_accession_out_GSE44270,expanded_profibrotic_only,none,hist_gradient_boosting,279,32,"{'non_keloid': 162, 'keloid': 117}","{'keloid': 18, 'non_keloid': 14}",0.5625,0.405,0.5,0.36,0.5,"[[18, 0], [14, 0]]","['keloid', 'non_keloid']"
keloid_binary,leave_accession_out_GSE44270,expanded_profibrotic_only,none,knn,279,32,"{'non_keloid': 162, 'keloid': 117}","{'keloid': 18, 'non_keloid': 14}",0.4375,0.2663043478,0.5,0.3043478261,0.5,"[[0, 18], [0, 14]]","['keloid', 'non_keloid']"
keloid_binary,leave_accession_out_GSE44270,expanded_profibrotic_only,none,small_mlp,279,32,"{'non_keloid': 162, 'keloid': 117}","{'keloid': 18, 'non_keloid': 14}",0.5625,0.405,0.5,0.36,0.5,"[[18, 0], [14, 0]]","['keloid', 'non_keloid']"
keloid_binary,leave_accession_out_GSE44270,shared_genes,none,majority,279,32,"{'non_keloid': 162, 'keloid': 117}","{'keloid': 18, 'non_keloid': 14}",0.4375,0.2663043478,0.5,0.3043478261,0.5,"[[0, 18], [0, 14]]","['keloid', 'non_keloid']"
keloid_binary,leave_accession_out_GSE44270,shared_genes,none,stratified_random,279,32,"{'non_keloid': 162, 'keloid': 117}","{'keloid': 18, 'non_keloid': 14}",0.5625,0.5642156863000001,0.5634920635,0.5607843137,0.5634920635,"[[10, 8], [6, 8]]","['keloid', 'non_keloid']"
keloid_binary,leave_accession_out_GSE44270,shared_genes,none,elastic_net_logreg,279,32,"{'non_keloid': 162, 'keloid': 117}","{'keloid': 18, 'non_keloid': 14}",0.5625,0.405,0.5,0.36,0.5,"[[18, 0], [14, 0]]","['keloid', 'non_keloid']"
keloid_binary,leave_accession_out_GSE44270,shared_genes,none,linear_svm,279,32,"{'non_keloid': 162, 'keloid': 117}","{'keloid': 18, 'non_keloid': 14}",0.5625,0.405,0.5,0.36,0.5,"[[18, 0], [14, 0]]","['keloid', 'non_keloid']"
keloid_binary,leave_accession_out_GSE44270,shared_genes,none,random_forest,279,32,"{'non_keloid': 162, 'keloid': 117}","{'keloid': 18, 'non_keloid': 14}",0.4375,0.2663043478,0.5,0.3043478261,0.5,"[[0, 18], [0, 14]]","['keloid', 'non_keloid']"
keloid_binary,leave_accession_out_GSE44270,shared_genes,none,hist_gradient_boosting,279,32,"{'non_keloid': 162, 'keloid': 117}","{'keloid': 18, 'non_keloid': 14}",0.4375,0.2663043478,0.5,0.3043478261,0.5,"[[0, 18], [0, 14]]","['keloid', 'non_keloid']"
keloid_binary,leave_accession_out_GSE44270,shared_genes,none,knn,279,32,"{'non_keloid': 162, 'keloid': 117}","{'keloid': 18, 'non_keloid': 14}",0.4375,0.2663043478,0.5,0.3043478261,0.5,"[[0, 18], [0, 14]]","['keloid', 'non_keloid']"
keloid_binary,leave_accession_out_GSE44270,modules_only,none,majority,279,32,"{'non_keloid': 162, 'keloid': 117}","{'keloid': 18, 'non_keloid': 14}",0.4375,0.2663043478,0.5,0.3043478261,0.5,"[[0, 18], [0, 14]]","['keloid', 'non_keloid']"
keloid_binary,leave_accession_out_GSE44270,modules_only,none,stratified_random,279,32,"{'non_keloid': 162, 'keloid': 117}","{'keloid': 18, 'non_keloid': 14}",0.5625,0.5642156863000001,0.5634920635,0.5607843137,0.5634920635,"[[10, 8], [6, 8]]","['keloid', 'non_keloid']"
keloid_binary,leave_accession_out_GSE44270,modules_only,none,elastic_net_logreg,279,32,"{'non_keloid': 162, 'keloid': 117}","{'keloid': 18, 'non_keloid': 14}",0.5625,0.405,0.5,0.36,0.5,"[[18, 0], [14, 0]]","['keloid', 'non_keloid']"
keloid_binary,leave_accession_out_GSE44270,modules_only,none,linear_svm,279,32,"{'non_keloid': 162, 'keloid': 117}","{'keloid': 18, 'non_keloid': 14}",0.5625,0.405,0.5,0.36,0.5,"[[18, 0], [14, 0]]","['keloid', 'non_keloid']"
keloid_binary,leave_accession_out_GSE44270,modules_only,none,random_forest,279,32,"{'non_keloid': 162, 'keloid': 117}","{'keloid': 18, 'non_keloid': 14}",0.5625,0.405,0.5,0.36,0.5,"[[18, 0], [14, 0]]","['keloid', 'non_keloid']"
keloid_binary,leave_accession_out_GSE44270,modules_only,none,hist_gradient_boosting,279,32,"{'non_keloid': 162, 'keloid': 117}","{'keloid': 18, 'non_keloid': 14}",0.5625,0.405,0.5,0.36,0.5,"[[18, 0], [14, 0]]","['keloid', 'non_keloid']"
keloid_binary,leave_accession_out_GSE44270,modules_only,none,knn,279,32,"{'non_keloid': 162, 'keloid': 117}","{'keloid': 18, 'non_keloid': 14}",0.4375,0.2663043478,0.5,0.3043478261,0.5,"[[0, 18], [0, 14]]","['keloid', 'non_keloid']"
keloid_binary,leave_accession_out_GSE44270,modules_only,none,small_mlp,279,32,"{'non_keloid': 162, 'keloid': 117}","{'keloid': 18, 'non_keloid': 14}",0.5625,0.405,0.5,0.36,0.5,"[[18, 0], [14, 0]]","['keloid', 'non_keloid']"
keloid_binary,leave_accession_out_GSE44270,low_i2_core_only,none,majority,279,32,"{'non_keloid': 162, 'keloid': 117}","{'keloid': 18, 'non_keloid': 14}",0.4375,0.2663043478,0.5,0.3043478261,0.5,"[[0, 18], [0, 14]]","['keloid', 'non_keloid']"
keloid_binary,leave_accession_out_GSE44270,low_i2_core_only,none,stratified_random,279,32,"{'non_keloid': 162, 'keloid': 117}","{'keloid': 18, 'non_keloid': 14}",0.5625,0.5642156863000001,0.5634920635,0.5607843137,0.5634920635,"[[10, 8], [6, 8]]","['keloid', 'non_keloid']"
keloid_binary,leave_accession_out_GSE44270,low_i2_core_only,none,elastic_net_logreg,279,32,"{'non_keloid': 162, 'keloid': 117}","{'keloid': 18, 'non_keloid': 14}",0.5625,0.405,0.5,0.36,0.5,"[[18, 0], [14, 0]]","['keloid', 'non_keloid']"
keloid_binary,leave_accession_out_GSE44270,low_i2_core_only,none,linear_svm,279,32,"{'non_keloid': 162, 'keloid': 117}","{'keloid': 18, 'non_keloid': 14}",0.5625,0.405,0.5,0.36,0.5,"[[18, 0], [14, 0]]","['keloid', 'non_keloid']"
keloid_binary,leave_accession_out_GSE44270,low_i2_core_only,none,random_forest,279,32,"{'non_keloid': 162, 'keloid': 117}","{'keloid': 18, 'non_keloid': 14}",0.4375,0.2663043478,0.5,0.3043478261,0.5,"[[0, 18], [0, 14]]","['keloid', 'non_keloid']"
keloid_binary,leave_accession_out_GSE44270,low_i2_core_only,none,hist_gradient_boosting,279,32,"{'non_keloid': 162, 'keloid': 117}","{'keloid': 18, 'non_keloid': 14}",0.4375,0.2663043478,0.5,0.3043478261,0.5,"[[0, 18], [0, 14]]","['keloid', 'non_keloid']"
keloid_binary,leave_accession_out_GSE44270,low_i2_core_only,none,knn,279,32,"{'non_keloid': 162, 'keloid': 117}","{'keloid': 18, 'non_keloid': 14}",0.5625,0.405,0.5,0.36,0.5,"[[18, 0], [14, 0]]","['keloid', 'non_keloid']"
keloid_binary,leave_accession_out_GSE44270,low_i2_core_only,none,small_mlp,279,32,"{'non_keloid': 162, 'keloid': 117}","{'keloid': 18, 'non_keloid': 14}",0.4375,0.2663043478,0.5,0.3043478261,0.5,"[[0, 18], [0, 14]]","['keloid', 'non_keloid']"
keloid_binary,leave_accession_out_GSE7890,profibrotic_module_only,none,majority,315,19,"{'non_keloid': 196, 'keloid': 119}","{'keloid': 10, 'non_keloid': 9}",0.47368421050000004,0.3045112782,0.5,0.32142857140000003,0.5,"[[0, 10], [0, 9]]","['keloid', 'non_keloid']"
keloid_binary,leave_accession_out_GSE7890,profibrotic_module_only,none,stratified_random,315,19,"{'non_keloid': 196, 'keloid': 119}","{'keloid': 10, 'non_keloid': 9}",0.7368421053,0.7368421053,0.7388888889,0.7368421053,0.7388888889,"[[7, 3], [2, 7]]","['keloid', 'non_keloid']"
keloid_binary,leave_accession_out_GSE7890,profibrotic_module_only,none,elastic_net_logreg,315,19,"{'non_keloid': 196, 'keloid': 119}","{'keloid': 10, 'non_keloid': 9}",0.8421052632,0.8421052632,0.8444444444,0.8421052632,0.7444444444,"[[8, 2], [1, 8]]","['keloid', 'non_keloid']"
keloid_binary,leave_accession_out_GSE7890,profibrotic_module_only,none,linear_svm,315,19,"{'non_keloid': 196, 'keloid': 119}","{'keloid': 10, 'non_keloid': 9}",0.8421052632,0.8421052632,0.8444444444,0.8421052632,0.7444444444,"[[8, 2], [1, 8]]","['keloid', 'non_keloid']"
keloid_binary,leave_accession_out_GSE7890,profibrotic_module_only,none,random_forest,315,19,"{'non_keloid': 196, 'keloid': 119}","{'keloid': 10, 'non_keloid': 9}",0.5263157895,0.5183547103,0.5333333333,0.5210084034,0.6333333333,"[[4, 6], [3, 6]]","['keloid', 'non_keloid']"
keloid_binary,leave_accession_out_GSE7890,profibrotic_module_only,none,hist_gradient_boosting,315,19,"{'non_keloid': 196, 'keloid': 119}","{'keloid': 10, 'non_keloid': 9}",0.6842105263,0.6734449761,0.6944444444,0.6761363636000001,0.6888888889,"[[5, 5], [1, 8]]","['keloid', 'non_keloid']"
keloid_binary,leave_accession_out_GSE7890,profibrotic_module_only,none,knn,315,19,"{'non_keloid': 196, 'keloid': 119}","{'keloid': 10, 'non_keloid': 9}",0.5789473684,0.5766081871000001,0.5833333333,0.5777777778000001,0.7000000000000001,"[[5, 5], [3, 6]]","['keloid', 'non_keloid']"
keloid_binary,leave_accession_out_GSE7890,profibrotic_module_only,none,small_mlp,315,19,"{'non_keloid': 196, 'keloid': 119}","{'keloid': 10, 'non_keloid': 9}",0.8421052632,0.8421052632,0.8444444444,0.8421052632,0.7444444444,"[[8, 2], [1, 8]]","['keloid', 'non_keloid']"
keloid_binary,leave_accession_out_GSE7890,modules_rank_plus_expanded,none,majority,315,19,"{'non_keloid': 196, 'keloid': 119}","{'keloid': 10, 'non_keloid': 9}",0.47368421050000004,0.3045112782,0.5,0.32142857140000003,0.5,"[[0, 10], [0, 9]]","['keloid', 'non_keloid']"
keloid_binary,leave_accession_out_GSE7890,modules_rank_plus_expanded,none,stratified_random,315,19,"{'non_keloid': 196, 'keloid': 119}","{'keloid': 10, 'non_keloid': 9}",0.7368421053,0.7368421053,0.7388888889,0.7368421053,0.7388888889,"[[7, 3], [2, 7]]","['keloid', 'non_keloid']"
keloid_binary,leave_accession_out_GSE7890,modules_rank_plus_expanded,none,elastic_net_logreg,315,19,"{'non_keloid': 196, 'keloid': 119}","{'keloid': 10, 'non_keloid': 9}",0.6315789474,0.6295149639000001,0.6277777778,0.6274509804,0.6444444444,"[[7, 3], [4, 5]]","['keloid', 'non_keloid']"
keloid_binary,leave_accession_out_GSE7890,modules_rank_plus_expanded,none,linear_svm,315,19,"{'non_keloid': 196, 'keloid': 119}","{'keloid': 10, 'non_keloid': 9}",0.6315789474,0.6295149639000001,0.6277777778,0.6274509804,0.6666666667000001,"[[7, 3], [4, 5]]","['keloid', 'non_keloid']"
keloid_binary,leave_accession_out_GSE7890,modules_rank_plus_expanded,none,random_forest,315,19,"{'non_keloid': 196, 'keloid': 119}","{'keloid': 10, 'non_keloid': 9}",0.5263157895,0.5183547103,0.5333333333,0.5210084034,0.5666666667,"[[4, 6], [3, 6]]","['keloid', 'non_keloid']"
keloid_binary,leave_accession_out_GSE7890,modules_rank_plus_expanded,none,hist_gradient_boosting,315,19,"{'non_keloid': 196, 'keloid': 119}","{'keloid': 10, 'non_keloid': 9}",0.5263157895,0.5263157895,0.5277777778,0.5263157895,0.6222222222,"[[5, 5], [4, 5]]","['keloid', 'non_keloid']"
keloid_binary,leave_accession_out_GSE7890,modules_rank_plus_expanded,none,knn,315,19,"{'non_keloid': 196, 'keloid': 119}","{'keloid': 10, 'non_keloid': 9}",0.47368421050000004,0.4707602339,0.4777777778,0.47222222220000004,0.5944444444,"[[4, 6], [4, 5]]","['keloid', 'non_keloid']"
keloid_binary,leave_accession_out_GSE7890,modules_rank_plus_expanded,none,small_mlp,315,19,"{'non_keloid': 196, 'keloid': 119}","{'keloid': 10, 'non_keloid': 9}",0.6842105263,0.6417004049,0.6666666667000001,0.6346153846,0.8555555556000001,"[[10, 0], [6, 3]]","['keloid', 'non_keloid']"
keloid_binary,leave_accession_out_GSE7890,modules_rank_only,none,majority,315,19,"{'non_keloid': 196, 'keloid': 119}","{'keloid': 10, 'non_keloid': 9}",0.47368421050000004,0.3045112782,0.5,0.32142857140000003,0.5,"[[0, 10], [0, 9]]","['keloid', 'non_keloid']"
keloid_binary,leave_accession_out_GSE7890,modules_rank_only,none,stratified_random,315,19,"{'non_keloid': 196, 'keloid': 119}","{'keloid': 10, 'non_keloid': 9}",0.7368421053,0.7368421053,0.7388888889,0.7368421053,0.7388888889,"[[7, 3], [2, 7]]","['keloid', 'non_keloid']"
keloid_binary,leave_accession_out_GSE7890,modules_rank_only,none,elastic_net_logreg,315,19,"{'non_keloid': 196, 'keloid': 119}","{'keloid': 10, 'non_keloid': 9}",0.5263157895,0.5263157895,0.5277777778,0.5263157895,0.6111111111,"[[5, 5], [4, 5]]","['keloid', 'non_keloid']"
keloid_binary,leave_accession_out_GSE7890,modules_rank_only,none,linear_svm,315,19,"{'non_keloid': 196, 'keloid': 119}","{'keloid': 10, 'non_keloid': 9}",0.5789473684,0.5766081871000001,0.5833333333,0.5777777778000001,0.6000000000000001,"[[5, 5], [3, 6]]","['keloid', 'non_keloid']"
keloid_binary,leave_accession_out_GSE7890,modules_rank_only,none,random_forest,315,19,"{'non_keloid': 196, 'keloid': 119}","{'keloid': 10, 'non_keloid': 9}",0.5263157895,0.49885583520000004,0.5388888889,0.5043478261000001,0.6333333333,"[[3, 7], [2, 7]]","['keloid', 'non_keloid']"
keloid_binary,leave_accession_out_GSE7890,modules_rank_only,none,hist_gradient_boosting,315,19,"{'non_keloid': 196, 'keloid': 119}","{'keloid': 10, 'non_keloid': 9}",0.5789473684,0.5766081871000001,0.5833333333,0.5777777778000001,0.6555555556,"[[5, 5], [3, 6]]","['keloid', 'non_keloid']"
keloid_binary,leave_accession_out_GSE7890,modules_rank_only,none,knn,315,19,"{'non_keloid': 196, 'keloid': 119}","{'keloid': 10, 'non_keloid': 9}",0.5263157895,0.5183547103,0.5333333333,0.5210084034,0.6111111111,"[[4, 6], [3, 6]]","['keloid', 'non_keloid']"
keloid_binary,leave_accession_out_GSE7890,modules_rank_only,none,small_mlp,315,19,"{'non_keloid': 196, 'keloid': 119}","{'keloid': 10, 'non_keloid': 9}",0.4210526316,0.4210526316,0.4222222222,0.4210526316,0.5555555556,"[[4, 6], [5, 4]]","['keloid', 'non_keloid']"
keloid_binary,leave_accession_out_GSE7890,shared_genes_plus_modules,none,majority,315,19,"{'non_keloid': 196, 'keloid': 119}","{'keloid': 10, 'non_keloid': 9}",0.47368421050000004,0.3045112782,0.5,0.32142857140000003,0.5,"[[0, 10], [0, 9]]","['keloid', 'non_keloid']"
keloid_binary,leave_accession_out_GSE7890,shared_genes_plus_modules,none,stratified_random,315,19,"{'non_keloid': 196, 'keloid': 119}","{'keloid': 10, 'non_keloid': 9}",0.7368421053,0.7368421053,0.7388888889,0.7368421053,0.7388888889,"[[7, 3], [2, 7]]","['keloid', 'non_keloid']"
keloid_binary,leave_accession_out_GSE7890,shared_genes_plus_modules,none,elastic_net_logreg,315,19,"{'non_keloid': 196, 'keloid': 119}","{'keloid': 10, 'non_keloid': 9}",0.5789473684,0.5717703349000001,0.5722222222000001,0.5681818182,0.7111111111,"[[7, 3], [5, 4]]","['keloid', 'non_keloid']"
keloid_binary,leave_accession_out_GSE7890,shared_genes_plus_modules,none,linear_svm,315,19,"{'non_keloid': 196, 'keloid': 119}","{'keloid': 10, 'non_keloid': 9}",0.7368421053,0.7353678313,0.7333333333000001,0.7338935574000001,0.7777777778,"[[8, 2], [3, 6]]","['keloid', 'non_keloid']"
keloid_binary,leave_accession_out_GSE7890,shared_genes_plus_modules,none,random_forest,315,19,"{'non_keloid': 196, 'keloid': 119}","{'keloid': 10, 'non_keloid': 9}",0.3157894737,0.2273684211,0.33333333330000003,0.24,0.5,"[[0, 10], [3, 6]]","['keloid', 'non_keloid']"
keloid_binary,leave_accession_out_GSE7890,shared_genes_plus_modules,none,hist_gradient_boosting,315,19,"{'non_keloid': 196, 'keloid': 119}","{'keloid': 10, 'non_keloid': 9}",0.47368421050000004,0.4557416268,0.4833333333,0.4602272727,0.41111111110000004,"[[3, 7], [3, 6]]","['keloid', 'non_keloid']"
keloid_binary,leave_accession_out_GSE7890,shared_genes_plus_modules,none,knn,315,19,"{'non_keloid': 196, 'keloid': 119}","{'keloid': 10, 'non_keloid': 9}",0.47368421050000004,0.3045112782,0.5,0.32142857140000003,0.5444444444000001,"[[0, 10], [0, 9]]","['keloid', 'non_keloid']"
keloid_binary,leave_accession_out_GSE7890,shared_genes_plus_modules,none,small_mlp,315,19,"{'non_keloid': 196, 'keloid': 119}","{'keloid': 10, 'non_keloid': 9}",0.5263157895,0.5098398169,0.5166666667,0.5043478261000001,0.4777777778,"[[7, 3], [6, 3]]","['keloid', 'non_keloid']"
keloid_binary,leave_accession_out_GSE7890,published_markers_only,none,majority,315,19,"{'non_keloid': 196, 'keloid': 119}","{'keloid': 10, 'non_keloid': 9}",0.47368421050000004,0.3045112782,0.5,0.32142857140000003,0.5,"[[0, 10], [0, 9]]","['keloid', 'non_keloid']"
keloid_binary,leave_accession_out_GSE7890,published_markers_only,none,stratified_random,315,19,"{'non_keloid': 196, 'keloid': 119}","{'keloid': 10, 'non_keloid': 9}",0.7368421053,0.7368421053,0.7388888889,0.7368421053,0.7388888889,"[[7, 3], [2, 7]]","['keloid', 'non_keloid']"
keloid_binary,leave_accession_out_GSE7890,published_markers_only,none,elastic_net_logreg,315,19,"{'non_keloid': 196, 'keloid': 119}","{'keloid': 10, 'non_keloid': 9}",0.47368421050000004,0.47368421050000004,0.47222222220000004,0.47222222220000004,0.5,"[[5, 5], [5, 4]]","['keloid', 'non_keloid']"
keloid_binary,leave_accession_out_GSE7890,published_markers_only,none,linear_svm,315,19,"{'non_keloid': 196, 'keloid': 119}","{'keloid': 10, 'non_keloid': 9}",0.47368421050000004,0.47368421050000004,0.47222222220000004,0.47222222220000004,0.4222222222,"[[5, 5], [5, 4]]","['keloid', 'non_keloid']"
keloid_binary,leave_accession_out_GSE7890,published_markers_only,none,random_forest,315,19,"{'non_keloid': 196, 'keloid': 119}","{'keloid': 10, 'non_keloid': 9}",0.5789473684,0.5413533835000001,0.5944444444,0.5476190476,0.4555555556,"[[3, 7], [1, 8]]","['keloid', 'non_keloid']"
keloid_binary,leave_accession_out_GSE7890,published_markers_only,none,hist_gradient_boosting,315,19,"{'non_keloid': 196, 'keloid': 119}","{'keloid': 10, 'non_keloid': 9}",0.47368421050000004,0.4266917293,0.48888888890000004,0.4345238095,0.3222222222,"[[2, 8], [2, 7]]","['keloid', 'non_keloid']"
keloid_binary,leave_accession_out_GSE7890,published_markers_only,none,knn,315,19,"{'non_keloid': 196, 'keloid': 119}","{'keloid': 10, 'non_keloid': 9}",0.3684210526,0.36491228070000004,0.3722222222,0.36666666670000003,0.4555555556,"[[3, 7], [5, 4]]","['keloid', 'non_keloid']"
keloid_binary,leave_accession_out_GSE7890,published_markers_only,none,small_mlp,315,19,"{'non_keloid': 196, 'keloid': 119}","{'keloid': 10, 'non_keloid': 9}",0.47368421050000004,0.4557416268,0.4833333333,0.4602272727,0.4444444444,"[[3, 7], [3, 6]]","['keloid', 'non_keloid']"
keloid_binary,leave_accession_out_GSE7890,expanded_profibrotic_only,none,majority,315,19,"{'non_keloid': 196, 'keloid': 119}","{'keloid': 10, 'non_keloid': 9}",0.47368421050000004,0.3045112782,0.5,0.32142857140000003,0.5,"[[0, 10], [0, 9]]","['keloid', 'non_keloid']"
keloid_binary,leave_accession_out_GSE7890,expanded_profibrotic_only,none,stratified_random,315,19,"{'non_keloid': 196, 'keloid': 119}","{'keloid': 10, 'non_keloid': 9}",0.7368421053,0.7368421053,0.7388888889,0.7368421053,0.7388888889,"[[7, 3], [2, 7]]","['keloid', 'non_keloid']"
keloid_binary,leave_accession_out_GSE7890,expanded_profibrotic_only,none,elastic_net_logreg,315,19,"{'non_keloid': 196, 'keloid': 119}","{'keloid': 10, 'non_keloid': 9}",0.47368421050000004,0.46471291870000003,0.4666666667,0.4602272727,0.45,"[[6, 4], [6, 3]]","['keloid', 'non_keloid']"
keloid_binary,leave_accession_out_GSE7890,expanded_profibrotic_only,none,linear_svm,315,19,"{'non_keloid': 196, 'keloid': 119}","{'keloid': 10, 'non_keloid': 9}",0.47368421050000004,0.46471291870000003,0.4666666667,0.4602272727,0.45,"[[6, 4], [6, 3]]","['keloid', 'non_keloid']"
keloid_binary,leave_accession_out_GSE7890,expanded_profibrotic_only,none,random_forest,315,19,"{'non_keloid': 196, 'keloid': 119}","{'keloid': 10, 'non_keloid': 9}",0.3157894737,0.3157894737,0.3166666667,0.3157894737,0.3722222222,"[[3, 7], [6, 3]]","['keloid', 'non_keloid']"
keloid_binary,leave_accession_out_GSE7890,expanded_profibrotic_only,none,hist_gradient_boosting,315,19,"{'non_keloid': 196, 'keloid': 119}","{'keloid': 10, 'non_keloid': 9}",0.3684210526,0.3468899522,0.3777777778,0.35227272730000003,0.25,"[[2, 8], [4, 5]]","['keloid', 'non_keloid']"
keloid_binary,leave_accession_out_GSE7890,expanded_profibrotic_only,none,knn,315,19,"{'non_keloid': 196, 'keloid': 119}","{'keloid': 10, 'non_keloid': 9}",0.4210526316,0.4210526316,0.4222222222,0.4210526316,0.4777777778,"[[4, 6], [5, 4]]","['keloid', 'non_keloid']"
keloid_binary,leave_accession_out_GSE7890,expanded_profibrotic_only,none,small_mlp,315,19,"{'non_keloid': 196, 'keloid': 119}","{'keloid': 10, 'non_keloid': 9}",0.5263157895,0.5098398169,0.5166666667,0.5043478261000001,0.45,"[[7, 3], [6, 3]]","['keloid', 'non_keloid']"
keloid_binary,leave_accession_out_GSE7890,shared_genes,none,majority,315,19,"{'non_keloid': 196, 'keloid': 119}","{'keloid': 10, 'non_keloid': 9}",0.47368421050000004,0.3045112782,0.5,0.32142857140000003,0.5,"[[0, 10], [0, 9]]","['keloid', 'non_keloid']"
keloid_binary,leave_accession_out_GSE7890,shared_genes,none,stratified_random,315,19,"{'non_keloid': 196, 'keloid': 119}","{'keloid': 10, 'non_keloid': 9}",0.7368421053,0.7368421053,0.7388888889,0.7368421053,0.7388888889,"[[7, 3], [2, 7]]","['keloid', 'non_keloid']"
keloid_binary,leave_accession_out_GSE7890,shared_genes,none,elastic_net_logreg,315,19,"{'non_keloid': 196, 'keloid': 119}","{'keloid': 10, 'non_keloid': 9}",0.5789473684,0.5717703349000001,0.5722222222000001,0.5681818182,0.7222222222,"[[7, 3], [5, 4]]","['keloid', 'non_keloid']"
keloid_binary,leave_accession_out_GSE7890,shared_genes,none,linear_svm,315,19,"{'non_keloid': 196, 'keloid': 119}","{'keloid': 10, 'non_keloid': 9}",0.7368421053,0.7353678313,0.7333333333000001,0.7338935574000001,0.7666666667,"[[8, 2], [3, 6]]","['keloid', 'non_keloid']"
keloid_binary,leave_accession_out_GSE7890,shared_genes,none,random_forest,315,19,"{'non_keloid': 196, 'keloid': 119}","{'keloid': 10, 'non_keloid': 9}",0.3684210526,0.2550607287,0.3888888889,0.2692307692,0.3888888889,"[[0, 10], [2, 7]]","['keloid', 'non_keloid']"
keloid_binary,leave_accession_out_GSE7890,shared_genes,none,hist_gradient_boosting,315,19,"{'non_keloid': 196, 'keloid': 119}","{'keloid': 10, 'non_keloid': 9}",0.47368421050000004,0.4707602339,0.4777777778,0.47222222220000004,0.4555555556,"[[4, 6], [4, 5]]","['keloid', 'non_keloid']"
keloid_binary,leave_accession_out_GSE7890,shared_genes,none,knn,315,19,"{'non_keloid': 196, 'keloid': 119}","{'keloid': 10, 'non_keloid': 9}",0.47368421050000004,0.3045112782,0.5,0.32142857140000003,0.5444444444000001,"[[0, 10], [0, 9]]","['keloid', 'non_keloid']"
keloid_binary,leave_accession_out_GSE7890,modules_only,none,majority,315,19,"{'non_keloid': 196, 'keloid': 119}","{'keloid': 10, 'non_keloid': 9}",0.47368421050000004,0.3045112782,0.5,0.32142857140000003,0.5,"[[0, 10], [0, 9]]","['keloid', 'non_keloid']"
keloid_binary,leave_accession_out_GSE7890,modules_only,none,stratified_random,315,19,"{'non_keloid': 196, 'keloid': 119}","{'keloid': 10, 'non_keloid': 9}",0.7368421053,0.7368421053,0.7388888889,0.7368421053,0.7388888889,"[[7, 3], [2, 7]]","['keloid', 'non_keloid']"
keloid_binary,leave_accession_out_GSE7890,modules_only,none,elastic_net_logreg,315,19,"{'non_keloid': 196, 'keloid': 119}","{'keloid': 10, 'non_keloid': 9}",0.5789473684,0.5766081871000001,0.5833333333,0.5777777778000001,0.6666666667000001,"[[5, 5], [3, 6]]","['keloid', 'non_keloid']"
keloid_binary,leave_accession_out_GSE7890,modules_only,none,linear_svm,315,19,"{'non_keloid': 196, 'keloid': 119}","{'keloid': 10, 'non_keloid': 9}",0.6315789474,0.6253869969,0.6388888889000001,0.6274509804,0.6777777778,"[[5, 5], [2, 7]]","['keloid', 'non_keloid']"
keloid_binary,leave_accession_out_GSE7890,modules_only,none,random_forest,315,19,"{'non_keloid': 196, 'keloid': 119}","{'keloid': 10, 'non_keloid': 9}",0.47368421050000004,0.4557416268,0.4833333333,0.4602272727,0.5666666667,"[[3, 7], [3, 6]]","['keloid', 'non_keloid']"
keloid_binary,leave_accession_out_GSE7890,modules_only,none,hist_gradient_boosting,315,19,"{'non_keloid': 196, 'keloid': 119}","{'keloid': 10, 'non_keloid': 9}",0.47368421050000004,0.4266917293,0.48888888890000004,0.4345238095,0.4777777778,"[[2, 8], [2, 7]]","['keloid', 'non_keloid']"
keloid_binary,leave_accession_out_GSE7890,modules_only,none,knn,315,19,"{'non_keloid': 196, 'keloid': 119}","{'keloid': 10, 'non_keloid': 9}",0.5789473684,0.5413533835000001,0.5944444444,0.5476190476,0.7055555556,"[[3, 7], [1, 8]]","['keloid', 'non_keloid']"
keloid_binary,leave_accession_out_GSE7890,modules_only,none,small_mlp,315,19,"{'non_keloid': 196, 'keloid': 119}","{'keloid': 10, 'non_keloid': 9}",0.7368421053,0.7353678313,0.7333333333000001,0.7338935574000001,0.6777777778,"[[8, 2], [3, 6]]","['keloid', 'non_keloid']"
keloid_binary,leave_accession_out_GSE7890,low_i2_core_only,none,majority,315,19,"{'non_keloid': 196, 'keloid': 119}","{'keloid': 10, 'non_keloid': 9}",0.47368421050000004,0.3045112782,0.5,0.32142857140000003,0.5,"[[0, 10], [0, 9]]","['keloid', 'non_keloid']"
keloid_binary,leave_accession_out_GSE7890,low_i2_core_only,none,stratified_random,315,19,"{'non_keloid': 196, 'keloid': 119}","{'keloid': 10, 'non_keloid': 9}",0.7368421053,0.7368421053,0.7388888889,0.7368421053,0.7388888889,"[[7, 3], [2, 7]]","['keloid', 'non_keloid']"
keloid_binary,leave_accession_out_GSE7890,low_i2_core_only,none,elastic_net_logreg,315,19,"{'non_keloid': 196, 'keloid': 119}","{'keloid': 10, 'non_keloid': 9}",0.8421052632,0.8421052632,0.8444444444,0.8421052632,0.9111111111,"[[8, 2], [1, 8]]","['keloid', 'non_keloid']"
keloid_binary,leave_accession_out_GSE7890,low_i2_core_only,none,linear_svm,315,19,"{'non_keloid': 196, 'keloid': 119}","{'keloid': 10, 'non_keloid': 9}",0.8421052632,0.8421052632,0.8444444444,0.8421052632,0.8777777778,"[[8, 2], [1, 8]]","['keloid', 'non_keloid']"
keloid_binary,leave_accession_out_GSE7890,low_i2_core_only,none,random_forest,315,19,"{'non_keloid': 196, 'keloid': 119}","{'keloid': 10, 'non_keloid': 9}",0.7894736842000001,0.7883040936,0.7944444444000001,0.7888888889,0.9222222222,"[[7, 3], [1, 8]]","['keloid', 'non_keloid']"
keloid_binary,leave_accession_out_GSE7890,low_i2_core_only,none,hist_gradient_boosting,315,19,"{'non_keloid': 196, 'keloid': 119}","{'keloid': 10, 'non_keloid': 9}",0.7368421053,0.7324192835000001,0.7444444444,0.7338935574000001,0.8888888889000001,"[[6, 4], [1, 8]]","['keloid', 'non_keloid']"
keloid_binary,leave_accession_out_GSE7890,low_i2_core_only,none,knn,315,19,"{'non_keloid': 196, 'keloid': 119}","{'keloid': 10, 'non_keloid': 9}",0.7368421053,0.7276887872000001,0.7277777778000001,0.7246376812,0.8388888889,"[[9, 1], [4, 5]]","['keloid', 'non_keloid']"
keloid_binary,leave_accession_out_GSE7890,low_i2_core_only,none,small_mlp,315,19,"{'non_keloid': 196, 'keloid': 119}","{'keloid': 10, 'non_keloid': 9}",0.7894736842000001,0.7822966507,0.8,0.7840909091,0.9111111111,"[[6, 4], [0, 9]]","['keloid', 'non_keloid']"
keloid_binary,leave_accession_out_Sun_Burns,profibrotic_module_only,none,majority,220,25,"{'keloid': 129, 'non_keloid': 91}","{'keloid': 17, 'non_keloid': 8}",0.68,0.5504761905000001,0.5,0.4047619048,0.5,"[[17, 0], [8, 0]]","['keloid', 'non_keloid']"
keloid_binary,leave_accession_out_Sun_Burns,profibrotic_module_only,none,stratified_random,220,25,"{'keloid': 129, 'non_keloid': 91}","{'keloid': 17, 'non_keloid': 8}",0.68,0.6906666667,0.6985294118,0.6666666667000001,0.6985294118,"[[11, 6], [2, 6]]","['keloid', 'non_keloid']"
keloid_binary,leave_accession_out_Sun_Burns,profibrotic_module_only,none,elastic_net_logreg,220,25,"{'keloid': 129, 'non_keloid': 91}","{'keloid': 17, 'non_keloid': 8}",0.32,0.1551515152,0.5,0.24242424240000002,0.5,"[[0, 17], [0, 8]]","['keloid', 'non_keloid']"
keloid_binary,leave_accession_out_Sun_Burns,profibrotic_module_only,none,linear_svm,220,25,"{'keloid': 129, 'non_keloid': 91}","{'keloid': 17, 'non_keloid': 8}",0.32,0.1551515152,0.5,0.24242424240000002,0.5,"[[0, 17], [0, 8]]","['keloid', 'non_keloid']"
keloid_binary,leave_accession_out_Sun_Burns,profibrotic_module_only,none,random_forest,220,25,"{'keloid': 129, 'non_keloid': 91}","{'keloid': 17, 'non_keloid': 8}",0.68,0.5504761905000001,0.5,0.4047619048,0.5,"[[17, 0], [8, 0]]","['keloid', 'non_keloid']"
keloid_binary,leave_accession_out_Sun_Burns,profibrotic_module_only,none,hist_gradient_boosting,220,25,"{'keloid': 129, 'non_keloid': 91}","{'keloid': 17, 'non_keloid': 8}",0.68,0.5504761905000001,0.5,0.4047619048,0.5,"[[17, 0], [8, 0]]","['keloid', 'non_keloid']"
keloid_binary,leave_accession_out_Sun_Burns,profibrotic_module_only,none,knn,220,25,"{'keloid': 129, 'non_keloid': 91}","{'keloid': 17, 'non_keloid': 8}",0.68,0.5504761905000001,0.5,0.4047619048,0.5,"[[17, 0], [8, 0]]","['keloid', 'non_keloid']"
keloid_binary,leave_accession_out_Sun_Burns,profibrotic_module_only,none,small_mlp,220,25,"{'keloid': 129, 'non_keloid': 91}","{'keloid': 17, 'non_keloid': 8}",0.68,0.5504761905000001,0.5,0.4047619048,0.5,"[[17, 0], [8, 0]]","['keloid', 'non_keloid']"
keloid_binary,leave_accession_out_Sun_Burns,modules_rank_plus_expanded,none,majority,220,25,"{'keloid': 129, 'non_keloid': 91}","{'keloid': 17, 'non_keloid': 8}",0.68,0.5504761905000001,0.5,0.4047619048,0.5,"[[17, 0], [8, 0]]","['keloid', 'non_keloid']"
keloid_binary,leave_accession_out_Sun_Burns,modules_rank_plus_expanded,none,stratified_random,220,25,"{'keloid': 129, 'non_keloid': 91}","{'keloid': 17, 'non_keloid': 8}",0.68,0.6906666667,0.6985294118,0.6666666667000001,0.6985294118,"[[11, 6], [2, 6]]","['keloid', 'non_keloid']"
keloid_binary,leave_accession_out_Sun_Burns,modules_rank_plus_expanded,none,elastic_net_logreg,220,25,"{'keloid': 129, 'non_keloid': 91}","{'keloid': 17, 'non_keloid': 8}",0.68,0.5504761905000001,0.5,0.4047619048,0.5,"[[17, 0], [8, 0]]","['keloid', 'non_keloid']"
keloid_binary,leave_accession_out_Sun_Burns,modules_rank_plus_expanded,none,linear_svm,220,25,"{'keloid': 129, 'non_keloid': 91}","{'keloid': 17, 'non_keloid': 8}",0.68,0.5504761905000001,0.5,0.4047619048,0.5,"[[17, 0], [8, 0]]","['keloid', 'non_keloid']"
keloid_binary,leave_accession_out_Sun_Burns,modules_rank_plus_expanded,none,random_forest,220,25,"{'keloid': 129, 'non_keloid': 91}","{'keloid': 17, 'non_keloid': 8}",0.32,0.1551515152,0.5,0.24242424240000002,0.5,"[[0, 17], [0, 8]]","['keloid', 'non_keloid']"
keloid_binary,leave_accession_out_Sun_Burns,modules_rank_plus_expanded,none,hist_gradient_boosting,220,25,"{'keloid': 129, 'non_keloid': 91}","{'keloid': 17, 'non_keloid': 8}",0.32,0.1551515152,0.5,0.24242424240000002,0.5,"[[0, 17], [0, 8]]","['keloid', 'non_keloid']"
keloid_binary,leave_accession_out_Sun_Burns,modules_rank_plus_expanded,none,knn,220,25,"{'keloid': 129, 'non_keloid': 91}","{'keloid': 17, 'non_keloid': 8}",0.32,0.1551515152,0.5,0.24242424240000002,0.5,"[[0, 17], [0, 8]]","['keloid', 'non_keloid']"
keloid_binary,leave_accession_out_Sun_Burns,modules_rank_plus_expanded,none,small_mlp,220,25,"{'keloid': 129, 'non_keloid': 91}","{'keloid': 17, 'non_keloid': 8}",0.68,0.5504761905000001,0.5,0.4047619048,0.5,"[[17, 0], [8, 0]]","['keloid', 'non_keloid']"
keloid_binary,leave_accession_out_Sun_Burns,modules_rank_only,none,majority,220,25,"{'keloid': 129, 'non_keloid': 91}","{'keloid': 17, 'non_keloid': 8}",0.68,0.5504761905000001,0.5,0.4047619048,0.5,"[[17, 0], [8, 0]]","['keloid', 'non_keloid']"
keloid_binary,leave_accession_out_Sun_Burns,modules_rank_only,none,stratified_random,220,25,"{'keloid': 129, 'non_keloid': 91}","{'keloid': 17, 'non_keloid': 8}",0.68,0.6906666667,0.6985294118,0.6666666667000001,0.6985294118,"[[11, 6], [2, 6]]","['keloid', 'non_keloid']"
keloid_binary,leave_accession_out_Sun_Burns,modules_rank_only,none,elastic_net_logreg,220,25,"{'keloid': 129, 'non_keloid': 91}","{'keloid': 17, 'non_keloid': 8}",0.68,0.5504761905000001,0.5,0.4047619048,0.5,"[[17, 0], [8, 0]]","['keloid', 'non_keloid']"
keloid_binary,leave_accession_out_Sun_Burns,modules_rank_only,none,linear_svm,220,25,"{'keloid': 129, 'non_keloid': 91}","{'keloid': 17, 'non_keloid': 8}",0.68,0.5504761905000001,0.5,0.4047619048,0.5,"[[17, 0], [8, 0]]","['keloid', 'non_keloid']"
keloid_binary,leave_accession_out_Sun_Burns,modules_rank_only,none,random_forest,220,25,"{'keloid': 129, 'non_keloid': 91}","{'keloid': 17, 'non_keloid': 8}",0.32,0.1551515152,0.5,0.24242424240000002,0.5,"[[0, 17], [0, 8]]","['keloid', 'non_keloid']"
keloid_binary,leave_accession_out_Sun_Burns,modules_rank_only,none,hist_gradient_boosting,220,25,"{'keloid': 129, 'non_keloid': 91}","{'keloid': 17, 'non_keloid': 8}",0.32,0.1551515152,0.5,0.24242424240000002,0.5,"[[0, 17], [0, 8]]","['keloid', 'non_keloid']"
keloid_binary,leave_accession_out_Sun_Burns,modules_rank_only,none,knn,220,25,"{'keloid': 129, 'non_keloid': 91}","{'keloid': 17, 'non_keloid': 8}",0.32,0.1551515152,0.5,0.24242424240000002,0.5,"[[0, 17], [0, 8]]","['keloid', 'non_keloid']"
keloid_binary,leave_accession_out_Sun_Burns,modules_rank_only,none,small_mlp,220,25,"{'keloid': 129, 'non_keloid': 91}","{'keloid': 17, 'non_keloid': 8}",0.68,0.5504761905000001,0.5,0.4047619048,0.5,"[[17, 0], [8, 0]]","['keloid', 'non_keloid']"
keloid_binary,leave_accession_out_Sun_Burns,shared_genes_plus_modules,none,majority,220,25,"{'keloid': 129, 'non_keloid': 91}","{'keloid': 17, 'non_keloid': 8}",0.68,0.5504761905000001,0.5,0.4047619048,0.5,"[[17, 0], [8, 0]]","['keloid', 'non_keloid']"
keloid_binary,leave_accession_out_Sun_Burns,shared_genes_plus_modules,none,stratified_random,220,25,"{'keloid': 129, 'non_keloid': 91}","{'keloid': 17, 'non_keloid': 8}",0.68,0.6906666667,0.6985294118,0.6666666667000001,0.6985294118,"[[11, 6], [2, 6]]","['keloid', 'non_keloid']"
keloid_binary,leave_accession_out_Sun_Burns,shared_genes_plus_modules,none,elastic_net_logreg,220,25,"{'keloid': 129, 'non_keloid': 91}","{'keloid': 17, 'non_keloid': 8}",0.68,0.5504761905000001,0.5,0.4047619048,0.5,"[[17, 0], [8, 0]]","['keloid', 'non_keloid']"
keloid_binary,leave_accession_out_Sun_Burns,shared_genes_plus_modules,none,linear_svm,220,25,"{'keloid': 129, 'non_keloid': 91}","{'keloid': 17, 'non_keloid': 8}",0.32,0.1551515152,0.5,0.24242424240000002,0.4705882353,"[[0, 17], [0, 8]]","['keloid', 'non_keloid']"
keloid_binary,leave_accession_out_Sun_Burns,shared_genes_plus_modules,none,random_forest,220,25,"{'keloid': 129, 'non_keloid': 91}","{'keloid': 17, 'non_keloid': 8}",0.32,0.1551515152,0.5,0.24242424240000002,0.5,"[[0, 17], [0, 8]]","['keloid', 'non_keloid']"
keloid_binary,leave_accession_out_Sun_Burns,shared_genes_plus_modules,none,hist_gradient_boosting,220,25,"{'keloid': 129, 'non_keloid': 91}","{'keloid': 17, 'non_keloid': 8}",0.68,0.5504761905000001,0.5,0.4047619048,0.5,"[[17, 0], [8, 0]]","['keloid', 'non_keloid']"
keloid_binary,leave_accession_out_Sun_Burns,shared_genes_plus_modules,none,knn,220,25,"{'keloid': 129, 'non_keloid': 91}","{'keloid': 17, 'non_keloid': 8}",0.68,0.5504761905000001,0.5,0.4047619048,0.5,"[[17, 0], [8, 0]]","['keloid', 'non_keloid']"
keloid_binary,leave_accession_out_Sun_Burns,shared_genes_plus_modules,none,small_mlp,220,25,"{'keloid': 129, 'non_keloid': 91}","{'keloid': 17, 'non_keloid': 8}",0.68,0.5504761905000001,0.5,0.4047619048,0.5,"[[17, 0], [8, 0]]","['keloid', 'non_keloid']"
keloid_binary,leave_accession_out_Sun_Burns,published_markers_only,none,majority,220,25,"{'keloid': 129, 'non_keloid': 91}","{'keloid': 17, 'non_keloid': 8}",0.68,0.5504761905000001,0.5,0.4047619048,0.5,"[[17, 0], [8, 0]]","['keloid', 'non_keloid']"
keloid_binary,leave_accession_out_Sun_Burns,published_markers_only,none,stratified_random,220,25,"{'keloid': 129, 'non_keloid': 91}","{'keloid': 17, 'non_keloid': 8}",0.68,0.6906666667,0.6985294118,0.6666666667000001,0.6985294118,"[[11, 6], [2, 6]]","['keloid', 'non_keloid']"
keloid_binary,leave_accession_out_Sun_Burns,published_markers_only,none,elastic_net_logreg,220,25,"{'keloid': 129, 'non_keloid': 91}","{'keloid': 17, 'non_keloid': 8}",0.68,0.5504761905000001,0.5,0.4047619048,0.5,"[[17, 0], [8, 0]]","['keloid', 'non_keloid']"
keloid_binary,leave_accession_out_Sun_Burns,published_markers_only,none,linear_svm,220,25,"{'keloid': 129, 'non_keloid': 91}","{'keloid': 17, 'non_keloid': 8}",0.68,0.5504761905000001,0.5,0.4047619048,0.4705882353,"[[17, 0], [8, 0]]","['keloid', 'non_keloid']"
keloid_binary,leave_accession_out_Sun_Burns,published_markers_only,none,random_forest,220,25,"{'keloid': 129, 'non_keloid': 91}","{'keloid': 17, 'non_keloid': 8}",0.32,0.1551515152,0.5,0.24242424240000002,0.5,"[[0, 17], [0, 8]]","['keloid', 'non_keloid']"
keloid_binary,leave_accession_out_Sun_Burns,published_markers_only,none,hist_gradient_boosting,220,25,"{'keloid': 129, 'non_keloid': 91}","{'keloid': 17, 'non_keloid': 8}",0.68,0.5504761905000001,0.5,0.4047619048,0.5,"[[17, 0], [8, 0]]","['keloid', 'non_keloid']"
keloid_binary,leave_accession_out_Sun_Burns,published_markers_only,none,knn,220,25,"{'keloid': 129, 'non_keloid': 91}","{'keloid': 17, 'non_keloid': 8}",0.68,0.5504761905000001,0.5,0.4047619048,0.5,"[[17, 0], [8, 0]]","['keloid', 'non_keloid']"
keloid_binary,leave_accession_out_Sun_Burns,published_markers_only,none,small_mlp,220,25,"{'keloid': 129, 'non_keloid': 91}","{'keloid': 17, 'non_keloid': 8}",0.68,0.5504761905000001,0.5,0.4047619048,0.5,"[[17, 0], [8, 0]]","['keloid', 'non_keloid']"
keloid_binary,leave_accession_out_Sun_Burns,expanded_profibrotic_only,none,majority,220,25,"{'keloid': 129, 'non_keloid': 91}","{'keloid': 17, 'non_keloid': 8}",0.68,0.5504761905000001,0.5,0.4047619048,0.5,"[[17, 0], [8, 0]]","['keloid', 'non_keloid']"
keloid_binary,leave_accession_out_Sun_Burns,expanded_profibrotic_only,none,stratified_random,220,25,"{'keloid': 129, 'non_keloid': 91}","{'keloid': 17, 'non_keloid': 8}",0.68,0.6906666667,0.6985294118,0.6666666667000001,0.6985294118,"[[11, 6], [2, 6]]","['keloid', 'non_keloid']"
keloid_binary,leave_accession_out_Sun_Burns,expanded_profibrotic_only,none,elastic_net_logreg,220,25,"{'keloid': 129, 'non_keloid': 91}","{'keloid': 17, 'non_keloid': 8}",0.68,0.5504761905000001,0.5,0.4047619048,0.5,"[[17, 0], [8, 0]]","['keloid', 'non_keloid']"
keloid_binary,leave_accession_out_Sun_Burns,expanded_profibrotic_only,none,linear_svm,220,25,"{'keloid': 129, 'non_keloid': 91}","{'keloid': 17, 'non_keloid': 8}",0.68,0.5504761905000001,0.5,0.4047619048,0.5,"[[17, 0], [8, 0]]","['keloid', 'non_keloid']"
keloid_binary,leave_accession_out_Sun_Burns,expanded_profibrotic_only,none,random_forest,220,25,"{'keloid': 129, 'non_keloid': 91}","{'keloid': 17, 'non_keloid': 8}",0.32,0.1551515152,0.5,0.24242424240000002,0.5,"[[0, 17], [0, 8]]","['keloid', 'non_keloid']"
keloid_binary,leave_accession_out_Sun_Burns,expanded_profibrotic_only,none,hist_gradient_boosting,220,25,"{'keloid': 129, 'non_keloid': 91}","{'keloid': 17, 'non_keloid': 8}",0.68,0.5504761905000001,0.5,0.4047619048,0.5,"[[17, 0], [8, 0]]","['keloid', 'non_keloid']"
keloid_binary,leave_accession_out_Sun_Burns,expanded_profibrotic_only,none,knn,220,25,"{'keloid': 129, 'non_keloid': 91}","{'keloid': 17, 'non_keloid': 8}",0.32,0.1551515152,0.5,0.24242424240000002,0.5,"[[0, 17], [0, 8]]","['keloid', 'non_keloid']"
keloid_binary,leave_accession_out_Sun_Burns,expanded_profibrotic_only,none,small_mlp,220,25,"{'keloid': 129, 'non_keloid': 91}","{'keloid': 17, 'non_keloid': 8}",0.68,0.5504761905000001,0.5,0.4047619048,0.5,"[[17, 0], [8, 0]]","['keloid', 'non_keloid']"
keloid_binary,leave_accession_out_Sun_Burns,shared_genes,none,majority,220,25,"{'keloid': 129, 'non_keloid': 91}","{'keloid': 17, 'non_keloid': 8}",0.68,0.5504761905000001,0.5,0.4047619048,0.5,"[[17, 0], [8, 0]]","['keloid', 'non_keloid']"
keloid_binary,leave_accession_out_Sun_Burns,shared_genes,none,stratified_random,220,25,"{'keloid': 129, 'non_keloid': 91}","{'keloid': 17, 'non_keloid': 8}",0.68,0.6906666667,0.6985294118,0.6666666667000001,0.6985294118,"[[11, 6], [2, 6]]","['keloid', 'non_keloid']"
keloid_binary,leave_accession_out_Sun_Burns,shared_genes,none,elastic_net_logreg,220,25,"{'keloid': 129, 'non_keloid': 91}","{'keloid': 17, 'non_keloid': 8}",0.68,0.5504761905000001,0.5,0.4047619048,0.5,"[[17, 0], [8, 0]]","['keloid', 'non_keloid']"
keloid_binary,leave_accession_out_Sun_Burns,shared_genes,none,linear_svm,220,25,"{'keloid': 129, 'non_keloid': 91}","{'keloid': 17, 'non_keloid': 8}",0.32,0.1551515152,0.5,0.24242424240000002,0.4705882353,"[[0, 17], [0, 8]]","['keloid', 'non_keloid']"
keloid_binary,leave_accession_out_Sun_Burns,shared_genes,none,random_forest,220,25,"{'keloid': 129, 'non_keloid': 91}","{'keloid': 17, 'non_keloid': 8}",0.32,0.1551515152,0.5,0.24242424240000002,0.5,"[[0, 17], [0, 8]]","['keloid', 'non_keloid']"
keloid_binary,leave_accession_out_Sun_Burns,shared_genes,none,hist_gradient_boosting,220,25,"{'keloid': 129, 'non_keloid': 91}","{'keloid': 17, 'non_keloid': 8}",0.68,0.5504761905000001,0.5,0.4047619048,0.5,"[[17, 0], [8, 0]]","['keloid', 'non_keloid']"
keloid_binary,leave_accession_out_Sun_Burns,shared_genes,none,knn,220,25,"{'keloid': 129, 'non_keloid': 91}","{'keloid': 17, 'non_keloid': 8}",0.68,0.5504761905000001,0.5,0.4047619048,0.5,"[[17, 0], [8, 0]]","['keloid', 'non_keloid']"
keloid_binary,leave_accession_out_Sun_Burns,modules_only,none,majority,220,25,"{'keloid': 129, 'non_keloid': 91}","{'keloid': 17, 'non_keloid': 8}",0.68,0.5504761905000001,0.5,0.4047619048,0.5,"[[17, 0], [8, 0]]","['keloid', 'non_keloid']"
keloid_binary,leave_accession_out_Sun_Burns,modules_only,none,stratified_random,220,25,"{'keloid': 129, 'non_keloid': 91}","{'keloid': 17, 'non_keloid': 8}",0.68,0.6906666667,0.6985294118,0.6666666667000001,0.6985294118,"[[11, 6], [2, 6]]","['keloid', 'non_keloid']"
keloid_binary,leave_accession_out_Sun_Burns,modules_only,none,elastic_net_logreg,220,25,"{'keloid': 129, 'non_keloid': 91}","{'keloid': 17, 'non_keloid': 8}",0.68,0.5504761905000001,0.5,0.4047619048,0.5,"[[17, 0], [8, 0]]","['keloid', 'non_keloid']"
keloid_binary,leave_accession_out_Sun_Burns,modules_only,none,linear_svm,220,25,"{'keloid': 129, 'non_keloid': 91}","{'keloid': 17, 'non_keloid': 8}",0.68,0.5504761905000001,0.5,0.4047619048,0.5,"[[17, 0], [8, 0]]","['keloid', 'non_keloid']"
keloid_binary,leave_accession_out_Sun_Burns,modules_only,none,random_forest,220,25,"{'keloid': 129, 'non_keloid': 91}","{'keloid': 17, 'non_keloid': 8}",0.32,0.1551515152,0.5,0.24242424240000002,0.5,"[[0, 17], [0, 8]]","['keloid', 'non_keloid']"
keloid_binary,leave_accession_out_Sun_Burns,modules_only,none,hist_gradient_boosting,220,25,"{'keloid': 129, 'non_keloid': 91}","{'keloid': 17, 'non_keloid': 8}",0.68,0.5504761905000001,0.5,0.4047619048,0.5,"[[17, 0], [8, 0]]","['keloid', 'non_keloid']"
keloid_binary,leave_accession_out_Sun_Burns,modules_only,none,knn,220,25,"{'keloid': 129, 'non_keloid': 91}","{'keloid': 17, 'non_keloid': 8}",0.68,0.5504761905000001,0.5,0.4047619048,0.5,"[[17, 0], [8, 0]]","['keloid', 'non_keloid']"
keloid_binary,leave_accession_out_Sun_Burns,modules_only,none,small_mlp,220,25,"{'keloid': 129, 'non_keloid': 91}","{'keloid': 17, 'non_keloid': 8}",0.68,0.5504761905000001,0.5,0.4047619048,0.5,"[[17, 0], [8, 0]]","['keloid', 'non_keloid']"
keloid_binary,leave_accession_out_Sun_Burns,low_i2_core_only,none,majority,220,25,"{'keloid': 129, 'non_keloid': 91}","{'keloid': 17, 'non_keloid': 8}",0.68,0.5504761905000001,0.5,0.4047619048,0.5,"[[17, 0], [8, 0]]","['keloid', 'non_keloid']"
keloid_binary,leave_accession_out_Sun_Burns,low_i2_core_only,none,stratified_random,220,25,"{'keloid': 129, 'non_keloid': 91}","{'keloid': 17, 'non_keloid': 8}",0.68,0.6906666667,0.6985294118,0.6666666667000001,0.6985294118,"[[11, 6], [2, 6]]","['keloid', 'non_keloid']"
keloid_binary,leave_accession_out_Sun_Burns,low_i2_core_only,none,elastic_net_logreg,220,25,"{'keloid': 129, 'non_keloid': 91}","{'keloid': 17, 'non_keloid': 8}",0.68,0.5504761905000001,0.5,0.4047619048,0.5,"[[17, 0], [8, 0]]","['keloid', 'non_keloid']"
keloid_binary,leave_accession_out_Sun_Burns,low_i2_core_only,none,linear_svm,220,25,"{'keloid': 129, 'non_keloid': 91}","{'keloid': 17, 'non_keloid': 8}",0.68,0.5504761905000001,0.5,0.4047619048,0.5294117647000001,"[[17, 0], [8, 0]]","['keloid', 'non_keloid']"
keloid_binary,leave_accession_out_Sun_Burns,low_i2_core_only,none,random_forest,220,25,"{'keloid': 129, 'non_keloid': 91}","{'keloid': 17, 'non_keloid': 8}",0.32,0.1551515152,0.5,0.24242424240000002,0.5,"[[0, 17], [0, 8]]","['keloid', 'non_keloid']"
keloid_binary,leave_accession_out_Sun_Burns,low_i2_core_only,none,hist_gradient_boosting,220,25,"{'keloid': 129, 'non_keloid': 91}","{'keloid': 17, 'non_keloid': 8}",0.68,0.5504761905000001,0.5,0.4047619048,0.5,"[[17, 0], [8, 0]]","['keloid', 'non_keloid']"
keloid_binary,leave_accession_out_Sun_Burns,low_i2_core_only,none,knn,220,25,"{'keloid': 129, 'non_keloid': 91}","{'keloid': 17, 'non_keloid': 8}",0.68,0.5504761905000001,0.5,0.4047619048,0.5,"[[17, 0], [8, 0]]","['keloid', 'non_keloid']"
keloid_binary,leave_accession_out_Sun_Burns,low_i2_core_only,none,small_mlp,220,25,"{'keloid': 129, 'non_keloid': 91}","{'keloid': 17, 'non_keloid': 8}",0.32,0.1551515152,0.5,0.24242424240000002,0.5,"[[0, 17], [0, 8]]","['keloid', 'non_keloid']"
keloid_binary,leave_accession_out_E-MTAB-2509,modules_rank_plus_expanded,accession_zscore,majority,231,27,"{'non_keloid': 140, 'keloid': 91}","{'non_keloid': 18, 'keloid': 9}",0.6666666667000001,0.5333333333,0.5,0.4,0.5,"[[0, 9], [0, 18]]","['keloid', 'non_keloid']"
keloid_binary,leave_accession_out_E-MTAB-2509,modules_rank_plus_expanded,accession_zscore,stratified_random,231,27,"{'non_keloid': 140, 'keloid': 91}","{'non_keloid': 18, 'keloid': 9}",0.40740740740000003,0.4242424242,0.3888888889,0.3863636364,0.3888888889,"[[3, 6], [10, 8]]","['keloid', 'non_keloid']"
keloid_binary,leave_accession_out_E-MTAB-2509,modules_rank_plus_expanded,accession_zscore,elastic_net_logreg,231,27,"{'non_keloid': 140, 'keloid': 91}","{'non_keloid': 18, 'keloid': 9}",0.7407407407000001,0.7474747475,0.75,0.7272727273,0.7962962963,"[[7, 2], [5, 13]]","['keloid', 'non_keloid']"
keloid_binary,leave_accession_out_E-MTAB-2509,modules_rank_plus_expanded,accession_zscore,linear_svm,231,27,"{'non_keloid': 140, 'keloid': 91}","{'non_keloid': 18, 'keloid': 9}",0.7777777778,0.7840909091,0.8055555556,0.7698863636000001,0.8024691358,"[[8, 1], [5, 13]]","['keloid', 'non_keloid']"
keloid_binary,leave_accession_out_E-MTAB-2509,modules_rank_plus_expanded,accession_zscore,random_forest,231,27,"{'non_keloid': 140, 'keloid': 91}","{'non_keloid': 18, 'keloid': 9}",0.7037037037,0.7037037037,0.6666666667000001,0.6666666667000001,0.7469135802,"[[5, 4], [4, 14]]","['keloid', 'non_keloid']"
keloid_binary,leave_accession_out_E-MTAB-2509,modules_rank_plus_expanded,accession_zscore,hist_gradient_boosting,231,27,"{'non_keloid': 140, 'keloid': 91}","{'non_keloid': 18, 'keloid': 9}",0.5925925926,0.5861155273,0.5277777778,0.5278219396,0.6234567901,"[[3, 6], [5, 13]]","['keloid', 'non_keloid']"
keloid_binary,leave_accession_out_E-MTAB-2509,modules_rank_plus_expanded,accession_zscore,knn,231,27,"{'non_keloid': 140, 'keloid': 91}","{'non_keloid': 18, 'keloid': 9}",0.6666666667000001,0.6461538462,0.5833333333,0.5846153846000001,0.6111111111,"[[3, 6], [3, 15]]","['keloid', 'non_keloid']"
keloid_binary,leave_accession_out_E-MTAB-2509,modules_rank_plus_expanded,accession_zscore,small_mlp,231,27,"{'non_keloid': 140, 'keloid': 91}","{'non_keloid': 18, 'keloid': 9}",0.7777777778,0.7840909091,0.8055555556,0.7698863636000001,0.7962962963,"[[8, 1], [5, 13]]","['keloid', 'non_keloid']"
keloid_binary,leave_accession_out_E-MTAB-2509,modules_rank_only,accession_zscore,majority,231,27,"{'non_keloid': 140, 'keloid': 91}","{'non_keloid': 18, 'keloid': 9}",0.6666666667000001,0.5333333333,0.5,0.4,0.5,"[[0, 9], [0, 18]]","['keloid', 'non_keloid']"
keloid_binary,leave_accession_out_E-MTAB-2509,modules_rank_only,accession_zscore,stratified_random,231,27,"{'non_keloid': 140, 'keloid': 91}","{'non_keloid': 18, 'keloid': 9}",0.40740740740000003,0.4242424242,0.3888888889,0.3863636364,0.3888888889,"[[3, 6], [10, 8]]","['keloid', 'non_keloid']"
keloid_binary,leave_accession_out_E-MTAB-2509,modules_rank_only,accession_zscore,elastic_net_logreg,231,27,"{'non_keloid': 140, 'keloid': 91}","{'non_keloid': 18, 'keloid': 9}",0.7407407407000001,0.7474747475,0.75,0.7272727273,0.7962962963,"[[7, 2], [5, 13]]","['keloid', 'non_keloid']"
keloid_binary,leave_accession_out_E-MTAB-2509,modules_rank_only,accession_zscore,linear_svm,231,27,"{'non_keloid': 140, 'keloid': 91}","{'non_keloid': 18, 'keloid': 9}",0.7777777778,0.7840909091,0.8055555556,0.7698863636000001,0.7962962963,"[[8, 1], [5, 13]]","['keloid', 'non_keloid']"
keloid_binary,leave_accession_out_E-MTAB-2509,modules_rank_only,accession_zscore,random_forest,231,27,"{'non_keloid': 140, 'keloid': 91}","{'non_keloid': 18, 'keloid': 9}",0.6296296296,0.6296296296,0.5833333333,0.5833333333,0.7345679012,"[[4, 5], [5, 13]]","['keloid', 'non_keloid']"
keloid_binary,leave_accession_out_E-MTAB-2509,modules_rank_only,accession_zscore,hist_gradient_boosting,231,27,"{'non_keloid': 140, 'keloid': 91}","{'non_keloid': 18, 'keloid': 9}",0.5555555556,0.5394736842,0.47222222220000004,0.4671052632,0.6296296296,"[[2, 7], [5, 13]]","['keloid', 'non_keloid']"
keloid_binary,leave_accession_out_E-MTAB-2509,modules_rank_only,accession_zscore,knn,231,27,"{'non_keloid': 140, 'keloid': 91}","{'non_keloid': 18, 'keloid': 9}",0.7037037037,0.6929824561,0.6388888889000001,0.6447368421,0.6419753086000001,"[[4, 5], [3, 15]]","['keloid', 'non_keloid']"
keloid_binary,leave_accession_out_E-MTAB-2509,modules_rank_only,accession_zscore,small_mlp,231,27,"{'non_keloid': 140, 'keloid': 91}","{'non_keloid': 18, 'keloid': 9}",0.7037037037,0.7098039216,0.6944444444,0.6823529412,0.7407407407000001,"[[6, 3], [5, 13]]","['keloid', 'non_keloid']"
keloid_binary,leave_accession_out_E-MTAB-2509,published_markers_only,accession_zscore,majority,231,27,"{'non_keloid': 140, 'keloid': 91}","{'non_keloid': 18, 'keloid': 9}",0.6666666667000001,0.5333333333,0.5,0.4,0.5,"[[0, 9], [0, 18]]","['keloid', 'non_keloid']"
keloid_binary,leave_accession_out_E-MTAB-2509,published_markers_only,accession_zscore,stratified_random,231,27,"{'non_keloid': 140, 'keloid': 91}","{'non_keloid': 18, 'keloid': 9}",0.40740740740000003,0.4242424242,0.3888888889,0.3863636364,0.3888888889,"[[3, 6], [10, 8]]","['keloid', 'non_keloid']"
keloid_binary,leave_accession_out_E-MTAB-2509,published_markers_only,accession_zscore,elastic_net_logreg,231,27,"{'non_keloid': 140, 'keloid': 91}","{'non_keloid': 18, 'keloid': 9}",0.5925925926,0.6031746032,0.5833333333,0.5714285714,0.5,"[[5, 4], [7, 11]]","['keloid', 'non_keloid']"
keloid_binary,leave_accession_out_E-MTAB-2509,published_markers_only,accession_zscore,linear_svm,231,27,"{'non_keloid': 140, 'keloid': 91}","{'non_keloid': 18, 'keloid': 9}",0.5555555556,0.5681818182,0.5555555556,0.5397727273,0.524691358,"[[5, 4], [8, 10]]","['keloid', 'non_keloid']"
keloid_binary,leave_accession_out_E-MTAB-2509,published_markers_only,accession_zscore,random_forest,231,27,"{'non_keloid': 140, 'keloid': 91}","{'non_keloid': 18, 'keloid': 9}",0.6296296296,0.6296296296,0.5833333333,0.5833333333,0.6913580247000001,"[[4, 5], [5, 13]]","['keloid', 'non_keloid']"
keloid_binary,leave_accession_out_E-MTAB-2509,published_markers_only,accession_zscore,hist_gradient_boosting,231,27,"{'non_keloid': 140, 'keloid': 91}","{'non_keloid': 18, 'keloid': 9}",0.5185185185,0.5243107769,0.47222222220000004,0.4721804511,0.6604938272,"[[3, 6], [7, 11]]","['keloid', 'non_keloid']"
keloid_binary,leave_accession_out_E-MTAB-2509,published_markers_only,accession_zscore,knn,231,27,"{'non_keloid': 140, 'keloid': 91}","{'non_keloid': 18, 'keloid': 9}",0.48148148150000003,0.49215686270000003,0.4444444444,0.4441176471,0.4043209877,"[[3, 6], [8, 10]]","['keloid', 'non_keloid']"
keloid_binary,leave_accession_out_E-MTAB-2509,published_markers_only,accession_zscore,small_mlp,231,27,"{'non_keloid': 140, 'keloid': 91}","{'non_keloid': 18, 'keloid': 9}",0.5925925926,0.5675213675,0.5,0.49230769230000004,0.49382716050000003,"[[2, 7], [4, 14]]","['keloid', 'non_keloid']"
keloid_binary,leave_accession_out_E-MTAB-2509,expanded_profibrotic_only,accession_zscore,majority,231,27,"{'non_keloid': 140, 'keloid': 91}","{'non_keloid': 18, 'keloid': 9}",0.6666666667000001,0.5333333333,0.5,0.4,0.5,"[[0, 9], [0, 18]]","['keloid', 'non_keloid']"
keloid_binary,leave_accession_out_E-MTAB-2509,expanded_profibrotic_only,accession_zscore,stratified_random,231,27,"{'non_keloid': 140, 'keloid': 91}","{'non_keloid': 18, 'keloid': 9}",0.40740740740000003,0.4242424242,0.3888888889,0.3863636364,0.3888888889,"[[3, 6], [10, 8]]","['keloid', 'non_keloid']"
keloid_binary,leave_accession_out_E-MTAB-2509,expanded_profibrotic_only,accession_zscore,elastic_net_logreg,231,27,"{'non_keloid': 140, 'keloid': 91}","{'non_keloid': 18, 'keloid': 9}",0.6296296296,0.6388888889000001,0.6666666667000001,0.625,0.6728395062,"[[7, 2], [8, 10]]","['keloid', 'non_keloid']"
keloid_binary,leave_accession_out_E-MTAB-2509,expanded_profibrotic_only,accession_zscore,linear_svm,231,27,"{'non_keloid': 140, 'keloid': 91}","{'non_keloid': 18, 'keloid': 9}",0.6296296296,0.6388888889000001,0.6666666667000001,0.625,0.6728395062,"[[7, 2], [8, 10]]","['keloid', 'non_keloid']"
keloid_binary,leave_accession_out_E-MTAB-2509,expanded_profibrotic_only,accession_zscore,random_forest,231,27,"{'non_keloid': 140, 'keloid': 91}","{'non_keloid': 18, 'keloid': 9}",0.6296296296,0.5952380952,0.5277777778,0.5178571429000001,0.7592592593,"[[2, 7], [3, 15]]","['keloid', 'non_keloid']"
keloid_binary,leave_accession_out_E-MTAB-2509,expanded_profibrotic_only,accession_zscore,hist_gradient_boosting,231,27,"{'non_keloid': 140, 'keloid': 91}","{'non_keloid': 18, 'keloid': 9}",0.5555555556,0.4761904762,0.4166666667,0.3571428571,0.725308642,"[[0, 9], [3, 15]]","['keloid', 'non_keloid']"
keloid_binary,leave_accession_out_E-MTAB-2509,expanded_profibrotic_only,accession_zscore,knn,231,27,"{'non_keloid': 140, 'keloid': 91}","{'non_keloid': 18, 'keloid': 9}",0.5925925926,0.5861155273,0.5277777778,0.5278219396,0.6543209877,"[[3, 6], [5, 13]]","['keloid', 'non_keloid']"
keloid_binary,leave_accession_out_E-MTAB-2509,expanded_profibrotic_only,accession_zscore,small_mlp,231,27,"{'non_keloid': 140, 'keloid': 91}","{'non_keloid': 18, 'keloid': 9}",0.6666666667000001,0.6731034483,0.7222222222,0.6648275862,0.6759259259,"[[8, 1], [8, 10]]","['keloid', 'non_keloid']"
keloid_binary,leave_accession_out_E-MTAB-2509,shared_genes,accession_zscore,majority,231,27,"{'non_keloid': 140, 'keloid': 91}","{'non_keloid': 18, 'keloid': 9}",0.6666666667000001,0.5333333333,0.5,0.4,0.5,"[[0, 9], [0, 18]]","['keloid', 'non_keloid']"
keloid_binary,leave_accession_out_E-MTAB-2509,shared_genes,accession_zscore,stratified_random,231,27,"{'non_keloid': 140, 'keloid': 91}","{'non_keloid': 18, 'keloid': 9}",0.40740740740000003,0.4242424242,0.3888888889,0.3863636364,0.3888888889,"[[3, 6], [10, 8]]","['keloid', 'non_keloid']"
keloid_binary,leave_accession_out_E-MTAB-2509,shared_genes,accession_zscore,elastic_net_logreg,231,27,"{'non_keloid': 140, 'keloid': 91}","{'non_keloid': 18, 'keloid': 9}",0.6666666667000001,0.6461538462,0.5833333333,0.5846153846000001,0.6790123457,"[[3, 6], [3, 15]]","['keloid', 'non_keloid']"
keloid_binary,leave_accession_out_E-MTAB-2509,shared_genes,accession_zscore,linear_svm,231,27,"{'non_keloid': 140, 'keloid': 91}","{'non_keloid': 18, 'keloid': 9}",0.5185185185,0.5320243104,0.5277777778,0.507713885,0.5,"[[5, 4], [9, 9]]","['keloid', 'non_keloid']"
keloid_binary,leave_accession_out_E-MTAB-2509,shared_genes,accession_zscore,random_forest,231,27,"{'non_keloid': 140, 'keloid': 91}","{'non_keloid': 18, 'keloid': 9}",0.6666666667000001,0.5333333333,0.5,0.4,0.7716049383,"[[0, 9], [0, 18]]","['keloid', 'non_keloid']"
keloid_binary,leave_accession_out_E-MTAB-2509,shared_genes,accession_zscore,hist_gradient_boosting,231,27,"{'non_keloid': 140, 'keloid': 91}","{'non_keloid': 18, 'keloid': 9}",0.7037037037,0.6761904762000001,0.6111111111,0.6142857143,0.7654320988000001,"[[3, 6], [2, 16]]","['keloid', 'non_keloid']"
keloid_binary,leave_accession_out_E-MTAB-2509,shared_genes,accession_zscore,knn,231,27,"{'non_keloid': 140, 'keloid': 91}","{'non_keloid': 18, 'keloid': 9}",0.33333333330000003,0.1666666667,0.5,0.25,0.5277777778,"[[9, 0], [18, 0]]","['keloid', 'non_keloid']"
keloid_binary,leave_accession_out_E-MTAB-4945,modules_rank_plus_expanded,accession_zscore,majority,315,40,"{'keloid': 176, 'non_keloid': 139}","{'keloid': 27, 'non_keloid': 13}",0.675,0.5440298507,0.5,0.4029850746,0.5,"[[27, 0], [13, 0]]","['keloid', 'non_keloid']"
keloid_binary,leave_accession_out_E-MTAB-4945,modules_rank_plus_expanded,accession_zscore,stratified_random,315,40,"{'keloid': 176, 'non_keloid': 139}","{'keloid': 27, 'non_keloid': 13}",0.65,0.6609375,0.6609686610000001,0.6354166667000001,0.6609686610000001,"[[17, 10], [4, 9]]","['keloid', 'non_keloid']"
keloid_binary,leave_accession_out_E-MTAB-4945,modules_rank_plus_expanded,accession_zscore,elastic_net_logreg,315,40,"{'keloid': 176, 'non_keloid': 139}","{'keloid': 27, 'non_keloid': 13}",0.65,0.660741688,0.6809116809,0.641943734,0.7521367521,"[[16, 11], [3, 10]]","['keloid', 'non_keloid']"
keloid_binary,leave_accession_out_E-MTAB-4945,modules_rank_plus_expanded,accession_zscore,linear_svm,315,40,"{'keloid': 176, 'non_keloid': 139}","{'keloid': 27, 'non_keloid': 13}",0.65,0.660741688,0.6809116809,0.641943734,0.7663817664,"[[16, 11], [3, 10]]","['keloid', 'non_keloid']"
keloid_binary,leave_accession_out_E-MTAB-4945,modules_rank_plus_expanded,accession_zscore,random_forest,315,40,"{'keloid': 176, 'non_keloid': 139}","{'keloid': 27, 'non_keloid': 13}",0.6000000000000001,0.6101010101000001,0.6438746439,0.595959596,0.7122507123,"[[14, 13], [3, 10]]","['keloid', 'non_keloid']"
keloid_binary,leave_accession_out_E-MTAB-4945,modules_rank_plus_expanded,accession_zscore,hist_gradient_boosting,315,40,"{'keloid': 176, 'non_keloid': 139}","{'keloid': 27, 'non_keloid': 13}",0.7000000000000001,0.709375,0.7179487179,0.6875,0.7264957265,"[[18, 9], [3, 10]]","['keloid', 'non_keloid']"
keloid_binary,leave_accession_out_E-MTAB-4945,modules_rank_plus_expanded,accession_zscore,knn,315,40,"{'keloid': 176, 'non_keloid': 139}","{'keloid': 27, 'non_keloid': 13}",0.625,0.6361092824,0.6225071225000001,0.6050032916,0.688034188,"[[17, 10], [5, 8]]","['keloid', 'non_keloid']"
keloid_binary,leave_accession_out_E-MTAB-4945,modules_rank_plus_expanded,accession_zscore,small_mlp,315,40,"{'keloid': 176, 'non_keloid': 139}","{'keloid': 27, 'non_keloid': 13}",0.6000000000000001,0.6000000000000001,0.5441595442,0.5441595442,0.6609686610000001,"[[19, 8], [8, 5]]","['keloid', 'non_keloid']"
keloid_binary,leave_accession_out_E-MTAB-4945,modules_rank_only,accession_zscore,majority,315,40,"{'keloid': 176, 'non_keloid': 139}","{'keloid': 27, 'non_keloid': 13}",0.675,0.5440298507,0.5,0.4029850746,0.5,"[[27, 0], [13, 0]]","['keloid', 'non_keloid']"
keloid_binary,leave_accession_out_E-MTAB-4945,modules_rank_only,accession_zscore,stratified_random,315,40,"{'keloid': 176, 'non_keloid': 139}","{'keloid': 27, 'non_keloid': 13}",0.65,0.6609375,0.6609686610000001,0.6354166667000001,0.6609686610000001,"[[17, 10], [4, 9]]","['keloid', 'non_keloid']"
keloid_binary,leave_accession_out_E-MTAB-4945,modules_rank_only,accession_zscore,elastic_net_logreg,315,40,"{'keloid': 176, 'non_keloid': 139}","{'keloid': 27, 'non_keloid': 13}",0.5750000000000001,0.5871428571,0.6054131054,0.5682539683,0.6723646724,"[[14, 13], [4, 9]]","['keloid', 'non_keloid']"
keloid_binary,leave_accession_out_E-MTAB-4945,modules_rank_only,accession_zscore,linear_svm,315,40,"{'keloid': 176, 'non_keloid': 139}","{'keloid': 27, 'non_keloid': 13}",0.6000000000000001,0.6122762148,0.6239316239,0.5907928389,0.6780626781,"[[15, 12], [4, 9]]","['keloid', 'non_keloid']"
keloid_binary,leave_accession_out_E-MTAB-4945,modules_rank_only,accession_zscore,random_forest,315,40,"{'keloid': 176, 'non_keloid': 139}","{'keloid': 27, 'non_keloid': 13}",0.6000000000000001,0.6060150376,0.6638176638000001,0.5989974937,0.7122507123,"[[13, 14], [2, 11]]","['keloid', 'non_keloid']"
keloid_binary,leave_accession_out_E-MTAB-4945,modules_rank_only,accession_zscore,hist_gradient_boosting,315,40,"{'keloid': 176, 'non_keloid': 139}","{'keloid': 27, 'non_keloid': 13}",0.65,0.660741688,0.6809116809,0.641943734,0.7008547009,"[[16, 11], [3, 10]]","['keloid', 'non_keloid']"
keloid_binary,leave_accession_out_E-MTAB-4945,modules_rank_only,accession_zscore,knn,315,40,"{'keloid': 176, 'non_keloid': 139}","{'keloid': 27, 'non_keloid': 13}",0.6000000000000001,0.6106666667,0.5840455840000001,0.5733333333,0.6552706553000001,"[[17, 10], [6, 7]]","['keloid', 'non_keloid']"
keloid_binary,leave_accession_out_E-MTAB-4945,modules_rank_only,accession_zscore,small_mlp,315,40,"{'keloid': 176, 'non_keloid': 139}","{'keloid': 27, 'non_keloid': 13}",0.625,0.6368471954,0.6424501425,0.6131528046,0.6752136752,"[[16, 11], [4, 9]]","['keloid', 'non_keloid']"
keloid_binary,leave_accession_out_E-MTAB-4945,published_markers_only,accession_zscore,majority,315,40,"{'keloid': 176, 'non_keloid': 139}","{'keloid': 27, 'non_keloid': 13}",0.675,0.5440298507,0.5,0.4029850746,0.5,"[[27, 0], [13, 0]]","['keloid', 'non_keloid']"
keloid_binary,leave_accession_out_E-MTAB-4945,published_markers_only,accession_zscore,stratified_random,315,40,"{'keloid': 176, 'non_keloid': 139}","{'keloid': 27, 'non_keloid': 13}",0.65,0.6609375,0.6609686610000001,0.6354166667000001,0.6609686610000001,"[[17, 10], [4, 9]]","['keloid', 'non_keloid']"
keloid_binary,leave_accession_out_E-MTAB-4945,published_markers_only,accession_zscore,elastic_net_logreg,315,40,"{'keloid': 176, 'non_keloid': 139}","{'keloid': 27, 'non_keloid': 13}",0.375,0.39474532560000003,0.3575498575,0.3552546744,0.3903133903,"[[11, 16], [9, 4]]","['keloid', 'non_keloid']"
keloid_binary,leave_accession_out_E-MTAB-4945,published_markers_only,accession_zscore,linear_svm,315,40,"{'keloid': 176, 'non_keloid': 139}","{'keloid': 27, 'non_keloid': 13}",0.375,0.39474532560000003,0.3575498575,0.3552546744,0.3789173789,"[[11, 16], [9, 4]]","['keloid', 'non_keloid']"
keloid_binary,leave_accession_out_E-MTAB-4945,published_markers_only,accession_zscore,random_forest,315,40,"{'keloid': 176, 'non_keloid': 139}","{'keloid': 27, 'non_keloid': 13}",0.47500000000000003,0.4858893777,0.5113960114,0.4720301697,0.5441595442,"[[11, 16], [5, 8]]","['keloid', 'non_keloid']"
keloid_binary,leave_accession_out_E-MTAB-4945,published_markers_only,accession_zscore,hist_gradient_boosting,315,40,"{'keloid': 176, 'non_keloid': 139}","{'keloid': 27, 'non_keloid': 13}",0.5,0.507518797,0.5498575499,0.4987468672,0.5982905983,"[[11, 16], [4, 9]]","['keloid', 'non_keloid']"
keloid_binary,leave_accession_out_E-MTAB-4945,published_markers_only,accession_zscore,knn,315,40,"{'keloid': 176, 'non_keloid': 139}","{'keloid': 27, 'non_keloid': 13}",0.55,0.5640625,0.547008547,0.53125,0.547008547,"[[15, 12], [6, 7]]","['keloid', 'non_keloid']"
keloid_binary,leave_accession_out_E-MTAB-4945,published_markers_only,accession_zscore,small_mlp,315,40,"{'keloid': 176, 'non_keloid': 139}","{'keloid': 27, 'non_keloid': 13}",0.6000000000000001,0.6125,0.603988604,0.5833333333,0.5897435897000001,"[[16, 11], [5, 8]]","['keloid', 'non_keloid']"
keloid_binary,leave_accession_out_E-MTAB-4945,expanded_profibrotic_only,accession_zscore,majority,315,40,"{'keloid': 176, 'non_keloid': 139}","{'keloid': 27, 'non_keloid': 13}",0.675,0.5440298507,0.5,0.4029850746,0.5,"[[27, 0], [13, 0]]","['keloid', 'non_keloid']"
keloid_binary,leave_accession_out_E-MTAB-4945,expanded_profibrotic_only,accession_zscore,stratified_random,315,40,"{'keloid': 176, 'non_keloid': 139}","{'keloid': 27, 'non_keloid': 13}",0.65,0.6609375,0.6609686610000001,0.6354166667000001,0.6609686610000001,"[[17, 10], [4, 9]]","['keloid', 'non_keloid']"
keloid_binary,leave_accession_out_E-MTAB-4945,expanded_profibrotic_only,accession_zscore,elastic_net_logreg,315,40,"{'keloid': 176, 'non_keloid': 139}","{'keloid': 27, 'non_keloid': 13}",0.675,0.6842857143000001,0.7193732194,0.6698412698,0.7165242165,"[[16, 11], [2, 11]]","['keloid', 'non_keloid']"
keloid_binary,leave_accession_out_E-MTAB-4945,expanded_profibrotic_only,accession_zscore,linear_svm,315,40,"{'keloid': 176, 'non_keloid': 139}","{'keloid': 27, 'non_keloid': 13}",0.675,0.6842857143000001,0.7193732194,0.6698412698,0.7165242165,"[[16, 11], [2, 11]]","['keloid', 'non_keloid']"
keloid_binary,leave_accession_out_E-MTAB-4945,expanded_profibrotic_only,accession_zscore,random_forest,315,40,"{'keloid': 176, 'non_keloid': 139}","{'keloid': 27, 'non_keloid': 13}",0.5,0.5153452685000001,0.50997151,0.48849104860000003,0.5811965812000001,"[[13, 14], [6, 7]]","['keloid', 'non_keloid']"
keloid_binary,leave_accession_out_E-MTAB-4945,expanded_profibrotic_only,accession_zscore,hist_gradient_boosting,315,40,"{'keloid': 176, 'non_keloid': 139}","{'keloid': 27, 'non_keloid': 13}",0.525,0.5400064475,0.5284900285,0.5099935525,0.5484330484000001,"[[14, 13], [6, 7]]","['keloid', 'non_keloid']"
keloid_binary,leave_accession_out_E-MTAB-4945,expanded_profibrotic_only,accession_zscore,knn,315,40,"{'keloid': 176, 'non_keloid': 139}","{'keloid': 27, 'non_keloid': 13}",0.625,0.6361092824,0.6225071225000001,0.6050032916,0.6153846154,"[[17, 10], [5, 8]]","['keloid', 'non_keloid']"
keloid_binary,leave_accession_out_E-MTAB-4945,expanded_profibrotic_only,accession_zscore,small_mlp,315,40,"{'keloid': 176, 'non_keloid': 139}","{'keloid': 27, 'non_keloid': 13}",0.725,0.7331468071,0.7364672365,0.7103357472,0.745014245,"[[19, 8], [3, 10]]","['keloid', 'non_keloid']"
keloid_binary,leave_accession_out_E-MTAB-4945,shared_genes,accession_zscore,majority,315,40,"{'keloid': 176, 'non_keloid': 139}","{'keloid': 27, 'non_keloid': 13}",0.675,0.5440298507,0.5,0.4029850746,0.5,"[[27, 0], [13, 0]]","['keloid', 'non_keloid']"
keloid_binary,leave_accession_out_E-MTAB-4945,shared_genes,accession_zscore,stratified_random,315,40,"{'keloid': 176, 'non_keloid': 139}","{'keloid': 27, 'non_keloid': 13}",0.65,0.6609375,0.6609686610000001,0.6354166667000001,0.6609686610000001,"[[17, 10], [4, 9]]","['keloid', 'non_keloid']"
keloid_binary,leave_accession_out_E-MTAB-4945,shared_genes,accession_zscore,elastic_net_logreg,315,40,"{'keloid': 176, 'non_keloid': 139}","{'keloid': 27, 'non_keloid': 13}",0.525,0.5390717577,0.5085470085,0.4996708361,0.566951567,"[[15, 12], [7, 6]]","['keloid', 'non_keloid']"
keloid_binary,leave_accession_out_E-MTAB-4945,shared_genes,accession_zscore,linear_svm,315,40,"{'keloid': 176, 'non_keloid': 139}","{'keloid': 27, 'non_keloid': 13}",0.5750000000000001,0.5875905201,0.5655270655,0.5523370639,0.5811965812000001,"[[16, 11], [6, 7]]","['keloid', 'non_keloid']"
keloid_binary,leave_accession_out_E-MTAB-4945,shared_genes,accession_zscore,random_forest,315,40,"{'keloid': 176, 'non_keloid': 139}","{'keloid': 27, 'non_keloid': 13}",0.45,0.45,0.5128205128000001,0.45,0.4757834758,"[[9, 18], [4, 9]]","['keloid', 'non_keloid']"
keloid_binary,leave_accession_out_E-MTAB-4945,shared_genes,accession_zscore,hist_gradient_boosting,315,40,"{'keloid': 176, 'non_keloid': 139}","{'keloid': 27, 'non_keloid': 13}",0.55,0.5574175824000001,0.5071225071000001,0.5054945055,0.5840455840000001,"[[17, 10], [8, 5]]","['keloid', 'non_keloid']"
keloid_binary,leave_accession_out_E-MTAB-4945,shared_genes,accession_zscore,knn,315,40,"{'keloid': 176, 'non_keloid': 139}","{'keloid': 27, 'non_keloid': 13}",0.65,0.6416666667,0.5811965812000001,0.5833333333,0.6196581197000001,"[[21, 6], [8, 5]]","['keloid', 'non_keloid']"
keloid_binary,leave_accession_out_GSE145725,modules_rank_plus_expanded,accession_zscore,majority,340,19,"{'non_keloid': 211, 'keloid': 129}","{'non_keloid': 10, 'keloid': 9}",0.5263157895,0.3629764065,0.5,0.34482758620000004,0.5,"[[0, 9], [0, 10]]","['keloid', 'non_keloid']"
keloid_binary,leave_accession_out_GSE145725,modules_rank_plus_expanded,accession_zscore,stratified_random,340,19,"{'non_keloid': 211, 'keloid': 129}","{'non_keloid': 10, 'keloid': 9}",0.6842105263,0.6842105263,0.6833333333,0.6833333333,0.6833333333,"[[6, 3], [3, 7]]","['keloid', 'non_keloid']"
keloid_binary,leave_accession_out_GSE145725,modules_rank_plus_expanded,accession_zscore,elastic_net_logreg,340,19,"{'non_keloid': 211, 'keloid': 129}","{'non_keloid': 10, 'keloid': 9}",0.5789473684,0.5789473684,0.5777777778000001,0.5777777778000001,0.6888888889,"[[5, 4], [4, 6]]","['keloid', 'non_keloid']"
keloid_binary,leave_accession_out_GSE145725,modules_rank_plus_expanded,accession_zscore,linear_svm,340,19,"{'non_keloid': 211, 'keloid': 129}","{'non_keloid': 10, 'keloid': 9}",0.6315789474,0.6315789474,0.6333333333,0.6315789474,0.7000000000000001,"[[6, 3], [4, 6]]","['keloid', 'non_keloid']"
keloid_binary,leave_accession_out_GSE145725,modules_rank_plus_expanded,accession_zscore,random_forest,340,19,"{'non_keloid': 211, 'keloid': 129}","{'non_keloid': 10, 'keloid': 9}",0.6315789474,0.6187643021,0.6222222222,0.6144927536,0.7444444444,"[[4, 5], [2, 8]]","['keloid', 'non_keloid']"
keloid_binary,leave_accession_out_GSE145725,modules_rank_plus_expanded,accession_zscore,hist_gradient_boosting,340,19,"{'non_keloid': 211, 'keloid': 129}","{'non_keloid': 10, 'keloid': 9}",0.6315789474,0.6187643021,0.6222222222,0.6144927536,0.6111111111,"[[4, 5], [2, 8]]","['keloid', 'non_keloid']"
keloid_binary,leave_accession_out_GSE145725,modules_rank_plus_expanded,accession_zscore,knn,340,19,"{'non_keloid': 211, 'keloid': 129}","{'non_keloid': 10, 'keloid': 9}",0.47368421050000004,0.4423558897,0.4611111111,0.4345238095,0.5388888889,"[[2, 7], [3, 7]]","['keloid', 'non_keloid']"
keloid_binary,leave_accession_out_GSE145725,modules_rank_plus_expanded,accession_zscore,small_mlp,340,19,"{'non_keloid': 211, 'keloid': 129}","{'non_keloid': 10, 'keloid': 9}",0.6315789474,0.6315789474,0.6333333333,0.6315789474,0.7777777778,"[[6, 3], [4, 6]]","['keloid', 'non_keloid']"
keloid_binary,leave_accession_out_GSE145725,modules_rank_only,accession_zscore,majority,340,19,"{'non_keloid': 211, 'keloid': 129}","{'non_keloid': 10, 'keloid': 9}",0.5263157895,0.3629764065,0.5,0.34482758620000004,0.5,"[[0, 9], [0, 10]]","['keloid', 'non_keloid']"
keloid_binary,leave_accession_out_GSE145725,modules_rank_only,accession_zscore,stratified_random,340,19,"{'non_keloid': 211, 'keloid': 129}","{'non_keloid': 10, 'keloid': 9}",0.6842105263,0.6842105263,0.6833333333,0.6833333333,0.6833333333,"[[6, 3], [3, 7]]","['keloid', 'non_keloid']"
keloid_binary,leave_accession_out_GSE145725,modules_rank_only,accession_zscore,elastic_net_logreg,340,19,"{'non_keloid': 211, 'keloid': 129}","{'non_keloid': 10, 'keloid': 9}",0.6842105263,0.6842105263,0.6833333333,0.6833333333,0.8444444444,"[[6, 3], [3, 7]]","['keloid', 'non_keloid']"
keloid_binary,leave_accession_out_GSE145725,modules_rank_only,accession_zscore,linear_svm,340,19,"{'non_keloid': 211, 'keloid': 129}","{'non_keloid': 10, 'keloid': 9}",0.6842105263,0.6842105263,0.6833333333,0.6833333333,0.8444444444,"[[6, 3], [3, 7]]","['keloid', 'non_keloid']"
keloid_binary,leave_accession_out_GSE145725,modules_rank_only,accession_zscore,random_forest,340,19,"{'non_keloid': 211, 'keloid': 129}","{'non_keloid': 10, 'keloid': 9}",0.7368421053,0.7276887872000001,0.7277777778000001,0.7246376812,0.8,"[[5, 4], [1, 9]]","['keloid', 'non_keloid']"
keloid_binary,leave_accession_out_GSE145725,modules_rank_only,accession_zscore,hist_gradient_boosting,340,19,"{'non_keloid': 211, 'keloid': 129}","{'non_keloid': 10, 'keloid': 9}",0.6842105263,0.6788277512,0.6777777778,0.6761363636000001,0.6777777778,"[[5, 4], [2, 8]]","['keloid', 'non_keloid']"
keloid_binary,leave_accession_out_GSE145725,modules_rank_only,accession_zscore,knn,340,19,"{'non_keloid': 211, 'keloid': 129}","{'non_keloid': 10, 'keloid': 9}",0.6842105263,0.6842105263,0.6833333333,0.6833333333,0.65,"[[6, 3], [3, 7]]","['keloid', 'non_keloid']"
keloid_binary,leave_accession_out_GSE145725,modules_rank_only,accession_zscore,small_mlp,340,19,"{'non_keloid': 211, 'keloid': 129}","{'non_keloid': 10, 'keloid': 9}",0.7368421053,0.7276887872000001,0.7277777778000001,0.7246376812,0.8777777778,"[[5, 4], [1, 9]]","['keloid', 'non_keloid']"
keloid_binary,leave_accession_out_GSE145725,published_markers_only,accession_zscore,majority,340,19,"{'non_keloid': 211, 'keloid': 129}","{'non_keloid': 10, 'keloid': 9}",0.5263157895,0.3629764065,0.5,0.34482758620000004,0.5,"[[0, 9], [0, 10]]","['keloid', 'non_keloid']"
keloid_binary,leave_accession_out_GSE145725,published_markers_only,accession_zscore,stratified_random,340,19,"{'non_keloid': 211, 'keloid': 129}","{'non_keloid': 10, 'keloid': 9}",0.6842105263,0.6842105263,0.6833333333,0.6833333333,0.6833333333,"[[6, 3], [3, 7]]","['keloid', 'non_keloid']"
keloid_binary,leave_accession_out_GSE145725,published_markers_only,accession_zscore,elastic_net_logreg,340,19,"{'non_keloid': 211, 'keloid': 129}","{'non_keloid': 10, 'keloid': 9}",0.2105263158,0.2105263158,0.2111111111,0.2105263158,0.1666666667,"[[2, 7], [8, 2]]","['keloid', 'non_keloid']"
keloid_binary,leave_accession_out_GSE145725,published_markers_only,accession_zscore,linear_svm,340,19,"{'non_keloid': 211, 'keloid': 129}","{'non_keloid': 10, 'keloid': 9}",0.2105263158,0.2105263158,0.2111111111,0.2105263158,0.1666666667,"[[2, 7], [8, 2]]","['keloid', 'non_keloid']"
keloid_binary,leave_accession_out_GSE145725,published_markers_only,accession_zscore,random_forest,340,19,"{'non_keloid': 211, 'keloid': 129}","{'non_keloid': 10, 'keloid': 9}",0.5789473684,0.5222672065,0.5611111111,0.5128205128000001,0.7888888889,"[[2, 7], [1, 9]]","['keloid', 'non_keloid']"
keloid_binary,leave_accession_out_GSE145725,published_markers_only,accession_zscore,hist_gradient_boosting,340,19,"{'non_keloid': 211, 'keloid': 129}","{'non_keloid': 10, 'keloid': 9}",0.47368421050000004,0.40283400810000003,0.4555555556,0.39102564100000003,0.5666666667,"[[1, 8], [2, 8]]","['keloid', 'non_keloid']"
keloid_binary,leave_accession_out_GSE145725,published_markers_only,accession_zscore,knn,340,19,"{'non_keloid': 211, 'keloid': 129}","{'non_keloid': 10, 'keloid': 9}",0.5263157895,0.48259109310000003,0.5111111111000001,0.4738461538,0.55,"[[2, 7], [2, 8]]","['keloid', 'non_keloid']"
keloid_binary,leave_accession_out_GSE145725,published_markers_only,accession_zscore,small_mlp,340,19,"{'non_keloid': 211, 'keloid': 129}","{'non_keloid': 10, 'keloid': 9}",0.4210526316,0.367611336,0.4055555556,0.3569230769,0.3777777778,"[[1, 8], [3, 7]]","['keloid', 'non_keloid']"
keloid_binary,leave_accession_out_GSE145725,expanded_profibrotic_only,accession_zscore,majority,340,19,"{'non_keloid': 211, 'keloid': 129}","{'non_keloid': 10, 'keloid': 9}",0.5263157895,0.3629764065,0.5,0.34482758620000004,0.5,"[[0, 9], [0, 10]]","['keloid', 'non_keloid']"
keloid_binary,leave_accession_out_GSE145725,expanded_profibrotic_only,accession_zscore,stratified_random,340,19,"{'non_keloid': 211, 'keloid': 129}","{'non_keloid': 10, 'keloid': 9}",0.6842105263,0.6842105263,0.6833333333,0.6833333333,0.6833333333,"[[6, 3], [3, 7]]","['keloid', 'non_keloid']"
keloid_binary,leave_accession_out_GSE145725,expanded_profibrotic_only,accession_zscore,elastic_net_logreg,340,19,"{'non_keloid': 211, 'keloid': 129}","{'non_keloid': 10, 'keloid': 9}",0.6842105263,0.6842105263,0.6833333333,0.6833333333,0.7111111111,"[[6, 3], [3, 7]]","['keloid', 'non_keloid']"
keloid_binary,leave_accession_out_GSE145725,expanded_profibrotic_only,accession_zscore,linear_svm,340,19,"{'non_keloid': 211, 'keloid': 129}","{'non_keloid': 10, 'keloid': 9}",0.6842105263,0.6842105263,0.6833333333,0.6833333333,0.7111111111,"[[6, 3], [3, 7]]","['keloid', 'non_keloid']"
keloid_binary,leave_accession_out_GSE145725,expanded_profibrotic_only,accession_zscore,random_forest,340,19,"{'non_keloid': 211, 'keloid': 129}","{'non_keloid': 10, 'keloid': 9}",0.4210526316,0.4009153318,0.41111111110000004,0.3942028986,0.6111111111,"[[2, 7], [4, 6]]","['keloid', 'non_keloid']"
keloid_binary,leave_accession_out_GSE145725,expanded_profibrotic_only,accession_zscore,hist_gradient_boosting,340,19,"{'non_keloid': 211, 'keloid': 129}","{'non_keloid': 10, 'keloid': 9}",0.6315789474,0.5975708502,0.6166666667,0.5907692308,0.6444444444,"[[3, 6], [1, 9]]","['keloid', 'non_keloid']"
keloid_binary,leave_accession_out_GSE145725,expanded_profibrotic_only,accession_zscore,knn,340,19,"{'non_keloid': 211, 'keloid': 129}","{'non_keloid': 10, 'keloid': 9}",0.6315789474,0.6187643021,0.6222222222,0.6144927536,0.6444444444,"[[4, 5], [2, 8]]","['keloid', 'non_keloid']"
keloid_binary,leave_accession_out_GSE145725,expanded_profibrotic_only,accession_zscore,small_mlp,340,19,"{'non_keloid': 211, 'keloid': 129}","{'non_keloid': 10, 'keloid': 9}",0.5789473684,0.5766081871000001,0.5833333333,0.5777777778000001,0.7666666667,"[[6, 3], [5, 5]]","['keloid', 'non_keloid']"
keloid_binary,leave_accession_out_GSE145725,shared_genes,accession_zscore,majority,340,19,"{'non_keloid': 211, 'keloid': 129}","{'non_keloid': 10, 'keloid': 9}",0.5263157895,0.3629764065,0.5,0.34482758620000004,0.5,"[[0, 9], [0, 10]]","['keloid', 'non_keloid']"
keloid_binary,leave_accession_out_GSE145725,shared_genes,accession_zscore,stratified_random,340,19,"{'non_keloid': 211, 'keloid': 129}","{'non_keloid': 10, 'keloid': 9}",0.6842105263,0.6842105263,0.6833333333,0.6833333333,0.6833333333,"[[6, 3], [3, 7]]","['keloid', 'non_keloid']"
keloid_binary,leave_accession_out_GSE145725,shared_genes,accession_zscore,elastic_net_logreg,340,19,"{'non_keloid': 211, 'keloid': 129}","{'non_keloid': 10, 'keloid': 9}",0.3157894737,0.3119563615,0.3111111111,0.3081232493,0.5333333333,"[[2, 7], [6, 4]]","['keloid', 'non_keloid']"
keloid_binary,leave_accession_out_GSE145725,shared_genes,accession_zscore,linear_svm,340,19,"{'non_keloid': 211, 'keloid': 129}","{'non_keloid': 10, 'keloid': 9}",0.4210526316,0.417809229,0.4166666667,0.4145658263,0.4555555556,"[[3, 6], [5, 5]]","['keloid', 'non_keloid']"
keloid_binary,leave_accession_out_GSE145725,shared_genes,accession_zscore,random_forest,340,19,"{'non_keloid': 211, 'keloid': 129}","{'non_keloid': 10, 'keloid': 9}",0.5263157895,0.3629764065,0.5,0.34482758620000004,0.2777777778,"[[0, 9], [0, 10]]","['keloid', 'non_keloid']"
keloid_binary,leave_accession_out_GSE145725,shared_genes,accession_zscore,hist_gradient_boosting,340,19,"{'non_keloid': 211, 'keloid': 129}","{'non_keloid': 10, 'keloid': 9}",0.2631578947,0.2192982456,0.25,0.2083333333,0.2111111111,"[[0, 9], [5, 5]]","['keloid', 'non_keloid']"
keloid_binary,leave_accession_out_GSE145725,shared_genes,accession_zscore,knn,340,19,"{'non_keloid': 211, 'keloid': 129}","{'non_keloid': 10, 'keloid': 9}",0.5263157895,0.3629764065,0.5,0.34482758620000004,0.5555555556,"[[0, 9], [0, 10]]","['keloid', 'non_keloid']"
keloid_binary,leave_accession_out_GSE158395,modules_rank_plus_expanded,accession_zscore,majority,262,13,"{'non_keloid': 173, 'keloid': 89}","{'keloid': 7, 'non_keloid': 6}",0.4615384615,0.2914979757,0.5,0.3157894737,0.5,"[[0, 7], [0, 6]]","['keloid', 'non_keloid']"
keloid_binary,leave_accession_out_GSE158395,modules_rank_plus_expanded,accession_zscore,stratified_random,262,13,"{'non_keloid': 173, 'keloid': 89}","{'keloid': 7, 'non_keloid': 6}",0.4615384615,0.4615384615,0.46428571430000004,0.4615384615,0.46428571430000004,"[[3, 4], [3, 3]]","['keloid', 'non_keloid']"
keloid_binary,leave_accession_out_GSE158395,modules_rank_plus_expanded,accession_zscore,elastic_net_logreg,262,13,"{'non_keloid': 173, 'keloid': 89}","{'keloid': 7, 'non_keloid': 6}",0.7692307692,0.7692307692,0.7738095238,0.7692307692,0.7857142857,"[[5, 2], [1, 5]]","['keloid', 'non_keloid']"
keloid_binary,leave_accession_out_GSE158395,modules_rank_plus_expanded,accession_zscore,linear_svm,262,13,"{'non_keloid': 173, 'keloid': 89}","{'keloid': 7, 'non_keloid': 6}",0.7692307692,0.7692307692,0.7738095238,0.7692307692,0.7857142857,"[[5, 2], [1, 5]]","['keloid', 'non_keloid']"
keloid_binary,leave_accession_out_GSE158395,modules_rank_plus_expanded,accession_zscore,random_forest,262,13,"{'non_keloid': 173, 'keloid': 89}","{'keloid': 7, 'non_keloid': 6}",0.6923076923,0.6692307692,0.7142857143,0.675,0.8333333333,"[[3, 4], [0, 6]]","['keloid', 'non_keloid']"
keloid_binary,leave_accession_out_GSE158395,modules_rank_plus_expanded,accession_zscore,hist_gradient_boosting,262,13,"{'non_keloid': 173, 'keloid': 89}","{'keloid': 7, 'non_keloid': 6}",0.6923076923,0.6886446886,0.7023809524,0.6904761905,0.7380952381,"[[4, 3], [1, 5]]","['keloid', 'non_keloid']"
keloid_binary,leave_accession_out_GSE158395,modules_rank_plus_expanded,accession_zscore,knn,262,13,"{'non_keloid': 173, 'keloid': 89}","{'keloid': 7, 'non_keloid': 6}",0.6923076923,0.6923076923,0.6904761905,0.6904761905,0.75,"[[5, 2], [2, 4]]","['keloid', 'non_keloid']"
keloid_binary,leave_accession_out_GSE158395,modules_rank_plus_expanded,accession_zscore,small_mlp,262,13,"{'non_keloid': 173, 'keloid': 89}","{'keloid': 7, 'non_keloid': 6}",0.6153846154,0.5852187029,0.5952380952,0.5751633987,0.7142857143,"[[6, 1], [4, 2]]","['keloid', 'non_keloid']"
keloid_binary,leave_accession_out_GSE158395,modules_rank_only,accession_zscore,majority,262,13,"{'non_keloid': 173, 'keloid': 89}","{'keloid': 7, 'non_keloid': 6}",0.4615384615,0.2914979757,0.5,0.3157894737,0.5,"[[0, 7], [0, 6]]","['keloid', 'non_keloid']"
keloid_binary,leave_accession_out_GSE158395,modules_rank_only,accession_zscore,stratified_random,262,13,"{'non_keloid': 173, 'keloid': 89}","{'keloid': 7, 'non_keloid': 6}",0.4615384615,0.4615384615,0.46428571430000004,0.4615384615,0.46428571430000004,"[[3, 4], [3, 3]]","['keloid', 'non_keloid']"
keloid_binary,leave_accession_out_GSE158395,modules_rank_only,accession_zscore,elastic_net_logreg,262,13,"{'non_keloid': 173, 'keloid': 89}","{'keloid': 7, 'non_keloid': 6}",0.7692307692,0.7692307692,0.7738095238,0.7692307692,0.7857142857,"[[5, 2], [1, 5]]","['keloid', 'non_keloid']"
keloid_binary,leave_accession_out_GSE158395,modules_rank_only,accession_zscore,linear_svm,262,13,"{'non_keloid': 173, 'keloid': 89}","{'keloid': 7, 'non_keloid': 6}",0.7692307692,0.7692307692,0.7738095238,0.7692307692,0.7857142857,"[[5, 2], [1, 5]]","['keloid', 'non_keloid']"
keloid_binary,leave_accession_out_GSE158395,modules_rank_only,accession_zscore,random_forest,262,13,"{'non_keloid': 173, 'keloid': 89}","{'keloid': 7, 'non_keloid': 6}",0.6153846154,0.6013986014,0.6309523810000001,0.6060606061,0.8095238095,"[[3, 4], [1, 5]]","['keloid', 'non_keloid']"
keloid_binary,leave_accession_out_GSE158395,modules_rank_only,accession_zscore,hist_gradient_boosting,262,13,"{'non_keloid': 173, 'keloid': 89}","{'keloid': 7, 'non_keloid': 6}",0.6923076923,0.6886446886,0.7023809524,0.6904761905,0.7380952381,"[[4, 3], [1, 5]]","['keloid', 'non_keloid']"
keloid_binary,leave_accession_out_GSE158395,modules_rank_only,accession_zscore,knn,262,13,"{'non_keloid': 173, 'keloid': 89}","{'keloid': 7, 'non_keloid': 6}",0.6153846154,0.6153846154,0.619047619,0.6153846154,0.6547619048000001,"[[4, 3], [2, 4]]","['keloid', 'non_keloid']"
keloid_binary,leave_accession_out_GSE158395,modules_rank_only,accession_zscore,small_mlp,262,13,"{'non_keloid': 173, 'keloid': 89}","{'keloid': 7, 'non_keloid': 6}",0.6923076923,0.6692307692,0.7142857143,0.675,0.7857142857,"[[3, 4], [0, 6]]","['keloid', 'non_keloid']"
keloid_binary,leave_accession_out_GSE158395,published_markers_only,accession_zscore,majority,262,13,"{'non_keloid': 173, 'keloid': 89}","{'keloid': 7, 'non_keloid': 6}",0.4615384615,0.2914979757,0.5,0.3157894737,0.5,"[[0, 7], [0, 6]]","['keloid', 'non_keloid']"
keloid_binary,leave_accession_out_GSE158395,published_markers_only,accession_zscore,stratified_random,262,13,"{'non_keloid': 173, 'keloid': 89}","{'keloid': 7, 'non_keloid': 6}",0.4615384615,0.4615384615,0.46428571430000004,0.4615384615,0.46428571430000004,"[[3, 4], [3, 3]]","['keloid', 'non_keloid']"
keloid_binary,leave_accession_out_GSE158395,published_markers_only,accession_zscore,elastic_net_logreg,262,13,"{'non_keloid': 173, 'keloid': 89}","{'keloid': 7, 'non_keloid': 6}",0.7692307692,0.7692307692,0.7738095238,0.7692307692,0.8095238095,"[[5, 2], [1, 5]]","['keloid', 'non_keloid']"
keloid_binary,leave_accession_out_GSE158395,published_markers_only,accession_zscore,linear_svm,262,13,"{'non_keloid': 173, 'keloid': 89}","{'keloid': 7, 'non_keloid': 6}",0.7692307692,0.7692307692,0.7738095238,0.7692307692,0.7857142857,"[[5, 2], [1, 5]]","['keloid', 'non_keloid']"
keloid_binary,leave_accession_out_GSE158395,published_markers_only,accession_zscore,random_forest,262,13,"{'non_keloid': 173, 'keloid': 89}","{'keloid': 7, 'non_keloid': 6}",0.7692307692,0.7608391608,0.7857142857,0.7636363636,0.8571428571,"[[4, 3], [0, 6]]","['keloid', 'non_keloid']"
keloid_binary,leave_accession_out_GSE158395,published_markers_only,accession_zscore,hist_gradient_boosting,262,13,"{'non_keloid': 173, 'keloid': 89}","{'keloid': 7, 'non_keloid': 6}",0.8461538462,0.8443223443000001,0.8571428571,0.8452380952,0.8571428571,"[[5, 2], [0, 6]]","['keloid', 'non_keloid']"
keloid_binary,leave_accession_out_GSE158395,published_markers_only,accession_zscore,knn,262,13,"{'non_keloid': 173, 'keloid': 89}","{'keloid': 7, 'non_keloid': 6}",0.7692307692,0.7692307692,0.7738095238,0.7692307692,0.869047619,"[[5, 2], [1, 5]]","['keloid', 'non_keloid']"
keloid_binary,leave_accession_out_GSE158395,published_markers_only,accession_zscore,small_mlp,262,13,"{'non_keloid': 173, 'keloid': 89}","{'keloid': 7, 'non_keloid': 6}",0.6153846154,0.5651080945,0.6428571429000001,0.5751633987,0.7380952381,"[[2, 5], [0, 6]]","['keloid', 'non_keloid']"
keloid_binary,leave_accession_out_GSE158395,expanded_profibrotic_only,accession_zscore,majority,262,13,"{'non_keloid': 173, 'keloid': 89}","{'keloid': 7, 'non_keloid': 6}",0.4615384615,0.2914979757,0.5,0.3157894737,0.5,"[[0, 7], [0, 6]]","['keloid', 'non_keloid']"
keloid_binary,leave_accession_out_GSE158395,expanded_profibrotic_only,accession_zscore,stratified_random,262,13,"{'non_keloid': 173, 'keloid': 89}","{'keloid': 7, 'non_keloid': 6}",0.4615384615,0.4615384615,0.46428571430000004,0.4615384615,0.46428571430000004,"[[3, 4], [3, 3]]","['keloid', 'non_keloid']"
keloid_binary,leave_accession_out_GSE158395,expanded_profibrotic_only,accession_zscore,elastic_net_logreg,262,13,"{'non_keloid': 173, 'keloid': 89}","{'keloid': 7, 'non_keloid': 6}",0.6923076923,0.6886446886,0.7023809524,0.6904761905,0.8214285714,"[[4, 3], [1, 5]]","['keloid', 'non_keloid']"
keloid_binary,leave_accession_out_GSE158395,expanded_profibrotic_only,accession_zscore,linear_svm,262,13,"{'non_keloid': 173, 'keloid': 89}","{'keloid': 7, 'non_keloid': 6}",0.6923076923,0.6886446886,0.7023809524,0.6904761905,0.8214285714,"[[4, 3], [1, 5]]","['keloid', 'non_keloid']"
keloid_binary,leave_accession_out_GSE158395,expanded_profibrotic_only,accession_zscore,random_forest,262,13,"{'non_keloid': 173, 'keloid': 89}","{'keloid': 7, 'non_keloid': 6}",0.6923076923,0.6886446886,0.7023809524,0.6904761905,0.7738095238,"[[4, 3], [1, 5]]","['keloid', 'non_keloid']"
keloid_binary,leave_accession_out_GSE158395,expanded_profibrotic_only,accession_zscore,hist_gradient_boosting,262,13,"{'non_keloid': 173, 'keloid': 89}","{'keloid': 7, 'non_keloid': 6}",0.6923076923,0.6692307692,0.7142857143,0.675,0.6309523810000001,"[[3, 4], [0, 6]]","['keloid', 'non_keloid']"
keloid_binary,leave_accession_out_GSE158395,expanded_profibrotic_only,accession_zscore,knn,262,13,"{'non_keloid': 173, 'keloid': 89}","{'keloid': 7, 'non_keloid': 6}",0.7692307692,0.7692307692,0.7738095238,0.7692307692,0.7738095238,"[[5, 2], [1, 5]]","['keloid', 'non_keloid']"
keloid_binary,leave_accession_out_GSE158395,expanded_profibrotic_only,accession_zscore,small_mlp,262,13,"{'non_keloid': 173, 'keloid': 89}","{'keloid': 7, 'non_keloid': 6}",0.7692307692,0.7664335664,0.7619047619,0.7636363636,0.8452380952,"[[6, 1], [2, 4]]","['keloid', 'non_keloid']"
keloid_binary,leave_accession_out_GSE158395,shared_genes,accession_zscore,majority,262,13,"{'non_keloid': 173, 'keloid': 89}","{'keloid': 7, 'non_keloid': 6}",0.4615384615,0.2914979757,0.5,0.3157894737,0.5,"[[0, 7], [0, 6]]","['keloid', 'non_keloid']"
keloid_binary,leave_accession_out_GSE158395,shared_genes,accession_zscore,stratified_random,262,13,"{'non_keloid': 173, 'keloid': 89}","{'keloid': 7, 'non_keloid': 6}",0.4615384615,0.4615384615,0.46428571430000004,0.4615384615,0.46428571430000004,"[[3, 4], [3, 3]]","['keloid', 'non_keloid']"
keloid_binary,leave_accession_out_GSE158395,shared_genes,accession_zscore,elastic_net_logreg,262,13,"{'non_keloid': 173, 'keloid': 89}","{'keloid': 7, 'non_keloid': 6}",0.3846153846,0.3384615385,0.4047619048,0.35000000000000003,0.5238095238,"[[1, 6], [2, 4]]","['keloid', 'non_keloid']"
keloid_binary,leave_accession_out_GSE158395,shared_genes,accession_zscore,linear_svm,262,13,"{'non_keloid': 173, 'keloid': 89}","{'keloid': 7, 'non_keloid': 6}",0.3846153846,0.3846153846,0.380952381,0.380952381,0.3095238095,"[[3, 4], [4, 2]]","['keloid', 'non_keloid']"
keloid_binary,leave_accession_out_GSE158395,shared_genes,accession_zscore,random_forest,262,13,"{'non_keloid': 173, 'keloid': 89}","{'keloid': 7, 'non_keloid': 6}",0.5384615385,0.3769230769,0.5,0.35000000000000003,0.4761904762,"[[7, 0], [6, 0]]","['keloid', 'non_keloid']"
keloid_binary,leave_accession_out_GSE158395,shared_genes,accession_zscore,hist_gradient_boosting,262,13,"{'non_keloid': 173, 'keloid': 89}","{'keloid': 7, 'non_keloid': 6}",0.6153846154,0.6013986014,0.6309523810000001,0.6060606061,0.8095238095,"[[3, 4], [1, 5]]","['keloid', 'non_keloid']"
keloid_binary,leave_accession_out_GSE158395,shared_genes,accession_zscore,knn,262,13,"{'non_keloid': 173, 'keloid': 89}","{'keloid': 7, 'non_keloid': 6}",0.3076923077,0.2533936652,0.2857142857,0.23529411760000002,0.0714285714,"[[4, 3], [6, 0]]","['keloid', 'non_keloid']"
keloid_binary,leave_accession_out_GSE163973,modules_rank_plus_expanded,accession_zscore,majority,166,220,"{'keloid': 96, 'non_keloid': 70}","{'keloid': 110, 'non_keloid': 110}",0.5,0.33333333330000003,0.5,0.33333333330000003,0.5,"[[110, 0], [110, 0]]","['keloid', 'non_keloid']"
keloid_binary,leave_accession_out_GSE163973,modules_rank_plus_expanded,accession_zscore,stratified_random,166,220,"{'keloid': 96, 'non_keloid': 70}","{'keloid': 110, 'non_keloid': 110}",0.4954545455,0.48987904990000003,0.4954545455,0.48987904990000003,0.4954545455,"[[66, 44], [67, 43]]","['keloid', 'non_keloid']"
keloid_binary,leave_accession_out_GSE163973,modules_rank_plus_expanded,accession_zscore,elastic_net_logreg,166,220,"{'keloid': 96, 'non_keloid': 70}","{'keloid': 110, 'non_keloid': 110}",0.65,0.649122807,0.65,0.649122807,0.7223966942000001,"[[77, 33], [44, 66]]","['keloid', 'non_keloid']"
keloid_binary,leave_accession_out_GSE163973,modules_rank_plus_expanded,accession_zscore,linear_svm,166,220,"{'keloid': 96, 'non_keloid': 70}","{'keloid': 110, 'non_keloid': 110}",0.6272727273,0.6267792122,0.6272727273,0.6267792122,0.7154545455,"[[73, 37], [45, 65]]","['keloid', 'non_keloid']"
keloid_binary,leave_accession_out_GSE163973,modules_rank_plus_expanded,accession_zscore,random_forest,166,220,"{'keloid': 96, 'non_keloid': 70}","{'keloid': 110, 'non_keloid': 110}",0.5818181818,0.5689581736,0.5818181818,0.5689581736,0.6656198347000001,"[[83, 27], [65, 45]]","['keloid', 'non_keloid']"
keloid_binary,leave_accession_out_GSE163973,modules_rank_plus_expanded,accession_zscore,hist_gradient_boosting,166,220,"{'keloid': 96, 'non_keloid': 70}","{'keloid': 110, 'non_keloid': 110}",0.6272727273,0.6181525696,0.6272727273,0.6181525696,0.6339256198000001,"[[86, 24], [58, 52]]","['keloid', 'non_keloid']"
keloid_binary,leave_accession_out_GSE163973,modules_rank_plus_expanded,accession_zscore,knn,166,220,"{'keloid': 96, 'non_keloid': 70}","{'keloid': 110, 'non_keloid': 110}",0.6590909091,0.6570430879,0.6590909091,0.6570430879,0.6894628099,"[[81, 29], [46, 64]]","['keloid', 'non_keloid']"
keloid_binary,leave_accession_out_GSE163973,modules_rank_plus_expanded,accession_zscore,small_mlp,166,220,"{'keloid': 96, 'non_keloid': 70}","{'keloid': 110, 'non_keloid': 110}",0.6409090909,0.6205157318,0.6409090909,0.6205157318,0.727107438,"[[96, 14], [65, 45]]","['keloid', 'non_keloid']"
keloid_binary,leave_accession_out_GSE163973,modules_rank_only,accession_zscore,majority,166,220,"{'keloid': 96, 'non_keloid': 70}","{'keloid': 110, 'non_keloid': 110}",0.5,0.33333333330000003,0.5,0.33333333330000003,0.5,"[[110, 0], [110, 0]]","['keloid', 'non_keloid']"
keloid_binary,leave_accession_out_GSE163973,modules_rank_only,accession_zscore,stratified_random,166,220,"{'keloid': 96, 'non_keloid': 70}","{'keloid': 110, 'non_keloid': 110}",0.4954545455,0.48987904990000003,0.4954545455,0.48987904990000003,0.4954545455,"[[66, 44], [67, 43]]","['keloid', 'non_keloid']"
keloid_binary,leave_accession_out_GSE163973,modules_rank_only,accession_zscore,elastic_net_logreg,166,220,"{'keloid': 96, 'non_keloid': 70}","{'keloid': 110, 'non_keloid': 110}",0.6454545455,0.6443965517,0.6454545455,0.6443965517,0.7224793388,"[[77, 33], [45, 65]]","['keloid', 'non_keloid']"
keloid_binary,leave_accession_out_GSE163973,modules_rank_only,accession_zscore,linear_svm,166,220,"{'keloid': 96, 'non_keloid': 70}","{'keloid': 110, 'non_keloid': 110}",0.65,0.649122807,0.65,0.649122807,0.7173553719,"[[77, 33], [44, 66]]","['keloid', 'non_keloid']"
keloid_binary,leave_accession_out_GSE163973,modules_rank_only,accession_zscore,random_forest,166,220,"{'keloid': 96, 'non_keloid': 70}","{'keloid': 110, 'non_keloid': 110}",0.6136363636000001,0.6036036036,0.6136363636000001,0.6036036036,0.6989256198,"[[85, 25], [60, 50]]","['keloid', 'non_keloid']"
keloid_binary,leave_accession_out_GSE163973,modules_rank_only,accession_zscore,hist_gradient_boosting,166,220,"{'keloid': 96, 'non_keloid': 70}","{'keloid': 110, 'non_keloid': 110}",0.5909090909,0.5808991618,0.5909090909,0.5808991618,0.6477272727000001,"[[82, 28], [62, 48]]","['keloid', 'non_keloid']"
keloid_binary,leave_accession_out_GSE163973,modules_rank_only,accession_zscore,knn,166,220,"{'keloid': 96, 'non_keloid': 70}","{'keloid': 110, 'non_keloid': 110}",0.6863636364,0.6791443850000001,0.6863636364,0.6791443850000001,0.707768595,"[[92, 18], [51, 59]]","['keloid', 'non_keloid']"
keloid_binary,leave_accession_out_GSE163973,modules_rank_only,accession_zscore,small_mlp,166,220,"{'keloid': 96, 'non_keloid': 70}","{'keloid': 110, 'non_keloid': 110}",0.5136363636,0.4836700226,0.5136363636,0.4836700226,0.6266115702,"[[83, 27], [80, 30]]","['keloid', 'non_keloid']"
keloid_binary,leave_accession_out_GSE163973,published_markers_only,accession_zscore,majority,166,220,"{'keloid': 96, 'non_keloid': 70}","{'keloid': 110, 'non_keloid': 110}",0.5,0.33333333330000003,0.5,0.33333333330000003,0.5,"[[110, 0], [110, 0]]","['keloid', 'non_keloid']"
keloid_binary,leave_accession_out_GSE163973,published_markers_only,accession_zscore,stratified_random,166,220,"{'keloid': 96, 'non_keloid': 70}","{'keloid': 110, 'non_keloid': 110}",0.4954545455,0.48987904990000003,0.4954545455,0.48987904990000003,0.4954545455,"[[66, 44], [67, 43]]","['keloid', 'non_keloid']"
keloid_binary,leave_accession_out_GSE163973,published_markers_only,accession_zscore,elastic_net_logreg,166,220,"{'keloid': 96, 'non_keloid': 70}","{'keloid': 110, 'non_keloid': 110}",0.5954545455,0.5917346066,0.5954545455,0.5917346066,0.6667768595,"[[76, 34], [55, 55]]","['keloid', 'non_keloid']"
keloid_binary,leave_accession_out_GSE163973,published_markers_only,accession_zscore,linear_svm,166,220,"{'keloid': 96, 'non_keloid': 70}","{'keloid': 110, 'non_keloid': 110}",0.5863636364,0.5817927346,0.5863636364,0.5817927346,0.6295867769,"[[76, 34], [57, 53]]","['keloid', 'non_keloid']"
keloid_binary,leave_accession_out_GSE163973,published_markers_only,accession_zscore,random_forest,166,220,"{'keloid': 96, 'non_keloid': 70}","{'keloid': 110, 'non_keloid': 110}",0.6454545455,0.6387368421,0.6454545455,0.6387368421,0.7091735537,"[[86, 24], [54, 56]]","['keloid', 'non_keloid']"
keloid_binary,leave_accession_out_GSE163973,published_markers_only,accession_zscore,hist_gradient_boosting,166,220,"{'keloid': 96, 'non_keloid': 70}","{'keloid': 110, 'non_keloid': 110}",0.6454545455,0.6387368421,0.6454545455,0.6387368421,0.736322314,"[[86, 24], [54, 56]]","['keloid', 'non_keloid']"
keloid_binary,leave_accession_out_GSE163973,published_markers_only,accession_zscore,knn,166,220,"{'keloid': 96, 'non_keloid': 70}","{'keloid': 110, 'non_keloid': 110}",0.4954545455,0.42076424960000003,0.4954545455,0.42076424960000003,0.5212809917,"[[94, 16], [95, 15]]","['keloid', 'non_keloid']"
keloid_binary,leave_accession_out_GSE163973,published_markers_only,accession_zscore,small_mlp,166,220,"{'keloid': 96, 'non_keloid': 70}","{'keloid': 110, 'non_keloid': 110}",0.5954545455,0.5872594279000001,0.5954545455,0.5872594279000001,0.6890909091,"[[81, 29], [60, 50]]","['keloid', 'non_keloid']"
keloid_binary,leave_accession_out_GSE163973,expanded_profibrotic_only,accession_zscore,majority,166,220,"{'keloid': 96, 'non_keloid': 70}","{'keloid': 110, 'non_keloid': 110}",0.5,0.33333333330000003,0.5,0.33333333330000003,0.5,"[[110, 0], [110, 0]]","['keloid', 'non_keloid']"
keloid_binary,leave_accession_out_GSE163973,expanded_profibrotic_only,accession_zscore,stratified_random,166,220,"{'keloid': 96, 'non_keloid': 70}","{'keloid': 110, 'non_keloid': 110}",0.4954545455,0.48987904990000003,0.4954545455,0.48987904990000003,0.4954545455,"[[66, 44], [67, 43]]","['keloid', 'non_keloid']"
keloid_binary,leave_accession_out_GSE163973,expanded_profibrotic_only,accession_zscore,elastic_net_logreg,166,220,"{'keloid': 96, 'non_keloid': 70}","{'keloid': 110, 'non_keloid': 110}",0.6318181818,0.6318105746,0.6318181818,0.6318105746,0.7394628099,"[[70, 40], [41, 69]]","['keloid', 'non_keloid']"
keloid_binary,leave_accession_out_GSE163973,expanded_profibrotic_only,accession_zscore,linear_svm,166,220,"{'keloid': 96, 'non_keloid': 70}","{'keloid': 110, 'non_keloid': 110}",0.6318181818,0.6318105746,0.6318181818,0.6318105746,0.7394628099,"[[70, 40], [41, 69]]","['keloid', 'non_keloid']"
keloid_binary,leave_accession_out_GSE163973,expanded_profibrotic_only,accession_zscore,random_forest,166,220,"{'keloid': 96, 'non_keloid': 70}","{'keloid': 110, 'non_keloid': 110}",0.5681818182,0.5674579358,0.5681818182,0.5674579358,0.5403719008,"[[67, 43], [52, 58]]","['keloid', 'non_keloid']"
keloid_binary,leave_accession_out_GSE163973,expanded_profibrotic_only,accession_zscore,hist_gradient_boosting,166,220,"{'keloid': 96, 'non_keloid': 70}","{'keloid': 110, 'non_keloid': 110}",0.6181818182000001,0.6173913043,0.6181818182000001,0.6173913043,0.5685537190000001,"[[73, 37], [47, 63]]","['keloid', 'non_keloid']"
keloid_binary,leave_accession_out_GSE163973,expanded_profibrotic_only,accession_zscore,knn,166,220,"{'keloid': 96, 'non_keloid': 70}","{'keloid': 110, 'non_keloid': 110}",0.5772727273,0.574096047,0.5772727273,0.574096047,0.5485950413,"[[73, 37], [56, 54]]","['keloid', 'non_keloid']"
keloid_binary,leave_accession_out_GSE163973,expanded_profibrotic_only,accession_zscore,small_mlp,166,220,"{'keloid': 96, 'non_keloid': 70}","{'keloid': 110, 'non_keloid': 110}",0.5636363636,0.5454545455,0.5636363636,0.5454545455,0.6842561983000001,"[[84, 26], [70, 40]]","['keloid', 'non_keloid']"
keloid_binary,leave_accession_out_GSE163973,shared_genes,accession_zscore,majority,166,220,"{'keloid': 96, 'non_keloid': 70}","{'keloid': 110, 'non_keloid': 110}",0.5,0.33333333330000003,0.5,0.33333333330000003,0.5,"[[110, 0], [110, 0]]","['keloid', 'non_keloid']"
keloid_binary,leave_accession_out_GSE163973,shared_genes,accession_zscore,stratified_random,166,220,"{'keloid': 96, 'non_keloid': 70}","{'keloid': 110, 'non_keloid': 110}",0.4954545455,0.48987904990000003,0.4954545455,0.48987904990000003,0.4954545455,"[[66, 44], [67, 43]]","['keloid', 'non_keloid']"
keloid_binary,leave_accession_out_GSE163973,shared_genes,accession_zscore,elastic_net_logreg,166,220,"{'keloid': 96, 'non_keloid': 70}","{'keloid': 110, 'non_keloid': 110}",0.5318181818000001,0.5313437157,0.5318181818000001,0.5313437157,0.6233057851,"[[62, 48], [55, 55]]","['keloid', 'non_keloid']"
keloid_binary,leave_accession_out_GSE163973,shared_genes,accession_zscore,linear_svm,166,220,"{'keloid': 96, 'non_keloid': 70}","{'keloid': 110, 'non_keloid': 110}",0.5318181818000001,0.5275130841,0.5318181818000001,0.5275130841,0.5909090909,"[[69, 41], [62, 48]]","['keloid', 'non_keloid']"
keloid_binary,leave_accession_out_GSE163973,shared_genes,accession_zscore,random_forest,166,220,"{'keloid': 96, 'non_keloid': 70}","{'keloid': 110, 'non_keloid': 110}",0.5136363636,0.3771003678,0.5136363636,0.3771003678,0.6495041322,"[[108, 2], [105, 5]]","['keloid', 'non_keloid']"
keloid_binary,leave_accession_out_GSE163973,shared_genes,accession_zscore,hist_gradient_boosting,166,220,"{'keloid': 96, 'non_keloid': 70}","{'keloid': 110, 'non_keloid': 110}",0.4863636364,0.4372382569,0.4863636364,0.4372382569,0.4604132231,"[[86, 24], [89, 21]]","['keloid', 'non_keloid']"
keloid_binary,leave_accession_out_GSE163973,shared_genes,accession_zscore,knn,166,220,"{'keloid': 96, 'non_keloid': 70}","{'keloid': 110, 'non_keloid': 110}",0.5227272727,0.4242129664,0.5227272727,0.4242129664,0.615,"[[103, 7], [98, 12]]","['keloid', 'non_keloid']"
keloid_binary,leave_accession_out_GSE181297,modules_rank_plus_expanded,accession_zscore,majority,379,7,"{'non_keloid': 210, 'keloid': 169}","{'keloid': 4, 'non_keloid': 3}",0.4285714286,0.2571428571,0.5,0.30000000000000004,0.5,"[[0, 4], [0, 3]]","['keloid', 'non_keloid']"
keloid_binary,leave_accession_out_GSE181297,modules_rank_plus_expanded,accession_zscore,stratified_random,379,7,"{'non_keloid': 210, 'keloid': 169}","{'keloid': 4, 'non_keloid': 3}",0.5714285714,0.5523809524000001,0.5416666667,0.5333333333,0.5416666667,"[[3, 1], [2, 1]]","['keloid', 'non_keloid']"
keloid_binary,leave_accession_out_GSE181297,modules_rank_plus_expanded,accession_zscore,elastic_net_logreg,379,7,"{'non_keloid': 210, 'keloid': 169}","{'keloid': 4, 'non_keloid': 3}",1.0,1.0,1.0,1.0,1.0,"[[4, 0], [0, 3]]","['keloid', 'non_keloid']"
keloid_binary,leave_accession_out_GSE181297,modules_rank_plus_expanded,accession_zscore,linear_svm,379,7,"{'non_keloid': 210, 'keloid': 169}","{'keloid': 4, 'non_keloid': 3}",1.0,1.0,1.0,1.0,1.0,"[[4, 0], [0, 3]]","['keloid', 'non_keloid']"
keloid_binary,leave_accession_out_GSE181297,modules_rank_plus_expanded,accession_zscore,random_forest,379,7,"{'non_keloid': 210, 'keloid': 169}","{'keloid': 4, 'non_keloid': 3}",0.8571428571,0.8571428571,0.875,0.8571428571,1.0,"[[3, 1], [0, 3]]","['keloid', 'non_keloid']"
keloid_binary,leave_accession_out_GSE181297,modules_rank_plus_expanded,accession_zscore,hist_gradient_boosting,379,7,"{'non_keloid': 210, 'keloid': 169}","{'keloid': 4, 'non_keloid': 3}",0.8571428571,0.8571428571,0.875,0.8571428571,1.0,"[[3, 1], [0, 3]]","['keloid', 'non_keloid']"
keloid_binary,leave_accession_out_GSE181297,modules_rank_plus_expanded,accession_zscore,knn,379,7,"{'non_keloid': 210, 'keloid': 169}","{'keloid': 4, 'non_keloid': 3}",0.5714285714,0.5714285714,0.5833333333,0.5714285714,0.7083333333,"[[2, 2], [1, 2]]","['keloid', 'non_keloid']"
keloid_binary,leave_accession_out_GSE181297,modules_rank_plus_expanded,accession_zscore,small_mlp,379,7,"{'non_keloid': 210, 'keloid': 169}","{'keloid': 4, 'non_keloid': 3}",1.0,1.0,1.0,1.0,1.0,"[[4, 0], [0, 3]]","['keloid', 'non_keloid']"
keloid_binary,leave_accession_out_GSE181297,modules_rank_only,accession_zscore,majority,379,7,"{'non_keloid': 210, 'keloid': 169}","{'keloid': 4, 'non_keloid': 3}",0.4285714286,0.2571428571,0.5,0.30000000000000004,0.5,"[[0, 4], [0, 3]]","['keloid', 'non_keloid']"
keloid_binary,leave_accession_out_GSE181297,modules_rank_only,accession_zscore,stratified_random,379,7,"{'non_keloid': 210, 'keloid': 169}","{'keloid': 4, 'non_keloid': 3}",0.5714285714,0.5523809524000001,0.5416666667,0.5333333333,0.5416666667,"[[3, 1], [2, 1]]","['keloid', 'non_keloid']"
keloid_binary,leave_accession_out_GSE181297,modules_rank_only,accession_zscore,elastic_net_logreg,379,7,"{'non_keloid': 210, 'keloid': 169}","{'keloid': 4, 'non_keloid': 3}",1.0,1.0,1.0,1.0,1.0,"[[4, 0], [0, 3]]","['keloid', 'non_keloid']"
keloid_binary,leave_accession_out_GSE181297,modules_rank_only,accession_zscore,linear_svm,379,7,"{'non_keloid': 210, 'keloid': 169}","{'keloid': 4, 'non_keloid': 3}",1.0,1.0,1.0,1.0,1.0,"[[4, 0], [0, 3]]","['keloid', 'non_keloid']"
keloid_binary,leave_accession_out_GSE181297,modules_rank_only,accession_zscore,random_forest,379,7,"{'non_keloid': 210, 'keloid': 169}","{'keloid': 4, 'non_keloid': 3}",0.8571428571,0.8571428571,0.875,0.8571428571,1.0,"[[3, 1], [0, 3]]","['keloid', 'non_keloid']"
keloid_binary,leave_accession_out_GSE181297,modules_rank_only,accession_zscore,hist_gradient_boosting,379,7,"{'non_keloid': 210, 'keloid': 169}","{'keloid': 4, 'non_keloid': 3}",0.8571428571,0.8571428571,0.875,0.8571428571,0.8333333333,"[[3, 1], [0, 3]]","['keloid', 'non_keloid']"
keloid_binary,leave_accession_out_GSE181297,modules_rank_only,accession_zscore,knn,379,7,"{'non_keloid': 210, 'keloid': 169}","{'keloid': 4, 'non_keloid': 3}",0.5714285714,0.5714285714,0.5833333333,0.5714285714,0.5833333333,"[[2, 2], [1, 2]]","['keloid', 'non_keloid']"
keloid_binary,leave_accession_out_GSE181297,modules_rank_only,accession_zscore,small_mlp,379,7,"{'non_keloid': 210, 'keloid': 169}","{'keloid': 4, 'non_keloid': 3}",1.0,1.0,1.0,1.0,1.0,"[[4, 0], [0, 3]]","['keloid', 'non_keloid']"
keloid_binary,leave_accession_out_GSE181297,published_markers_only,accession_zscore,majority,379,7,"{'non_keloid': 210, 'keloid': 169}","{'keloid': 4, 'non_keloid': 3}",0.4285714286,0.2571428571,0.5,0.30000000000000004,0.5,"[[0, 4], [0, 3]]","['keloid', 'non_keloid']"
keloid_binary,leave_accession_out_GSE181297,published_markers_only,accession_zscore,stratified_random,379,7,"{'non_keloid': 210, 'keloid': 169}","{'keloid': 4, 'non_keloid': 3}",0.5714285714,0.5523809524000001,0.5416666667,0.5333333333,0.5416666667,"[[3, 1], [2, 1]]","['keloid', 'non_keloid']"
keloid_binary,leave_accession_out_GSE181297,published_markers_only,accession_zscore,elastic_net_logreg,379,7,"{'non_keloid': 210, 'keloid': 169}","{'keloid': 4, 'non_keloid': 3}",1.0,1.0,1.0,1.0,1.0,"[[4, 0], [0, 3]]","['keloid', 'non_keloid']"
keloid_binary,leave_accession_out_GSE181297,published_markers_only,accession_zscore,linear_svm,379,7,"{'non_keloid': 210, 'keloid': 169}","{'keloid': 4, 'non_keloid': 3}",1.0,1.0,1.0,1.0,1.0,"[[4, 0], [0, 3]]","['keloid', 'non_keloid']"
keloid_binary,leave_accession_out_GSE181297,published_markers_only,accession_zscore,random_forest,379,7,"{'non_keloid': 210, 'keloid': 169}","{'keloid': 4, 'non_keloid': 3}",1.0,1.0,1.0,1.0,1.0,"[[4, 0], [0, 3]]","['keloid', 'non_keloid']"
keloid_binary,leave_accession_out_GSE181297,published_markers_only,accession_zscore,hist_gradient_boosting,379,7,"{'non_keloid': 210, 'keloid': 169}","{'keloid': 4, 'non_keloid': 3}",0.8571428571,0.8507936508,0.8333333333,0.8444444444,1.0,"[[4, 0], [1, 2]]","['keloid', 'non_keloid']"
keloid_binary,leave_accession_out_GSE181297,published_markers_only,accession_zscore,knn,379,7,"{'non_keloid': 210, 'keloid': 169}","{'keloid': 4, 'non_keloid': 3}",0.7142857143,0.7142857143,0.7083333333,0.7083333333,0.875,"[[3, 1], [1, 2]]","['keloid', 'non_keloid']"
keloid_binary,leave_accession_out_GSE181297,published_markers_only,accession_zscore,small_mlp,379,7,"{'non_keloid': 210, 'keloid': 169}","{'keloid': 4, 'non_keloid': 3}",0.7142857143,0.7142857143,0.7083333333,0.7083333333,0.75,"[[3, 1], [1, 2]]","['keloid', 'non_keloid']"
keloid_binary,leave_accession_out_GSE181297,expanded_profibrotic_only,accession_zscore,majority,379,7,"{'non_keloid': 210, 'keloid': 169}","{'keloid': 4, 'non_keloid': 3}",0.4285714286,0.2571428571,0.5,0.30000000000000004,0.5,"[[0, 4], [0, 3]]","['keloid', 'non_keloid']"
keloid_binary,leave_accession_out_GSE181297,expanded_profibrotic_only,accession_zscore,stratified_random,379,7,"{'non_keloid': 210, 'keloid': 169}","{'keloid': 4, 'non_keloid': 3}",0.5714285714,0.5523809524000001,0.5416666667,0.5333333333,0.5416666667,"[[3, 1], [2, 1]]","['keloid', 'non_keloid']"
keloid_binary,leave_accession_out_GSE181297,expanded_profibrotic_only,accession_zscore,elastic_net_logreg,379,7,"{'non_keloid': 210, 'keloid': 169}","{'keloid': 4, 'non_keloid': 3}",0.7142857143,0.7142857143,0.7083333333,0.7083333333,0.875,"[[3, 1], [1, 2]]","['keloid', 'non_keloid']"
keloid_binary,leave_accession_out_GSE181297,expanded_profibrotic_only,accession_zscore,linear_svm,379,7,"{'non_keloid': 210, 'keloid': 169}","{'keloid': 4, 'non_keloid': 3}",0.7142857143,0.7142857143,0.7083333333,0.7083333333,0.875,"[[3, 1], [1, 2]]","['keloid', 'non_keloid']"
keloid_binary,leave_accession_out_GSE181297,expanded_profibrotic_only,accession_zscore,random_forest,379,7,"{'non_keloid': 210, 'keloid': 169}","{'keloid': 4, 'non_keloid': 3}",0.8571428571,0.8507936508,0.8333333333,0.8444444444,0.9583333333,"[[4, 0], [1, 2]]","['keloid', 'non_keloid']"
keloid_binary,leave_accession_out_GSE181297,expanded_profibrotic_only,accession_zscore,hist_gradient_boosting,379,7,"{'non_keloid': 210, 'keloid': 169}","{'keloid': 4, 'non_keloid': 3}",0.8571428571,0.8571428571,0.875,0.8571428571,0.9583333333,"[[3, 1], [0, 3]]","['keloid', 'non_keloid']"
keloid_binary,leave_accession_out_GSE181297,expanded_profibrotic_only,accession_zscore,knn,379,7,"{'non_keloid': 210, 'keloid': 169}","{'keloid': 4, 'non_keloid': 3}",0.7142857143,0.7142857143,0.7083333333,0.7083333333,0.75,"[[3, 1], [1, 2]]","['keloid', 'non_keloid']"
keloid_binary,leave_accession_out_GSE181297,expanded_profibrotic_only,accession_zscore,small_mlp,379,7,"{'non_keloid': 210, 'keloid': 169}","{'keloid': 4, 'non_keloid': 3}",0.8571428571,0.8507936508,0.8333333333,0.8444444444,0.875,"[[4, 0], [1, 2]]","['keloid', 'non_keloid']"
keloid_binary,leave_accession_out_GSE181297,shared_genes,accession_zscore,majority,379,7,"{'non_keloid': 210, 'keloid': 169}","{'keloid': 4, 'non_keloid': 3}",0.4285714286,0.2571428571,0.5,0.30000000000000004,0.5,"[[0, 4], [0, 3]]","['keloid', 'non_keloid']"
keloid_binary,leave_accession_out_GSE181297,shared_genes,accession_zscore,stratified_random,379,7,"{'non_keloid': 210, 'keloid': 169}","{'keloid': 4, 'non_keloid': 3}",0.5714285714,0.5523809524000001,0.5416666667,0.5333333333,0.5416666667,"[[3, 1], [2, 1]]","['keloid', 'non_keloid']"
keloid_binary,leave_accession_out_GSE181297,shared_genes,accession_zscore,elastic_net_logreg,379,7,"{'non_keloid': 210, 'keloid': 169}","{'keloid': 4, 'non_keloid': 3}",0.8571428571,0.8571428571,0.875,0.8571428571,1.0,"[[3, 1], [0, 3]]","['keloid', 'non_keloid']"
keloid_binary,leave_accession_out_GSE181297,shared_genes,accession_zscore,linear_svm,379,7,"{'non_keloid': 210, 'keloid': 169}","{'keloid': 4, 'non_keloid': 3}",0.7142857143,0.7142857143,0.7083333333,0.7083333333,0.8333333333,"[[3, 1], [1, 2]]","['keloid', 'non_keloid']"
keloid_binary,leave_accession_out_GSE181297,shared_genes,accession_zscore,random_forest,379,7,"{'non_keloid': 210, 'keloid': 169}","{'keloid': 4, 'non_keloid': 3}",0.8571428571,0.8571428571,0.875,0.8571428571,1.0,"[[3, 1], [0, 3]]","['keloid', 'non_keloid']"
keloid_binary,leave_accession_out_GSE181297,shared_genes,accession_zscore,hist_gradient_boosting,379,7,"{'non_keloid': 210, 'keloid': 169}","{'keloid': 4, 'non_keloid': 3}",0.7142857143,0.7023809524,0.75,0.7083333333,0.6666666667000001,"[[2, 2], [0, 3]]","['keloid', 'non_keloid']"
keloid_binary,leave_accession_out_GSE181297,shared_genes,accession_zscore,knn,379,7,"{'non_keloid': 210, 'keloid': 169}","{'keloid': 4, 'non_keloid': 3}",0.8571428571,0.8507936508,0.8333333333,0.8444444444,0.7916666667000001,"[[4, 0], [1, 2]]","['keloid', 'non_keloid']"
keloid_binary,leave_accession_out_GSE188952,modules_rank_plus_expanded,accession_zscore,majority,333,12,"{'non_keloid': 201, 'keloid': 132}","{'non_keloid': 8, 'keloid': 4}",0.6666666667000001,0.5333333333,0.5,0.4,0.5,"[[0, 4], [0, 8]]","['keloid', 'non_keloid']"
keloid_binary,leave_accession_out_GSE188952,modules_rank_plus_expanded,accession_zscore,stratified_random,333,12,"{'non_keloid': 201, 'keloid': 132}","{'non_keloid': 8, 'keloid': 4}",0.5,0.5,0.5625,0.5,0.5625,"[[3, 1], [5, 3]]","['keloid', 'non_keloid']"
keloid_binary,leave_accession_out_GSE188952,modules_rank_plus_expanded,accession_zscore,elastic_net_logreg,333,12,"{'non_keloid': 201, 'keloid': 132}","{'non_keloid': 8, 'keloid': 4}",0.1666666667,0.1904761905,0.125,0.1428571429,0.09375000000000001,"[[0, 4], [6, 2]]","['keloid', 'non_keloid']"
keloid_binary,leave_accession_out_GSE188952,modules_rank_plus_expanded,accession_zscore,linear_svm,333,12,"{'non_keloid': 201, 'keloid': 132}","{'non_keloid': 8, 'keloid': 4}",0.1666666667,0.1904761905,0.125,0.1428571429,0.125,"[[0, 4], [6, 2]]","['keloid', 'non_keloid']"
keloid_binary,leave_accession_out_GSE188952,modules_rank_plus_expanded,accession_zscore,random_forest,333,12,"{'non_keloid': 201, 'keloid': 132}","{'non_keloid': 8, 'keloid': 4}",0.33333333330000003,0.33333333330000003,0.25,0.25,0.0625,"[[0, 4], [4, 4]]","['keloid', 'non_keloid']"
keloid_binary,leave_accession_out_GSE188952,modules_rank_plus_expanded,accession_zscore,hist_gradient_boosting,333,12,"{'non_keloid': 201, 'keloid': 132}","{'non_keloid': 8, 'keloid': 4}",0.33333333330000003,0.33333333330000003,0.25,0.25,0.0625,"[[0, 4], [4, 4]]","['keloid', 'non_keloid']"
keloid_binary,leave_accession_out_GSE188952,modules_rank_plus_expanded,accession_zscore,knn,333,12,"{'non_keloid': 201, 'keloid': 132}","{'non_keloid': 8, 'keloid': 4}",0.33333333330000003,0.33333333330000003,0.25,0.25,0.25,"[[0, 4], [4, 4]]","['keloid', 'non_keloid']"
keloid_binary,leave_accession_out_GSE188952,modules_rank_plus_expanded,accession_zscore,small_mlp,333,12,"{'non_keloid': 201, 'keloid': 132}","{'non_keloid': 8, 'keloid': 4}",0.25,0.2657342657,0.25,0.24475524480000002,0.21875000000000003,"[[1, 3], [6, 2]]","['keloid', 'non_keloid']"
keloid_binary,leave_accession_out_GSE188952,modules_rank_only,accession_zscore,majority,333,12,"{'non_keloid': 201, 'keloid': 132}","{'non_keloid': 8, 'keloid': 4}",0.6666666667000001,0.5333333333,0.5,0.4,0.5,"[[0, 4], [0, 8]]","['keloid', 'non_keloid']"
keloid_binary,leave_accession_out_GSE188952,modules_rank_only,accession_zscore,stratified_random,333,12,"{'non_keloid': 201, 'keloid': 132}","{'non_keloid': 8, 'keloid': 4}",0.5,0.5,0.5625,0.5,0.5625,"[[3, 1], [5, 3]]","['keloid', 'non_keloid']"
keloid_binary,leave_accession_out_GSE188952,modules_rank_only,accession_zscore,elastic_net_logreg,333,12,"{'non_keloid': 201, 'keloid': 132}","{'non_keloid': 8, 'keloid': 4}",0.25,0.2657342657,0.25,0.24475524480000002,0.0625,"[[1, 3], [6, 2]]","['keloid', 'non_keloid']"
keloid_binary,leave_accession_out_GSE188952,modules_rank_only,accession_zscore,linear_svm,333,12,"{'non_keloid': 201, 'keloid': 132}","{'non_keloid': 8, 'keloid': 4}",0.25,0.2657342657,0.25,0.24475524480000002,0.0625,"[[1, 3], [6, 2]]","['keloid', 'non_keloid']"
keloid_binary,leave_accession_out_GSE188952,modules_rank_only,accession_zscore,random_forest,333,12,"{'non_keloid': 201, 'keloid': 132}","{'non_keloid': 8, 'keloid': 4}",0.33333333330000003,0.33333333330000003,0.25,0.25,0.09375000000000001,"[[0, 4], [4, 4]]","['keloid', 'non_keloid']"
keloid_binary,leave_accession_out_GSE188952,modules_rank_only,accession_zscore,hist_gradient_boosting,333,12,"{'non_keloid': 201, 'keloid': 132}","{'non_keloid': 8, 'keloid': 4}",0.33333333330000003,0.33333333330000003,0.25,0.25,0.09375000000000001,"[[0, 4], [4, 4]]","['keloid', 'non_keloid']"
keloid_binary,leave_accession_out_GSE188952,modules_rank_only,accession_zscore,knn,333,12,"{'non_keloid': 201, 'keloid': 132}","{'non_keloid': 8, 'keloid': 4}",0.4166666667,0.3921568627,0.3125,0.2941176471,0.265625,"[[0, 4], [3, 5]]","['keloid', 'non_keloid']"
keloid_binary,leave_accession_out_GSE188952,modules_rank_only,accession_zscore,small_mlp,333,12,"{'non_keloid': 201, 'keloid': 132}","{'non_keloid': 8, 'keloid': 4}",0.33333333330000003,0.33333333330000003,0.25,0.25,0.125,"[[0, 4], [4, 4]]","['keloid', 'non_keloid']"
keloid_binary,leave_accession_out_GSE188952,published_markers_only,accession_zscore,majority,333,12,"{'non_keloid': 201, 'keloid': 132}","{'non_keloid': 8, 'keloid': 4}",0.6666666667000001,0.5333333333,0.5,0.4,0.5,"[[0, 4], [0, 8]]","['keloid', 'non_keloid']"
keloid_binary,leave_accession_out_GSE188952,published_markers_only,accession_zscore,stratified_random,333,12,"{'non_keloid': 201, 'keloid': 132}","{'non_keloid': 8, 'keloid': 4}",0.5,0.5,0.5625,0.5,0.5625,"[[3, 1], [5, 3]]","['keloid', 'non_keloid']"
keloid_binary,leave_accession_out_GSE188952,published_markers_only,accession_zscore,elastic_net_logreg,333,12,"{'non_keloid': 201, 'keloid': 132}","{'non_keloid': 8, 'keloid': 4}",0.5833333333,0.5658263305,0.5,0.4957983193,0.5625,"[[1, 3], [2, 6]]","['keloid', 'non_keloid']"
keloid_binary,leave_accession_out_GSE188952,published_markers_only,accession_zscore,linear_svm,333,12,"{'non_keloid': 201, 'keloid': 132}","{'non_keloid': 8, 'keloid': 4}",0.5833333333,0.5658263305,0.5,0.4957983193,0.65625,"[[1, 3], [2, 6]]","['keloid', 'non_keloid']"
keloid_binary,leave_accession_out_GSE188952,published_markers_only,accession_zscore,random_forest,333,12,"{'non_keloid': 201, 'keloid': 132}","{'non_keloid': 8, 'keloid': 4}",0.4166666667,0.3921568627,0.3125,0.2941176471,0.15625,"[[0, 4], [3, 5]]","['keloid', 'non_keloid']"
keloid_binary,leave_accession_out_GSE188952,published_markers_only,accession_zscore,hist_gradient_boosting,333,12,"{'non_keloid': 201, 'keloid': 132}","{'non_keloid': 8, 'keloid': 4}",0.5,0.5,0.4375,0.4375,0.53125,"[[1, 3], [3, 5]]","['keloid', 'non_keloid']"
keloid_binary,leave_accession_out_GSE188952,published_markers_only,accession_zscore,knn,333,12,"{'non_keloid': 201, 'keloid': 132}","{'non_keloid': 8, 'keloid': 4}",0.25,0.2657342657,0.25,0.24475524480000002,0.25,"[[1, 3], [6, 2]]","['keloid', 'non_keloid']"
keloid_binary,leave_accession_out_GSE188952,published_markers_only,accession_zscore,small_mlp,333,12,"{'non_keloid': 201, 'keloid': 132}","{'non_keloid': 8, 'keloid': 4}",0.5833333333,0.5925925926,0.5625,0.5555555556,0.40625000000000006,"[[2, 2], [3, 5]]","['keloid', 'non_keloid']"
keloid_binary,leave_accession_out_GSE188952,expanded_profibrotic_only,accession_zscore,majority,333,12,"{'non_keloid': 201, 'keloid': 132}","{'non_keloid': 8, 'keloid': 4}",0.6666666667000001,0.5333333333,0.5,0.4,0.5,"[[0, 4], [0, 8]]","['keloid', 'non_keloid']"
keloid_binary,leave_accession_out_GSE188952,expanded_profibrotic_only,accession_zscore,stratified_random,333,12,"{'non_keloid': 201, 'keloid': 132}","{'non_keloid': 8, 'keloid': 4}",0.5,0.5,0.5625,0.5,0.5625,"[[3, 1], [5, 3]]","['keloid', 'non_keloid']"
keloid_binary,leave_accession_out_GSE188952,expanded_profibrotic_only,accession_zscore,elastic_net_logreg,333,12,"{'non_keloid': 201, 'keloid': 132}","{'non_keloid': 8, 'keloid': 4}",0.4166666667,0.4296296296,0.375,0.3777777778,0.40625000000000006,"[[1, 3], [4, 4]]","['keloid', 'non_keloid']"
keloid_binary,leave_accession_out_GSE188952,expanded_profibrotic_only,accession_zscore,linear_svm,333,12,"{'non_keloid': 201, 'keloid': 132}","{'non_keloid': 8, 'keloid': 4}",0.4166666667,0.4296296296,0.375,0.3777777778,0.40625000000000006,"[[1, 3], [4, 4]]","['keloid', 'non_keloid']"
keloid_binary,leave_accession_out_GSE188952,expanded_profibrotic_only,accession_zscore,random_forest,333,12,"{'non_keloid': 201, 'keloid': 132}","{'non_keloid': 8, 'keloid': 4}",0.4166666667,0.4296296296,0.375,0.3777777778,0.5,"[[1, 3], [4, 4]]","['keloid', 'non_keloid']"
keloid_binary,leave_accession_out_GSE188952,expanded_profibrotic_only,accession_zscore,hist_gradient_boosting,333,12,"{'non_keloid': 201, 'keloid': 132}","{'non_keloid': 8, 'keloid': 4}",0.5,0.5,0.4375,0.4375,0.421875,"[[1, 3], [3, 5]]","['keloid', 'non_keloid']"
keloid_binary,leave_accession_out_GSE188952,expanded_profibrotic_only,accession_zscore,knn,333,12,"{'non_keloid': 201, 'keloid': 132}","{'non_keloid': 8, 'keloid': 4}",0.33333333330000003,0.33333333330000003,0.25,0.25,0.4375,"[[0, 4], [4, 4]]","['keloid', 'non_keloid']"
keloid_binary,leave_accession_out_GSE188952,expanded_profibrotic_only,accession_zscore,small_mlp,333,12,"{'non_keloid': 201, 'keloid': 132}","{'non_keloid': 8, 'keloid': 4}",0.4166666667,0.3962703963,0.5,0.41258741260000004,0.40625000000000006,"[[3, 1], [6, 2]]","['keloid', 'non_keloid']"
keloid_binary,leave_accession_out_GSE188952,shared_genes,accession_zscore,majority,333,12,"{'non_keloid': 201, 'keloid': 132}","{'non_keloid': 8, 'keloid': 4}",0.6666666667000001,0.5333333333,0.5,0.4,0.5,"[[0, 4], [0, 8]]","['keloid', 'non_keloid']"
keloid_binary,leave_accession_out_GSE188952,shared_genes,accession_zscore,stratified_random,333,12,"{'non_keloid': 201, 'keloid': 132}","{'non_keloid': 8, 'keloid': 4}",0.5,0.5,0.5625,0.5,0.5625,"[[3, 1], [5, 3]]","['keloid', 'non_keloid']"
keloid_binary,leave_accession_out_GSE188952,shared_genes,accession_zscore,elastic_net_logreg,333,12,"{'non_keloid': 201, 'keloid': 132}","{'non_keloid': 8, 'keloid': 4}",0.5,0.5,0.4375,0.4375,0.34375000000000006,"[[1, 3], [3, 5]]","['keloid', 'non_keloid']"
keloid_binary,leave_accession_out_GSE188952,shared_genes,accession_zscore,linear_svm,333,12,"{'non_keloid': 201, 'keloid': 132}","{'non_keloid': 8, 'keloid': 4}",0.4166666667,0.3962703963,0.5,0.41258741260000004,0.5,"[[3, 1], [6, 2]]","['keloid', 'non_keloid']"
keloid_binary,leave_accession_out_GSE188952,shared_genes,accession_zscore,random_forest,333,12,"{'non_keloid': 201, 'keloid': 132}","{'non_keloid': 8, 'keloid': 4}",0.33333333330000003,0.1666666667,0.5,0.25,0.4375,"[[4, 0], [8, 0]]","['keloid', 'non_keloid']"
keloid_binary,leave_accession_out_GSE188952,shared_genes,accession_zscore,hist_gradient_boosting,333,12,"{'non_keloid': 201, 'keloid': 132}","{'non_keloid': 8, 'keloid': 4}",0.5833333333,0.5925925926,0.5625,0.5555555556,0.40625000000000006,"[[2, 2], [3, 5]]","['keloid', 'non_keloid']"
keloid_binary,leave_accession_out_GSE188952,shared_genes,accession_zscore,knn,333,12,"{'non_keloid': 201, 'keloid': 132}","{'non_keloid': 8, 'keloid': 4}",0.33333333330000003,0.27619047620000003,0.4375,0.3142857143,0.53125,"[[3, 1], [7, 1]]","['keloid', 'non_keloid']"
keloid_binary,leave_accession_out_GSE44270,modules_rank_plus_expanded,accession_zscore,majority,279,32,"{'non_keloid': 162, 'keloid': 117}","{'keloid': 18, 'non_keloid': 14}",0.4375,0.2663043478,0.5,0.3043478261,0.5,"[[0, 18], [0, 14]]","['keloid', 'non_keloid']"
keloid_binary,leave_accession_out_GSE44270,modules_rank_plus_expanded,accession_zscore,stratified_random,279,32,"{'non_keloid': 162, 'keloid': 117}","{'keloid': 18, 'non_keloid': 14}",0.5625,0.5642156863000001,0.5634920635,0.5607843137,0.5634920635,"[[10, 8], [6, 8]]","['keloid', 'non_keloid']"
keloid_binary,leave_accession_out_GSE44270,modules_rank_plus_expanded,accession_zscore,elastic_net_logreg,279,32,"{'non_keloid': 162, 'keloid': 117}","{'keloid': 18, 'non_keloid': 14}",0.4375,0.2663043478,0.5,0.3043478261,0.5,"[[0, 18], [0, 14]]","['keloid', 'non_keloid']"
keloid_binary,leave_accession_out_GSE44270,modules_rank_plus_expanded,accession_zscore,linear_svm,279,32,"{'non_keloid': 162, 'keloid': 117}","{'keloid': 18, 'non_keloid': 14}",0.4375,0.2663043478,0.5,0.3043478261,0.5,"[[0, 18], [0, 14]]","['keloid', 'non_keloid']"
keloid_binary,leave_accession_out_GSE44270,modules_rank_plus_expanded,accession_zscore,random_forest,279,32,"{'non_keloid': 162, 'keloid': 117}","{'keloid': 18, 'non_keloid': 14}",0.4375,0.2663043478,0.5,0.3043478261,0.5,"[[0, 18], [0, 14]]","['keloid', 'non_keloid']"
keloid_binary,leave_accession_out_GSE44270,modules_rank_plus_expanded,accession_zscore,hist_gradient_boosting,279,32,"{'non_keloid': 162, 'keloid': 117}","{'keloid': 18, 'non_keloid': 14}",0.4375,0.2663043478,0.5,0.3043478261,0.5,"[[0, 18], [0, 14]]","['keloid', 'non_keloid']"
keloid_binary,leave_accession_out_GSE44270,modules_rank_plus_expanded,accession_zscore,knn,279,32,"{'non_keloid': 162, 'keloid': 117}","{'keloid': 18, 'non_keloid': 14}",0.5625,0.405,0.5,0.36,0.5,"[[18, 0], [14, 0]]","['keloid', 'non_keloid']"
keloid_binary,leave_accession_out_GSE44270,modules_rank_plus_expanded,accession_zscore,small_mlp,279,32,"{'non_keloid': 162, 'keloid': 117}","{'keloid': 18, 'non_keloid': 14}",0.5625,0.405,0.5,0.36,0.5,"[[18, 0], [14, 0]]","['keloid', 'non_keloid']"
keloid_binary,leave_accession_out_GSE44270,modules_rank_only,accession_zscore,majority,279,32,"{'non_keloid': 162, 'keloid': 117}","{'keloid': 18, 'non_keloid': 14}",0.4375,0.2663043478,0.5,0.3043478261,0.5,"[[0, 18], [0, 14]]","['keloid', 'non_keloid']"
keloid_binary,leave_accession_out_GSE44270,modules_rank_only,accession_zscore,stratified_random,279,32,"{'non_keloid': 162, 'keloid': 117}","{'keloid': 18, 'non_keloid': 14}",0.5625,0.5642156863000001,0.5634920635,0.5607843137,0.5634920635,"[[10, 8], [6, 8]]","['keloid', 'non_keloid']"
keloid_binary,leave_accession_out_GSE44270,modules_rank_only,accession_zscore,elastic_net_logreg,279,32,"{'non_keloid': 162, 'keloid': 117}","{'keloid': 18, 'non_keloid': 14}",0.4375,0.2663043478,0.5,0.3043478261,0.5,"[[0, 18], [0, 14]]","['keloid', 'non_keloid']"
keloid_binary,leave_accession_out_GSE44270,modules_rank_only,accession_zscore,linear_svm,279,32,"{'non_keloid': 162, 'keloid': 117}","{'keloid': 18, 'non_keloid': 14}",0.4375,0.2663043478,0.5,0.3043478261,0.5,"[[0, 18], [0, 14]]","['keloid', 'non_keloid']"
keloid_binary,leave_accession_out_GSE44270,modules_rank_only,accession_zscore,random_forest,279,32,"{'non_keloid': 162, 'keloid': 117}","{'keloid': 18, 'non_keloid': 14}",0.4375,0.2663043478,0.5,0.3043478261,0.5,"[[0, 18], [0, 14]]","['keloid', 'non_keloid']"
keloid_binary,leave_accession_out_GSE44270,modules_rank_only,accession_zscore,hist_gradient_boosting,279,32,"{'non_keloid': 162, 'keloid': 117}","{'keloid': 18, 'non_keloid': 14}",0.5625,0.405,0.5,0.36,0.5,"[[18, 0], [14, 0]]","['keloid', 'non_keloid']"
keloid_binary,leave_accession_out_GSE44270,modules_rank_only,accession_zscore,knn,279,32,"{'non_keloid': 162, 'keloid': 117}","{'keloid': 18, 'non_keloid': 14}",0.4375,0.2663043478,0.5,0.3043478261,0.5,"[[0, 18], [0, 14]]","['keloid', 'non_keloid']"
keloid_binary,leave_accession_out_GSE44270,modules_rank_only,accession_zscore,small_mlp,279,32,"{'non_keloid': 162, 'keloid': 117}","{'keloid': 18, 'non_keloid': 14}",0.4375,0.2663043478,0.5,0.3043478261,0.5,"[[0, 18], [0, 14]]","['keloid', 'non_keloid']"
keloid_binary,leave_accession_out_GSE44270,published_markers_only,accession_zscore,majority,279,32,"{'non_keloid': 162, 'keloid': 117}","{'keloid': 18, 'non_keloid': 14}",0.4375,0.2663043478,0.5,0.3043478261,0.5,"[[0, 18], [0, 14]]","['keloid', 'non_keloid']"
keloid_binary,leave_accession_out_GSE44270,published_markers_only,accession_zscore,stratified_random,279,32,"{'non_keloid': 162, 'keloid': 117}","{'keloid': 18, 'non_keloid': 14}",0.5625,0.5642156863000001,0.5634920635,0.5607843137,0.5634920635,"[[10, 8], [6, 8]]","['keloid', 'non_keloid']"
keloid_binary,leave_accession_out_GSE44270,published_markers_only,accession_zscore,elastic_net_logreg,279,32,"{'non_keloid': 162, 'keloid': 117}","{'keloid': 18, 'non_keloid': 14}",0.4375,0.2663043478,0.5,0.3043478261,0.5,"[[0, 18], [0, 14]]","['keloid', 'non_keloid']"
keloid_binary,leave_accession_out_GSE44270,published_markers_only,accession_zscore,linear_svm,279,32,"{'non_keloid': 162, 'keloid': 117}","{'keloid': 18, 'non_keloid': 14}",0.4375,0.2663043478,0.5,0.3043478261,0.5,"[[0, 18], [0, 14]]","['keloid', 'non_keloid']"
keloid_binary,leave_accession_out_GSE44270,published_markers_only,accession_zscore,random_forest,279,32,"{'non_keloid': 162, 'keloid': 117}","{'keloid': 18, 'non_keloid': 14}",0.4375,0.2663043478,0.5,0.3043478261,0.5,"[[0, 18], [0, 14]]","['keloid', 'non_keloid']"
keloid_binary,leave_accession_out_GSE44270,published_markers_only,accession_zscore,hist_gradient_boosting,279,32,"{'non_keloid': 162, 'keloid': 117}","{'keloid': 18, 'non_keloid': 14}",0.4375,0.2663043478,0.5,0.3043478261,0.5,"[[0, 18], [0, 14]]","['keloid', 'non_keloid']"
keloid_binary,leave_accession_out_GSE44270,published_markers_only,accession_zscore,knn,279,32,"{'non_keloid': 162, 'keloid': 117}","{'keloid': 18, 'non_keloid': 14}",0.4375,0.2663043478,0.5,0.3043478261,0.5,"[[0, 18], [0, 14]]","['keloid', 'non_keloid']"
keloid_binary,leave_accession_out_GSE44270,published_markers_only,accession_zscore,small_mlp,279,32,"{'non_keloid': 162, 'keloid': 117}","{'keloid': 18, 'non_keloid': 14}",0.5625,0.405,0.5,0.36,0.5,"[[18, 0], [14, 0]]","['keloid', 'non_keloid']"
keloid_binary,leave_accession_out_GSE44270,expanded_profibrotic_only,accession_zscore,majority,279,32,"{'non_keloid': 162, 'keloid': 117}","{'keloid': 18, 'non_keloid': 14}",0.4375,0.2663043478,0.5,0.3043478261,0.5,"[[0, 18], [0, 14]]","['keloid', 'non_keloid']"
keloid_binary,leave_accession_out_GSE44270,expanded_profibrotic_only,accession_zscore,stratified_random,279,32,"{'non_keloid': 162, 'keloid': 117}","{'keloid': 18, 'non_keloid': 14}",0.5625,0.5642156863000001,0.5634920635,0.5607843137,0.5634920635,"[[10, 8], [6, 8]]","['keloid', 'non_keloid']"
keloid_binary,leave_accession_out_GSE44270,expanded_profibrotic_only,accession_zscore,elastic_net_logreg,279,32,"{'non_keloid': 162, 'keloid': 117}","{'keloid': 18, 'non_keloid': 14}",0.5625,0.405,0.5,0.36,0.5,"[[18, 0], [14, 0]]","['keloid', 'non_keloid']"
keloid_binary,leave_accession_out_GSE44270,expanded_profibrotic_only,accession_zscore,linear_svm,279,32,"{'non_keloid': 162, 'keloid': 117}","{'keloid': 18, 'non_keloid': 14}",0.4375,0.2663043478,0.5,0.3043478261,0.5,"[[0, 18], [0, 14]]","['keloid', 'non_keloid']"
keloid_binary,leave_accession_out_GSE44270,expanded_profibrotic_only,accession_zscore,random_forest,279,32,"{'non_keloid': 162, 'keloid': 117}","{'keloid': 18, 'non_keloid': 14}",0.5625,0.405,0.5,0.36,0.5,"[[18, 0], [14, 0]]","['keloid', 'non_keloid']"
keloid_binary,leave_accession_out_GSE44270,expanded_profibrotic_only,accession_zscore,hist_gradient_boosting,279,32,"{'non_keloid': 162, 'keloid': 117}","{'keloid': 18, 'non_keloid': 14}",0.4375,0.2663043478,0.5,0.3043478261,0.5,"[[0, 18], [0, 14]]","['keloid', 'non_keloid']"
keloid_binary,leave_accession_out_GSE44270,expanded_profibrotic_only,accession_zscore,knn,279,32,"{'non_keloid': 162, 'keloid': 117}","{'keloid': 18, 'non_keloid': 14}",0.5625,0.405,0.5,0.36,0.5,"[[18, 0], [14, 0]]","['keloid', 'non_keloid']"
keloid_binary,leave_accession_out_GSE44270,expanded_profibrotic_only,accession_zscore,small_mlp,279,32,"{'non_keloid': 162, 'keloid': 117}","{'keloid': 18, 'non_keloid': 14}",0.5625,0.405,0.5,0.36,0.5,"[[18, 0], [14, 0]]","['keloid', 'non_keloid']"
keloid_binary,leave_accession_out_GSE44270,shared_genes,accession_zscore,majority,279,32,"{'non_keloid': 162, 'keloid': 117}","{'keloid': 18, 'non_keloid': 14}",0.4375,0.2663043478,0.5,0.3043478261,0.5,"[[0, 18], [0, 14]]","['keloid', 'non_keloid']"
keloid_binary,leave_accession_out_GSE44270,shared_genes,accession_zscore,stratified_random,279,32,"{'non_keloid': 162, 'keloid': 117}","{'keloid': 18, 'non_keloid': 14}",0.5625,0.5642156863000001,0.5634920635,0.5607843137,0.5634920635,"[[10, 8], [6, 8]]","['keloid', 'non_keloid']"
keloid_binary,leave_accession_out_GSE44270,shared_genes,accession_zscore,elastic_net_logreg,279,32,"{'non_keloid': 162, 'keloid': 117}","{'keloid': 18, 'non_keloid': 14}",0.4375,0.2663043478,0.5,0.3043478261,0.5,"[[0, 18], [0, 14]]","['keloid', 'non_keloid']"
keloid_binary,leave_accession_out_GSE44270,shared_genes,accession_zscore,linear_svm,279,32,"{'non_keloid': 162, 'keloid': 117}","{'keloid': 18, 'non_keloid': 14}",0.4375,0.2663043478,0.5,0.3043478261,0.5,"[[0, 18], [0, 14]]","['keloid', 'non_keloid']"
keloid_binary,leave_accession_out_GSE44270,shared_genes,accession_zscore,random_forest,279,32,"{'non_keloid': 162, 'keloid': 117}","{'keloid': 18, 'non_keloid': 14}",0.4375,0.2663043478,0.5,0.3043478261,0.5,"[[0, 18], [0, 14]]","['keloid', 'non_keloid']"
keloid_binary,leave_accession_out_GSE44270,shared_genes,accession_zscore,hist_gradient_boosting,279,32,"{'non_keloid': 162, 'keloid': 117}","{'keloid': 18, 'non_keloid': 14}",0.4375,0.2663043478,0.5,0.3043478261,0.5,"[[0, 18], [0, 14]]","['keloid', 'non_keloid']"
keloid_binary,leave_accession_out_GSE44270,shared_genes,accession_zscore,knn,279,32,"{'non_keloid': 162, 'keloid': 117}","{'keloid': 18, 'non_keloid': 14}",0.4375,0.2663043478,0.5,0.3043478261,0.5,"[[0, 18], [0, 14]]","['keloid', 'non_keloid']"
keloid_binary,leave_accession_out_GSE7890,modules_rank_plus_expanded,accession_zscore,majority,315,19,"{'non_keloid': 196, 'keloid': 119}","{'keloid': 10, 'non_keloid': 9}",0.47368421050000004,0.3045112782,0.5,0.32142857140000003,0.5,"[[0, 10], [0, 9]]","['keloid', 'non_keloid']"
keloid_binary,leave_accession_out_GSE7890,modules_rank_plus_expanded,accession_zscore,stratified_random,315,19,"{'non_keloid': 196, 'keloid': 119}","{'keloid': 10, 'non_keloid': 9}",0.7368421053,0.7368421053,0.7388888889,0.7368421053,0.7388888889,"[[7, 3], [2, 7]]","['keloid', 'non_keloid']"
keloid_binary,leave_accession_out_GSE7890,modules_rank_plus_expanded,accession_zscore,elastic_net_logreg,315,19,"{'non_keloid': 196, 'keloid': 119}","{'keloid': 10, 'non_keloid': 9}",0.5263157895,0.5263157895,0.5277777778,0.5263157895,0.5444444444000001,"[[5, 5], [4, 5]]","['keloid', 'non_keloid']"
keloid_binary,leave_accession_out_GSE7890,modules_rank_plus_expanded,accession_zscore,linear_svm,315,19,"{'non_keloid': 196, 'keloid': 119}","{'keloid': 10, 'non_keloid': 9}",0.5263157895,0.5263157895,0.5277777778,0.5263157895,0.5555555556,"[[5, 5], [4, 5]]","['keloid', 'non_keloid']"
keloid_binary,leave_accession_out_GSE7890,modules_rank_plus_expanded,accession_zscore,random_forest,315,19,"{'non_keloid': 196, 'keloid': 119}","{'keloid': 10, 'non_keloid': 9}",0.6315789474,0.6102212052,0.6444444444,0.6144927536,0.7222222222,"[[4, 6], [1, 8]]","['keloid', 'non_keloid']"
keloid_binary,leave_accession_out_GSE7890,modules_rank_plus_expanded,accession_zscore,hist_gradient_boosting,315,19,"{'non_keloid': 196, 'keloid': 119}","{'keloid': 10, 'non_keloid': 9}",0.5263157895,0.46510121460000003,0.5444444444000001,0.4738461538,0.7555555556,"[[2, 8], [1, 8]]","['keloid', 'non_keloid']"
keloid_binary,leave_accession_out_GSE7890,modules_rank_plus_expanded,accession_zscore,knn,315,19,"{'non_keloid': 196, 'keloid': 119}","{'keloid': 10, 'non_keloid': 9}",0.5263157895,0.49885583520000004,0.5388888889,0.5043478261000001,0.4944444444,"[[3, 7], [2, 7]]","['keloid', 'non_keloid']"
keloid_binary,leave_accession_out_GSE7890,modules_rank_plus_expanded,accession_zscore,small_mlp,315,19,"{'non_keloid': 196, 'keloid': 119}","{'keloid': 10, 'non_keloid': 9}",0.5263157895,0.5263157895,0.5277777778,0.5263157895,0.5888888889,"[[5, 5], [4, 5]]","['keloid', 'non_keloid']"
keloid_binary,leave_accession_out_GSE7890,modules_rank_only,accession_zscore,majority,315,19,"{'non_keloid': 196, 'keloid': 119}","{'keloid': 10, 'non_keloid': 9}",0.47368421050000004,0.3045112782,0.5,0.32142857140000003,0.5,"[[0, 10], [0, 9]]","['keloid', 'non_keloid']"
keloid_binary,leave_accession_out_GSE7890,modules_rank_only,accession_zscore,stratified_random,315,19,"{'non_keloid': 196, 'keloid': 119}","{'keloid': 10, 'non_keloid': 9}",0.7368421053,0.7368421053,0.7388888889,0.7368421053,0.7388888889,"[[7, 3], [2, 7]]","['keloid', 'non_keloid']"
keloid_binary,leave_accession_out_GSE7890,modules_rank_only,accession_zscore,elastic_net_logreg,315,19,"{'non_keloid': 196, 'keloid': 119}","{'keloid': 10, 'non_keloid': 9}",0.5263157895,0.5263157895,0.5277777778,0.5263157895,0.5777777778000001,"[[5, 5], [4, 5]]","['keloid', 'non_keloid']"
keloid_binary,leave_accession_out_GSE7890,modules_rank_only,accession_zscore,linear_svm,315,19,"{'non_keloid': 196, 'keloid': 119}","{'keloid': 10, 'non_keloid': 9}",0.5263157895,0.5263157895,0.5277777778,0.5263157895,0.5666666667,"[[5, 5], [4, 5]]","['keloid', 'non_keloid']"
keloid_binary,leave_accession_out_GSE7890,modules_rank_only,accession_zscore,random_forest,315,19,"{'non_keloid': 196, 'keloid': 119}","{'keloid': 10, 'non_keloid': 9}",0.5789473684,0.5413533835000001,0.5944444444,0.5476190476,0.6555555556,"[[3, 7], [1, 8]]","['keloid', 'non_keloid']"
keloid_binary,leave_accession_out_GSE7890,modules_rank_only,accession_zscore,hist_gradient_boosting,315,19,"{'non_keloid': 196, 'keloid': 119}","{'keloid': 10, 'non_keloid': 9}",0.5789473684,0.5033738192,0.6000000000000001,0.5128205128000001,0.7444444444,"[[2, 8], [0, 9]]","['keloid', 'non_keloid']"
keloid_binary,leave_accession_out_GSE7890,modules_rank_only,accession_zscore,knn,315,19,"{'non_keloid': 196, 'keloid': 119}","{'keloid': 10, 'non_keloid': 9}",0.5789473684,0.5645933014,0.5888888889,0.5681818182,0.5444444444000001,"[[4, 6], [2, 7]]","['keloid', 'non_keloid']"
keloid_binary,leave_accession_out_GSE7890,modules_rank_only,accession_zscore,small_mlp,315,19,"{'non_keloid': 196, 'keloid': 119}","{'keloid': 10, 'non_keloid': 9}",0.47368421050000004,0.4557416268,0.4833333333,0.4602272727,0.5666666667,"[[3, 7], [3, 6]]","['keloid', 'non_keloid']"
keloid_binary,leave_accession_out_GSE7890,published_markers_only,accession_zscore,majority,315,19,"{'non_keloid': 196, 'keloid': 119}","{'keloid': 10, 'non_keloid': 9}",0.47368421050000004,0.3045112782,0.5,0.32142857140000003,0.5,"[[0, 10], [0, 9]]","['keloid', 'non_keloid']"
keloid_binary,leave_accession_out_GSE7890,published_markers_only,accession_zscore,stratified_random,315,19,"{'non_keloid': 196, 'keloid': 119}","{'keloid': 10, 'non_keloid': 9}",0.7368421053,0.7368421053,0.7388888889,0.7368421053,0.7388888889,"[[7, 3], [2, 7]]","['keloid', 'non_keloid']"
keloid_binary,leave_accession_out_GSE7890,published_markers_only,accession_zscore,elastic_net_logreg,315,19,"{'non_keloid': 196, 'keloid': 119}","{'keloid': 10, 'non_keloid': 9}",0.5263157895,0.5263157895,0.5277777778,0.5263157895,0.5333333333,"[[5, 5], [4, 5]]","['keloid', 'non_keloid']"
keloid_binary,leave_accession_out_GSE7890,published_markers_only,accession_zscore,linear_svm,315,19,"{'non_keloid': 196, 'keloid': 119}","{'keloid': 10, 'non_keloid': 9}",0.47368421050000004,0.4707602339,0.4777777778,0.47222222220000004,0.5222222222,"[[4, 6], [4, 5]]","['keloid', 'non_keloid']"
keloid_binary,leave_accession_out_GSE7890,published_markers_only,accession_zscore,random_forest,315,19,"{'non_keloid': 196, 'keloid': 119}","{'keloid': 10, 'non_keloid': 9}",0.5789473684,0.5413533835000001,0.5944444444,0.5476190476,0.6000000000000001,"[[3, 7], [1, 8]]","['keloid', 'non_keloid']"
keloid_binary,leave_accession_out_GSE7890,published_markers_only,accession_zscore,hist_gradient_boosting,315,19,"{'non_keloid': 196, 'keloid': 119}","{'keloid': 10, 'non_keloid': 9}",0.6315789474,0.6102212052,0.6444444444,0.6144927536,0.5666666667,"[[4, 6], [1, 8]]","['keloid', 'non_keloid']"
keloid_binary,leave_accession_out_GSE7890,published_markers_only,accession_zscore,knn,315,19,"{'non_keloid': 196, 'keloid': 119}","{'keloid': 10, 'non_keloid': 9}",0.4210526316,0.4113224237,0.42777777780000004,0.4145658263,0.4944444444,"[[3, 7], [4, 5]]","['keloid', 'non_keloid']"
keloid_binary,leave_accession_out_GSE7890,published_markers_only,accession_zscore,small_mlp,315,19,"{'non_keloid': 196, 'keloid': 119}","{'keloid': 10, 'non_keloid': 9}",0.3684210526,0.31203007520000003,0.3833333333,0.32142857140000003,0.3444444444,"[[1, 9], [3, 6]]","['keloid', 'non_keloid']"
keloid_binary,leave_accession_out_GSE7890,expanded_profibrotic_only,accession_zscore,majority,315,19,"{'non_keloid': 196, 'keloid': 119}","{'keloid': 10, 'non_keloid': 9}",0.47368421050000004,0.3045112782,0.5,0.32142857140000003,0.5,"[[0, 10], [0, 9]]","['keloid', 'non_keloid']"
keloid_binary,leave_accession_out_GSE7890,expanded_profibrotic_only,accession_zscore,stratified_random,315,19,"{'non_keloid': 196, 'keloid': 119}","{'keloid': 10, 'non_keloid': 9}",0.7368421053,0.7368421053,0.7388888889,0.7368421053,0.7388888889,"[[7, 3], [2, 7]]","['keloid', 'non_keloid']"
keloid_binary,leave_accession_out_GSE7890,expanded_profibrotic_only,accession_zscore,elastic_net_logreg,315,19,"{'non_keloid': 196, 'keloid': 119}","{'keloid': 10, 'non_keloid': 9}",0.5263157895,0.5263157895,0.5277777778,0.5263157895,0.45,"[[5, 5], [4, 5]]","['keloid', 'non_keloid']"
keloid_binary,leave_accession_out_GSE7890,expanded_profibrotic_only,accession_zscore,linear_svm,315,19,"{'non_keloid': 196, 'keloid': 119}","{'keloid': 10, 'non_keloid': 9}",0.5263157895,0.5263157895,0.5277777778,0.5263157895,0.45,"[[5, 5], [4, 5]]","['keloid', 'non_keloid']"
keloid_binary,leave_accession_out_GSE7890,expanded_profibrotic_only,accession_zscore,random_forest,315,19,"{'non_keloid': 196, 'keloid': 119}","{'keloid': 10, 'non_keloid': 9}",0.3157894737,0.3042901371,0.3222222222,0.3081232493,0.42777777780000004,"[[2, 8], [5, 4]]","['keloid', 'non_keloid']"
keloid_binary,leave_accession_out_GSE7890,expanded_profibrotic_only,accession_zscore,hist_gradient_boosting,315,19,"{'non_keloid': 196, 'keloid': 119}","{'keloid': 10, 'non_keloid': 9}",0.5789473684,0.5413533835000001,0.5944444444,0.5476190476,0.47222222220000004,"[[3, 7], [1, 8]]","['keloid', 'non_keloid']"
keloid_binary,leave_accession_out_GSE7890,expanded_profibrotic_only,accession_zscore,knn,315,19,"{'non_keloid': 196, 'keloid': 119}","{'keloid': 10, 'non_keloid': 9}",0.3684210526,0.36491228070000004,0.3722222222,0.36666666670000003,0.3555555556,"[[3, 7], [5, 4]]","['keloid', 'non_keloid']"
keloid_binary,leave_accession_out_GSE7890,expanded_profibrotic_only,accession_zscore,small_mlp,315,19,"{'non_keloid': 196, 'keloid': 119}","{'keloid': 10, 'non_keloid': 9}",0.5263157895,0.5236620964,0.5222222222,0.5210084034,0.47222222220000004,"[[6, 4], [5, 4]]","['keloid', 'non_keloid']"
keloid_binary,leave_accession_out_GSE7890,shared_genes,accession_zscore,majority,315,19,"{'non_keloid': 196, 'keloid': 119}","{'keloid': 10, 'non_keloid': 9}",0.47368421050000004,0.3045112782,0.5,0.32142857140000003,0.5,"[[0, 10], [0, 9]]","['keloid', 'non_keloid']"
keloid_binary,leave_accession_out_GSE7890,shared_genes,accession_zscore,stratified_random,315,19,"{'non_keloid': 196, 'keloid': 119}","{'keloid': 10, 'non_keloid': 9}",0.7368421053,0.7368421053,0.7388888889,0.7368421053,0.7388888889,"[[7, 3], [2, 7]]","['keloid', 'non_keloid']"
keloid_binary,leave_accession_out_GSE7890,shared_genes,accession_zscore,elastic_net_logreg,315,19,"{'non_keloid': 196, 'keloid': 119}","{'keloid': 10, 'non_keloid': 9}",0.5789473684,0.5766081871000001,0.5833333333,0.5777777778000001,0.5444444444000001,"[[5, 5], [3, 6]]","['keloid', 'non_keloid']"
keloid_binary,leave_accession_out_GSE7890,shared_genes,accession_zscore,linear_svm,315,19,"{'non_keloid': 196, 'keloid': 119}","{'keloid': 10, 'non_keloid': 9}",0.5789473684,0.5766081871000001,0.5833333333,0.5777777778000001,0.6777777778,"[[5, 5], [3, 6]]","['keloid', 'non_keloid']"
keloid_binary,leave_accession_out_GSE7890,shared_genes,accession_zscore,random_forest,315,19,"{'non_keloid': 196, 'keloid': 119}","{'keloid': 10, 'non_keloid': 9}",0.47368421050000004,0.3045112782,0.5,0.32142857140000003,0.3444444444,"[[0, 10], [0, 9]]","['keloid', 'non_keloid']"
keloid_binary,leave_accession_out_GSE7890,shared_genes,accession_zscore,hist_gradient_boosting,315,19,"{'non_keloid': 196, 'keloid': 119}","{'keloid': 10, 'non_keloid': 9}",0.47368421050000004,0.3045112782,0.5,0.32142857140000003,0.3555555556,"[[0, 10], [0, 9]]","['keloid', 'non_keloid']"
keloid_binary,leave_accession_out_GSE7890,shared_genes,accession_zscore,knn,315,19,"{'non_keloid': 196, 'keloid': 119}","{'keloid': 10, 'non_keloid': 9}",0.47368421050000004,0.3045112782,0.5,0.32142857140000003,0.5444444444000001,"[[0, 10], [0, 9]]","['keloid', 'non_keloid']"
keloid_binary,leave_accession_out_Sun_Burns,modules_rank_plus_expanded,accession_zscore,majority,220,25,"{'keloid': 129, 'non_keloid': 91}","{'keloid': 17, 'non_keloid': 8}",0.68,0.5504761905000001,0.5,0.4047619048,0.5,"[[17, 0], [8, 0]]","['keloid', 'non_keloid']"
keloid_binary,leave_accession_out_Sun_Burns,modules_rank_plus_expanded,accession_zscore,stratified_random,220,25,"{'keloid': 129, 'non_keloid': 91}","{'keloid': 17, 'non_keloid': 8}",0.68,0.6906666667,0.6985294118,0.6666666667000001,0.6985294118,"[[11, 6], [2, 6]]","['keloid', 'non_keloid']"
keloid_binary,leave_accession_out_Sun_Burns,modules_rank_plus_expanded,accession_zscore,elastic_net_logreg,220,25,"{'keloid': 129, 'non_keloid': 91}","{'keloid': 17, 'non_keloid': 8}",0.68,0.5504761905000001,0.5,0.4047619048,0.5,"[[17, 0], [8, 0]]","['keloid', 'non_keloid']"
keloid_binary,leave_accession_out_Sun_Burns,modules_rank_plus_expanded,accession_zscore,linear_svm,220,25,"{'keloid': 129, 'non_keloid': 91}","{'keloid': 17, 'non_keloid': 8}",0.68,0.5504761905000001,0.5,0.4047619048,0.5294117647000001,"[[17, 0], [8, 0]]","['keloid', 'non_keloid']"
keloid_binary,leave_accession_out_Sun_Burns,modules_rank_plus_expanded,accession_zscore,random_forest,220,25,"{'keloid': 129, 'non_keloid': 91}","{'keloid': 17, 'non_keloid': 8}",0.32,0.1551515152,0.5,0.24242424240000002,0.5,"[[0, 17], [0, 8]]","['keloid', 'non_keloid']"
keloid_binary,leave_accession_out_Sun_Burns,modules_rank_plus_expanded,accession_zscore,hist_gradient_boosting,220,25,"{'keloid': 129, 'non_keloid': 91}","{'keloid': 17, 'non_keloid': 8}",0.68,0.5504761905000001,0.5,0.4047619048,0.5,"[[17, 0], [8, 0]]","['keloid', 'non_keloid']"
keloid_binary,leave_accession_out_Sun_Burns,modules_rank_plus_expanded,accession_zscore,knn,220,25,"{'keloid': 129, 'non_keloid': 91}","{'keloid': 17, 'non_keloid': 8}",0.68,0.5504761905000001,0.5,0.4047619048,0.5,"[[17, 0], [8, 0]]","['keloid', 'non_keloid']"
keloid_binary,leave_accession_out_Sun_Burns,modules_rank_plus_expanded,accession_zscore,small_mlp,220,25,"{'keloid': 129, 'non_keloid': 91}","{'keloid': 17, 'non_keloid': 8}",0.68,0.5504761905000001,0.5,0.4047619048,0.5,"[[17, 0], [8, 0]]","['keloid', 'non_keloid']"
keloid_binary,leave_accession_out_Sun_Burns,modules_rank_only,accession_zscore,majority,220,25,"{'keloid': 129, 'non_keloid': 91}","{'keloid': 17, 'non_keloid': 8}",0.68,0.5504761905000001,0.5,0.4047619048,0.5,"[[17, 0], [8, 0]]","['keloid', 'non_keloid']"
keloid_binary,leave_accession_out_Sun_Burns,modules_rank_only,accession_zscore,stratified_random,220,25,"{'keloid': 129, 'non_keloid': 91}","{'keloid': 17, 'non_keloid': 8}",0.68,0.6906666667,0.6985294118,0.6666666667000001,0.6985294118,"[[11, 6], [2, 6]]","['keloid', 'non_keloid']"
keloid_binary,leave_accession_out_Sun_Burns,modules_rank_only,accession_zscore,elastic_net_logreg,220,25,"{'keloid': 129, 'non_keloid': 91}","{'keloid': 17, 'non_keloid': 8}",0.68,0.5504761905000001,0.5,0.4047619048,0.5,"[[17, 0], [8, 0]]","['keloid', 'non_keloid']"
keloid_binary,leave_accession_out_Sun_Burns,modules_rank_only,accession_zscore,linear_svm,220,25,"{'keloid': 129, 'non_keloid': 91}","{'keloid': 17, 'non_keloid': 8}",0.68,0.5504761905000001,0.5,0.4047619048,0.5,"[[17, 0], [8, 0]]","['keloid', 'non_keloid']"
keloid_binary,leave_accession_out_Sun_Burns,modules_rank_only,accession_zscore,random_forest,220,25,"{'keloid': 129, 'non_keloid': 91}","{'keloid': 17, 'non_keloid': 8}",0.32,0.1551515152,0.5,0.24242424240000002,0.5,"[[0, 17], [0, 8]]","['keloid', 'non_keloid']"
keloid_binary,leave_accession_out_Sun_Burns,modules_rank_only,accession_zscore,hist_gradient_boosting,220,25,"{'keloid': 129, 'non_keloid': 91}","{'keloid': 17, 'non_keloid': 8}",0.68,0.5504761905000001,0.5,0.4047619048,0.5,"[[17, 0], [8, 0]]","['keloid', 'non_keloid']"
keloid_binary,leave_accession_out_Sun_Burns,modules_rank_only,accession_zscore,knn,220,25,"{'keloid': 129, 'non_keloid': 91}","{'keloid': 17, 'non_keloid': 8}",0.68,0.5504761905000001,0.5,0.4047619048,0.5,"[[17, 0], [8, 0]]","['keloid', 'non_keloid']"
keloid_binary,leave_accession_out_Sun_Burns,modules_rank_only,accession_zscore,small_mlp,220,25,"{'keloid': 129, 'non_keloid': 91}","{'keloid': 17, 'non_keloid': 8}",0.68,0.5504761905000001,0.5,0.4047619048,0.5,"[[17, 0], [8, 0]]","['keloid', 'non_keloid']"
keloid_binary,leave_accession_out_Sun_Burns,published_markers_only,accession_zscore,majority,220,25,"{'keloid': 129, 'non_keloid': 91}","{'keloid': 17, 'non_keloid': 8}",0.68,0.5504761905000001,0.5,0.4047619048,0.5,"[[17, 0], [8, 0]]","['keloid', 'non_keloid']"
keloid_binary,leave_accession_out_Sun_Burns,published_markers_only,accession_zscore,stratified_random,220,25,"{'keloid': 129, 'non_keloid': 91}","{'keloid': 17, 'non_keloid': 8}",0.68,0.6906666667,0.6985294118,0.6666666667000001,0.6985294118,"[[11, 6], [2, 6]]","['keloid', 'non_keloid']"
keloid_binary,leave_accession_out_Sun_Burns,published_markers_only,accession_zscore,elastic_net_logreg,220,25,"{'keloid': 129, 'non_keloid': 91}","{'keloid': 17, 'non_keloid': 8}",0.68,0.5504761905000001,0.5,0.4047619048,0.5,"[[17, 0], [8, 0]]","['keloid', 'non_keloid']"
keloid_binary,leave_accession_out_Sun_Burns,published_markers_only,accession_zscore,linear_svm,220,25,"{'keloid': 129, 'non_keloid': 91}","{'keloid': 17, 'non_keloid': 8}",0.68,0.5504761905000001,0.5,0.4047619048,0.4705882353,"[[17, 0], [8, 0]]","['keloid', 'non_keloid']"
keloid_binary,leave_accession_out_Sun_Burns,published_markers_only,accession_zscore,random_forest,220,25,"{'keloid': 129, 'non_keloid': 91}","{'keloid': 17, 'non_keloid': 8}",0.32,0.1551515152,0.5,0.24242424240000002,0.5,"[[0, 17], [0, 8]]","['keloid', 'non_keloid']"
keloid_binary,leave_accession_out_Sun_Burns,published_markers_only,accession_zscore,hist_gradient_boosting,220,25,"{'keloid': 129, 'non_keloid': 91}","{'keloid': 17, 'non_keloid': 8}",0.68,0.5504761905000001,0.5,0.4047619048,0.5,"[[17, 0], [8, 0]]","['keloid', 'non_keloid']"
keloid_binary,leave_accession_out_Sun_Burns,published_markers_only,accession_zscore,knn,220,25,"{'keloid': 129, 'non_keloid': 91}","{'keloid': 17, 'non_keloid': 8}",0.68,0.5504761905000001,0.5,0.4047619048,0.5,"[[17, 0], [8, 0]]","['keloid', 'non_keloid']"
keloid_binary,leave_accession_out_Sun_Burns,published_markers_only,accession_zscore,small_mlp,220,25,"{'keloid': 129, 'non_keloid': 91}","{'keloid': 17, 'non_keloid': 8}",0.68,0.5504761905000001,0.5,0.4047619048,0.5,"[[17, 0], [8, 0]]","['keloid', 'non_keloid']"
keloid_binary,leave_accession_out_Sun_Burns,expanded_profibrotic_only,accession_zscore,majority,220,25,"{'keloid': 129, 'non_keloid': 91}","{'keloid': 17, 'non_keloid': 8}",0.68,0.5504761905000001,0.5,0.4047619048,0.5,"[[17, 0], [8, 0]]","['keloid', 'non_keloid']"
keloid_binary,leave_accession_out_Sun_Burns,expanded_profibrotic_only,accession_zscore,stratified_random,220,25,"{'keloid': 129, 'non_keloid': 91}","{'keloid': 17, 'non_keloid': 8}",0.68,0.6906666667,0.6985294118,0.6666666667000001,0.6985294118,"[[11, 6], [2, 6]]","['keloid', 'non_keloid']"
keloid_binary,leave_accession_out_Sun_Burns,expanded_profibrotic_only,accession_zscore,elastic_net_logreg,220,25,"{'keloid': 129, 'non_keloid': 91}","{'keloid': 17, 'non_keloid': 8}",0.68,0.5504761905000001,0.5,0.4047619048,0.5,"[[17, 0], [8, 0]]","['keloid', 'non_keloid']"
keloid_binary,leave_accession_out_Sun_Burns,expanded_profibrotic_only,accession_zscore,linear_svm,220,25,"{'keloid': 129, 'non_keloid': 91}","{'keloid': 17, 'non_keloid': 8}",0.32,0.1551515152,0.5,0.24242424240000002,0.5,"[[0, 17], [0, 8]]","['keloid', 'non_keloid']"
keloid_binary,leave_accession_out_Sun_Burns,expanded_profibrotic_only,accession_zscore,random_forest,220,25,"{'keloid': 129, 'non_keloid': 91}","{'keloid': 17, 'non_keloid': 8}",0.32,0.1551515152,0.5,0.24242424240000002,0.5,"[[0, 17], [0, 8]]","['keloid', 'non_keloid']"
keloid_binary,leave_accession_out_Sun_Burns,expanded_profibrotic_only,accession_zscore,hist_gradient_boosting,220,25,"{'keloid': 129, 'non_keloid': 91}","{'keloid': 17, 'non_keloid': 8}",0.68,0.5504761905000001,0.5,0.4047619048,0.5,"[[17, 0], [8, 0]]","['keloid', 'non_keloid']"
keloid_binary,leave_accession_out_Sun_Burns,expanded_profibrotic_only,accession_zscore,knn,220,25,"{'keloid': 129, 'non_keloid': 91}","{'keloid': 17, 'non_keloid': 8}",0.68,0.5504761905000001,0.5,0.4047619048,0.5,"[[17, 0], [8, 0]]","['keloid', 'non_keloid']"
keloid_binary,leave_accession_out_Sun_Burns,expanded_profibrotic_only,accession_zscore,small_mlp,220,25,"{'keloid': 129, 'non_keloid': 91}","{'keloid': 17, 'non_keloid': 8}",0.68,0.5504761905000001,0.5,0.4047619048,0.5,"[[17, 0], [8, 0]]","['keloid', 'non_keloid']"
keloid_binary,leave_accession_out_Sun_Burns,shared_genes,accession_zscore,majority,220,25,"{'keloid': 129, 'non_keloid': 91}","{'keloid': 17, 'non_keloid': 8}",0.68,0.5504761905000001,0.5,0.4047619048,0.5,"[[17, 0], [8, 0]]","['keloid', 'non_keloid']"
keloid_binary,leave_accession_out_Sun_Burns,shared_genes,accession_zscore,stratified_random,220,25,"{'keloid': 129, 'non_keloid': 91}","{'keloid': 17, 'non_keloid': 8}",0.68,0.6906666667,0.6985294118,0.6666666667000001,0.6985294118,"[[11, 6], [2, 6]]","['keloid', 'non_keloid']"
keloid_binary,leave_accession_out_Sun_Burns,shared_genes,accession_zscore,elastic_net_logreg,220,25,"{'keloid': 129, 'non_keloid': 91}","{'keloid': 17, 'non_keloid': 8}",0.32,0.1551515152,0.5,0.24242424240000002,0.5,"[[0, 17], [0, 8]]","['keloid', 'non_keloid']"
keloid_binary,leave_accession_out_Sun_Burns,shared_genes,accession_zscore,linear_svm,220,25,"{'keloid': 129, 'non_keloid': 91}","{'keloid': 17, 'non_keloid': 8}",0.32,0.1551515152,0.5,0.24242424240000002,0.4705882353,"[[0, 17], [0, 8]]","['keloid', 'non_keloid']"
keloid_binary,leave_accession_out_Sun_Burns,shared_genes,accession_zscore,random_forest,220,25,"{'keloid': 129, 'non_keloid': 91}","{'keloid': 17, 'non_keloid': 8}",0.32,0.1551515152,0.5,0.24242424240000002,0.5,"[[0, 17], [0, 8]]","['keloid', 'non_keloid']"
keloid_binary,leave_accession_out_Sun_Burns,shared_genes,accession_zscore,hist_gradient_boosting,220,25,"{'keloid': 129, 'non_keloid': 91}","{'keloid': 17, 'non_keloid': 8}",0.68,0.5504761905000001,0.5,0.4047619048,0.5,"[[17, 0], [8, 0]]","['keloid', 'non_keloid']"
keloid_binary,leave_accession_out_Sun_Burns,shared_genes,accession_zscore,knn,220,25,"{'keloid': 129, 'non_keloid': 91}","{'keloid': 17, 'non_keloid': 8}",0.68,0.5504761905000001,0.5,0.4047619048,0.5,"[[17, 0], [8, 0]]","['keloid', 'non_keloid']"
keloid_binary,leave_accession_out_E-MTAB-2509,modules_rank_plus_expanded,quantile_rank,majority,231,27,"{'non_keloid': 140, 'keloid': 91}","{'non_keloid': 18, 'keloid': 9}",0.6666666667000001,0.5333333333,0.5,0.4,0.5,"[[0, 9], [0, 18]]","['keloid', 'non_keloid']"
keloid_binary,leave_accession_out_E-MTAB-2509,modules_rank_plus_expanded,quantile_rank,stratified_random,231,27,"{'non_keloid': 140, 'keloid': 91}","{'non_keloid': 18, 'keloid': 9}",0.40740740740000003,0.4242424242,0.3888888889,0.3863636364,0.3888888889,"[[3, 6], [10, 8]]","['keloid', 'non_keloid']"
keloid_binary,leave_accession_out_E-MTAB-2509,modules_rank_plus_expanded,quantile_rank,elastic_net_logreg,231,27,"{'non_keloid': 140, 'keloid': 91}","{'non_keloid': 18, 'keloid': 9}",0.7407407407000001,0.7474747475,0.75,0.7272727273,0.7716049383,"[[7, 2], [5, 13]]","['keloid', 'non_keloid']"
keloid_binary,leave_accession_out_E-MTAB-2509,modules_rank_plus_expanded,quantile_rank,linear_svm,231,27,"{'non_keloid': 140, 'keloid': 91}","{'non_keloid': 18, 'keloid': 9}",0.7407407407000001,0.7474747475,0.75,0.7272727273,0.7777777778,"[[7, 2], [5, 13]]","['keloid', 'non_keloid']"
keloid_binary,leave_accession_out_E-MTAB-2509,modules_rank_plus_expanded,quantile_rank,random_forest,231,27,"{'non_keloid': 140, 'keloid': 91}","{'non_keloid': 18, 'keloid': 9}",0.6666666667000001,0.6461538462,0.5833333333,0.5846153846000001,0.7469135802,"[[3, 6], [3, 15]]","['keloid', 'non_keloid']"
keloid_binary,leave_accession_out_E-MTAB-2509,modules_rank_plus_expanded,quantile_rank,hist_gradient_boosting,231,27,"{'non_keloid': 140, 'keloid': 91}","{'non_keloid': 18, 'keloid': 9}",0.6296296296,0.6162280702,0.5555555556,0.5559210526,0.5555555556,"[[3, 6], [4, 14]]","['keloid', 'non_keloid']"
keloid_binary,leave_accession_out_E-MTAB-2509,modules_rank_plus_expanded,quantile_rank,knn,231,27,"{'non_keloid': 140, 'keloid': 91}","{'non_keloid': 18, 'keloid': 9}",0.6666666667000001,0.6461538462,0.5833333333,0.5846153846000001,0.6296296296,"[[3, 6], [3, 15]]","['keloid', 'non_keloid']"
keloid_binary,leave_accession_out_E-MTAB-2509,modules_rank_plus_expanded,quantile_rank,small_mlp,231,27,"{'non_keloid': 140, 'keloid': 91}","{'non_keloid': 18, 'keloid': 9}",0.7777777778,0.7840909091,0.8055555556,0.7698863636000001,0.7839506173,"[[8, 1], [5, 13]]","['keloid', 'non_keloid']"
keloid_binary,leave_accession_out_E-MTAB-2509,modules_rank_only,quantile_rank,majority,231,27,"{'non_keloid': 140, 'keloid': 91}","{'non_keloid': 18, 'keloid': 9}",0.6666666667000001,0.5333333333,0.5,0.4,0.5,"[[0, 9], [0, 18]]","['keloid', 'non_keloid']"
keloid_binary,leave_accession_out_E-MTAB-2509,modules_rank_only,quantile_rank,stratified_random,231,27,"{'non_keloid': 140, 'keloid': 91}","{'non_keloid': 18, 'keloid': 9}",0.40740740740000003,0.4242424242,0.3888888889,0.3863636364,0.3888888889,"[[3, 6], [10, 8]]","['keloid', 'non_keloid']"
keloid_binary,leave_accession_out_E-MTAB-2509,modules_rank_only,quantile_rank,elastic_net_logreg,231,27,"{'non_keloid': 140, 'keloid': 91}","{'non_keloid': 18, 'keloid': 9}",0.7407407407000001,0.7474747475,0.75,0.7272727273,0.7716049383,"[[7, 2], [5, 13]]","['keloid', 'non_keloid']"
keloid_binary,leave_accession_out_E-MTAB-2509,modules_rank_only,quantile_rank,linear_svm,231,27,"{'non_keloid': 140, 'keloid': 91}","{'non_keloid': 18, 'keloid': 9}",0.7407407407000001,0.7474747475,0.75,0.7272727273,0.7777777778,"[[7, 2], [5, 13]]","['keloid', 'non_keloid']"
keloid_binary,leave_accession_out_E-MTAB-2509,modules_rank_only,quantile_rank,random_forest,231,27,"{'non_keloid': 140, 'keloid': 91}","{'non_keloid': 18, 'keloid': 9}",0.7037037037,0.6929824561,0.6388888889000001,0.6447368421,0.7901234568000001,"[[4, 5], [3, 15]]","['keloid', 'non_keloid']"
keloid_binary,leave_accession_out_E-MTAB-2509,modules_rank_only,quantile_rank,hist_gradient_boosting,231,27,"{'non_keloid': 140, 'keloid': 91}","{'non_keloid': 18, 'keloid': 9}",0.5925925926,0.5675213675,0.5,0.49230769230000004,0.5925925926,"[[2, 7], [4, 14]]","['keloid', 'non_keloid']"
keloid_binary,leave_accession_out_E-MTAB-2509,modules_rank_only,quantile_rank,knn,231,27,"{'non_keloid': 140, 'keloid': 91}","{'non_keloid': 18, 'keloid': 9}",0.6666666667000001,0.6461538462,0.5833333333,0.5846153846000001,0.6574074074,"[[3, 6], [3, 15]]","['keloid', 'non_keloid']"
keloid_binary,leave_accession_out_E-MTAB-2509,modules_rank_only,quantile_rank,small_mlp,231,27,"{'non_keloid': 140, 'keloid': 91}","{'non_keloid': 18, 'keloid': 9}",0.6666666667000001,0.6731034483,0.7222222222,0.6648275862,0.6790123457,"[[8, 1], [8, 10]]","['keloid', 'non_keloid']"
keloid_binary,leave_accession_out_E-MTAB-2509,published_markers_only,quantile_rank,majority,231,27,"{'non_keloid': 140, 'keloid': 91}","{'non_keloid': 18, 'keloid': 9}",0.6666666667000001,0.5333333333,0.5,0.4,0.5,"[[0, 9], [0, 18]]","['keloid', 'non_keloid']"
keloid_binary,leave_accession_out_E-MTAB-2509,published_markers_only,quantile_rank,stratified_random,231,27,"{'non_keloid': 140, 'keloid': 91}","{'non_keloid': 18, 'keloid': 9}",0.40740740740000003,0.4242424242,0.3888888889,0.3863636364,0.3888888889,"[[3, 6], [10, 8]]","['keloid', 'non_keloid']"
keloid_binary,leave_accession_out_E-MTAB-2509,published_markers_only,quantile_rank,elastic_net_logreg,231,27,"{'non_keloid': 140, 'keloid': 91}","{'non_keloid': 18, 'keloid': 9}",0.5925925926,0.6031746032,0.5833333333,0.5714285714,0.6790123457,"[[5, 4], [7, 11]]","['keloid', 'non_keloid']"
keloid_binary,leave_accession_out_E-MTAB-2509,published_markers_only,quantile_rank,linear_svm,231,27,"{'non_keloid': 140, 'keloid': 91}","{'non_keloid': 18, 'keloid': 9}",0.6296296296,0.637254902,0.6111111111,0.6029411765,0.6913580247000001,"[[5, 4], [6, 12]]","['keloid', 'non_keloid']"
keloid_binary,leave_accession_out_E-MTAB-2509,published_markers_only,quantile_rank,random_forest,231,27,"{'non_keloid': 140, 'keloid': 91}","{'non_keloid': 18, 'keloid': 9}",0.7037037037,0.7037037037,0.6666666667000001,0.6666666667000001,0.7901234568000001,"[[5, 4], [4, 14]]","['keloid', 'non_keloid']"
keloid_binary,leave_accession_out_E-MTAB-2509,published_markers_only,quantile_rank,hist_gradient_boosting,231,27,"{'non_keloid': 140, 'keloid': 91}","{'non_keloid': 18, 'keloid': 9}",0.6296296296,0.637254902,0.6111111111,0.6029411765,0.7716049383,"[[5, 4], [6, 12]]","['keloid', 'non_keloid']"
keloid_binary,leave_accession_out_E-MTAB-2509,published_markers_only,quantile_rank,knn,231,27,"{'non_keloid': 140, 'keloid': 91}","{'non_keloid': 18, 'keloid': 9}",0.6296296296,0.6401515152,0.6388888889000001,0.6164772727,0.6080246914,"[[6, 3], [7, 11]]","['keloid', 'non_keloid']"
keloid_binary,leave_accession_out_E-MTAB-2509,published_markers_only,quantile_rank,small_mlp,231,27,"{'non_keloid': 140, 'keloid': 91}","{'non_keloid': 18, 'keloid': 9}",0.5925925926,0.5675213675,0.5,0.49230769230000004,0.475308642,"[[2, 7], [4, 14]]","['keloid', 'non_keloid']"
keloid_binary,leave_accession_out_E-MTAB-2509,expanded_profibrotic_only,quantile_rank,majority,231,27,"{'non_keloid': 140, 'keloid': 91}","{'non_keloid': 18, 'keloid': 9}",0.6666666667000001,0.5333333333,0.5,0.4,0.5,"[[0, 9], [0, 18]]","['keloid', 'non_keloid']"
keloid_binary,leave_accession_out_E-MTAB-2509,expanded_profibrotic_only,quantile_rank,stratified_random,231,27,"{'non_keloid': 140, 'keloid': 91}","{'non_keloid': 18, 'keloid': 9}",0.40740740740000003,0.4242424242,0.3888888889,0.3863636364,0.3888888889,"[[3, 6], [10, 8]]","['keloid', 'non_keloid']"
keloid_binary,leave_accession_out_E-MTAB-2509,expanded_profibrotic_only,quantile_rank,elastic_net_logreg,231,27,"{'non_keloid': 140, 'keloid': 91}","{'non_keloid': 18, 'keloid': 9}",0.6296296296,0.6401515152,0.6388888889000001,0.6164772727,0.6728395062,"[[6, 3], [7, 11]]","['keloid', 'non_keloid']"
keloid_binary,leave_accession_out_E-MTAB-2509,expanded_profibrotic_only,quantile_rank,linear_svm,231,27,"{'non_keloid': 140, 'keloid': 91}","{'non_keloid': 18, 'keloid': 9}",0.6296296296,0.6401515152,0.6388888889000001,0.6164772727,0.6728395062,"[[6, 3], [7, 11]]","['keloid', 'non_keloid']"
keloid_binary,leave_accession_out_E-MTAB-2509,expanded_profibrotic_only,quantile_rank,random_forest,231,27,"{'non_keloid': 140, 'keloid': 91}","{'non_keloid': 18, 'keloid': 9}",0.5555555556,0.5647058824,0.5277777778,0.5235294118,0.6358024691,"[[4, 5], [7, 11]]","['keloid', 'non_keloid']"
keloid_binary,leave_accession_out_E-MTAB-2509,expanded_profibrotic_only,quantile_rank,hist_gradient_boosting,231,27,"{'non_keloid': 140, 'keloid': 91}","{'non_keloid': 18, 'keloid': 9}",0.5555555556,0.5142857143,0.4444444444,0.4214285714,0.6049382716,"[[1, 8], [4, 14]]","['keloid', 'non_keloid']"
keloid_binary,leave_accession_out_E-MTAB-2509,expanded_profibrotic_only,quantile_rank,knn,231,27,"{'non_keloid': 140, 'keloid': 91}","{'non_keloid': 18, 'keloid': 9}",0.6296296296,0.637254902,0.6111111111,0.6029411765,0.6913580247000001,"[[5, 4], [6, 12]]","['keloid', 'non_keloid']"
keloid_binary,leave_accession_out_E-MTAB-2509,expanded_profibrotic_only,quantile_rank,small_mlp,231,27,"{'non_keloid': 140, 'keloid': 91}","{'non_keloid': 18, 'keloid': 9}",0.6296296296,0.6388888889000001,0.6666666667000001,0.625,0.6728395062,"[[7, 2], [8, 10]]","['keloid', 'non_keloid']"
keloid_binary,leave_accession_out_E-MTAB-2509,shared_genes,quantile_rank,majority,231,27,"{'non_keloid': 140, 'keloid': 91}","{'non_keloid': 18, 'keloid': 9}",0.6666666667000001,0.5333333333,0.5,0.4,0.5,"[[0, 9], [0, 18]]","['keloid', 'non_keloid']"
keloid_binary,leave_accession_out_E-MTAB-2509,shared_genes,quantile_rank,stratified_random,231,27,"{'non_keloid': 140, 'keloid': 91}","{'non_keloid': 18, 'keloid': 9}",0.40740740740000003,0.4242424242,0.3888888889,0.3863636364,0.3888888889,"[[3, 6], [10, 8]]","['keloid', 'non_keloid']"
keloid_binary,leave_accession_out_E-MTAB-2509,shared_genes,quantile_rank,elastic_net_logreg,231,27,"{'non_keloid': 140, 'keloid': 91}","{'non_keloid': 18, 'keloid': 9}",0.5185185185,0.5108638050000001,0.4444444444,0.4419713831,0.4444444444,"[[2, 7], [6, 12]]","['keloid', 'non_keloid']"
keloid_binary,leave_accession_out_E-MTAB-2509,shared_genes,quantile_rank,linear_svm,231,27,"{'non_keloid': 140, 'keloid': 91}","{'non_keloid': 18, 'keloid': 9}",0.40740740740000003,0.4222222222,0.4166666667,0.4,0.48765432100000006,"[[4, 5], [11, 7]]","['keloid', 'non_keloid']"
keloid_binary,leave_accession_out_E-MTAB-2509,shared_genes,quantile_rank,random_forest,231,27,"{'non_keloid': 140, 'keloid': 91}","{'non_keloid': 18, 'keloid': 9}",0.6666666667000001,0.5333333333,0.5,0.4,0.8395061728000001,"[[0, 9], [0, 18]]","['keloid', 'non_keloid']"
keloid_binary,leave_accession_out_E-MTAB-2509,shared_genes,quantile_rank,hist_gradient_boosting,231,27,"{'non_keloid': 140, 'keloid': 91}","{'non_keloid': 18, 'keloid': 9}",0.7777777778,0.7840909091,0.8055555556,0.7698863636000001,0.8580246914,"[[8, 1], [5, 13]]","['keloid', 'non_keloid']"
keloid_binary,leave_accession_out_E-MTAB-2509,shared_genes,quantile_rank,knn,231,27,"{'non_keloid': 140, 'keloid': 91}","{'non_keloid': 18, 'keloid': 9}",0.37037037040000004,0.24160401,0.5277777778,0.3097744361,0.5308641975,"[[9, 0], [17, 1]]","['keloid', 'non_keloid']"
keloid_binary,leave_accession_out_E-MTAB-4945,modules_rank_plus_expanded,quantile_rank,majority,315,40,"{'keloid': 176, 'non_keloid': 139}","{'keloid': 27, 'non_keloid': 13}",0.675,0.5440298507,0.5,0.4029850746,0.5,"[[27, 0], [13, 0]]","['keloid', 'non_keloid']"
keloid_binary,leave_accession_out_E-MTAB-4945,modules_rank_plus_expanded,quantile_rank,stratified_random,315,40,"{'keloid': 176, 'non_keloid': 139}","{'keloid': 27, 'non_keloid': 13}",0.65,0.6609375,0.6609686610000001,0.6354166667000001,0.6609686610000001,"[[17, 10], [4, 9]]","['keloid', 'non_keloid']"
keloid_binary,leave_accession_out_E-MTAB-4945,modules_rank_plus_expanded,quantile_rank,elastic_net_logreg,315,40,"{'keloid': 176, 'non_keloid': 139}","{'keloid': 27, 'non_keloid': 13}",0.65,0.660741688,0.6809116809,0.641943734,0.7435897436000001,"[[16, 11], [3, 10]]","['keloid', 'non_keloid']"
keloid_binary,leave_accession_out_E-MTAB-4945,modules_rank_plus_expanded,quantile_rank,linear_svm,315,40,"{'keloid': 176, 'non_keloid': 139}","{'keloid': 27, 'non_keloid': 13}",0.675,0.6852675693,0.6994301994000001,0.6647324307,0.7521367521,"[[17, 10], [3, 10]]","['keloid', 'non_keloid']"
keloid_binary,leave_accession_out_E-MTAB-4945,modules_rank_plus_expanded,quantile_rank,random_forest,315,40,"{'keloid': 176, 'non_keloid': 139}","{'keloid': 27, 'non_keloid': 13}",0.65,0.660741688,0.6809116809,0.641943734,0.7065527066,"[[16, 11], [3, 10]]","['keloid', 'non_keloid']"
keloid_binary,leave_accession_out_E-MTAB-4945,modules_rank_plus_expanded,quantile_rank,hist_gradient_boosting,315,40,"{'keloid': 176, 'non_keloid': 139}","{'keloid': 27, 'non_keloid': 13}",0.6000000000000001,0.6125,0.603988604,0.5833333333,0.6182336182,"[[16, 11], [5, 8]]","['keloid', 'non_keloid']"
keloid_binary,leave_accession_out_E-MTAB-4945,modules_rank_plus_expanded,quantile_rank,knn,315,40,"{'keloid': 176, 'non_keloid': 139}","{'keloid': 27, 'non_keloid': 13}",0.5750000000000001,0.5844827586,0.5455840456000001,0.5402298851,0.6396011396,"[[17, 10], [7, 6]]","['keloid', 'non_keloid']"
keloid_binary,leave_accession_out_E-MTAB-4945,modules_rank_plus_expanded,quantile_rank,small_mlp,315,40,"{'keloid': 176, 'non_keloid': 139}","{'keloid': 27, 'non_keloid': 13}",0.6000000000000001,0.6000000000000001,0.5441595442,0.5441595442,0.6723646724,"[[19, 8], [8, 5]]","['keloid', 'non_keloid']"
keloid_binary,leave_accession_out_E-MTAB-4945,modules_rank_only,quantile_rank,majority,315,40,"{'keloid': 176, 'non_keloid': 139}","{'keloid': 27, 'non_keloid': 13}",0.675,0.5440298507,0.5,0.4029850746,0.5,"[[27, 0], [13, 0]]","['keloid', 'non_keloid']"
keloid_binary,leave_accession_out_E-MTAB-4945,modules_rank_only,quantile_rank,stratified_random,315,40,"{'keloid': 176, 'non_keloid': 139}","{'keloid': 27, 'non_keloid': 13}",0.65,0.6609375,0.6609686610000001,0.6354166667000001,0.6609686610000001,"[[17, 10], [4, 9]]","['keloid', 'non_keloid']"
keloid_binary,leave_accession_out_E-MTAB-4945,modules_rank_only,quantile_rank,elastic_net_logreg,315,40,"{'keloid': 176, 'non_keloid': 139}","{'keloid': 27, 'non_keloid': 13}",0.5750000000000001,0.5871428571,0.6054131054,0.5682539683,0.6723646724,"[[14, 13], [4, 9]]","['keloid', 'non_keloid']"
keloid_binary,leave_accession_out_E-MTAB-4945,modules_rank_only,quantile_rank,linear_svm,315,40,"{'keloid': 176, 'non_keloid': 139}","{'keloid': 27, 'non_keloid': 13}",0.6000000000000001,0.6122762148,0.6239316239,0.5907928389,0.6752136752,"[[15, 12], [4, 9]]","['keloid', 'non_keloid']"
keloid_binary,leave_accession_out_E-MTAB-4945,modules_rank_only,quantile_rank,random_forest,315,40,"{'keloid': 176, 'non_keloid': 139}","{'keloid': 27, 'non_keloid': 13}",0.55,0.5567669173,0.6068376068,0.5488721805,0.6951566952,"[[12, 15], [3, 10]]","['keloid', 'non_keloid']"
keloid_binary,leave_accession_out_E-MTAB-4945,modules_rank_only,quantile_rank,hist_gradient_boosting,315,40,"{'keloid': 176, 'non_keloid': 139}","{'keloid': 27, 'non_keloid': 13}",0.525,0.5400064475,0.5284900285,0.5099935525,0.6353276353,"[[14, 13], [6, 7]]","['keloid', 'non_keloid']"
keloid_binary,leave_accession_out_E-MTAB-4945,modules_rank_only,quantile_rank,knn,315,40,"{'keloid': 176, 'non_keloid': 139}","{'keloid': 27, 'non_keloid': 13}",0.55,0.55,0.48717948720000004,0.48717948720000004,0.6125356125,"[[18, 9], [9, 4]]","['keloid', 'non_keloid']"
keloid_binary,leave_accession_out_E-MTAB-4945,modules_rank_only,quantile_rank,small_mlp,315,40,"{'keloid': 176, 'non_keloid': 139}","{'keloid': 27, 'non_keloid': 13}",0.625,0.6368471954,0.6424501425,0.6131528046,0.6638176638000001,"[[16, 11], [4, 9]]","['keloid', 'non_keloid']"
keloid_binary,leave_accession_out_E-MTAB-4945,published_markers_only,quantile_rank,majority,315,40,"{'keloid': 176, 'non_keloid': 139}","{'keloid': 27, 'non_keloid': 13}",0.675,0.5440298507,0.5,0.4029850746,0.5,"[[27, 0], [13, 0]]","['keloid', 'non_keloid']"
keloid_binary,leave_accession_out_E-MTAB-4945,published_markers_only,quantile_rank,stratified_random,315,40,"{'keloid': 176, 'non_keloid': 139}","{'keloid': 27, 'non_keloid': 13}",0.65,0.6609375,0.6609686610000001,0.6354166667000001,0.6609686610000001,"[[17, 10], [4, 9]]","['keloid', 'non_keloid']"
keloid_binary,leave_accession_out_E-MTAB-4945,published_markers_only,quantile_rank,elastic_net_logreg,315,40,"{'keloid': 176, 'non_keloid': 139}","{'keloid': 27, 'non_keloid': 13}",0.45,0.4668797954,0.45299145300000004,0.4373401535,0.5698005698,"[[12, 15], [7, 6]]","['keloid', 'non_keloid']"
keloid_binary,leave_accession_out_E-MTAB-4945,published_markers_only,quantile_rank,linear_svm,315,40,"{'keloid': 176, 'non_keloid': 139}","{'keloid': 27, 'non_keloid': 13}",0.5,0.5153452685000001,0.50997151,0.48849104860000003,0.5555555556,"[[13, 14], [6, 7]]","['keloid', 'non_keloid']"
keloid_binary,leave_accession_out_E-MTAB-4945,published_markers_only,quantile_rank,random_forest,315,40,"{'keloid': 176, 'non_keloid': 139}","{'keloid': 27, 'non_keloid': 13}",0.525,0.5348522942,0.5683760684,0.5223130107,0.5783475783,"[[12, 15], [4, 9]]","['keloid', 'non_keloid']"
keloid_binary,leave_accession_out_E-MTAB-4945,published_markers_only,quantile_rank,hist_gradient_boosting,315,40,"{'keloid': 176, 'non_keloid': 139}","{'keloid': 27, 'non_keloid': 13}",0.6000000000000001,0.6101010101000001,0.6438746439,0.595959596,0.6894586895,"[[14, 13], [3, 10]]","['keloid', 'non_keloid']"
keloid_binary,leave_accession_out_E-MTAB-4945,published_markers_only,quantile_rank,knn,315,40,"{'keloid': 176, 'non_keloid': 139}","{'keloid': 27, 'non_keloid': 13}",0.6000000000000001,0.6065934066,0.5641025641,0.5604395604,0.5384615385,"[[18, 9], [7, 6]]","['keloid', 'non_keloid']"
keloid_binary,leave_accession_out_E-MTAB-4945,published_markers_only,quantile_rank,small_mlp,315,40,"{'keloid': 176, 'non_keloid': 139}","{'keloid': 27, 'non_keloid': 13}",0.525,0.5385714286000001,0.5484330484000001,0.5174603175,0.6125356125,"[[13, 14], [5, 8]]","['keloid', 'non_keloid']"
keloid_binary,leave_accession_out_E-MTAB-4945,expanded_profibrotic_only,quantile_rank,majority,315,40,"{'keloid': 176, 'non_keloid': 139}","{'keloid': 27, 'non_keloid': 13}",0.675,0.5440298507,0.5,0.4029850746,0.5,"[[27, 0], [13, 0]]","['keloid', 'non_keloid']"
keloid_binary,leave_accession_out_E-MTAB-4945,expanded_profibrotic_only,quantile_rank,stratified_random,315,40,"{'keloid': 176, 'non_keloid': 139}","{'keloid': 27, 'non_keloid': 13}",0.65,0.6609375,0.6609686610000001,0.6354166667000001,0.6609686610000001,"[[17, 10], [4, 9]]","['keloid', 'non_keloid']"
keloid_binary,leave_accession_out_E-MTAB-4945,expanded_profibrotic_only,quantile_rank,elastic_net_logreg,315,40,"{'keloid': 176, 'non_keloid': 139}","{'keloid': 27, 'non_keloid': 13}",0.7000000000000001,0.7092071611,0.7378917379000001,0.6930946292,0.7165242165,"[[17, 10], [2, 11]]","['keloid', 'non_keloid']"
keloid_binary,leave_accession_out_E-MTAB-4945,expanded_profibrotic_only,quantile_rank,linear_svm,315,40,"{'keloid': 176, 'non_keloid': 139}","{'keloid': 27, 'non_keloid': 13}",0.7000000000000001,0.7092071611,0.7378917379000001,0.6930946292,0.7165242165,"[[17, 10], [2, 11]]","['keloid', 'non_keloid']"
keloid_binary,leave_accession_out_E-MTAB-4945,expanded_profibrotic_only,quantile_rank,random_forest,315,40,"{'keloid': 176, 'non_keloid': 139}","{'keloid': 27, 'non_keloid': 13}",0.5,0.515625,0.49002849,0.4791666667,0.5498575499,"[[14, 13], [7, 6]]","['keloid', 'non_keloid']"
keloid_binary,leave_accession_out_E-MTAB-4945,expanded_profibrotic_only,quantile_rank,hist_gradient_boosting,315,40,"{'keloid': 176, 'non_keloid': 139}","{'keloid': 27, 'non_keloid': 13}",0.47500000000000003,0.4915860735,0.4715099715,0.4584139265,0.5455840456000001,"[[13, 14], [7, 6]]","['keloid', 'non_keloid']"
keloid_binary,leave_accession_out_E-MTAB-4945,expanded_profibrotic_only,quantile_rank,knn,315,40,"{'keloid': 176, 'non_keloid': 139}","{'keloid': 27, 'non_keloid': 13}",0.5750000000000001,0.5875905201,0.5655270655,0.5523370639,0.6054131054,"[[16, 11], [6, 7]]","['keloid', 'non_keloid']"
keloid_binary,leave_accession_out_E-MTAB-4945,expanded_profibrotic_only,quantile_rank,small_mlp,315,40,"{'keloid': 176, 'non_keloid': 139}","{'keloid': 27, 'non_keloid': 13}",0.675,0.6779524808,0.6396011396,0.6366177498000001,0.745014245,"[[20, 7], [6, 7]]","['keloid', 'non_keloid']"
keloid_binary,leave_accession_out_E-MTAB-4945,shared_genes,quantile_rank,majority,315,40,"{'keloid': 176, 'non_keloid': 139}","{'keloid': 27, 'non_keloid': 13}",0.675,0.5440298507,0.5,0.4029850746,0.5,"[[27, 0], [13, 0]]","['keloid', 'non_keloid']"
keloid_binary,leave_accession_out_E-MTAB-4945,shared_genes,quantile_rank,stratified_random,315,40,"{'keloid': 176, 'non_keloid': 139}","{'keloid': 27, 'non_keloid': 13}",0.65,0.6609375,0.6609686610000001,0.6354166667000001,0.6609686610000001,"[[17, 10], [4, 9]]","['keloid', 'non_keloid']"
keloid_binary,leave_accession_out_E-MTAB-4945,shared_genes,quantile_rank,elastic_net_logreg,315,40,"{'keloid': 176, 'non_keloid': 139}","{'keloid': 27, 'non_keloid': 13}",0.5,0.515625,0.49002849,0.4791666667,0.5783475783,"[[14, 13], [7, 6]]","['keloid', 'non_keloid']"
keloid_binary,leave_accession_out_E-MTAB-4945,shared_genes,quantile_rank,linear_svm,315,40,"{'keloid': 176, 'non_keloid': 139}","{'keloid': 27, 'non_keloid': 13}",0.425,0.4431656995,0.41452991450000004,0.4068343005,0.4358974359,"[[12, 15], [8, 5]]","['keloid', 'non_keloid']"
keloid_binary,leave_accession_out_E-MTAB-4945,shared_genes,quantile_rank,random_forest,315,40,"{'keloid': 176, 'non_keloid': 139}","{'keloid': 27, 'non_keloid': 13}",0.525,0.5205440901,0.6082621083,0.5247029393,0.4928774929,"[[10, 17], [2, 11]]","['keloid', 'non_keloid']"
keloid_binary,leave_accession_out_E-MTAB-4945,shared_genes,quantile_rank,hist_gradient_boosting,315,40,"{'keloid': 176, 'non_keloid': 139}","{'keloid': 27, 'non_keloid': 13}",0.625,0.6280487805,0.7022792023000001,0.6247654784000001,0.7549857550000001,"[[13, 14], [1, 12]]","['keloid', 'non_keloid']"
keloid_binary,leave_accession_out_E-MTAB-4945,shared_genes,quantile_rank,knn,315,40,"{'keloid': 176, 'non_keloid': 139}","{'keloid': 27, 'non_keloid': 13}",0.5750000000000001,0.5884268214,0.5854700855,0.5615731786,0.5498575499,"[[15, 12], [5, 8]]","['keloid', 'non_keloid']"
keloid_binary,leave_accession_out_GSE145725,modules_rank_plus_expanded,quantile_rank,majority,340,19,"{'non_keloid': 211, 'keloid': 129}","{'non_keloid': 10, 'keloid': 9}",0.5263157895,0.3629764065,0.5,0.34482758620000004,0.5,"[[0, 9], [0, 10]]","['keloid', 'non_keloid']"
keloid_binary,leave_accession_out_GSE145725,modules_rank_plus_expanded,quantile_rank,stratified_random,340,19,"{'non_keloid': 211, 'keloid': 129}","{'non_keloid': 10, 'keloid': 9}",0.6842105263,0.6842105263,0.6833333333,0.6833333333,0.6833333333,"[[6, 3], [3, 7]]","['keloid', 'non_keloid']"
keloid_binary,leave_accession_out_GSE145725,modules_rank_plus_expanded,quantile_rank,elastic_net_logreg,340,19,"{'non_keloid': 211, 'keloid': 129}","{'non_keloid': 10, 'keloid': 9}",0.6315789474,0.6315789474,0.6333333333,0.6315789474,0.6888888889,"[[6, 3], [4, 6]]","['keloid', 'non_keloid']"
keloid_binary,leave_accession_out_GSE145725,modules_rank_plus_expanded,quantile_rank,linear_svm,340,19,"{'non_keloid': 211, 'keloid': 129}","{'non_keloid': 10, 'keloid': 9}",0.6315789474,0.6315789474,0.6333333333,0.6315789474,0.7000000000000001,"[[6, 3], [4, 6]]","['keloid', 'non_keloid']"
keloid_binary,leave_accession_out_GSE145725,modules_rank_plus_expanded,quantile_rank,random_forest,340,19,"{'non_keloid': 211, 'keloid': 129}","{'non_keloid': 10, 'keloid': 9}",0.6842105263,0.6654135338,0.6722222222,0.6607142857,0.7000000000000001,"[[4, 5], [1, 9]]","['keloid', 'non_keloid']"
keloid_binary,leave_accession_out_GSE145725,modules_rank_plus_expanded,quantile_rank,hist_gradient_boosting,340,19,"{'non_keloid': 211, 'keloid': 129}","{'non_keloid': 10, 'keloid': 9}",0.6315789474,0.6187643021,0.6222222222,0.6144927536,0.6666666667000001,"[[4, 5], [2, 8]]","['keloid', 'non_keloid']"
keloid_binary,leave_accession_out_GSE145725,modules_rank_plus_expanded,quantile_rank,knn,340,19,"{'non_keloid': 211, 'keloid': 129}","{'non_keloid': 10, 'keloid': 9}",0.47368421050000004,0.46471291870000003,0.4666666667,0.4602272727,0.5111111111000001,"[[3, 6], [4, 6]]","['keloid', 'non_keloid']"
keloid_binary,leave_accession_out_GSE145725,modules_rank_plus_expanded,quantile_rank,small_mlp,340,19,"{'non_keloid': 211, 'keloid': 129}","{'non_keloid': 10, 'keloid': 9}",0.6315789474,0.6315789474,0.6333333333,0.6315789474,0.7666666667,"[[6, 3], [4, 6]]","['keloid', 'non_keloid']"
keloid_binary,leave_accession_out_GSE145725,modules_rank_only,quantile_rank,majority,340,19,"{'non_keloid': 211, 'keloid': 129}","{'non_keloid': 10, 'keloid': 9}",0.5263157895,0.3629764065,0.5,0.34482758620000004,0.5,"[[0, 9], [0, 10]]","['keloid', 'non_keloid']"
keloid_binary,leave_accession_out_GSE145725,modules_rank_only,quantile_rank,stratified_random,340,19,"{'non_keloid': 211, 'keloid': 129}","{'non_keloid': 10, 'keloid': 9}",0.6842105263,0.6842105263,0.6833333333,0.6833333333,0.6833333333,"[[6, 3], [3, 7]]","['keloid', 'non_keloid']"
keloid_binary,leave_accession_out_GSE145725,modules_rank_only,quantile_rank,elastic_net_logreg,340,19,"{'non_keloid': 211, 'keloid': 129}","{'non_keloid': 10, 'keloid': 9}",0.6842105263,0.6842105263,0.6833333333,0.6833333333,0.8555555556000001,"[[6, 3], [3, 7]]","['keloid', 'non_keloid']"
keloid_binary,leave_accession_out_GSE145725,modules_rank_only,quantile_rank,linear_svm,340,19,"{'non_keloid': 211, 'keloid': 129}","{'non_keloid': 10, 'keloid': 9}",0.6842105263,0.6842105263,0.6833333333,0.6833333333,0.8444444444,"[[6, 3], [3, 7]]","['keloid', 'non_keloid']"
keloid_binary,leave_accession_out_GSE145725,modules_rank_only,quantile_rank,random_forest,340,19,"{'non_keloid': 211, 'keloid': 129}","{'non_keloid': 10, 'keloid': 9}",0.6842105263,0.6654135338,0.6722222222,0.6607142857,0.7666666667,"[[4, 5], [1, 9]]","['keloid', 'non_keloid']"
keloid_binary,leave_accession_out_GSE145725,modules_rank_only,quantile_rank,hist_gradient_boosting,340,19,"{'non_keloid': 211, 'keloid': 129}","{'non_keloid': 10, 'keloid': 9}",0.7368421053,0.7353678313,0.7333333333000001,0.7338935574000001,0.6777777778,"[[6, 3], [2, 8]]","['keloid', 'non_keloid']"
keloid_binary,leave_accession_out_GSE145725,modules_rank_only,quantile_rank,knn,340,19,"{'non_keloid': 211, 'keloid': 129}","{'non_keloid': 10, 'keloid': 9}",0.6315789474,0.6315789474,0.6333333333,0.6315789474,0.5944444444,"[[6, 3], [4, 6]]","['keloid', 'non_keloid']"
keloid_binary,leave_accession_out_GSE145725,modules_rank_only,quantile_rank,small_mlp,340,19,"{'non_keloid': 211, 'keloid': 129}","{'non_keloid': 10, 'keloid': 9}",0.6315789474,0.6315789474,0.6333333333,0.6315789474,0.7888888889,"[[6, 3], [4, 6]]","['keloid', 'non_keloid']"
keloid_binary,leave_accession_out_GSE145725,published_markers_only,quantile_rank,majority,340,19,"{'non_keloid': 211, 'keloid': 129}","{'non_keloid': 10, 'keloid': 9}",0.5263157895,0.3629764065,0.5,0.34482758620000004,0.5,"[[0, 9], [0, 10]]","['keloid', 'non_keloid']"
keloid_binary,leave_accession_out_GSE145725,published_markers_only,quantile_rank,stratified_random,340,19,"{'non_keloid': 211, 'keloid': 129}","{'non_keloid': 10, 'keloid': 9}",0.6842105263,0.6842105263,0.6833333333,0.6833333333,0.6833333333,"[[6, 3], [3, 7]]","['keloid', 'non_keloid']"
keloid_binary,leave_accession_out_GSE145725,published_markers_only,quantile_rank,elastic_net_logreg,340,19,"{'non_keloid': 211, 'keloid': 129}","{'non_keloid': 10, 'keloid': 9}",0.3157894737,0.3119563615,0.3111111111,0.3081232493,0.2,"[[2, 7], [6, 4]]","['keloid', 'non_keloid']"
keloid_binary,leave_accession_out_GSE145725,published_markers_only,quantile_rank,linear_svm,340,19,"{'non_keloid': 211, 'keloid': 129}","{'non_keloid': 10, 'keloid': 9}",0.3157894737,0.3119563615,0.3111111111,0.3081232493,0.1888888889,"[[2, 7], [6, 4]]","['keloid', 'non_keloid']"
keloid_binary,leave_accession_out_GSE145725,published_markers_only,quantile_rank,random_forest,340,19,"{'non_keloid': 211, 'keloid': 129}","{'non_keloid': 10, 'keloid': 9}",0.5789473684,0.5717703349000001,0.5722222222000001,0.5681818182,0.7111111111,"[[4, 5], [3, 7]]","['keloid', 'non_keloid']"
keloid_binary,leave_accession_out_GSE145725,published_markers_only,quantile_rank,hist_gradient_boosting,340,19,"{'non_keloid': 211, 'keloid': 129}","{'non_keloid': 10, 'keloid': 9}",0.6315789474,0.6295149639000001,0.6277777778,0.6274509804,0.6777777778,"[[5, 4], [3, 7]]","['keloid', 'non_keloid']"
keloid_binary,leave_accession_out_GSE145725,published_markers_only,quantile_rank,knn,340,19,"{'non_keloid': 211, 'keloid': 129}","{'non_keloid': 10, 'keloid': 9}",0.6842105263,0.6654135338,0.6722222222,0.6607142857,0.6000000000000001,"[[4, 5], [1, 9]]","['keloid', 'non_keloid']"
keloid_binary,leave_accession_out_GSE145725,published_markers_only,quantile_rank,small_mlp,340,19,"{'non_keloid': 211, 'keloid': 129}","{'non_keloid': 10, 'keloid': 9}",0.47368421050000004,0.40283400810000003,0.4555555556,0.39102564100000003,0.4222222222,"[[1, 8], [2, 8]]","['keloid', 'non_keloid']"
keloid_binary,leave_accession_out_GSE145725,expanded_profibrotic_only,quantile_rank,majority,340,19,"{'non_keloid': 211, 'keloid': 129}","{'non_keloid': 10, 'keloid': 9}",0.5263157895,0.3629764065,0.5,0.34482758620000004,0.5,"[[0, 9], [0, 10]]","['keloid', 'non_keloid']"
keloid_binary,leave_accession_out_GSE145725,expanded_profibrotic_only,quantile_rank,stratified_random,340,19,"{'non_keloid': 211, 'keloid': 129}","{'non_keloid': 10, 'keloid': 9}",0.6842105263,0.6842105263,0.6833333333,0.6833333333,0.6833333333,"[[6, 3], [3, 7]]","['keloid', 'non_keloid']"
keloid_binary,leave_accession_out_GSE145725,expanded_profibrotic_only,quantile_rank,elastic_net_logreg,340,19,"{'non_keloid': 211, 'keloid': 129}","{'non_keloid': 10, 'keloid': 9}",0.6315789474,0.6315789474,0.6333333333,0.6315789474,0.7111111111,"[[6, 3], [4, 6]]","['keloid', 'non_keloid']"
keloid_binary,leave_accession_out_GSE145725,expanded_profibrotic_only,quantile_rank,linear_svm,340,19,"{'non_keloid': 211, 'keloid': 129}","{'non_keloid': 10, 'keloid': 9}",0.6315789474,0.6315789474,0.6333333333,0.6315789474,0.7111111111,"[[6, 3], [4, 6]]","['keloid', 'non_keloid']"
keloid_binary,leave_accession_out_GSE145725,expanded_profibrotic_only,quantile_rank,random_forest,340,19,"{'non_keloid': 211, 'keloid': 129}","{'non_keloid': 10, 'keloid': 9}",0.5263157895,0.5098398169,0.5166666667,0.5043478261000001,0.5333333333,"[[3, 6], [3, 7]]","['keloid', 'non_keloid']"
keloid_binary,leave_accession_out_GSE145725,expanded_profibrotic_only,quantile_rank,hist_gradient_boosting,340,19,"{'non_keloid': 211, 'keloid': 129}","{'non_keloid': 10, 'keloid': 9}",0.5789473684,0.5538847118,0.5666666667,0.5476190476,0.5555555556,"[[3, 6], [2, 8]]","['keloid', 'non_keloid']"
keloid_binary,leave_accession_out_GSE145725,expanded_profibrotic_only,quantile_rank,knn,340,19,"{'non_keloid': 211, 'keloid': 129}","{'non_keloid': 10, 'keloid': 9}",0.5789473684,0.5222672065,0.5611111111,0.5128205128000001,0.6111111111,"[[2, 7], [1, 9]]","['keloid', 'non_keloid']"
keloid_binary,leave_accession_out_GSE145725,expanded_profibrotic_only,quantile_rank,small_mlp,340,19,"{'non_keloid': 211, 'keloid': 129}","{'non_keloid': 10, 'keloid': 9}",0.5263157895,0.5183547103,0.5333333333,0.5210084034,0.7777777778,"[[6, 3], [6, 4]]","['keloid', 'non_keloid']"
keloid_binary,leave_accession_out_GSE145725,shared_genes,quantile_rank,majority,340,19,"{'non_keloid': 211, 'keloid': 129}","{'non_keloid': 10, 'keloid': 9}",0.5263157895,0.3629764065,0.5,0.34482758620000004,0.5,"[[0, 9], [0, 10]]","['keloid', 'non_keloid']"
keloid_binary,leave_accession_out_GSE145725,shared_genes,quantile_rank,stratified_random,340,19,"{'non_keloid': 211, 'keloid': 129}","{'non_keloid': 10, 'keloid': 9}",0.6842105263,0.6842105263,0.6833333333,0.6833333333,0.6833333333,"[[6, 3], [3, 7]]","['keloid', 'non_keloid']"
keloid_binary,leave_accession_out_GSE145725,shared_genes,quantile_rank,elastic_net_logreg,340,19,"{'non_keloid': 211, 'keloid': 129}","{'non_keloid': 10, 'keloid': 9}",0.3157894737,0.3119563615,0.3111111111,0.3081232493,0.3777777778,"[[2, 7], [6, 4]]","['keloid', 'non_keloid']"
keloid_binary,leave_accession_out_GSE145725,shared_genes,quantile_rank,linear_svm,340,19,"{'non_keloid': 211, 'keloid': 129}","{'non_keloid': 10, 'keloid': 9}",0.47368421050000004,0.4707602339,0.4777777778,0.47222222220000004,0.6333333333,"[[5, 4], [6, 4]]","['keloid', 'non_keloid']"
keloid_binary,leave_accession_out_GSE145725,shared_genes,quantile_rank,random_forest,340,19,"{'non_keloid': 211, 'keloid': 129}","{'non_keloid': 10, 'keloid': 9}",0.5263157895,0.3629764065,0.5,0.34482758620000004,0.5111111111000001,"[[0, 9], [0, 10]]","['keloid', 'non_keloid']"
keloid_binary,leave_accession_out_GSE145725,shared_genes,quantile_rank,hist_gradient_boosting,340,19,"{'non_keloid': 211, 'keloid': 129}","{'non_keloid': 10, 'keloid': 9}",0.4210526316,0.3118908382,0.4,0.2962962963,0.36666666670000003,"[[0, 9], [2, 8]]","['keloid', 'non_keloid']"
keloid_binary,leave_accession_out_GSE145725,shared_genes,quantile_rank,knn,340,19,"{'non_keloid': 211, 'keloid': 129}","{'non_keloid': 10, 'keloid': 9}",0.5263157895,0.3629764065,0.5,0.34482758620000004,0.5055555556,"[[0, 9], [0, 10]]","['keloid', 'non_keloid']"
keloid_binary,leave_accession_out_GSE158395,modules_rank_plus_expanded,quantile_rank,majority,262,13,"{'non_keloid': 173, 'keloid': 89}","{'keloid': 7, 'non_keloid': 6}",0.4615384615,0.2914979757,0.5,0.3157894737,0.5,"[[0, 7], [0, 6]]","['keloid', 'non_keloid']"
keloid_binary,leave_accession_out_GSE158395,modules_rank_plus_expanded,quantile_rank,stratified_random,262,13,"{'non_keloid': 173, 'keloid': 89}","{'keloid': 7, 'non_keloid': 6}",0.4615384615,0.4615384615,0.46428571430000004,0.4615384615,0.46428571430000004,"[[3, 4], [3, 3]]","['keloid', 'non_keloid']"
keloid_binary,leave_accession_out_GSE158395,modules_rank_plus_expanded,quantile_rank,elastic_net_logreg,262,13,"{'non_keloid': 173, 'keloid': 89}","{'keloid': 7, 'non_keloid': 6}",0.7692307692,0.7692307692,0.7738095238,0.7692307692,0.7857142857,"[[5, 2], [1, 5]]","['keloid', 'non_keloid']"
keloid_binary,leave_accession_out_GSE158395,modules_rank_plus_expanded,quantile_rank,linear_svm,262,13,"{'non_keloid': 173, 'keloid': 89}","{'keloid': 7, 'non_keloid': 6}",0.7692307692,0.7692307692,0.7738095238,0.7692307692,0.7857142857,"[[5, 2], [1, 5]]","['keloid', 'non_keloid']"
keloid_binary,leave_accession_out_GSE158395,modules_rank_plus_expanded,quantile_rank,random_forest,262,13,"{'non_keloid': 173, 'keloid': 89}","{'keloid': 7, 'non_keloid': 6}",0.6153846154,0.6013986014,0.6309523810000001,0.6060606061,0.7142857143,"[[3, 4], [1, 5]]","['keloid', 'non_keloid']"
keloid_binary,leave_accession_out_GSE158395,modules_rank_plus_expanded,quantile_rank,hist_gradient_boosting,262,13,"{'non_keloid': 173, 'keloid': 89}","{'keloid': 7, 'non_keloid': 6}",0.6923076923,0.6886446886,0.7023809524,0.6904761905,0.7380952381,"[[4, 3], [1, 5]]","['keloid', 'non_keloid']"
keloid_binary,leave_accession_out_GSE158395,modules_rank_plus_expanded,quantile_rank,knn,262,13,"{'non_keloid': 173, 'keloid': 89}","{'keloid': 7, 'non_keloid': 6}",0.6923076923,0.6807692308000001,0.6785714286,0.675,0.7023809524,"[[6, 1], [3, 3]]","['keloid', 'non_keloid']"
keloid_binary,leave_accession_out_GSE158395,modules_rank_plus_expanded,quantile_rank,small_mlp,262,13,"{'non_keloid': 173, 'keloid': 89}","{'keloid': 7, 'non_keloid': 6}",0.5384615385,0.5211538462,0.5238095238,0.5125000000000001,0.6904761905,"[[5, 2], [4, 2]]","['keloid', 'non_keloid']"
keloid_binary,leave_accession_out_GSE158395,modules_rank_only,quantile_rank,majority,262,13,"{'non_keloid': 173, 'keloid': 89}","{'keloid': 7, 'non_keloid': 6}",0.4615384615,0.2914979757,0.5,0.3157894737,0.5,"[[0, 7], [0, 6]]","['keloid', 'non_keloid']"
keloid_binary,leave_accession_out_GSE158395,modules_rank_only,quantile_rank,stratified_random,262,13,"{'non_keloid': 173, 'keloid': 89}","{'keloid': 7, 'non_keloid': 6}",0.4615384615,0.4615384615,0.46428571430000004,0.4615384615,0.46428571430000004,"[[3, 4], [3, 3]]","['keloid', 'non_keloid']"
keloid_binary,leave_accession_out_GSE158395,modules_rank_only,quantile_rank,elastic_net_logreg,262,13,"{'non_keloid': 173, 'keloid': 89}","{'keloid': 7, 'non_keloid': 6}",0.7692307692,0.7692307692,0.7738095238,0.7692307692,0.7857142857,"[[5, 2], [1, 5]]","['keloid', 'non_keloid']"
keloid_binary,leave_accession_out_GSE158395,modules_rank_only,quantile_rank,linear_svm,262,13,"{'non_keloid': 173, 'keloid': 89}","{'keloid': 7, 'non_keloid': 6}",0.7692307692,0.7692307692,0.7738095238,0.7692307692,0.7857142857,"[[5, 2], [1, 5]]","['keloid', 'non_keloid']"
keloid_binary,leave_accession_out_GSE158395,modules_rank_only,quantile_rank,random_forest,262,13,"{'non_keloid': 173, 'keloid': 89}","{'keloid': 7, 'non_keloid': 6}",0.6923076923,0.6692307692,0.7142857143,0.675,0.6904761905,"[[3, 4], [0, 6]]","['keloid', 'non_keloid']"
keloid_binary,leave_accession_out_GSE158395,modules_rank_only,quantile_rank,hist_gradient_boosting,262,13,"{'non_keloid': 173, 'keloid': 89}","{'keloid': 7, 'non_keloid': 6}",0.6923076923,0.6886446886,0.7023809524,0.6904761905,0.7380952381,"[[4, 3], [1, 5]]","['keloid', 'non_keloid']"
keloid_binary,leave_accession_out_GSE158395,modules_rank_only,quantile_rank,knn,262,13,"{'non_keloid': 173, 'keloid': 89}","{'keloid': 7, 'non_keloid': 6}",0.6153846154,0.6153846154,0.619047619,0.6153846154,0.6547619048000001,"[[4, 3], [2, 4]]","['keloid', 'non_keloid']"
keloid_binary,leave_accession_out_GSE158395,modules_rank_only,quantile_rank,small_mlp,262,13,"{'non_keloid': 173, 'keloid': 89}","{'keloid': 7, 'non_keloid': 6}",0.7692307692,0.7608391608,0.7857142857,0.7636363636,0.7857142857,"[[4, 3], [0, 6]]","['keloid', 'non_keloid']"
keloid_binary,leave_accession_out_GSE158395,published_markers_only,quantile_rank,majority,262,13,"{'non_keloid': 173, 'keloid': 89}","{'keloid': 7, 'non_keloid': 6}",0.4615384615,0.2914979757,0.5,0.3157894737,0.5,"[[0, 7], [0, 6]]","['keloid', 'non_keloid']"
keloid_binary,leave_accession_out_GSE158395,published_markers_only,quantile_rank,stratified_random,262,13,"{'non_keloid': 173, 'keloid': 89}","{'keloid': 7, 'non_keloid': 6}",0.4615384615,0.4615384615,0.46428571430000004,0.4615384615,0.46428571430000004,"[[3, 4], [3, 3]]","['keloid', 'non_keloid']"
keloid_binary,leave_accession_out_GSE158395,published_markers_only,quantile_rank,elastic_net_logreg,262,13,"{'non_keloid': 173, 'keloid': 89}","{'keloid': 7, 'non_keloid': 6}",0.6923076923,0.6923076923,0.6904761905,0.6904761905,0.7619047619,"[[5, 2], [2, 4]]","['keloid', 'non_keloid']"
keloid_binary,leave_accession_out_GSE158395,published_markers_only,quantile_rank,linear_svm,262,13,"{'non_keloid': 173, 'keloid': 89}","{'keloid': 7, 'non_keloid': 6}",0.6923076923,0.6923076923,0.6904761905,0.6904761905,0.7380952381,"[[5, 2], [2, 4]]","['keloid', 'non_keloid']"
keloid_binary,leave_accession_out_GSE158395,published_markers_only,quantile_rank,random_forest,262,13,"{'non_keloid': 173, 'keloid': 89}","{'keloid': 7, 'non_keloid': 6}",0.6923076923,0.6692307692,0.7142857143,0.675,0.7857142857,"[[3, 4], [0, 6]]","['keloid', 'non_keloid']"
keloid_binary,leave_accession_out_GSE158395,published_markers_only,quantile_rank,hist_gradient_boosting,262,13,"{'non_keloid': 173, 'keloid': 89}","{'keloid': 7, 'non_keloid': 6}",0.7692307692,0.7692307692,0.7738095238,0.7692307692,0.7619047619,"[[5, 2], [1, 5]]","['keloid', 'non_keloid']"
keloid_binary,leave_accession_out_GSE158395,published_markers_only,quantile_rank,knn,262,13,"{'non_keloid': 173, 'keloid': 89}","{'keloid': 7, 'non_keloid': 6}",0.7692307692,0.7692307692,0.7738095238,0.7692307692,0.8095238095,"[[5, 2], [1, 5]]","['keloid', 'non_keloid']"
keloid_binary,leave_accession_out_GSE158395,published_markers_only,quantile_rank,small_mlp,262,13,"{'non_keloid': 173, 'keloid': 89}","{'keloid': 7, 'non_keloid': 6}",0.4615384615,0.44195804200000005,0.4761904762,0.44848484850000003,0.619047619,"[[2, 5], [2, 4]]","['keloid', 'non_keloid']"
keloid_binary,leave_accession_out_GSE158395,expanded_profibrotic_only,quantile_rank,majority,262,13,"{'non_keloid': 173, 'keloid': 89}","{'keloid': 7, 'non_keloid': 6}",0.4615384615,0.2914979757,0.5,0.3157894737,0.5,"[[0, 7], [0, 6]]","['keloid', 'non_keloid']"
keloid_binary,leave_accession_out_GSE158395,expanded_profibrotic_only,quantile_rank,stratified_random,262,13,"{'non_keloid': 173, 'keloid': 89}","{'keloid': 7, 'non_keloid': 6}",0.4615384615,0.4615384615,0.46428571430000004,0.4615384615,0.46428571430000004,"[[3, 4], [3, 3]]","['keloid', 'non_keloid']"
keloid_binary,leave_accession_out_GSE158395,expanded_profibrotic_only,quantile_rank,elastic_net_logreg,262,13,"{'non_keloid': 173, 'keloid': 89}","{'keloid': 7, 'non_keloid': 6}",0.8461538462,0.8461538462,0.8452380952,0.8452380952,0.8214285714,"[[6, 1], [1, 5]]","['keloid', 'non_keloid']"
keloid_binary,leave_accession_out_GSE158395,expanded_profibrotic_only,quantile_rank,linear_svm,262,13,"{'non_keloid': 173, 'keloid': 89}","{'keloid': 7, 'non_keloid': 6}",0.8461538462,0.8461538462,0.8452380952,0.8452380952,0.8214285714,"[[6, 1], [1, 5]]","['keloid', 'non_keloid']"
keloid_binary,leave_accession_out_GSE158395,expanded_profibrotic_only,quantile_rank,random_forest,262,13,"{'non_keloid': 173, 'keloid': 89}","{'keloid': 7, 'non_keloid': 6}",0.6153846154,0.6013986014,0.6309523810000001,0.6060606061,0.5595238095,"[[3, 4], [1, 5]]","['keloid', 'non_keloid']"
keloid_binary,leave_accession_out_GSE158395,expanded_profibrotic_only,quantile_rank,hist_gradient_boosting,262,13,"{'non_keloid': 173, 'keloid': 89}","{'keloid': 7, 'non_keloid': 6}",0.6153846154,0.6013986014,0.6309523810000001,0.6060606061,0.6785714286,"[[3, 4], [1, 5]]","['keloid', 'non_keloid']"
keloid_binary,leave_accession_out_GSE158395,expanded_profibrotic_only,quantile_rank,knn,262,13,"{'non_keloid': 173, 'keloid': 89}","{'keloid': 7, 'non_keloid': 6}",0.6153846154,0.6013986014,0.6309523810000001,0.6060606061,0.5833333333,"[[3, 4], [1, 5]]","['keloid', 'non_keloid']"
keloid_binary,leave_accession_out_GSE158395,expanded_profibrotic_only,quantile_rank,small_mlp,262,13,"{'non_keloid': 173, 'keloid': 89}","{'keloid': 7, 'non_keloid': 6}",0.7692307692,0.7664335664,0.7619047619,0.7636363636,0.869047619,"[[6, 1], [2, 4]]","['keloid', 'non_keloid']"
keloid_binary,leave_accession_out_GSE158395,shared_genes,quantile_rank,majority,262,13,"{'non_keloid': 173, 'keloid': 89}","{'keloid': 7, 'non_keloid': 6}",0.4615384615,0.2914979757,0.5,0.3157894737,0.5,"[[0, 7], [0, 6]]","['keloid', 'non_keloid']"
keloid_binary,leave_accession_out_GSE158395,shared_genes,quantile_rank,stratified_random,262,13,"{'non_keloid': 173, 'keloid': 89}","{'keloid': 7, 'non_keloid': 6}",0.4615384615,0.4615384615,0.46428571430000004,0.4615384615,0.46428571430000004,"[[3, 4], [3, 3]]","['keloid', 'non_keloid']"
keloid_binary,leave_accession_out_GSE158395,shared_genes,quantile_rank,elastic_net_logreg,262,13,"{'non_keloid': 173, 'keloid': 89}","{'keloid': 7, 'non_keloid': 6}",0.5384615385,0.4743589744,0.5119047619,0.45833333330000003,0.4285714286,"[[6, 1], [5, 1]]","['keloid', 'non_keloid']"
keloid_binary,leave_accession_out_GSE158395,shared_genes,quantile_rank,linear_svm,262,13,"{'non_keloid': 173, 'keloid': 89}","{'keloid': 7, 'non_keloid': 6}",0.5384615385,0.3769230769,0.5,0.35000000000000003,0.33333333330000003,"[[7, 0], [6, 0]]","['keloid', 'non_keloid']"
keloid_binary,leave_accession_out_GSE158395,shared_genes,quantile_rank,random_forest,262,13,"{'non_keloid': 173, 'keloid': 89}","{'keloid': 7, 'non_keloid': 6}",0.6153846154,0.5651080945,0.6428571429000001,0.5751633987,0.7142857143,"[[2, 5], [0, 6]]","['keloid', 'non_keloid']"
keloid_binary,leave_accession_out_GSE158395,shared_genes,quantile_rank,hist_gradient_boosting,262,13,"{'non_keloid': 173, 'keloid': 89}","{'keloid': 7, 'non_keloid': 6}",0.5384615385,0.4423076923,0.5714285714,0.45833333330000003,0.5238095238,"[[1, 6], [0, 6]]","['keloid', 'non_keloid']"
keloid_binary,leave_accession_out_GSE158395,shared_genes,quantile_rank,knn,262,13,"{'non_keloid': 173, 'keloid': 89}","{'keloid': 7, 'non_keloid': 6}",0.4615384615,0.3911513323,0.4880952381,0.40522875820000004,0.32142857140000003,"[[1, 6], [1, 5]]","['keloid', 'non_keloid']"
keloid_binary,leave_accession_out_GSE163973,modules_rank_plus_expanded,quantile_rank,majority,166,220,"{'keloid': 96, 'non_keloid': 70}","{'keloid': 110, 'non_keloid': 110}",0.5,0.33333333330000003,0.5,0.33333333330000003,0.5,"[[110, 0], [110, 0]]","['keloid', 'non_keloid']"
keloid_binary,leave_accession_out_GSE163973,modules_rank_plus_expanded,quantile_rank,stratified_random,166,220,"{'keloid': 96, 'non_keloid': 70}","{'keloid': 110, 'non_keloid': 110}",0.4954545455,0.48987904990000003,0.4954545455,0.48987904990000003,0.4954545455,"[[66, 44], [67, 43]]","['keloid', 'non_keloid']"
keloid_binary,leave_accession_out_GSE163973,modules_rank_plus_expanded,quantile_rank,elastic_net_logreg,166,220,"{'keloid': 96, 'non_keloid': 70}","{'keloid': 110, 'non_keloid': 110}",0.6545454545,0.6540880503000001,0.6545454545,0.6540880503000001,0.7207438017000001,"[[76, 34], [42, 68]]","['keloid', 'non_keloid']"
keloid_binary,leave_accession_out_GSE163973,modules_rank_plus_expanded,quantile_rank,linear_svm,166,220,"{'keloid': 96, 'non_keloid': 70}","{'keloid': 110, 'non_keloid': 110}",0.6181818182000001,0.6180555556,0.6181818182000001,0.6180555556,0.7117355372,"[[70, 40], [44, 66]]","['keloid', 'non_keloid']"
keloid_binary,leave_accession_out_GSE163973,modules_rank_plus_expanded,quantile_rank,random_forest,166,220,"{'keloid': 96, 'non_keloid': 70}","{'keloid': 110, 'non_keloid': 110}",0.6090909091000001,0.5995258657,0.6090909091000001,0.5995258657,0.6685123967000001,"[[84, 26], [60, 50]]","['keloid', 'non_keloid']"
keloid_binary,leave_accession_out_GSE163973,modules_rank_plus_expanded,quantile_rank,hist_gradient_boosting,166,220,"{'keloid': 96, 'non_keloid': 70}","{'keloid': 110, 'non_keloid': 110}",0.6136363636000001,0.6122825569,0.6136363636000001,0.6122825569,0.6550826446,"[[74, 36], [49, 61]]","['keloid', 'non_keloid']"
keloid_binary,leave_accession_out_GSE163973,modules_rank_plus_expanded,quantile_rank,knn,166,220,"{'keloid': 96, 'non_keloid': 70}","{'keloid': 110, 'non_keloid': 110}",0.6590909091,0.6553236824,0.6590909091,0.6553236824,0.6833884298,"[[84, 26], [49, 61]]","['keloid', 'non_keloid']"
keloid_binary,leave_accession_out_GSE163973,modules_rank_plus_expanded,quantile_rank,small_mlp,166,220,"{'keloid': 96, 'non_keloid': 70}","{'keloid': 110, 'non_keloid': 110}",0.6681818182,0.6536927224,0.6681818182,0.6536927224,0.737107438,"[[96, 14], [59, 51]]","['keloid', 'non_keloid']"
keloid_binary,leave_accession_out_GSE163973,modules_rank_only,quantile_rank,majority,166,220,"{'keloid': 96, 'non_keloid': 70}","{'keloid': 110, 'non_keloid': 110}",0.5,0.33333333330000003,0.5,0.33333333330000003,0.5,"[[110, 0], [110, 0]]","['keloid', 'non_keloid']"
keloid_binary,leave_accession_out_GSE163973,modules_rank_only,quantile_rank,stratified_random,166,220,"{'keloid': 96, 'non_keloid': 70}","{'keloid': 110, 'non_keloid': 110}",0.4954545455,0.48987904990000003,0.4954545455,0.48987904990000003,0.4954545455,"[[66, 44], [67, 43]]","['keloid', 'non_keloid']"
keloid_binary,leave_accession_out_GSE163973,modules_rank_only,quantile_rank,elastic_net_logreg,166,220,"{'keloid': 96, 'non_keloid': 70}","{'keloid': 110, 'non_keloid': 110}",0.6590909091,0.658519423,0.6590909091,0.658519423,0.7243801653,"[[77, 33], [42, 68]]","['keloid', 'non_keloid']"
keloid_binary,leave_accession_out_GSE163973,modules_rank_only,quantile_rank,linear_svm,166,220,"{'keloid': 96, 'non_keloid': 70}","{'keloid': 110, 'non_keloid': 110}",0.6454545455,0.6451906377000001,0.6454545455,0.6451906377000001,0.7180165289,"[[74, 36], [42, 68]]","['keloid', 'non_keloid']"
keloid_binary,leave_accession_out_GSE163973,modules_rank_only,quantile_rank,random_forest,166,220,"{'keloid': 96, 'non_keloid': 70}","{'keloid': 110, 'non_keloid': 110}",0.6545454545,0.648,0.6545454545,0.648,0.6990909091,"[[87, 23], [53, 57]]","['keloid', 'non_keloid']"
keloid_binary,leave_accession_out_GSE163973,modules_rank_only,quantile_rank,hist_gradient_boosting,166,220,"{'keloid': 96, 'non_keloid': 70}","{'keloid': 110, 'non_keloid': 110}",0.6409090909,0.6396508470000001,0.6409090909,0.6396508470000001,0.6867355372,"[[77, 33], [46, 64]]","['keloid', 'non_keloid']"
keloid_binary,leave_accession_out_GSE163973,modules_rank_only,quantile_rank,knn,166,220,"{'keloid': 96, 'non_keloid': 70}","{'keloid': 110, 'non_keloid': 110}",0.6863636364,0.6808175109,0.6863636364,0.6808175109,0.7043801653,"[[90, 20], [49, 61]]","['keloid', 'non_keloid']"
keloid_binary,leave_accession_out_GSE163973,modules_rank_only,quantile_rank,small_mlp,166,220,"{'keloid': 96, 'non_keloid': 70}","{'keloid': 110, 'non_keloid': 110}",0.4590909091,0.4283717985,0.4590909091,0.4283717985,0.6139669421,"[[76, 34], [85, 25]]","['keloid', 'non_keloid']"
keloid_binary,leave_accession_out_GSE163973,published_markers_only,quantile_rank,majority,166,220,"{'keloid': 96, 'non_keloid': 70}","{'keloid': 110, 'non_keloid': 110}",0.5,0.33333333330000003,0.5,0.33333333330000003,0.5,"[[110, 0], [110, 0]]","['keloid', 'non_keloid']"
keloid_binary,leave_accession_out_GSE163973,published_markers_only,quantile_rank,stratified_random,166,220,"{'keloid': 96, 'non_keloid': 70}","{'keloid': 110, 'non_keloid': 110}",0.4954545455,0.48987904990000003,0.4954545455,0.48987904990000003,0.4954545455,"[[66, 44], [67, 43]]","['keloid', 'non_keloid']"
keloid_binary,leave_accession_out_GSE163973,published_markers_only,quantile_rank,elastic_net_logreg,166,220,"{'keloid': 96, 'non_keloid': 70}","{'keloid': 110, 'non_keloid': 110}",0.6272727273,0.6269952857000001,0.6272727273,0.6269952857000001,0.6866942149,"[[72, 38], [44, 66]]","['keloid', 'non_keloid']"
keloid_binary,leave_accession_out_GSE163973,published_markers_only,quantile_rank,linear_svm,166,220,"{'keloid': 96, 'non_keloid': 70}","{'keloid': 110, 'non_keloid': 110}",0.5772727273,0.5752983913,0.5772727273,0.5752983913,0.6838016529000001,"[[71, 39], [54, 56]]","['keloid', 'non_keloid']"
keloid_binary,leave_accession_out_GSE163973,published_markers_only,quantile_rank,random_forest,166,220,"{'keloid': 96, 'non_keloid': 70}","{'keloid': 110, 'non_keloid': 110}",0.6818181818,0.6749408983,0.6818181818,0.6749408983,0.7603305785000001,"[[91, 19], [51, 59]]","['keloid', 'non_keloid']"
keloid_binary,leave_accession_out_GSE163973,published_markers_only,quantile_rank,hist_gradient_boosting,166,220,"{'keloid': 96, 'non_keloid': 70}","{'keloid': 110, 'non_keloid': 110}",0.6227272727000001,0.6169578989,0.6227272727000001,0.6169578989,0.6987603306,"[[82, 28], [55, 55]]","['keloid', 'non_keloid']"
keloid_binary,leave_accession_out_GSE163973,published_markers_only,quantile_rank,knn,166,220,"{'keloid': 96, 'non_keloid': 70}","{'keloid': 110, 'non_keloid': 110}",0.47727272730000003,0.47149631300000006,0.47727272730000003,0.47149631300000006,0.434214876,"[[64, 46], [69, 41]]","['keloid', 'non_keloid']"
keloid_binary,leave_accession_out_GSE163973,published_markers_only,quantile_rank,small_mlp,166,220,"{'keloid': 96, 'non_keloid': 70}","{'keloid': 110, 'non_keloid': 110}",0.6318181818,0.6308954204,0.6318181818,0.6308954204,0.7051239669,"[[75, 35], [46, 64]]","['keloid', 'non_keloid']"
keloid_binary,leave_accession_out_GSE163973,expanded_profibrotic_only,quantile_rank,majority,166,220,"{'keloid': 96, 'non_keloid': 70}","{'keloid': 110, 'non_keloid': 110}",0.5,0.33333333330000003,0.5,0.33333333330000003,0.5,"[[110, 0], [110, 0]]","['keloid', 'non_keloid']"
keloid_binary,leave_accession_out_GSE163973,expanded_profibrotic_only,quantile_rank,stratified_random,166,220,"{'keloid': 96, 'non_keloid': 70}","{'keloid': 110, 'non_keloid': 110}",0.4954545455,0.48987904990000003,0.4954545455,0.48987904990000003,0.4954545455,"[[66, 44], [67, 43]]","['keloid', 'non_keloid']"
keloid_binary,leave_accession_out_GSE163973,expanded_profibrotic_only,quantile_rank,elastic_net_logreg,166,220,"{'keloid': 96, 'non_keloid': 70}","{'keloid': 110, 'non_keloid': 110}",0.6363636364,0.6363636364,0.6363636364,0.6363636364,0.7394628099,"[[70, 40], [40, 70]]","['keloid', 'non_keloid']"
keloid_binary,leave_accession_out_GSE163973,expanded_profibrotic_only,quantile_rank,linear_svm,166,220,"{'keloid': 96, 'non_keloid': 70}","{'keloid': 110, 'non_keloid': 110}",0.6363636364,0.6363636364,0.6363636364,0.6363636364,0.7394628099,"[[70, 40], [40, 70]]","['keloid', 'non_keloid']"
keloid_binary,leave_accession_out_GSE163973,expanded_profibrotic_only,quantile_rank,random_forest,166,220,"{'keloid': 96, 'non_keloid': 70}","{'keloid': 110, 'non_keloid': 110}",0.5318181818000001,0.5310333409,0.5318181818000001,0.5310333409,0.5304132231,"[[63, 47], [56, 54]]","['keloid', 'non_keloid']"
keloid_binary,leave_accession_out_GSE163973,expanded_profibrotic_only,quantile_rank,hist_gradient_boosting,166,220,"{'keloid': 96, 'non_keloid': 70}","{'keloid': 110, 'non_keloid': 110}",0.6318181818,0.6296065349000001,0.6318181818,0.6296065349000001,0.6139669421,"[[78, 32], [49, 61]]","['keloid', 'non_keloid']"
keloid_binary,leave_accession_out_GSE163973,expanded_profibrotic_only,quantile_rank,knn,166,220,"{'keloid': 96, 'non_keloid': 70}","{'keloid': 110, 'non_keloid': 110}",0.5545454545,0.5536231884,0.5545454545,0.5536231884,0.5449586777000001,"[[66, 44], [54, 56]]","['keloid', 'non_keloid']"
keloid_binary,leave_accession_out_GSE163973,expanded_profibrotic_only,quantile_rank,small_mlp,166,220,"{'keloid': 96, 'non_keloid': 70}","{'keloid': 110, 'non_keloid': 110}",0.55,0.5284795739,0.55,0.5284795739,0.6761570248000001,"[[84, 26], [73, 37]]","['keloid', 'non_keloid']"
keloid_binary,leave_accession_out_GSE163973,shared_genes,quantile_rank,majority,166,220,"{'keloid': 96, 'non_keloid': 70}","{'keloid': 110, 'non_keloid': 110}",0.5,0.33333333330000003,0.5,0.33333333330000003,0.5,"[[110, 0], [110, 0]]","['keloid', 'non_keloid']"
keloid_binary,leave_accession_out_GSE163973,shared_genes,quantile_rank,stratified_random,166,220,"{'keloid': 96, 'non_keloid': 70}","{'keloid': 110, 'non_keloid': 110}",0.4954545455,0.48987904990000003,0.4954545455,0.48987904990000003,0.4954545455,"[[66, 44], [67, 43]]","['keloid', 'non_keloid']"
keloid_binary,leave_accession_out_GSE163973,shared_genes,quantile_rank,elastic_net_logreg,166,220,"{'keloid': 96, 'non_keloid': 70}","{'keloid': 110, 'non_keloid': 110}",0.5454545455,0.5451162021,0.5454545455,0.5451162021,0.6058677686,"[[57, 53], [47, 63]]","['keloid', 'non_keloid']"
keloid_binary,leave_accession_out_GSE163973,shared_genes,quantile_rank,linear_svm,166,220,"{'keloid': 96, 'non_keloid': 70}","{'keloid': 110, 'non_keloid': 110}",0.6045454545,0.6038825307,0.6045454545,0.6038825307,0.6469421488,"[[62, 48], [39, 71]]","['keloid', 'non_keloid']"
keloid_binary,leave_accession_out_GSE163973,shared_genes,quantile_rank,random_forest,166,220,"{'keloid': 96, 'non_keloid': 70}","{'keloid': 110, 'non_keloid': 110}",0.5318181818000001,0.46645946650000003,0.5318181818000001,0.46645946650000003,0.6832231405,"[[97, 13], [90, 20]]","['keloid', 'non_keloid']"
keloid_binary,leave_accession_out_GSE163973,shared_genes,quantile_rank,hist_gradient_boosting,166,220,"{'keloid': 96, 'non_keloid': 70}","{'keloid': 110, 'non_keloid': 110}",0.5272727273,0.5142663043,0.5272727273,0.5142663043,0.6037190083,"[[76, 34], [70, 40]]","['keloid', 'non_keloid']"
keloid_binary,leave_accession_out_GSE163973,shared_genes,quantile_rank,knn,166,220,"{'keloid': 96, 'non_keloid': 70}","{'keloid': 110, 'non_keloid': 110}",0.39545454550000003,0.37975622680000004,0.39545454550000003,0.37975622680000004,0.4032644628,"[[61, 49], [84, 26]]","['keloid', 'non_keloid']"
keloid_binary,leave_accession_out_GSE181297,modules_rank_plus_expanded,quantile_rank,majority,379,7,"{'non_keloid': 210, 'keloid': 169}","{'keloid': 4, 'non_keloid': 3}",0.4285714286,0.2571428571,0.5,0.30000000000000004,0.5,"[[0, 4], [0, 3]]","['keloid', 'non_keloid']"
keloid_binary,leave_accession_out_GSE181297,modules_rank_plus_expanded,quantile_rank,stratified_random,379,7,"{'non_keloid': 210, 'keloid': 169}","{'keloid': 4, 'non_keloid': 3}",0.5714285714,0.5523809524000001,0.5416666667,0.5333333333,0.5416666667,"[[3, 1], [2, 1]]","['keloid', 'non_keloid']"
keloid_binary,leave_accession_out_GSE181297,modules_rank_plus_expanded,quantile_rank,elastic_net_logreg,379,7,"{'non_keloid': 210, 'keloid': 169}","{'keloid': 4, 'non_keloid': 3}",1.0,1.0,1.0,1.0,1.0,"[[4, 0], [0, 3]]","['keloid', 'non_keloid']"
keloid_binary,leave_accession_out_GSE181297,modules_rank_plus_expanded,quantile_rank,linear_svm,379,7,"{'non_keloid': 210, 'keloid': 169}","{'keloid': 4, 'non_keloid': 3}",1.0,1.0,1.0,1.0,1.0,"[[4, 0], [0, 3]]","['keloid', 'non_keloid']"
keloid_binary,leave_accession_out_GSE181297,modules_rank_plus_expanded,quantile_rank,random_forest,379,7,"{'non_keloid': 210, 'keloid': 169}","{'keloid': 4, 'non_keloid': 3}",1.0,1.0,1.0,1.0,1.0,"[[4, 0], [0, 3]]","['keloid', 'non_keloid']"
keloid_binary,leave_accession_out_GSE181297,modules_rank_plus_expanded,quantile_rank,hist_gradient_boosting,379,7,"{'non_keloid': 210, 'keloid': 169}","{'keloid': 4, 'non_keloid': 3}",0.7142857143,0.7142857143,0.7083333333,0.7083333333,0.9166666667000001,"[[3, 1], [1, 2]]","['keloid', 'non_keloid']"
keloid_binary,leave_accession_out_GSE181297,modules_rank_plus_expanded,quantile_rank,knn,379,7,"{'non_keloid': 210, 'keloid': 169}","{'keloid': 4, 'non_keloid': 3}",0.7142857143,0.7142857143,0.7083333333,0.7083333333,0.7916666667000001,"[[3, 1], [1, 2]]","['keloid', 'non_keloid']"
keloid_binary,leave_accession_out_GSE181297,modules_rank_plus_expanded,quantile_rank,small_mlp,379,7,"{'non_keloid': 210, 'keloid': 169}","{'keloid': 4, 'non_keloid': 3}",1.0,1.0,1.0,1.0,1.0,"[[4, 0], [0, 3]]","['keloid', 'non_keloid']"
keloid_binary,leave_accession_out_GSE181297,modules_rank_only,quantile_rank,majority,379,7,"{'non_keloid': 210, 'keloid': 169}","{'keloid': 4, 'non_keloid': 3}",0.4285714286,0.2571428571,0.5,0.30000000000000004,0.5,"[[0, 4], [0, 3]]","['keloid', 'non_keloid']"
keloid_binary,leave_accession_out_GSE181297,modules_rank_only,quantile_rank,stratified_random,379,7,"{'non_keloid': 210, 'keloid': 169}","{'keloid': 4, 'non_keloid': 3}",0.5714285714,0.5523809524000001,0.5416666667,0.5333333333,0.5416666667,"[[3, 1], [2, 1]]","['keloid', 'non_keloid']"
keloid_binary,leave_accession_out_GSE181297,modules_rank_only,quantile_rank,elastic_net_logreg,379,7,"{'non_keloid': 210, 'keloid': 169}","{'keloid': 4, 'non_keloid': 3}",1.0,1.0,1.0,1.0,1.0,"[[4, 0], [0, 3]]","['keloid', 'non_keloid']"
keloid_binary,leave_accession_out_GSE181297,modules_rank_only,quantile_rank,linear_svm,379,7,"{'non_keloid': 210, 'keloid': 169}","{'keloid': 4, 'non_keloid': 3}",1.0,1.0,1.0,1.0,1.0,"[[4, 0], [0, 3]]","['keloid', 'non_keloid']"
keloid_binary,leave_accession_out_GSE181297,modules_rank_only,quantile_rank,random_forest,379,7,"{'non_keloid': 210, 'keloid': 169}","{'keloid': 4, 'non_keloid': 3}",1.0,1.0,1.0,1.0,1.0,"[[4, 0], [0, 3]]","['keloid', 'non_keloid']"
keloid_binary,leave_accession_out_GSE181297,modules_rank_only,quantile_rank,hist_gradient_boosting,379,7,"{'non_keloid': 210, 'keloid': 169}","{'keloid': 4, 'non_keloid': 3}",0.8571428571,0.8571428571,0.875,0.8571428571,0.8333333333,"[[3, 1], [0, 3]]","['keloid', 'non_keloid']"
keloid_binary,leave_accession_out_GSE181297,modules_rank_only,quantile_rank,knn,379,7,"{'non_keloid': 210, 'keloid': 169}","{'keloid': 4, 'non_keloid': 3}",0.7142857143,0.7142857143,0.7083333333,0.7083333333,0.75,"[[3, 1], [1, 2]]","['keloid', 'non_keloid']"
keloid_binary,leave_accession_out_GSE181297,modules_rank_only,quantile_rank,small_mlp,379,7,"{'non_keloid': 210, 'keloid': 169}","{'keloid': 4, 'non_keloid': 3}",1.0,1.0,1.0,1.0,1.0,"[[4, 0], [0, 3]]","['keloid', 'non_keloid']"
keloid_binary,leave_accession_out_GSE181297,published_markers_only,quantile_rank,majority,379,7,"{'non_keloid': 210, 'keloid': 169}","{'keloid': 4, 'non_keloid': 3}",0.4285714286,0.2571428571,0.5,0.30000000000000004,0.5,"[[0, 4], [0, 3]]","['keloid', 'non_keloid']"
keloid_binary,leave_accession_out_GSE181297,published_markers_only,quantile_rank,stratified_random,379,7,"{'non_keloid': 210, 'keloid': 169}","{'keloid': 4, 'non_keloid': 3}",0.5714285714,0.5523809524000001,0.5416666667,0.5333333333,0.5416666667,"[[3, 1], [2, 1]]","['keloid', 'non_keloid']"
keloid_binary,leave_accession_out_GSE181297,published_markers_only,quantile_rank,elastic_net_logreg,379,7,"{'non_keloid': 210, 'keloid': 169}","{'keloid': 4, 'non_keloid': 3}",1.0,1.0,1.0,1.0,1.0,"[[4, 0], [0, 3]]","['keloid', 'non_keloid']"
keloid_binary,leave_accession_out_GSE181297,published_markers_only,quantile_rank,linear_svm,379,7,"{'non_keloid': 210, 'keloid': 169}","{'keloid': 4, 'non_keloid': 3}",1.0,1.0,1.0,1.0,1.0,"[[4, 0], [0, 3]]","['keloid', 'non_keloid']"
keloid_binary,leave_accession_out_GSE181297,published_markers_only,quantile_rank,random_forest,379,7,"{'non_keloid': 210, 'keloid': 169}","{'keloid': 4, 'non_keloid': 3}",1.0,1.0,1.0,1.0,1.0,"[[4, 0], [0, 3]]","['keloid', 'non_keloid']"
keloid_binary,leave_accession_out_GSE181297,published_markers_only,quantile_rank,hist_gradient_boosting,379,7,"{'non_keloid': 210, 'keloid': 169}","{'keloid': 4, 'non_keloid': 3}",0.8571428571,0.8507936508,0.8333333333,0.8444444444,1.0,"[[4, 0], [1, 2]]","['keloid', 'non_keloid']"
keloid_binary,leave_accession_out_GSE181297,published_markers_only,quantile_rank,knn,379,7,"{'non_keloid': 210, 'keloid': 169}","{'keloid': 4, 'non_keloid': 3}",0.7142857143,0.7142857143,0.7083333333,0.7083333333,0.875,"[[3, 1], [1, 2]]","['keloid', 'non_keloid']"
keloid_binary,leave_accession_out_GSE181297,published_markers_only,quantile_rank,small_mlp,379,7,"{'non_keloid': 210, 'keloid': 169}","{'keloid': 4, 'non_keloid': 3}",0.7142857143,0.7142857143,0.7083333333,0.7083333333,0.75,"[[3, 1], [1, 2]]","['keloid', 'non_keloid']"
keloid_binary,leave_accession_out_GSE181297,expanded_profibrotic_only,quantile_rank,majority,379,7,"{'non_keloid': 210, 'keloid': 169}","{'keloid': 4, 'non_keloid': 3}",0.4285714286,0.2571428571,0.5,0.30000000000000004,0.5,"[[0, 4], [0, 3]]","['keloid', 'non_keloid']"
keloid_binary,leave_accession_out_GSE181297,expanded_profibrotic_only,quantile_rank,stratified_random,379,7,"{'non_keloid': 210, 'keloid': 169}","{'keloid': 4, 'non_keloid': 3}",0.5714285714,0.5523809524000001,0.5416666667,0.5333333333,0.5416666667,"[[3, 1], [2, 1]]","['keloid', 'non_keloid']"
keloid_binary,leave_accession_out_GSE181297,expanded_profibrotic_only,quantile_rank,elastic_net_logreg,379,7,"{'non_keloid': 210, 'keloid': 169}","{'keloid': 4, 'non_keloid': 3}",0.7142857143,0.7142857143,0.7083333333,0.7083333333,0.875,"[[3, 1], [1, 2]]","['keloid', 'non_keloid']"
keloid_binary,leave_accession_out_GSE181297,expanded_profibrotic_only,quantile_rank,linear_svm,379,7,"{'non_keloid': 210, 'keloid': 169}","{'keloid': 4, 'non_keloid': 3}",0.7142857143,0.7142857143,0.7083333333,0.7083333333,0.875,"[[3, 1], [1, 2]]","['keloid', 'non_keloid']"
keloid_binary,leave_accession_out_GSE181297,expanded_profibrotic_only,quantile_rank,random_forest,379,7,"{'non_keloid': 210, 'keloid': 169}","{'keloid': 4, 'non_keloid': 3}",0.7142857143,0.7142857143,0.7083333333,0.7083333333,0.625,"[[3, 1], [1, 2]]","['keloid', 'non_keloid']"
keloid_binary,leave_accession_out_GSE181297,expanded_profibrotic_only,quantile_rank,hist_gradient_boosting,379,7,"{'non_keloid': 210, 'keloid': 169}","{'keloid': 4, 'non_keloid': 3}",0.7142857143,0.7142857143,0.7083333333,0.7083333333,0.875,"[[3, 1], [1, 2]]","['keloid', 'non_keloid']"
keloid_binary,leave_accession_out_GSE181297,expanded_profibrotic_only,quantile_rank,knn,379,7,"{'non_keloid': 210, 'keloid': 169}","{'keloid': 4, 'non_keloid': 3}",0.5714285714,0.5714285714,0.5833333333,0.5714285714,0.5416666667,"[[2, 2], [1, 2]]","['keloid', 'non_keloid']"
keloid_binary,leave_accession_out_GSE181297,expanded_profibrotic_only,quantile_rank,small_mlp,379,7,"{'non_keloid': 210, 'keloid': 169}","{'keloid': 4, 'non_keloid': 3}",0.7142857143,0.7142857143,0.7083333333,0.7083333333,0.8333333333,"[[3, 1], [1, 2]]","['keloid', 'non_keloid']"
keloid_binary,leave_accession_out_GSE181297,shared_genes,quantile_rank,majority,379,7,"{'non_keloid': 210, 'keloid': 169}","{'keloid': 4, 'non_keloid': 3}",0.4285714286,0.2571428571,0.5,0.30000000000000004,0.5,"[[0, 4], [0, 3]]","['keloid', 'non_keloid']"
keloid_binary,leave_accession_out_GSE181297,shared_genes,quantile_rank,stratified_random,379,7,"{'non_keloid': 210, 'keloid': 169}","{'keloid': 4, 'non_keloid': 3}",0.5714285714,0.5523809524000001,0.5416666667,0.5333333333,0.5416666667,"[[3, 1], [2, 1]]","['keloid', 'non_keloid']"
keloid_binary,leave_accession_out_GSE181297,shared_genes,quantile_rank,elastic_net_logreg,379,7,"{'non_keloid': 210, 'keloid': 169}","{'keloid': 4, 'non_keloid': 3}",0.8571428571,0.8571428571,0.875,0.8571428571,0.9166666667000001,"[[3, 1], [0, 3]]","['keloid', 'non_keloid']"
keloid_binary,leave_accession_out_GSE181297,shared_genes,quantile_rank,linear_svm,379,7,"{'non_keloid': 210, 'keloid': 169}","{'keloid': 4, 'non_keloid': 3}",0.7142857143,0.6714285714,0.6666666667000001,0.65,0.5,"[[4, 0], [2, 1]]","['keloid', 'non_keloid']"
keloid_binary,leave_accession_out_GSE181297,shared_genes,quantile_rank,random_forest,379,7,"{'non_keloid': 210, 'keloid': 169}","{'keloid': 4, 'non_keloid': 3}",0.7142857143,0.7023809524,0.75,0.7083333333,1.0,"[[2, 2], [0, 3]]","['keloid', 'non_keloid']"
keloid_binary,leave_accession_out_GSE181297,shared_genes,quantile_rank,hist_gradient_boosting,379,7,"{'non_keloid': 210, 'keloid': 169}","{'keloid': 4, 'non_keloid': 3}",0.7142857143,0.7142857143,0.7083333333,0.7083333333,0.6666666667000001,"[[3, 1], [1, 2]]","['keloid', 'non_keloid']"
keloid_binary,leave_accession_out_GSE181297,shared_genes,quantile_rank,knn,379,7,"{'non_keloid': 210, 'keloid': 169}","{'keloid': 4, 'non_keloid': 3}",0.7142857143,0.7023809524,0.75,0.7083333333,0.5,"[[2, 2], [0, 3]]","['keloid', 'non_keloid']"
keloid_binary,leave_accession_out_GSE188952,modules_rank_plus_expanded,quantile_rank,majority,333,12,"{'non_keloid': 201, 'keloid': 132}","{'non_keloid': 8, 'keloid': 4}",0.6666666667000001,0.5333333333,0.5,0.4,0.5,"[[0, 4], [0, 8]]","['keloid', 'non_keloid']"
keloid_binary,leave_accession_out_GSE188952,modules_rank_plus_expanded,quantile_rank,stratified_random,333,12,"{'non_keloid': 201, 'keloid': 132}","{'non_keloid': 8, 'keloid': 4}",0.5,0.5,0.5625,0.5,0.5625,"[[3, 1], [5, 3]]","['keloid', 'non_keloid']"
keloid_binary,leave_accession_out_GSE188952,modules_rank_plus_expanded,quantile_rank,elastic_net_logreg,333,12,"{'non_keloid': 201, 'keloid': 132}","{'non_keloid': 8, 'keloid': 4}",0.1666666667,0.1904761905,0.125,0.1428571429,0.0625,"[[0, 4], [6, 2]]","['keloid', 'non_keloid']"
keloid_binary,leave_accession_out_GSE188952,modules_rank_plus_expanded,quantile_rank,linear_svm,333,12,"{'non_keloid': 201, 'keloid': 132}","{'non_keloid': 8, 'keloid': 4}",0.1666666667,0.1904761905,0.125,0.1428571429,0.0625,"[[0, 4], [6, 2]]","['keloid', 'non_keloid']"
keloid_binary,leave_accession_out_GSE188952,modules_rank_plus_expanded,quantile_rank,random_forest,333,12,"{'non_keloid': 201, 'keloid': 132}","{'non_keloid': 8, 'keloid': 4}",0.33333333330000003,0.33333333330000003,0.25,0.25,0.125,"[[0, 4], [4, 4]]","['keloid', 'non_keloid']"
keloid_binary,leave_accession_out_GSE188952,modules_rank_plus_expanded,quantile_rank,hist_gradient_boosting,333,12,"{'non_keloid': 201, 'keloid': 132}","{'non_keloid': 8, 'keloid': 4}",0.4166666667,0.3921568627,0.3125,0.2941176471,0.15625,"[[0, 4], [3, 5]]","['keloid', 'non_keloid']"
keloid_binary,leave_accession_out_GSE188952,modules_rank_plus_expanded,quantile_rank,knn,333,12,"{'non_keloid': 201, 'keloid': 132}","{'non_keloid': 8, 'keloid': 4}",0.4166666667,0.3921568627,0.3125,0.2941176471,0.140625,"[[0, 4], [3, 5]]","['keloid', 'non_keloid']"
keloid_binary,leave_accession_out_GSE188952,modules_rank_plus_expanded,quantile_rank,small_mlp,333,12,"{'non_keloid': 201, 'keloid': 132}","{'non_keloid': 8, 'keloid': 4}",0.25,0.2657342657,0.25,0.24475524480000002,0.1875,"[[1, 3], [6, 2]]","['keloid', 'non_keloid']"
keloid_binary,leave_accession_out_GSE188952,modules_rank_only,quantile_rank,majority,333,12,"{'non_keloid': 201, 'keloid': 132}","{'non_keloid': 8, 'keloid': 4}",0.6666666667000001,0.5333333333,0.5,0.4,0.5,"[[0, 4], [0, 8]]","['keloid', 'non_keloid']"
keloid_binary,leave_accession_out_GSE188952,modules_rank_only,quantile_rank,stratified_random,333,12,"{'non_keloid': 201, 'keloid': 132}","{'non_keloid': 8, 'keloid': 4}",0.5,0.5,0.5625,0.5,0.5625,"[[3, 1], [5, 3]]","['keloid', 'non_keloid']"
keloid_binary,leave_accession_out_GSE188952,modules_rank_only,quantile_rank,elastic_net_logreg,333,12,"{'non_keloid': 201, 'keloid': 132}","{'non_keloid': 8, 'keloid': 4}",0.25,0.2657342657,0.25,0.24475524480000002,0.0625,"[[1, 3], [6, 2]]","['keloid', 'non_keloid']"
keloid_binary,leave_accession_out_GSE188952,modules_rank_only,quantile_rank,linear_svm,333,12,"{'non_keloid': 201, 'keloid': 132}","{'non_keloid': 8, 'keloid': 4}",0.25,0.2657342657,0.25,0.24475524480000002,0.0625,"[[1, 3], [6, 2]]","['keloid', 'non_keloid']"
keloid_binary,leave_accession_out_GSE188952,modules_rank_only,quantile_rank,random_forest,333,12,"{'non_keloid': 201, 'keloid': 132}","{'non_keloid': 8, 'keloid': 4}",0.33333333330000003,0.33333333330000003,0.25,0.25,0.125,"[[0, 4], [4, 4]]","['keloid', 'non_keloid']"
keloid_binary,leave_accession_out_GSE188952,modules_rank_only,quantile_rank,hist_gradient_boosting,333,12,"{'non_keloid': 201, 'keloid': 132}","{'non_keloid': 8, 'keloid': 4}",0.33333333330000003,0.33333333330000003,0.25,0.25,0.09375000000000001,"[[0, 4], [4, 4]]","['keloid', 'non_keloid']"
keloid_binary,leave_accession_out_GSE188952,modules_rank_only,quantile_rank,knn,333,12,"{'non_keloid': 201, 'keloid': 132}","{'non_keloid': 8, 'keloid': 4}",0.4166666667,0.3921568627,0.3125,0.2941176471,0.203125,"[[0, 4], [3, 5]]","['keloid', 'non_keloid']"
keloid_binary,leave_accession_out_GSE188952,modules_rank_only,quantile_rank,small_mlp,333,12,"{'non_keloid': 201, 'keloid': 132}","{'non_keloid': 8, 'keloid': 4}",0.33333333330000003,0.33333333330000003,0.25,0.25,0.125,"[[0, 4], [4, 4]]","['keloid', 'non_keloid']"
keloid_binary,leave_accession_out_GSE188952,published_markers_only,quantile_rank,majority,333,12,"{'non_keloid': 201, 'keloid': 132}","{'non_keloid': 8, 'keloid': 4}",0.6666666667000001,0.5333333333,0.5,0.4,0.5,"[[0, 4], [0, 8]]","['keloid', 'non_keloid']"
keloid_binary,leave_accession_out_GSE188952,published_markers_only,quantile_rank,stratified_random,333,12,"{'non_keloid': 201, 'keloid': 132}","{'non_keloid': 8, 'keloid': 4}",0.5,0.5,0.5625,0.5,0.5625,"[[3, 1], [5, 3]]","['keloid', 'non_keloid']"
keloid_binary,leave_accession_out_GSE188952,published_markers_only,quantile_rank,elastic_net_logreg,333,12,"{'non_keloid': 201, 'keloid': 132}","{'non_keloid': 8, 'keloid': 4}",0.5,0.5142857143,0.5,0.4857142857,0.40625000000000006,"[[2, 2], [4, 4]]","['keloid', 'non_keloid']"
keloid_binary,leave_accession_out_GSE188952,published_markers_only,quantile_rank,linear_svm,333,12,"{'non_keloid': 201, 'keloid': 132}","{'non_keloid': 8, 'keloid': 4}",0.4166666667,0.4296296296,0.375,0.3777777778,0.4375,"[[1, 3], [4, 4]]","['keloid', 'non_keloid']"
keloid_binary,leave_accession_out_GSE188952,published_markers_only,quantile_rank,random_forest,333,12,"{'non_keloid': 201, 'keloid': 132}","{'non_keloid': 8, 'keloid': 4}",0.5,0.4444444444,0.375,0.33333333330000003,0.125,"[[0, 4], [2, 6]]","['keloid', 'non_keloid']"
keloid_binary,leave_accession_out_GSE188952,published_markers_only,quantile_rank,hist_gradient_boosting,333,12,"{'non_keloid': 201, 'keloid': 132}","{'non_keloid': 8, 'keloid': 4}",0.5833333333,0.5658263305,0.5,0.4957983193,0.34375000000000006,"[[1, 3], [2, 6]]","['keloid', 'non_keloid']"
keloid_binary,leave_accession_out_GSE188952,published_markers_only,quantile_rank,knn,333,12,"{'non_keloid': 201, 'keloid': 132}","{'non_keloid': 8, 'keloid': 4}",0.4166666667,0.4296296296,0.375,0.3777777778,0.25,"[[1, 3], [4, 4]]","['keloid', 'non_keloid']"
keloid_binary,leave_accession_out_GSE188952,published_markers_only,quantile_rank,small_mlp,333,12,"{'non_keloid': 201, 'keloid': 132}","{'non_keloid': 8, 'keloid': 4}",0.5,0.5,0.4375,0.4375,0.375,"[[1, 3], [3, 5]]","['keloid', 'non_keloid']"
keloid_binary,leave_accession_out_GSE188952,expanded_profibrotic_only,quantile_rank,majority,333,12,"{'non_keloid': 201, 'keloid': 132}","{'non_keloid': 8, 'keloid': 4}",0.6666666667000001,0.5333333333,0.5,0.4,0.5,"[[0, 4], [0, 8]]","['keloid', 'non_keloid']"
keloid_binary,leave_accession_out_GSE188952,expanded_profibrotic_only,quantile_rank,stratified_random,333,12,"{'non_keloid': 201, 'keloid': 132}","{'non_keloid': 8, 'keloid': 4}",0.5,0.5,0.5625,0.5,0.5625,"[[3, 1], [5, 3]]","['keloid', 'non_keloid']"
keloid_binary,leave_accession_out_GSE188952,expanded_profibrotic_only,quantile_rank,elastic_net_logreg,333,12,"{'non_keloid': 201, 'keloid': 132}","{'non_keloid': 8, 'keloid': 4}",0.5,0.5142857143,0.5,0.4857142857,0.40625000000000006,"[[2, 2], [4, 4]]","['keloid', 'non_keloid']"
keloid_binary,leave_accession_out_GSE188952,expanded_profibrotic_only,quantile_rank,linear_svm,333,12,"{'non_keloid': 201, 'keloid': 132}","{'non_keloid': 8, 'keloid': 4}",0.5,0.5142857143,0.5,0.4857142857,0.40625000000000006,"[[2, 2], [4, 4]]","['keloid', 'non_keloid']"
keloid_binary,leave_accession_out_GSE188952,expanded_profibrotic_only,quantile_rank,random_forest,333,12,"{'non_keloid': 201, 'keloid': 132}","{'non_keloid': 8, 'keloid': 4}",0.6666666667000001,0.6761904762000001,0.6875,0.6571428571,0.53125,"[[3, 1], [3, 5]]","['keloid', 'non_keloid']"
keloid_binary,leave_accession_out_GSE188952,expanded_profibrotic_only,quantile_rank,hist_gradient_boosting,333,12,"{'non_keloid': 201, 'keloid': 132}","{'non_keloid': 8, 'keloid': 4}",0.5,0.5,0.4375,0.4375,0.53125,"[[1, 3], [3, 5]]","['keloid', 'non_keloid']"
keloid_binary,leave_accession_out_GSE188952,expanded_profibrotic_only,quantile_rank,knn,333,12,"{'non_keloid': 201, 'keloid': 132}","{'non_keloid': 8, 'keloid': 4}",0.5,0.5142857143,0.5,0.4857142857,0.53125,"[[2, 2], [4, 4]]","['keloid', 'non_keloid']"
keloid_binary,leave_accession_out_GSE188952,expanded_profibrotic_only,quantile_rank,small_mlp,333,12,"{'non_keloid': 201, 'keloid': 132}","{'non_keloid': 8, 'keloid': 4}",0.4166666667,0.4289044289,0.4375,0.41258741260000004,0.4375,"[[2, 2], [5, 3]]","['keloid', 'non_keloid']"
keloid_binary,leave_accession_out_GSE188952,shared_genes,quantile_rank,majority,333,12,"{'non_keloid': 201, 'keloid': 132}","{'non_keloid': 8, 'keloid': 4}",0.6666666667000001,0.5333333333,0.5,0.4,0.5,"[[0, 4], [0, 8]]","['keloid', 'non_keloid']"
keloid_binary,leave_accession_out_GSE188952,shared_genes,quantile_rank,stratified_random,333,12,"{'non_keloid': 201, 'keloid': 132}","{'non_keloid': 8, 'keloid': 4}",0.5,0.5,0.5625,0.5,0.5625,"[[3, 1], [5, 3]]","['keloid', 'non_keloid']"
keloid_binary,leave_accession_out_GSE188952,shared_genes,quantile_rank,elastic_net_logreg,333,12,"{'non_keloid': 201, 'keloid': 132}","{'non_keloid': 8, 'keloid': 4}",0.4166666667,0.4289044289,0.4375,0.41258741260000004,0.4375,"[[2, 2], [5, 3]]","['keloid', 'non_keloid']"
keloid_binary,leave_accession_out_GSE188952,shared_genes,quantile_rank,linear_svm,333,12,"{'non_keloid': 201, 'keloid': 132}","{'non_keloid': 8, 'keloid': 4}",0.5833333333,0.5920745921,0.625,0.5804195804,0.5625,"[[3, 1], [4, 4]]","['keloid', 'non_keloid']"
keloid_binary,leave_accession_out_GSE188952,shared_genes,quantile_rank,random_forest,333,12,"{'non_keloid': 201, 'keloid': 132}","{'non_keloid': 8, 'keloid': 4}",0.4166666667,0.3259259259,0.5625,0.3777777778,0.4375,"[[4, 0], [7, 1]]","['keloid', 'non_keloid']"
keloid_binary,leave_accession_out_GSE188952,shared_genes,quantile_rank,hist_gradient_boosting,333,12,"{'non_keloid': 201, 'keloid': 132}","{'non_keloid': 8, 'keloid': 4}",0.5833333333,0.49122807020000003,0.4375,0.3684210526,0.3125,"[[0, 4], [1, 7]]","['keloid', 'non_keloid']"
keloid_binary,leave_accession_out_GSE188952,shared_genes,quantile_rank,knn,333,12,"{'non_keloid': 201, 'keloid': 132}","{'non_keloid': 8, 'keloid': 4}",0.6666666667000001,0.5333333333,0.5,0.4,0.5625,"[[0, 4], [0, 8]]","['keloid', 'non_keloid']"
keloid_binary,leave_accession_out_GSE44270,modules_rank_plus_expanded,quantile_rank,majority,279,32,"{'non_keloid': 162, 'keloid': 117}","{'keloid': 18, 'non_keloid': 14}",0.4375,0.2663043478,0.5,0.3043478261,0.5,"[[0, 18], [0, 14]]","['keloid', 'non_keloid']"
keloid_binary,leave_accession_out_GSE44270,modules_rank_plus_expanded,quantile_rank,stratified_random,279,32,"{'non_keloid': 162, 'keloid': 117}","{'keloid': 18, 'non_keloid': 14}",0.5625,0.5642156863000001,0.5634920635,0.5607843137,0.5634920635,"[[10, 8], [6, 8]]","['keloid', 'non_keloid']"
keloid_binary,leave_accession_out_GSE44270,modules_rank_plus_expanded,quantile_rank,elastic_net_logreg,279,32,"{'non_keloid': 162, 'keloid': 117}","{'keloid': 18, 'non_keloid': 14}",0.4375,0.2663043478,0.5,0.3043478261,0.5,"[[0, 18], [0, 14]]","['keloid', 'non_keloid']"
keloid_binary,leave_accession_out_GSE44270,modules_rank_plus_expanded,quantile_rank,linear_svm,279,32,"{'non_keloid': 162, 'keloid': 117}","{'keloid': 18, 'non_keloid': 14}",0.4375,0.2663043478,0.5,0.3043478261,0.5,"[[0, 18], [0, 14]]","['keloid', 'non_keloid']"
keloid_binary,leave_accession_out_GSE44270,modules_rank_plus_expanded,quantile_rank,random_forest,279,32,"{'non_keloid': 162, 'keloid': 117}","{'keloid': 18, 'non_keloid': 14}",0.5625,0.405,0.5,0.36,0.5,"[[18, 0], [14, 0]]","['keloid', 'non_keloid']"
keloid_binary,leave_accession_out_GSE44270,modules_rank_plus_expanded,quantile_rank,hist_gradient_boosting,279,32,"{'non_keloid': 162, 'keloid': 117}","{'keloid': 18, 'non_keloid': 14}",0.5625,0.405,0.5,0.36,0.5,"[[18, 0], [14, 0]]","['keloid', 'non_keloid']"
keloid_binary,leave_accession_out_GSE44270,modules_rank_plus_expanded,quantile_rank,knn,279,32,"{'non_keloid': 162, 'keloid': 117}","{'keloid': 18, 'non_keloid': 14}",0.5625,0.405,0.5,0.36,0.5,"[[18, 0], [14, 0]]","['keloid', 'non_keloid']"
keloid_binary,leave_accession_out_GSE44270,modules_rank_plus_expanded,quantile_rank,small_mlp,279,32,"{'non_keloid': 162, 'keloid': 117}","{'keloid': 18, 'non_keloid': 14}",0.4375,0.2663043478,0.5,0.3043478261,0.5,"[[0, 18], [0, 14]]","['keloid', 'non_keloid']"
keloid_binary,leave_accession_out_GSE44270,modules_rank_only,quantile_rank,majority,279,32,"{'non_keloid': 162, 'keloid': 117}","{'keloid': 18, 'non_keloid': 14}",0.4375,0.2663043478,0.5,0.3043478261,0.5,"[[0, 18], [0, 14]]","['keloid', 'non_keloid']"
keloid_binary,leave_accession_out_GSE44270,modules_rank_only,quantile_rank,stratified_random,279,32,"{'non_keloid': 162, 'keloid': 117}","{'keloid': 18, 'non_keloid': 14}",0.5625,0.5642156863000001,0.5634920635,0.5607843137,0.5634920635,"[[10, 8], [6, 8]]","['keloid', 'non_keloid']"
keloid_binary,leave_accession_out_GSE44270,modules_rank_only,quantile_rank,elastic_net_logreg,279,32,"{'non_keloid': 162, 'keloid': 117}","{'keloid': 18, 'non_keloid': 14}",0.4375,0.2663043478,0.5,0.3043478261,0.5,"[[0, 18], [0, 14]]","['keloid', 'non_keloid']"
keloid_binary,leave_accession_out_GSE44270,modules_rank_only,quantile_rank,linear_svm,279,32,"{'non_keloid': 162, 'keloid': 117}","{'keloid': 18, 'non_keloid': 14}",0.4375,0.2663043478,0.5,0.3043478261,0.5,"[[0, 18], [0, 14]]","['keloid', 'non_keloid']"
keloid_binary,leave_accession_out_GSE44270,modules_rank_only,quantile_rank,random_forest,279,32,"{'non_keloid': 162, 'keloid': 117}","{'keloid': 18, 'non_keloid': 14}",0.5625,0.405,0.5,0.36,0.5,"[[18, 0], [14, 0]]","['keloid', 'non_keloid']"
keloid_binary,leave_accession_out_GSE44270,modules_rank_only,quantile_rank,hist_gradient_boosting,279,32,"{'non_keloid': 162, 'keloid': 117}","{'keloid': 18, 'non_keloid': 14}",0.5625,0.405,0.5,0.36,0.5,"[[18, 0], [14, 0]]","['keloid', 'non_keloid']"
keloid_binary,leave_accession_out_GSE44270,modules_rank_only,quantile_rank,knn,279,32,"{'non_keloid': 162, 'keloid': 117}","{'keloid': 18, 'non_keloid': 14}",0.5625,0.405,0.5,0.36,0.5,"[[18, 0], [14, 0]]","['keloid', 'non_keloid']"
keloid_binary,leave_accession_out_GSE44270,modules_rank_only,quantile_rank,small_mlp,279,32,"{'non_keloid': 162, 'keloid': 117}","{'keloid': 18, 'non_keloid': 14}",0.4375,0.2663043478,0.5,0.3043478261,0.5,"[[0, 18], [0, 14]]","['keloid', 'non_keloid']"
keloid_binary,leave_accession_out_GSE44270,published_markers_only,quantile_rank,majority,279,32,"{'non_keloid': 162, 'keloid': 117}","{'keloid': 18, 'non_keloid': 14}",0.4375,0.2663043478,0.5,0.3043478261,0.5,"[[0, 18], [0, 14]]","['keloid', 'non_keloid']"
keloid_binary,leave_accession_out_GSE44270,published_markers_only,quantile_rank,stratified_random,279,32,"{'non_keloid': 162, 'keloid': 117}","{'keloid': 18, 'non_keloid': 14}",0.5625,0.5642156863000001,0.5634920635,0.5607843137,0.5634920635,"[[10, 8], [6, 8]]","['keloid', 'non_keloid']"
keloid_binary,leave_accession_out_GSE44270,published_markers_only,quantile_rank,elastic_net_logreg,279,32,"{'non_keloid': 162, 'keloid': 117}","{'keloid': 18, 'non_keloid': 14}",0.4375,0.2663043478,0.5,0.3043478261,0.5,"[[0, 18], [0, 14]]","['keloid', 'non_keloid']"
keloid_binary,leave_accession_out_GSE44270,published_markers_only,quantile_rank,linear_svm,279,32,"{'non_keloid': 162, 'keloid': 117}","{'keloid': 18, 'non_keloid': 14}",0.4375,0.2663043478,0.5,0.3043478261,0.5,"[[0, 18], [0, 14]]","['keloid', 'non_keloid']"
keloid_binary,leave_accession_out_GSE44270,published_markers_only,quantile_rank,random_forest,279,32,"{'non_keloid': 162, 'keloid': 117}","{'keloid': 18, 'non_keloid': 14}",0.4375,0.2663043478,0.5,0.3043478261,0.5,"[[0, 18], [0, 14]]","['keloid', 'non_keloid']"
keloid_binary,leave_accession_out_GSE44270,published_markers_only,quantile_rank,hist_gradient_boosting,279,32,"{'non_keloid': 162, 'keloid': 117}","{'keloid': 18, 'non_keloid': 14}",0.4375,0.2663043478,0.5,0.3043478261,0.5,"[[0, 18], [0, 14]]","['keloid', 'non_keloid']"
keloid_binary,leave_accession_out_GSE44270,published_markers_only,quantile_rank,knn,279,32,"{'non_keloid': 162, 'keloid': 117}","{'keloid': 18, 'non_keloid': 14}",0.4375,0.2663043478,0.5,0.3043478261,0.5,"[[0, 18], [0, 14]]","['keloid', 'non_keloid']"
keloid_binary,leave_accession_out_GSE44270,published_markers_only,quantile_rank,small_mlp,279,32,"{'non_keloid': 162, 'keloid': 117}","{'keloid': 18, 'non_keloid': 14}",0.5625,0.405,0.5,0.36,0.5,"[[18, 0], [14, 0]]","['keloid', 'non_keloid']"
keloid_binary,leave_accession_out_GSE44270,expanded_profibrotic_only,quantile_rank,majority,279,32,"{'non_keloid': 162, 'keloid': 117}","{'keloid': 18, 'non_keloid': 14}",0.4375,0.2663043478,0.5,0.3043478261,0.5,"[[0, 18], [0, 14]]","['keloid', 'non_keloid']"
keloid_binary,leave_accession_out_GSE44270,expanded_profibrotic_only,quantile_rank,stratified_random,279,32,"{'non_keloid': 162, 'keloid': 117}","{'keloid': 18, 'non_keloid': 14}",0.5625,0.5642156863000001,0.5634920635,0.5607843137,0.5634920635,"[[10, 8], [6, 8]]","['keloid', 'non_keloid']"
keloid_binary,leave_accession_out_GSE44270,expanded_profibrotic_only,quantile_rank,elastic_net_logreg,279,32,"{'non_keloid': 162, 'keloid': 117}","{'keloid': 18, 'non_keloid': 14}",0.4375,0.2663043478,0.5,0.3043478261,0.5,"[[0, 18], [0, 14]]","['keloid', 'non_keloid']"
keloid_binary,leave_accession_out_GSE44270,expanded_profibrotic_only,quantile_rank,linear_svm,279,32,"{'non_keloid': 162, 'keloid': 117}","{'keloid': 18, 'non_keloid': 14}",0.5625,0.405,0.5,0.36,0.5,"[[18, 0], [14, 0]]","['keloid', 'non_keloid']"
keloid_binary,leave_accession_out_GSE44270,expanded_profibrotic_only,quantile_rank,random_forest,279,32,"{'non_keloid': 162, 'keloid': 117}","{'keloid': 18, 'non_keloid': 14}",0.4375,0.2663043478,0.5,0.3043478261,0.5,"[[0, 18], [0, 14]]","['keloid', 'non_keloid']"
keloid_binary,leave_accession_out_GSE44270,expanded_profibrotic_only,quantile_rank,hist_gradient_boosting,279,32,"{'non_keloid': 162, 'keloid': 117}","{'keloid': 18, 'non_keloid': 14}",0.4375,0.2663043478,0.5,0.3043478261,0.5,"[[0, 18], [0, 14]]","['keloid', 'non_keloid']"
keloid_binary,leave_accession_out_GSE44270,expanded_profibrotic_only,quantile_rank,knn,279,32,"{'non_keloid': 162, 'keloid': 117}","{'keloid': 18, 'non_keloid': 14}",0.4375,0.2663043478,0.5,0.3043478261,0.5,"[[0, 18], [0, 14]]","['keloid', 'non_keloid']"
keloid_binary,leave_accession_out_GSE44270,expanded_profibrotic_only,quantile_rank,small_mlp,279,32,"{'non_keloid': 162, 'keloid': 117}","{'keloid': 18, 'non_keloid': 14}",0.5625,0.405,0.5,0.36,0.5,"[[18, 0], [14, 0]]","['keloid', 'non_keloid']"
keloid_binary,leave_accession_out_GSE44270,shared_genes,quantile_rank,majority,279,32,"{'non_keloid': 162, 'keloid': 117}","{'keloid': 18, 'non_keloid': 14}",0.4375,0.2663043478,0.5,0.3043478261,0.5,"[[0, 18], [0, 14]]","['keloid', 'non_keloid']"
keloid_binary,leave_accession_out_GSE44270,shared_genes,quantile_rank,stratified_random,279,32,"{'non_keloid': 162, 'keloid': 117}","{'keloid': 18, 'non_keloid': 14}",0.5625,0.5642156863000001,0.5634920635,0.5607843137,0.5634920635,"[[10, 8], [6, 8]]","['keloid', 'non_keloid']"
keloid_binary,leave_accession_out_GSE44270,shared_genes,quantile_rank,elastic_net_logreg,279,32,"{'non_keloid': 162, 'keloid': 117}","{'keloid': 18, 'non_keloid': 14}",0.4375,0.2663043478,0.5,0.3043478261,0.5,"[[0, 18], [0, 14]]","['keloid', 'non_keloid']"
keloid_binary,leave_accession_out_GSE44270,shared_genes,quantile_rank,linear_svm,279,32,"{'non_keloid': 162, 'keloid': 117}","{'keloid': 18, 'non_keloid': 14}",0.4375,0.2663043478,0.5,0.3043478261,0.5,"[[0, 18], [0, 14]]","['keloid', 'non_keloid']"
keloid_binary,leave_accession_out_GSE44270,shared_genes,quantile_rank,random_forest,279,32,"{'non_keloid': 162, 'keloid': 117}","{'keloid': 18, 'non_keloid': 14}",0.4375,0.2663043478,0.5,0.3043478261,0.5,"[[0, 18], [0, 14]]","['keloid', 'non_keloid']"
keloid_binary,leave_accession_out_GSE44270,shared_genes,quantile_rank,hist_gradient_boosting,279,32,"{'non_keloid': 162, 'keloid': 117}","{'keloid': 18, 'non_keloid': 14}",0.4375,0.2663043478,0.5,0.3043478261,0.5,"[[0, 18], [0, 14]]","['keloid', 'non_keloid']"
keloid_binary,leave_accession_out_GSE44270,shared_genes,quantile_rank,knn,279,32,"{'non_keloid': 162, 'keloid': 117}","{'keloid': 18, 'non_keloid': 14}",0.4375,0.2663043478,0.5,0.3043478261,0.5,"[[0, 18], [0, 14]]","['keloid', 'non_keloid']"
keloid_binary,leave_accession_out_GSE7890,modules_rank_plus_expanded,quantile_rank,majority,315,19,"{'non_keloid': 196, 'keloid': 119}","{'keloid': 10, 'non_keloid': 9}",0.47368421050000004,0.3045112782,0.5,0.32142857140000003,0.5,"[[0, 10], [0, 9]]","['keloid', 'non_keloid']"
keloid_binary,leave_accession_out_GSE7890,modules_rank_plus_expanded,quantile_rank,stratified_random,315,19,"{'non_keloid': 196, 'keloid': 119}","{'keloid': 10, 'non_keloid': 9}",0.7368421053,0.7368421053,0.7388888889,0.7368421053,0.7388888889,"[[7, 3], [2, 7]]","['keloid', 'non_keloid']"
keloid_binary,leave_accession_out_GSE7890,modules_rank_plus_expanded,quantile_rank,elastic_net_logreg,315,19,"{'non_keloid': 196, 'keloid': 119}","{'keloid': 10, 'non_keloid': 9}",0.5263157895,0.5263157895,0.5277777778,0.5263157895,0.5444444444000001,"[[5, 5], [4, 5]]","['keloid', 'non_keloid']"
keloid_binary,leave_accession_out_GSE7890,modules_rank_plus_expanded,quantile_rank,linear_svm,315,19,"{'non_keloid': 196, 'keloid': 119}","{'keloid': 10, 'non_keloid': 9}",0.5263157895,0.5263157895,0.5277777778,0.5263157895,0.5444444444000001,"[[5, 5], [4, 5]]","['keloid', 'non_keloid']"
keloid_binary,leave_accession_out_GSE7890,modules_rank_plus_expanded,quantile_rank,random_forest,315,19,"{'non_keloid': 196, 'keloid': 119}","{'keloid': 10, 'non_keloid': 9}",0.5789473684,0.5413533835000001,0.5944444444,0.5476190476,0.6333333333,"[[3, 7], [1, 8]]","['keloid', 'non_keloid']"
keloid_binary,leave_accession_out_GSE7890,modules_rank_plus_expanded,quantile_rank,hist_gradient_boosting,315,19,"{'non_keloid': 196, 'keloid': 119}","{'keloid': 10, 'non_keloid': 9}",0.5789473684,0.5413533835000001,0.5944444444,0.5476190476,0.7333333333000001,"[[3, 7], [1, 8]]","['keloid', 'non_keloid']"
keloid_binary,leave_accession_out_GSE7890,modules_rank_plus_expanded,quantile_rank,knn,315,19,"{'non_keloid': 196, 'keloid': 119}","{'keloid': 10, 'non_keloid': 9}",0.47368421050000004,0.4557416268,0.4833333333,0.4602272727,0.48888888890000004,"[[3, 7], [3, 6]]","['keloid', 'non_keloid']"
keloid_binary,leave_accession_out_GSE7890,modules_rank_plus_expanded,quantile_rank,small_mlp,315,19,"{'non_keloid': 196, 'keloid': 119}","{'keloid': 10, 'non_keloid': 9}",0.5263157895,0.5263157895,0.5277777778,0.5263157895,0.6555555556,"[[5, 5], [4, 5]]","['keloid', 'non_keloid']"
keloid_binary,leave_accession_out_GSE7890,modules_rank_only,quantile_rank,majority,315,19,"{'non_keloid': 196, 'keloid': 119}","{'keloid': 10, 'non_keloid': 9}",0.47368421050000004,0.3045112782,0.5,0.32142857140000003,0.5,"[[0, 10], [0, 9]]","['keloid', 'non_keloid']"
keloid_binary,leave_accession_out_GSE7890,modules_rank_only,quantile_rank,stratified_random,315,19,"{'non_keloid': 196, 'keloid': 119}","{'keloid': 10, 'non_keloid': 9}",0.7368421053,0.7368421053,0.7388888889,0.7368421053,0.7388888889,"[[7, 3], [2, 7]]","['keloid', 'non_keloid']"
keloid_binary,leave_accession_out_GSE7890,modules_rank_only,quantile_rank,elastic_net_logreg,315,19,"{'non_keloid': 196, 'keloid': 119}","{'keloid': 10, 'non_keloid': 9}",0.5263157895,0.5263157895,0.5277777778,0.5263157895,0.6111111111,"[[5, 5], [4, 5]]","['keloid', 'non_keloid']"
keloid_binary,leave_accession_out_GSE7890,modules_rank_only,quantile_rank,linear_svm,315,19,"{'non_keloid': 196, 'keloid': 119}","{'keloid': 10, 'non_keloid': 9}",0.5263157895,0.5263157895,0.5277777778,0.5263157895,0.6000000000000001,"[[5, 5], [4, 5]]","['keloid', 'non_keloid']"
keloid_binary,leave_accession_out_GSE7890,modules_rank_only,quantile_rank,random_forest,315,19,"{'non_keloid': 196, 'keloid': 119}","{'keloid': 10, 'non_keloid': 9}",0.5789473684,0.5413533835000001,0.5944444444,0.5476190476,0.6111111111,"[[3, 7], [1, 8]]","['keloid', 'non_keloid']"
keloid_binary,leave_accession_out_GSE7890,modules_rank_only,quantile_rank,hist_gradient_boosting,315,19,"{'non_keloid': 196, 'keloid': 119}","{'keloid': 10, 'non_keloid': 9}",0.47368421050000004,0.4266917293,0.48888888890000004,0.4345238095,0.5333333333,"[[2, 8], [2, 7]]","['keloid', 'non_keloid']"
keloid_binary,leave_accession_out_GSE7890,modules_rank_only,quantile_rank,knn,315,19,"{'non_keloid': 196, 'keloid': 119}","{'keloid': 10, 'non_keloid': 9}",0.5789473684,0.5645933014,0.5888888889,0.5681818182,0.5333333333,"[[4, 6], [2, 7]]","['keloid', 'non_keloid']"
keloid_binary,leave_accession_out_GSE7890,modules_rank_only,quantile_rank,small_mlp,315,19,"{'non_keloid': 196, 'keloid': 119}","{'keloid': 10, 'non_keloid': 9}",0.47368421050000004,0.4557416268,0.4833333333,0.4602272727,0.5666666667,"[[3, 7], [3, 6]]","['keloid', 'non_keloid']"
keloid_binary,leave_accession_out_GSE7890,published_markers_only,quantile_rank,majority,315,19,"{'non_keloid': 196, 'keloid': 119}","{'keloid': 10, 'non_keloid': 9}",0.47368421050000004,0.3045112782,0.5,0.32142857140000003,0.5,"[[0, 10], [0, 9]]","['keloid', 'non_keloid']"
keloid_binary,leave_accession_out_GSE7890,published_markers_only,quantile_rank,stratified_random,315,19,"{'non_keloid': 196, 'keloid': 119}","{'keloid': 10, 'non_keloid': 9}",0.7368421053,0.7368421053,0.7388888889,0.7368421053,0.7388888889,"[[7, 3], [2, 7]]","['keloid', 'non_keloid']"
keloid_binary,leave_accession_out_GSE7890,published_markers_only,quantile_rank,elastic_net_logreg,315,19,"{'non_keloid': 196, 'keloid': 119}","{'keloid': 10, 'non_keloid': 9}",0.5789473684,0.5766081871000001,0.5833333333,0.5777777778000001,0.5444444444000001,"[[5, 5], [3, 6]]","['keloid', 'non_keloid']"
keloid_binary,leave_accession_out_GSE7890,published_markers_only,quantile_rank,linear_svm,315,19,"{'non_keloid': 196, 'keloid': 119}","{'keloid': 10, 'non_keloid': 9}",0.5789473684,0.5766081871000001,0.5833333333,0.5777777778000001,0.5444444444000001,"[[5, 5], [3, 6]]","['keloid', 'non_keloid']"
keloid_binary,leave_accession_out_GSE7890,published_markers_only,quantile_rank,random_forest,315,19,"{'non_keloid': 196, 'keloid': 119}","{'keloid': 10, 'non_keloid': 9}",0.6315789474,0.6102212052,0.6444444444,0.6144927536,0.5777777778000001,"[[4, 6], [1, 8]]","['keloid', 'non_keloid']"
keloid_binary,leave_accession_out_GSE7890,published_markers_only,quantile_rank,hist_gradient_boosting,315,19,"{'non_keloid': 196, 'keloid': 119}","{'keloid': 10, 'non_keloid': 9}",0.5789473684,0.5645933014,0.5888888889,0.5681818182,0.5,"[[4, 6], [2, 7]]","['keloid', 'non_keloid']"
keloid_binary,leave_accession_out_GSE7890,published_markers_only,quantile_rank,knn,315,19,"{'non_keloid': 196, 'keloid': 119}","{'keloid': 10, 'non_keloid': 9}",0.5263157895,0.5183547103,0.5333333333,0.5210084034,0.5277777778,"[[4, 6], [3, 6]]","['keloid', 'non_keloid']"
keloid_binary,leave_accession_out_GSE7890,published_markers_only,quantile_rank,small_mlp,315,19,"{'non_keloid': 196, 'keloid': 119}","{'keloid': 10, 'non_keloid': 9}",0.3157894737,0.2761250953,0.3277777778,0.284057971,0.3111111111,"[[1, 9], [4, 5]]","['keloid', 'non_keloid']"
keloid_binary,leave_accession_out_GSE7890,expanded_profibrotic_only,quantile_rank,majority,315,19,"{'non_keloid': 196, 'keloid': 119}","{'keloid': 10, 'non_keloid': 9}",0.47368421050000004,0.3045112782,0.5,0.32142857140000003,0.5,"[[0, 10], [0, 9]]","['keloid', 'non_keloid']"
keloid_binary,leave_accession_out_GSE7890,expanded_profibrotic_only,quantile_rank,stratified_random,315,19,"{'non_keloid': 196, 'keloid': 119}","{'keloid': 10, 'non_keloid': 9}",0.7368421053,0.7368421053,0.7388888889,0.7368421053,0.7388888889,"[[7, 3], [2, 7]]","['keloid', 'non_keloid']"
keloid_binary,leave_accession_out_GSE7890,expanded_profibrotic_only,quantile_rank,elastic_net_logreg,315,19,"{'non_keloid': 196, 'keloid': 119}","{'keloid': 10, 'non_keloid': 9}",0.5263157895,0.5263157895,0.5277777778,0.5263157895,0.45,"[[5, 5], [4, 5]]","['keloid', 'non_keloid']"
keloid_binary,leave_accession_out_GSE7890,expanded_profibrotic_only,quantile_rank,linear_svm,315,19,"{'non_keloid': 196, 'keloid': 119}","{'keloid': 10, 'non_keloid': 9}",0.5263157895,0.5263157895,0.5277777778,0.5263157895,0.45,"[[5, 5], [4, 5]]","['keloid', 'non_keloid']"
keloid_binary,leave_accession_out_GSE7890,expanded_profibrotic_only,quantile_rank,random_forest,315,19,"{'non_keloid': 196, 'keloid': 119}","{'keloid': 10, 'non_keloid': 9}",0.2105263158,0.1972578505,0.2166666667,0.2016806723,0.3833333333,"[[1, 9], [6, 3]]","['keloid', 'non_keloid']"
keloid_binary,leave_accession_out_GSE7890,expanded_profibrotic_only,quantile_rank,hist_gradient_boosting,315,19,"{'non_keloid': 196, 'keloid': 119}","{'keloid': 10, 'non_keloid': 9}",0.3157894737,0.2761250953,0.3277777778,0.284057971,0.4777777778,"[[1, 9], [4, 5]]","['keloid', 'non_keloid']"
keloid_binary,leave_accession_out_GSE7890,expanded_profibrotic_only,quantile_rank,knn,315,19,"{'non_keloid': 196, 'keloid': 119}","{'keloid': 10, 'non_keloid': 9}",0.3157894737,0.2761250953,0.3277777778,0.284057971,0.3611111111,"[[1, 9], [4, 5]]","['keloid', 'non_keloid']"
keloid_binary,leave_accession_out_GSE7890,expanded_profibrotic_only,quantile_rank,small_mlp,315,19,"{'non_keloid': 196, 'keloid': 119}","{'keloid': 10, 'non_keloid': 9}",0.5263157895,0.5236620964,0.5222222222,0.5210084034,0.4611111111,"[[6, 4], [5, 4]]","['keloid', 'non_keloid']"
keloid_binary,leave_accession_out_GSE7890,shared_genes,quantile_rank,majority,315,19,"{'non_keloid': 196, 'keloid': 119}","{'keloid': 10, 'non_keloid': 9}",0.47368421050000004,0.3045112782,0.5,0.32142857140000003,0.5,"[[0, 10], [0, 9]]","['keloid', 'non_keloid']"
keloid_binary,leave_accession_out_GSE7890,shared_genes,quantile_rank,stratified_random,315,19,"{'non_keloid': 196, 'keloid': 119}","{'keloid': 10, 'non_keloid': 9}",0.7368421053,0.7368421053,0.7388888889,0.7368421053,0.7388888889,"[[7, 3], [2, 7]]","['keloid', 'non_keloid']"
keloid_binary,leave_accession_out_GSE7890,shared_genes,quantile_rank,elastic_net_logreg,315,19,"{'non_keloid': 196, 'keloid': 119}","{'keloid': 10, 'non_keloid': 9}",0.5789473684,0.5766081871000001,0.5833333333,0.5777777778000001,0.5666666667,"[[5, 5], [3, 6]]","['keloid', 'non_keloid']"
keloid_binary,leave_accession_out_GSE7890,shared_genes,quantile_rank,linear_svm,315,19,"{'non_keloid': 196, 'keloid': 119}","{'keloid': 10, 'non_keloid': 9}",0.5789473684,0.5789473684,0.5777777778000001,0.5777777778000001,0.5666666667,"[[6, 4], [4, 5]]","['keloid', 'non_keloid']"
keloid_binary,leave_accession_out_GSE7890,shared_genes,quantile_rank,random_forest,315,19,"{'non_keloid': 196, 'keloid': 119}","{'keloid': 10, 'non_keloid': 9}",0.47368421050000004,0.3045112782,0.5,0.32142857140000003,0.2333333333,"[[0, 10], [0, 9]]","['keloid', 'non_keloid']"
keloid_binary,leave_accession_out_GSE7890,shared_genes,quantile_rank,hist_gradient_boosting,315,19,"{'non_keloid': 196, 'keloid': 119}","{'keloid': 10, 'non_keloid': 9}",0.4210526316,0.34623481780000004,0.4388888889,0.3569230769,0.4,"[[1, 9], [2, 7]]","['keloid', 'non_keloid']"
keloid_binary,leave_accession_out_GSE7890,shared_genes,quantile_rank,knn,315,19,"{'non_keloid': 196, 'keloid': 119}","{'keloid': 10, 'non_keloid': 9}",0.5263157895,0.46510121460000003,0.5444444444000001,0.4738461538,0.6333333333,"[[2, 8], [1, 8]]","['keloid', 'non_keloid']"
keloid_binary,leave_accession_out_Sun_Burns,modules_rank_plus_expanded,quantile_rank,majority,220,25,"{'keloid': 129, 'non_keloid': 91}","{'keloid': 17, 'non_keloid': 8}",0.68,0.5504761905000001,0.5,0.4047619048,0.5,"[[17, 0], [8, 0]]","['keloid', 'non_keloid']"
keloid_binary,leave_accession_out_Sun_Burns,modules_rank_plus_expanded,quantile_rank,stratified_random,220,25,"{'keloid': 129, 'non_keloid': 91}","{'keloid': 17, 'non_keloid': 8}",0.68,0.6906666667,0.6985294118,0.6666666667000001,0.6985294118,"[[11, 6], [2, 6]]","['keloid', 'non_keloid']"
keloid_binary,leave_accession_out_Sun_Burns,modules_rank_plus_expanded,quantile_rank,elastic_net_logreg,220,25,"{'keloid': 129, 'non_keloid': 91}","{'keloid': 17, 'non_keloid': 8}",0.68,0.5504761905000001,0.5,0.4047619048,0.5,"[[17, 0], [8, 0]]","['keloid', 'non_keloid']"
keloid_binary,leave_accession_out_Sun_Burns,modules_rank_plus_expanded,quantile_rank,linear_svm,220,25,"{'keloid': 129, 'non_keloid': 91}","{'keloid': 17, 'non_keloid': 8}",0.68,0.5504761905000001,0.5,0.4047619048,0.5,"[[17, 0], [8, 0]]","['keloid', 'non_keloid']"
keloid_binary,leave_accession_out_Sun_Burns,modules_rank_plus_expanded,quantile_rank,random_forest,220,25,"{'keloid': 129, 'non_keloid': 91}","{'keloid': 17, 'non_keloid': 8}",0.68,0.5504761905000001,0.5,0.4047619048,0.5,"[[17, 0], [8, 0]]","['keloid', 'non_keloid']"
keloid_binary,leave_accession_out_Sun_Burns,modules_rank_plus_expanded,quantile_rank,hist_gradient_boosting,220,25,"{'keloid': 129, 'non_keloid': 91}","{'keloid': 17, 'non_keloid': 8}",0.68,0.5504761905000001,0.5,0.4047619048,0.5,"[[17, 0], [8, 0]]","['keloid', 'non_keloid']"
keloid_binary,leave_accession_out_Sun_Burns,modules_rank_plus_expanded,quantile_rank,knn,220,25,"{'keloid': 129, 'non_keloid': 91}","{'keloid': 17, 'non_keloid': 8}",0.32,0.1551515152,0.5,0.24242424240000002,0.5,"[[0, 17], [0, 8]]","['keloid', 'non_keloid']"
keloid_binary,leave_accession_out_Sun_Burns,modules_rank_plus_expanded,quantile_rank,small_mlp,220,25,"{'keloid': 129, 'non_keloid': 91}","{'keloid': 17, 'non_keloid': 8}",0.68,0.5504761905000001,0.5,0.4047619048,0.5,"[[17, 0], [8, 0]]","['keloid', 'non_keloid']"
keloid_binary,leave_accession_out_Sun_Burns,modules_rank_only,quantile_rank,majority,220,25,"{'keloid': 129, 'non_keloid': 91}","{'keloid': 17, 'non_keloid': 8}",0.68,0.5504761905000001,0.5,0.4047619048,0.5,"[[17, 0], [8, 0]]","['keloid', 'non_keloid']"
keloid_binary,leave_accession_out_Sun_Burns,modules_rank_only,quantile_rank,stratified_random,220,25,"{'keloid': 129, 'non_keloid': 91}","{'keloid': 17, 'non_keloid': 8}",0.68,0.6906666667,0.6985294118,0.6666666667000001,0.6985294118,"[[11, 6], [2, 6]]","['keloid', 'non_keloid']"
keloid_binary,leave_accession_out_Sun_Burns,modules_rank_only,quantile_rank,elastic_net_logreg,220,25,"{'keloid': 129, 'non_keloid': 91}","{'keloid': 17, 'non_keloid': 8}",0.68,0.5504761905000001,0.5,0.4047619048,0.5,"[[17, 0], [8, 0]]","['keloid', 'non_keloid']"
keloid_binary,leave_accession_out_Sun_Burns,modules_rank_only,quantile_rank,linear_svm,220,25,"{'keloid': 129, 'non_keloid': 91}","{'keloid': 17, 'non_keloid': 8}",0.68,0.5504761905000001,0.5,0.4047619048,0.4705882353,"[[17, 0], [8, 0]]","['keloid', 'non_keloid']"
keloid_binary,leave_accession_out_Sun_Burns,modules_rank_only,quantile_rank,random_forest,220,25,"{'keloid': 129, 'non_keloid': 91}","{'keloid': 17, 'non_keloid': 8}",0.32,0.1551515152,0.5,0.24242424240000002,0.5,"[[0, 17], [0, 8]]","['keloid', 'non_keloid']"
keloid_binary,leave_accession_out_Sun_Burns,modules_rank_only,quantile_rank,hist_gradient_boosting,220,25,"{'keloid': 129, 'non_keloid': 91}","{'keloid': 17, 'non_keloid': 8}",0.68,0.5504761905000001,0.5,0.4047619048,0.5,"[[17, 0], [8, 0]]","['keloid', 'non_keloid']"
keloid_binary,leave_accession_out_Sun_Burns,modules_rank_only,quantile_rank,knn,220,25,"{'keloid': 129, 'non_keloid': 91}","{'keloid': 17, 'non_keloid': 8}",0.32,0.1551515152,0.5,0.24242424240000002,0.5,"[[0, 17], [0, 8]]","['keloid', 'non_keloid']"
keloid_binary,leave_accession_out_Sun_Burns,modules_rank_only,quantile_rank,small_mlp,220,25,"{'keloid': 129, 'non_keloid': 91}","{'keloid': 17, 'non_keloid': 8}",0.68,0.5504761905000001,0.5,0.4047619048,0.5,"[[17, 0], [8, 0]]","['keloid', 'non_keloid']"
keloid_binary,leave_accession_out_Sun_Burns,published_markers_only,quantile_rank,majority,220,25,"{'keloid': 129, 'non_keloid': 91}","{'keloid': 17, 'non_keloid': 8}",0.68,0.5504761905000001,0.5,0.4047619048,0.5,"[[17, 0], [8, 0]]","['keloid', 'non_keloid']"
keloid_binary,leave_accession_out_Sun_Burns,published_markers_only,quantile_rank,stratified_random,220,25,"{'keloid': 129, 'non_keloid': 91}","{'keloid': 17, 'non_keloid': 8}",0.68,0.6906666667,0.6985294118,0.6666666667000001,0.6985294118,"[[11, 6], [2, 6]]","['keloid', 'non_keloid']"
keloid_binary,leave_accession_out_Sun_Burns,published_markers_only,quantile_rank,elastic_net_logreg,220,25,"{'keloid': 129, 'non_keloid': 91}","{'keloid': 17, 'non_keloid': 8}",0.68,0.5504761905000001,0.5,0.4047619048,0.5,"[[17, 0], [8, 0]]","['keloid', 'non_keloid']"
keloid_binary,leave_accession_out_Sun_Burns,published_markers_only,quantile_rank,linear_svm,220,25,"{'keloid': 129, 'non_keloid': 91}","{'keloid': 17, 'non_keloid': 8}",0.68,0.5504761905000001,0.5,0.4047619048,0.5294117647000001,"[[17, 0], [8, 0]]","['keloid', 'non_keloid']"
keloid_binary,leave_accession_out_Sun_Burns,published_markers_only,quantile_rank,random_forest,220,25,"{'keloid': 129, 'non_keloid': 91}","{'keloid': 17, 'non_keloid': 8}",0.32,0.1551515152,0.5,0.24242424240000002,0.5,"[[0, 17], [0, 8]]","['keloid', 'non_keloid']"
keloid_binary,leave_accession_out_Sun_Burns,published_markers_only,quantile_rank,hist_gradient_boosting,220,25,"{'keloid': 129, 'non_keloid': 91}","{'keloid': 17, 'non_keloid': 8}",0.68,0.5504761905000001,0.5,0.4047619048,0.5,"[[17, 0], [8, 0]]","['keloid', 'non_keloid']"
keloid_binary,leave_accession_out_Sun_Burns,published_markers_only,quantile_rank,knn,220,25,"{'keloid': 129, 'non_keloid': 91}","{'keloid': 17, 'non_keloid': 8}",0.68,0.5504761905000001,0.5,0.4047619048,0.5,"[[17, 0], [8, 0]]","['keloid', 'non_keloid']"
keloid_binary,leave_accession_out_Sun_Burns,published_markers_only,quantile_rank,small_mlp,220,25,"{'keloid': 129, 'non_keloid': 91}","{'keloid': 17, 'non_keloid': 8}",0.68,0.5504761905000001,0.5,0.4047619048,0.5,"[[17, 0], [8, 0]]","['keloid', 'non_keloid']"
keloid_binary,leave_accession_out_Sun_Burns,expanded_profibrotic_only,quantile_rank,majority,220,25,"{'keloid': 129, 'non_keloid': 91}","{'keloid': 17, 'non_keloid': 8}",0.68,0.5504761905000001,0.5,0.4047619048,0.5,"[[17, 0], [8, 0]]","['keloid', 'non_keloid']"
keloid_binary,leave_accession_out_Sun_Burns,expanded_profibrotic_only,quantile_rank,stratified_random,220,25,"{'keloid': 129, 'non_keloid': 91}","{'keloid': 17, 'non_keloid': 8}",0.68,0.6906666667,0.6985294118,0.6666666667000001,0.6985294118,"[[11, 6], [2, 6]]","['keloid', 'non_keloid']"
keloid_binary,leave_accession_out_Sun_Burns,expanded_profibrotic_only,quantile_rank,elastic_net_logreg,220,25,"{'keloid': 129, 'non_keloid': 91}","{'keloid': 17, 'non_keloid': 8}",0.68,0.5504761905000001,0.5,0.4047619048,0.5,"[[17, 0], [8, 0]]","['keloid', 'non_keloid']"
keloid_binary,leave_accession_out_Sun_Burns,expanded_profibrotic_only,quantile_rank,linear_svm,220,25,"{'keloid': 129, 'non_keloid': 91}","{'keloid': 17, 'non_keloid': 8}",0.68,0.5504761905000001,0.5,0.4047619048,0.5,"[[17, 0], [8, 0]]","['keloid', 'non_keloid']"
keloid_binary,leave_accession_out_Sun_Burns,expanded_profibrotic_only,quantile_rank,random_forest,220,25,"{'keloid': 129, 'non_keloid': 91}","{'keloid': 17, 'non_keloid': 8}",0.68,0.5504761905000001,0.5,0.4047619048,0.5,"[[17, 0], [8, 0]]","['keloid', 'non_keloid']"
keloid_binary,leave_accession_out_Sun_Burns,expanded_profibrotic_only,quantile_rank,hist_gradient_boosting,220,25,"{'keloid': 129, 'non_keloid': 91}","{'keloid': 17, 'non_keloid': 8}",0.68,0.5504761905000001,0.5,0.4047619048,0.5,"[[17, 0], [8, 0]]","['keloid', 'non_keloid']"
keloid_binary,leave_accession_out_Sun_Burns,expanded_profibrotic_only,quantile_rank,knn,220,25,"{'keloid': 129, 'non_keloid': 91}","{'keloid': 17, 'non_keloid': 8}",0.32,0.1551515152,0.5,0.24242424240000002,0.5,"[[0, 17], [0, 8]]","['keloid', 'non_keloid']"
keloid_binary,leave_accession_out_Sun_Burns,expanded_profibrotic_only,quantile_rank,small_mlp,220,25,"{'keloid': 129, 'non_keloid': 91}","{'keloid': 17, 'non_keloid': 8}",0.68,0.5504761905000001,0.5,0.4047619048,0.5,"[[17, 0], [8, 0]]","['keloid', 'non_keloid']"
keloid_binary,leave_accession_out_Sun_Burns,shared_genes,quantile_rank,majority,220,25,"{'keloid': 129, 'non_keloid': 91}","{'keloid': 17, 'non_keloid': 8}",0.68,0.5504761905000001,0.5,0.4047619048,0.5,"[[17, 0], [8, 0]]","['keloid', 'non_keloid']"
keloid_binary,leave_accession_out_Sun_Burns,shared_genes,quantile_rank,stratified_random,220,25,"{'keloid': 129, 'non_keloid': 91}","{'keloid': 17, 'non_keloid': 8}",0.68,0.6906666667,0.6985294118,0.6666666667000001,0.6985294118,"[[11, 6], [2, 6]]","['keloid', 'non_keloid']"
keloid_binary,leave_accession_out_Sun_Burns,shared_genes,quantile_rank,elastic_net_logreg,220,25,"{'keloid': 129, 'non_keloid': 91}","{'keloid': 17, 'non_keloid': 8}",0.32,0.1551515152,0.5,0.24242424240000002,0.5,"[[0, 17], [0, 8]]","['keloid', 'non_keloid']"
keloid_binary,leave_accession_out_Sun_Burns,shared_genes,quantile_rank,linear_svm,220,25,"{'keloid': 129, 'non_keloid': 91}","{'keloid': 17, 'non_keloid': 8}",0.68,0.5504761905000001,0.5,0.4047619048,0.4705882353,"[[17, 0], [8, 0]]","['keloid', 'non_keloid']"
keloid_binary,leave_accession_out_Sun_Burns,shared_genes,quantile_rank,random_forest,220,25,"{'keloid': 129, 'non_keloid': 91}","{'keloid': 17, 'non_keloid': 8}",0.32,0.1551515152,0.5,0.24242424240000002,0.5,"[[0, 17], [0, 8]]","['keloid', 'non_keloid']"
keloid_binary,leave_accession_out_Sun_Burns,shared_genes,quantile_rank,hist_gradient_boosting,220,25,"{'keloid': 129, 'non_keloid': 91}","{'keloid': 17, 'non_keloid': 8}",0.68,0.5504761905000001,0.5,0.4047619048,0.5,"[[17, 0], [8, 0]]","['keloid', 'non_keloid']"
keloid_binary,leave_accession_out_Sun_Burns,shared_genes,quantile_rank,knn,220,25,"{'keloid': 129, 'non_keloid': 91}","{'keloid': 17, 'non_keloid': 8}",0.68,0.5504761905000001,0.5,0.4047619048,0.5,"[[17, 0], [8, 0]]","['keloid', 'non_keloid']"
