task,split_name,feature_set,model,n_train,n_test,train_label_counts,test_label_counts,accuracy,weighted_f1,balanced_accuracy,macro_f1,auroc,confusion_matrix,labels
keloid_binary,grouped_seed0_fold0,profibrotic_module_only,majority,272,129,"{'non_keloid': 155, 'keloid': 117}","{'keloid': 69, 'non_keloid': 60}",0.46511627906976744,0.2953119232189,0.5,0.31746031746031744,0.5,"[[0, 69], [0, 60]]","['keloid', 'non_keloid']"
keloid_binary,grouped_seed0_fold0,profibrotic_module_only,stratified_random,272,129,"{'non_keloid': 155, 'keloid': 117}","{'keloid': 69, 'non_keloid': 60}",0.4573643410852713,0.4520559487698011,0.4644927536231884,0.45471014492753625,0.4644927536231884,"[[25, 44], [26, 34]]","['keloid', 'non_keloid']"
keloid_binary,grouped_seed0_fold0,profibrotic_module_only,elastic_net_logreg,272,129,"{'non_keloid': 155, 'keloid': 117}","{'keloid': 69, 'non_keloid': 60}",0.5891472868217055,0.5888989023750709,0.5865942028985507,0.5866634423553594,0.6176328502415458,"[[43, 26], [27, 33]]","['keloid', 'non_keloid']"
keloid_binary,grouped_seed0_fold0,profibrotic_module_only,linear_svm,272,129,"{'non_keloid': 155, 'keloid': 117}","{'keloid': 69, 'non_keloid': 60}",0.5193798449612403,0.5088399292805658,0.530072463768116,0.5127923976608186,0.6176328502415458,"[[26, 43], [19, 41]]","['keloid', 'non_keloid']"
keloid_binary,grouped_seed0_fold0,profibrotic_module_only,random_forest,272,129,"{'non_keloid': 155, 'keloid': 117}","{'keloid': 69, 'non_keloid': 60}",0.6511627906976745,0.6504015529250561,0.6478260869565218,0.6481178396072014,0.6704106280193237,"[[48, 21], [24, 36]]","['keloid', 'non_keloid']"
keloid_binary,grouped_seed0_fold0,profibrotic_module_only,hist_gradient_boosting,272,129,"{'non_keloid': 155, 'keloid': 117}","{'keloid': 69, 'non_keloid': 60}",0.6201550387596899,0.6203383505585631,0.6188405797101448,0.6186885443687036,0.6516908212560387,"[[44, 25], [24, 36]]","['keloid', 'non_keloid']"
keloid_binary,grouped_seed0_fold0,profibrotic_module_only,knn,272,129,"{'non_keloid': 155, 'keloid': 117}","{'keloid': 69, 'non_keloid': 60}",0.6434108527131783,0.6438400644937354,0.643840579710145,0.642874337987482,0.6380434782608696,"[[44, 25], [21, 39]]","['keloid', 'non_keloid']"
keloid_binary,grouped_seed0_fold0,profibrotic_module_only,small_mlp,272,129,"{'non_keloid': 155, 'keloid': 117}","{'keloid': 69, 'non_keloid': 60}",0.627906976744186,0.6204706588762384,0.6184782608695653,0.6156901688182721,0.6,"[[52, 17], [31, 29]]","['keloid', 'non_keloid']"
keloid_binary,grouped_seed0_fold0,shared_genes_plus_modules,majority,272,129,"{'non_keloid': 155, 'keloid': 117}","{'keloid': 69, 'non_keloid': 60}",0.46511627906976744,0.2953119232189,0.5,0.31746031746031744,0.5,"[[0, 69], [0, 60]]","['keloid', 'non_keloid']"
keloid_binary,grouped_seed0_fold0,shared_genes_plus_modules,stratified_random,272,129,"{'non_keloid': 155, 'keloid': 117}","{'keloid': 69, 'non_keloid': 60}",0.4573643410852713,0.4520559487698011,0.4644927536231884,0.45471014492753625,0.4644927536231884,"[[25, 44], [26, 34]]","['keloid', 'non_keloid']"
keloid_binary,grouped_seed0_fold0,shared_genes_plus_modules,elastic_net_logreg,272,129,"{'non_keloid': 155, 'keloid': 117}","{'keloid': 69, 'non_keloid': 60}",0.7209302325581395,0.7212322561159771,0.7228260869565217,0.7207792207792207,0.807487922705314,"[[48, 21], [15, 45]]","['keloid', 'non_keloid']"
keloid_binary,grouped_seed0_fold0,shared_genes_plus_modules,linear_svm,272,129,"{'non_keloid': 155, 'keloid': 117}","{'keloid': 69, 'non_keloid': 60}",0.7829457364341085,0.7811404906021027,0.777536231884058,0.779109589041096,0.8236714975845411,"[[59, 10], [18, 42]]","['keloid', 'non_keloid']"
keloid_binary,grouped_seed0_fold0,shared_genes_plus_modules,random_forest,272,129,"{'non_keloid': 155, 'keloid': 117}","{'keloid': 69, 'non_keloid': 60}",0.6046511627906976,0.6014076662677764,0.6119565217391305,0.6031248114857936,0.7400966183574879,"[[35, 34], [17, 43]]","['keloid', 'non_keloid']"
keloid_binary,grouped_seed0_fold0,shared_genes_plus_modules,hist_gradient_boosting,272,129,"{'non_keloid': 155, 'keloid': 117}","{'keloid': 69, 'non_keloid': 60}",0.5813953488372093,0.5677161305068281,0.5945652173913043,0.5721130221130221,0.7028985507246376,"[[28, 41], [13, 47]]","['keloid', 'non_keloid']"
keloid_binary,grouped_seed0_fold0,shared_genes_plus_modules,knn,272,129,"{'non_keloid': 155, 'keloid': 117}","{'keloid': 69, 'non_keloid': 60}",0.7286821705426356,0.728518143077877,0.7268115942028985,0.7270418958950486,0.7305555555555556,"[[52, 17], [18, 42]]","['keloid', 'non_keloid']"
keloid_binary,grouped_seed0_fold0,shared_genes_plus_modules,small_mlp,272,129,"{'non_keloid': 155, 'keloid': 117}","{'keloid': 69, 'non_keloid': 60}",0.6046511627906976,0.6025083506649019,0.6108695652173912,0.6037940379403794,0.7456521739130434,"[[36, 33], [18, 42]]","['keloid', 'non_keloid']"
keloid_binary,grouped_seed0_fold0,published_markers_only,majority,272,129,"{'non_keloid': 155, 'keloid': 117}","{'keloid': 69, 'non_keloid': 60}",0.46511627906976744,0.2953119232189,0.5,0.31746031746031744,0.5,"[[0, 69], [0, 60]]","['keloid', 'non_keloid']"
keloid_binary,grouped_seed0_fold0,published_markers_only,stratified_random,272,129,"{'non_keloid': 155, 'keloid': 117}","{'keloid': 69, 'non_keloid': 60}",0.4573643410852713,0.4520559487698011,0.4644927536231884,0.45471014492753625,0.4644927536231884,"[[25, 44], [26, 34]]","['keloid', 'non_keloid']"
keloid_binary,grouped_seed0_fold0,published_markers_only,elastic_net_logreg,272,129,"{'non_keloid': 155, 'keloid': 117}","{'keloid': 69, 'non_keloid': 60}",0.6821705426356589,0.6823239259775734,0.681159420289855,0.6809434759003439,0.7125603864734299,"[[48, 21], [20, 40]]","['keloid', 'non_keloid']"
keloid_binary,grouped_seed0_fold0,published_markers_only,linear_svm,272,129,"{'non_keloid': 155, 'keloid': 117}","{'keloid': 69, 'non_keloid': 60}",0.6666666666666666,0.6668275321228208,0.6655797101449276,0.6653797430174337,0.688647342995169,"[[47, 22], [21, 39]]","['keloid', 'non_keloid']"
keloid_binary,grouped_seed0_fold0,published_markers_only,random_forest,272,129,"{'non_keloid': 155, 'keloid': 117}","{'keloid': 69, 'non_keloid': 60}",0.6666666666666666,0.6648599819331527,0.6731884057971015,0.6659439927732611,0.7632850241545893,"[[40, 29], [14, 46]]","['keloid', 'non_keloid']"
keloid_binary,grouped_seed0_fold0,published_markers_only,hist_gradient_boosting,272,129,"{'non_keloid': 155, 'keloid': 117}","{'keloid': 69, 'non_keloid': 60}",0.6434108527131783,0.6410037900024669,0.6503623188405797,0.6423577627772421,0.7495169082125603,"[[38, 31], [15, 45]]","['keloid', 'non_keloid']"
keloid_binary,grouped_seed0_fold0,published_markers_only,knn,272,129,"{'non_keloid': 155, 'keloid': 117}","{'keloid': 69, 'non_keloid': 60}",0.6744186046511628,0.6745751341681575,0.6771739130434782,0.6743990384615385,0.72487922705314,"[[44, 25], [17, 43]]","['keloid', 'non_keloid']"
keloid_binary,grouped_seed0_fold0,published_markers_only,small_mlp,272,129,"{'non_keloid': 155, 'keloid': 117}","{'keloid': 69, 'non_keloid': 60}",0.6511627906976745,0.64927207411609,0.6576086956521738,0.6504065040650406,0.7458937198067632,"[[39, 30], [15, 45]]","['keloid', 'non_keloid']"
keloid_binary,grouped_seed0_fold0,shared_genes,majority,272,129,"{'non_keloid': 155, 'keloid': 117}","{'keloid': 69, 'non_keloid': 60}",0.46511627906976744,0.2953119232189,0.5,0.31746031746031744,0.5,"[[0, 69], [0, 60]]","['keloid', 'non_keloid']"
keloid_binary,grouped_seed0_fold0,shared_genes,stratified_random,272,129,"{'non_keloid': 155, 'keloid': 117}","{'keloid': 69, 'non_keloid': 60}",0.4573643410852713,0.4520559487698011,0.4644927536231884,0.45471014492753625,0.4644927536231884,"[[25, 44], [26, 34]]","['keloid', 'non_keloid']"
keloid_binary,grouped_seed0_fold0,shared_genes,elastic_net_logreg,272,129,"{'non_keloid': 155, 'keloid': 117}","{'keloid': 69, 'non_keloid': 60}",0.7054263565891473,0.7055679785330948,0.7083333333333333,0.7054086538461539,0.8101449275362318,"[[46, 23], [15, 45]]","['keloid', 'non_keloid']"
keloid_binary,grouped_seed0_fold0,shared_genes,linear_svm,272,129,"{'non_keloid': 155, 'keloid': 117}","{'keloid': 69, 'non_keloid': 60}",0.7906976744186046,0.7892669841247311,0.7858695652173913,0.7874275251754653,0.826328502415459,"[[59, 10], [17, 43]]","['keloid', 'non_keloid']"
keloid_binary,grouped_seed0_fold0,shared_genes,random_forest,272,129,"{'non_keloid': 155, 'keloid': 117}","{'keloid': 69, 'non_keloid': 60}",0.6124031007751938,0.6097867282635508,0.6192028985507246,0.61125843780135,0.7531400966183575,"[[36, 33], [17, 43]]","['keloid', 'non_keloid']"
keloid_binary,grouped_seed0_fold0,shared_genes,hist_gradient_boosting,272,129,"{'non_keloid': 155, 'keloid': 117}","{'keloid': 69, 'non_keloid': 60}",0.5736434108527132,0.5609444280540626,0.586231884057971,0.5651774223202795,0.6983091787439613,"[[28, 41], [14, 46]]","['keloid', 'non_keloid']"
keloid_binary,grouped_seed0_fold0,shared_genes,knn,272,129,"{'non_keloid': 155, 'keloid': 117}","{'keloid': 69, 'non_keloid': 60}",0.7364341085271318,0.7360831127878822,0.7340579710144928,0.734503631961259,0.7332125603864734,"[[53, 16], [18, 42]]","['keloid', 'non_keloid']"
keloid_binary,grouped_seed0_fold0,modules_only,majority,272,129,"{'non_keloid': 155, 'keloid': 117}","{'keloid': 69, 'non_keloid': 60}",0.46511627906976744,0.2953119232189,0.5,0.31746031746031744,0.5,"[[0, 69], [0, 60]]","['keloid', 'non_keloid']"
keloid_binary,grouped_seed0_fold0,modules_only,stratified_random,272,129,"{'non_keloid': 155, 'keloid': 117}","{'keloid': 69, 'non_keloid': 60}",0.4573643410852713,0.4520559487698011,0.4644927536231884,0.45471014492753625,0.4644927536231884,"[[25, 44], [26, 34]]","['keloid', 'non_keloid']"
keloid_binary,grouped_seed0_fold0,modules_only,elastic_net_logreg,272,129,"{'non_keloid': 155, 'keloid': 117}","{'keloid': 69, 'non_keloid': 60}",0.627906976744186,0.6214464009397201,0.6380434782608696,0.6240893637688198,0.6983091787439614,"[[34, 35], [13, 47]]","['keloid', 'non_keloid']"
keloid_binary,grouped_seed0_fold0,modules_only,linear_svm,272,129,"{'non_keloid': 155, 'keloid': 117}","{'keloid': 69, 'non_keloid': 60}",0.627906976744186,0.6214464009397201,0.6380434782608696,0.6240893637688198,0.6985507246376812,"[[34, 35], [13, 47]]","['keloid', 'non_keloid']"
keloid_binary,grouped_seed0_fold0,modules_only,random_forest,272,129,"{'non_keloid': 155, 'keloid': 117}","{'keloid': 69, 'non_keloid': 60}",0.6434108527131783,0.6372194675672318,0.6536231884057971,0.639752306945119,0.7403381642512077,"[[35, 34], [12, 48]]","['keloid', 'non_keloid']"
keloid_binary,grouped_seed0_fold0,modules_only,hist_gradient_boosting,272,129,"{'non_keloid': 155, 'keloid': 117}","{'keloid': 69, 'non_keloid': 60}",0.6201550387596899,0.619652749335678,0.6242753623188406,0.6200637134098697,0.686111111111111,"[[39, 30], [19, 41]]","['keloid', 'non_keloid']"
keloid_binary,grouped_seed0_fold0,modules_only,knn,272,129,"{'non_keloid': 155, 'keloid': 117}","{'keloid': 69, 'non_keloid': 60}",0.6976744186046512,0.6979288249362935,0.7,0.6976017310813247,0.7141304347826087,"[[46, 23], [16, 44]]","['keloid', 'non_keloid']"
keloid_binary,grouped_seed0_fold0,modules_only,small_mlp,272,129,"{'non_keloid': 155, 'keloid': 117}","{'keloid': 69, 'non_keloid': 60}",0.5658914728682171,0.535613776861937,0.5844202898550724,0.5427848101265823,0.7009661835748792,"[[22, 47], [9, 51]]","['keloid', 'non_keloid']"
keloid_binary,grouped_seed0_fold0,low_i2_core_only,majority,272,129,"{'non_keloid': 155, 'keloid': 117}","{'keloid': 69, 'non_keloid': 60}",0.46511627906976744,0.2953119232189,0.5,0.31746031746031744,0.5,"[[0, 69], [0, 60]]","['keloid', 'non_keloid']"
keloid_binary,grouped_seed0_fold0,low_i2_core_only,stratified_random,272,129,"{'non_keloid': 155, 'keloid': 117}","{'keloid': 69, 'non_keloid': 60}",0.4573643410852713,0.4520559487698011,0.4644927536231884,0.45471014492753625,0.4644927536231884,"[[25, 44], [26, 34]]","['keloid', 'non_keloid']"
keloid_binary,grouped_seed0_fold0,low_i2_core_only,elastic_net_logreg,272,129,"{'non_keloid': 155, 'keloid': 117}","{'keloid': 69, 'non_keloid': 60}",0.6821705426356589,0.6790150378190245,0.6757246376811594,0.6758595330023902,0.7536231884057971,"[[53, 16], [25, 35]]","['keloid', 'non_keloid']"
keloid_binary,grouped_seed0_fold0,low_i2_core_only,linear_svm,272,129,"{'non_keloid': 155, 'keloid': 117}","{'keloid': 69, 'non_keloid': 60}",0.6976744186046512,0.693579127187437,0.6902173913043479,0.6902284342097162,0.7632850241545893,"[[55, 14], [25, 35]]","['keloid', 'non_keloid']"
keloid_binary,grouped_seed0_fold0,low_i2_core_only,random_forest,272,129,"{'non_keloid': 155, 'keloid': 117}","{'keloid': 69, 'non_keloid': 60}",0.6821705426356589,0.6825150732127477,0.6822463768115943,0.6814814814814815,0.7485507246376811,"[[47, 22], [19, 41]]","['keloid', 'non_keloid']"
keloid_binary,grouped_seed0_fold0,low_i2_core_only,hist_gradient_boosting,272,129,"{'non_keloid': 155, 'keloid': 117}","{'keloid': 69, 'non_keloid': 60}",0.6666666666666666,0.6668275321228208,0.6655797101449276,0.6653797430174337,0.7630434782608695,"[[47, 22], [21, 39]]","['keloid', 'non_keloid']"
keloid_binary,grouped_seed0_fold0,low_i2_core_only,knn,272,129,"{'non_keloid': 155, 'keloid': 117}","{'keloid': 69, 'non_keloid': 60}",0.7286821705426356,0.7275272755555869,0.7246376811594203,0.7254484645788993,0.740096618357488,"[[54, 15], [20, 40]]","['keloid', 'non_keloid']"
keloid_binary,grouped_seed0_fold0,low_i2_core_only,small_mlp,272,129,"{'non_keloid': 155, 'keloid': 117}","{'keloid': 69, 'non_keloid': 60}",0.6124031007751938,0.581751305173232,0.6322463768115942,0.5886479591836735,0.743719806763285,"[[24, 45], [5, 55]]","['keloid', 'non_keloid']"
keloid_binary,grouped_seed0_fold1,profibrotic_module_only,majority,290,49,"{'non_keloid': 199, 'keloid': 91}","{'keloid': 45, 'non_keloid': 4}",0.08163265306122448,0.012321909896033885,0.5,0.07547169811320754,0.5,"[[0, 45], [0, 4]]","['keloid', 'non_keloid']"
keloid_binary,grouped_seed0_fold1,profibrotic_module_only,stratified_random,290,49,"{'non_keloid': 199, 'keloid': 91}","{'keloid': 45, 'non_keloid': 4}",0.3469387755102041,0.45344159169043957,0.41666666666666663,0.29749103942652333,0.41666666666666663,"[[15, 30], [2, 2]]","['keloid', 'non_keloid']"
keloid_binary,grouped_seed0_fold1,profibrotic_module_only,elastic_net_logreg,290,49,"{'non_keloid': 199, 'keloid': 91}","{'keloid': 45, 'non_keloid': 4}",0.7551020408163265,0.7988338192419824,0.525,0.5,0.6888888888888888,"[[36, 9], [3, 1]]","['keloid', 'non_keloid']"
keloid_binary,grouped_seed0_fold1,profibrotic_module_only,linear_svm,290,49,"{'non_keloid': 199, 'keloid': 91}","{'keloid': 45, 'non_keloid': 4}",0.7551020408163265,0.7988338192419824,0.525,0.5,0.6888888888888888,"[[36, 9], [3, 1]]","['keloid', 'non_keloid']"
keloid_binary,grouped_seed0_fold1,profibrotic_module_only,random_forest,290,49,"{'non_keloid': 199, 'keloid': 91}","{'keloid': 45, 'non_keloid': 4}",0.6326530612244898,0.7138932496075354,0.8,0.5288461538461539,0.8111111111111111,"[[27, 18], [0, 4]]","['keloid', 'non_keloid']"
keloid_binary,grouped_seed0_fold1,profibrotic_module_only,hist_gradient_boosting,290,49,"{'non_keloid': 199, 'keloid': 91}","{'keloid': 45, 'non_keloid': 4}",0.5102040816326531,0.6048237476808905,0.7333333333333334,0.4431818181818182,0.8694444444444445,"[[21, 24], [0, 4]]","['keloid', 'non_keloid']"
keloid_binary,grouped_seed0_fold1,profibrotic_module_only,knn,290,49,"{'non_keloid': 199, 'keloid': 91}","{'keloid': 45, 'non_keloid': 4}",0.5918367346938775,0.6793002915451897,0.7777777777777778,0.5,0.8,"[[25, 20], [0, 4]]","['keloid', 'non_keloid']"
keloid_binary,grouped_seed0_fold1,profibrotic_module_only,small_mlp,290,49,"{'non_keloid': 199, 'keloid': 91}","{'keloid': 45, 'non_keloid': 4}",0.7551020408163265,0.7988338192419824,0.525,0.5,0.6888888888888888,"[[36, 9], [3, 1]]","['keloid', 'non_keloid']"
keloid_binary,grouped_seed0_fold1,shared_genes_plus_modules,majority,290,49,"{'non_keloid': 199, 'keloid': 91}","{'keloid': 45, 'non_keloid': 4}",0.08163265306122448,0.012321909896033885,0.5,0.07547169811320754,0.5,"[[0, 45], [0, 4]]","['keloid', 'non_keloid']"
keloid_binary,grouped_seed0_fold1,shared_genes_plus_modules,stratified_random,290,49,"{'non_keloid': 199, 'keloid': 91}","{'keloid': 45, 'non_keloid': 4}",0.3469387755102041,0.45344159169043957,0.41666666666666663,0.29749103942652333,0.41666666666666663,"[[15, 30], [2, 2]]","['keloid', 'non_keloid']"
keloid_binary,grouped_seed0_fold1,shared_genes_plus_modules,elastic_net_logreg,290,49,"{'non_keloid': 199, 'keloid': 91}","{'keloid': 45, 'non_keloid': 4}",0.9387755102040817,0.9460687096155076,0.9666666666666667,0.8463949843260188,0.9888888888888889,"[[42, 3], [0, 4]]","['keloid', 'non_keloid']"
keloid_binary,grouped_seed0_fold1,shared_genes_plus_modules,linear_svm,290,49,"{'non_keloid': 199, 'keloid': 91}","{'keloid': 45, 'non_keloid': 4}",0.9591836734693877,0.9628014842300557,0.9777777777777779,0.8886363636363637,0.9888888888888888,"[[43, 2], [0, 4]]","['keloid', 'non_keloid']"
keloid_binary,grouped_seed0_fold1,shared_genes_plus_modules,random_forest,290,49,"{'non_keloid': 199, 'keloid': 91}","{'keloid': 45, 'non_keloid': 4}",0.5510204081632653,0.6430172068827531,0.7555555555555555,0.4715686274509804,0.95,"[[23, 22], [0, 4]]","['keloid', 'non_keloid']"
keloid_binary,grouped_seed0_fold1,shared_genes_plus_modules,hist_gradient_boosting,290,49,"{'non_keloid': 199, 'keloid': 91}","{'keloid': 45, 'non_keloid': 4}",0.32653061224489793,0.4172631242849161,0.5194444444444444,0.2972620599739244,0.65,"[[13, 32], [1, 3]]","['keloid', 'non_keloid']"
keloid_binary,grouped_seed0_fold1,shared_genes_plus_modules,knn,290,49,"{'non_keloid': 199, 'keloid': 91}","{'keloid': 45, 'non_keloid': 4}",0.7959183673469388,0.8140074211502782,0.43333333333333335,0.4431818181818182,0.28888888888888886,"[[39, 6], [4, 0]]","['keloid', 'non_keloid']"
keloid_binary,grouped_seed0_fold1,shared_genes_plus_modules,small_mlp,290,49,"{'non_keloid': 199, 'keloid': 91}","{'keloid': 45, 'non_keloid': 4}",0.8571428571428571,0.8844520940906483,0.9222222222222223,0.7244979919678715,0.9444444444444444,"[[38, 7], [0, 4]]","['keloid', 'non_keloid']"
keloid_binary,grouped_seed0_fold1,published_markers_only,majority,290,49,"{'non_keloid': 199, 'keloid': 91}","{'keloid': 45, 'non_keloid': 4}",0.08163265306122448,0.012321909896033885,0.5,0.07547169811320754,0.5,"[[0, 45], [0, 4]]","['keloid', 'non_keloid']"
keloid_binary,grouped_seed0_fold1,published_markers_only,stratified_random,290,49,"{'non_keloid': 199, 'keloid': 91}","{'keloid': 45, 'non_keloid': 4}",0.3469387755102041,0.45344159169043957,0.41666666666666663,0.29749103942652333,0.41666666666666663,"[[15, 30], [2, 2]]","['keloid', 'non_keloid']"
keloid_binary,grouped_seed0_fold1,published_markers_only,elastic_net_logreg,290,49,"{'non_keloid': 199, 'keloid': 91}","{'keloid': 45, 'non_keloid': 4}",0.7755102040816326,0.8120786776248962,0.5361111111111111,0.5122171945701357,0.7666666666666666,"[[37, 8], [3, 1]]","['keloid', 'non_keloid']"
keloid_binary,grouped_seed0_fold1,published_markers_only,linear_svm,290,49,"{'non_keloid': 199, 'keloid': 91}","{'keloid': 45, 'non_keloid': 4}",0.7959183673469388,0.8251858883088119,0.5472222222222223,0.5251937984496124,0.7555555555555555,"[[38, 7], [3, 1]]","['keloid', 'non_keloid']"
keloid_binary,grouped_seed0_fold1,published_markers_only,random_forest,290,49,"{'non_keloid': 199, 'keloid': 91}","{'keloid': 45, 'non_keloid': 4}",0.6122448979591837,0.6967945237562944,0.7888888888888889,0.5143453312467396,0.7888888888888889,"[[26, 19], [0, 4]]","['keloid', 'non_keloid']"
keloid_binary,grouped_seed0_fold1,published_markers_only,hist_gradient_boosting,290,49,"{'non_keloid': 199, 'keloid': 91}","{'keloid': 45, 'non_keloid': 4}",0.6530612244897959,0.7314995563442768,0.6972222222222222,0.5171014492753623,0.7111111111111111,"[[29, 16], [1, 3]]","['keloid', 'non_keloid']"
keloid_binary,grouped_seed0_fold1,published_markers_only,knn,290,49,"{'non_keloid': 199, 'keloid': 91}","{'keloid': 45, 'non_keloid': 4}",0.8367346938775511,0.8658892128279884,0.7972222222222223,0.6666666666666666,0.8861111111111111,"[[38, 7], [1, 3]]","['keloid', 'non_keloid']"
keloid_binary,grouped_seed0_fold1,published_markers_only,small_mlp,290,49,"{'non_keloid': 199, 'keloid': 91}","{'keloid': 45, 'non_keloid': 4}",0.4489795918367347,0.5517339803054089,0.5861111111111111,0.3832167832167832,0.7333333333333334,"[[19, 26], [1, 3]]","['keloid', 'non_keloid']"
keloid_binary,grouped_seed0_fold1,shared_genes,majority,290,49,"{'non_keloid': 199, 'keloid': 91}","{'keloid': 45, 'non_keloid': 4}",0.08163265306122448,0.012321909896033885,0.5,0.07547169811320754,0.5,"[[0, 45], [0, 4]]","['keloid', 'non_keloid']"
keloid_binary,grouped_seed0_fold1,shared_genes,stratified_random,290,49,"{'non_keloid': 199, 'keloid': 91}","{'keloid': 45, 'non_keloid': 4}",0.3469387755102041,0.45344159169043957,0.41666666666666663,0.29749103942652333,0.41666666666666663,"[[15, 30], [2, 2]]","['keloid', 'non_keloid']"
keloid_binary,grouped_seed0_fold1,shared_genes,elastic_net_logreg,290,49,"{'non_keloid': 199, 'keloid': 91}","{'keloid': 45, 'non_keloid': 4}",0.9387755102040817,0.9460687096155076,0.9666666666666667,0.8463949843260188,0.9888888888888889,"[[42, 3], [0, 4]]","['keloid', 'non_keloid']"
keloid_binary,grouped_seed0_fold1,shared_genes,linear_svm,290,49,"{'non_keloid': 199, 'keloid': 91}","{'keloid': 45, 'non_keloid': 4}",0.9591836734693877,0.9628014842300557,0.9777777777777779,0.8886363636363637,0.9888888888888888,"[[43, 2], [0, 4]]","['keloid', 'non_keloid']"
keloid_binary,grouped_seed0_fold1,shared_genes,random_forest,290,49,"{'non_keloid': 199, 'keloid': 91}","{'keloid': 45, 'non_keloid': 4}",0.40816326530612246,0.4994167804472255,0.6777777777777778,0.37040319007532124,0.9333333333333333,"[[16, 29], [0, 4]]","['keloid', 'non_keloid']"
keloid_binary,grouped_seed0_fold1,shared_genes,hist_gradient_boosting,290,49,"{'non_keloid': 199, 'keloid': 91}","{'keloid': 45, 'non_keloid': 4}",0.2653061224489796,0.33965014577259484,0.4861111111111111,0.25,0.6333333333333333,"[[10, 35], [1, 3]]","['keloid', 'non_keloid']"
keloid_binary,grouped_seed0_fold1,shared_genes,knn,290,49,"{'non_keloid': 199, 'keloid': 91}","{'keloid': 45, 'non_keloid': 4}",0.7959183673469388,0.8140074211502782,0.43333333333333335,0.4431818181818182,0.2777777777777778,"[[39, 6], [4, 0]]","['keloid', 'non_keloid']"
keloid_binary,grouped_seed0_fold1,modules_only,majority,290,49,"{'non_keloid': 199, 'keloid': 91}","{'keloid': 45, 'non_keloid': 4}",0.08163265306122448,0.012321909896033885,0.5,0.07547169811320754,0.5,"[[0, 45], [0, 4]]","['keloid', 'non_keloid']"
keloid_binary,grouped_seed0_fold1,modules_only,stratified_random,290,49,"{'non_keloid': 199, 'keloid': 91}","{'keloid': 45, 'non_keloid': 4}",0.3469387755102041,0.45344159169043957,0.41666666666666663,0.29749103942652333,0.41666666666666663,"[[15, 30], [2, 2]]","['keloid', 'non_keloid']"
keloid_binary,grouped_seed0_fold1,modules_only,elastic_net_logreg,290,49,"{'non_keloid': 199, 'keloid': 91}","{'keloid': 45, 'non_keloid': 4}",0.7755102040816326,0.8120786776248962,0.5361111111111111,0.5122171945701357,0.7888888888888889,"[[37, 8], [3, 1]]","['keloid', 'non_keloid']"
keloid_binary,grouped_seed0_fold1,modules_only,linear_svm,290,49,"{'non_keloid': 199, 'keloid': 91}","{'keloid': 45, 'non_keloid': 4}",0.7755102040816326,0.8120786776248962,0.5361111111111111,0.5122171945701357,0.7777777777777778,"[[37, 8], [3, 1]]","['keloid', 'non_keloid']"
keloid_binary,grouped_seed0_fold1,modules_only,random_forest,290,49,"{'non_keloid': 199, 'keloid': 91}","{'keloid': 45, 'non_keloid': 4}",0.7346938775510204,0.7944164678858557,0.8555555555555556,0.6060606060606061,0.7944444444444444,"[[32, 13], [0, 4]]","['keloid', 'non_keloid']"
keloid_binary,grouped_seed0_fold1,modules_only,hist_gradient_boosting,290,49,"{'non_keloid': 199, 'keloid': 91}","{'keloid': 45, 'non_keloid': 4}",0.7142857142857143,0.778879015721121,0.8444444444444444,0.5897129186602871,0.8333333333333333,"[[31, 14], [0, 4]]","['keloid', 'non_keloid']"
keloid_binary,grouped_seed0_fold1,modules_only,knn,290,49,"{'non_keloid': 199, 'keloid': 91}","{'keloid': 45, 'non_keloid': 4}",0.7346938775510204,0.7901827397625717,0.6277777777777778,0.5374001452432825,0.7055555555555555,"[[34, 11], [2, 2]]","['keloid', 'non_keloid']"
keloid_binary,grouped_seed0_fold1,modules_only,small_mlp,290,49,"{'non_keloid': 199, 'keloid': 91}","{'keloid': 45, 'non_keloid': 4}",0.6122448979591837,0.6989320659770758,0.675,0.4898630136986301,0.8222222222222222,"[[27, 18], [1, 3]]","['keloid', 'non_keloid']"
keloid_binary,grouped_seed0_fold1,low_i2_core_only,majority,290,49,"{'non_keloid': 199, 'keloid': 91}","{'keloid': 45, 'non_keloid': 4}",0.08163265306122448,0.012321909896033885,0.5,0.07547169811320754,0.5,"[[0, 45], [0, 4]]","['keloid', 'non_keloid']"
keloid_binary,grouped_seed0_fold1,low_i2_core_only,stratified_random,290,49,"{'non_keloid': 199, 'keloid': 91}","{'keloid': 45, 'non_keloid': 4}",0.3469387755102041,0.45344159169043957,0.41666666666666663,0.29749103942652333,0.41666666666666663,"[[15, 30], [2, 2]]","['keloid', 'non_keloid']"
keloid_binary,grouped_seed0_fold1,low_i2_core_only,elastic_net_logreg,290,49,"{'non_keloid': 199, 'keloid': 91}","{'keloid': 45, 'non_keloid': 4}",0.9183673469387755,0.9300743553235247,0.9555555555555555,0.810077519379845,0.9722222222222222,"[[41, 4], [0, 4]]","['keloid', 'non_keloid']"
keloid_binary,grouped_seed0_fold1,low_i2_core_only,linear_svm,290,49,"{'non_keloid': 199, 'keloid': 91}","{'keloid': 45, 'non_keloid': 4}",0.9387755102040817,0.9460687096155076,0.9666666666666667,0.8463949843260188,0.9833333333333334,"[[42, 3], [0, 4]]","['keloid', 'non_keloid']"
keloid_binary,grouped_seed0_fold1,low_i2_core_only,random_forest,290,49,"{'non_keloid': 199, 'keloid': 91}","{'keloid': 45, 'non_keloid': 4}",0.6938775510204082,0.7630878438331854,0.8333333333333333,0.5739130434782609,0.9222222222222223,"[[30, 15], [0, 4]]","['keloid', 'non_keloid']"
keloid_binary,grouped_seed0_fold1,low_i2_core_only,hist_gradient_boosting,290,49,"{'non_keloid': 199, 'keloid': 91}","{'keloid': 45, 'non_keloid': 4}",0.7959183673469388,0.8369835739173719,0.775,0.6265243902439024,0.9277777777777778,"[[36, 9], [1, 3]]","['keloid', 'non_keloid']"
keloid_binary,grouped_seed0_fold1,low_i2_core_only,knn,290,49,"{'non_keloid': 199, 'keloid': 91}","{'keloid': 45, 'non_keloid': 4}",0.8163265306122449,0.8547418967587035,0.9,0.6797385620915033,0.95,"[[36, 9], [0, 4]]","['keloid', 'non_keloid']"
keloid_binary,grouped_seed0_fold1,low_i2_core_only,small_mlp,290,49,"{'non_keloid': 199, 'keloid': 91}","{'keloid': 45, 'non_keloid': 4}",0.6530612244897959,0.7306234274531731,0.8111111111111111,0.5435616438356164,0.9222222222222222,"[[28, 17], [0, 4]]","['keloid', 'non_keloid']"
keloid_binary,grouped_seed0_fold2,profibrotic_module_only,majority,307,66,"{'non_keloid': 170, 'keloid': 137}","{'non_keloid': 56, 'keloid': 10}",0.8484848484848485,0.7789369100844511,0.5,0.45901639344262296,0.5,"[[0, 10], [0, 56]]","['keloid', 'non_keloid']"
keloid_binary,grouped_seed0_fold2,profibrotic_module_only,stratified_random,307,66,"{'non_keloid': 170, 'keloid': 137}","{'non_keloid': 56, 'keloid': 10}",0.5606060606060606,0.6227535904955259,0.5357142857142857,0.47229114971050457,0.5357142857142857,"[[5, 5], [24, 32]]","['keloid', 'non_keloid']"
keloid_binary,grouped_seed0_fold2,profibrotic_module_only,elastic_net_logreg,307,66,"{'non_keloid': 170, 'keloid': 137}","{'non_keloid': 56, 'keloid': 10}",0.7121212121212122,0.7475199132816508,0.6660714285714285,0.5994889811561801,0.6,"[[6, 4], [15, 41]]","['keloid', 'non_keloid']"
keloid_binary,grouped_seed0_fold2,profibrotic_module_only,linear_svm,307,66,"{'non_keloid': 170, 'keloid': 137}","{'non_keloid': 56, 'keloid': 10}",0.7121212121212122,0.7475199132816508,0.6660714285714285,0.5994889811561801,0.6,"[[6, 4], [15, 41]]","['keloid', 'non_keloid']"
keloid_binary,grouped_seed0_fold2,profibrotic_module_only,random_forest,307,66,"{'non_keloid': 170, 'keloid': 137}","{'non_keloid': 56, 'keloid': 10}",0.6666666666666666,0.7091666666666666,0.5982142857142857,0.54625,0.5589285714285714,"[[5, 5], [17, 39]]","['keloid', 'non_keloid']"
keloid_binary,grouped_seed0_fold2,profibrotic_module_only,hist_gradient_boosting,307,66,"{'non_keloid': 170, 'keloid': 137}","{'non_keloid': 56, 'keloid': 10}",0.7424242424242424,0.7672278338945006,0.6428571428571428,0.6042328042328042,0.6080357142857142,"[[5, 5], [12, 44]]","['keloid', 'non_keloid']"
keloid_binary,grouped_seed0_fold2,profibrotic_module_only,knn,307,66,"{'non_keloid': 170, 'keloid': 137}","{'non_keloid': 56, 'keloid': 10}",0.6666666666666666,0.7091666666666666,0.5982142857142857,0.54625,0.6008928571428571,"[[5, 5], [17, 39]]","['keloid', 'non_keloid']"
keloid_binary,grouped_seed0_fold2,profibrotic_module_only,small_mlp,307,66,"{'non_keloid': 170, 'keloid': 137}","{'non_keloid': 56, 'keloid': 10}",0.696969696969697,0.7356060606060607,0.6571428571428571,0.5875,0.6017857142857143,"[[6, 4], [16, 40]]","['keloid', 'non_keloid']"
keloid_binary,grouped_seed0_fold2,shared_genes_plus_modules,majority,307,66,"{'non_keloid': 170, 'keloid': 137}","{'non_keloid': 56, 'keloid': 10}",0.8484848484848485,0.7789369100844511,0.5,0.45901639344262296,0.5,"[[0, 10], [0, 56]]","['keloid', 'non_keloid']"
keloid_binary,grouped_seed0_fold2,shared_genes_plus_modules,stratified_random,307,66,"{'non_keloid': 170, 'keloid': 137}","{'non_keloid': 56, 'keloid': 10}",0.5606060606060606,0.6227535904955259,0.5357142857142857,0.47229114971050457,0.5357142857142857,"[[5, 5], [24, 32]]","['keloid', 'non_keloid']"
keloid_binary,grouped_seed0_fold2,shared_genes_plus_modules,elastic_net_logreg,307,66,"{'non_keloid': 170, 'keloid': 137}","{'non_keloid': 56, 'keloid': 10}",0.6060606060606061,0.6610870610870611,0.6857142857142857,0.5460317460317461,0.7125,"[[8, 2], [24, 32]]","['keloid', 'non_keloid']"
keloid_binary,grouped_seed0_fold2,shared_genes_plus_modules,linear_svm,307,66,"{'non_keloid': 170, 'keloid': 137}","{'non_keloid': 56, 'keloid': 10}",0.45454545454545453,0.5227272727272727,0.5142857142857142,0.4107142857142857,0.5982142857142857,"[[6, 4], [32, 24]]","['keloid', 'non_keloid']"
keloid_binary,grouped_seed0_fold2,shared_genes_plus_modules,random_forest,307,66,"{'non_keloid': 170, 'keloid': 137}","{'non_keloid': 56, 'keloid': 10}",0.8333333333333334,0.8208013640238704,0.6142857142857143,0.6286445012787724,0.6714285714285715,"[[3, 7], [4, 52]]","['keloid', 'non_keloid']"
keloid_binary,grouped_seed0_fold2,shared_genes_plus_modules,hist_gradient_boosting,307,66,"{'non_keloid': 170, 'keloid': 137}","{'non_keloid': 56, 'keloid': 10}",0.7575757575757576,0.7786867220829485,0.6517857142857143,0.6168359941944848,0.6875,"[[5, 5], [11, 45]]","['keloid', 'non_keloid']"
keloid_binary,grouped_seed0_fold2,shared_genes_plus_modules,knn,307,66,"{'non_keloid': 170, 'keloid': 137}","{'non_keloid': 56, 'keloid': 10}",0.18181818181818182,0.21348973607038121,0.27142857142857146,0.17880184331797233,0.3053571428571429,"[[4, 6], [48, 8]]","['keloid', 'non_keloid']"
keloid_binary,grouped_seed0_fold2,shared_genes_plus_modules,small_mlp,307,66,"{'non_keloid': 170, 'keloid': 137}","{'non_keloid': 56, 'keloid': 10}",0.6060606060606061,0.6616444399199158,0.6035714285714285,0.5195968645016797,0.6464285714285715,"[[6, 4], [22, 34]]","['keloid', 'non_keloid']"
keloid_binary,grouped_seed0_fold2,published_markers_only,majority,307,66,"{'non_keloid': 170, 'keloid': 137}","{'non_keloid': 56, 'keloid': 10}",0.8484848484848485,0.7789369100844511,0.5,0.45901639344262296,0.5,"[[0, 10], [0, 56]]","['keloid', 'non_keloid']"
keloid_binary,grouped_seed0_fold2,published_markers_only,stratified_random,307,66,"{'non_keloid': 170, 'keloid': 137}","{'non_keloid': 56, 'keloid': 10}",0.5606060606060606,0.6227535904955259,0.5357142857142857,0.47229114971050457,0.5357142857142857,"[[5, 5], [24, 32]]","['keloid', 'non_keloid']"
keloid_binary,grouped_seed0_fold2,published_markers_only,elastic_net_logreg,307,66,"{'non_keloid': 170, 'keloid': 137}","{'non_keloid': 56, 'keloid': 10}",0.5757575757575758,0.635016835016835,0.6267857142857143,0.5111111111111111,0.6517857142857143,"[[7, 3], [25, 31]]","['keloid', 'non_keloid']"
keloid_binary,grouped_seed0_fold2,published_markers_only,linear_svm,307,66,"{'non_keloid': 170, 'keloid': 137}","{'non_keloid': 56, 'keloid': 10}",0.5909090909090909,0.6474570634487018,0.6767857142857143,0.5343611183694801,0.6410714285714286,"[[8, 2], [25, 31]]","['keloid', 'non_keloid']"
keloid_binary,grouped_seed0_fold2,published_markers_only,random_forest,307,66,"{'non_keloid': 170, 'keloid': 137}","{'non_keloid': 56, 'keloid': 10}",0.7878787878787878,0.7955922865013773,0.6285714285714286,0.6181818181818182,0.6714285714285714,"[[4, 6], [8, 48]]","['keloid', 'non_keloid']"
keloid_binary,grouped_seed0_fold2,published_markers_only,hist_gradient_boosting,307,66,"{'non_keloid': 170, 'keloid': 137}","{'non_keloid': 56, 'keloid': 10}",0.6363636363636364,0.6827272727272727,0.5392857142857144,0.505,0.5857142857142856,"[[4, 6], [18, 38]]","['keloid', 'non_keloid']"
keloid_binary,grouped_seed0_fold2,published_markers_only,knn,307,66,"{'non_keloid': 170, 'keloid': 137}","{'non_keloid': 56, 'keloid': 10}",0.5151515151515151,0.5835623875937426,0.4267857142857143,0.4087346024636058,0.4,"[[3, 7], [25, 31]]","['keloid', 'non_keloid']"
keloid_binary,grouped_seed0_fold2,published_markers_only,small_mlp,307,66,"{'non_keloid': 170, 'keloid': 137}","{'non_keloid': 56, 'keloid': 10}",0.696969696969697,0.7286047286047286,0.575,0.5467032967032968,0.5642857142857143,"[[4, 6], [14, 42]]","['keloid', 'non_keloid']"
keloid_binary,grouped_seed0_fold2,shared_genes,majority,307,66,"{'non_keloid': 170, 'keloid': 137}","{'non_keloid': 56, 'keloid': 10}",0.8484848484848485,0.7789369100844511,0.5,0.45901639344262296,0.5,"[[0, 10], [0, 56]]","['keloid', 'non_keloid']"
keloid_binary,grouped_seed0_fold2,shared_genes,stratified_random,307,66,"{'non_keloid': 170, 'keloid': 137}","{'non_keloid': 56, 'keloid': 10}",0.5606060606060606,0.6227535904955259,0.5357142857142857,0.47229114971050457,0.5357142857142857,"[[5, 5], [24, 32]]","['keloid', 'non_keloid']"
keloid_binary,grouped_seed0_fold2,shared_genes,elastic_net_logreg,307,66,"{'non_keloid': 170, 'keloid': 137}","{'non_keloid': 56, 'keloid': 10}",0.6212121212121212,0.6745124793905282,0.6946428571428571,0.5577593138568748,0.7160714285714287,"[[8, 2], [23, 33]]","['keloid', 'non_keloid']"
keloid_binary,grouped_seed0_fold2,shared_genes,linear_svm,307,66,"{'non_keloid': 170, 'keloid': 137}","{'non_keloid': 56, 'keloid': 10}",0.4696969696969697,0.5377934539386354,0.5232142857142857,0.42177722152690866,0.5982142857142857,"[[6, 4], [31, 25]]","['keloid', 'non_keloid']"
keloid_binary,grouped_seed0_fold2,shared_genes,random_forest,307,66,"{'non_keloid': 170, 'keloid': 137}","{'non_keloid': 56, 'keloid': 10}",0.803030303030303,0.8068328068328068,0.6375,0.6319176319176318,0.7,"[[4, 6], [7, 49]]","['keloid', 'non_keloid']"
keloid_binary,grouped_seed0_fold2,shared_genes,hist_gradient_boosting,307,66,"{'non_keloid': 170, 'keloid': 137}","{'non_keloid': 56, 'keloid': 10}",0.7424242424242424,0.7621636930048145,0.6017857142857144,0.5805607476635514,0.692857142857143,"[[4, 6], [11, 45]]","['keloid', 'non_keloid']"
keloid_binary,grouped_seed0_fold2,shared_genes,knn,307,66,"{'non_keloid': 170, 'keloid': 137}","{'non_keloid': 56, 'keloid': 10}",0.25757575757575757,0.265247190620325,0.48035714285714287,0.2574052812858783,0.37142857142857144,"[[8, 2], [47, 9]]","['keloid', 'non_keloid']"
keloid_binary,grouped_seed0_fold2,modules_only,majority,307,66,"{'non_keloid': 170, 'keloid': 137}","{'non_keloid': 56, 'keloid': 10}",0.8484848484848485,0.7789369100844511,0.5,0.45901639344262296,0.5,"[[0, 10], [0, 56]]","['keloid', 'non_keloid']"
keloid_binary,grouped_seed0_fold2,modules_only,stratified_random,307,66,"{'non_keloid': 170, 'keloid': 137}","{'non_keloid': 56, 'keloid': 10}",0.5606060606060606,0.6227535904955259,0.5357142857142857,0.47229114971050457,0.5357142857142857,"[[5, 5], [24, 32]]","['keloid', 'non_keloid']"
keloid_binary,grouped_seed0_fold2,modules_only,elastic_net_logreg,307,66,"{'non_keloid': 170, 'keloid': 137}","{'non_keloid': 56, 'keloid': 10}",0.6515151515151515,0.6972757881848791,0.5892857142857143,0.5353535353535354,0.6767857142857143,"[[5, 5], [18, 38]]","['keloid', 'non_keloid']"
keloid_binary,grouped_seed0_fold2,modules_only,linear_svm,307,66,"{'non_keloid': 170, 'keloid': 137}","{'non_keloid': 56, 'keloid': 10}",0.6363636363636364,0.6852559205500383,0.5803571428571428,0.524609843937575,0.7089285714285715,"[[5, 5], [19, 37]]","['keloid', 'non_keloid']"
keloid_binary,grouped_seed0_fold2,modules_only,random_forest,307,66,"{'non_keloid': 170, 'keloid': 137}","{'non_keloid': 56, 'keloid': 10}",0.7575757575757576,0.7575757575757576,0.5285714285714286,0.5285714285714286,0.5214285714285715,"[[2, 8], [8, 48]]","['keloid', 'non_keloid']"
keloid_binary,grouped_seed0_fold2,modules_only,hist_gradient_boosting,307,66,"{'non_keloid': 170, 'keloid': 137}","{'non_keloid': 56, 'keloid': 10}",0.6818181818181818,0.7062022090059473,0.4839285714285715,0.4818691588785047,0.44107142857142856,"[[2, 8], [13, 43]]","['keloid', 'non_keloid']"
keloid_binary,grouped_seed0_fold2,modules_only,knn,307,66,"{'non_keloid': 170, 'keloid': 137}","{'non_keloid': 56, 'keloid': 10}",0.6212121212121212,0.6677893595811195,0.4892857142857143,0.47301181731076336,0.4375,"[[3, 7], [18, 38]]","['keloid', 'non_keloid']"
keloid_binary,grouped_seed0_fold2,modules_only,small_mlp,307,66,"{'non_keloid': 170, 'keloid': 137}","{'non_keloid': 56, 'keloid': 10}",0.7424242424242424,0.7711395846648609,0.6839285714285714,0.6243722798794777,0.7428571428571429,"[[6, 4], [13, 43]]","['keloid', 'non_keloid']"
keloid_binary,grouped_seed0_fold2,low_i2_core_only,majority,307,66,"{'non_keloid': 170, 'keloid': 137}","{'non_keloid': 56, 'keloid': 10}",0.8484848484848485,0.7789369100844511,0.5,0.45901639344262296,0.5,"[[0, 10], [0, 56]]","['keloid', 'non_keloid']"
keloid_binary,grouped_seed0_fold2,low_i2_core_only,stratified_random,307,66,"{'non_keloid': 170, 'keloid': 137}","{'non_keloid': 56, 'keloid': 10}",0.5606060606060606,0.6227535904955259,0.5357142857142857,0.47229114971050457,0.5357142857142857,"[[5, 5], [24, 32]]","['keloid', 'non_keloid']"
keloid_binary,grouped_seed0_fold2,low_i2_core_only,elastic_net_logreg,307,66,"{'non_keloid': 170, 'keloid': 137}","{'non_keloid': 56, 'keloid': 10}",0.6818181818181818,0.725398313027179,0.6892857142857143,0.5917525773195876,0.75,"[[7, 3], [18, 38]]","['keloid', 'non_keloid']"
keloid_binary,grouped_seed0_fold2,low_i2_core_only,linear_svm,307,66,"{'non_keloid': 170, 'keloid': 137}","{'non_keloid': 56, 'keloid': 10}",0.6818181818181818,0.7235996326905417,0.6482142857142856,0.5757575757575757,0.6607142857142857,"[[6, 4], [17, 39]]","['keloid', 'non_keloid']"
keloid_binary,grouped_seed0_fold2,low_i2_core_only,random_forest,307,66,"{'non_keloid': 170, 'keloid': 137}","{'non_keloid': 56, 'keloid': 10}",0.7727272727272727,0.7901444350042481,0.6607142857142857,0.6299065420560748,0.7232142857142857,"[[5, 5], [10, 46]]","['keloid', 'non_keloid']"
keloid_binary,grouped_seed0_fold2,low_i2_core_only,hist_gradient_boosting,307,66,"{'non_keloid': 170, 'keloid': 137}","{'non_keloid': 56, 'keloid': 10}",0.6666666666666666,0.7091666666666666,0.5982142857142857,0.54625,0.6875000000000001,"[[5, 5], [17, 39]]","['keloid', 'non_keloid']"
keloid_binary,grouped_seed0_fold2,low_i2_core_only,knn,307,66,"{'non_keloid': 170, 'keloid': 137}","{'non_keloid': 56, 'keloid': 10}",0.48484848484848486,0.5403263403263402,0.6553571428571429,0.46057692307692305,0.6982142857142858,"[[9, 1], [33, 23]]","['keloid', 'non_keloid']"
keloid_binary,grouped_seed0_fold2,low_i2_core_only,small_mlp,307,66,"{'non_keloid': 170, 'keloid': 137}","{'non_keloid': 56, 'keloid': 10}",0.8181818181818182,0.8299663299663299,0.7285714285714285,0.6944444444444444,0.7160714285714286,"[[6, 4], [8, 48]]","['keloid', 'non_keloid']"
keloid_binary,grouped_seed0_fold3,profibrotic_module_only,majority,270,146,"{'keloid': 143, 'non_keloid': 127}","{'non_keloid': 116, 'keloid': 30}",0.2054794520547945,0.07004981320049813,0.5,0.17045454545454544,0.5,"[[30, 0], [116, 0]]","['keloid', 'non_keloid']"
keloid_binary,grouped_seed0_fold3,profibrotic_module_only,stratified_random,270,146,"{'keloid': 143, 'non_keloid': 127}","{'non_keloid': 116, 'keloid': 30}",0.4931506849315068,0.5387215524201825,0.5327586206896552,0.46033966033966034,0.5327586206896552,"[[18, 12], [62, 54]]","['keloid', 'non_keloid']"
keloid_binary,grouped_seed0_fold3,profibrotic_module_only,elastic_net_logreg,270,146,"{'keloid': 143, 'non_keloid': 127}","{'non_keloid': 116, 'keloid': 30}",0.7671232876712328,0.781674473266782,0.7298850574712643,0.6922886188941235,0.8201149425287356,"[[20, 10], [24, 92]]","['keloid', 'non_keloid']"
keloid_binary,grouped_seed0_fold3,profibrotic_module_only,linear_svm,270,146,"{'keloid': 143, 'non_keloid': 127}","{'non_keloid': 116, 'keloid': 30}",0.7671232876712328,0.781674473266782,0.7298850574712643,0.6922886188941235,0.8201149425287356,"[[20, 10], [24, 92]]","['keloid', 'non_keloid']"
keloid_binary,grouped_seed0_fold3,profibrotic_module_only,random_forest,270,146,"{'keloid': 143, 'non_keloid': 127}","{'non_keloid': 116, 'keloid': 30}",0.6643835616438356,0.6965523484659201,0.7146551724137931,0.6217816547713455,0.7570402298850576,"[[24, 6], [43, 73]]","['keloid', 'non_keloid']"
keloid_binary,grouped_seed0_fold3,profibrotic_module_only,hist_gradient_boosting,270,146,"{'keloid': 143, 'non_keloid': 127}","{'non_keloid': 116, 'keloid': 30}",0.6712328767123288,0.7021083978558665,0.6942528735632183,0.6191304347826088,0.7863505747126438,"[[22, 8], [40, 76]]","['keloid', 'non_keloid']"
keloid_binary,grouped_seed0_fold3,profibrotic_module_only,knn,270,146,"{'keloid': 143, 'non_keloid': 127}","{'non_keloid': 116, 'keloid': 30}",0.6643835616438356,0.695090041557642,0.6652298850574713,0.6040294459511817,0.6975574712643678,"[[20, 10], [39, 77]]","['keloid', 'non_keloid']"
keloid_binary,grouped_seed0_fold3,profibrotic_module_only,small_mlp,270,146,"{'keloid': 143, 'non_keloid': 127}","{'non_keloid': 116, 'keloid': 30}",0.7465753424657534,0.7697618681149542,0.7910919540229886,0.7010018265345658,0.8508620689655173,"[[26, 4], [33, 83]]","['keloid', 'non_keloid']"
keloid_binary,grouped_seed0_fold3,shared_genes_plus_modules,majority,270,146,"{'keloid': 143, 'non_keloid': 127}","{'non_keloid': 116, 'keloid': 30}",0.2054794520547945,0.07004981320049813,0.5,0.17045454545454544,0.5,"[[30, 0], [116, 0]]","['keloid', 'non_keloid']"
keloid_binary,grouped_seed0_fold3,shared_genes_plus_modules,stratified_random,270,146,"{'keloid': 143, 'non_keloid': 127}","{'non_keloid': 116, 'keloid': 30}",0.4931506849315068,0.5387215524201825,0.5327586206896552,0.46033966033966034,0.5327586206896552,"[[18, 12], [62, 54]]","['keloid', 'non_keloid']"
keloid_binary,grouped_seed0_fold3,shared_genes_plus_modules,elastic_net_logreg,270,146,"{'keloid': 143, 'non_keloid': 127}","{'non_keloid': 116, 'keloid': 30}",0.5068493150684932,0.5528727102943997,0.5290229885057471,0.46682897139379187,0.6083333333333334,"[[17, 13], [59, 57]]","['keloid', 'non_keloid']"
keloid_binary,grouped_seed0_fold3,shared_genes_plus_modules,linear_svm,270,146,"{'keloid': 143, 'non_keloid': 127}","{'non_keloid': 116, 'keloid': 30}",0.3356164383561644,0.3152791223910477,0.5571839080459771,0.33408567263835987,0.4795977011494253,"[[28, 2], [95, 21]]","['keloid', 'non_keloid']"
keloid_binary,grouped_seed0_fold3,shared_genes_plus_modules,random_forest,270,146,"{'keloid': 143, 'non_keloid': 127}","{'non_keloid': 116, 'keloid': 30}",0.589041095890411,0.6262178594974728,0.5436781609195402,0.5120320855614974,0.5545977011494253,"[[14, 16], [44, 72]]","['keloid', 'non_keloid']"
keloid_binary,grouped_seed0_fold3,shared_genes_plus_modules,hist_gradient_boosting,270,146,"{'keloid': 143, 'non_keloid': 127}","{'non_keloid': 116, 'keloid': 30}",0.5547945205479452,0.5968685673173646,0.5221264367816092,0.4872210514940293,0.5255747126436782,"[[14, 16], [49, 67]]","['keloid', 'non_keloid']"
keloid_binary,grouped_seed0_fold3,shared_genes_plus_modules,knn,270,146,"{'keloid': 143, 'non_keloid': 127}","{'non_keloid': 116, 'keloid': 30}",0.6643835616438356,0.6735956699145402,0.5169540229885058,0.5151474076584208,0.5146551724137931,"[[8, 22], [27, 89]]","['keloid', 'non_keloid']"
keloid_binary,grouped_seed0_fold3,shared_genes_plus_modules,small_mlp,270,146,"{'keloid': 143, 'non_keloid': 127}","{'non_keloid': 116, 'keloid': 30}",0.5958904109589042,0.6342732449927556,0.6468390804597701,0.5575075769250526,0.646264367816092,"[[22, 8], [51, 65]]","['keloid', 'non_keloid']"
keloid_binary,grouped_seed0_fold3,published_markers_only,majority,270,146,"{'keloid': 143, 'non_keloid': 127}","{'non_keloid': 116, 'keloid': 30}",0.2054794520547945,0.07004981320049813,0.5,0.17045454545454544,0.5,"[[30, 0], [116, 0]]","['keloid', 'non_keloid']"
keloid_binary,grouped_seed0_fold3,published_markers_only,stratified_random,270,146,"{'keloid': 143, 'non_keloid': 127}","{'non_keloid': 116, 'keloid': 30}",0.4931506849315068,0.5387215524201825,0.5327586206896552,0.46033966033966034,0.5327586206896552,"[[18, 12], [62, 54]]","['keloid', 'non_keloid']"
keloid_binary,grouped_seed0_fold3,published_markers_only,elastic_net_logreg,270,146,"{'keloid': 143, 'non_keloid': 127}","{'non_keloid': 116, 'keloid': 30}",0.6095890410958904,0.646484743647535,0.6060344827586206,0.5503323066947641,0.6281609195402299,"[[18, 12], [45, 71]]","['keloid', 'non_keloid']"
keloid_binary,grouped_seed0_fold3,published_markers_only,linear_svm,270,146,"{'keloid': 143, 'non_keloid': 127}","{'non_keloid': 116, 'keloid': 30}",0.6095890410958904,0.6459812932926816,0.5936781609195403,0.5450221420370673,0.6428160919540229,"[[17, 13], [44, 72]]","['keloid', 'non_keloid']"
keloid_binary,grouped_seed0_fold3,published_markers_only,random_forest,270,146,"{'keloid': 143, 'non_keloid': 127}","{'non_keloid': 116, 'keloid': 30}",0.7054794520547946,0.7310062400977861,0.7034482758620689,0.6431940892298948,0.7614942528735633,"[[21, 9], [34, 82]]","['keloid', 'non_keloid']"
keloid_binary,grouped_seed0_fold3,published_markers_only,hist_gradient_boosting,270,146,"{'keloid': 143, 'non_keloid': 127}","{'non_keloid': 116, 'keloid': 30}",0.6917808219178082,0.7184949024279157,0.6824712643678161,0.6265984654731458,0.7410919540229884,"[[20, 10], [35, 81]]","['keloid', 'non_keloid']"
keloid_binary,grouped_seed0_fold3,published_markers_only,knn,270,146,"{'keloid': 143, 'non_keloid': 127}","{'non_keloid': 116, 'keloid': 30}",0.4657534246575342,0.5112481064134864,0.5155172413793103,0.43879361324659966,0.5574712643678161,"[[18, 12], [66, 50]]","['keloid', 'non_keloid']"
keloid_binary,grouped_seed0_fold3,published_markers_only,small_mlp,270,146,"{'keloid': 143, 'non_keloid': 127}","{'non_keloid': 116, 'keloid': 30}",0.547945205479452,0.589438157633512,0.6043103448275862,0.5150966183574879,0.6402298850574712,"[[21, 9], [57, 59]]","['keloid', 'non_keloid']"
keloid_binary,grouped_seed0_fold3,shared_genes,majority,270,146,"{'keloid': 143, 'non_keloid': 127}","{'non_keloid': 116, 'keloid': 30}",0.2054794520547945,0.07004981320049813,0.5,0.17045454545454544,0.5,"[[30, 0], [116, 0]]","['keloid', 'non_keloid']"
keloid_binary,grouped_seed0_fold3,shared_genes,stratified_random,270,146,"{'keloid': 143, 'non_keloid': 127}","{'non_keloid': 116, 'keloid': 30}",0.4931506849315068,0.5387215524201825,0.5327586206896552,0.46033966033966034,0.5327586206896552,"[[18, 12], [62, 54]]","['keloid', 'non_keloid']"
keloid_binary,grouped_seed0_fold3,shared_genes,elastic_net_logreg,270,146,"{'keloid': 143, 'non_keloid': 127}","{'non_keloid': 116, 'keloid': 30}",0.5136986301369864,0.5593938696275522,0.5333333333333333,0.47206518971224853,0.6040229885057472,"[[17, 13], [58, 58]]","['keloid', 'non_keloid']"
keloid_binary,grouped_seed0_fold3,shared_genes,linear_svm,270,146,"{'keloid': 143, 'non_keloid': 127}","{'non_keloid': 116, 'keloid': 30}",0.3287671232876712,0.31135544340302806,0.5405172413793103,0.3276315789473684,0.4798850574712644,"[[27, 3], [95, 21]]","['keloid', 'non_keloid']"
keloid_binary,grouped_seed0_fold3,shared_genes,random_forest,270,146,"{'keloid': 143, 'non_keloid': 127}","{'non_keloid': 116, 'keloid': 30}",0.5753424657534246,0.6159665921162986,0.5721264367816092,0.5189200680272109,0.5103448275862069,"[[17, 13], [49, 67]]","['keloid', 'non_keloid']"
keloid_binary,grouped_seed0_fold3,shared_genes,hist_gradient_boosting,270,146,"{'keloid': 143, 'non_keloid': 127}","{'non_keloid': 116, 'keloid': 30}",0.5205479452054794,0.5664138943248533,0.4882183908045977,0.45684523809523814,0.5109195402298851,"[[13, 17], [53, 63]]","['keloid', 'non_keloid']"
keloid_binary,grouped_seed0_fold3,shared_genes,knn,270,146,"{'keloid': 143, 'non_keloid': 127}","{'non_keloid': 116, 'keloid': 30}",0.6506849315068494,0.6634989436379745,0.5083333333333333,0.5060696517412935,0.5107758620689655,"[[8, 22], [29, 87]]","['keloid', 'non_keloid']"
keloid_binary,grouped_seed0_fold3,modules_only,majority,270,146,"{'keloid': 143, 'non_keloid': 127}","{'non_keloid': 116, 'keloid': 30}",0.2054794520547945,0.07004981320049813,0.5,0.17045454545454544,0.5,"[[30, 0], [116, 0]]","['keloid', 'non_keloid']"
keloid_binary,grouped_seed0_fold3,modules_only,stratified_random,270,146,"{'keloid': 143, 'non_keloid': 127}","{'non_keloid': 116, 'keloid': 30}",0.4931506849315068,0.5387215524201825,0.5327586206896552,0.46033966033966034,0.5327586206896552,"[[18, 12], [62, 54]]","['keloid', 'non_keloid']"
keloid_binary,grouped_seed0_fold3,modules_only,elastic_net_logreg,270,146,"{'keloid': 143, 'non_keloid': 127}","{'non_keloid': 116, 'keloid': 30}",0.6095890410958904,0.6462739516728235,0.6801724137931034,0.5761650114591291,0.6873563218390805,"[[24, 6], [51, 65]]","['keloid', 'non_keloid']"
keloid_binary,grouped_seed0_fold3,modules_only,linear_svm,270,146,"{'keloid': 143, 'non_keloid': 127}","{'non_keloid': 116, 'keloid': 30}",0.5958904109589042,0.6333106118536922,0.6715517241379311,0.5648396059611013,0.67816091954023,"[[24, 6], [53, 63]]","['keloid', 'non_keloid']"
keloid_binary,grouped_seed0_fold3,modules_only,random_forest,270,146,"{'keloid': 143, 'non_keloid': 127}","{'non_keloid': 116, 'keloid': 30}",0.726027397260274,0.7473507366244508,0.7040229885057472,0.6556603773584906,0.7192528735632184,"[[20, 10], [30, 86]]","['keloid', 'non_keloid']"
keloid_binary,grouped_seed0_fold3,modules_only,hist_gradient_boosting,270,146,"{'keloid': 143, 'non_keloid': 127}","{'non_keloid': 116, 'keloid': 30}",0.5616438356164384,0.6018794255840116,0.6252873563218391,0.5297906602254429,0.6928160919540229,"[[22, 8], [56, 60]]","['keloid', 'non_keloid']"
keloid_binary,grouped_seed0_fold3,modules_only,knn,270,146,"{'keloid': 143, 'non_keloid': 127}","{'non_keloid': 116, 'keloid': 30}",0.5753424657534246,0.6160388127853882,0.5968390804597701,0.5285416666666667,0.6172413793103448,"[[19, 11], [51, 65]]","['keloid', 'non_keloid']"
keloid_binary,grouped_seed0_fold3,modules_only,small_mlp,270,146,"{'keloid': 143, 'non_keloid': 127}","{'non_keloid': 116, 'keloid': 30}",0.6506849315068494,0.6840019177350232,0.6813218390804597,0.6021373230029388,0.7204022988505747,"[[22, 8], [43, 73]]","['keloid', 'non_keloid']"
keloid_binary,grouped_seed0_fold3,low_i2_core_only,majority,270,146,"{'keloid': 143, 'non_keloid': 127}","{'non_keloid': 116, 'keloid': 30}",0.2054794520547945,0.07004981320049813,0.5,0.17045454545454544,0.5,"[[30, 0], [116, 0]]","['keloid', 'non_keloid']"
keloid_binary,grouped_seed0_fold3,low_i2_core_only,stratified_random,270,146,"{'keloid': 143, 'non_keloid': 127}","{'non_keloid': 116, 'keloid': 30}",0.4931506849315068,0.5387215524201825,0.5327586206896552,0.46033966033966034,0.5327586206896552,"[[18, 12], [62, 54]]","['keloid', 'non_keloid']"
keloid_binary,grouped_seed0_fold3,low_i2_core_only,elastic_net_logreg,270,146,"{'keloid': 143, 'non_keloid': 127}","{'non_keloid': 116, 'keloid': 30}",0.547945205479452,0.589438157633512,0.6043103448275862,0.5150966183574879,0.6640804597701149,"[[21, 9], [57, 59]]","['keloid', 'non_keloid']"
keloid_binary,grouped_seed0_fold3,low_i2_core_only,linear_svm,270,146,"{'keloid': 143, 'non_keloid': 127}","{'non_keloid': 116, 'keloid': 30}",0.5616438356164384,0.6018794255840116,0.6252873563218391,0.5297906602254429,0.6580459770114943,"[[22, 8], [56, 60]]","['keloid', 'non_keloid']"
keloid_binary,grouped_seed0_fold3,low_i2_core_only,random_forest,270,146,"{'keloid': 143, 'non_keloid': 127}","{'non_keloid': 116, 'keloid': 30}",0.5342465753424658,0.5769968896830124,0.5833333333333333,0.500402576489533,0.6301724137931034,"[[20, 10], [58, 58]]","['keloid', 'non_keloid']"
keloid_binary,grouped_seed0_fold3,low_i2_core_only,hist_gradient_boosting,270,146,"{'keloid': 143, 'non_keloid': 127}","{'non_keloid': 116, 'keloid': 30}",0.4589041095890411,0.49878479360028816,0.5482758620689655,0.4425595669614808,0.6077586206896551,"[[21, 9], [70, 46]]","['keloid', 'non_keloid']"
keloid_binary,grouped_seed0_fold3,low_i2_core_only,knn,270,146,"{'keloid': 143, 'non_keloid': 127}","{'non_keloid': 116, 'keloid': 30}",0.541095890410959,0.5846831765171969,0.5629310344827586,0.49750860430472077,0.6116379310344828,"[[18, 12], [55, 61]]","['keloid', 'non_keloid']"
keloid_binary,grouped_seed0_fold3,low_i2_core_only,small_mlp,270,146,"{'keloid': 143, 'non_keloid': 127}","{'non_keloid': 116, 'keloid': 30}",0.6232876712328768,0.6517867973112359,0.5405172413793103,0.522790752956558,0.5505747126436782,"[[12, 18], [37, 79]]","['keloid', 'non_keloid']"
keloid_binary,grouped_seed0_fold4,profibrotic_module_only,majority,246,128,"{'non_keloid': 130, 'keloid': 116}","{'keloid': 70, 'non_keloid': 58}",0.453125,0.2825940860215054,0.5,0.3118279569892473,0.5,"[[0, 70], [0, 58]]","['keloid', 'non_keloid']"
keloid_binary,grouped_seed0_fold4,profibrotic_module_only,stratified_random,246,128,"{'non_keloid': 130, 'keloid': 116}","{'keloid': 70, 'non_keloid': 58}",0.4453125,0.4448723524385033,0.45,0.4452786424952695,0.45000000000000007,"[[28, 42], [29, 29]]","['keloid', 'non_keloid']"
keloid_binary,grouped_seed0_fold4,profibrotic_module_only,elastic_net_logreg,246,128,"{'non_keloid': 130, 'keloid': 116}","{'keloid': 70, 'non_keloid': 58}",0.640625,0.6133996212121212,0.6167487684729064,0.6017316017316017,0.6495073891625616,"[[61, 9], [37, 21]]","['keloid', 'non_keloid']"
keloid_binary,grouped_seed0_fold4,profibrotic_module_only,linear_svm,246,128,"{'non_keloid': 130, 'keloid': 116}","{'keloid': 70, 'non_keloid': 58}",0.640625,0.6133996212121212,0.6167487684729064,0.6017316017316017,0.6495073891625616,"[[61, 9], [37, 21]]","['keloid', 'non_keloid']"
keloid_binary,grouped_seed0_fold4,profibrotic_module_only,random_forest,246,128,"{'non_keloid': 130, 'keloid': 116}","{'keloid': 70, 'non_keloid': 58}",0.625,0.5926812585499316,0.5995073891625615,0.5797537619699042,0.6397783251231528,"[[61, 9], [39, 19]]","['keloid', 'non_keloid']"
keloid_binary,grouped_seed0_fold4,profibrotic_module_only,hist_gradient_boosting,246,128,"{'non_keloid': 130, 'keloid': 116}","{'keloid': 70, 'non_keloid': 58}",0.6328125,0.6101918914418915,0.6110837438423645,0.5993339993339993,0.641871921182266,"[[59, 11], [36, 22]]","['keloid', 'non_keloid']"
keloid_binary,grouped_seed0_fold4,profibrotic_module_only,knn,246,128,"{'non_keloid': 130, 'keloid': 116}","{'keloid': 70, 'non_keloid': 58}",0.5546875,0.5431671191312679,0.539655172413793,0.5339508144362823,0.5883004926108374,"[[49, 21], [36, 22]]","['keloid', 'non_keloid']"
keloid_binary,grouped_seed0_fold4,profibrotic_module_only,small_mlp,246,128,"{'non_keloid': 130, 'keloid': 116}","{'keloid': 70, 'non_keloid': 58}",0.6171875,0.5820798933608531,0.5908866995073891,0.5684898520811833,0.6495073891625616,"[[61, 9], [40, 18]]","['keloid', 'non_keloid']"
keloid_binary,grouped_seed0_fold4,shared_genes_plus_modules,majority,246,128,"{'non_keloid': 130, 'keloid': 116}","{'keloid': 70, 'non_keloid': 58}",0.453125,0.2825940860215054,0.5,0.3118279569892473,0.5,"[[0, 70], [0, 58]]","['keloid', 'non_keloid']"
keloid_binary,grouped_seed0_fold4,shared_genes_plus_modules,stratified_random,246,128,"{'non_keloid': 130, 'keloid': 116}","{'keloid': 70, 'non_keloid': 58}",0.4453125,0.4448723524385033,0.45,0.4452786424952695,0.45000000000000007,"[[28, 42], [29, 29]]","['keloid', 'non_keloid']"
keloid_binary,grouped_seed0_fold4,shared_genes_plus_modules,elastic_net_logreg,246,128,"{'non_keloid': 130, 'keloid': 116}","{'keloid': 70, 'non_keloid': 58}",0.7109375,0.7114162270747715,0.7105911330049262,0.7095013187756855,0.8041871921182266,"[[50, 20], [17, 41]]","['keloid', 'non_keloid']"
keloid_binary,grouped_seed0_fold4,shared_genes_plus_modules,linear_svm,246,128,"{'non_keloid': 130, 'keloid': 116}","{'keloid': 70, 'non_keloid': 58}",0.6875,0.6668340026773762,0.6655172413793103,0.6572958500669344,0.7650246305418719,"[[63, 7], [33, 25]]","['keloid', 'non_keloid']"
keloid_binary,grouped_seed0_fold4,shared_genes_plus_modules,random_forest,246,128,"{'non_keloid': 130, 'keloid': 116}","{'keloid': 70, 'non_keloid': 58}",0.5,0.48841354723707664,0.4852216748768473,0.47848230201171377,0.6608374384236453,"[[45, 25], [39, 19]]","['keloid', 'non_keloid']"
keloid_binary,grouped_seed0_fold4,shared_genes_plus_modules,hist_gradient_boosting,246,128,"{'non_keloid': 130, 'keloid': 116}","{'keloid': 70, 'non_keloid': 58}",0.484375,0.46639272797726683,0.4665024630541872,0.45440454662877805,0.5517241379310345,"[[46, 24], [42, 16]]","['keloid', 'non_keloid']"
keloid_binary,grouped_seed0_fold4,shared_genes_plus_modules,knn,246,128,"{'non_keloid': 130, 'keloid': 116}","{'keloid': 70, 'non_keloid': 58}",0.6640625,0.658836392424522,0.6780788177339901,0.6615630572465105,0.7181034482758621,"[[37, 33], [10, 48]]","['keloid', 'non_keloid']"
keloid_binary,grouped_seed0_fold4,shared_genes_plus_modules,small_mlp,246,128,"{'non_keloid': 130, 'keloid': 116}","{'keloid': 70, 'non_keloid': 58}",0.765625,0.7613550101214576,0.7546798029556651,0.757085020242915,0.8642857142857143,"[[61, 9], [21, 37]]","['keloid', 'non_keloid']"
keloid_binary,grouped_seed0_fold4,published_markers_only,majority,246,128,"{'non_keloid': 130, 'keloid': 116}","{'keloid': 70, 'non_keloid': 58}",0.453125,0.2825940860215054,0.5,0.3118279569892473,0.5,"[[0, 70], [0, 58]]","['keloid', 'non_keloid']"
keloid_binary,grouped_seed0_fold4,published_markers_only,stratified_random,246,128,"{'non_keloid': 130, 'keloid': 116}","{'keloid': 70, 'non_keloid': 58}",0.4453125,0.4448723524385033,0.45,0.4452786424952695,0.45000000000000007,"[[28, 42], [29, 29]]","['keloid', 'non_keloid']"
keloid_binary,grouped_seed0_fold4,published_markers_only,elastic_net_logreg,246,128,"{'non_keloid': 130, 'keloid': 116}","{'keloid': 70, 'non_keloid': 58}",0.5390625,0.49679007567939454,0.5120689655172415,0.4804265565875473,0.6357142857142857,"[[56, 14], [45, 13]]","['keloid', 'non_keloid']"
keloid_binary,grouped_seed0_fold4,published_markers_only,linear_svm,246,128,"{'non_keloid': 130, 'keloid': 116}","{'keloid': 70, 'non_keloid': 58}",0.5390625,0.5017874753451677,0.5135467980295566,0.4863633272121336,0.6100985221674877,"[[55, 15], [44, 14]]","['keloid', 'non_keloid']"
keloid_binary,grouped_seed0_fold4,published_markers_only,random_forest,246,128,"{'non_keloid': 130, 'keloid': 116}","{'keloid': 70, 'non_keloid': 58}",0.65625,0.6556623931623932,0.6635467980295566,0.6561660561660562,0.695320197044335,"[[41, 29], [15, 43]]","['keloid', 'non_keloid']"
keloid_binary,grouped_seed0_fold4,published_markers_only,hist_gradient_boosting,246,128,"{'non_keloid': 130, 'keloid': 116}","{'keloid': 70, 'non_keloid': 58}",0.671875,0.672275641025641,0.6763546798029556,0.6717948717948719,0.7002463054187192,"[[44, 26], [16, 42]]","['keloid', 'non_keloid']"
keloid_binary,grouped_seed0_fold4,published_markers_only,knn,246,128,"{'non_keloid': 130, 'keloid': 116}","{'keloid': 70, 'non_keloid': 58}",0.71875,0.70703125,0.7014778325123152,0.7,0.7990147783251231,"[[62, 8], [28, 30]]","['keloid', 'non_keloid']"
keloid_binary,grouped_seed0_fold4,published_markers_only,small_mlp,246,128,"{'non_keloid': 130, 'keloid': 116}","{'keloid': 70, 'non_keloid': 58}",0.6171875,0.5775972386656453,0.5894088669950739,0.5632007799986072,0.6876847290640394,"[[62, 8], [41, 17]]","['keloid', 'non_keloid']"
keloid_binary,grouped_seed0_fold4,shared_genes,majority,246,128,"{'non_keloid': 130, 'keloid': 116}","{'keloid': 70, 'non_keloid': 58}",0.453125,0.2825940860215054,0.5,0.3118279569892473,0.5,"[[0, 70], [0, 58]]","['keloid', 'non_keloid']"
keloid_binary,grouped_seed0_fold4,shared_genes,stratified_random,246,128,"{'non_keloid': 130, 'keloid': 116}","{'keloid': 70, 'non_keloid': 58}",0.4453125,0.4448723524385033,0.45,0.4452786424952695,0.45000000000000007,"[[28, 42], [29, 29]]","['keloid', 'non_keloid']"
keloid_binary,grouped_seed0_fold4,shared_genes,elastic_net_logreg,246,128,"{'non_keloid': 130, 'keloid': 116}","{'keloid': 70, 'non_keloid': 58}",0.7109375,0.7114162270747715,0.7105911330049262,0.7095013187756855,0.8022167487684729,"[[50, 20], [17, 41]]","['keloid', 'non_keloid']"
keloid_binary,grouped_seed0_fold4,shared_genes,linear_svm,246,128,"{'non_keloid': 130, 'keloid': 116}","{'keloid': 70, 'non_keloid': 58}",0.6953125,0.6765422077922078,0.6741379310344828,0.6675324675324675,0.7758620689655172,"[[63, 7], [32, 26]]","['keloid', 'non_keloid']"
keloid_binary,grouped_seed0_fold4,shared_genes,random_forest,246,128,"{'non_keloid': 130, 'keloid': 116}","{'keloid': 70, 'non_keloid': 58}",0.5,0.48841354723707664,0.4852216748768473,0.47848230201171377,0.6645320197044335,"[[45, 25], [39, 19]]","['keloid', 'non_keloid']"
keloid_binary,grouped_seed0_fold4,shared_genes,hist_gradient_boosting,246,128,"{'non_keloid': 130, 'keloid': 116}","{'keloid': 70, 'non_keloid': 58}",0.4921875,0.4760804703081773,0.47512315270935956,0.4647108022904201,0.579064039408867,"[[46, 24], [41, 17]]","['keloid', 'non_keloid']"
keloid_binary,grouped_seed0_fold4,shared_genes,knn,246,128,"{'non_keloid': 130, 'keloid': 116}","{'keloid': 70, 'non_keloid': 58}",0.6640625,0.658836392424522,0.6780788177339901,0.6615630572465105,0.7199507389162562,"[[37, 33], [10, 48]]","['keloid', 'non_keloid']"
keloid_binary,grouped_seed0_fold4,modules_only,majority,246,128,"{'non_keloid': 130, 'keloid': 116}","{'keloid': 70, 'non_keloid': 58}",0.453125,0.2825940860215054,0.5,0.3118279569892473,0.5,"[[0, 70], [0, 58]]","['keloid', 'non_keloid']"
keloid_binary,grouped_seed0_fold4,modules_only,stratified_random,246,128,"{'non_keloid': 130, 'keloid': 116}","{'keloid': 70, 'non_keloid': 58}",0.4453125,0.4448723524385033,0.45,0.4452786424952695,0.45000000000000007,"[[28, 42], [29, 29]]","['keloid', 'non_keloid']"
keloid_binary,grouped_seed0_fold4,modules_only,elastic_net_logreg,246,128,"{'non_keloid': 130, 'keloid': 116}","{'keloid': 70, 'non_keloid': 58}",0.609375,0.5835425033467202,0.5866995073891625,0.571619812583668,0.638423645320197,"[[58, 12], [38, 20]]","['keloid', 'non_keloid']"
keloid_binary,grouped_seed0_fold4,modules_only,linear_svm,246,128,"{'non_keloid': 130, 'keloid': 116}","{'keloid': 70, 'non_keloid': 58}",0.6328125,0.6067983415192088,0.6096059113300493,0.5952364933055238,0.6408866995073892,"[[60, 10], [37, 21]]","['keloid', 'non_keloid']"
keloid_binary,grouped_seed0_fold4,modules_only,random_forest,246,128,"{'non_keloid': 130, 'keloid': 116}","{'keloid': 70, 'non_keloid': 58}",0.640625,0.6400106837606838,0.6477832512315271,0.6405372405372405,0.7017241379310344,"[[40, 30], [16, 42]]","['keloid', 'non_keloid']"
keloid_binary,grouped_seed0_fold4,modules_only,hist_gradient_boosting,246,128,"{'non_keloid': 130, 'keloid': 116}","{'keloid': 70, 'non_keloid': 58}",0.671875,0.6557574862096138,0.6527093596059113,0.6469661150512214,0.6758620689655173,"[[60, 10], [32, 26]]","['keloid', 'non_keloid']"
keloid_binary,grouped_seed0_fold4,modules_only,knn,246,128,"{'non_keloid': 130, 'keloid': 116}","{'keloid': 70, 'non_keloid': 58}",0.65625,0.6549059139784945,0.6650246305418719,0.6559139784946236,0.7384236453201971,"[[40, 30], [14, 44]]","['keloid', 'non_keloid']"
keloid_binary,grouped_seed0_fold4,modules_only,small_mlp,246,128,"{'non_keloid': 130, 'keloid': 116}","{'keloid': 70, 'non_keloid': 58}",0.6015625,0.5835097254004576,0.5825123152709359,0.5731938542007191,0.6064039408866995,"[[55, 15], [36, 22]]","['keloid', 'non_keloid']"
keloid_binary,grouped_seed0_fold4,low_i2_core_only,majority,246,128,"{'non_keloid': 130, 'keloid': 116}","{'keloid': 70, 'non_keloid': 58}",0.453125,0.2825940860215054,0.5,0.3118279569892473,0.5,"[[0, 70], [0, 58]]","['keloid', 'non_keloid']"
keloid_binary,grouped_seed0_fold4,low_i2_core_only,stratified_random,246,128,"{'non_keloid': 130, 'keloid': 116}","{'keloid': 70, 'non_keloid': 58}",0.4453125,0.4448723524385033,0.45,0.4452786424952695,0.45000000000000007,"[[28, 42], [29, 29]]","['keloid', 'non_keloid']"
keloid_binary,grouped_seed0_fold4,low_i2_core_only,elastic_net_logreg,246,128,"{'non_keloid': 130, 'keloid': 116}","{'keloid': 70, 'non_keloid': 58}",0.6484375,0.6393424624720536,0.6342364532019704,0.6320664324496966,0.729064039408867,"[[55, 15], [30, 28]]","['keloid', 'non_keloid']"
keloid_binary,grouped_seed0_fold4,low_i2_core_only,linear_svm,246,128,"{'non_keloid': 130, 'keloid': 116}","{'keloid': 70, 'non_keloid': 58}",0.625,0.6119219839834669,0.6083743842364532,0.6032033066391114,0.7133004926108375,"[[55, 15], [33, 25]]","['keloid', 'non_keloid']"
keloid_binary,grouped_seed0_fold4,low_i2_core_only,random_forest,246,128,"{'non_keloid': 130, 'keloid': 116}","{'keloid': 70, 'non_keloid': 58}",0.7109375,0.7085839455157638,0.7224137931034482,0.7100704009794919,0.7913793103448276,"[[42, 28], [9, 49]]","['keloid', 'non_keloid']"
keloid_binary,grouped_seed0_fold4,low_i2_core_only,hist_gradient_boosting,246,128,"{'non_keloid': 130, 'keloid': 116}","{'keloid': 70, 'non_keloid': 58}",0.6484375,0.6443618505796479,0.6608374384236453,0.6466907931055634,0.7948275862068965,"[[37, 33], [12, 46]]","['keloid', 'non_keloid']"
keloid_binary,grouped_seed0_fold4,low_i2_core_only,knn,246,128,"{'non_keloid': 130, 'keloid': 116}","{'keloid': 70, 'non_keloid': 58}",0.734375,0.7233072916666667,0.7172413793103448,0.7166666666666667,0.8269704433497537,"[[63, 7], [27, 31]]","['keloid', 'non_keloid']"
keloid_binary,grouped_seed0_fold4,low_i2_core_only,small_mlp,246,128,"{'non_keloid': 130, 'keloid': 116}","{'keloid': 70, 'non_keloid': 58}",0.640625,0.6209830465587045,0.6640394088669951,0.6275303643724697,0.7704433497536946,"[[29, 41], [5, 53]]","['keloid', 'non_keloid']"
keloid_binary,grouped_seed1_fold0,profibrotic_module_only,majority,246,202,"{'keloid': 150, 'non_keloid': 96}","{'non_keloid': 146, 'keloid': 56}",0.27722772277227725,0.12034691841277151,0.5,0.21705426356589147,0.5,"[[56, 0], [146, 0]]","['keloid', 'non_keloid']"
keloid_binary,grouped_seed1_fold0,profibrotic_module_only,stratified_random,246,202,"{'keloid': 150, 'non_keloid': 96}","{'non_keloid': 146, 'keloid': 56}",0.4306930693069307,0.4496826360924054,0.48507827788649704,0.42561135425166285,0.48507827788649704,"[[34, 22], [93, 53]]","['keloid', 'non_keloid']"
keloid_binary,grouped_seed1_fold0,profibrotic_module_only,elastic_net_logreg,246,202,"{'keloid': 150, 'non_keloid': 96}","{'non_keloid': 146, 'keloid': 56}",0.693069306930693,0.707919195317016,0.6996086105675147,0.6633695301580476,0.7733610567514677,"[[40, 16], [46, 100]]","['keloid', 'non_keloid']"
keloid_binary,grouped_seed1_fold0,profibrotic_module_only,linear_svm,246,202,"{'keloid': 150, 'non_keloid': 96}","{'non_keloid': 146, 'keloid': 56}",0.693069306930693,0.707919195317016,0.6996086105675147,0.6633695301580476,0.7733610567514677,"[[40, 16], [46, 100]]","['keloid', 'non_keloid']"
keloid_binary,grouped_seed1_fold0,profibrotic_module_only,random_forest,246,202,"{'keloid': 150, 'non_keloid': 96}","{'non_keloid': 146, 'keloid': 56}",0.594059405940594,0.6123706797303629,0.6586350293542075,0.5849037690457097,0.7581335616438356,"[[45, 11], [71, 75]]","['keloid', 'non_keloid']"
keloid_binary,grouped_seed1_fold0,profibrotic_module_only,hist_gradient_boosting,246,202,"{'keloid': 150, 'non_keloid': 96}","{'non_keloid': 146, 'keloid': 56}",0.6386138613861386,0.655203356341959,0.711472602739726,0.6298973470873177,0.7750122309197651,"[[49, 7], [66, 80]]","['keloid', 'non_keloid']"
keloid_binary,grouped_seed1_fold0,profibrotic_module_only,knn,246,202,"{'keloid': 150, 'non_keloid': 96}","{'non_keloid': 146, 'keloid': 56}",0.6089108910891089,0.6262228204653661,0.6799168297455969,0.6006806295823637,0.7284735812133072,"[[47, 9], [70, 76]]","['keloid', 'non_keloid']"
keloid_binary,grouped_seed1_fold0,profibrotic_module_only,small_mlp,246,202,"{'keloid': 150, 'non_keloid': 96}","{'non_keloid': 146, 'keloid': 56}",0.5891089108910891,0.6048304048281923,0.6717221135029354,0.5837119801365611,0.7595401174168298,"[[48, 8], [75, 71]]","['keloid', 'non_keloid']"
keloid_binary,grouped_seed1_fold0,shared_genes_plus_modules,majority,246,202,"{'keloid': 150, 'non_keloid': 96}","{'non_keloid': 146, 'keloid': 56}",0.27722772277227725,0.12034691841277151,0.5,0.21705426356589147,0.5,"[[56, 0], [146, 0]]","['keloid', 'non_keloid']"
keloid_binary,grouped_seed1_fold0,shared_genes_plus_modules,stratified_random,246,202,"{'keloid': 150, 'non_keloid': 96}","{'non_keloid': 146, 'keloid': 56}",0.4306930693069307,0.4496826360924054,0.48507827788649704,0.42561135425166285,0.48507827788649704,"[[34, 22], [93, 53]]","['keloid', 'non_keloid']"
keloid_binary,grouped_seed1_fold0,shared_genes_plus_modules,elastic_net_logreg,246,202,"{'keloid': 150, 'non_keloid': 96}","{'non_keloid': 146, 'keloid': 56}",0.8316831683168316,0.8334163157695079,0.8010029354207436,0.7944204980842912,0.8624021526418786,"[[41, 15], [19, 127]]","['keloid', 'non_keloid']"
keloid_binary,grouped_seed1_fold0,shared_genes_plus_modules,linear_svm,246,202,"{'keloid': 150, 'non_keloid': 96}","{'non_keloid': 146, 'keloid': 56}",0.7376237623762376,0.7475207381488086,0.724926614481409,0.7006403265945251,0.824486301369863,"[[39, 17], [36, 110]]","['keloid', 'non_keloid']"
keloid_binary,grouped_seed1_fold0,shared_genes_plus_modules,random_forest,246,202,"{'keloid': 150, 'non_keloid': 96}","{'non_keloid': 146, 'keloid': 56}",0.5247524752475248,0.5287606430545967,0.6437133072407045,0.5245660488378935,0.7974559686888454,"[[51, 5], [91, 55]]","['keloid', 'non_keloid']"
keloid_binary,grouped_seed1_fold0,shared_genes_plus_modules,hist_gradient_boosting,246,202,"{'keloid': 150, 'non_keloid': 96}","{'non_keloid': 146, 'keloid': 56}",0.6633663366336634,0.6799304715325234,0.7285958904109588,0.6523235800344234,0.8149461839530333,"[[49, 7], [61, 85]]","['keloid', 'non_keloid']"
keloid_binary,grouped_seed1_fold0,shared_genes_plus_modules,knn,246,202,"{'keloid': 150, 'non_keloid': 96}","{'non_keloid': 146, 'keloid': 56}",0.4603960396039604,0.4567056485033232,0.5826810176125244,0.4602769947297463,0.6418175146771037,"[[48, 8], [101, 45]]","['keloid', 'non_keloid']"
keloid_binary,grouped_seed1_fold0,shared_genes_plus_modules,small_mlp,246,202,"{'keloid': 150, 'non_keloid': 96}","{'non_keloid': 146, 'keloid': 56}",0.7029702970297029,0.718509692160283,0.7504892367906066,0.6867245657568238,0.8683953033268101,"[[48, 8], [52, 94]]","['keloid', 'non_keloid']"
keloid_binary,grouped_seed1_fold0,published_markers_only,majority,246,202,"{'keloid': 150, 'non_keloid': 96}","{'non_keloid': 146, 'keloid': 56}",0.27722772277227725,0.12034691841277151,0.5,0.21705426356589147,0.5,"[[56, 0], [146, 0]]","['keloid', 'non_keloid']"
keloid_binary,grouped_seed1_fold0,published_markers_only,stratified_random,246,202,"{'keloid': 150, 'non_keloid': 96}","{'non_keloid': 146, 'keloid': 56}",0.4306930693069307,0.4496826360924054,0.48507827788649704,0.42561135425166285,0.48507827788649704,"[[34, 22], [93, 53]]","['keloid', 'non_keloid']"
keloid_binary,grouped_seed1_fold0,published_markers_only,elastic_net_logreg,246,202,"{'keloid': 150, 'non_keloid': 96}","{'non_keloid': 146, 'keloid': 56}",0.698019801980198,0.7133098412812032,0.7635763209393347,0.6863274189853117,0.7909735812133073,"[[51, 5], [56, 90]]","['keloid', 'non_keloid']"
keloid_binary,grouped_seed1_fold0,published_markers_only,linear_svm,246,202,"{'keloid': 150, 'non_keloid': 96}","{'non_keloid': 146, 'keloid': 56}",0.693069306930693,0.7087274384004056,0.7546477495107633,0.6805428017549229,0.7820450097847358,"[[50, 6], [56, 90]]","['keloid', 'non_keloid']"
keloid_binary,grouped_seed1_fold0,published_markers_only,random_forest,246,202,"{'keloid': 150, 'non_keloid': 96}","{'non_keloid': 146, 'keloid': 56}",0.6881188118811881,0.7041341815340955,0.7457191780821918,0.6747181964573269,0.8627690802348337,"[[49, 7], [56, 90]]","['keloid', 'non_keloid']"
keloid_binary,grouped_seed1_fold0,published_markers_only,hist_gradient_boosting,246,202,"{'keloid': 150, 'non_keloid': 96}","{'non_keloid': 146, 'keloid': 56}",0.6881188118811881,0.7028902714015578,0.7677348336594911,0.6795669142641318,0.8439334637964775,"[[53, 3], [60, 86]]","['keloid', 'non_keloid']"
keloid_binary,grouped_seed1_fold0,published_markers_only,knn,246,202,"{'keloid': 150, 'non_keloid': 96}","{'non_keloid': 146, 'keloid': 56}",0.5594059405940595,0.5716208378766854,0.6566780821917808,0.5569629611375342,0.7017490215264188,"[[49, 7], [82, 64]]","['keloid', 'non_keloid']"
keloid_binary,grouped_seed1_fold0,published_markers_only,small_mlp,246,202,"{'keloid': 150, 'non_keloid': 96}","{'non_keloid': 146, 'keloid': 56}",0.5792079207920792,0.5978346802475458,0.6428571428571428,0.5703525761329229,0.74633072407045,"[[44, 12], [73, 73]]","['keloid', 'non_keloid']"
keloid_binary,grouped_seed1_fold0,shared_genes,majority,246,202,"{'keloid': 150, 'non_keloid': 96}","{'non_keloid': 146, 'keloid': 56}",0.27722772277227725,0.12034691841277151,0.5,0.21705426356589147,0.5,"[[56, 0], [146, 0]]","['keloid', 'non_keloid']"
keloid_binary,grouped_seed1_fold0,shared_genes,stratified_random,246,202,"{'keloid': 150, 'non_keloid': 96}","{'non_keloid': 146, 'keloid': 56}",0.4306930693069307,0.4496826360924054,0.48507827788649704,0.42561135425166285,0.48507827788649704,"[[34, 22], [93, 53]]","['keloid', 'non_keloid']"
keloid_binary,grouped_seed1_fold0,shared_genes,elastic_net_logreg,246,202,"{'keloid': 150, 'non_keloid': 96}","{'non_keloid': 146, 'keloid': 56}",0.8267326732673267,0.8297009267490216,0.803082191780822,0.7915376676986584,0.8620352250489236,"[[42, 14], [21, 125]]","['keloid', 'non_keloid']"
keloid_binary,grouped_seed1_fold0,shared_genes,linear_svm,246,202,"{'keloid': 150, 'non_keloid': 96}","{'non_keloid': 146, 'keloid': 56}",0.7376237623762376,0.7460143723232723,0.7139187866927592,0.6956707126410642,0.8215508806262231,"[[37, 19], [34, 112]]","['keloid', 'non_keloid']"
keloid_binary,grouped_seed1_fold0,shared_genes,random_forest,246,202,"{'keloid': 150, 'non_keloid': 96}","{'non_keloid': 146, 'keloid': 56}",0.5445544554455446,0.5535058222803412,0.651908023483366,0.543435534591195,0.7918297455968689,"[[50, 6], [86, 60]]","['keloid', 'non_keloid']"
keloid_binary,grouped_seed1_fold0,shared_genes,hist_gradient_boosting,246,202,"{'keloid': 150, 'non_keloid': 96}","{'non_keloid': 146, 'keloid': 56}",0.6336633663366337,0.6495544307054393,0.7135518590998043,0.6264867566216892,0.7818003913894325,"[[50, 6], [68, 78]]","['keloid', 'non_keloid']"
keloid_binary,grouped_seed1_fold0,shared_genes,knn,246,202,"{'keloid': 150, 'non_keloid': 96}","{'non_keloid': 146, 'keloid': 56}",0.43564356435643564,0.42478309686638765,0.5655577299412915,0.43475699558173786,0.6391878669275931,"[[48, 8], [106, 40]]","['keloid', 'non_keloid']"
keloid_binary,grouped_seed1_fold0,modules_only,majority,246,202,"{'keloid': 150, 'non_keloid': 96}","{'non_keloid': 146, 'keloid': 56}",0.27722772277227725,0.12034691841277151,0.5,0.21705426356589147,0.5,"[[56, 0], [146, 0]]","['keloid', 'non_keloid']"
keloid_binary,grouped_seed1_fold0,modules_only,stratified_random,246,202,"{'keloid': 150, 'non_keloid': 96}","{'non_keloid': 146, 'keloid': 56}",0.4306930693069307,0.4496826360924054,0.48507827788649704,0.42561135425166285,0.48507827788649704,"[[34, 22], [93, 53]]","['keloid', 'non_keloid']"
keloid_binary,grouped_seed1_fold0,modules_only,elastic_net_logreg,246,202,"{'keloid': 150, 'non_keloid': 96}","{'non_keloid': 146, 'keloid': 56}",0.6435643564356436,0.661102852210907,0.7038894324853229,0.6318720259188013,0.7515900195694716,"[[47, 9], [63, 83]]","['keloid', 'non_keloid']"
keloid_binary,grouped_seed1_fold0,modules_only,linear_svm,246,202,"{'keloid': 150, 'non_keloid': 96}","{'non_keloid': 146, 'keloid': 56}",0.6188118811881188,0.6363103895661759,0.68676614481409,0.6096177496674446,0.7421722113502935,"[[47, 9], [68, 78]]","['keloid', 'non_keloid']"
keloid_binary,grouped_seed1_fold0,modules_only,random_forest,246,202,"{'keloid': 150, 'non_keloid': 96}","{'non_keloid': 146, 'keloid': 56}",0.6485148514851485,0.6663114546059905,0.7018101761252447,0.6349056843927399,0.8281555772994129,"[[46, 10], [61, 85]]","['keloid', 'non_keloid']"
keloid_binary,grouped_seed1_fold0,modules_only,hist_gradient_boosting,246,202,"{'keloid': 150, 'non_keloid': 96}","{'non_keloid': 146, 'keloid': 56}",0.5544554455445545,0.5674653289537299,0.6477495107632094,0.5516424977804084,0.7722602739726028,"[[48, 8], [82, 64]]","['keloid', 'non_keloid']"
keloid_binary,grouped_seed1_fold0,modules_only,knn,246,202,"{'keloid': 150, 'non_keloid': 96}","{'non_keloid': 146, 'keloid': 56}",0.5742574257425742,0.5919118227612236,0.6449363992172211,0.567085326953748,0.6986301369863015,"[[45, 11], [75, 71]]","['keloid', 'non_keloid']"
keloid_binary,grouped_seed1_fold0,modules_only,small_mlp,246,202,"{'keloid': 150, 'non_keloid': 96}","{'non_keloid': 146, 'keloid': 56}",0.6138613861386139,0.6332468002897852,0.6613258317025441,0.5996951219512195,0.7431506849315068,"[[43, 13], [65, 81]]","['keloid', 'non_keloid']"
keloid_binary,grouped_seed1_fold0,low_i2_core_only,majority,246,202,"{'keloid': 150, 'non_keloid': 96}","{'non_keloid': 146, 'keloid': 56}",0.27722772277227725,0.12034691841277151,0.5,0.21705426356589147,0.5,"[[56, 0], [146, 0]]","['keloid', 'non_keloid']"
keloid_binary,grouped_seed1_fold0,low_i2_core_only,stratified_random,246,202,"{'keloid': 150, 'non_keloid': 96}","{'non_keloid': 146, 'keloid': 56}",0.4306930693069307,0.4496826360924054,0.48507827788649704,0.42561135425166285,0.48507827788649704,"[[34, 22], [93, 53]]","['keloid', 'non_keloid']"
keloid_binary,grouped_seed1_fold0,low_i2_core_only,elastic_net_logreg,246,202,"{'keloid': 150, 'non_keloid': 96}","{'non_keloid': 146, 'keloid': 56}",0.7722772277227723,0.7775724904196035,0.7433953033268101,0.7299151261481223,0.8277274951076321,"[[38, 18], [28, 118]]","['keloid', 'non_keloid']"
keloid_binary,grouped_seed1_fold0,low_i2_core_only,linear_svm,246,202,"{'keloid': 150, 'non_keloid': 96}","{'non_keloid': 146, 'keloid': 56}",0.7524752475247525,0.7591481498380253,0.7241927592954991,0.7091013824884793,0.8211227984344424,"[[37, 19], [31, 115]]","['keloid', 'non_keloid']"
keloid_binary,grouped_seed1_fold0,low_i2_core_only,random_forest,246,202,"{'keloid': 150, 'non_keloid': 96}","{'non_keloid': 146, 'keloid': 56}",0.5594059405940595,0.5741022140193397,0.6456702544031311,0.5554731350295478,0.7583781800391389,"[[47, 9], [80, 66]]","['keloid', 'non_keloid']"
keloid_binary,grouped_seed1_fold0,low_i2_core_only,hist_gradient_boosting,246,202,"{'keloid': 150, 'non_keloid': 96}","{'non_keloid': 146, 'keloid': 56}",0.5643564356435643,0.5783039173482566,0.6545988258317025,0.5608695652173913,0.7110445205479453,"[[48, 8], [80, 66]]","['keloid', 'non_keloid']"
keloid_binary,grouped_seed1_fold0,low_i2_core_only,knn,246,202,"{'keloid': 150, 'non_keloid': 96}","{'non_keloid': 146, 'keloid': 56}",0.4801980198019802,0.47414328720446536,0.6128913894324853,0.4798793496652689,0.6948997064579256,"[[51, 5], [100, 46]]","['keloid', 'non_keloid']"
keloid_binary,grouped_seed1_fold0,low_i2_core_only,small_mlp,246,202,"{'keloid': 150, 'non_keloid': 96}","{'non_keloid': 146, 'keloid': 56}",0.6138613861386139,0.6228403098419365,0.5457436399217221,0.5420299965120335,0.5920376712328768,"[[22, 34], [44, 102]]","['keloid', 'non_keloid']"
keloid_binary,grouped_seed1_fold1,profibrotic_module_only,majority,366,15,"{'non_keloid': 186, 'keloid': 180}","{'keloid': 11, 'non_keloid': 4}",0.26666666666666666,0.11228070175438595,0.5,0.21052631578947367,0.5,"[[0, 11], [0, 4]]","['keloid', 'non_keloid']"
keloid_binary,grouped_seed1_fold1,profibrotic_module_only,stratified_random,366,15,"{'non_keloid': 186, 'keloid': 180}","{'keloid': 11, 'non_keloid': 4}",0.6,0.6199999999999999,0.5681818181818181,0.55,0.5681818181818182,"[[7, 4], [2, 2]]","['keloid', 'non_keloid']"
keloid_binary,grouped_seed1_fold1,profibrotic_module_only,elastic_net_logreg,366,15,"{'non_keloid': 186, 'keloid': 180}","{'keloid': 11, 'non_keloid': 4}",0.9333333333333333,0.9354497354497354,0.9545454545454546,0.9206349206349206,0.9772727272727273,"[[10, 1], [0, 4]]","['keloid', 'non_keloid']"
keloid_binary,grouped_seed1_fold1,profibrotic_module_only,linear_svm,366,15,"{'non_keloid': 186, 'keloid': 180}","{'keloid': 11, 'non_keloid': 4}",0.9333333333333333,0.9354497354497354,0.9545454545454546,0.9206349206349206,0.9772727272727273,"[[10, 1], [0, 4]]","['keloid', 'non_keloid']"
keloid_binary,grouped_seed1_fold1,profibrotic_module_only,random_forest,366,15,"{'non_keloid': 186, 'keloid': 180}","{'keloid': 11, 'non_keloid': 4}",0.5333333333333333,0.554449472096531,0.6022727272727273,0.5248868778280543,0.7727272727272727,"[[5, 6], [1, 3]]","['keloid', 'non_keloid']"
keloid_binary,grouped_seed1_fold1,profibrotic_module_only,hist_gradient_boosting,366,15,"{'non_keloid': 186, 'keloid': 180}","{'keloid': 11, 'non_keloid': 4}",0.5333333333333333,0.554449472096531,0.6022727272727273,0.5248868778280543,0.8636363636363638,"[[5, 6], [1, 3]]","['keloid', 'non_keloid']"
keloid_binary,grouped_seed1_fold1,profibrotic_module_only,knn,366,15,"{'non_keloid': 186, 'keloid': 180}","{'keloid': 11, 'non_keloid': 4}",0.6,0.6222222222222221,0.6477272727272727,0.5833333333333333,0.7499999999999999,"[[6, 5], [1, 3]]","['keloid', 'non_keloid']"
keloid_binary,grouped_seed1_fold1,profibrotic_module_only,small_mlp,366,15,"{'non_keloid': 186, 'keloid': 180}","{'keloid': 11, 'non_keloid': 4}",0.8666666666666667,0.8666666666666667,0.8295454545454546,0.8295454545454546,0.9772727272727273,"[[10, 1], [1, 3]]","['keloid', 'non_keloid']"
keloid_binary,grouped_seed1_fold1,shared_genes_plus_modules,majority,366,15,"{'non_keloid': 186, 'keloid': 180}","{'keloid': 11, 'non_keloid': 4}",0.26666666666666666,0.11228070175438595,0.5,0.21052631578947367,0.5,"[[0, 11], [0, 4]]","['keloid', 'non_keloid']"
keloid_binary,grouped_seed1_fold1,shared_genes_plus_modules,stratified_random,366,15,"{'non_keloid': 186, 'keloid': 180}","{'keloid': 11, 'non_keloid': 4}",0.6,0.6199999999999999,0.5681818181818181,0.55,0.5681818181818182,"[[7, 4], [2, 2]]","['keloid', 'non_keloid']"
keloid_binary,grouped_seed1_fold1,shared_genes_plus_modules,elastic_net_logreg,366,15,"{'non_keloid': 186, 'keloid': 180}","{'keloid': 11, 'non_keloid': 4}",0.8,0.8114832535885168,0.8636363636363636,0.784688995215311,0.7272727272727273,"[[8, 3], [0, 4]]","['keloid', 'non_keloid']"
keloid_binary,grouped_seed1_fold1,shared_genes_plus_modules,linear_svm,366,15,"{'non_keloid': 186, 'keloid': 180}","{'keloid': 11, 'non_keloid': 4}",0.6,0.6222222222222221,0.6477272727272727,0.5833333333333333,0.75,"[[6, 5], [1, 3]]","['keloid', 'non_keloid']"
keloid_binary,grouped_seed1_fold1,shared_genes_plus_modules,random_forest,366,15,"{'non_keloid': 186, 'keloid': 180}","{'keloid': 11, 'non_keloid': 4}",0.3333333333333333,0.35119047619047616,0.38636363636363635,0.33035714285714285,0.5227272727272727,"[[3, 8], [2, 2]]","['keloid', 'non_keloid']"
keloid_binary,grouped_seed1_fold1,shared_genes_plus_modules,hist_gradient_boosting,366,15,"{'non_keloid': 186, 'keloid': 180}","{'keloid': 11, 'non_keloid': 4}",0.6666666666666666,0.6817496229260935,0.7727272727272727,0.660633484162896,0.7727272727272727,"[[6, 5], [0, 4]]","['keloid', 'non_keloid']"
keloid_binary,grouped_seed1_fold1,shared_genes_plus_modules,knn,366,15,"{'non_keloid': 186, 'keloid': 180}","{'keloid': 11, 'non_keloid': 4}",0.6,0.6199999999999999,0.5681818181818181,0.55,0.6363636363636364,"[[7, 4], [2, 2]]","['keloid', 'non_keloid']"
keloid_binary,grouped_seed1_fold1,shared_genes_plus_modules,small_mlp,366,15,"{'non_keloid': 186, 'keloid': 180}","{'keloid': 11, 'non_keloid': 4}",0.6,0.6199999999999999,0.5681818181818181,0.55,0.7272727272727273,"[[7, 4], [2, 2]]","['keloid', 'non_keloid']"
keloid_binary,grouped_seed1_fold1,published_markers_only,majority,366,15,"{'non_keloid': 186, 'keloid': 180}","{'keloid': 11, 'non_keloid': 4}",0.26666666666666666,0.11228070175438595,0.5,0.21052631578947367,0.5,"[[0, 11], [0, 4]]","['keloid', 'non_keloid']"
keloid_binary,grouped_seed1_fold1,published_markers_only,stratified_random,366,15,"{'non_keloid': 186, 'keloid': 180}","{'keloid': 11, 'non_keloid': 4}",0.6,0.6199999999999999,0.5681818181818181,0.55,0.5681818181818182,"[[7, 4], [2, 2]]","['keloid', 'non_keloid']"
keloid_binary,grouped_seed1_fold1,published_markers_only,elastic_net_logreg,366,15,"{'non_keloid': 186, 'keloid': 180}","{'keloid': 11, 'non_keloid': 4}",0.8,0.8114832535885168,0.8636363636363636,0.784688995215311,0.8181818181818182,"[[8, 3], [0, 4]]","['keloid', 'non_keloid']"
keloid_binary,grouped_seed1_fold1,published_markers_only,linear_svm,366,15,"{'non_keloid': 186, 'keloid': 180}","{'keloid': 11, 'non_keloid': 4}",0.8,0.8114832535885168,0.8636363636363636,0.784688995215311,0.8409090909090909,"[[8, 3], [0, 4]]","['keloid', 'non_keloid']"
keloid_binary,grouped_seed1_fold1,published_markers_only,random_forest,366,15,"{'non_keloid': 186, 'keloid': 180}","{'keloid': 11, 'non_keloid': 4}",0.6,0.6107142857142857,0.7272727272727273,0.5982142857142857,0.7272727272727273,"[[5, 6], [0, 4]]","['keloid', 'non_keloid']"
keloid_binary,grouped_seed1_fold1,published_markers_only,hist_gradient_boosting,366,15,"{'non_keloid': 186, 'keloid': 180}","{'keloid': 11, 'non_keloid': 4}",0.6666666666666666,0.6817496229260935,0.7727272727272727,0.660633484162896,0.7727272727272727,"[[6, 5], [0, 4]]","['keloid', 'non_keloid']"
keloid_binary,grouped_seed1_fold1,published_markers_only,knn,366,15,"{'non_keloid': 186, 'keloid': 180}","{'keloid': 11, 'non_keloid': 4}",0.6,0.6222222222222221,0.6477272727272727,0.5833333333333333,0.7386363636363636,"[[6, 5], [1, 3]]","['keloid', 'non_keloid']"
keloid_binary,grouped_seed1_fold1,published_markers_only,small_mlp,366,15,"{'non_keloid': 186, 'keloid': 180}","{'keloid': 11, 'non_keloid': 4}",0.6,0.6222222222222221,0.6477272727272727,0.5833333333333333,0.6590909090909091,"[[6, 5], [1, 3]]","['keloid', 'non_keloid']"
keloid_binary,grouped_seed1_fold1,shared_genes,majority,366,15,"{'non_keloid': 186, 'keloid': 180}","{'keloid': 11, 'non_keloid': 4}",0.26666666666666666,0.11228070175438595,0.5,0.21052631578947367,0.5,"[[0, 11], [0, 4]]","['keloid', 'non_keloid']"
keloid_binary,grouped_seed1_fold1,shared_genes,stratified_random,366,15,"{'non_keloid': 186, 'keloid': 180}","{'keloid': 11, 'non_keloid': 4}",0.6,0.6199999999999999,0.5681818181818181,0.55,0.5681818181818182,"[[7, 4], [2, 2]]","['keloid', 'non_keloid']"
keloid_binary,grouped_seed1_fold1,shared_genes,elastic_net_logreg,366,15,"{'non_keloid': 186, 'keloid': 180}","{'keloid': 11, 'non_keloid': 4}",0.8,0.8114832535885168,0.8636363636363636,0.784688995215311,0.7272727272727273,"[[8, 3], [0, 4]]","['keloid', 'non_keloid']"
keloid_binary,grouped_seed1_fold1,shared_genes,linear_svm,366,15,"{'non_keloid': 186, 'keloid': 180}","{'keloid': 11, 'non_keloid': 4}",0.6,0.6222222222222221,0.6477272727272727,0.5833333333333333,0.7272727272727272,"[[6, 5], [1, 3]]","['keloid', 'non_keloid']"
keloid_binary,grouped_seed1_fold1,shared_genes,random_forest,366,15,"{'non_keloid': 186, 'keloid': 180}","{'keloid': 11, 'non_keloid': 4}",0.4,0.4,0.5113636363636364,0.4,0.4772727272727273,"[[3, 8], [1, 3]]","['keloid', 'non_keloid']"
keloid_binary,grouped_seed1_fold1,shared_genes,hist_gradient_boosting,366,15,"{'non_keloid': 186, 'keloid': 180}","{'keloid': 11, 'non_keloid': 4}",0.5333333333333333,0.5333333333333333,0.6818181818181819,0.5333333333333333,0.7727272727272727,"[[4, 7], [0, 4]]","['keloid', 'non_keloid']"
keloid_binary,grouped_seed1_fold1,shared_genes,knn,366,15,"{'non_keloid': 186, 'keloid': 180}","{'keloid': 11, 'non_keloid': 4}",0.7333333333333333,0.7333333333333333,0.6590909090909092,0.6590909090909092,0.6818181818181818,"[[9, 2], [2, 2]]","['keloid', 'non_keloid']"
keloid_binary,grouped_seed1_fold1,modules_only,majority,366,15,"{'non_keloid': 186, 'keloid': 180}","{'keloid': 11, 'non_keloid': 4}",0.26666666666666666,0.11228070175438595,0.5,0.21052631578947367,0.5,"[[0, 11], [0, 4]]","['keloid', 'non_keloid']"
keloid_binary,grouped_seed1_fold1,modules_only,stratified_random,366,15,"{'non_keloid': 186, 'keloid': 180}","{'keloid': 11, 'non_keloid': 4}",0.6,0.6199999999999999,0.5681818181818181,0.55,0.5681818181818182,"[[7, 4], [2, 2]]","['keloid', 'non_keloid']"
keloid_binary,grouped_seed1_fold1,modules_only,elastic_net_logreg,366,15,"{'non_keloid': 186, 'keloid': 180}","{'keloid': 11, 'non_keloid': 4}",0.6666666666666666,0.6858054226475279,0.6931818181818181,0.6411483253588517,0.6818181818181818,"[[7, 4], [1, 3]]","['keloid', 'non_keloid']"
keloid_binary,grouped_seed1_fold1,modules_only,linear_svm,366,15,"{'non_keloid': 186, 'keloid': 180}","{'keloid': 11, 'non_keloid': 4}",0.7333333333333333,0.7466666666666667,0.7386363636363636,0.7,0.7045454545454545,"[[8, 3], [1, 3]]","['keloid', 'non_keloid']"
keloid_binary,grouped_seed1_fold1,modules_only,random_forest,366,15,"{'non_keloid': 186, 'keloid': 180}","{'keloid': 11, 'non_keloid': 4}",0.5333333333333333,0.554449472096531,0.6022727272727273,0.5248868778280543,0.6818181818181819,"[[5, 6], [1, 3]]","['keloid', 'non_keloid']"
keloid_binary,grouped_seed1_fold1,modules_only,hist_gradient_boosting,366,15,"{'non_keloid': 186, 'keloid': 180}","{'keloid': 11, 'non_keloid': 4}",0.4,0.4,0.5113636363636364,0.4,0.6136363636363636,"[[3, 8], [1, 3]]","['keloid', 'non_keloid']"
keloid_binary,grouped_seed1_fold1,modules_only,knn,366,15,"{'non_keloid': 186, 'keloid': 180}","{'keloid': 11, 'non_keloid': 4}",0.4666666666666667,0.4933333333333333,0.3977272727272727,0.4,0.5340909090909092,"[[6, 5], [3, 1]]","['keloid', 'non_keloid']"
keloid_binary,grouped_seed1_fold1,modules_only,small_mlp,366,15,"{'non_keloid': 186, 'keloid': 180}","{'keloid': 11, 'non_keloid': 4}",0.5333333333333333,0.560127591706539,0.5227272727272727,0.49760765550239233,0.6590909090909091,"[[6, 5], [2, 2]]","['keloid', 'non_keloid']"
keloid_binary,grouped_seed1_fold1,low_i2_core_only,majority,366,15,"{'non_keloid': 186, 'keloid': 180}","{'keloid': 11, 'non_keloid': 4}",0.26666666666666666,0.11228070175438595,0.5,0.21052631578947367,0.5,"[[0, 11], [0, 4]]","['keloid', 'non_keloid']"
keloid_binary,grouped_seed1_fold1,low_i2_core_only,stratified_random,366,15,"{'non_keloid': 186, 'keloid': 180}","{'keloid': 11, 'non_keloid': 4}",0.6,0.6199999999999999,0.5681818181818181,0.55,0.5681818181818182,"[[7, 4], [2, 2]]","['keloid', 'non_keloid']"
keloid_binary,grouped_seed1_fold1,low_i2_core_only,elastic_net_logreg,366,15,"{'non_keloid': 186, 'keloid': 180}","{'keloid': 11, 'non_keloid': 4}",0.5333333333333333,0.560127591706539,0.5227272727272727,0.49760765550239233,0.6136363636363636,"[[6, 5], [2, 2]]","['keloid', 'non_keloid']"
keloid_binary,grouped_seed1_fold1,low_i2_core_only,linear_svm,366,15,"{'non_keloid': 186, 'keloid': 180}","{'keloid': 11, 'non_keloid': 4}",0.5333333333333333,0.560127591706539,0.5227272727272727,0.49760765550239233,0.6136363636363636,"[[6, 5], [2, 2]]","['keloid', 'non_keloid']"
keloid_binary,grouped_seed1_fold1,low_i2_core_only,random_forest,366,15,"{'non_keloid': 186, 'keloid': 180}","{'keloid': 11, 'non_keloid': 4}",0.4666666666666667,0.4962962962962963,0.4772727272727273,0.4444444444444444,0.5,"[[5, 6], [2, 2]]","['keloid', 'non_keloid']"
keloid_binary,grouped_seed1_fold1,low_i2_core_only,hist_gradient_boosting,366,15,"{'non_keloid': 186, 'keloid': 180}","{'keloid': 11, 'non_keloid': 4}",0.5333333333333333,0.560127591706539,0.5227272727272727,0.49760765550239233,0.5909090909090909,"[[6, 5], [2, 2]]","['keloid', 'non_keloid']"
keloid_binary,grouped_seed1_fold1,low_i2_core_only,knn,366,15,"{'non_keloid': 186, 'keloid': 180}","{'keloid': 11, 'non_keloid': 4}",0.6,0.6199999999999999,0.5681818181818181,0.55,0.5681818181818181,"[[7, 4], [2, 2]]","['keloid', 'non_keloid']"
keloid_binary,grouped_seed1_fold1,low_i2_core_only,small_mlp,366,15,"{'non_keloid': 186, 'keloid': 180}","{'keloid': 11, 'non_keloid': 4}",0.4666666666666667,0.44761904761904764,0.6363636363636364,0.4642857142857143,0.5227272727272727,"[[3, 8], [0, 4]]","['keloid', 'non_keloid']"
keloid_binary,grouped_seed1_fold2,profibrotic_module_only,majority,264,144,"{'non_keloid': 178, 'keloid': 86}","{'keloid': 81, 'non_keloid': 63}",0.4375,0.266304347826087,0.5,0.30434782608695654,0.5,"[[0, 81], [0, 63]]","['keloid', 'non_keloid']"
keloid_binary,grouped_seed1_fold2,profibrotic_module_only,stratified_random,264,144,"{'non_keloid': 178, 'keloid': 86}","{'keloid': 81, 'non_keloid': 63}",0.4861111111111111,0.47246093749999996,0.5079365079365079,0.4796875,0.5079365079365079,"[[27, 54], [20, 43]]","['keloid', 'non_keloid']"
keloid_binary,grouped_seed1_fold2,profibrotic_module_only,elastic_net_logreg,264,144,"{'non_keloid': 178, 'keloid': 86}","{'keloid': 81, 'non_keloid': 63}",0.5555555555555556,0.5232909860859044,0.5908289241622575,0.5353901996370236,0.6950813247109543,"[[25, 56], [8, 55]]","['keloid', 'non_keloid']"
keloid_binary,grouped_seed1_fold2,profibrotic_module_only,linear_svm,264,144,"{'non_keloid': 178, 'keloid': 86}","{'keloid': 81, 'non_keloid': 63}",0.6527777777777778,0.6479049719326384,0.6384479717813052,0.6391339214113874,0.6950813247109543,"[[61, 20], [30, 33]]","['keloid', 'non_keloid']"
keloid_binary,grouped_seed1_fold2,profibrotic_module_only,random_forest,264,144,"{'non_keloid': 178, 'keloid': 86}","{'keloid': 81, 'non_keloid': 63}",0.625,0.6181941923774955,0.6084656084656084,0.6079854809437386,0.6159122085048011,"[[60, 21], [33, 30]]","['keloid', 'non_keloid']"
keloid_binary,grouped_seed1_fold2,profibrotic_module_only,hist_gradient_boosting,264,144,"{'non_keloid': 178, 'keloid': 86}","{'keloid': 81, 'non_keloid': 63}",0.5833333333333334,0.5847902097902098,0.582010582010582,0.5804195804195804,0.6162061532431903,"[[48, 33], [27, 36]]","['keloid', 'non_keloid']"
keloid_binary,grouped_seed1_fold2,profibrotic_module_only,knn,264,144,"{'non_keloid': 178, 'keloid': 86}","{'keloid': 81, 'non_keloid': 63}",0.5833333333333334,0.582513768686074,0.5749559082892416,0.5751376868607396,0.6019988242210464,"[[52, 29], [31, 32]]","['keloid', 'non_keloid']"
keloid_binary,grouped_seed1_fold2,profibrotic_module_only,small_mlp,264,144,"{'non_keloid': 178, 'keloid': 86}","{'keloid': 81, 'non_keloid': 63}",0.6805555555555556,0.6716802860061287,0.6613756613756614,0.6616956077630235,0.6882226141485401,"[[66, 15], [31, 32]]","['keloid', 'non_keloid']"
keloid_binary,grouped_seed1_fold2,shared_genes_plus_modules,majority,264,144,"{'non_keloid': 178, 'keloid': 86}","{'keloid': 81, 'non_keloid': 63}",0.4375,0.266304347826087,0.5,0.30434782608695654,0.5,"[[0, 81], [0, 63]]","['keloid', 'non_keloid']"
keloid_binary,grouped_seed1_fold2,shared_genes_plus_modules,stratified_random,264,144,"{'non_keloid': 178, 'keloid': 86}","{'keloid': 81, 'non_keloid': 63}",0.4861111111111111,0.47246093749999996,0.5079365079365079,0.4796875,0.5079365079365079,"[[27, 54], [20, 43]]","['keloid', 'non_keloid']"
keloid_binary,grouped_seed1_fold2,shared_genes_plus_modules,elastic_net_logreg,264,144,"{'non_keloid': 178, 'keloid': 86}","{'keloid': 81, 'non_keloid': 63}",0.5277777777777778,0.4647133317982962,0.4850088183421517,0.4363343311075294,0.490299823633157,"[[67, 14], [54, 9]]","['keloid', 'non_keloid']"
keloid_binary,grouped_seed1_fold2,shared_genes_plus_modules,linear_svm,264,144,"{'non_keloid': 178, 'keloid': 86}","{'keloid': 81, 'non_keloid': 63}",0.5625,0.48155017866876626,0.5141093474426808,0.4505481194355278,0.5360572212424064,"[[73, 8], [55, 8]]","['keloid', 'non_keloid']"
keloid_binary,grouped_seed1_fold2,shared_genes_plus_modules,random_forest,264,144,"{'non_keloid': 178, 'keloid': 86}","{'keloid': 81, 'non_keloid': 63}",0.5625,0.5642156862745098,0.5634920634920635,0.5607843137254902,0.5535959239662943,"[[45, 36], [27, 36]]","['keloid', 'non_keloid']"
keloid_binary,grouped_seed1_fold2,shared_genes_plus_modules,hist_gradient_boosting,264,144,"{'non_keloid': 178, 'keloid': 86}","{'keloid': 81, 'non_keloid': 63}",0.4513888888888889,0.387919594067135,0.4929453262786596,0.40796252927400467,0.4855967078189301,"[[13, 68], [11, 52]]","['keloid', 'non_keloid']"
keloid_binary,grouped_seed1_fold2,shared_genes_plus_modules,knn,264,144,"{'non_keloid': 178, 'keloid': 86}","{'keloid': 81, 'non_keloid': 63}",0.5,0.4782737507406676,0.527336860670194,0.4880505629073672,0.5429159318048208,"[[25, 56], [16, 47]]","['keloid', 'non_keloid']"
keloid_binary,grouped_seed1_fold2,shared_genes_plus_modules,small_mlp,264,144,"{'non_keloid': 178, 'keloid': 86}","{'keloid': 81, 'non_keloid': 63}",0.5902777777777778,0.5879460088088285,0.5793650793650793,0.5795516405206116,0.6039584558103077,"[[54, 27], [32, 31]]","['keloid', 'non_keloid']"
keloid_binary,grouped_seed1_fold2,published_markers_only,majority,264,144,"{'non_keloid': 178, 'keloid': 86}","{'keloid': 81, 'non_keloid': 63}",0.4375,0.266304347826087,0.5,0.30434782608695654,0.5,"[[0, 81], [0, 63]]","['keloid', 'non_keloid']"
keloid_binary,grouped_seed1_fold2,published_markers_only,stratified_random,264,144,"{'non_keloid': 178, 'keloid': 86}","{'keloid': 81, 'non_keloid': 63}",0.4861111111111111,0.47246093749999996,0.5079365079365079,0.4796875,0.5079365079365079,"[[27, 54], [20, 43]]","['keloid', 'non_keloid']"
keloid_binary,grouped_seed1_fold2,published_markers_only,elastic_net_logreg,264,144,"{'non_keloid': 178, 'keloid': 86}","{'keloid': 81, 'non_keloid': 63}",0.5972222222222222,0.5837962962962964,0.5749559082892416,0.5703703703703704,0.5761316872427984,"[[61, 20], [38, 25]]","['keloid', 'non_keloid']"
keloid_binary,grouped_seed1_fold2,published_markers_only,linear_svm,264,144,"{'non_keloid': 178, 'keloid': 86}","{'keloid': 81, 'non_keloid': 63}",0.5972222222222222,0.5837962962962964,0.5749559082892416,0.5703703703703704,0.5833823241230648,"[[61, 20], [38, 25]]","['keloid', 'non_keloid']"
keloid_binary,grouped_seed1_fold2,published_markers_only,random_forest,264,144,"{'non_keloid': 178, 'keloid': 86}","{'keloid': 81, 'non_keloid': 63}",0.5069444444444444,0.4551363143491506,0.5476190476190477,0.4720917023803377,0.5038212815990594,"[[18, 63], [8, 55]]","['keloid', 'non_keloid']"
keloid_binary,grouped_seed1_fold2,published_markers_only,hist_gradient_boosting,264,144,"{'non_keloid': 178, 'keloid': 86}","{'keloid': 81, 'non_keloid': 63}",0.4791666666666667,0.42964865973040856,0.517636684303351,0.446466096048383,0.46893983931020966,"[[17, 64], [11, 52]]","['keloid', 'non_keloid']"
keloid_binary,grouped_seed1_fold2,published_markers_only,knn,264,144,"{'non_keloid': 178, 'keloid': 86}","{'keloid': 81, 'non_keloid': 63}",0.4930555555555556,0.4448580288042642,0.5317460317460317,0.46122700015375945,0.5489907897315305,"[[18, 63], [10, 53]]","['keloid', 'non_keloid']"
keloid_binary,grouped_seed1_fold2,published_markers_only,small_mlp,264,144,"{'non_keloid': 178, 'keloid': 86}","{'keloid': 81, 'non_keloid': 63}",0.5416666666666666,0.5263888888888889,0.5185185185185185,0.5111111111111111,0.49598275524201446,"[[57, 24], [42, 21]]","['keloid', 'non_keloid']"
keloid_binary,grouped_seed1_fold2,shared_genes,majority,264,144,"{'non_keloid': 178, 'keloid': 86}","{'keloid': 81, 'non_keloid': 63}",0.4375,0.266304347826087,0.5,0.30434782608695654,0.5,"[[0, 81], [0, 63]]","['keloid', 'non_keloid']"
keloid_binary,grouped_seed1_fold2,shared_genes,stratified_random,264,144,"{'non_keloid': 178, 'keloid': 86}","{'keloid': 81, 'non_keloid': 63}",0.4861111111111111,0.47246093749999996,0.5079365079365079,0.4796875,0.5079365079365079,"[[27, 54], [20, 43]]","['keloid', 'non_keloid']"
keloid_binary,grouped_seed1_fold2,shared_genes,elastic_net_logreg,264,144,"{'non_keloid': 178, 'keloid': 86}","{'keloid': 81, 'non_keloid': 63}",0.5277777777777778,0.4647133317982962,0.4850088183421517,0.4363343311075294,0.480599647266314,"[[67, 14], [54, 9]]","['keloid', 'non_keloid']"
keloid_binary,grouped_seed1_fold2,shared_genes,linear_svm,264,144,"{'non_keloid': 178, 'keloid': 86}","{'keloid': 81, 'non_keloid': 63}",0.5555555555555556,0.4769230769230769,0.5079365079365079,0.4461538461538461,0.5197922790515384,"[[72, 9], [55, 8]]","['keloid', 'non_keloid']"
keloid_binary,grouped_seed1_fold2,shared_genes,random_forest,264,144,"{'non_keloid': 178, 'keloid': 86}","{'keloid': 81, 'non_keloid': 63}",0.5833333333333334,0.5849486334560962,0.5837742504409171,0.5813142081798799,0.5502645502645502,"[[47, 34], [26, 37]]","['keloid', 'non_keloid']"
keloid_binary,grouped_seed1_fold2,shared_genes,hist_gradient_boosting,264,144,"{'non_keloid': 178, 'keloid': 86}","{'keloid': 81, 'non_keloid': 63}",0.4513888888888889,0.39922992158269693,0.4894179894179894,0.41694428783763005,0.47736625514403286,"[[15, 66], [13, 50]]","['keloid', 'non_keloid']"
keloid_binary,grouped_seed1_fold2,shared_genes,knn,264,144,"{'non_keloid': 178, 'keloid': 86}","{'keloid': 81, 'non_keloid': 63}",0.4791666666666667,0.4548609392784679,0.5070546737213404,0.46553174642450634,0.5315500685871056,"[[23, 58], [17, 46]]","['keloid', 'non_keloid']"
keloid_binary,grouped_seed1_fold2,modules_only,majority,264,144,"{'non_keloid': 178, 'keloid': 86}","{'keloid': 81, 'non_keloid': 63}",0.4375,0.266304347826087,0.5,0.30434782608695654,0.5,"[[0, 81], [0, 63]]","['keloid', 'non_keloid']"
keloid_binary,grouped_seed1_fold2,modules_only,stratified_random,264,144,"{'non_keloid': 178, 'keloid': 86}","{'keloid': 81, 'non_keloid': 63}",0.4861111111111111,0.47246093749999996,0.5079365079365079,0.4796875,0.5079365079365079,"[[27, 54], [20, 43]]","['keloid', 'non_keloid']"
keloid_binary,grouped_seed1_fold2,modules_only,elastic_net_logreg,264,144,"{'non_keloid': 178, 'keloid': 86}","{'keloid': 81, 'non_keloid': 63}",0.625,0.6077550167224081,0.599647266313933,0.5936454849498328,0.6041544189692338,"[[65, 16], [38, 25]]","['keloid', 'non_keloid']"
keloid_binary,grouped_seed1_fold2,modules_only,linear_svm,264,144,"{'non_keloid': 178, 'keloid': 86}","{'keloid': 81, 'non_keloid': 63}",0.625,0.6077550167224081,0.599647266313933,0.5936454849498328,0.6023907505388987,"[[65, 16], [38, 25]]","['keloid', 'non_keloid']"
keloid_binary,grouped_seed1_fold2,modules_only,random_forest,264,144,"{'non_keloid': 178, 'keloid': 86}","{'keloid': 81, 'non_keloid': 63}",0.5138888888888888,0.4549540133779264,0.5573192239858906,0.47324414715719065,0.6131687242798354,"[[17, 64], [6, 57]]","['keloid', 'non_keloid']"
keloid_binary,grouped_seed1_fold2,modules_only,hist_gradient_boosting,264,144,"{'non_keloid': 178, 'keloid': 86}","{'keloid': 81, 'non_keloid': 63}",0.5902777777777778,0.5867124956491473,0.5776014109347443,0.577544627318383,0.6045463452870861,"[[55, 26], [33, 30]]","['keloid', 'non_keloid']"
keloid_binary,grouped_seed1_fold2,modules_only,knn,264,144,"{'non_keloid': 178, 'keloid': 86}","{'keloid': 81, 'non_keloid': 63}",0.5486111111111112,0.5011811328548562,0.5899470899470899,0.5167036711932669,0.6555947481873408,"[[21, 60], [5, 58]]","['keloid', 'non_keloid']"
keloid_binary,grouped_seed1_fold2,modules_only,small_mlp,264,144,"{'non_keloid': 178, 'keloid': 86}","{'keloid': 81, 'non_keloid': 63}",0.5694444444444444,0.5550925925925926,0.54673721340388,0.5407407407407407,0.5726043503821281,"[[59, 22], [40, 23]]","['keloid', 'non_keloid']"
keloid_binary,grouped_seed1_fold2,low_i2_core_only,majority,264,144,"{'non_keloid': 178, 'keloid': 86}","{'keloid': 81, 'non_keloid': 63}",0.4375,0.266304347826087,0.5,0.30434782608695654,0.5,"[[0, 81], [0, 63]]","['keloid', 'non_keloid']"
keloid_binary,grouped_seed1_fold2,low_i2_core_only,stratified_random,264,144,"{'non_keloid': 178, 'keloid': 86}","{'keloid': 81, 'non_keloid': 63}",0.4861111111111111,0.47246093749999996,0.5079365079365079,0.4796875,0.5079365079365079,"[[27, 54], [20, 43]]","['keloid', 'non_keloid']"
keloid_binary,grouped_seed1_fold2,low_i2_core_only,elastic_net_logreg,264,144,"{'non_keloid': 178, 'keloid': 86}","{'keloid': 81, 'non_keloid': 63}",0.5833333333333334,0.5545112781954887,0.5520282186948854,0.535982814178303,0.5815206741132667,"[[65, 16], [44, 19]]","['keloid', 'non_keloid']"
keloid_binary,grouped_seed1_fold2,low_i2_core_only,linear_svm,264,144,"{'non_keloid': 178, 'keloid': 86}","{'keloid': 81, 'non_keloid': 63}",0.5833333333333334,0.5579787234042554,0.5537918871252204,0.5404255319148936,0.5895551636292377,"[[64, 17], [43, 20]]","['keloid', 'non_keloid']"
keloid_binary,grouped_seed1_fold2,low_i2_core_only,random_forest,264,144,"{'non_keloid': 178, 'keloid': 86}","{'keloid': 81, 'non_keloid': 63}",0.6180555555555556,0.6194821731748726,0.6181657848324515,0.6158137278680572,0.5975896531452086,"[[50, 31], [24, 39]]","['keloid', 'non_keloid']"
keloid_binary,grouped_seed1_fold2,low_i2_core_only,hist_gradient_boosting,264,144,"{'non_keloid': 178, 'keloid': 86}","{'keloid': 81, 'non_keloid': 63}",0.5833333333333334,0.582513768686074,0.5749559082892416,0.5751376868607396,0.5928865373309817,"[[52, 29], [31, 32]]","['keloid', 'non_keloid']"
keloid_binary,grouped_seed1_fold2,low_i2_core_only,knn,264,144,"{'non_keloid': 178, 'keloid': 86}","{'keloid': 81, 'non_keloid': 63}",0.6527777777777778,0.6448863636363638,0.6349206349206349,0.6347402597402598,0.6435430139133843,"[[63, 18], [32, 31]]","['keloid', 'non_keloid']"
keloid_binary,grouped_seed1_fold2,low_i2_core_only,small_mlp,264,144,"{'non_keloid': 178, 'keloid': 86}","{'keloid': 81, 'non_keloid': 63}",0.5208333333333334,0.47048458718438574,0.5617283950617283,0.4869623586513141,0.6216931216931216,"[[19, 62], [7, 56]]","['keloid', 'non_keloid']"
keloid_binary,grouped_seed1_fold3,profibrotic_module_only,majority,376,94,"{'non_keloid': 225, 'keloid': 151}","{'keloid': 66, 'non_keloid': 28}",0.2978723404255319,0.13672828740844087,0.5,0.22950819672131148,0.5,"[[0, 66], [0, 28]]","['keloid', 'non_keloid']"
keloid_binary,grouped_seed1_fold3,profibrotic_module_only,stratified_random,376,94,"{'non_keloid': 225, 'keloid': 151}","{'keloid': 66, 'non_keloid': 28}",0.4787234042553192,0.494263460393453,0.525974025974026,0.47390062821245005,0.525974025974026,"[[27, 39], [10, 18]]","['keloid', 'non_keloid']"
keloid_binary,grouped_seed1_fold3,profibrotic_module_only,elastic_net_logreg,376,94,"{'non_keloid': 225, 'keloid': 151}","{'keloid': 66, 'non_keloid': 28}",0.7446808510638298,0.7535593112851571,0.7462121212121212,0.7198211624441133,0.7651515151515151,"[[49, 17], [7, 21]]","['keloid', 'non_keloid']"
keloid_binary,grouped_seed1_fold3,profibrotic_module_only,linear_svm,376,94,"{'non_keloid': 225, 'keloid': 151}","{'keloid': 66, 'non_keloid': 28}",0.7446808510638298,0.7535593112851571,0.7462121212121212,0.7198211624441133,0.7651515151515151,"[[49, 17], [7, 21]]","['keloid', 'non_keloid']"
keloid_binary,grouped_seed1_fold3,profibrotic_module_only,random_forest,376,94,"{'non_keloid': 225, 'keloid': 151}","{'keloid': 66, 'non_keloid': 28}",0.6063829787234043,0.6228239845261122,0.6374458874458875,0.5930735930735931,0.6820887445887446,"[[37, 29], [8, 20]]","['keloid', 'non_keloid']"
keloid_binary,grouped_seed1_fold3,profibrotic_module_only,hist_gradient_boosting,376,94,"{'non_keloid': 225, 'keloid': 151}","{'keloid': 66, 'non_keloid': 28}",0.5319148936170213,0.5421276595744681,0.604978354978355,0.53,0.6788419913419913,"[[28, 38], [6, 22]]","['keloid', 'non_keloid']"
keloid_binary,grouped_seed1_fold3,profibrotic_module_only,knn,376,94,"{'non_keloid': 225, 'keloid': 151}","{'keloid': 66, 'non_keloid': 28}",0.5106382978723404,0.5240271269319208,0.5692640692640693,0.5070679434564523,0.6341991341991341,"[[28, 38], [8, 20]]","['keloid', 'non_keloid']"
keloid_binary,grouped_seed1_fold3,profibrotic_module_only,small_mlp,376,94,"{'non_keloid': 225, 'keloid': 151}","{'keloid': 66, 'non_keloid': 28}",0.7446808510638298,0.7418580854592287,0.6845238095238095,0.6882255389718077,0.7559523809523809,"[[55, 11], [13, 15]]","['keloid', 'non_keloid']"
keloid_binary,grouped_seed1_fold3,shared_genes_plus_modules,majority,376,94,"{'non_keloid': 225, 'keloid': 151}","{'keloid': 66, 'non_keloid': 28}",0.2978723404255319,0.13672828740844087,0.5,0.22950819672131148,0.5,"[[0, 66], [0, 28]]","['keloid', 'non_keloid']"
keloid_binary,grouped_seed1_fold3,shared_genes_plus_modules,stratified_random,376,94,"{'non_keloid': 225, 'keloid': 151}","{'keloid': 66, 'non_keloid': 28}",0.4787234042553192,0.494263460393453,0.525974025974026,0.47390062821245005,0.525974025974026,"[[27, 39], [10, 18]]","['keloid', 'non_keloid']"
keloid_binary,grouped_seed1_fold3,shared_genes_plus_modules,elastic_net_logreg,376,94,"{'non_keloid': 225, 'keloid': 151}","{'keloid': 66, 'non_keloid': 28}",0.7978723404255319,0.8021773699633901,0.7840909090909092,0.7694591454756681,0.8852813852813852,"[[54, 12], [7, 21]]","['keloid', 'non_keloid']"
keloid_binary,grouped_seed1_fold3,shared_genes_plus_modules,linear_svm,376,94,"{'non_keloid': 225, 'keloid': 151}","{'keloid': 66, 'non_keloid': 28}",0.7553191489361702,0.7540146303864109,0.7023809523809523,0.7044429254955571,0.8246753246753247,"[[55, 11], [12, 16]]","['keloid', 'non_keloid']"
keloid_binary,grouped_seed1_fold3,shared_genes_plus_modules,random_forest,376,94,"{'non_keloid': 225, 'keloid': 151}","{'keloid': 66, 'non_keloid': 28}",0.6276595744680851,0.6434934674895137,0.6423160173160174,0.6081000595592614,0.7251082251082251,"[[40, 26], [9, 19]]","['keloid', 'non_keloid']"
keloid_binary,grouped_seed1_fold3,shared_genes_plus_modules,hist_gradient_boosting,376,94,"{'non_keloid': 225, 'keloid': 151}","{'keloid': 66, 'non_keloid': 28}",0.6382978723404256,0.6531369339879979,0.6807359307359307,0.6275058275058275,0.755952380952381,"[[38, 28], [6, 22]]","['keloid', 'non_keloid']"
keloid_binary,grouped_seed1_fold3,shared_genes_plus_modules,knn,376,94,"{'non_keloid': 225, 'keloid': 151}","{'keloid': 66, 'non_keloid': 28}",0.7127659574468085,0.6887070376432078,0.6001082251082251,0.6055944055944056,0.6458333333333334,"[[58, 8], [19, 9]]","['keloid', 'non_keloid']"
keloid_binary,grouped_seed1_fold3,shared_genes_plus_modules,small_mlp,376,94,"{'non_keloid': 225, 'keloid': 151}","{'keloid': 66, 'non_keloid': 28}",0.776595744680851,0.7662635848767795,0.696969696969697,0.710174717368962,0.8593073593073592,"[[59, 7], [14, 14]]","['keloid', 'non_keloid']"
keloid_binary,grouped_seed1_fold3,published_markers_only,majority,376,94,"{'non_keloid': 225, 'keloid': 151}","{'keloid': 66, 'non_keloid': 28}",0.2978723404255319,0.13672828740844087,0.5,0.22950819672131148,0.5,"[[0, 66], [0, 28]]","['keloid', 'non_keloid']"
keloid_binary,grouped_seed1_fold3,published_markers_only,stratified_random,376,94,"{'non_keloid': 225, 'keloid': 151}","{'keloid': 66, 'non_keloid': 28}",0.4787234042553192,0.494263460393453,0.525974025974026,0.47390062821245005,0.525974025974026,"[[27, 39], [10, 18]]","['keloid', 'non_keloid']"
keloid_binary,grouped_seed1_fold3,published_markers_only,elastic_net_logreg,376,94,"{'non_keloid': 225, 'keloid': 151}","{'keloid': 66, 'non_keloid': 28}",0.7553191489361702,0.7633068540178036,0.7537878787878788,0.7295809881175734,0.8154761904761905,"[[50, 16], [7, 21]]","['keloid', 'non_keloid']"
keloid_binary,grouped_seed1_fold3,published_markers_only,linear_svm,376,94,"{'non_keloid': 225, 'keloid': 151}","{'keloid': 66, 'non_keloid': 28}",0.776595744680851,0.7827517730496454,0.7689393939393939,0.7493333333333333,0.8235930735930735,"[[52, 14], [7, 21]]","['keloid', 'non_keloid']"
keloid_binary,grouped_seed1_fold3,published_markers_only,random_forest,376,94,"{'non_keloid': 225, 'keloid': 151}","{'keloid': 66, 'non_keloid': 28}",0.7127659574468085,0.724980674920482,0.7440476190476191,0.6976771888028588,0.8311688311688312,"[[44, 22], [5, 23]]","['keloid', 'non_keloid']"
keloid_binary,grouped_seed1_fold3,published_markers_only,hist_gradient_boosting,376,94,"{'non_keloid': 225, 'keloid': 151}","{'keloid': 66, 'non_keloid': 28}",0.723404255319149,0.7346556076451496,0.7413419913419914,0.7041162227602906,0.8252164502164502,"[[46, 20], [6, 22]]","['keloid', 'non_keloid']"
keloid_binary,grouped_seed1_fold3,published_markers_only,knn,376,94,"{'non_keloid': 225, 'keloid': 151}","{'keloid': 66, 'non_keloid': 28}",0.7021276595744681,0.6950515066910561,0.6233766233766234,0.6278280542986425,0.7337662337662337,"[[54, 12], [16, 12]]","['keloid', 'non_keloid']"
keloid_binary,grouped_seed1_fold3,published_markers_only,small_mlp,376,94,"{'non_keloid': 225, 'keloid': 151}","{'keloid': 66, 'non_keloid': 28}",0.5531914893617021,0.5722587088768499,0.5584415584415584,0.5320056899004267,0.6168831168831169,"[[36, 30], [12, 16]]","['keloid', 'non_keloid']"
keloid_binary,grouped_seed1_fold3,shared_genes,majority,376,94,"{'non_keloid': 225, 'keloid': 151}","{'keloid': 66, 'non_keloid': 28}",0.2978723404255319,0.13672828740844087,0.5,0.22950819672131148,0.5,"[[0, 66], [0, 28]]","['keloid', 'non_keloid']"
keloid_binary,grouped_seed1_fold3,shared_genes,stratified_random,376,94,"{'non_keloid': 225, 'keloid': 151}","{'keloid': 66, 'non_keloid': 28}",0.4787234042553192,0.494263460393453,0.525974025974026,0.47390062821245005,0.525974025974026,"[[27, 39], [10, 18]]","['keloid', 'non_keloid']"
keloid_binary,grouped_seed1_fold3,shared_genes,elastic_net_logreg,376,94,"{'non_keloid': 225, 'keloid': 151}","{'keloid': 66, 'non_keloid': 28}",0.8085106382978723,0.8119015957446808,0.7916666666666667,0.7796875,0.887987012987013,"[[55, 11], [7, 21]]","['keloid', 'non_keloid']"
keloid_binary,grouped_seed1_fold3,shared_genes,linear_svm,376,94,"{'non_keloid': 225, 'keloid': 151}","{'keloid': 66, 'non_keloid': 28}",0.776595744680851,0.7754046625267229,0.7278138528138528,0.7301435406698564,0.8203463203463204,"[[56, 10], [11, 17]]","['keloid', 'non_keloid']"
keloid_binary,grouped_seed1_fold3,shared_genes,random_forest,376,94,"{'non_keloid': 225, 'keloid': 151}","{'keloid': 66, 'non_keloid': 28}",0.6382978723404256,0.6535420233145839,0.649891774891775,0.6173371647509578,0.6910173160173161,"[[41, 25], [9, 19]]","['keloid', 'non_keloid']"
keloid_binary,grouped_seed1_fold3,shared_genes,hist_gradient_boosting,376,94,"{'non_keloid': 225, 'keloid': 151}","{'keloid': 66, 'non_keloid': 28}",0.6170212765957447,0.6332186850103984,0.645021645021645,0.6024436090225564,0.7326839826839826,"[[38, 28], [8, 20]]","['keloid', 'non_keloid']"
keloid_binary,grouped_seed1_fold3,shared_genes,knn,376,94,"{'non_keloid': 225, 'keloid': 151}","{'keloid': 66, 'non_keloid': 28}",0.7021276595744681,0.6667638200718935,0.571969696969697,0.5707762557077626,0.6417748917748918,"[[59, 7], [21, 7]]","['keloid', 'non_keloid']"
keloid_binary,grouped_seed1_fold3,modules_only,majority,376,94,"{'non_keloid': 225, 'keloid': 151}","{'keloid': 66, 'non_keloid': 28}",0.2978723404255319,0.13672828740844087,0.5,0.22950819672131148,0.5,"[[0, 66], [0, 28]]","['keloid', 'non_keloid']"
keloid_binary,grouped_seed1_fold3,modules_only,stratified_random,376,94,"{'non_keloid': 225, 'keloid': 151}","{'keloid': 66, 'non_keloid': 28}",0.4787234042553192,0.494263460393453,0.525974025974026,0.47390062821245005,0.525974025974026,"[[27, 39], [10, 18]]","['keloid', 'non_keloid']"
keloid_binary,grouped_seed1_fold3,modules_only,elastic_net_logreg,376,94,"{'non_keloid': 225, 'keloid': 151}","{'keloid': 66, 'non_keloid': 28}",0.7553191489361702,0.7633068540178036,0.7537878787878788,0.7295809881175734,0.7840909090909091,"[[50, 16], [7, 21]]","['keloid', 'non_keloid']"
keloid_binary,grouped_seed1_fold3,modules_only,linear_svm,376,94,"{'non_keloid': 225, 'keloid': 151}","{'keloid': 66, 'non_keloid': 28}",0.7659574468085106,0.7730353466026082,0.7613636363636364,0.7394153225806452,0.7900432900432901,"[[51, 15], [7, 21]]","['keloid', 'non_keloid']"
keloid_binary,grouped_seed1_fold3,modules_only,random_forest,376,94,"{'non_keloid': 225, 'keloid': 151}","{'keloid': 66, 'non_keloid': 28}",0.6914893617021277,0.70460887306274,0.7186147186147186,0.6752829064919594,0.7954545454545454,"[[43, 23], [6, 22]]","['keloid', 'non_keloid']"
keloid_binary,grouped_seed1_fold3,modules_only,hist_gradient_boosting,376,94,"{'non_keloid': 225, 'keloid': 151}","{'keloid': 66, 'non_keloid': 28}",0.6595744680851063,0.6728132387706856,0.7164502164502164,0.6518518518518519,0.7646103896103896,"[[38, 28], [4, 24]]","['keloid', 'non_keloid']"
keloid_binary,grouped_seed1_fold3,modules_only,knn,376,94,"{'non_keloid': 225, 'keloid': 151}","{'keloid': 66, 'non_keloid': 28}",0.7021276595744681,0.7094486387554335,0.6747835497835497,0.6630824372759856,0.7194264069264069,"[[49, 17], [11, 17]]","['keloid', 'non_keloid']"
keloid_binary,grouped_seed1_fold3,modules_only,small_mlp,376,94,"{'non_keloid': 225, 'keloid': 151}","{'keloid': 66, 'non_keloid': 28}",0.7553191489361702,0.7586947223643271,0.722943722943723,0.7159374589410065,0.762987012987013,"[[53, 13], [10, 18]]","['keloid', 'non_keloid']"
keloid_binary,grouped_seed1_fold3,low_i2_core_only,majority,376,94,"{'non_keloid': 225, 'keloid': 151}","{'keloid': 66, 'non_keloid': 28}",0.2978723404255319,0.13672828740844087,0.5,0.22950819672131148,0.5,"[[0, 66], [0, 28]]","['keloid', 'non_keloid']"
keloid_binary,grouped_seed1_fold3,low_i2_core_only,stratified_random,376,94,"{'non_keloid': 225, 'keloid': 151}","{'keloid': 66, 'non_keloid': 28}",0.4787234042553192,0.494263460393453,0.525974025974026,0.47390062821245005,0.525974025974026,"[[27, 39], [10, 18]]","['keloid', 'non_keloid']"
keloid_binary,grouped_seed1_fold3,low_i2_core_only,elastic_net_logreg,376,94,"{'non_keloid': 225, 'keloid': 151}","{'keloid': 66, 'non_keloid': 28}",0.7340425531914894,0.7258586615264214,0.6563852813852814,0.6636610848719049,0.8306277056277057,"[[56, 10], [15, 13]]","['keloid', 'non_keloid']"
keloid_binary,grouped_seed1_fold3,low_i2_core_only,linear_svm,376,94,"{'non_keloid': 225, 'keloid': 151}","{'keloid': 66, 'non_keloid': 28}",0.7340425531914894,0.7258586615264214,0.6563852813852814,0.6636610848719049,0.8138528138528138,"[[56, 10], [15, 13]]","['keloid', 'non_keloid']"
keloid_binary,grouped_seed1_fold3,low_i2_core_only,random_forest,376,94,"{'non_keloid': 225, 'keloid': 151}","{'keloid': 66, 'non_keloid': 28}",0.6382978723404256,0.652127659574468,0.6293290043290043,0.6083333333333334,0.7364718614718615,"[[43, 23], [11, 17]]","['keloid', 'non_keloid']"
keloid_binary,grouped_seed1_fold3,low_i2_core_only,hist_gradient_boosting,376,94,"{'non_keloid': 225, 'keloid': 151}","{'keloid': 66, 'non_keloid': 28}",0.6595744680851063,0.6656028368794326,0.6136363636363636,0.6083333333333334,0.7922077922077921,"[[48, 18], [14, 14]]","['keloid', 'non_keloid']"
keloid_binary,grouped_seed1_fold3,low_i2_core_only,knn,376,94,"{'non_keloid': 225, 'keloid': 151}","{'keloid': 66, 'non_keloid': 28}",0.6914893617021277,0.6717971933001358,0.58495670995671,0.5886524822695036,0.6585497835497836,"[[56, 10], [19, 9]]","['keloid', 'non_keloid']"
keloid_binary,grouped_seed1_fold3,low_i2_core_only,small_mlp,376,94,"{'non_keloid': 225, 'keloid': 151}","{'keloid': 66, 'non_keloid': 28}",0.7446808510638298,0.7546099290780143,0.8181818181818181,0.7388888888888889,0.8143939393939393,"[[42, 24], [0, 28]]","['keloid', 'non_keloid']"
keloid_binary,grouped_seed1_fold4,profibrotic_module_only,majority,334,63,"{'non_keloid': 172, 'keloid': 162}","{'non_keloid': 53, 'keloid': 10}",0.8412698412698413,0.7687465790914068,0.5,0.45689655172413796,0.5,"[[0, 10], [0, 53]]","['keloid', 'non_keloid']"
keloid_binary,grouped_seed1_fold4,profibrotic_module_only,stratified_random,334,63,"{'non_keloid': 172, 'keloid': 162}","{'non_keloid': 53, 'keloid': 10}",0.5873015873015873,0.6424880029531193,0.6330188679245283,0.5238372093023256,0.6330188679245282,"[[7, 3], [23, 30]]","['keloid', 'non_keloid']"
keloid_binary,grouped_seed1_fold4,profibrotic_module_only,elastic_net_logreg,334,63,"{'non_keloid': 172, 'keloid': 162}","{'non_keloid': 53, 'keloid': 10}",0.5555555555555556,0.6137566137566137,0.6141509433962264,0.5,0.660377358490566,"[[7, 3], [25, 28]]","['keloid', 'non_keloid']"
keloid_binary,grouped_seed1_fold4,profibrotic_module_only,linear_svm,334,63,"{'non_keloid': 172, 'keloid': 162}","{'non_keloid': 53, 'keloid': 10}",0.5555555555555556,0.6137566137566137,0.6141509433962264,0.5,0.660377358490566,"[[7, 3], [25, 28]]","['keloid', 'non_keloid']"
keloid_binary,grouped_seed1_fold4,profibrotic_module_only,random_forest,334,63,"{'non_keloid': 172, 'keloid': 162}","{'non_keloid': 53, 'keloid': 10}",0.6031746031746031,0.6557810115916285,0.6830188679245284,0.5480631276901005,0.6566037735849056,"[[8, 2], [23, 30]]","['keloid', 'non_keloid']"
keloid_binary,grouped_seed1_fold4,profibrotic_module_only,hist_gradient_boosting,334,63,"{'non_keloid': 172, 'keloid': 162}","{'non_keloid': 53, 'keloid': 10}",0.5873015873015873,0.6424880029531193,0.6330188679245283,0.5238372093023256,0.709433962264151,"[[7, 3], [23, 30]]","['keloid', 'non_keloid']"
keloid_binary,grouped_seed1_fold4,profibrotic_module_only,knn,334,63,"{'non_keloid': 172, 'keloid': 162}","{'non_keloid': 53, 'keloid': 10}",0.5714285714285714,0.6282434925189588,0.6235849056603773,0.5119081779053085,0.6198113207547171,"[[7, 3], [24, 29]]","['keloid', 'non_keloid']"
keloid_binary,grouped_seed1_fold4,profibrotic_module_only,small_mlp,334,63,"{'non_keloid': 172, 'keloid': 162}","{'non_keloid': 53, 'keloid': 10}",0.4126984126984127,0.46279133691901847,0.569811320754717,0.39751873869216847,0.6698113207547169,"[[8, 2], [35, 18]]","['keloid', 'non_keloid']"
keloid_binary,grouped_seed1_fold4,shared_genes_plus_modules,majority,334,63,"{'non_keloid': 172, 'keloid': 162}","{'non_keloid': 53, 'keloid': 10}",0.8412698412698413,0.7687465790914068,0.5,0.45689655172413796,0.5,"[[0, 10], [0, 53]]","['keloid', 'non_keloid']"
keloid_binary,grouped_seed1_fold4,shared_genes_plus_modules,stratified_random,334,63,"{'non_keloid': 172, 'keloid': 162}","{'non_keloid': 53, 'keloid': 10}",0.5873015873015873,0.6424880029531193,0.6330188679245283,0.5238372093023256,0.6330188679245282,"[[7, 3], [23, 30]]","['keloid', 'non_keloid']"
keloid_binary,grouped_seed1_fold4,shared_genes_plus_modules,elastic_net_logreg,334,63,"{'non_keloid': 172, 'keloid': 162}","{'non_keloid': 53, 'keloid': 10}",0.9047619047619048,0.8945887445887446,0.7405660377358491,0.7852272727272727,0.7452830188679245,"[[5, 5], [1, 52]]","['keloid', 'non_keloid']"
keloid_binary,grouped_seed1_fold4,shared_genes_plus_modules,linear_svm,334,63,"{'non_keloid': 172, 'keloid': 162}","{'non_keloid': 53, 'keloid': 10}",0.7777777777777778,0.7857420357420357,0.6245283018867924,0.6145104895104896,0.6509433962264151,"[[4, 6], [8, 45]]","['keloid', 'non_keloid']"
keloid_binary,grouped_seed1_fold4,shared_genes_plus_modules,random_forest,334,63,"{'non_keloid': 172, 'keloid': 162}","{'non_keloid': 53, 'keloid': 10}",0.38095238095238093,0.4253399182976648,0.5509433962264151,0.37080665813060176,0.5358490566037736,"[[8, 2], [37, 16]]","['keloid', 'non_keloid']"
keloid_binary,grouped_seed1_fold4,shared_genes_plus_modules,hist_gradient_boosting,334,63,"{'non_keloid': 172, 'keloid': 162}","{'non_keloid': 53, 'keloid': 10}",0.3492063492063492,0.3748890735989142,0.5726415094339623,0.34657222362762463,0.5150943396226415,"[[9, 1], [40, 13]]","['keloid', 'non_keloid']"
keloid_binary,grouped_seed1_fold4,shared_genes_plus_modules,knn,334,63,"{'non_keloid': 172, 'keloid': 162}","{'non_keloid': 53, 'keloid': 10}",0.6190476190476191,0.6689342403628118,0.7330188679245283,0.5714285714285714,0.8528301886792453,"[[9, 1], [23, 30]]","['keloid', 'non_keloid']"
keloid_binary,grouped_seed1_fold4,shared_genes_plus_modules,small_mlp,334,63,"{'non_keloid': 172, 'keloid': 162}","{'non_keloid': 53, 'keloid': 10}",0.8571428571428571,0.864379183501176,0.7933962264150943,0.760658505698607,0.7716981132075472,"[[7, 3], [6, 47]]","['keloid', 'non_keloid']"
keloid_binary,grouped_seed1_fold4,published_markers_only,majority,334,63,"{'non_keloid': 172, 'keloid': 162}","{'non_keloid': 53, 'keloid': 10}",0.8412698412698413,0.7687465790914068,0.5,0.45689655172413796,0.5,"[[0, 10], [0, 53]]","['keloid', 'non_keloid']"
keloid_binary,grouped_seed1_fold4,published_markers_only,stratified_random,334,63,"{'non_keloid': 172, 'keloid': 162}","{'non_keloid': 53, 'keloid': 10}",0.5873015873015873,0.6424880029531193,0.6330188679245283,0.5238372093023256,0.6330188679245282,"[[7, 3], [23, 30]]","['keloid', 'non_keloid']"
keloid_binary,grouped_seed1_fold4,published_markers_only,elastic_net_logreg,334,63,"{'non_keloid': 172, 'keloid': 162}","{'non_keloid': 53, 'keloid': 10}",0.6507936507936508,0.6977861319966583,0.7113207547169811,0.5855263157894737,0.7226415094339622,"[[8, 2], [20, 33]]","['keloid', 'non_keloid']"
keloid_binary,grouped_seed1_fold4,published_markers_only,linear_svm,334,63,"{'non_keloid': 172, 'keloid': 162}","{'non_keloid': 53, 'keloid': 10}",0.6507936507936508,0.6977861319966583,0.7113207547169811,0.5855263157894737,0.7056603773584906,"[[8, 2], [20, 33]]","['keloid', 'non_keloid']"
keloid_binary,grouped_seed1_fold4,published_markers_only,random_forest,334,63,"{'non_keloid': 172, 'keloid': 162}","{'non_keloid': 53, 'keloid': 10}",0.6507936507936508,0.6977861319966583,0.7113207547169811,0.5855263157894737,0.7660377358490565,"[[8, 2], [20, 33]]","['keloid', 'non_keloid']"
keloid_binary,grouped_seed1_fold4,published_markers_only,hist_gradient_boosting,334,63,"{'non_keloid': 172, 'keloid': 162}","{'non_keloid': 53, 'keloid': 10}",0.5714285714285714,0.6266661329704198,0.6641509433962265,0.5233959092182684,0.7547169811320754,"[[8, 2], [25, 28]]","['keloid', 'non_keloid']"
keloid_binary,grouped_seed1_fold4,published_markers_only,knn,334,63,"{'non_keloid': 172, 'keloid': 162}","{'non_keloid': 53, 'keloid': 10}",0.5714285714285714,0.6243386243386243,0.7047169811320755,0.5333333333333333,0.7811320754716982,"[[9, 1], [26, 27]]","['keloid', 'non_keloid']"
keloid_binary,grouped_seed1_fold4,published_markers_only,small_mlp,334,63,"{'non_keloid': 172, 'keloid': 162}","{'non_keloid': 53, 'keloid': 10}",0.5714285714285714,0.6290261462675257,0.5830188679245283,0.49867374005305043,0.6377358490566037,"[[6, 4], [23, 30]]","['keloid', 'non_keloid']"
keloid_binary,grouped_seed1_fold4,shared_genes,majority,334,63,"{'non_keloid': 172, 'keloid': 162}","{'non_keloid': 53, 'keloid': 10}",0.8412698412698413,0.7687465790914068,0.5,0.45689655172413796,0.5,"[[0, 10], [0, 53]]","['keloid', 'non_keloid']"
keloid_binary,grouped_seed1_fold4,shared_genes,stratified_random,334,63,"{'non_keloid': 172, 'keloid': 162}","{'non_keloid': 53, 'keloid': 10}",0.5873015873015873,0.6424880029531193,0.6330188679245283,0.5238372093023256,0.6330188679245282,"[[7, 3], [23, 30]]","['keloid', 'non_keloid']"
keloid_binary,grouped_seed1_fold4,shared_genes,elastic_net_logreg,334,63,"{'non_keloid': 172, 'keloid': 162}","{'non_keloid': 53, 'keloid': 10}",0.9047619047619048,0.8945887445887446,0.7405660377358491,0.7852272727272727,0.7452830188679245,"[[5, 5], [1, 52]]","['keloid', 'non_keloid']"
keloid_binary,grouped_seed1_fold4,shared_genes,linear_svm,334,63,"{'non_keloid': 172, 'keloid': 162}","{'non_keloid': 53, 'keloid': 10}",0.7777777777777778,0.7857420357420357,0.6245283018867924,0.6145104895104896,0.6509433962264151,"[[4, 6], [8, 45]]","['keloid', 'non_keloid']"
keloid_binary,grouped_seed1_fold4,shared_genes,random_forest,334,63,"{'non_keloid': 172, 'keloid': 162}","{'non_keloid': 53, 'keloid': 10}",0.36507936507936506,0.3956663125020123,0.5820754716981132,0.36105476673427994,0.5754716981132075,"[[9, 1], [39, 14]]","['keloid', 'non_keloid']"
keloid_binary,grouped_seed1_fold4,shared_genes,hist_gradient_boosting,334,63,"{'non_keloid': 172, 'keloid': 162}","{'non_keloid': 53, 'keloid': 10}",0.3492063492063492,0.3748890735989142,0.5726415094339623,0.34657222362762463,0.4358490566037736,"[[9, 1], [40, 13]]","['keloid', 'non_keloid']"
keloid_binary,grouped_seed1_fold4,shared_genes,knn,334,63,"{'non_keloid': 172, 'keloid': 162}","{'non_keloid': 53, 'keloid': 10}",0.6190476190476191,0.6689342403628118,0.7330188679245283,0.5714285714285714,0.8443396226415095,"[[9, 1], [23, 30]]","['keloid', 'non_keloid']"
keloid_binary,grouped_seed1_fold4,modules_only,majority,334,63,"{'non_keloid': 172, 'keloid': 162}","{'non_keloid': 53, 'keloid': 10}",0.8412698412698413,0.7687465790914068,0.5,0.45689655172413796,0.5,"[[0, 10], [0, 53]]","['keloid', 'non_keloid']"
keloid_binary,grouped_seed1_fold4,modules_only,stratified_random,334,63,"{'non_keloid': 172, 'keloid': 162}","{'non_keloid': 53, 'keloid': 10}",0.5873015873015873,0.6424880029531193,0.6330188679245283,0.5238372093023256,0.6330188679245282,"[[7, 3], [23, 30]]","['keloid', 'non_keloid']"
keloid_binary,grouped_seed1_fold4,modules_only,elastic_net_logreg,334,63,"{'non_keloid': 172, 'keloid': 162}","{'non_keloid': 53, 'keloid': 10}",0.5555555555555556,0.6117270263611728,0.6547169811320754,0.5110864745011087,0.7660377358490567,"[[8, 2], [26, 27]]","['keloid', 'non_keloid']"
keloid_binary,grouped_seed1_fold4,modules_only,linear_svm,334,63,"{'non_keloid': 172, 'keloid': 162}","{'non_keloid': 53, 'keloid': 10}",0.5555555555555556,0.6117270263611728,0.6547169811320754,0.5110864745011087,0.7679245283018867,"[[8, 2], [26, 27]]","['keloid', 'non_keloid']"
keloid_binary,grouped_seed1_fold4,modules_only,random_forest,334,63,"{'non_keloid': 172, 'keloid': 162}","{'non_keloid': 53, 'keloid': 10}",0.7301587301587301,0.7644494096107,0.7584905660377359,0.6510263929618769,0.8132075471698113,"[[8, 2], [15, 38]]","['keloid', 'non_keloid']"
keloid_binary,grouped_seed1_fold4,modules_only,hist_gradient_boosting,334,63,"{'non_keloid': 172, 'keloid': 162}","{'non_keloid': 53, 'keloid': 10}",0.5714285714285714,0.6266661329704198,0.6641509433962265,0.5233959092182684,0.8188679245283019,"[[8, 2], [25, 28]]","['keloid', 'non_keloid']"
keloid_binary,grouped_seed1_fold4,modules_only,knn,334,63,"{'non_keloid': 172, 'keloid': 162}","{'non_keloid': 53, 'keloid': 10}",0.746031746031746,0.7789956562335079,0.8084905660377358,0.6777493606138107,0.8915094339622642,"[[9, 1], [15, 38]]","['keloid', 'non_keloid']"
keloid_binary,grouped_seed1_fold4,modules_only,small_mlp,334,63,"{'non_keloid': 172, 'keloid': 162}","{'non_keloid': 53, 'keloid': 10}",0.5238095238095238,0.5810041407867496,0.6358490566037736,0.48641304347826086,0.7528301886792452,"[[8, 2], [28, 25]]","['keloid', 'non_keloid']"
keloid_binary,grouped_seed1_fold4,low_i2_core_only,majority,334,63,"{'non_keloid': 172, 'keloid': 162}","{'non_keloid': 53, 'keloid': 10}",0.8412698412698413,0.7687465790914068,0.5,0.45689655172413796,0.5,"[[0, 10], [0, 53]]","['keloid', 'non_keloid']"
keloid_binary,grouped_seed1_fold4,low_i2_core_only,stratified_random,334,63,"{'non_keloid': 172, 'keloid': 162}","{'non_keloid': 53, 'keloid': 10}",0.5873015873015873,0.6424880029531193,0.6330188679245283,0.5238372093023256,0.6330188679245282,"[[7, 3], [23, 30]]","['keloid', 'non_keloid']"
keloid_binary,grouped_seed1_fold4,low_i2_core_only,elastic_net_logreg,334,63,"{'non_keloid': 172, 'keloid': 162}","{'non_keloid': 53, 'keloid': 10}",0.746031746031746,0.7774400540357987,0.7679245283018867,0.6648936170212766,0.7830188679245282,"[[8, 2], [14, 39]]","['keloid', 'non_keloid']"
keloid_binary,grouped_seed1_fold4,low_i2_core_only,linear_svm,334,63,"{'non_keloid': 172, 'keloid': 162}","{'non_keloid': 53, 'keloid': 10}",0.7142857142857143,0.7513701132626963,0.7490566037735849,0.6374680306905371,0.7792452830188679,"[[8, 2], [16, 37]]","['keloid', 'non_keloid']"
keloid_binary,grouped_seed1_fold4,low_i2_core_only,random_forest,334,63,"{'non_keloid': 172, 'keloid': 162}","{'non_keloid': 53, 'keloid': 10}",0.7777777777777778,0.800453514739229,0.7462264150943396,0.6785714285714286,0.8113207547169812,"[[7, 3], [11, 42]]","['keloid', 'non_keloid']"
keloid_binary,grouped_seed1_fold4,low_i2_core_only,hist_gradient_boosting,334,63,"{'non_keloid': 172, 'keloid': 162}","{'non_keloid': 53, 'keloid': 10}",0.8253968253968254,0.8385352820996386,0.7745283018867924,0.7255445544554455,0.8433962264150944,"[[7, 3], [8, 45]]","['keloid', 'non_keloid']"
keloid_binary,grouped_seed1_fold4,low_i2_core_only,knn,334,63,"{'non_keloid': 172, 'keloid': 162}","{'non_keloid': 53, 'keloid': 10}",0.6190476190476191,0.6698412698412699,0.6113207547169811,0.5333333333333333,0.660377358490566,"[[6, 4], [20, 33]]","['keloid', 'non_keloid']"
keloid_binary,grouped_seed1_fold4,low_i2_core_only,small_mlp,334,63,"{'non_keloid': 172, 'keloid': 162}","{'non_keloid': 53, 'keloid': 10}",0.8095238095238095,0.8216619981325863,0.7245283018867925,0.6911764705882353,0.7528301886792452,"[[6, 4], [8, 45]]","['keloid', 'non_keloid']"
keloid_binary,grouped_seed2_fold0,profibrotic_module_only,majority,226,112,"{'non_keloid': 117, 'keloid': 109}","{'non_keloid': 98, 'keloid': 14}",0.875,0.8166666666666667,0.5,0.4666666666666667,0.5,"[[0, 14], [0, 98]]","['keloid', 'non_keloid']"
keloid_binary,grouped_seed2_fold0,profibrotic_module_only,stratified_random,226,112,"{'non_keloid': 117, 'keloid': 109}","{'non_keloid': 98, 'keloid': 14}",0.5535714285714286,0.62890625,0.5306122448979591,0.453125,0.5306122448979591,"[[7, 7], [43, 55]]","['keloid', 'non_keloid']"
keloid_binary,grouped_seed2_fold0,profibrotic_module_only,elastic_net_logreg,226,112,"{'non_keloid': 117, 'keloid': 109}","{'non_keloid': 98, 'keloid': 14}",0.75,0.7878787878787878,0.7346938775510203,0.6287878787878788,0.7704081632653061,"[[10, 4], [24, 74]]","['keloid', 'non_keloid']"
keloid_binary,grouped_seed2_fold0,profibrotic_module_only,linear_svm,226,112,"{'non_keloid': 117, 'keloid': 109}","{'non_keloid': 98, 'keloid': 14}",0.75,0.7878787878787878,0.7346938775510203,0.6287878787878788,0.7704081632653061,"[[10, 4], [24, 74]]","['keloid', 'non_keloid']"
keloid_binary,grouped_seed2_fold0,profibrotic_module_only,random_forest,226,112,"{'non_keloid': 117, 'keloid': 109}","{'non_keloid': 98, 'keloid': 14}",0.6696428571428571,0.7249973736737052,0.6887755102040816,0.5646601533774556,0.7339650145772595,"[[10, 4], [33, 65]]","['keloid', 'non_keloid']"
keloid_binary,grouped_seed2_fold0,profibrotic_module_only,hist_gradient_boosting,226,112,"{'non_keloid': 117, 'keloid': 109}","{'non_keloid': 98, 'keloid': 14}",0.6875,0.7398623805021536,0.7295918367346939,0.5881920369786742,0.7638483965014577,"[[11, 3], [32, 66]]","['keloid', 'non_keloid']"
keloid_binary,grouped_seed2_fold0,profibrotic_module_only,knn,226,112,"{'non_keloid': 117, 'keloid': 109}","{'non_keloid': 98, 'keloid': 14}",0.7053571428571429,0.7522101326079564,0.6785714285714286,0.5810948656919416,0.750728862973761,"[[9, 5], [28, 70]]","['keloid', 'non_keloid']"
keloid_binary,grouped_seed2_fold0,profibrotic_module_only,small_mlp,226,112,"{'non_keloid': 117, 'keloid': 109}","{'non_keloid': 98, 'keloid': 14}",0.6428571428571429,0.703305455993628,0.7040816326530612,0.5539625647152528,0.7616618075801749,"[[11, 3], [37, 61]]","['keloid', 'non_keloid']"
keloid_binary,grouped_seed2_fold0,shared_genes_plus_modules,majority,226,112,"{'non_keloid': 117, 'keloid': 109}","{'non_keloid': 98, 'keloid': 14}",0.875,0.8166666666666667,0.5,0.4666666666666667,0.5,"[[0, 14], [0, 98]]","['keloid', 'non_keloid']"
keloid_binary,grouped_seed2_fold0,shared_genes_plus_modules,stratified_random,226,112,"{'non_keloid': 117, 'keloid': 109}","{'non_keloid': 98, 'keloid': 14}",0.5535714285714286,0.62890625,0.5306122448979591,0.453125,0.5306122448979591,"[[7, 7], [43, 55]]","['keloid', 'non_keloid']"
keloid_binary,grouped_seed2_fold0,shared_genes_plus_modules,elastic_net_logreg,226,112,"{'non_keloid': 117, 'keloid': 109}","{'non_keloid': 98, 'keloid': 14}",0.8928571428571429,0.8735294117647058,0.6326530612244898,0.6705882352941177,0.7900874635568513,"[[4, 10], [2, 96]]","['keloid', 'non_keloid']"
keloid_binary,grouped_seed2_fold0,shared_genes_plus_modules,linear_svm,226,112,"{'non_keloid': 117, 'keloid': 109}","{'non_keloid': 98, 'keloid': 14}",0.5714285714285714,0.6425339366515838,0.6326530612244898,0.49321266968325794,0.7128279883381924,"[[10, 4], [44, 54]]","['keloid', 'non_keloid']"
keloid_binary,grouped_seed2_fold0,shared_genes_plus_modules,random_forest,226,112,"{'non_keloid': 117, 'keloid': 109}","{'non_keloid': 98, 'keloid': 14}",0.8392857142857143,0.8392857142857143,0.6326530612244898,0.6326530612244898,0.6326530612244897,"[[5, 9], [9, 89]]","['keloid', 'non_keloid']"
keloid_binary,grouped_seed2_fold0,shared_genes_plus_modules,hist_gradient_boosting,226,112,"{'non_keloid': 117, 'keloid': 109}","{'non_keloid': 98, 'keloid': 14}",0.8928571428571429,0.8849999999999999,0.6938775510204082,0.72,0.7339650145772595,"[[6, 8], [4, 94]]","['keloid', 'non_keloid']"
keloid_binary,grouped_seed2_fold0,shared_genes_plus_modules,knn,226,112,"{'non_keloid': 117, 'keloid': 109}","{'non_keloid': 98, 'keloid': 14}",0.7232142857142857,0.7405600507694748,0.44387755102040816,0.4491511978422973,0.5666909620991253,"[[1, 13], [18, 80]]","['keloid', 'non_keloid']"
keloid_binary,grouped_seed2_fold0,shared_genes_plus_modules,small_mlp,226,112,"{'non_keloid': 117, 'keloid': 109}","{'non_keloid': 98, 'keloid': 14}",0.8482142857142857,0.8577264794542281,0.7295918367346939,0.6979216246231953,0.7244897959183674,"[[8, 6], [11, 87]]","['keloid', 'non_keloid']"
keloid_binary,grouped_seed2_fold0,published_markers_only,majority,226,112,"{'non_keloid': 117, 'keloid': 109}","{'non_keloid': 98, 'keloid': 14}",0.875,0.8166666666666667,0.5,0.4666666666666667,0.5,"[[0, 14], [0, 98]]","['keloid', 'non_keloid']"
keloid_binary,grouped_seed2_fold0,published_markers_only,stratified_random,226,112,"{'non_keloid': 117, 'keloid': 109}","{'non_keloid': 98, 'keloid': 14}",0.5535714285714286,0.62890625,0.5306122448979591,0.453125,0.5306122448979591,"[[7, 7], [43, 55]]","['keloid', 'non_keloid']"
keloid_binary,grouped_seed2_fold0,published_markers_only,elastic_net_logreg,226,112,"{'non_keloid': 117, 'keloid': 109}","{'non_keloid': 98, 'keloid': 14}",0.8214285714285714,0.8374704491725767,0.7142857142857142,0.6690307328605201,0.7084548104956268,"[[8, 6], [14, 84]]","['keloid', 'non_keloid']"
keloid_binary,grouped_seed2_fold0,published_markers_only,linear_svm,226,112,"{'non_keloid': 117, 'keloid': 109}","{'non_keloid': 98, 'keloid': 14}",0.7678571428571429,0.7976190476190476,0.6836734693877551,0.6190476190476191,0.7142857142857143,"[[8, 6], [20, 78]]","['keloid', 'non_keloid']"
keloid_binary,grouped_seed2_fold0,published_markers_only,random_forest,226,112,"{'non_keloid': 117, 'keloid': 109}","{'non_keloid': 98, 'keloid': 14}",0.8571428571428571,0.8674922600619194,0.7653061224489797,0.7226006191950465,0.7084548104956269,"[[9, 5], [11, 87]]","['keloid', 'non_keloid']"
keloid_binary,grouped_seed2_fold0,published_markers_only,hist_gradient_boosting,226,112,"{'non_keloid': 117, 'keloid': 109}","{'non_keloid': 98, 'keloid': 14}",0.8303571428571429,0.8469070674953028,0.75,0.6924411042058101,0.7208454810495627,"[[9, 5], [14, 84]]","['keloid', 'non_keloid']"
keloid_binary,grouped_seed2_fold0,published_markers_only,knn,226,112,"{'non_keloid': 117, 'keloid': 109}","{'non_keloid': 98, 'keloid': 14}",0.6428571428571429,0.7032520325203252,0.6734693877551021,0.5447154471544715,0.6785714285714286,"[[10, 4], [36, 62]]","['keloid', 'non_keloid']"
keloid_binary,grouped_seed2_fold0,published_markers_only,small_mlp,226,112,"{'non_keloid': 117, 'keloid': 109}","{'non_keloid': 98, 'keloid': 14}",0.7410714285714286,0.7663318398612518,0.5459183673469388,0.5305680011562365,0.6574344023323615,"[[4, 10], [19, 79]]","['keloid', 'non_keloid']"
keloid_binary,grouped_seed2_fold0,shared_genes,majority,226,112,"{'non_keloid': 117, 'keloid': 109}","{'non_keloid': 98, 'keloid': 14}",0.875,0.8166666666666667,0.5,0.4666666666666667,0.5,"[[0, 14], [0, 98]]","['keloid', 'non_keloid']"
keloid_binary,grouped_seed2_fold0,shared_genes,stratified_random,226,112,"{'non_keloid': 117, 'keloid': 109}","{'non_keloid': 98, 'keloid': 14}",0.5535714285714286,0.62890625,0.5306122448979591,0.453125,0.5306122448979591,"[[7, 7], [43, 55]]","['keloid', 'non_keloid']"
keloid_binary,grouped_seed2_fold0,shared_genes,elastic_net_logreg,226,112,"{'non_keloid': 117, 'keloid': 109}","{'non_keloid': 98, 'keloid': 14}",0.875,0.8598109810981098,0.6224489795918366,0.6471647164716472,0.7813411078717202,"[[4, 10], [4, 94]]","['keloid', 'non_keloid']"
keloid_binary,grouped_seed2_fold0,shared_genes,linear_svm,226,112,"{'non_keloid': 117, 'keloid': 109}","{'non_keloid': 98, 'keloid': 14}",0.5714285714285714,0.6425339366515838,0.6326530612244898,0.49321266968325794,0.7186588921282799,"[[10, 4], [44, 54]]","['keloid', 'non_keloid']"
keloid_binary,grouped_seed2_fold0,shared_genes,random_forest,226,112,"{'non_keloid': 117, 'keloid': 109}","{'non_keloid': 98, 'keloid': 14}",0.7857142857142857,0.796875,0.5714285714285714,0.5625,0.5728862973760933,"[[4, 10], [14, 84]]","['keloid', 'non_keloid']"
keloid_binary,grouped_seed2_fold0,shared_genes,hist_gradient_boosting,226,112,"{'non_keloid': 117, 'keloid': 109}","{'non_keloid': 98, 'keloid': 14}",0.8928571428571429,0.8798379837983797,0.6632653061224489,0.6975697569756976,0.7270408163265306,"[[5, 9], [3, 95]]","['keloid', 'non_keloid']"
keloid_binary,grouped_seed2_fold0,shared_genes,knn,226,112,"{'non_keloid': 117, 'keloid': 109}","{'non_keloid': 98, 'keloid': 14}",0.7232142857142857,0.7405600507694748,0.44387755102040816,0.4491511978422973,0.5666909620991253,"[[1, 13], [18, 80]]","['keloid', 'non_keloid']"
keloid_binary,grouped_seed2_fold0,modules_only,majority,226,112,"{'non_keloid': 117, 'keloid': 109}","{'non_keloid': 98, 'keloid': 14}",0.875,0.8166666666666667,0.5,0.4666666666666667,0.5,"[[0, 14], [0, 98]]","['keloid', 'non_keloid']"
keloid_binary,grouped_seed2_fold0,modules_only,stratified_random,226,112,"{'non_keloid': 117, 'keloid': 109}","{'non_keloid': 98, 'keloid': 14}",0.5535714285714286,0.62890625,0.5306122448979591,0.453125,0.5306122448979591,"[[7, 7], [43, 55]]","['keloid', 'non_keloid']"
keloid_binary,grouped_seed2_fold0,modules_only,elastic_net_logreg,226,112,"{'non_keloid': 117, 'keloid': 109}","{'non_keloid': 98, 'keloid': 14}",0.7857142857142857,0.8131868131868132,0.7244897959183674,0.6483516483516484,0.7507288629737608,"[[9, 5], [19, 79]]","['keloid', 'non_keloid']"
keloid_binary,grouped_seed2_fold0,modules_only,linear_svm,226,112,"{'non_keloid': 117, 'keloid': 109}","{'non_keloid': 98, 'keloid': 14}",0.7857142857142857,0.8131868131868132,0.7244897959183674,0.6483516483516484,0.7456268221574344,"[[9, 5], [19, 79]]","['keloid', 'non_keloid']"
keloid_binary,grouped_seed2_fold0,modules_only,random_forest,226,112,"{'non_keloid': 117, 'keloid': 109}","{'non_keloid': 98, 'keloid': 14}",0.8660714285714286,0.8715109476851077,0.7397959183673469,0.7192044125020892,0.7441690962099126,"[[8, 6], [9, 89]]","['keloid', 'non_keloid']"
keloid_binary,grouped_seed2_fold0,modules_only,hist_gradient_boosting,226,112,"{'non_keloid': 117, 'keloid': 109}","{'non_keloid': 98, 'keloid': 14}",0.7410714285714286,0.7776846679081315,0.6683673469387754,0.596772191185599,0.7091836734693877,"[[8, 6], [23, 75]]","['keloid', 'non_keloid']"
keloid_binary,grouped_seed2_fold0,modules_only,knn,226,112,"{'non_keloid': 117, 'keloid': 109}","{'non_keloid': 98, 'keloid': 14}",0.5714285714285714,0.6437499999999999,0.5714285714285714,0.475,0.6275510204081632,"[[8, 6], [42, 56]]","['keloid', 'non_keloid']"
keloid_binary,grouped_seed2_fold0,modules_only,small_mlp,226,112,"{'non_keloid': 117, 'keloid': 109}","{'non_keloid': 98, 'keloid': 14}",0.7946428571428571,0.8174982674982675,0.6989795918367347,0.642966042966043,0.717930029154519,"[[8, 6], [17, 81]]","['keloid', 'non_keloid']"
keloid_binary,grouped_seed2_fold0,low_i2_core_only,majority,226,112,"{'non_keloid': 117, 'keloid': 109}","{'non_keloid': 98, 'keloid': 14}",0.875,0.8166666666666667,0.5,0.4666666666666667,0.5,"[[0, 14], [0, 98]]","['keloid', 'non_keloid']"
keloid_binary,grouped_seed2_fold0,low_i2_core_only,stratified_random,226,112,"{'non_keloid': 117, 'keloid': 109}","{'non_keloid': 98, 'keloid': 14}",0.5535714285714286,0.62890625,0.5306122448979591,0.453125,0.5306122448979591,"[[7, 7], [43, 55]]","['keloid', 'non_keloid']"
keloid_binary,grouped_seed2_fold0,low_i2_core_only,elastic_net_logreg,226,112,"{'non_keloid': 117, 'keloid': 109}","{'non_keloid': 98, 'keloid': 14}",0.7410714285714286,0.7663318398612518,0.5459183673469388,0.5305680011562365,0.6581632653061225,"[[4, 10], [19, 79]]","['keloid', 'non_keloid']"
keloid_binary,grouped_seed2_fold0,low_i2_core_only,linear_svm,226,112,"{'non_keloid': 117, 'keloid': 109}","{'non_keloid': 98, 'keloid': 14}",0.7321428571428571,0.7601867572156198,0.5408163265306123,0.5246179966044142,0.6486880466472302,"[[4, 10], [20, 78]]","['keloid', 'non_keloid']"
keloid_binary,grouped_seed2_fold0,low_i2_core_only,random_forest,226,112,"{'non_keloid': 117, 'keloid': 109}","{'non_keloid': 98, 'keloid': 14}",0.8125,0.8095036661026509,0.5561224489795918,0.5578116187253244,0.4278425655976676,"[[3, 11], [10, 88]]","['keloid', 'non_keloid']"
keloid_binary,grouped_seed2_fold0,low_i2_core_only,hist_gradient_boosting,226,112,"{'non_keloid': 117, 'keloid': 109}","{'non_keloid': 98, 'keloid': 14}",0.7857142857142857,0.7857142857142857,0.5102040816326531,0.5102040816326531,0.48760932944606417,"[[2, 12], [12, 86]]","['keloid', 'non_keloid']"
keloid_binary,grouped_seed2_fold0,low_i2_core_only,knn,226,112,"{'non_keloid': 117, 'keloid': 109}","{'non_keloid': 98, 'keloid': 14}",0.6339285714285714,0.6904081632653061,0.4846938775510204,0.4644897959183673,0.5681486880466472,"[[4, 10], [31, 67]]","['keloid', 'non_keloid']"
keloid_binary,grouped_seed2_fold0,low_i2_core_only,small_mlp,226,112,"{'non_keloid': 117, 'keloid': 109}","{'non_keloid': 98, 'keloid': 14}",0.8482142857142857,0.815596919127086,0.5153061224489796,0.5111681643132221,0.5583090379008746,"[[1, 13], [4, 94]]","['keloid', 'non_keloid']"
keloid_binary,grouped_seed2_fold1,profibrotic_module_only,majority,355,104,"{'non_keloid': 251, 'keloid': 104}","{'keloid': 86, 'non_keloid': 18}",0.17307692307692307,0.0510718789407314,0.5,0.14754098360655737,0.5,"[[0, 86], [0, 18]]","['keloid', 'non_keloid']"
keloid_binary,grouped_seed2_fold1,profibrotic_module_only,stratified_random,355,104,"{'non_keloid': 251, 'keloid': 104}","{'keloid': 86, 'non_keloid': 18}",0.3557692307692308,0.3935375984464343,0.5006459948320413,0.3484805984104722,0.5006459948320414,"[[24, 62], [5, 13]]","['keloid', 'non_keloid']"
keloid_binary,grouped_seed2_fold1,profibrotic_module_only,elastic_net_logreg,355,104,"{'non_keloid': 251, 'keloid': 104}","{'keloid': 86, 'non_keloid': 18}",0.7115384615384616,0.746337400999354,0.7816537467700257,0.655324790101635,0.8688630490956073,"[[58, 28], [2, 16]]","['keloid', 'non_keloid']"
keloid_binary,grouped_seed2_fold1,profibrotic_module_only,linear_svm,355,104,"{'non_keloid': 251, 'keloid': 104}","{'keloid': 86, 'non_keloid': 18}",0.7211538461538461,0.7545830438102101,0.7874677002583979,0.6636556261849003,0.8688630490956073,"[[59, 27], [2, 16]]","['keloid', 'non_keloid']"
keloid_binary,grouped_seed2_fold1,profibrotic_module_only,random_forest,355,104,"{'non_keloid': 251, 'keloid': 104}","{'keloid': 86, 'non_keloid': 18}",0.5576923076923077,0.6033052884615384,0.710594315245478,0.5328125,0.8194444444444443,"[[41, 45], [1, 17]]","['keloid', 'non_keloid']"
keloid_binary,grouped_seed2_fold1,profibrotic_module_only,hist_gradient_boosting,355,104,"{'non_keloid': 251, 'keloid': 104}","{'keloid': 86, 'non_keloid': 18}",0.3942307692307692,0.41825449557408323,0.6117571059431525,0.3914739481749791,0.7968346253229974,"[[24, 62], [1, 17]]","['keloid', 'non_keloid']"
keloid_binary,grouped_seed2_fold1,profibrotic_module_only,knn,355,104,"{'non_keloid': 251, 'keloid': 104}","{'keloid': 86, 'non_keloid': 18}",0.4230769230769231,0.46414602346805733,0.5852713178294574,0.4124293785310734,0.7135012919896639,"[[29, 57], [3, 15]]","['keloid', 'non_keloid']"
keloid_binary,grouped_seed2_fold1,profibrotic_module_only,small_mlp,355,104,"{'non_keloid': 251, 'keloid': 104}","{'keloid': 86, 'non_keloid': 18}",0.75,0.7770562770562771,0.7609819121447028,0.6748436748436748,0.8507751937984497,"[[64, 22], [4, 14]]","['keloid', 'non_keloid']"
keloid_binary,grouped_seed2_fold1,shared_genes_plus_modules,majority,355,104,"{'non_keloid': 251, 'keloid': 104}","{'keloid': 86, 'non_keloid': 18}",0.17307692307692307,0.0510718789407314,0.5,0.14754098360655737,0.5,"[[0, 86], [0, 18]]","['keloid', 'non_keloid']"
keloid_binary,grouped_seed2_fold1,shared_genes_plus_modules,stratified_random,355,104,"{'non_keloid': 251, 'keloid': 104}","{'keloid': 86, 'non_keloid': 18}",0.3557692307692308,0.3935375984464343,0.5006459948320413,0.3484805984104722,0.5006459948320414,"[[24, 62], [5, 13]]","['keloid', 'non_keloid']"
keloid_binary,grouped_seed2_fold1,shared_genes_plus_modules,elastic_net_logreg,355,104,"{'non_keloid': 251, 'keloid': 104}","{'keloid': 86, 'non_keloid': 18}",0.7980769230769231,0.8126946672958942,0.7461240310077519,0.7022494887525562,0.874031007751938,"[[71, 15], [6, 12]]","['keloid', 'non_keloid']"
keloid_binary,grouped_seed2_fold1,shared_genes_plus_modules,linear_svm,355,104,"{'non_keloid': 251, 'keloid': 104}","{'keloid': 86, 'non_keloid': 18}",0.8076923076923077,0.8226598951236633,0.7739018087855297,0.7208803005904455,0.8217054263565892,"[[71, 15], [5, 13]]","['keloid', 'non_keloid']"
keloid_binary,grouped_seed2_fold1,shared_genes_plus_modules,random_forest,355,104,"{'non_keloid': 251, 'keloid': 104}","{'keloid': 86, 'non_keloid': 18}",0.3076923076923077,0.3076923076923077,0.5374677002583979,0.3076923076923077,0.7248062015503876,"[[16, 70], [2, 16]]","['keloid', 'non_keloid']"
keloid_binary,grouped_seed2_fold1,shared_genes_plus_modules,hist_gradient_boosting,355,104,"{'non_keloid': 251, 'keloid': 104}","{'keloid': 86, 'non_keloid': 18}",0.38461538461538464,0.3992022792022792,0.627906976744186,0.38370370370370366,0.7822997416020672,"[[22, 64], [0, 18]]","['keloid', 'non_keloid']"
keloid_binary,grouped_seed2_fold1,shared_genes_plus_modules,knn,355,104,"{'non_keloid': 251, 'keloid': 104}","{'keloid': 86, 'non_keloid': 18}",0.5384615384615384,0.5905147484094853,0.4134366925064599,0.4135338345864662,0.36563307493540054,"[[52, 34], [14, 4]]","['keloid', 'non_keloid']"
keloid_binary,grouped_seed2_fold1,shared_genes_plus_modules,small_mlp,355,104,"{'non_keloid': 251, 'keloid': 104}","{'keloid': 86, 'non_keloid': 18}",0.4807692307692308,0.5286246012052465,0.6201550387596899,0.4608294930875576,0.7241602067183462,"[[35, 51], [3, 15]]","['keloid', 'non_keloid']"
keloid_binary,grouped_seed2_fold1,published_markers_only,majority,355,104,"{'non_keloid': 251, 'keloid': 104}","{'keloid': 86, 'non_keloid': 18}",0.17307692307692307,0.0510718789407314,0.5,0.14754098360655737,0.5,"[[0, 86], [0, 18]]","['keloid', 'non_keloid']"
keloid_binary,grouped_seed2_fold1,published_markers_only,stratified_random,355,104,"{'non_keloid': 251, 'keloid': 104}","{'keloid': 86, 'non_keloid': 18}",0.3557692307692308,0.3935375984464343,0.5006459948320413,0.3484805984104722,0.5006459948320414,"[[24, 62], [5, 13]]","['keloid', 'non_keloid']"
keloid_binary,grouped_seed2_fold1,published_markers_only,elastic_net_logreg,355,104,"{'non_keloid': 251, 'keloid': 104}","{'keloid': 86, 'non_keloid': 18}",0.7884615384615384,0.8101577909270217,0.806201550387597,0.7179487179487178,0.8565891472868218,"[[67, 19], [3, 15]]","['keloid', 'non_keloid']"
keloid_binary,grouped_seed2_fold1,published_markers_only,linear_svm,355,104,"{'non_keloid': 251, 'keloid': 104}","{'keloid': 86, 'non_keloid': 18}",0.8076923076923077,0.8260954235637781,0.8178294573643411,0.7367088607594936,0.8591731266149871,"[[69, 17], [3, 15]]","['keloid', 'non_keloid']"
keloid_binary,grouped_seed2_fold1,published_markers_only,random_forest,355,104,"{'non_keloid': 251, 'keloid': 104}","{'keloid': 86, 'non_keloid': 18}",0.5288461538461539,0.5762500841240998,0.671188630490956,0.5046174783707592,0.7571059431524548,"[[39, 47], [2, 16]]","['keloid', 'non_keloid']"
keloid_binary,grouped_seed2_fold1,published_markers_only,hist_gradient_boosting,355,104,"{'non_keloid': 251, 'keloid': 104}","{'keloid': 86, 'non_keloid': 18}",0.49038461538461536,0.5323563583751671,0.6698966408268734,0.47639403438776484,0.7926356589147288,"[[34, 52], [1, 17]]","['keloid', 'non_keloid']"
keloid_binary,grouped_seed2_fold1,published_markers_only,knn,355,104,"{'non_keloid': 251, 'keloid': 104}","{'keloid': 86, 'non_keloid': 18}",0.6634615384615384,0.7042440318302388,0.7086563307493541,0.6015325670498084,0.7393410852713178,"[[55, 31], [4, 14]]","['keloid', 'non_keloid']"
keloid_binary,grouped_seed2_fold1,published_markers_only,small_mlp,355,104,"{'non_keloid': 251, 'keloid': 104}","{'keloid': 86, 'non_keloid': 18}",0.36538461538461536,0.38728414442700154,0.5723514211886305,0.363265306122449,0.6401808785529716,"[[22, 64], [2, 16]]","['keloid', 'non_keloid']"
keloid_binary,grouped_seed2_fold1,shared_genes,majority,355,104,"{'non_keloid': 251, 'keloid': 104}","{'keloid': 86, 'non_keloid': 18}",0.17307692307692307,0.0510718789407314,0.5,0.14754098360655737,0.5,"[[0, 86], [0, 18]]","['keloid', 'non_keloid']"
keloid_binary,grouped_seed2_fold1,shared_genes,stratified_random,355,104,"{'non_keloid': 251, 'keloid': 104}","{'keloid': 86, 'non_keloid': 18}",0.3557692307692308,0.3935375984464343,0.5006459948320413,0.3484805984104722,0.5006459948320414,"[[24, 62], [5, 13]]","['keloid', 'non_keloid']"
keloid_binary,grouped_seed2_fold1,shared_genes,elastic_net_logreg,355,104,"{'non_keloid': 251, 'keloid': 104}","{'keloid': 86, 'non_keloid': 18}",0.8076923076923077,0.8226598951236633,0.7739018087855297,0.7208803005904455,0.874031007751938,"[[71, 15], [5, 13]]","['keloid', 'non_keloid']"
keloid_binary,grouped_seed2_fold1,shared_genes,linear_svm,355,104,"{'non_keloid': 251, 'keloid': 104}","{'keloid': 86, 'non_keloid': 18}",0.7884615384615384,0.8069711538461538,0.7622739018087855,0.7020833333333334,0.8133074935400516,"[[69, 17], [5, 13]]","['keloid', 'non_keloid']"
keloid_binary,grouped_seed2_fold1,shared_genes,random_forest,355,104,"{'non_keloid': 251, 'keloid': 104}","{'keloid': 86, 'non_keloid': 18}",0.28846153846153844,0.2792481288596716,0.5258397932816538,0.28819829818719944,0.7396640826873386,"[[14, 72], [2, 16]]","['keloid', 'non_keloid']"
keloid_binary,grouped_seed2_fold1,shared_genes,hist_gradient_boosting,355,104,"{'non_keloid': 251, 'keloid': 104}","{'keloid': 86, 'non_keloid': 18}",0.4326923076923077,0.46075382465694525,0.6569767441860466,0.42841173730787147,0.789405684754522,"[[27, 59], [0, 18]]","['keloid', 'non_keloid']"
keloid_binary,grouped_seed2_fold1,shared_genes,knn,355,104,"{'non_keloid': 251, 'keloid': 104}","{'keloid': 86, 'non_keloid': 18}",0.5192307692307693,0.5734528629265472,0.3798449612403101,0.3890977443609022,0.3301033591731266,"[[51, 35], [15, 3]]","['keloid', 'non_keloid']"
keloid_binary,grouped_seed2_fold1,modules_only,majority,355,104,"{'non_keloid': 251, 'keloid': 104}","{'keloid': 86, 'non_keloid': 18}",0.17307692307692307,0.0510718789407314,0.5,0.14754098360655737,0.5,"[[0, 86], [0, 18]]","['keloid', 'non_keloid']"
keloid_binary,grouped_seed2_fold1,modules_only,stratified_random,355,104,"{'non_keloid': 251, 'keloid': 104}","{'keloid': 86, 'non_keloid': 18}",0.3557692307692308,0.3935375984464343,0.5006459948320413,0.3484805984104722,0.5006459948320414,"[[24, 62], [5, 13]]","['keloid', 'non_keloid']"
keloid_binary,grouped_seed2_fold1,modules_only,elastic_net_logreg,355,104,"{'non_keloid': 251, 'keloid': 104}","{'keloid': 86, 'non_keloid': 18}",0.7596153846153846,0.7862105215046391,0.7887596899224807,0.691027926322044,0.8326873385012921,"[[64, 22], [3, 15]]","['keloid', 'non_keloid']"
keloid_binary,grouped_seed2_fold1,modules_only,linear_svm,355,104,"{'non_keloid': 251, 'keloid': 104}","{'keloid': 86, 'non_keloid': 18}",0.75,0.7770562770562771,0.7609819121447028,0.6748436748436748,0.8301033591731266,"[[64, 22], [4, 14]]","['keloid', 'non_keloid']"
keloid_binary,grouped_seed2_fold1,modules_only,random_forest,355,104,"{'non_keloid': 251, 'keloid': 104}","{'keloid': 86, 'non_keloid': 18}",0.5576923076923077,0.6010155156496619,0.7325581395348837,0.5369725125822686,0.813953488372093,"[[40, 46], [0, 18]]","['keloid', 'non_keloid']"
keloid_binary,grouped_seed2_fold1,modules_only,hist_gradient_boosting,355,104,"{'non_keloid': 251, 'keloid': 104}","{'keloid': 86, 'non_keloid': 18}",0.5,0.5393939393939394,0.6976744186046512,0.4878787878787879,0.7816537467700259,"[[34, 52], [0, 18]]","['keloid', 'non_keloid']"
keloid_binary,grouped_seed2_fold1,modules_only,knn,355,104,"{'non_keloid': 251, 'keloid': 104}","{'keloid': 86, 'non_keloid': 18}",0.5769230769230769,0.6255624166071928,0.678294573643411,0.5385235982250908,0.7131782945736433,"[[45, 41], [3, 15]]","['keloid', 'non_keloid']"
keloid_binary,grouped_seed2_fold1,modules_only,small_mlp,355,104,"{'non_keloid': 251, 'keloid': 104}","{'keloid': 86, 'non_keloid': 18}",0.5288461538461539,0.5736682113067655,0.6931524547803618,0.5088192771084337,0.8094315245478036,"[[38, 48], [1, 17]]","['keloid', 'non_keloid']"
keloid_binary,grouped_seed2_fold1,low_i2_core_only,majority,355,104,"{'non_keloid': 251, 'keloid': 104}","{'keloid': 86, 'non_keloid': 18}",0.17307692307692307,0.0510718789407314,0.5,0.14754098360655737,0.5,"[[0, 86], [0, 18]]","['keloid', 'non_keloid']"
keloid_binary,grouped_seed2_fold1,low_i2_core_only,stratified_random,355,104,"{'non_keloid': 251, 'keloid': 104}","{'keloid': 86, 'non_keloid': 18}",0.3557692307692308,0.3935375984464343,0.5006459948320413,0.3484805984104722,0.5006459948320414,"[[24, 62], [5, 13]]","['keloid', 'non_keloid']"
keloid_binary,grouped_seed2_fold1,low_i2_core_only,elastic_net_logreg,355,104,"{'non_keloid': 251, 'keloid': 104}","{'keloid': 86, 'non_keloid': 18}",0.75,0.7718750000000001,0.6950904392764858,0.6479166666666667,0.8301033591731265,"[[67, 19], [7, 11]]","['keloid', 'non_keloid']"
keloid_binary,grouped_seed2_fold1,low_i2_core_only,linear_svm,355,104,"{'non_keloid': 251, 'keloid': 104}","{'keloid': 86, 'non_keloid': 18}",0.75,0.7718750000000001,0.6950904392764858,0.6479166666666667,0.8281653746770025,"[[67, 19], [7, 11]]","['keloid', 'non_keloid']"
keloid_binary,grouped_seed2_fold1,low_i2_core_only,random_forest,355,104,"{'non_keloid': 251, 'keloid': 104}","{'keloid': 86, 'non_keloid': 18}",0.4807692307692308,0.525308660078008,0.6421188630490956,0.4647350362180709,0.7777777777777779,"[[34, 52], [2, 16]]","['keloid', 'non_keloid']"
keloid_binary,grouped_seed2_fold1,low_i2_core_only,hist_gradient_boosting,355,104,"{'non_keloid': 251, 'keloid': 104}","{'keloid': 86, 'non_keloid': 18}",0.5192307692307693,0.5663212126626761,0.6653746770025839,0.4967092528068138,0.7680878552971576,"[[38, 48], [2, 16]]","['keloid', 'non_keloid']"
keloid_binary,grouped_seed2_fold1,low_i2_core_only,knn,355,104,"{'non_keloid': 251, 'keloid': 104}","{'keloid': 86, 'non_keloid': 18}",0.6538461538461539,0.6941114058355438,0.6369509043927648,0.569655172413793,0.6860465116279071,"[[57, 29], [7, 11]]","['keloid', 'non_keloid']"
keloid_binary,grouped_seed2_fold1,low_i2_core_only,small_mlp,355,104,"{'non_keloid': 251, 'keloid': 104}","{'keloid': 86, 'non_keloid': 18}",0.20192307692307693,0.10810702846393526,0.5174418604651163,0.18496836937022,0.5710594315245477,"[[3, 83], [0, 18]]","['keloid', 'non_keloid']"
keloid_binary,grouped_seed2_fold2,profibrotic_module_only,majority,362,13,"{'non_keloid': 212, 'keloid': 150}","{'keloid': 9, 'non_keloid': 4}",0.3076923076923077,0.14479638009049772,0.5,0.23529411764705882,0.5,"[[0, 9], [0, 4]]","['keloid', 'non_keloid']"
keloid_binary,grouped_seed2_fold2,profibrotic_module_only,stratified_random,362,13,"{'non_keloid': 212, 'keloid': 150}","{'keloid': 9, 'non_keloid': 4}",0.3076923076923077,0.3257918552036199,0.2222222222222222,0.23529411764705882,0.2222222222222222,"[[4, 5], [4, 0]]","['keloid', 'non_keloid']"
keloid_binary,grouped_seed2_fold2,profibrotic_module_only,elastic_net_logreg,362,13,"{'non_keloid': 212, 'keloid': 150}","{'keloid': 9, 'non_keloid': 4}",0.8461538461538461,0.8461538461538461,0.8194444444444444,0.8194444444444444,0.7222222222222222,"[[8, 1], [1, 3]]","['keloid', 'non_keloid']"
keloid_binary,grouped_seed2_fold2,profibrotic_module_only,linear_svm,362,13,"{'non_keloid': 212, 'keloid': 150}","{'keloid': 9, 'non_keloid': 4}",0.8461538461538461,0.8461538461538461,0.8194444444444444,0.8194444444444444,0.7222222222222222,"[[8, 1], [1, 3]]","['keloid', 'non_keloid']"
keloid_binary,grouped_seed2_fold2,profibrotic_module_only,random_forest,362,13,"{'non_keloid': 212, 'keloid': 150}","{'keloid': 9, 'non_keloid': 4}",0.6153846153846154,0.6254399195575666,0.5833333333333333,0.5751633986928104,0.5833333333333334,"[[6, 3], [2, 2]]","['keloid', 'non_keloid']"
keloid_binary,grouped_seed2_fold2,profibrotic_module_only,hist_gradient_boosting,362,13,"{'non_keloid': 212, 'keloid': 150}","{'keloid': 9, 'non_keloid': 4}",0.7692307692307693,0.7776223776223776,0.8333333333333333,0.7636363636363637,0.763888888888889,"[[6, 3], [0, 4]]","['keloid', 'non_keloid']"
keloid_binary,grouped_seed2_fold2,profibrotic_module_only,knn,362,13,"{'non_keloid': 212, 'keloid': 150}","{'keloid': 9, 'non_keloid': 4}",0.6153846153846154,0.6254399195575666,0.5833333333333333,0.5751633986928104,0.5833333333333334,"[[6, 3], [2, 2]]","['keloid', 'non_keloid']"
keloid_binary,grouped_seed2_fold2,profibrotic_module_only,small_mlp,362,13,"{'non_keloid': 212, 'keloid': 150}","{'keloid': 9, 'non_keloid': 4}",0.8461538461538461,0.8461538461538461,0.8194444444444444,0.8194444444444444,0.7222222222222222,"[[8, 1], [1, 3]]","['keloid', 'non_keloid']"
keloid_binary,grouped_seed2_fold2,shared_genes_plus_modules,majority,362,13,"{'non_keloid': 212, 'keloid': 150}","{'keloid': 9, 'non_keloid': 4}",0.3076923076923077,0.14479638009049772,0.5,0.23529411764705882,0.5,"[[0, 9], [0, 4]]","['keloid', 'non_keloid']"
keloid_binary,grouped_seed2_fold2,shared_genes_plus_modules,stratified_random,362,13,"{'non_keloid': 212, 'keloid': 150}","{'keloid': 9, 'non_keloid': 4}",0.3076923076923077,0.3257918552036199,0.2222222222222222,0.23529411764705882,0.2222222222222222,"[[4, 5], [4, 0]]","['keloid', 'non_keloid']"
keloid_binary,grouped_seed2_fold2,shared_genes_plus_modules,elastic_net_logreg,362,13,"{'non_keloid': 212, 'keloid': 150}","{'keloid': 9, 'non_keloid': 4}",0.5384615384615384,0.5557692307692308,0.5277777777777778,0.5125,0.6666666666666667,"[[5, 4], [2, 2]]","['keloid', 'non_keloid']"
keloid_binary,grouped_seed2_fold2,shared_genes_plus_modules,linear_svm,362,13,"{'non_keloid': 212, 'keloid': 150}","{'keloid': 9, 'non_keloid': 4}",0.6153846153846154,0.6254399195575666,0.5833333333333333,0.5751633986928104,0.6944444444444444,"[[6, 3], [2, 2]]","['keloid', 'non_keloid']"
keloid_binary,grouped_seed2_fold2,shared_genes_plus_modules,random_forest,362,13,"{'non_keloid': 212, 'keloid': 150}","{'keloid': 9, 'non_keloid': 4}",0.46153846153846156,0.48111888111888107,0.4722222222222222,0.4484848484848485,0.4444444444444444,"[[4, 5], [2, 2]]","['keloid', 'non_keloid']"
keloid_binary,grouped_seed2_fold2,shared_genes_plus_modules,hist_gradient_boosting,362,13,"{'non_keloid': 212, 'keloid': 150}","{'keloid': 9, 'non_keloid': 4}",0.7692307692307693,0.7588201272411799,0.6944444444444444,0.706766917293233,0.7222222222222222,"[[8, 1], [2, 2]]","['keloid', 'non_keloid']"
keloid_binary,grouped_seed2_fold2,shared_genes_plus_modules,knn,362,13,"{'non_keloid': 212, 'keloid': 150}","{'keloid': 9, 'non_keloid': 4}",0.6923076923076923,0.5664335664335665,0.5,0.4090909090909091,0.4444444444444444,"[[9, 0], [4, 0]]","['keloid', 'non_keloid']"
keloid_binary,grouped_seed2_fold2,shared_genes_plus_modules,small_mlp,362,13,"{'non_keloid': 212, 'keloid': 150}","{'keloid': 9, 'non_keloid': 4}",0.6923076923076923,0.6564102564102564,0.5694444444444444,0.5666666666666667,0.8333333333333334,"[[8, 1], [3, 1]]","['keloid', 'non_keloid']"
keloid_binary,grouped_seed2_fold2,published_markers_only,majority,362,13,"{'non_keloid': 212, 'keloid': 150}","{'keloid': 9, 'non_keloid': 4}",0.3076923076923077,0.14479638009049772,0.5,0.23529411764705882,0.5,"[[0, 9], [0, 4]]","['keloid', 'non_keloid']"
keloid_binary,grouped_seed2_fold2,published_markers_only,stratified_random,362,13,"{'non_keloid': 212, 'keloid': 150}","{'keloid': 9, 'non_keloid': 4}",0.3076923076923077,0.3257918552036199,0.2222222222222222,0.23529411764705882,0.2222222222222222,"[[4, 5], [4, 0]]","['keloid', 'non_keloid']"
keloid_binary,grouped_seed2_fold2,published_markers_only,elastic_net_logreg,362,13,"{'non_keloid': 212, 'keloid': 150}","{'keloid': 9, 'non_keloid': 4}",0.8461538461538461,0.8461538461538461,0.8194444444444444,0.8194444444444444,0.8333333333333334,"[[8, 1], [1, 3]]","['keloid', 'non_keloid']"
keloid_binary,grouped_seed2_fold2,published_markers_only,linear_svm,362,13,"{'non_keloid': 212, 'keloid': 150}","{'keloid': 9, 'non_keloid': 4}",0.8461538461538461,0.8461538461538461,0.8194444444444444,0.8194444444444444,0.8333333333333334,"[[8, 1], [1, 3]]","['keloid', 'non_keloid']"
keloid_binary,grouped_seed2_fold2,published_markers_only,random_forest,362,13,"{'non_keloid': 212, 'keloid': 150}","{'keloid': 9, 'non_keloid': 4}",0.6923076923076923,0.7038461538461539,0.7083333333333333,0.675,0.7500000000000001,"[[6, 3], [1, 3]]","['keloid', 'non_keloid']"
keloid_binary,grouped_seed2_fold2,published_markers_only,hist_gradient_boosting,362,13,"{'non_keloid': 212, 'keloid': 150}","{'keloid': 9, 'non_keloid': 4}",0.6153846153846154,0.6254399195575666,0.5833333333333333,0.5751633986928104,0.6944444444444444,"[[6, 3], [2, 2]]","['keloid', 'non_keloid']"
keloid_binary,grouped_seed2_fold2,published_markers_only,knn,362,13,"{'non_keloid': 212, 'keloid': 150}","{'keloid': 9, 'non_keloid': 4}",0.6153846153846154,0.6254399195575666,0.5833333333333333,0.5751633986928104,0.6805555555555556,"[[6, 3], [2, 2]]","['keloid', 'non_keloid']"
keloid_binary,grouped_seed2_fold2,published_markers_only,small_mlp,362,13,"{'non_keloid': 212, 'keloid': 150}","{'keloid': 9, 'non_keloid': 4}",0.6153846153846154,0.6293706293706294,0.6527777777777778,0.606060606060606,0.75,"[[5, 4], [1, 3]]","['keloid', 'non_keloid']"
keloid_binary,grouped_seed2_fold2,shared_genes,majority,362,13,"{'non_keloid': 212, 'keloid': 150}","{'keloid': 9, 'non_keloid': 4}",0.3076923076923077,0.14479638009049772,0.5,0.23529411764705882,0.5,"[[0, 9], [0, 4]]","['keloid', 'non_keloid']"
keloid_binary,grouped_seed2_fold2,shared_genes,stratified_random,362,13,"{'non_keloid': 212, 'keloid': 150}","{'keloid': 9, 'non_keloid': 4}",0.3076923076923077,0.3257918552036199,0.2222222222222222,0.23529411764705882,0.2222222222222222,"[[4, 5], [4, 0]]","['keloid', 'non_keloid']"
keloid_binary,grouped_seed2_fold2,shared_genes,elastic_net_logreg,362,13,"{'non_keloid': 212, 'keloid': 150}","{'keloid': 9, 'non_keloid': 4}",0.5384615384615384,0.5557692307692308,0.5277777777777778,0.5125,0.6666666666666667,"[[5, 4], [2, 2]]","['keloid', 'non_keloid']"
keloid_binary,grouped_seed2_fold2,shared_genes,linear_svm,362,13,"{'non_keloid': 212, 'keloid': 150}","{'keloid': 9, 'non_keloid': 4}",0.6153846153846154,0.6254399195575666,0.5833333333333333,0.5751633986928104,0.6944444444444444,"[[6, 3], [2, 2]]","['keloid', 'non_keloid']"
keloid_binary,grouped_seed2_fold2,shared_genes,random_forest,362,13,"{'non_keloid': 212, 'keloid': 150}","{'keloid': 9, 'non_keloid': 4}",0.46153846153846156,0.48111888111888107,0.4722222222222222,0.4484848484848485,0.4166666666666667,"[[4, 5], [2, 2]]","['keloid', 'non_keloid']"
keloid_binary,grouped_seed2_fold2,shared_genes,hist_gradient_boosting,362,13,"{'non_keloid': 212, 'keloid': 150}","{'keloid': 9, 'non_keloid': 4}",0.7692307692307693,0.7588201272411799,0.6944444444444444,0.706766917293233,0.6666666666666666,"[[8, 1], [2, 2]]","['keloid', 'non_keloid']"
keloid_binary,grouped_seed2_fold2,shared_genes,knn,362,13,"{'non_keloid': 212, 'keloid': 150}","{'keloid': 9, 'non_keloid': 4}",0.6923076923076923,0.5664335664335665,0.5,0.4090909090909091,0.4444444444444444,"[[9, 0], [4, 0]]","['keloid', 'non_keloid']"
keloid_binary,grouped_seed2_fold2,modules_only,majority,362,13,"{'non_keloid': 212, 'keloid': 150}","{'keloid': 9, 'non_keloid': 4}",0.3076923076923077,0.14479638009049772,0.5,0.23529411764705882,0.5,"[[0, 9], [0, 4]]","['keloid', 'non_keloid']"
keloid_binary,grouped_seed2_fold2,modules_only,stratified_random,362,13,"{'non_keloid': 212, 'keloid': 150}","{'keloid': 9, 'non_keloid': 4}",0.3076923076923077,0.3257918552036199,0.2222222222222222,0.23529411764705882,0.2222222222222222,"[[4, 5], [4, 0]]","['keloid', 'non_keloid']"
keloid_binary,grouped_seed2_fold2,modules_only,elastic_net_logreg,362,13,"{'non_keloid': 212, 'keloid': 150}","{'keloid': 9, 'non_keloid': 4}",0.6923076923076923,0.7038461538461539,0.7083333333333333,0.675,0.6666666666666667,"[[6, 3], [1, 3]]","['keloid', 'non_keloid']"
keloid_binary,grouped_seed2_fold2,modules_only,linear_svm,362,13,"{'non_keloid': 212, 'keloid': 150}","{'keloid': 9, 'non_keloid': 4}",0.6923076923076923,0.7038461538461539,0.7083333333333333,0.675,0.6666666666666667,"[[6, 3], [1, 3]]","['keloid', 'non_keloid']"
keloid_binary,grouped_seed2_fold2,modules_only,random_forest,362,13,"{'non_keloid': 212, 'keloid': 150}","{'keloid': 9, 'non_keloid': 4}",0.6153846153846154,0.6293706293706294,0.6527777777777778,0.606060606060606,0.6111111111111112,"[[5, 4], [1, 3]]","['keloid', 'non_keloid']"
keloid_binary,grouped_seed2_fold2,modules_only,hist_gradient_boosting,362,13,"{'non_keloid': 212, 'keloid': 150}","{'keloid': 9, 'non_keloid': 4}",0.6153846153846154,0.6293706293706294,0.6527777777777778,0.606060606060606,0.5,"[[5, 4], [1, 3]]","['keloid', 'non_keloid']"
keloid_binary,grouped_seed2_fold2,modules_only,knn,362,13,"{'non_keloid': 212, 'keloid': 150}","{'keloid': 9, 'non_keloid': 4}",0.6153846153846154,0.6254399195575666,0.5833333333333333,0.5751633986928104,0.625,"[[6, 3], [2, 2]]","['keloid', 'non_keloid']"
keloid_binary,grouped_seed2_fold2,modules_only,small_mlp,362,13,"{'non_keloid': 212, 'keloid': 150}","{'keloid': 9, 'non_keloid': 4}",0.6923076923076923,0.7038461538461539,0.7083333333333333,0.675,0.638888888888889,"[[6, 3], [1, 3]]","['keloid', 'non_keloid']"
keloid_binary,grouped_seed2_fold2,low_i2_core_only,majority,362,13,"{'non_keloid': 212, 'keloid': 150}","{'keloid': 9, 'non_keloid': 4}",0.3076923076923077,0.14479638009049772,0.5,0.23529411764705882,0.5,"[[0, 9], [0, 4]]","['keloid', 'non_keloid']"
keloid_binary,grouped_seed2_fold2,low_i2_core_only,stratified_random,362,13,"{'non_keloid': 212, 'keloid': 150}","{'keloid': 9, 'non_keloid': 4}",0.3076923076923077,0.3257918552036199,0.2222222222222222,0.23529411764705882,0.2222222222222222,"[[4, 5], [4, 0]]","['keloid', 'non_keloid']"
keloid_binary,grouped_seed2_fold2,low_i2_core_only,elastic_net_logreg,362,13,"{'non_keloid': 212, 'keloid': 150}","{'keloid': 9, 'non_keloid': 4}",0.7692307692307693,0.7588201272411799,0.6944444444444444,0.706766917293233,0.8611111111111112,"[[8, 1], [2, 2]]","['keloid', 'non_keloid']"
keloid_binary,grouped_seed2_fold2,low_i2_core_only,linear_svm,362,13,"{'non_keloid': 212, 'keloid': 150}","{'keloid': 9, 'non_keloid': 4}",0.7692307692307693,0.7588201272411799,0.6944444444444444,0.706766917293233,0.8611111111111112,"[[8, 1], [2, 2]]","['keloid', 'non_keloid']"
keloid_binary,grouped_seed2_fold2,low_i2_core_only,random_forest,362,13,"{'non_keloid': 212, 'keloid': 150}","{'keloid': 9, 'non_keloid': 4}",0.46153846153846156,0.48111888111888107,0.4722222222222222,0.4484848484848485,0.4166666666666667,"[[4, 5], [2, 2]]","['keloid', 'non_keloid']"
keloid_binary,grouped_seed2_fold2,low_i2_core_only,hist_gradient_boosting,362,13,"{'non_keloid': 212, 'keloid': 150}","{'keloid': 9, 'non_keloid': 4}",0.46153846153846156,0.48111888111888107,0.4722222222222222,0.4484848484848485,0.6666666666666666,"[[4, 5], [2, 2]]","['keloid', 'non_keloid']"
keloid_binary,grouped_seed2_fold2,low_i2_core_only,knn,362,13,"{'non_keloid': 212, 'keloid': 150}","{'keloid': 9, 'non_keloid': 4}",0.6923076923076923,0.6564102564102564,0.5694444444444444,0.5666666666666667,0.5833333333333334,"[[8, 1], [3, 1]]","['keloid', 'non_keloid']"
keloid_binary,grouped_seed2_fold2,low_i2_core_only,small_mlp,362,13,"{'non_keloid': 212, 'keloid': 150}","{'keloid': 9, 'non_keloid': 4}",0.5384615384615384,0.5384615384615384,0.4583333333333333,0.4583333333333333,0.5833333333333333,"[[6, 3], [3, 1]]","['keloid', 'non_keloid']"
keloid_binary,grouped_seed2_fold3,profibrotic_module_only,majority,240,160,"{'keloid': 134, 'non_keloid': 106}","{'non_keloid': 132, 'keloid': 28}",0.175,0.05212765957446808,0.5,0.14893617021276595,0.5,"[[28, 0], [132, 0]]","['keloid', 'non_keloid']"
keloid_binary,grouped_seed2_fold3,profibrotic_module_only,stratified_random,240,160,"{'keloid': 134, 'non_keloid': 106}","{'non_keloid': 132, 'keloid': 28}",0.4125,0.47167544437129694,0.461038961038961,0.38117182356813695,0.461038961038961,"[[15, 13], [81, 51]]","['keloid', 'non_keloid']"
keloid_binary,grouped_seed2_fold3,profibrotic_module_only,elastic_net_logreg,240,160,"{'keloid': 134, 'non_keloid': 106}","{'non_keloid': 132, 'keloid': 28}",0.63125,0.6745880255663289,0.7343073593073594,0.5895473716248533,0.650974025974026,"[[25, 3], [56, 76]]","['keloid', 'non_keloid']"
keloid_binary,grouped_seed2_fold3,profibrotic_module_only,linear_svm,240,160,"{'keloid': 134, 'non_keloid': 106}","{'non_keloid': 132, 'keloid': 28}",0.63125,0.6745880255663289,0.7343073593073594,0.5895473716248533,0.650974025974026,"[[25, 3], [56, 76]]","['keloid', 'non_keloid']"
keloid_binary,grouped_seed2_fold3,profibrotic_module_only,random_forest,240,160,"{'keloid': 134, 'non_keloid': 106}","{'non_keloid': 132, 'keloid': 28}",0.55,0.5967213114754099,0.6850649350649352,0.5230998509687035,0.6254058441558443,"[[25, 3], [69, 63]]","['keloid', 'non_keloid']"
keloid_binary,grouped_seed2_fold3,profibrotic_module_only,hist_gradient_boosting,240,160,"{'keloid': 134, 'non_keloid': 106}","{'non_keloid': 132, 'keloid': 28}",0.55625,0.6029673159184352,0.6888528138528138,0.528219610448939,0.6946699134199135,"[[25, 3], [68, 64]]","['keloid', 'non_keloid']"
keloid_binary,grouped_seed2_fold3,profibrotic_module_only,knn,240,160,"{'keloid': 134, 'non_keloid': 106}","{'non_keloid': 132, 'keloid': 28}",0.55,0.5967213114754099,0.6850649350649352,0.5230998509687035,0.7844967532467533,"[[25, 3], [69, 63]]","['keloid', 'non_keloid']"
keloid_binary,grouped_seed2_fold3,profibrotic_module_only,small_mlp,240,160,"{'keloid': 134, 'non_keloid': 106}","{'non_keloid': 132, 'keloid': 28}",0.4625,0.5037404092071612,0.6320346320346321,0.4501278772378517,0.6485389610389611,"[[25, 3], [83, 49]]","['keloid', 'non_keloid']"
keloid_binary,grouped_seed2_fold3,shared_genes_plus_modules,majority,240,160,"{'keloid': 134, 'non_keloid': 106}","{'non_keloid': 132, 'keloid': 28}",0.175,0.05212765957446808,0.5,0.14893617021276595,0.5,"[[28, 0], [132, 0]]","['keloid', 'non_keloid']"
keloid_binary,grouped_seed2_fold3,shared_genes_plus_modules,stratified_random,240,160,"{'keloid': 134, 'non_keloid': 106}","{'non_keloid': 132, 'keloid': 28}",0.4125,0.47167544437129694,0.461038961038961,0.38117182356813695,0.461038961038961,"[[15, 13], [81, 51]]","['keloid', 'non_keloid']"
keloid_binary,grouped_seed2_fold3,shared_genes_plus_modules,elastic_net_logreg,240,160,"{'keloid': 134, 'non_keloid': 106}","{'non_keloid': 132, 'keloid': 28}",0.75625,0.7844978165938865,0.8241341991341992,0.7005614472863382,0.7957251082251082,"[[26, 2], [37, 95]]","['keloid', 'non_keloid']"
keloid_binary,grouped_seed2_fold3,shared_genes_plus_modules,linear_svm,240,160,"{'keloid': 134, 'non_keloid': 106}","{'non_keloid': 132, 'keloid': 28}",0.73125,0.7628084884657287,0.79491341991342,0.6741035479134101,0.7324134199134198,"[[25, 3], [40, 92]]","['keloid', 'non_keloid']"
keloid_binary,grouped_seed2_fold3,shared_genes_plus_modules,random_forest,240,160,"{'keloid': 134, 'non_keloid': 106}","{'non_keloid': 132, 'keloid': 28}",0.3625,0.43214465514348044,0.33225108225108224,0.31532136264473903,0.34686147186147187,"[[8, 20], [82, 50]]","['keloid', 'non_keloid']"
keloid_binary,grouped_seed2_fold3,shared_genes_plus_modules,hist_gradient_boosting,240,160,"{'keloid': 134, 'non_keloid': 106}","{'non_keloid': 132, 'keloid': 28}",0.40625,0.4338700798238371,0.612012987012987,0.40230427431088045,0.3777056277056277,"[[26, 2], [93, 39]]","['keloid', 'non_keloid']"
keloid_binary,grouped_seed2_fold3,shared_genes_plus_modules,knn,240,160,"{'keloid': 134, 'non_keloid': 106}","{'non_keloid': 132, 'keloid': 28}",0.23125,0.17717241379310344,0.5059523809523809,0.2244334975369458,0.5798160173160173,"[[26, 2], [121, 11]]","['keloid', 'non_keloid']"
keloid_binary,grouped_seed2_fold3,shared_genes_plus_modules,small_mlp,240,160,"{'keloid': 134, 'non_keloid': 106}","{'non_keloid': 132, 'keloid': 28}",0.3375,0.3375,0.5844155844155844,0.3375,0.5386904761904763,"[[27, 1], [105, 27]]","['keloid', 'non_keloid']"
keloid_binary,grouped_seed2_fold3,published_markers_only,majority,240,160,"{'keloid': 134, 'non_keloid': 106}","{'non_keloid': 132, 'keloid': 28}",0.175,0.05212765957446808,0.5,0.14893617021276595,0.5,"[[28, 0], [132, 0]]","['keloid', 'non_keloid']"
keloid_binary,grouped_seed2_fold3,published_markers_only,stratified_random,240,160,"{'keloid': 134, 'non_keloid': 106}","{'non_keloid': 132, 'keloid': 28}",0.4125,0.47167544437129694,0.461038961038961,0.38117182356813695,0.461038961038961,"[[15, 13], [81, 51]]","['keloid', 'non_keloid']"
keloid_binary,grouped_seed2_fold3,published_markers_only,elastic_net_logreg,240,160,"{'keloid': 134, 'non_keloid': 106}","{'non_keloid': 132, 'keloid': 28}",0.5625,0.6079234972677596,0.7067099567099567,0.5363470773306839,0.6780303030303031,"[[26, 2], [68, 64]]","['keloid', 'non_keloid']"
keloid_binary,grouped_seed2_fold3,published_markers_only,linear_svm,240,160,"{'keloid': 134, 'non_keloid': 106}","{'non_keloid': 132, 'keloid': 28}",0.55,0.5953258722843977,0.6991341991341992,0.5260039499670837,0.6558441558441559,"[[26, 2], [70, 62]]","['keloid', 'non_keloid']"
keloid_binary,grouped_seed2_fold3,published_markers_only,random_forest,240,160,"{'keloid': 134, 'non_keloid': 106}","{'non_keloid': 132, 'keloid': 28}",0.2875,0.3515384615384616,0.2867965367965368,0.26153846153846155,0.3617424242424242,"[[8, 20], [94, 38]]","['keloid', 'non_keloid']"
keloid_binary,grouped_seed2_fold3,published_markers_only,hist_gradient_boosting,240,160,"{'keloid': 134, 'non_keloid': 106}","{'non_keloid': 132, 'keloid': 28}",0.475,0.5177178623013962,0.6396103896103896,0.4607607125662012,0.512987012987013,"[[25, 3], [81, 51]]","['keloid', 'non_keloid']"
keloid_binary,grouped_seed2_fold3,published_markers_only,knn,240,160,"{'keloid': 134, 'non_keloid': 106}","{'non_keloid': 132, 'keloid': 28}",0.275,0.25628227194492254,0.5183982683982684,0.2739790330151776,0.5718344155844155,"[[25, 3], [113, 19]]","['keloid', 'non_keloid']"
keloid_binary,grouped_seed2_fold3,published_markers_only,small_mlp,240,160,"{'keloid': 134, 'non_keloid': 106}","{'non_keloid': 132, 'keloid': 28}",0.56875,0.6141513351883384,0.7104978354978355,0.541509198886997,0.6961580086580086,"[[26, 2], [67, 65]]","['keloid', 'non_keloid']"
keloid_binary,grouped_seed2_fold3,shared_genes,majority,240,160,"{'keloid': 134, 'non_keloid': 106}","{'non_keloid': 132, 'keloid': 28}",0.175,0.05212765957446808,0.5,0.14893617021276595,0.5,"[[28, 0], [132, 0]]","['keloid', 'non_keloid']"
keloid_binary,grouped_seed2_fold3,shared_genes,stratified_random,240,160,"{'keloid': 134, 'non_keloid': 106}","{'non_keloid': 132, 'keloid': 28}",0.4125,0.47167544437129694,0.461038961038961,0.38117182356813695,0.461038961038961,"[[15, 13], [81, 51]]","['keloid', 'non_keloid']"
keloid_binary,grouped_seed2_fold3,shared_genes,elastic_net_logreg,240,160,"{'keloid': 134, 'non_keloid': 106}","{'non_keloid': 132, 'keloid': 28}",0.76875,0.7951043338683789,0.8317099567099567,0.712048251374094,0.7978896103896105,"[[26, 2], [35, 97]]","['keloid', 'non_keloid']"
keloid_binary,grouped_seed2_fold3,shared_genes,linear_svm,240,160,"{'keloid': 134, 'non_keloid': 106}","{'non_keloid': 132, 'keloid': 28}",0.725,0.75746563735643,0.7911255411255411,0.6686123140651479,0.7372835497835498,"[[25, 3], [41, 91]]","['keloid', 'non_keloid']"
keloid_binary,grouped_seed2_fold3,shared_genes,random_forest,240,160,"{'keloid': 134, 'non_keloid': 106}","{'non_keloid': 132, 'keloid': 28}",0.3625,0.4336206896551724,0.3181818181818182,0.3103448275862069,0.3530844155844156,"[[7, 21], [81, 51]]","['keloid', 'non_keloid']"
keloid_binary,grouped_seed2_fold3,shared_genes,hist_gradient_boosting,240,160,"{'keloid': 134, 'non_keloid': 106}","{'non_keloid': 132, 'keloid': 28}",0.3875,0.410078431372549,0.6006493506493507,0.3850980392156863,0.3896103896103897,"[[26, 2], [96, 36]]","['keloid', 'non_keloid']"
keloid_binary,grouped_seed2_fold3,shared_genes,knn,240,160,"{'keloid': 134, 'non_keloid': 106}","{'non_keloid': 132, 'keloid': 28}",0.23125,0.17717241379310344,0.5059523809523809,0.2244334975369458,0.5762987012987013,"[[26, 2], [121, 11]]","['keloid', 'non_keloid']"
keloid_binary,grouped_seed2_fold3,modules_only,majority,240,160,"{'keloid': 134, 'non_keloid': 106}","{'non_keloid': 132, 'keloid': 28}",0.175,0.05212765957446808,0.5,0.14893617021276595,0.5,"[[28, 0], [132, 0]]","['keloid', 'non_keloid']"
keloid_binary,grouped_seed2_fold3,modules_only,stratified_random,240,160,"{'keloid': 134, 'non_keloid': 106}","{'non_keloid': 132, 'keloid': 28}",0.4125,0.47167544437129694,0.461038961038961,0.38117182356813695,0.461038961038961,"[[15, 13], [81, 51]]","['keloid', 'non_keloid']"
keloid_binary,grouped_seed2_fold3,modules_only,elastic_net_logreg,240,160,"{'keloid': 134, 'non_keloid': 106}","{'non_keloid': 132, 'keloid': 28}",0.5625,0.6079234972677596,0.7067099567099567,0.5363470773306839,0.6715367965367965,"[[26, 2], [68, 64]]","['keloid', 'non_keloid']"
keloid_binary,grouped_seed2_fold3,modules_only,linear_svm,240,160,"{'keloid': 134, 'non_keloid': 106}","{'non_keloid': 132, 'keloid': 28}",0.5625,0.6079234972677596,0.7067099567099567,0.5363470773306839,0.6707251082251083,"[[26, 2], [68, 64]]","['keloid', 'non_keloid']"
keloid_binary,grouped_seed2_fold3,modules_only,random_forest,240,160,"{'keloid': 134, 'non_keloid': 106}","{'non_keloid': 132, 'keloid': 28}",0.46875,0.5107607607607607,0.6358225108225108,0.45545545545545546,0.5040584415584416,"[[25, 3], [82, 50]]","['keloid', 'non_keloid']"
keloid_binary,grouped_seed2_fold3,modules_only,hist_gradient_boosting,240,160,"{'keloid': 134, 'non_keloid': 106}","{'non_keloid': 132, 'keloid': 28}",0.48125,0.5246130030959752,0.6433982683982684,0.4660447911221905,0.5503246753246753,"[[25, 3], [80, 52]]","['keloid', 'non_keloid']"
keloid_binary,grouped_seed2_fold3,modules_only,knn,240,160,"{'keloid': 134, 'non_keloid': 106}","{'non_keloid': 132, 'keloid': 28}",0.4,0.43674632062035135,0.566017316017316,0.3923089096376009,0.6650432900432901,"[[23, 5], [91, 41]]","['keloid', 'non_keloid']"
keloid_binary,grouped_seed2_fold3,modules_only,small_mlp,240,160,"{'keloid': 134, 'non_keloid': 106}","{'non_keloid': 132, 'keloid': 28}",0.4875,0.5292007703418392,0.6612554112554112,0.4735997432193869,0.5946969696969697,"[[26, 2], [80, 52]]","['keloid', 'non_keloid']"
keloid_binary,grouped_seed2_fold3,low_i2_core_only,majority,240,160,"{'keloid': 134, 'non_keloid': 106}","{'non_keloid': 132, 'keloid': 28}",0.175,0.05212765957446808,0.5,0.14893617021276595,0.5,"[[28, 0], [132, 0]]","['keloid', 'non_keloid']"
keloid_binary,grouped_seed2_fold3,low_i2_core_only,stratified_random,240,160,"{'keloid': 134, 'non_keloid': 106}","{'non_keloid': 132, 'keloid': 28}",0.4125,0.47167544437129694,0.461038961038961,0.38117182356813695,0.461038961038961,"[[15, 13], [81, 51]]","['keloid', 'non_keloid']"
keloid_binary,grouped_seed2_fold3,low_i2_core_only,elastic_net_logreg,240,160,"{'keloid': 134, 'non_keloid': 106}","{'non_keloid': 132, 'keloid': 28}",0.63125,0.6749835461366328,0.7202380952380952,0.5858014128384011,0.648538961038961,"[[24, 4], [55, 77]]","['keloid', 'non_keloid']"
keloid_binary,grouped_seed2_fold3,low_i2_core_only,linear_svm,240,160,"{'keloid': 134, 'non_keloid': 106}","{'non_keloid': 132, 'keloid': 28}",0.63125,0.6749835461366328,0.7202380952380952,0.5858014128384011,0.6285173160173161,"[[24, 4], [55, 77]]","['keloid', 'non_keloid']"
keloid_binary,grouped_seed2_fold3,low_i2_core_only,random_forest,240,160,"{'keloid': 134, 'non_keloid': 106}","{'non_keloid': 132, 'keloid': 28}",0.35625,0.36387206439763975,0.5957792207792207,0.35602360204759487,0.36498917748917753,"[[27, 1], [102, 30]]","['keloid', 'non_keloid']"
keloid_binary,grouped_seed2_fold3,low_i2_core_only,hist_gradient_boosting,240,160,"{'keloid': 134, 'non_keloid': 106}","{'non_keloid': 132, 'keloid': 28}",0.3875,0.40592105263157896,0.6147186147186148,0.38596491228070173,0.4201839826839827,"[[27, 1], [97, 35]]","['keloid', 'non_keloid']"
keloid_binary,grouped_seed2_fold3,low_i2_core_only,knn,240,160,"{'keloid': 134, 'non_keloid': 106}","{'non_keloid': 132, 'keloid': 28}",0.2375,0.1797348484848485,0.5238095238095238,0.2297979797979798,0.5570887445887446,"[[27, 1], [121, 11]]","['keloid', 'non_keloid']"
keloid_binary,grouped_seed2_fold3,low_i2_core_only,small_mlp,240,160,"{'keloid': 134, 'non_keloid': 106}","{'non_keloid': 132, 'keloid': 28}",0.6875,0.6916951829428797,0.4729437229437229,0.47354566991313507,0.6382575757575758,"[[4, 24], [26, 106]]","['keloid', 'non_keloid']"
keloid_binary,grouped_seed2_fold4,profibrotic_module_only,majority,308,129,"{'non_keloid': 238, 'keloid': 70}","{'keloid': 87, 'non_keloid': 42}",0.32558139534883723,0.1599347205222358,0.5,0.24561403508771928,0.5,"[[0, 87], [0, 42]]","['keloid', 'non_keloid']"
keloid_binary,grouped_seed2_fold4,profibrotic_module_only,stratified_random,308,129,"{'non_keloid': 238, 'keloid': 70}","{'keloid': 87, 'non_keloid': 42}",0.4108527131782946,0.37855297157622736,0.5139573070607554,0.4027777777777778,0.5139573070607553,"[[19, 68], [8, 34]]","['keloid', 'non_keloid']"
keloid_binary,grouped_seed2_fold4,profibrotic_module_only,elastic_net_logreg,308,129,"{'non_keloid': 238, 'keloid': 70}","{'keloid': 87, 'non_keloid': 42}",0.6666666666666666,0.663318685917556,0.611247947454844,0.6130989746808956,0.6718664477285167,"[[67, 20], [23, 19]]","['keloid', 'non_keloid']"
keloid_binary,grouped_seed2_fold4,profibrotic_module_only,linear_svm,308,129,"{'non_keloid': 238, 'keloid': 70}","{'keloid': 87, 'non_keloid': 42}",0.6821705426356589,0.6765516073170049,0.6227422003284072,0.6259811894491196,0.6718664477285167,"[[69, 18], [23, 19]]","['keloid', 'non_keloid']"
keloid_binary,grouped_seed2_fold4,profibrotic_module_only,random_forest,308,129,"{'non_keloid': 238, 'keloid': 70}","{'keloid': 87, 'non_keloid': 42}",0.5581395348837209,0.5714034297815798,0.5492610837438423,0.5362931197578357,0.5909961685823755,"[[50, 37], [20, 22]]","['keloid', 'non_keloid']"
keloid_binary,grouped_seed2_fold4,profibrotic_module_only,hist_gradient_boosting,308,129,"{'non_keloid': 238, 'keloid': 70}","{'keloid': 87, 'non_keloid': 42}",0.35658914728682173,0.2343222169178658,0.5168308702791461,0.30224828934506354,0.629584017515052,"[[5, 82], [1, 41]]","['keloid', 'non_keloid']"
keloid_binary,grouped_seed2_fold4,profibrotic_module_only,knn,308,129,"{'non_keloid': 238, 'keloid': 70}","{'keloid': 87, 'non_keloid': 42}",0.4883720930232558,0.5023969808241533,0.5098522167487685,0.481359649122807,0.5344827586206896,"[[39, 48], [18, 24]]","['keloid', 'non_keloid']"
keloid_binary,grouped_seed2_fold4,profibrotic_module_only,small_mlp,308,129,"{'non_keloid': 238, 'keloid': 70}","{'keloid': 87, 'non_keloid': 42}",0.49612403100775193,0.49018359853121174,0.577175697865353,0.4956390977443609,0.6718664477285168,"[[30, 57], [8, 34]]","['keloid', 'non_keloid']"
keloid_binary,grouped_seed2_fold4,shared_genes_plus_modules,majority,308,129,"{'non_keloid': 238, 'keloid': 70}","{'keloid': 87, 'non_keloid': 42}",0.32558139534883723,0.1599347205222358,0.5,0.24561403508771928,0.5,"[[0, 87], [0, 42]]","['keloid', 'non_keloid']"
keloid_binary,grouped_seed2_fold4,shared_genes_plus_modules,stratified_random,308,129,"{'non_keloid': 238, 'keloid': 70}","{'keloid': 87, 'non_keloid': 42}",0.4108527131782946,0.37855297157622736,0.5139573070607554,0.4027777777777778,0.5139573070607553,"[[19, 68], [8, 34]]","['keloid', 'non_keloid']"
keloid_binary,grouped_seed2_fold4,shared_genes_plus_modules,elastic_net_logreg,308,129,"{'non_keloid': 238, 'keloid': 70}","{'keloid': 87, 'non_keloid': 42}",0.7054263565891473,0.6831737346101232,0.6153530377668309,0.6205882352941177,0.7192118226600985,"[[76, 11], [27, 15]]","['keloid', 'non_keloid']"
keloid_binary,grouped_seed2_fold4,shared_genes_plus_modules,linear_svm,308,129,"{'non_keloid': 238, 'keloid': 70}","{'keloid': 87, 'non_keloid': 42}",0.6046511627906976,0.5821993270404668,0.5098522167487685,0.5044814340588989,0.5793650793650794,"[[68, 19], [32, 10]]","['keloid', 'non_keloid']"
keloid_binary,grouped_seed2_fold4,shared_genes_plus_modules,random_forest,308,129,"{'non_keloid': 238, 'keloid': 70}","{'keloid': 87, 'non_keloid': 42}",0.46511627906976744,0.47265393584168397,0.5110837438423645,0.46395663956639566,0.6466885604816639,"[[33, 54], [15, 27]]","['keloid', 'non_keloid']"
keloid_binary,grouped_seed2_fold4,shared_genes_plus_modules,hist_gradient_boosting,308,129,"{'non_keloid': 238, 'keloid': 70}","{'keloid': 87, 'non_keloid': 42}",0.5658914728682171,0.5531513313110886,0.6720032840722496,0.5637681159420289,0.6830870279146142,"[[32, 55], [1, 41]]","['keloid', 'non_keloid']"
keloid_binary,grouped_seed2_fold4,shared_genes_plus_modules,knn,308,129,"{'non_keloid': 238, 'keloid': 70}","{'keloid': 87, 'non_keloid': 42}",0.5426356589147286,0.5400515242713425,0.6239737274220033,0.5425256957384144,0.6372468527640942,"[[34, 53], [6, 36]]","['keloid', 'non_keloid']"
keloid_binary,grouped_seed2_fold4,shared_genes_plus_modules,small_mlp,308,129,"{'non_keloid': 238, 'keloid': 70}","{'keloid': 87, 'non_keloid': 42}",0.4418604651162791,0.41631182443498194,0.5431034482758621,0.4361340456532297,0.5372194854953476,"[[22, 65], [7, 35]]","['keloid', 'non_keloid']"
keloid_binary,grouped_seed2_fold4,published_markers_only,majority,308,129,"{'non_keloid': 238, 'keloid': 70}","{'keloid': 87, 'non_keloid': 42}",0.32558139534883723,0.1599347205222358,0.5,0.24561403508771928,0.5,"[[0, 87], [0, 42]]","['keloid', 'non_keloid']"
keloid_binary,grouped_seed2_fold4,published_markers_only,stratified_random,308,129,"{'non_keloid': 238, 'keloid': 70}","{'keloid': 87, 'non_keloid': 42}",0.4108527131782946,0.37855297157622736,0.5139573070607554,0.4027777777777778,0.5139573070607553,"[[19, 68], [8, 34]]","['keloid', 'non_keloid']"
keloid_binary,grouped_seed2_fold4,published_markers_only,elastic_net_logreg,308,129,"{'non_keloid': 238, 'keloid': 70}","{'keloid': 87, 'non_keloid': 42}",0.6124031007751938,0.5967466455332987,0.5279146141215106,0.5262925969447709,0.6195949644225506,"[[67, 20], [30, 12]]","['keloid', 'non_keloid']"
keloid_binary,grouped_seed2_fold4,published_markers_only,linear_svm,308,129,"{'non_keloid': 238, 'keloid': 70}","{'keloid': 87, 'non_keloid': 42}",0.6124031007751938,0.6039554760484993,0.5402298850574713,0.5405982905982906,0.6228790366721402,"[[65, 22], [28, 14]]","['keloid', 'non_keloid']"
keloid_binary,grouped_seed2_fold4,published_markers_only,random_forest,308,129,"{'non_keloid': 238, 'keloid': 70}","{'keloid': 87, 'non_keloid': 42}",0.5038759689922481,0.4811660661644284,0.6137110016420362,0.49878581835842645,0.7495894909688013,"[[26, 61], [3, 39]]","['keloid', 'non_keloid']"
keloid_binary,grouped_seed2_fold4,published_markers_only,hist_gradient_boosting,308,129,"{'non_keloid': 238, 'keloid': 70}","{'keloid': 87, 'non_keloid': 42}",0.5891472868217055,0.5891472868217055,0.6707717569786535,0.5891472868217055,0.6773399014778324,"[[38, 49], [4, 38]]","['keloid', 'non_keloid']"
keloid_binary,grouped_seed2_fold4,published_markers_only,knn,308,129,"{'non_keloid': 238, 'keloid': 70}","{'keloid': 87, 'non_keloid': 42}",0.6201550387596899,0.6255078674817757,0.6876026272577996,0.6193315266485999,0.67816091954023,"[[43, 44], [5, 37]]","['keloid', 'non_keloid']"
keloid_binary,grouped_seed2_fold4,published_markers_only,small_mlp,308,129,"{'non_keloid': 238, 'keloid': 70}","{'keloid': 87, 'non_keloid': 42}",0.4806201550387597,0.494327108685046,0.5041050903119868,0.4744299179081788,0.5454296661193212,"[[38, 49], [18, 24]]","['keloid', 'non_keloid']"
keloid_binary,grouped_seed2_fold4,shared_genes,majority,308,129,"{'non_keloid': 238, 'keloid': 70}","{'keloid': 87, 'non_keloid': 42}",0.32558139534883723,0.1599347205222358,0.5,0.24561403508771928,0.5,"[[0, 87], [0, 42]]","['keloid', 'non_keloid']"
keloid_binary,grouped_seed2_fold4,shared_genes,stratified_random,308,129,"{'non_keloid': 238, 'keloid': 70}","{'keloid': 87, 'non_keloid': 42}",0.4108527131782946,0.37855297157622736,0.5139573070607554,0.4027777777777778,0.5139573070607553,"[[19, 68], [8, 34]]","['keloid', 'non_keloid']"
keloid_binary,grouped_seed2_fold4,shared_genes,elastic_net_logreg,308,129,"{'non_keloid': 238, 'keloid': 70}","{'keloid': 87, 'non_keloid': 42}",0.7131782945736435,0.6895547830069184,0.6211001642036125,0.6270219582714699,0.7241379310344828,"[[77, 10], [27, 15]]","['keloid', 'non_keloid']"
keloid_binary,grouped_seed2_fold4,shared_genes,linear_svm,308,129,"{'non_keloid': 238, 'keloid': 70}","{'keloid': 87, 'non_keloid': 42}",0.5968992248062015,0.5806165113546307,0.5102627257799671,0.5073443008225617,0.583743842364532,"[[66, 21], [31, 11]]","['keloid', 'non_keloid']"
keloid_binary,grouped_seed2_fold4,shared_genes,random_forest,308,129,"{'non_keloid': 238, 'keloid': 70}","{'keloid': 87, 'non_keloid': 42}",0.4728682170542636,0.48131910026686997,0.5168308702791462,0.4713114754098361,0.6187739463601533,"[[34, 53], [15, 27]]","['keloid', 'non_keloid']"
keloid_binary,grouped_seed2_fold4,shared_genes,hist_gradient_boosting,308,129,"{'non_keloid': 238, 'keloid': 70}","{'keloid': 87, 'non_keloid': 42}",0.5581395348837209,0.5468378013246148,0.6600985221674877,0.5564336128370634,0.7194854953475643,"[[32, 55], [2, 40]]","['keloid', 'non_keloid']"
keloid_binary,grouped_seed2_fold4,shared_genes,knn,308,129,"{'non_keloid': 238, 'keloid': 70}","{'keloid': 87, 'non_keloid': 42}",0.5503875968992248,0.5491446779964222,0.6297208538587848,0.5503605769230769,0.6414887794198139,"[[35, 52], [6, 36]]","['keloid', 'non_keloid']"
keloid_binary,grouped_seed2_fold4,modules_only,majority,308,129,"{'non_keloid': 238, 'keloid': 70}","{'keloid': 87, 'non_keloid': 42}",0.32558139534883723,0.1599347205222358,0.5,0.24561403508771928,0.5,"[[0, 87], [0, 42]]","['keloid', 'non_keloid']"
keloid_binary,grouped_seed2_fold4,modules_only,stratified_random,308,129,"{'non_keloid': 238, 'keloid': 70}","{'keloid': 87, 'non_keloid': 42}",0.4108527131782946,0.37855297157622736,0.5139573070607554,0.4027777777777778,0.5139573070607553,"[[19, 68], [8, 34]]","['keloid', 'non_keloid']"
keloid_binary,grouped_seed2_fold4,modules_only,elastic_net_logreg,308,129,"{'non_keloid': 238, 'keloid': 70}","{'keloid': 87, 'non_keloid': 42}",0.6511627906976745,0.6476590899137215,0.5935960591133005,0.5951035781544256,0.6737821565407772,"[[66, 21], [24, 18]]","['keloid', 'non_keloid']"
keloid_binary,grouped_seed2_fold4,modules_only,linear_svm,308,129,"{'non_keloid': 238, 'keloid': 70}","{'keloid': 87, 'non_keloid': 42}",0.6589147286821705,0.6514808189226794,0.5931855500821018,0.5957264957264957,0.6756978653530377,"[[68, 19], [25, 17]]","['keloid', 'non_keloid']"
keloid_binary,grouped_seed2_fold4,modules_only,random_forest,308,129,"{'non_keloid': 238, 'keloid': 70}","{'keloid': 87, 'non_keloid': 42}",0.6046511627906976,0.6046511627906976,0.6884236453201971,0.6046511627906976,0.7545155993431855,"[[39, 48], [3, 39]]","['keloid', 'non_keloid']"
keloid_binary,grouped_seed2_fold4,modules_only,hist_gradient_boosting,308,129,"{'non_keloid': 238, 'keloid': 70}","{'keloid': 87, 'non_keloid': 42}",0.5968992248062015,0.5934091748045237,0.6888341543513957,0.5966810966810967,0.7197591680350302,"[[37, 50], [2, 40]]","['keloid', 'non_keloid']"
keloid_binary,grouped_seed2_fold4,modules_only,knn,308,129,"{'non_keloid': 238, 'keloid': 70}","{'keloid': 87, 'non_keloid': 42}",0.5891472868217055,0.5868259455318839,0.6769293924466339,0.5890485063412875,0.7297482211275315,"[[37, 50], [3, 39]]","['keloid', 'non_keloid']"
keloid_binary,grouped_seed2_fold4,modules_only,small_mlp,308,129,"{'non_keloid': 238, 'keloid': 70}","{'keloid': 87, 'non_keloid': 42}",0.4263565891472868,0.4000982640026204,0.5254515599343186,0.42047110247693054,0.5249042145593871,"[[21, 66], [8, 34]]","['keloid', 'non_keloid']"
keloid_binary,grouped_seed2_fold4,low_i2_core_only,majority,308,129,"{'non_keloid': 238, 'keloid': 70}","{'keloid': 87, 'non_keloid': 42}",0.32558139534883723,0.1599347205222358,0.5,0.24561403508771928,0.5,"[[0, 87], [0, 42]]","['keloid', 'non_keloid']"
keloid_binary,grouped_seed2_fold4,low_i2_core_only,stratified_random,308,129,"{'non_keloid': 238, 'keloid': 70}","{'keloid': 87, 'non_keloid': 42}",0.4108527131782946,0.37855297157622736,0.5139573070607554,0.4027777777777778,0.5139573070607553,"[[19, 68], [8, 34]]","['keloid', 'non_keloid']"
keloid_binary,grouped_seed2_fold4,low_i2_core_only,elastic_net_logreg,308,129,"{'non_keloid': 238, 'keloid': 70}","{'keloid': 87, 'non_keloid': 42}",0.627906976744186,0.6197972570065593,0.5578817733990148,0.558974358974359,0.6501094690749863,"[[66, 21], [27, 15]]","['keloid', 'non_keloid']"
keloid_binary,grouped_seed2_fold4,low_i2_core_only,linear_svm,308,129,"{'non_keloid': 238, 'keloid': 70}","{'keloid': 87, 'non_keloid': 42}",0.6124031007751938,0.6070681996341781,0.5463875205254516,0.5470505617977528,0.6613300492610836,"[[64, 23], [27, 15]]","['keloid', 'non_keloid']"
keloid_binary,grouped_seed2_fold4,low_i2_core_only,random_forest,308,129,"{'non_keloid': 238, 'keloid': 70}","{'keloid': 87, 'non_keloid': 42}",0.5116279069767442,0.5245165350322074,0.5394088669950738,0.5058072362420188,0.6605090311986863,"[[40, 47], [16, 26]]","['keloid', 'non_keloid']"
keloid_binary,grouped_seed2_fold4,low_i2_core_only,hist_gradient_boosting,308,129,"{'non_keloid': 238, 'keloid': 70}","{'keloid': 87, 'non_keloid': 42}",0.4806201550387597,0.45908558427113594,0.5841543513957307,0.4760865611929441,0.672824302134647,"[[25, 62], [5, 37]]","['keloid', 'non_keloid']"
keloid_binary,grouped_seed2_fold4,low_i2_core_only,knn,308,129,"{'non_keloid': 238, 'keloid': 70}","{'keloid': 87, 'non_keloid': 42}",0.5968992248062015,0.5979651162790697,0.6765188834154352,0.596875,0.6839080459770115,"[[39, 48], [4, 38]]","['keloid', 'non_keloid']"
keloid_binary,grouped_seed2_fold4,low_i2_core_only,small_mlp,308,129,"{'non_keloid': 238, 'keloid': 70}","{'keloid': 87, 'non_keloid': 42}",0.3953488372093023,0.3132234324403886,0.5394088669950738,0.3631645569620253,0.6197318007662835,"[[11, 76], [2, 40]]","['keloid', 'non_keloid']"
keloid_binary,leave_accession_out_E-MTAB-2509,profibrotic_module_only,majority,274,27,"{'non_keloid': 164, 'keloid': 110}","{'non_keloid': 18, 'keloid': 9}",0.6666666666666666,0.5333333333333333,0.5,0.4,0.5,"[[0, 9], [0, 18]]","['keloid', 'non_keloid']"
keloid_binary,leave_accession_out_E-MTAB-2509,profibrotic_module_only,stratified_random,274,27,"{'non_keloid': 164, 'keloid': 110}","{'non_keloid': 18, 'keloid': 9}",0.4074074074074074,0.4242424242424242,0.38888888888888884,0.38636363636363635,0.3888888888888889,"[[3, 6], [10, 8]]","['keloid', 'non_keloid']"
keloid_binary,leave_accession_out_E-MTAB-2509,profibrotic_module_only,elastic_net_logreg,274,27,"{'non_keloid': 164, 'keloid': 110}","{'non_keloid': 18, 'keloid': 9}",0.7037037037037037,0.712121212121212,0.7222222222222222,0.6931818181818181,0.7777777777777779,"[[7, 2], [6, 12]]","['keloid', 'non_keloid']"
keloid_binary,leave_accession_out_E-MTAB-2509,profibrotic_module_only,linear_svm,274,27,"{'non_keloid': 164, 'keloid': 110}","{'non_keloid': 18, 'keloid': 9}",0.7037037037037037,0.712121212121212,0.7222222222222222,0.6931818181818181,0.7777777777777779,"[[7, 2], [6, 12]]","['keloid', 'non_keloid']"
keloid_binary,leave_accession_out_E-MTAB-2509,profibrotic_module_only,random_forest,274,27,"{'non_keloid': 164, 'keloid': 110}","{'non_keloid': 18, 'keloid': 9}",0.7037037037037037,0.7111111111111111,0.75,0.7,0.771604938271605,"[[8, 1], [7, 11]]","['keloid', 'non_keloid']"
keloid_binary,leave_accession_out_E-MTAB-2509,profibrotic_module_only,hist_gradient_boosting,274,27,"{'non_keloid': 164, 'keloid': 110}","{'non_keloid': 18, 'keloid': 9}",0.7037037037037037,0.712121212121212,0.7222222222222222,0.6931818181818181,0.7716049382716049,"[[7, 2], [6, 12]]","['keloid', 'non_keloid']"
keloid_binary,leave_accession_out_E-MTAB-2509,profibrotic_module_only,knn,274,27,"{'non_keloid': 164, 'keloid': 110}","{'non_keloid': 18, 'keloid': 9}",0.7407407407407407,0.748013090229079,0.7777777777777777,0.7349228611500701,0.8055555555555554,"[[8, 1], [6, 12]]","['keloid', 'non_keloid']"
keloid_binary,leave_accession_out_E-MTAB-2509,profibrotic_module_only,small_mlp,274,27,"{'non_keloid': 164, 'keloid': 110}","{'non_keloid': 18, 'keloid': 9}",0.7407407407407407,0.748013090229079,0.7777777777777777,0.7349228611500701,0.7777777777777779,"[[8, 1], [6, 12]]","['keloid', 'non_keloid']"
keloid_binary,leave_accession_out_E-MTAB-2509,shared_genes_plus_modules,majority,274,27,"{'non_keloid': 164, 'keloid': 110}","{'non_keloid': 18, 'keloid': 9}",0.6666666666666666,0.5333333333333333,0.5,0.4,0.5,"[[0, 9], [0, 18]]","['keloid', 'non_keloid']"
keloid_binary,leave_accession_out_E-MTAB-2509,shared_genes_plus_modules,stratified_random,274,27,"{'non_keloid': 164, 'keloid': 110}","{'non_keloid': 18, 'keloid': 9}",0.4074074074074074,0.4242424242424242,0.38888888888888884,0.38636363636363635,0.3888888888888889,"[[3, 6], [10, 8]]","['keloid', 'non_keloid']"
keloid_binary,leave_accession_out_E-MTAB-2509,shared_genes_plus_modules,elastic_net_logreg,274,27,"{'non_keloid': 164, 'keloid': 110}","{'non_keloid': 18, 'keloid': 9}",0.4444444444444444,0.4444444444444444,0.5,0.4444444444444444,0.5493827160493827,"[[6, 3], [12, 6]]","['keloid', 'non_keloid']"
keloid_binary,leave_accession_out_E-MTAB-2509,shared_genes_plus_modules,linear_svm,274,27,"{'non_keloid': 164, 'keloid': 110}","{'non_keloid': 18, 'keloid': 9}",0.2962962962962963,0.20490620490620493,0.4166666666666667,0.2597402597402597,0.4444444444444445,"[[7, 2], [17, 1]]","['keloid', 'non_keloid']"
keloid_binary,leave_accession_out_E-MTAB-2509,shared_genes_plus_modules,random_forest,274,27,"{'non_keloid': 164, 'keloid': 110}","{'non_keloid': 18, 'keloid': 9}",0.5555555555555556,0.4761904761904762,0.4166666666666667,0.35714285714285715,0.54320987654321,"[[0, 9], [3, 15]]","['keloid', 'non_keloid']"
keloid_binary,leave_accession_out_E-MTAB-2509,shared_genes_plus_modules,hist_gradient_boosting,274,27,"{'non_keloid': 164, 'keloid': 110}","{'non_keloid': 18, 'keloid': 9}",0.6666666666666666,0.6706766917293234,0.6388888888888888,0.6345864661654135,0.6049382716049383,"[[5, 4], [5, 13]]","['keloid', 'non_keloid']"
keloid_binary,leave_accession_out_E-MTAB-2509,shared_genes_plus_modules,knn,274,27,"{'non_keloid': 164, 'keloid': 110}","{'non_keloid': 18, 'keloid': 9}",0.5925925925925926,0.5675213675213675,0.5,0.49230769230769234,0.5648148148148148,"[[2, 7], [4, 14]]","['keloid', 'non_keloid']"
keloid_binary,leave_accession_out_E-MTAB-2509,shared_genes_plus_modules,small_mlp,274,27,"{'non_keloid': 164, 'keloid': 110}","{'non_keloid': 18, 'keloid': 9}",0.4074074074074074,0.37777777777777777,0.5,0.4,0.3888888888888889,"[[7, 2], [14, 4]]","['keloid', 'non_keloid']"
keloid_binary,leave_accession_out_E-MTAB-2509,published_markers_only,majority,274,27,"{'non_keloid': 164, 'keloid': 110}","{'non_keloid': 18, 'keloid': 9}",0.6666666666666666,0.5333333333333333,0.5,0.4,0.5,"[[0, 9], [0, 18]]","['keloid', 'non_keloid']"
keloid_binary,leave_accession_out_E-MTAB-2509,published_markers_only,stratified_random,274,27,"{'non_keloid': 164, 'keloid': 110}","{'non_keloid': 18, 'keloid': 9}",0.4074074074074074,0.4242424242424242,0.38888888888888884,0.38636363636363635,0.3888888888888889,"[[3, 6], [10, 8]]","['keloid', 'non_keloid']"
keloid_binary,leave_accession_out_E-MTAB-2509,published_markers_only,elastic_net_logreg,274,27,"{'non_keloid': 164, 'keloid': 110}","{'non_keloid': 18, 'keloid': 9}",0.2962962962962963,0.3160355306217859,0.2777777777777778,0.2805049088359046,0.22839506172839505,"[[2, 7], [12, 6]]","['keloid', 'non_keloid']"
keloid_binary,leave_accession_out_E-MTAB-2509,published_markers_only,linear_svm,274,27,"{'non_keloid': 164, 'keloid': 110}","{'non_keloid': 18, 'keloid': 9}",0.25925925925925924,0.28030303030303033,0.2222222222222222,0.23295454545454547,0.20987654320987653,"[[1, 8], [12, 6]]","['keloid', 'non_keloid']"
keloid_binary,leave_accession_out_E-MTAB-2509,published_markers_only,random_forest,274,27,"{'non_keloid': 164, 'keloid': 110}","{'non_keloid': 18, 'keloid': 9}",0.6296296296296297,0.6296296296296297,0.5833333333333333,0.5833333333333333,0.6604938271604939,"[[4, 5], [5, 13]]","['keloid', 'non_keloid']"
keloid_binary,leave_accession_out_E-MTAB-2509,published_markers_only,hist_gradient_boosting,274,27,"{'non_keloid': 164, 'keloid': 110}","{'non_keloid': 18, 'keloid': 9}",0.6666666666666666,0.6706766917293234,0.6388888888888888,0.6345864661654135,0.5617283950617284,"[[5, 4], [5, 13]]","['keloid', 'non_keloid']"
keloid_binary,leave_accession_out_E-MTAB-2509,published_markers_only,knn,274,27,"{'non_keloid': 164, 'keloid': 110}","{'non_keloid': 18, 'keloid': 9}",0.5185185185185185,0.5108638049814521,0.4444444444444444,0.4419713831478538,0.46604938271604934,"[[2, 7], [6, 12]]","['keloid', 'non_keloid']"
keloid_binary,leave_accession_out_E-MTAB-2509,published_markers_only,small_mlp,274,27,"{'non_keloid': 164, 'keloid': 110}","{'non_keloid': 18, 'keloid': 9}",0.6666666666666666,0.6753246753246752,0.6666666666666666,0.6493506493506493,0.5308641975308642,"[[6, 3], [6, 12]]","['keloid', 'non_keloid']"
keloid_binary,leave_accession_out_E-MTAB-2509,shared_genes,majority,274,27,"{'non_keloid': 164, 'keloid': 110}","{'non_keloid': 18, 'keloid': 9}",0.6666666666666666,0.5333333333333333,0.5,0.4,0.5,"[[0, 9], [0, 18]]","['keloid', 'non_keloid']"
keloid_binary,leave_accession_out_E-MTAB-2509,shared_genes,stratified_random,274,27,"{'non_keloid': 164, 'keloid': 110}","{'non_keloid': 18, 'keloid': 9}",0.4074074074074074,0.4242424242424242,0.38888888888888884,0.38636363636363635,0.3888888888888889,"[[3, 6], [10, 8]]","['keloid', 'non_keloid']"
keloid_binary,leave_accession_out_E-MTAB-2509,shared_genes,elastic_net_logreg,274,27,"{'non_keloid': 164, 'keloid': 110}","{'non_keloid': 18, 'keloid': 9}",0.4074074074074074,0.3992673992673993,0.4722222222222222,0.4065934065934066,0.5246913580246914,"[[6, 3], [13, 5]]","['keloid', 'non_keloid']"
keloid_binary,leave_accession_out_E-MTAB-2509,shared_genes,linear_svm,274,27,"{'non_keloid': 164, 'keloid': 110}","{'non_keloid': 18, 'keloid': 9}",0.2962962962962963,0.20490620490620493,0.4166666666666667,0.2597402597402597,0.39506172839506176,"[[7, 2], [17, 1]]","['keloid', 'non_keloid']"
keloid_binary,leave_accession_out_E-MTAB-2509,shared_genes,random_forest,274,27,"{'non_keloid': 164, 'keloid': 110}","{'non_keloid': 18, 'keloid': 9}",0.6296296296296297,0.5151515151515151,0.4722222222222222,0.38636363636363635,0.49382716049382713,"[[0, 9], [1, 17]]","['keloid', 'non_keloid']"
keloid_binary,leave_accession_out_E-MTAB-2509,shared_genes,hist_gradient_boosting,274,27,"{'non_keloid': 164, 'keloid': 110}","{'non_keloid': 18, 'keloid': 9}",0.5185185185185185,0.5243107769423558,0.4722222222222222,0.47218045112781953,0.4814814814814815,"[[3, 6], [7, 11]]","['keloid', 'non_keloid']"
keloid_binary,leave_accession_out_E-MTAB-2509,shared_genes,knn,274,27,"{'non_keloid': 164, 'keloid': 110}","{'non_keloid': 18, 'keloid': 9}",0.5555555555555556,0.4761904761904762,0.4166666666666667,0.35714285714285715,0.5370370370370371,"[[0, 9], [3, 15]]","['keloid', 'non_keloid']"
keloid_binary,leave_accession_out_E-MTAB-2509,modules_only,majority,274,27,"{'non_keloid': 164, 'keloid': 110}","{'non_keloid': 18, 'keloid': 9}",0.6666666666666666,0.5333333333333333,0.5,0.4,0.5,"[[0, 9], [0, 18]]","['keloid', 'non_keloid']"
keloid_binary,leave_accession_out_E-MTAB-2509,modules_only,stratified_random,274,27,"{'non_keloid': 164, 'keloid': 110}","{'non_keloid': 18, 'keloid': 9}",0.4074074074074074,0.4242424242424242,0.38888888888888884,0.38636363636363635,0.3888888888888889,"[[3, 6], [10, 8]]","['keloid', 'non_keloid']"
keloid_binary,leave_accession_out_E-MTAB-2509,modules_only,elastic_net_logreg,274,27,"{'non_keloid': 164, 'keloid': 110}","{'non_keloid': 18, 'keloid': 9}",0.7037037037037037,0.712121212121212,0.7222222222222222,0.6931818181818181,0.7654320987654322,"[[7, 2], [6, 12]]","['keloid', 'non_keloid']"
keloid_binary,leave_accession_out_E-MTAB-2509,modules_only,linear_svm,274,27,"{'non_keloid': 164, 'keloid': 110}","{'non_keloid': 18, 'keloid': 9}",0.7037037037037037,0.712121212121212,0.7222222222222222,0.6931818181818181,0.7407407407407407,"[[7, 2], [6, 12]]","['keloid', 'non_keloid']"
keloid_binary,leave_accession_out_E-MTAB-2509,modules_only,random_forest,274,27,"{'non_keloid': 164, 'keloid': 110}","{'non_keloid': 18, 'keloid': 9}",0.7777777777777778,0.7823529411764705,0.7777777777777778,0.7617647058823529,0.8209876543209876,"[[7, 2], [4, 14]]","['keloid', 'non_keloid']"
keloid_binary,leave_accession_out_E-MTAB-2509,modules_only,hist_gradient_boosting,274,27,"{'non_keloid': 164, 'keloid': 110}","{'non_keloid': 18, 'keloid': 9}",0.7037037037037037,0.7037037037037037,0.6666666666666667,0.6666666666666667,0.7037037037037037,"[[5, 4], [4, 14]]","['keloid', 'non_keloid']"
keloid_binary,leave_accession_out_E-MTAB-2509,modules_only,knn,274,27,"{'non_keloid': 164, 'keloid': 110}","{'non_keloid': 18, 'keloid': 9}",0.8518518518518519,0.8518518518518519,0.8333333333333333,0.8333333333333333,0.8302469135802468,"[[7, 2], [2, 16]]","['keloid', 'non_keloid']"
keloid_binary,leave_accession_out_E-MTAB-2509,modules_only,small_mlp,274,27,"{'non_keloid': 164, 'keloid': 110}","{'non_keloid': 18, 'keloid': 9}",0.6296296296296297,0.6388888888888888,0.6666666666666667,0.625,0.6481481481481481,"[[7, 2], [8, 10]]","['keloid', 'non_keloid']"
keloid_binary,leave_accession_out_E-MTAB-2509,low_i2_core_only,majority,274,27,"{'non_keloid': 164, 'keloid': 110}","{'non_keloid': 18, 'keloid': 9}",0.6666666666666666,0.5333333333333333,0.5,0.4,0.5,"[[0, 9], [0, 18]]","['keloid', 'non_keloid']"
keloid_binary,leave_accession_out_E-MTAB-2509,low_i2_core_only,stratified_random,274,27,"{'non_keloid': 164, 'keloid': 110}","{'non_keloid': 18, 'keloid': 9}",0.4074074074074074,0.4242424242424242,0.38888888888888884,0.38636363636363635,0.3888888888888889,"[[3, 6], [10, 8]]","['keloid', 'non_keloid']"
keloid_binary,leave_accession_out_E-MTAB-2509,low_i2_core_only,elastic_net_logreg,274,27,"{'non_keloid': 164, 'keloid': 110}","{'non_keloid': 18, 'keloid': 9}",0.6666666666666666,0.6753246753246752,0.6666666666666666,0.6493506493506493,0.7777777777777778,"[[6, 3], [6, 12]]","['keloid', 'non_keloid']"
keloid_binary,leave_accession_out_E-MTAB-2509,low_i2_core_only,linear_svm,274,27,"{'non_keloid': 164, 'keloid': 110}","{'non_keloid': 18, 'keloid': 9}",0.6666666666666666,0.6753246753246752,0.6666666666666666,0.6493506493506493,0.7592592592592593,"[[6, 3], [6, 12]]","['keloid', 'non_keloid']"
keloid_binary,leave_accession_out_E-MTAB-2509,low_i2_core_only,random_forest,274,27,"{'non_keloid': 164, 'keloid': 110}","{'non_keloid': 18, 'keloid': 9}",0.7037037037037037,0.6929824561403508,0.6388888888888888,0.6447368421052632,0.6666666666666666,"[[4, 5], [3, 15]]","['keloid', 'non_keloid']"
keloid_binary,leave_accession_out_E-MTAB-2509,low_i2_core_only,hist_gradient_boosting,274,27,"{'non_keloid': 164, 'keloid': 110}","{'non_keloid': 18, 'keloid': 9}",0.7037037037037037,0.7037037037037037,0.6666666666666667,0.6666666666666667,0.654320987654321,"[[5, 4], [4, 14]]","['keloid', 'non_keloid']"
keloid_binary,leave_accession_out_E-MTAB-2509,low_i2_core_only,knn,274,27,"{'non_keloid': 164, 'keloid': 110}","{'non_keloid': 18, 'keloid': 9}",0.5555555555555556,0.5333333333333333,0.6666666666666666,0.55,0.5925925925925926,"[[9, 0], [12, 6]]","['keloid', 'non_keloid']"
keloid_binary,leave_accession_out_E-MTAB-2509,low_i2_core_only,small_mlp,274,27,"{'non_keloid': 164, 'keloid': 110}","{'non_keloid': 18, 'keloid': 9}",0.6666666666666666,0.622889305816135,0.5555555555555556,0.5440900562851783,0.5864197530864197,"[[2, 7], [2, 16]]","['keloid', 'non_keloid']"
keloid_binary,leave_accession_out_E-MTAB-4945,profibrotic_module_only,majority,266,40,"{'non_keloid': 149, 'keloid': 117}","{'keloid': 27, 'non_keloid': 13}",0.325,0.15943396226415094,0.5,0.24528301886792453,0.5,"[[0, 27], [0, 13]]","['keloid', 'non_keloid']"
keloid_binary,leave_accession_out_E-MTAB-4945,profibrotic_module_only,stratified_random,266,40,"{'non_keloid': 149, 'keloid': 117}","{'keloid': 27, 'non_keloid': 13}",0.35,0.3699488491048593,0.33903133903133903,0.3350383631713555,0.33903133903133903,"[[10, 17], [9, 4]]","['keloid', 'non_keloid']"
keloid_binary,leave_accession_out_E-MTAB-4945,profibrotic_module_only,elastic_net_logreg,266,40,"{'non_keloid': 149, 'keloid': 117}","{'keloid': 27, 'non_keloid': 13}",0.7,0.7,0.6581196581196581,0.6581196581196581,0.6666666666666666,"[[21, 6], [6, 7]]","['keloid', 'non_keloid']"
keloid_binary,leave_accession_out_E-MTAB-4945,profibrotic_module_only,linear_svm,266,40,"{'non_keloid': 149, 'keloid': 117}","{'keloid': 27, 'non_keloid': 13}",0.675,0.6779524807826695,0.6396011396011396,0.636617749825297,0.6666666666666666,"[[20, 7], [6, 7]]","['keloid', 'non_keloid']"
keloid_binary,leave_accession_out_E-MTAB-4945,profibrotic_module_only,random_forest,266,40,"{'non_keloid': 149, 'keloid': 117}","{'keloid': 27, 'non_keloid': 13}",0.6,0.6106666666666667,0.584045584045584,0.5733333333333334,0.5484330484330485,"[[17, 10], [6, 7]]","['keloid', 'non_keloid']"
keloid_binary,leave_accession_out_E-MTAB-4945,profibrotic_module_only,hist_gradient_boosting,266,40,"{'non_keloid': 149, 'keloid': 117}","{'keloid': 27, 'non_keloid': 13}",0.55,0.5613636363636363,0.5868945868945868,0.5454545454545454,0.6182336182336183,"[[13, 14], [4, 9]]","['keloid', 'non_keloid']"
keloid_binary,leave_accession_out_E-MTAB-4945,profibrotic_module_only,knn,266,40,"{'non_keloid': 149, 'keloid': 117}","{'keloid': 27, 'non_keloid': 13}",0.55,0.5638107416879795,0.566951566951567,0.5396419437340154,0.5185185185185185,"[[14, 13], [5, 8]]","['keloid', 'non_keloid']"
keloid_binary,leave_accession_out_E-MTAB-4945,profibrotic_module_only,small_mlp,266,40,"{'non_keloid': 149, 'keloid': 117}","{'keloid': 27, 'non_keloid': 13}",0.7,0.6830721003134796,0.6182336182336182,0.6238244514106583,0.7008547008547009,"[[23, 4], [8, 5]]","['keloid', 'non_keloid']"
keloid_binary,leave_accession_out_E-MTAB-4945,shared_genes_plus_modules,majority,266,40,"{'non_keloid': 149, 'keloid': 117}","{'keloid': 27, 'non_keloid': 13}",0.325,0.15943396226415094,0.5,0.24528301886792453,0.5,"[[0, 27], [0, 13]]","['keloid', 'non_keloid']"
keloid_binary,leave_accession_out_E-MTAB-4945,shared_genes_plus_modules,stratified_random,266,40,"{'non_keloid': 149, 'keloid': 117}","{'keloid': 27, 'non_keloid': 13}",0.35,0.3699488491048593,0.33903133903133903,0.3350383631713555,0.33903133903133903,"[[10, 17], [9, 4]]","['keloid', 'non_keloid']"
keloid_binary,leave_accession_out_E-MTAB-4945,shared_genes_plus_modules,elastic_net_logreg,266,40,"{'non_keloid': 149, 'keloid': 117}","{'keloid': 27, 'non_keloid': 13}",0.525,0.5355983772819473,0.48860398860398857,0.4861392832995267,0.5498575498575499,"[[16, 11], [8, 5]]","['keloid', 'non_keloid']"
keloid_binary,leave_accession_out_E-MTAB-4945,shared_genes_plus_modules,linear_svm,266,40,"{'non_keloid': 149, 'keloid': 117}","{'keloid': 27, 'non_keloid': 13}",0.625,0.6333671399594321,0.6025641025641025,0.5943204868154158,0.6410256410256411,"[[18, 9], [6, 7]]","['keloid', 'non_keloid']"
keloid_binary,leave_accession_out_E-MTAB-4945,shared_genes_plus_modules,random_forest,266,40,"{'non_keloid': 149, 'keloid': 117}","{'keloid': 27, 'non_keloid': 13}",0.525,0.5288617886178862,0.5883190883190883,0.5247029393370857,0.6011396011396012,"[[11, 16], [3, 10]]","['keloid', 'non_keloid']"
keloid_binary,leave_accession_out_E-MTAB-4945,shared_genes_plus_modules,hist_gradient_boosting,266,40,"{'non_keloid': 149, 'keloid': 117}","{'keloid': 27, 'non_keloid': 13}",0.525,0.540006447453256,0.5284900284900285,0.5099935525467441,0.5698005698005699,"[[14, 13], [6, 7]]","['keloid', 'non_keloid']"
keloid_binary,leave_accession_out_E-MTAB-4945,shared_genes_plus_modules,knn,266,40,"{'non_keloid': 149, 'keloid': 117}","{'keloid': 27, 'non_keloid': 13}",0.65,0.65,0.6011396011396011,0.6011396011396011,0.5997150997150997,"[[20, 7], [7, 6]]","['keloid', 'non_keloid']"
keloid_binary,leave_accession_out_E-MTAB-4945,shared_genes_plus_modules,small_mlp,266,40,"{'non_keloid': 149, 'keloid': 117}","{'keloid': 27, 'non_keloid': 13}",0.525,0.540006447453256,0.5284900284900285,0.5099935525467441,0.5754985754985755,"[[14, 13], [6, 7]]","['keloid', 'non_keloid']"
keloid_binary,leave_accession_out_E-MTAB-4945,published_markers_only,majority,266,40,"{'non_keloid': 149, 'keloid': 117}","{'keloid': 27, 'non_keloid': 13}",0.325,0.15943396226415094,0.5,0.24528301886792453,0.5,"[[0, 27], [0, 13]]","['keloid', 'non_keloid']"
keloid_binary,leave_accession_out_E-MTAB-4945,published_markers_only,stratified_random,266,40,"{'non_keloid': 149, 'keloid': 117}","{'keloid': 27, 'non_keloid': 13}",0.35,0.3699488491048593,0.33903133903133903,0.3350383631713555,0.33903133903133903,"[[10, 17], [9, 4]]","['keloid', 'non_keloid']"
keloid_binary,leave_accession_out_E-MTAB-4945,published_markers_only,elastic_net_logreg,266,40,"{'non_keloid': 149, 'keloid': 117}","{'keloid': 27, 'non_keloid': 13}",0.45,0.46687979539641944,0.452991452991453,0.4373401534526854,0.5612535612535613,"[[12, 15], [7, 6]]","['keloid', 'non_keloid']"
keloid_binary,leave_accession_out_E-MTAB-4945,published_markers_only,linear_svm,266,40,"{'non_keloid': 149, 'keloid': 117}","{'keloid': 27, 'non_keloid': 13}",0.525,0.540006447453256,0.5284900284900285,0.5099935525467441,0.5698005698005697,"[[14, 13], [6, 7]]","['keloid', 'non_keloid']"
keloid_binary,leave_accession_out_E-MTAB-4945,published_markers_only,random_forest,266,40,"{'non_keloid': 149, 'keloid': 117}","{'keloid': 27, 'non_keloid': 13}",0.55,0.556766917293233,0.6068376068376069,0.5488721804511278,0.5925925925925926,"[[12, 15], [3, 10]]","['keloid', 'non_keloid']"
keloid_binary,leave_accession_out_E-MTAB-4945,published_markers_only,hist_gradient_boosting,266,40,"{'non_keloid': 149, 'keloid': 117}","{'keloid': 27, 'non_keloid': 13}",0.525,0.5288617886178862,0.5883190883190883,0.5247029393370857,0.6638176638176638,"[[11, 16], [3, 10]]","['keloid', 'non_keloid']"
keloid_binary,leave_accession_out_E-MTAB-4945,published_markers_only,knn,266,40,"{'non_keloid': 149, 'keloid': 117}","{'keloid': 27, 'non_keloid': 13}",0.55,0.556766917293233,0.6068376068376069,0.5488721804511278,0.5498575498575499,"[[12, 15], [3, 10]]","['keloid', 'non_keloid']"
keloid_binary,leave_accession_out_E-MTAB-4945,published_markers_only,small_mlp,266,40,"{'non_keloid': 149, 'keloid': 117}","{'keloid': 27, 'non_keloid': 13}",0.625,0.6368471953578336,0.6424501424501424,0.6131528046421664,0.6125356125356125,"[[16, 11], [4, 9]]","['keloid', 'non_keloid']"
keloid_binary,leave_accession_out_E-MTAB-4945,shared_genes,majority,266,40,"{'non_keloid': 149, 'keloid': 117}","{'keloid': 27, 'non_keloid': 13}",0.325,0.15943396226415094,0.5,0.24528301886792453,0.5,"[[0, 27], [0, 13]]","['keloid', 'non_keloid']"
keloid_binary,leave_accession_out_E-MTAB-4945,shared_genes,stratified_random,266,40,"{'non_keloid': 149, 'keloid': 117}","{'keloid': 27, 'non_keloid': 13}",0.35,0.3699488491048593,0.33903133903133903,0.3350383631713555,0.33903133903133903,"[[10, 17], [9, 4]]","['keloid', 'non_keloid']"
keloid_binary,leave_accession_out_E-MTAB-4945,shared_genes,elastic_net_logreg,266,40,"{'non_keloid': 149, 'keloid': 117}","{'keloid': 27, 'non_keloid': 13}",0.525,0.5355983772819473,0.48860398860398857,0.4861392832995267,0.5527065527065527,"[[16, 11], [8, 5]]","['keloid', 'non_keloid']"
keloid_binary,leave_accession_out_E-MTAB-4945,shared_genes,linear_svm,266,40,"{'non_keloid': 149, 'keloid': 117}","{'keloid': 27, 'non_keloid': 13}",0.65,0.6557692307692308,0.621082621082621,0.6153846153846154,0.6524216524216524,"[[19, 8], [6, 7]]","['keloid', 'non_keloid']"
keloid_binary,leave_accession_out_E-MTAB-4945,shared_genes,random_forest,266,40,"{'non_keloid': 149, 'keloid': 117}","{'keloid': 27, 'non_keloid': 13}",0.475,0.47926829268292687,0.5313390313390314,0.474671669793621,0.49287749287749294,"[[10, 17], [4, 9]]","['keloid', 'non_keloid']"
keloid_binary,leave_accession_out_E-MTAB-4945,shared_genes,hist_gradient_boosting,266,40,"{'non_keloid': 149, 'keloid': 117}","{'keloid': 27, 'non_keloid': 13}",0.5,0.515625,0.49002849002849,0.4791666666666667,0.5413105413105412,"[[14, 13], [7, 6]]","['keloid', 'non_keloid']"
keloid_binary,leave_accession_out_E-MTAB-4945,shared_genes,knn,266,40,"{'non_keloid': 149, 'keloid': 117}","{'keloid': 27, 'non_keloid': 13}",0.675,0.6714545454545455,0.6196581196581197,0.6218181818181818,0.6196581196581197,"[[21, 6], [7, 6]]","['keloid', 'non_keloid']"
keloid_binary,leave_accession_out_E-MTAB-4945,modules_only,majority,266,40,"{'non_keloid': 149, 'keloid': 117}","{'keloid': 27, 'non_keloid': 13}",0.325,0.15943396226415094,0.5,0.24528301886792453,0.5,"[[0, 27], [0, 13]]","['keloid', 'non_keloid']"
keloid_binary,leave_accession_out_E-MTAB-4945,modules_only,stratified_random,266,40,"{'non_keloid': 149, 'keloid': 117}","{'keloid': 27, 'non_keloid': 13}",0.35,0.3699488491048593,0.33903133903133903,0.3350383631713555,0.33903133903133903,"[[10, 17], [9, 4]]","['keloid', 'non_keloid']"
keloid_binary,leave_accession_out_E-MTAB-4945,modules_only,elastic_net_logreg,266,40,"{'non_keloid': 149, 'keloid': 117}","{'keloid': 27, 'non_keloid': 13}",0.625,0.6333671399594321,0.6025641025641025,0.5943204868154158,0.7037037037037037,"[[18, 9], [6, 7]]","['keloid', 'non_keloid']"
keloid_binary,leave_accession_out_E-MTAB-4945,modules_only,linear_svm,266,40,"{'non_keloid': 149, 'keloid': 117}","{'keloid': 27, 'non_keloid': 13}",0.625,0.6333671399594321,0.6025641025641025,0.5943204868154158,0.7094017094017094,"[[18, 9], [6, 7]]","['keloid', 'non_keloid']"
keloid_binary,leave_accession_out_E-MTAB-4945,modules_only,random_forest,266,40,"{'non_keloid': 149, 'keloid': 117}","{'keloid': 27, 'non_keloid': 13}",0.625,0.6368471953578336,0.6424501424501424,0.6131528046421664,0.6096866096866097,"[[16, 11], [4, 9]]","['keloid', 'non_keloid']"
keloid_binary,leave_accession_out_E-MTAB-4945,modules_only,hist_gradient_boosting,266,40,"{'non_keloid': 149, 'keloid': 117}","{'keloid': 27, 'non_keloid': 13}",0.65,0.6593333333333333,0.641025641025641,0.6266666666666667,0.6752136752136753,"[[18, 9], [5, 8]]","['keloid', 'non_keloid']"
keloid_binary,leave_accession_out_E-MTAB-4945,modules_only,knn,266,40,"{'non_keloid': 149, 'keloid': 117}","{'keloid': 27, 'non_keloid': 13}",0.65,0.6588383838383838,0.7008547008547008,0.6464646464646464,0.6566951566951568,"[[15, 12], [2, 11]]","['keloid', 'non_keloid']"
keloid_binary,leave_accession_out_E-MTAB-4945,modules_only,small_mlp,266,40,"{'non_keloid': 149, 'keloid': 117}","{'keloid': 27, 'non_keloid': 13}",0.6,0.6125,0.603988603988604,0.5833333333333333,0.5954415954415955,"[[16, 11], [5, 8]]","['keloid', 'non_keloid']"
keloid_binary,leave_accession_out_E-MTAB-4945,low_i2_core_only,majority,266,40,"{'non_keloid': 149, 'keloid': 117}","{'keloid': 27, 'non_keloid': 13}",0.325,0.15943396226415094,0.5,0.24528301886792453,0.5,"[[0, 27], [0, 13]]","['keloid', 'non_keloid']"
keloid_binary,leave_accession_out_E-MTAB-4945,low_i2_core_only,stratified_random,266,40,"{'non_keloid': 149, 'keloid': 117}","{'keloid': 27, 'non_keloid': 13}",0.35,0.3699488491048593,0.33903133903133903,0.3350383631713555,0.33903133903133903,"[[10, 17], [9, 4]]","['keloid', 'non_keloid']"
keloid_binary,leave_accession_out_E-MTAB-4945,low_i2_core_only,elastic_net_logreg,266,40,"{'non_keloid': 149, 'keloid': 117}","{'keloid': 27, 'non_keloid': 13}",0.5,0.5133333333333333,0.4700854700854701,0.4666666666666667,0.4814814814814815,"[[15, 12], [8, 5]]","['keloid', 'non_keloid']"
keloid_binary,leave_accession_out_E-MTAB-4945,low_i2_core_only,linear_svm,266,40,"{'non_keloid': 149, 'keloid': 117}","{'keloid': 27, 'non_keloid': 13}",0.45,0.4646666666666667,0.4131054131054131,0.41333333333333333,0.4444444444444444,"[[14, 13], [9, 4]]","['keloid', 'non_keloid']"
keloid_binary,leave_accession_out_E-MTAB-4945,low_i2_core_only,random_forest,266,40,"{'non_keloid': 149, 'keloid': 117}","{'keloid': 27, 'non_keloid': 13}",0.575,0.5838152105593967,0.6253561253561254,0.5725958516656191,0.6410256410256411,"[[13, 14], [3, 10]]","['keloid', 'non_keloid']"
keloid_binary,leave_accession_out_E-MTAB-4945,low_i2_core_only,hist_gradient_boosting,266,40,"{'non_keloid': 149, 'keloid': 117}","{'keloid': 27, 'non_keloid': 13}",0.575,0.5875905200789993,0.5655270655270654,0.5523370638578011,0.6068376068376069,"[[16, 11], [6, 7]]","['keloid', 'non_keloid']"
keloid_binary,leave_accession_out_E-MTAB-4945,low_i2_core_only,knn,266,40,"{'non_keloid': 149, 'keloid': 117}","{'keloid': 27, 'non_keloid': 13}",0.575,0.558466819221968,0.48575498575498577,0.4813119755911518,0.5398860398860399,"[[20, 7], [10, 3]]","['keloid', 'non_keloid']"
keloid_binary,leave_accession_out_E-MTAB-4945,low_i2_core_only,small_mlp,266,40,"{'non_keloid': 149, 'keloid': 117}","{'keloid': 27, 'non_keloid': 13}",0.425,0.34664252797893347,0.5740740740740741,0.39433838051349573,0.621082621082621,"[[4, 23], [0, 13]]","['keloid', 'non_keloid']"
keloid_binary,leave_accession_out_GSE145725,profibrotic_module_only,majority,430,19,"{'non_keloid': 269, 'keloid': 161}","{'non_keloid': 10, 'keloid': 9}",0.5263157894736842,0.3629764065335753,0.5,0.3448275862068966,0.5,"[[0, 9], [0, 10]]","['keloid', 'non_keloid']"
keloid_binary,leave_accession_out_GSE145725,profibrotic_module_only,stratified_random,430,19,"{'non_keloid': 269, 'keloid': 161}","{'non_keloid': 10, 'keloid': 9}",0.6842105263157895,0.6842105263157895,0.6833333333333333,0.6833333333333333,0.6833333333333335,"[[6, 3], [3, 7]]","['keloid', 'non_keloid']"
keloid_binary,leave_accession_out_GSE145725,profibrotic_module_only,elastic_net_logreg,430,19,"{'non_keloid': 269, 'keloid': 161}","{'non_keloid': 10, 'keloid': 9}",0.7894736842105263,0.7894736842105263,0.788888888888889,0.788888888888889,0.9111111111111111,"[[7, 2], [2, 8]]","['keloid', 'non_keloid']"
keloid_binary,leave_accession_out_GSE145725,profibrotic_module_only,linear_svm,430,19,"{'non_keloid': 269, 'keloid': 161}","{'non_keloid': 10, 'keloid': 9}",0.7894736842105263,0.7894736842105263,0.788888888888889,0.788888888888889,0.9111111111111111,"[[7, 2], [2, 8]]","['keloid', 'non_keloid']"
keloid_binary,leave_accession_out_GSE145725,profibrotic_module_only,random_forest,430,19,"{'non_keloid': 269, 'keloid': 161}","{'non_keloid': 10, 'keloid': 9}",0.7894736842105263,0.7894736842105263,0.788888888888889,0.788888888888889,0.8722222222222222,"[[7, 2], [2, 8]]","['keloid', 'non_keloid']"
keloid_binary,leave_accession_out_GSE145725,profibrotic_module_only,hist_gradient_boosting,430,19,"{'non_keloid': 269, 'keloid': 161}","{'non_keloid': 10, 'keloid': 9}",0.6842105263157895,0.6654135338345865,0.6722222222222223,0.6607142857142857,0.8833333333333334,"[[4, 5], [1, 9]]","['keloid', 'non_keloid']"
keloid_binary,leave_accession_out_GSE145725,profibrotic_module_only,knn,430,19,"{'non_keloid': 269, 'keloid': 161}","{'non_keloid': 10, 'keloid': 9}",0.7894736842105263,0.7894736842105263,0.788888888888889,0.788888888888889,0.8222222222222222,"[[7, 2], [2, 8]]","['keloid', 'non_keloid']"
keloid_binary,leave_accession_out_GSE145725,profibrotic_module_only,small_mlp,430,19,"{'non_keloid': 269, 'keloid': 161}","{'non_keloid': 10, 'keloid': 9}",0.7368421052631579,0.7368421052631579,0.7388888888888889,0.7368421052631579,0.9111111111111111,"[[7, 2], [3, 7]]","['keloid', 'non_keloid']"
keloid_binary,leave_accession_out_GSE145725,shared_genes_plus_modules,majority,430,19,"{'non_keloid': 269, 'keloid': 161}","{'non_keloid': 10, 'keloid': 9}",0.5263157894736842,0.3629764065335753,0.5,0.3448275862068966,0.5,"[[0, 9], [0, 10]]","['keloid', 'non_keloid']"
keloid_binary,leave_accession_out_GSE145725,shared_genes_plus_modules,stratified_random,430,19,"{'non_keloid': 269, 'keloid': 161}","{'non_keloid': 10, 'keloid': 9}",0.6842105263157895,0.6842105263157895,0.6833333333333333,0.6833333333333333,0.6833333333333335,"[[6, 3], [3, 7]]","['keloid', 'non_keloid']"
keloid_binary,leave_accession_out_GSE145725,shared_genes_plus_modules,elastic_net_logreg,430,19,"{'non_keloid': 269, 'keloid': 161}","{'non_keloid': 10, 'keloid': 9}",0.5263157894736842,0.5183547103051748,0.5333333333333333,0.5210084033613445,0.5444444444444445,"[[6, 3], [6, 4]]","['keloid', 'non_keloid']"
keloid_binary,leave_accession_out_GSE145725,shared_genes_plus_modules,linear_svm,430,19,"{'non_keloid': 269, 'keloid': 161}","{'non_keloid': 10, 'keloid': 9}",0.5789473684210527,0.5645933014354066,0.5888888888888889,0.5681818181818181,0.6222222222222222,"[[7, 2], [6, 4]]","['keloid', 'non_keloid']"
keloid_binary,leave_accession_out_GSE145725,shared_genes_plus_modules,random_forest,430,19,"{'non_keloid': 269, 'keloid': 161}","{'non_keloid': 10, 'keloid': 9}",0.5263157894736842,0.3629764065335753,0.5,0.3448275862068966,0.43333333333333335,"[[0, 9], [0, 10]]","['keloid', 'non_keloid']"
keloid_binary,leave_accession_out_GSE145725,shared_genes_plus_modules,hist_gradient_boosting,430,19,"{'non_keloid': 269, 'keloid': 161}","{'non_keloid': 10, 'keloid': 9}",0.631578947368421,0.5621123515860358,0.6111111111111112,0.5521885521885521,0.6777777777777778,"[[2, 7], [0, 10]]","['keloid', 'non_keloid']"
keloid_binary,leave_accession_out_GSE145725,shared_genes_plus_modules,knn,430,19,"{'non_keloid': 269, 'keloid': 161}","{'non_keloid': 10, 'keloid': 9}",0.5263157894736842,0.41148325358851673,0.55,0.4242424242424242,0.65,"[[9, 0], [9, 1]]","['keloid', 'non_keloid']"
keloid_binary,leave_accession_out_GSE145725,shared_genes_plus_modules,small_mlp,430,19,"{'non_keloid': 269, 'keloid': 161}","{'non_keloid': 10, 'keloid': 9}",0.3157894736842105,0.30429013710747455,0.3222222222222222,0.3081232492997199,0.34444444444444444,"[[4, 5], [8, 2]]","['keloid', 'non_keloid']"
keloid_binary,leave_accession_out_GSE145725,published_markers_only,majority,430,19,"{'non_keloid': 269, 'keloid': 161}","{'non_keloid': 10, 'keloid': 9}",0.5263157894736842,0.3629764065335753,0.5,0.3448275862068966,0.5,"[[0, 9], [0, 10]]","['keloid', 'non_keloid']"
keloid_binary,leave_accession_out_GSE145725,published_markers_only,stratified_random,430,19,"{'non_keloid': 269, 'keloid': 161}","{'non_keloid': 10, 'keloid': 9}",0.6842105263157895,0.6842105263157895,0.6833333333333333,0.6833333333333333,0.6833333333333335,"[[6, 3], [3, 7]]","['keloid', 'non_keloid']"
keloid_binary,leave_accession_out_GSE145725,published_markers_only,elastic_net_logreg,430,19,"{'non_keloid': 269, 'keloid': 161}","{'non_keloid': 10, 'keloid': 9}",0.5263157894736842,0.5183547103051748,0.5333333333333333,0.5210084033613445,0.4222222222222223,"[[6, 3], [6, 4]]","['keloid', 'non_keloid']"
keloid_binary,leave_accession_out_GSE145725,published_markers_only,linear_svm,430,19,"{'non_keloid': 269, 'keloid': 161}","{'non_keloid': 10, 'keloid': 9}",0.5263157894736842,0.5183547103051748,0.5333333333333333,0.5210084033613445,0.3666666666666667,"[[6, 3], [6, 4]]","['keloid', 'non_keloid']"
keloid_binary,leave_accession_out_GSE145725,published_markers_only,random_forest,430,19,"{'non_keloid': 269, 'keloid': 161}","{'non_keloid': 10, 'keloid': 9}",0.6842105263157895,0.6417004048582996,0.6666666666666666,0.6346153846153846,0.8777777777777778,"[[3, 6], [0, 10]]","['keloid', 'non_keloid']"
keloid_binary,leave_accession_out_GSE145725,published_markers_only,hist_gradient_boosting,430,19,"{'non_keloid': 269, 'keloid': 161}","{'non_keloid': 10, 'keloid': 9}",0.6842105263157895,0.6788277511961723,0.6777777777777778,0.6761363636363636,0.7,"[[5, 4], [2, 8]]","['keloid', 'non_keloid']"
keloid_binary,leave_accession_out_GSE145725,published_markers_only,knn,430,19,"{'non_keloid': 269, 'keloid': 161}","{'non_keloid': 10, 'keloid': 9}",0.47368421052631576,0.47368421052631576,0.4722222222222222,0.4722222222222222,0.48888888888888893,"[[4, 5], [5, 5]]","['keloid', 'non_keloid']"
keloid_binary,leave_accession_out_GSE145725,published_markers_only,small_mlp,430,19,"{'non_keloid': 269, 'keloid': 161}","{'non_keloid': 10, 'keloid': 9}",0.7368421052631579,0.7353678313430635,0.7333333333333334,0.7338935574229692,0.8,"[[6, 3], [2, 8]]","['keloid', 'non_keloid']"
keloid_binary,leave_accession_out_GSE145725,shared_genes,majority,430,19,"{'non_keloid': 269, 'keloid': 161}","{'non_keloid': 10, 'keloid': 9}",0.5263157894736842,0.3629764065335753,0.5,0.3448275862068966,0.5,"[[0, 9], [0, 10]]","['keloid', 'non_keloid']"
keloid_binary,leave_accession_out_GSE145725,shared_genes,stratified_random,430,19,"{'non_keloid': 269, 'keloid': 161}","{'non_keloid': 10, 'keloid': 9}",0.6842105263157895,0.6842105263157895,0.6833333333333333,0.6833333333333333,0.6833333333333335,"[[6, 3], [3, 7]]","['keloid', 'non_keloid']"
keloid_binary,leave_accession_out_GSE145725,shared_genes,elastic_net_logreg,430,19,"{'non_keloid': 269, 'keloid': 161}","{'non_keloid': 10, 'keloid': 9}",0.5263157894736842,0.5183547103051748,0.5333333333333333,0.5210084033613445,0.5111111111111112,"[[6, 3], [6, 4]]","['keloid', 'non_keloid']"
keloid_binary,leave_accession_out_GSE145725,shared_genes,linear_svm,430,19,"{'non_keloid': 269, 'keloid': 161}","{'non_keloid': 10, 'keloid': 9}",0.631578947368421,0.6102212051868802,0.6444444444444444,0.6144927536231883,0.5888888888888889,"[[8, 1], [6, 4]]","['keloid', 'non_keloid']"
keloid_binary,leave_accession_out_GSE145725,shared_genes,random_forest,430,19,"{'non_keloid': 269, 'keloid': 161}","{'non_keloid': 10, 'keloid': 9}",0.5263157894736842,0.3629764065335753,0.5,0.3448275862068966,0.33333333333333337,"[[0, 9], [0, 10]]","['keloid', 'non_keloid']"
keloid_binary,leave_accession_out_GSE145725,shared_genes,hist_gradient_boosting,430,19,"{'non_keloid': 269, 'keloid': 161}","{'non_keloid': 10, 'keloid': 9}",0.5789473684210527,0.4706766917293233,0.5555555555555556,0.4571428571428572,0.37777777777777777,"[[1, 8], [0, 10]]","['keloid', 'non_keloid']"
keloid_binary,leave_accession_out_GSE145725,shared_genes,knn,430,19,"{'non_keloid': 269, 'keloid': 161}","{'non_keloid': 10, 'keloid': 9}",0.5263157894736842,0.41148325358851673,0.55,0.4242424242424242,0.6,"[[9, 0], [9, 1]]","['keloid', 'non_keloid']"
keloid_binary,leave_accession_out_GSE145725,modules_only,majority,430,19,"{'non_keloid': 269, 'keloid': 161}","{'non_keloid': 10, 'keloid': 9}",0.5263157894736842,0.3629764065335753,0.5,0.3448275862068966,0.5,"[[0, 9], [0, 10]]","['keloid', 'non_keloid']"
keloid_binary,leave_accession_out_GSE145725,modules_only,stratified_random,430,19,"{'non_keloid': 269, 'keloid': 161}","{'non_keloid': 10, 'keloid': 9}",0.6842105263157895,0.6842105263157895,0.6833333333333333,0.6833333333333333,0.6833333333333335,"[[6, 3], [3, 7]]","['keloid', 'non_keloid']"
keloid_binary,leave_accession_out_GSE145725,modules_only,elastic_net_logreg,430,19,"{'non_keloid': 269, 'keloid': 161}","{'non_keloid': 10, 'keloid': 9}",0.8421052631578947,0.8421052631578947,0.8444444444444444,0.8421052631578947,0.8777777777777778,"[[8, 1], [2, 8]]","['keloid', 'non_keloid']"
keloid_binary,leave_accession_out_GSE145725,modules_only,linear_svm,430,19,"{'non_keloid': 269, 'keloid': 161}","{'non_keloid': 10, 'keloid': 9}",0.7894736842105263,0.7894736842105263,0.788888888888889,0.788888888888889,0.8666666666666667,"[[7, 2], [2, 8]]","['keloid', 'non_keloid']"
keloid_binary,leave_accession_out_GSE145725,modules_only,random_forest,430,19,"{'non_keloid': 269, 'keloid': 161}","{'non_keloid': 10, 'keloid': 9}",0.7368421052631579,0.7125506072874493,0.7222222222222222,0.7076923076923077,0.8333333333333334,"[[4, 5], [0, 10]]","['keloid', 'non_keloid']"
keloid_binary,leave_accession_out_GSE145725,modules_only,hist_gradient_boosting,430,19,"{'non_keloid': 269, 'keloid': 161}","{'non_keloid': 10, 'keloid': 9}",0.7368421052631579,0.7125506072874493,0.7222222222222222,0.7076923076923077,0.788888888888889,"[[4, 5], [0, 10]]","['keloid', 'non_keloid']"
keloid_binary,leave_accession_out_GSE145725,modules_only,knn,430,19,"{'non_keloid': 269, 'keloid': 161}","{'non_keloid': 10, 'keloid': 9}",0.7894736842105263,0.7858851674641149,0.7833333333333333,0.7840909090909092,0.8388888888888888,"[[6, 3], [1, 9]]","['keloid', 'non_keloid']"
keloid_binary,leave_accession_out_GSE145725,modules_only,small_mlp,430,19,"{'non_keloid': 269, 'keloid': 161}","{'non_keloid': 10, 'keloid': 9}",0.6842105263157895,0.6842105263157895,0.6833333333333333,0.6833333333333333,0.8444444444444444,"[[6, 3], [3, 7]]","['keloid', 'non_keloid']"
keloid_binary,leave_accession_out_GSE145725,low_i2_core_only,majority,430,19,"{'non_keloid': 269, 'keloid': 161}","{'non_keloid': 10, 'keloid': 9}",0.5263157894736842,0.3629764065335753,0.5,0.3448275862068966,0.5,"[[0, 9], [0, 10]]","['keloid', 'non_keloid']"
keloid_binary,leave_accession_out_GSE145725,low_i2_core_only,stratified_random,430,19,"{'non_keloid': 269, 'keloid': 161}","{'non_keloid': 10, 'keloid': 9}",0.6842105263157895,0.6842105263157895,0.6833333333333333,0.6833333333333333,0.6833333333333335,"[[6, 3], [3, 7]]","['keloid', 'non_keloid']"
keloid_binary,leave_accession_out_GSE145725,low_i2_core_only,elastic_net_logreg,430,19,"{'non_keloid': 269, 'keloid': 161}","{'non_keloid': 10, 'keloid': 9}",0.8421052631578947,0.8421052631578947,0.8444444444444444,0.8421052631578947,0.9,"[[8, 1], [2, 8]]","['keloid', 'non_keloid']"
keloid_binary,leave_accession_out_GSE145725,low_i2_core_only,linear_svm,430,19,"{'non_keloid': 269, 'keloid': 161}","{'non_keloid': 10, 'keloid': 9}",0.8421052631578947,0.8421052631578947,0.8444444444444444,0.8421052631578947,0.9111111111111111,"[[8, 1], [2, 8]]","['keloid', 'non_keloid']"
keloid_binary,leave_accession_out_GSE145725,low_i2_core_only,random_forest,430,19,"{'non_keloid': 269, 'keloid': 161}","{'non_keloid': 10, 'keloid': 9}",0.631578947368421,0.5621123515860358,0.6111111111111112,0.5521885521885521,1.0,"[[2, 7], [0, 10]]","['keloid', 'non_keloid']"
keloid_binary,leave_accession_out_GSE145725,low_i2_core_only,hist_gradient_boosting,430,19,"{'non_keloid': 269, 'keloid': 161}","{'non_keloid': 10, 'keloid': 9}",0.6842105263157895,0.6654135338345865,0.6722222222222223,0.6607142857142857,0.7000000000000001,"[[4, 5], [1, 9]]","['keloid', 'non_keloid']"
keloid_binary,leave_accession_out_GSE145725,low_i2_core_only,knn,430,19,"{'non_keloid': 269, 'keloid': 161}","{'non_keloid': 10, 'keloid': 9}",0.6842105263157895,0.6734449760765551,0.6944444444444444,0.6761363636363636,0.638888888888889,"[[8, 1], [5, 5]]","['keloid', 'non_keloid']"
keloid_binary,leave_accession_out_GSE145725,low_i2_core_only,small_mlp,430,19,"{'non_keloid': 269, 'keloid': 161}","{'non_keloid': 10, 'keloid': 9}",0.6842105263157895,0.6417004048582996,0.6666666666666666,0.6346153846153846,0.9111111111111112,"[[3, 6], [0, 10]]","['keloid', 'non_keloid']"
keloid_binary,leave_accession_out_GSE158395,profibrotic_module_only,majority,390,13,"{'non_keloid': 235, 'keloid': 155}","{'keloid': 7, 'non_keloid': 6}",0.46153846153846156,0.291497975708502,0.5,0.3157894736842105,0.5,"[[0, 7], [0, 6]]","['keloid', 'non_keloid']"
keloid_binary,leave_accession_out_GSE158395,profibrotic_module_only,stratified_random,390,13,"{'non_keloid': 235, 'keloid': 155}","{'keloid': 7, 'non_keloid': 6}",0.46153846153846156,0.455011655011655,0.45238095238095233,0.4484848484848485,0.45238095238095233,"[[4, 3], [4, 2]]","['keloid', 'non_keloid']"
keloid_binary,leave_accession_out_GSE158395,profibrotic_module_only,elastic_net_logreg,390,13,"{'non_keloid': 235, 'keloid': 155}","{'keloid': 7, 'non_keloid': 6}",0.8461538461538461,0.8443223443223443,0.8571428571428572,0.8452380952380952,0.8571428571428572,"[[5, 2], [0, 6]]","['keloid', 'non_keloid']"
keloid_binary,leave_accession_out_GSE158395,profibrotic_module_only,linear_svm,390,13,"{'non_keloid': 235, 'keloid': 155}","{'keloid': 7, 'non_keloid': 6}",0.8461538461538461,0.8443223443223443,0.8571428571428572,0.8452380952380952,0.8571428571428572,"[[5, 2], [0, 6]]","['keloid', 'non_keloid']"
keloid_binary,leave_accession_out_GSE158395,profibrotic_module_only,random_forest,390,13,"{'non_keloid': 235, 'keloid': 155}","{'keloid': 7, 'non_keloid': 6}",0.6923076923076923,0.6692307692307692,0.7142857142857143,0.675,0.9047619047619047,"[[3, 4], [0, 6]]","['keloid', 'non_keloid']"
keloid_binary,leave_accession_out_GSE158395,profibrotic_module_only,hist_gradient_boosting,390,13,"{'non_keloid': 235, 'keloid': 155}","{'keloid': 7, 'non_keloid': 6}",0.7692307692307693,0.7608391608391608,0.7857142857142857,0.7636363636363637,0.9523809523809524,"[[4, 3], [0, 6]]","['keloid', 'non_keloid']"
keloid_binary,leave_accession_out_GSE158395,profibrotic_module_only,knn,390,13,"{'non_keloid': 235, 'keloid': 155}","{'keloid': 7, 'non_keloid': 6}",0.5384615384615384,0.532967032967033,0.5476190476190476,0.5357142857142857,0.6666666666666666,"[[3, 4], [2, 4]]","['keloid', 'non_keloid']"
keloid_binary,leave_accession_out_GSE158395,profibrotic_module_only,small_mlp,390,13,"{'non_keloid': 235, 'keloid': 155}","{'keloid': 7, 'non_keloid': 6}",0.8461538461538461,0.8443223443223443,0.8571428571428572,0.8452380952380952,0.8571428571428572,"[[5, 2], [0, 6]]","['keloid', 'non_keloid']"
keloid_binary,leave_accession_out_GSE158395,shared_genes_plus_modules,majority,390,13,"{'non_keloid': 235, 'keloid': 155}","{'keloid': 7, 'non_keloid': 6}",0.46153846153846156,0.291497975708502,0.5,0.3157894736842105,0.5,"[[0, 7], [0, 6]]","['keloid', 'non_keloid']"
keloid_binary,leave_accession_out_GSE158395,shared_genes_plus_modules,stratified_random,390,13,"{'non_keloid': 235, 'keloid': 155}","{'keloid': 7, 'non_keloid': 6}",0.46153846153846156,0.455011655011655,0.45238095238095233,0.4484848484848485,0.45238095238095233,"[[4, 3], [4, 2]]","['keloid', 'non_keloid']"
keloid_binary,leave_accession_out_GSE158395,shared_genes_plus_modules,elastic_net_logreg,390,13,"{'non_keloid': 235, 'keloid': 155}","{'keloid': 7, 'non_keloid': 6}",0.5384615384615384,0.5211538461538462,0.5238095238095238,0.5125,0.5238095238095238,"[[5, 2], [4, 2]]","['keloid', 'non_keloid']"
keloid_binary,leave_accession_out_GSE158395,shared_genes_plus_modules,linear_svm,390,13,"{'non_keloid': 235, 'keloid': 155}","{'keloid': 7, 'non_keloid': 6}",0.46153846153846156,0.455011655011655,0.45238095238095233,0.4484848484848485,0.30952380952380953,"[[4, 3], [4, 2]]","['keloid', 'non_keloid']"
keloid_binary,leave_accession_out_GSE158395,shared_genes_plus_modules,random_forest,390,13,"{'non_keloid': 235, 'keloid': 155}","{'keloid': 7, 'non_keloid': 6}",0.5384615384615384,0.37692307692307686,0.5,0.35,0.7857142857142857,"[[7, 0], [6, 0]]","['keloid', 'non_keloid']"
keloid_binary,leave_accession_out_GSE158395,shared_genes_plus_modules,hist_gradient_boosting,390,13,"{'non_keloid': 235, 'keloid': 155}","{'keloid': 7, 'non_keloid': 6}",0.7692307692307693,0.7608391608391608,0.7857142857142857,0.7636363636363637,0.6428571428571428,"[[4, 3], [0, 6]]","['keloid', 'non_keloid']"
keloid_binary,leave_accession_out_GSE158395,shared_genes_plus_modules,knn,390,13,"{'non_keloid': 235, 'keloid': 155}","{'keloid': 7, 'non_keloid': 6}",0.23076923076923078,0.20192307692307693,0.21428571428571427,0.1875,0.10714285714285718,"[[3, 4], [6, 0]]","['keloid', 'non_keloid']"
keloid_binary,leave_accession_out_GSE158395,shared_genes_plus_modules,small_mlp,390,13,"{'non_keloid': 235, 'keloid': 155}","{'keloid': 7, 'non_keloid': 6}",0.5384615384615384,0.37692307692307686,0.5,0.35,0.8571428571428572,"[[7, 0], [6, 0]]","['keloid', 'non_keloid']"
keloid_binary,leave_accession_out_GSE158395,published_markers_only,majority,390,13,"{'non_keloid': 235, 'keloid': 155}","{'keloid': 7, 'non_keloid': 6}",0.46153846153846156,0.291497975708502,0.5,0.3157894736842105,0.5,"[[0, 7], [0, 6]]","['keloid', 'non_keloid']"
keloid_binary,leave_accession_out_GSE158395,published_markers_only,stratified_random,390,13,"{'non_keloid': 235, 'keloid': 155}","{'keloid': 7, 'non_keloid': 6}",0.46153846153846156,0.455011655011655,0.45238095238095233,0.4484848484848485,0.45238095238095233,"[[4, 3], [4, 2]]","['keloid', 'non_keloid']"
keloid_binary,leave_accession_out_GSE158395,published_markers_only,elastic_net_logreg,390,13,"{'non_keloid': 235, 'keloid': 155}","{'keloid': 7, 'non_keloid': 6}",0.6153846153846154,0.6107226107226107,0.6071428571428572,0.606060606060606,0.7857142857142857,"[[5, 2], [3, 3]]","['keloid', 'non_keloid']"
keloid_binary,leave_accession_out_GSE158395,published_markers_only,linear_svm,390,13,"{'non_keloid': 235, 'keloid': 155}","{'keloid': 7, 'non_keloid': 6}",0.6153846153846154,0.6107226107226107,0.6071428571428572,0.606060606060606,0.7619047619047619,"[[5, 2], [3, 3]]","['keloid', 'non_keloid']"
keloid_binary,leave_accession_out_GSE158395,published_markers_only,random_forest,390,13,"{'non_keloid': 235, 'keloid': 155}","{'keloid': 7, 'non_keloid': 6}",0.8461538461538461,0.8443223443223443,0.8571428571428572,0.8452380952380952,0.7857142857142857,"[[5, 2], [0, 6]]","['keloid', 'non_keloid']"
keloid_binary,leave_accession_out_GSE158395,published_markers_only,hist_gradient_boosting,390,13,"{'non_keloid': 235, 'keloid': 155}","{'keloid': 7, 'non_keloid': 6}",0.7692307692307693,0.7692307692307693,0.7738095238095238,0.7692307692307693,0.8809523809523809,"[[5, 2], [1, 5]]","['keloid', 'non_keloid']"
keloid_binary,leave_accession_out_GSE158395,published_markers_only,knn,390,13,"{'non_keloid': 235, 'keloid': 155}","{'keloid': 7, 'non_keloid': 6}",0.6153846153846154,0.6107226107226107,0.6071428571428572,0.606060606060606,0.7380952380952381,"[[5, 2], [3, 3]]","['keloid', 'non_keloid']"
keloid_binary,leave_accession_out_GSE158395,published_markers_only,small_mlp,390,13,"{'non_keloid': 235, 'keloid': 155}","{'keloid': 7, 'non_keloid': 6}",0.38461538461538464,0.3772893772893772,0.39285714285714285,0.38095238095238093,0.49999999999999994,"[[2, 5], [3, 3]]","['keloid', 'non_keloid']"
keloid_binary,leave_accession_out_GSE158395,shared_genes,majority,390,13,"{'non_keloid': 235, 'keloid': 155}","{'keloid': 7, 'non_keloid': 6}",0.46153846153846156,0.291497975708502,0.5,0.3157894736842105,0.5,"[[0, 7], [0, 6]]","['keloid', 'non_keloid']"
keloid_binary,leave_accession_out_GSE158395,shared_genes,stratified_random,390,13,"{'non_keloid': 235, 'keloid': 155}","{'keloid': 7, 'non_keloid': 6}",0.46153846153846156,0.455011655011655,0.45238095238095233,0.4484848484848485,0.45238095238095233,"[[4, 3], [4, 2]]","['keloid', 'non_keloid']"
keloid_binary,leave_accession_out_GSE158395,shared_genes,elastic_net_logreg,390,13,"{'non_keloid': 235, 'keloid': 155}","{'keloid': 7, 'non_keloid': 6}",0.46153846153846156,0.4193061840120664,0.44047619047619047,0.40522875816993464,0.5,"[[5, 2], [5, 1]]","['keloid', 'non_keloid']"
keloid_binary,leave_accession_out_GSE158395,shared_genes,linear_svm,390,13,"{'non_keloid': 235, 'keloid': 155}","{'keloid': 7, 'non_keloid': 6}",0.46153846153846156,0.455011655011655,0.45238095238095233,0.4484848484848485,0.3333333333333333,"[[4, 3], [4, 2]]","['keloid', 'non_keloid']"
keloid_binary,leave_accession_out_GSE158395,shared_genes,random_forest,390,13,"{'non_keloid': 235, 'keloid': 155}","{'keloid': 7, 'non_keloid': 6}",0.5384615384615384,0.37692307692307686,0.5,0.35,0.8333333333333334,"[[7, 0], [6, 0]]","['keloid', 'non_keloid']"
keloid_binary,leave_accession_out_GSE158395,shared_genes,hist_gradient_boosting,390,13,"{'non_keloid': 235, 'keloid': 155}","{'keloid': 7, 'non_keloid': 6}",0.7692307692307693,0.7608391608391608,0.7857142857142857,0.7636363636363637,0.6666666666666667,"[[4, 3], [0, 6]]","['keloid', 'non_keloid']"
keloid_binary,leave_accession_out_GSE158395,shared_genes,knn,390,13,"{'non_keloid': 235, 'keloid': 155}","{'keloid': 7, 'non_keloid': 6}",0.23076923076923078,0.20192307692307693,0.21428571428571427,0.1875,0.07142857142857145,"[[3, 4], [6, 0]]","['keloid', 'non_keloid']"
keloid_binary,leave_accession_out_GSE158395,modules_only,majority,390,13,"{'non_keloid': 235, 'keloid': 155}","{'keloid': 7, 'non_keloid': 6}",0.46153846153846156,0.291497975708502,0.5,0.3157894736842105,0.5,"[[0, 7], [0, 6]]","['keloid', 'non_keloid']"
keloid_binary,leave_accession_out_GSE158395,modules_only,stratified_random,390,13,"{'non_keloid': 235, 'keloid': 155}","{'keloid': 7, 'non_keloid': 6}",0.46153846153846156,0.455011655011655,0.45238095238095233,0.4484848484848485,0.45238095238095233,"[[4, 3], [4, 2]]","['keloid', 'non_keloid']"
keloid_binary,leave_accession_out_GSE158395,modules_only,elastic_net_logreg,390,13,"{'non_keloid': 235, 'keloid': 155}","{'keloid': 7, 'non_keloid': 6}",0.6923076923076923,0.6923076923076923,0.6904761904761905,0.6904761904761905,0.7619047619047619,"[[5, 2], [2, 4]]","['keloid', 'non_keloid']"
keloid_binary,leave_accession_out_GSE158395,modules_only,linear_svm,390,13,"{'non_keloid': 235, 'keloid': 155}","{'keloid': 7, 'non_keloid': 6}",0.6923076923076923,0.6923076923076923,0.6904761904761905,0.6904761904761905,0.7619047619047619,"[[5, 2], [2, 4]]","['keloid', 'non_keloid']"
keloid_binary,leave_accession_out_GSE158395,modules_only,random_forest,390,13,"{'non_keloid': 235, 'keloid': 155}","{'keloid': 7, 'non_keloid': 6}",0.7692307692307693,0.7608391608391608,0.7857142857142857,0.7636363636363637,0.7857142857142857,"[[4, 3], [0, 6]]","['keloid', 'non_keloid']"
keloid_binary,leave_accession_out_GSE158395,modules_only,hist_gradient_boosting,390,13,"{'non_keloid': 235, 'keloid': 155}","{'keloid': 7, 'non_keloid': 6}",0.7692307692307693,0.7608391608391608,0.7857142857142857,0.7636363636363637,0.7142857142857142,"[[4, 3], [0, 6]]","['keloid', 'non_keloid']"
keloid_binary,leave_accession_out_GSE158395,modules_only,knn,390,13,"{'non_keloid': 235, 'keloid': 155}","{'keloid': 7, 'non_keloid': 6}",0.5384615384615384,0.532967032967033,0.5476190476190476,0.5357142857142857,0.5952380952380952,"[[3, 4], [2, 4]]","['keloid', 'non_keloid']"
keloid_binary,leave_accession_out_GSE158395,modules_only,small_mlp,390,13,"{'non_keloid': 235, 'keloid': 155}","{'keloid': 7, 'non_keloid': 6}",0.7692307692307693,0.7608391608391608,0.7857142857142857,0.7636363636363637,0.8333333333333333,"[[4, 3], [0, 6]]","['keloid', 'non_keloid']"
keloid_binary,leave_accession_out_GSE158395,low_i2_core_only,majority,390,13,"{'non_keloid': 235, 'keloid': 155}","{'keloid': 7, 'non_keloid': 6}",0.46153846153846156,0.291497975708502,0.5,0.3157894736842105,0.5,"[[0, 7], [0, 6]]","['keloid', 'non_keloid']"
keloid_binary,leave_accession_out_GSE158395,low_i2_core_only,stratified_random,390,13,"{'non_keloid': 235, 'keloid': 155}","{'keloid': 7, 'non_keloid': 6}",0.46153846153846156,0.455011655011655,0.45238095238095233,0.4484848484848485,0.45238095238095233,"[[4, 3], [4, 2]]","['keloid', 'non_keloid']"
keloid_binary,leave_accession_out_GSE158395,low_i2_core_only,elastic_net_logreg,390,13,"{'non_keloid': 235, 'keloid': 155}","{'keloid': 7, 'non_keloid': 6}",0.5384615384615384,0.37692307692307686,0.5,0.35,0.5,"[[7, 0], [6, 0]]","['keloid', 'non_keloid']"
keloid_binary,leave_accession_out_GSE158395,low_i2_core_only,linear_svm,390,13,"{'non_keloid': 235, 'keloid': 155}","{'keloid': 7, 'non_keloid': 6}",0.5384615384615384,0.37692307692307686,0.5,0.35,0.4285714285714286,"[[7, 0], [6, 0]]","['keloid', 'non_keloid']"
keloid_binary,leave_accession_out_GSE158395,low_i2_core_only,random_forest,390,13,"{'non_keloid': 235, 'keloid': 155}","{'keloid': 7, 'non_keloid': 6}",0.5384615384615384,0.37692307692307686,0.5,0.35,0.5,"[[7, 0], [6, 0]]","['keloid', 'non_keloid']"
keloid_binary,leave_accession_out_GSE158395,low_i2_core_only,hist_gradient_boosting,390,13,"{'non_keloid': 235, 'keloid': 155}","{'keloid': 7, 'non_keloid': 6}",0.5384615384615384,0.37692307692307686,0.5,0.35,0.5,"[[7, 0], [6, 0]]","['keloid', 'non_keloid']"
keloid_binary,leave_accession_out_GSE158395,low_i2_core_only,knn,390,13,"{'non_keloid': 235, 'keloid': 155}","{'keloid': 7, 'non_keloid': 6}",0.5384615384615384,0.37692307692307686,0.5,0.35,0.5,"[[7, 0], [6, 0]]","['keloid', 'non_keloid']"
keloid_binary,leave_accession_out_GSE158395,low_i2_core_only,small_mlp,390,13,"{'non_keloid': 235, 'keloid': 155}","{'keloid': 7, 'non_keloid': 6}",0.46153846153846156,0.291497975708502,0.5,0.3157894736842105,0.5,"[[0, 7], [0, 6]]","['keloid', 'non_keloid']"
keloid_binary,leave_accession_out_GSE163973,profibrotic_module_only,majority,196,220,"{'non_keloid': 102, 'keloid': 94}","{'keloid': 110, 'non_keloid': 110}",0.5,0.3333333333333333,0.5,0.3333333333333333,0.5,"[[0, 110], [0, 110]]","['keloid', 'non_keloid']"
keloid_binary,leave_accession_out_GSE163973,profibrotic_module_only,stratified_random,196,220,"{'non_keloid': 102, 'keloid': 94}","{'keloid': 110, 'non_keloid': 110}",0.5045454545454545,0.502809396446269,0.5045454545454545,0.502809396446269,0.5045454545454545,"[[49, 61], [48, 62]]","['keloid', 'non_keloid']"
keloid_binary,leave_accession_out_GSE163973,profibrotic_module_only,elastic_net_logreg,196,220,"{'non_keloid': 102, 'keloid': 94}","{'keloid': 110, 'non_keloid': 110}",0.6363636363636364,0.6360929617070549,0.6363636363636365,0.6360929617070548,0.725702479338843,"[[67, 43], [37, 73]]","['keloid', 'non_keloid']"
keloid_binary,leave_accession_out_GSE163973,profibrotic_module_only,linear_svm,196,220,"{'non_keloid': 102, 'keloid': 94}","{'keloid': 110, 'non_keloid': 110}",0.6363636363636364,0.6362433862433863,0.6363636363636364,0.6362433862433863,0.725702479338843,"[[68, 42], [38, 72]]","['keloid', 'non_keloid']"
keloid_binary,leave_accession_out_GSE163973,profibrotic_module_only,random_forest,196,220,"{'non_keloid': 102, 'keloid': 94}","{'keloid': 110, 'non_keloid': 110}",0.6,0.5966666666666666,0.6,0.5966666666666667,0.6866528925619833,"[[56, 54], [34, 76]]","['keloid', 'non_keloid']"
keloid_binary,leave_accession_out_GSE163973,profibrotic_module_only,hist_gradient_boosting,196,220,"{'non_keloid': 102, 'keloid': 94}","{'keloid': 110, 'non_keloid': 110}",0.6454545454545455,0.6440129449838188,0.6454545454545455,0.6440129449838188,0.6667355371900825,"[[64, 46], [32, 78]]","['keloid', 'non_keloid']"
keloid_binary,leave_accession_out_GSE163973,profibrotic_module_only,knn,196,220,"{'non_keloid': 102, 'keloid': 94}","{'keloid': 110, 'non_keloid': 110}",0.5909090909090909,0.5875,0.5909090909090908,0.5875,0.6729338842975208,"[[55, 55], [35, 75]]","['keloid', 'non_keloid']"
keloid_binary,leave_accession_out_GSE163973,profibrotic_module_only,small_mlp,196,220,"{'non_keloid': 102, 'keloid': 94}","{'keloid': 110, 'non_keloid': 110}",0.5863636363636363,0.5729431088547111,0.5863636363636364,0.5729431088547111,0.6783471074380166,"[[84, 26], [65, 45]]","['keloid', 'non_keloid']"
keloid_binary,leave_accession_out_GSE163973,shared_genes_plus_modules,majority,196,220,"{'non_keloid': 102, 'keloid': 94}","{'keloid': 110, 'non_keloid': 110}",0.5,0.3333333333333333,0.5,0.3333333333333333,0.5,"[[0, 110], [0, 110]]","['keloid', 'non_keloid']"
keloid_binary,leave_accession_out_GSE163973,shared_genes_plus_modules,stratified_random,196,220,"{'non_keloid': 102, 'keloid': 94}","{'keloid': 110, 'non_keloid': 110}",0.5045454545454545,0.502809396446269,0.5045454545454545,0.502809396446269,0.5045454545454545,"[[49, 61], [48, 62]]","['keloid', 'non_keloid']"
keloid_binary,leave_accession_out_GSE163973,shared_genes_plus_modules,elastic_net_logreg,196,220,"{'non_keloid': 102, 'keloid': 94}","{'keloid': 110, 'non_keloid': 110}",0.65,0.6483653347171769,0.6499999999999999,0.6483653347171769,0.7112396694214875,"[[79, 31], [46, 64]]","['keloid', 'non_keloid']"
keloid_binary,leave_accession_out_GSE163973,shared_genes_plus_modules,linear_svm,196,220,"{'non_keloid': 102, 'keloid': 94}","{'keloid': 110, 'non_keloid': 110}",0.4818181818181818,0.46913893827787656,0.4818181818181818,0.46913893827787656,0.5934710743801652,"[[70, 40], [74, 36]]","['keloid', 'non_keloid']"
keloid_binary,leave_accession_out_GSE163973,shared_genes_plus_modules,random_forest,196,220,"{'non_keloid': 102, 'keloid': 94}","{'keloid': 110, 'non_keloid': 110}",0.6772727272727272,0.6748475197235579,0.6772727272727272,0.6748475197235579,0.7642975206611571,"[[84, 26], [45, 65]]","['keloid', 'non_keloid']"
keloid_binary,leave_accession_out_GSE163973,shared_genes_plus_modules,hist_gradient_boosting,196,220,"{'non_keloid': 102, 'keloid': 94}","{'keloid': 110, 'non_keloid': 110}",0.6227272727272727,0.6150846350049537,0.6227272727272728,0.6150846350049537,0.680495867768595,"[[53, 57], [26, 84]]","['keloid', 'non_keloid']"
keloid_binary,leave_accession_out_GSE163973,shared_genes_plus_modules,knn,196,220,"{'non_keloid': 102, 'keloid': 94}","{'keloid': 110, 'non_keloid': 110}",0.55,0.44685714285714284,0.55,0.44685714285714284,0.5480578512396694,"[[108, 2], [97, 13]]","['keloid', 'non_keloid']"
keloid_binary,leave_accession_out_GSE163973,shared_genes_plus_modules,small_mlp,196,220,"{'non_keloid': 102, 'keloid': 94}","{'keloid': 110, 'non_keloid': 110}",0.6181818181818182,0.6118951612903226,0.6181818181818182,0.6118951612903225,0.7291735537190083,"[[82, 28], [56, 54]]","['keloid', 'non_keloid']"
keloid_binary,leave_accession_out_GSE163973,published_markers_only,majority,196,220,"{'non_keloid': 102, 'keloid': 94}","{'keloid': 110, 'non_keloid': 110}",0.5,0.3333333333333333,0.5,0.3333333333333333,0.5,"[[0, 110], [0, 110]]","['keloid', 'non_keloid']"
keloid_binary,leave_accession_out_GSE163973,published_markers_only,stratified_random,196,220,"{'non_keloid': 102, 'keloid': 94}","{'keloid': 110, 'non_keloid': 110}",0.5045454545454545,0.502809396446269,0.5045454545454545,0.502809396446269,0.5045454545454545,"[[49, 61], [48, 62]]","['keloid', 'non_keloid']"
keloid_binary,leave_accession_out_GSE163973,published_markers_only,elastic_net_logreg,196,220,"{'non_keloid': 102, 'keloid': 94}","{'keloid': 110, 'non_keloid': 110}",0.6227272727272727,0.6169578989322649,0.6227272727272728,0.6169578989322649,0.6915702479338842,"[[82, 28], [55, 55]]","['keloid', 'non_keloid']"
keloid_binary,leave_accession_out_GSE163973,published_markers_only,linear_svm,196,220,"{'non_keloid': 102, 'keloid': 94}","{'keloid': 110, 'non_keloid': 110}",0.6227272727272727,0.6185582085187274,0.6227272727272728,0.6185582085187273,0.6916528925619835,"[[80, 30], [53, 57]]","['keloid', 'non_keloid']"
keloid_binary,leave_accession_out_GSE163973,published_markers_only,random_forest,196,220,"{'non_keloid': 102, 'keloid': 94}","{'keloid': 110, 'non_keloid': 110}",0.6136363636363636,0.6058095659689284,0.6136363636363636,0.6058095659689284,0.6649586776859504,"[[52, 58], [27, 83]]","['keloid', 'non_keloid']"
keloid_binary,leave_accession_out_GSE163973,published_markers_only,hist_gradient_boosting,196,220,"{'non_keloid': 102, 'keloid': 94}","{'keloid': 110, 'non_keloid': 110}",0.6681818181818182,0.6623141781786833,0.6681818181818182,0.6623141781786833,0.7013223140495868,"[[59, 51], [22, 88]]","['keloid', 'non_keloid']"
keloid_binary,leave_accession_out_GSE163973,published_markers_only,knn,196,220,"{'non_keloid': 102, 'keloid': 94}","{'keloid': 110, 'non_keloid': 110}",0.5636363636363636,0.5310418332001066,0.5636363636363636,0.5310418332001066,0.5185537190082644,"[[91, 19], [77, 33]]","['keloid', 'non_keloid']"
keloid_binary,leave_accession_out_GSE163973,published_markers_only,small_mlp,196,220,"{'non_keloid': 102, 'keloid': 94}","{'keloid': 110, 'non_keloid': 110}",0.6272727272727273,0.6272419208199024,0.6272727272727272,0.6272419208199025,0.6896694214876032,"[[70, 40], [42, 68]]","['keloid', 'non_keloid']"
keloid_binary,leave_accession_out_GSE163973,shared_genes,majority,196,220,"{'non_keloid': 102, 'keloid': 94}","{'keloid': 110, 'non_keloid': 110}",0.5,0.3333333333333333,0.5,0.3333333333333333,0.5,"[[0, 110], [0, 110]]","['keloid', 'non_keloid']"
keloid_binary,leave_accession_out_GSE163973,shared_genes,stratified_random,196,220,"{'non_keloid': 102, 'keloid': 94}","{'keloid': 110, 'non_keloid': 110}",0.5045454545454545,0.502809396446269,0.5045454545454545,0.502809396446269,0.5045454545454545,"[[49, 61], [48, 62]]","['keloid', 'non_keloid']"
keloid_binary,leave_accession_out_GSE163973,shared_genes,elastic_net_logreg,196,220,"{'non_keloid': 102, 'keloid': 94}","{'keloid': 110, 'non_keloid': 110}",0.6454545454545455,0.6430651468508196,0.6454545454545455,0.6430651468508195,0.7178512396694215,"[[80, 30], [48, 62]]","['keloid', 'non_keloid']"
keloid_binary,leave_accession_out_GSE163973,shared_genes,linear_svm,196,220,"{'non_keloid': 102, 'keloid': 94}","{'keloid': 110, 'non_keloid': 110}",0.5636363636363636,0.5529591059182118,0.5636363636363636,0.5529591059182118,0.631818181818182,"[[79, 31], [65, 45]]","['keloid', 'non_keloid']"
keloid_binary,leave_accession_out_GSE163973,shared_genes,random_forest,196,220,"{'non_keloid': 102, 'keloid': 94}","{'keloid': 110, 'non_keloid': 110}",0.5636363636363636,0.5618620861339307,0.5636363636363637,0.5618620861339307,0.6810743801652892,"[[69, 41], [55, 55]]","['keloid', 'non_keloid']"
keloid_binary,leave_accession_out_GSE163973,shared_genes,hist_gradient_boosting,196,220,"{'non_keloid': 102, 'keloid': 94}","{'keloid': 110, 'non_keloid': 110}",0.6090909090909091,0.6026545698924731,0.6090909090909091,0.6026545698924731,0.6495867768595042,"[[53, 57], [29, 81]]","['keloid', 'non_keloid']"
keloid_binary,leave_accession_out_GSE163973,shared_genes,knn,196,220,"{'non_keloid': 102, 'keloid': 94}","{'keloid': 110, 'non_keloid': 110}",0.5181818181818182,0.3927083333333333,0.5181818181818182,0.3927083333333333,0.5522727272727272,"[[107, 3], [103, 7]]","['keloid', 'non_keloid']"
keloid_binary,leave_accession_out_GSE163973,modules_only,majority,196,220,"{'non_keloid': 102, 'keloid': 94}","{'keloid': 110, 'non_keloid': 110}",0.5,0.3333333333333333,0.5,0.3333333333333333,0.5,"[[0, 110], [0, 110]]","['keloid', 'non_keloid']"
keloid_binary,leave_accession_out_GSE163973,modules_only,stratified_random,196,220,"{'non_keloid': 102, 'keloid': 94}","{'keloid': 110, 'non_keloid': 110}",0.5045454545454545,0.502809396446269,0.5045454545454545,0.502809396446269,0.5045454545454545,"[[49, 61], [48, 62]]","['keloid', 'non_keloid']"
keloid_binary,leave_accession_out_GSE163973,modules_only,elastic_net_logreg,196,220,"{'non_keloid': 102, 'keloid': 94}","{'keloid': 110, 'non_keloid': 110}",0.6136363636363636,0.6122825568617692,0.6136363636363636,0.6122825568617694,0.6885950413223141,"[[74, 36], [49, 61]]","['keloid', 'non_keloid']"
keloid_binary,leave_accession_out_GSE163973,modules_only,linear_svm,196,220,"{'non_keloid': 102, 'keloid': 94}","{'keloid': 110, 'non_keloid': 110}",0.6045454545454545,0.6035543403964456,0.6045454545454545,0.6035543403964456,0.6837190082644629,"[[72, 38], [49, 61]]","['keloid', 'non_keloid']"
keloid_binary,leave_accession_out_GSE163973,modules_only,random_forest,196,220,"{'non_keloid': 102, 'keloid': 94}","{'keloid': 110, 'non_keloid': 110}",0.6545454545454545,0.654288313621702,0.6545454545454545,0.6542883136217021,0.714793388429752,"[[69, 41], [35, 75]]","['keloid', 'non_keloid']"
keloid_binary,leave_accession_out_GSE163973,modules_only,hist_gradient_boosting,196,220,"{'non_keloid': 102, 'keloid': 94}","{'keloid': 110, 'non_keloid': 110}",0.6772727272727272,0.676141900437478,0.6772727272727272,0.676141900437478,0.6792148760330577,"[[68, 42], [29, 81]]","['keloid', 'non_keloid']"
keloid_binary,leave_accession_out_GSE163973,modules_only,knn,196,220,"{'non_keloid': 102, 'keloid': 94}","{'keloid': 110, 'non_keloid': 110}",0.6772727272727272,0.675765438505449,0.6772727272727272,0.6757654385054489,0.695,"[[67, 43], [28, 82]]","['keloid', 'non_keloid']"
keloid_binary,leave_accession_out_GSE163973,modules_only,small_mlp,196,220,"{'non_keloid': 102, 'keloid': 94}","{'keloid': 110, 'non_keloid': 110}",0.6136363636363636,0.5982900474748126,0.6136363636363636,0.5982900474748125,0.6921487603305785,"[[89, 21], [64, 46]]","['keloid', 'non_keloid']"
keloid_binary,leave_accession_out_GSE163973,low_i2_core_only,majority,196,220,"{'non_keloid': 102, 'keloid': 94}","{'keloid': 110, 'non_keloid': 110}",0.5,0.3333333333333333,0.5,0.3333333333333333,0.5,"[[0, 110], [0, 110]]","['keloid', 'non_keloid']"
keloid_binary,leave_accession_out_GSE163973,low_i2_core_only,stratified_random,196,220,"{'non_keloid': 102, 'keloid': 94}","{'keloid': 110, 'non_keloid': 110}",0.5045454545454545,0.502809396446269,0.5045454545454545,0.502809396446269,0.5045454545454545,"[[49, 61], [48, 62]]","['keloid', 'non_keloid']"
keloid_binary,leave_accession_out_GSE163973,low_i2_core_only,elastic_net_logreg,196,220,"{'non_keloid': 102, 'keloid': 94}","{'keloid': 110, 'non_keloid': 110}",0.6636363636363637,0.6635251322751323,0.6636363636363636,0.6635251322751323,0.7435537190082646,"[[75, 35], [39, 71]]","['keloid', 'non_keloid']"
keloid_binary,leave_accession_out_GSE163973,low_i2_core_only,linear_svm,196,220,"{'non_keloid': 102, 'keloid': 94}","{'keloid': 110, 'non_keloid': 110}",0.6590909090909091,0.6590838653691192,0.6590909090909092,0.6590838653691191,0.730413223140496,"[[72, 38], [37, 73]]","['keloid', 'non_keloid']"
keloid_binary,leave_accession_out_GSE163973,low_i2_core_only,random_forest,196,220,"{'non_keloid': 102, 'keloid': 94}","{'keloid': 110, 'non_keloid': 110}",0.6909090909090909,0.6888260254596887,0.6909090909090909,0.6888260254596889,0.7842975206611571,"[[67, 43], [25, 85]]","['keloid', 'non_keloid']"
keloid_binary,leave_accession_out_GSE163973,low_i2_core_only,hist_gradient_boosting,196,220,"{'non_keloid': 102, 'keloid': 94}","{'keloid': 110, 'non_keloid': 110}",0.7136363636363636,0.7129186602870813,0.7136363636363636,0.7129186602870814,0.7578512396694215,"[[73, 37], [26, 84]]","['keloid', 'non_keloid']"
keloid_binary,leave_accession_out_GSE163973,low_i2_core_only,knn,196,220,"{'non_keloid': 102, 'keloid': 94}","{'keloid': 110, 'non_keloid': 110}",0.5545454545454546,0.5281862745098038,0.5545454545454546,0.5281862745098039,0.6001652892561984,"[[87, 23], [75, 35]]","['keloid', 'non_keloid']"
keloid_binary,leave_accession_out_GSE163973,low_i2_core_only,small_mlp,196,220,"{'non_keloid': 102, 'keloid': 94}","{'keloid': 110, 'non_keloid': 110}",0.509090909090909,0.4205443371378403,0.5090909090909091,0.42054433713784023,0.6335537190082645,"[[13, 97], [11, 99]]","['keloid', 'non_keloid']"
keloid_binary,leave_accession_out_GSE181297,profibrotic_module_only,majority,340,7,"{'non_keloid': 191, 'keloid': 149}","{'keloid': 4, 'non_keloid': 3}",0.42857142857142855,0.2571428571428571,0.5,0.3,0.5,"[[0, 4], [0, 3]]","['keloid', 'non_keloid']"
keloid_binary,leave_accession_out_GSE181297,profibrotic_module_only,stratified_random,340,7,"{'non_keloid': 191, 'keloid': 149}","{'keloid': 4, 'non_keloid': 3}",0.5714285714285714,0.5523809523809524,0.5416666666666666,0.5333333333333333,0.5416666666666666,"[[3, 1], [2, 1]]","['keloid', 'non_keloid']"
keloid_binary,leave_accession_out_GSE181297,profibrotic_module_only,elastic_net_logreg,340,7,"{'non_keloid': 191, 'keloid': 149}","{'keloid': 4, 'non_keloid': 3}",0.8571428571428571,0.8507936507936508,0.8333333333333333,0.8444444444444444,1.0,"[[4, 0], [1, 2]]","['keloid', 'non_keloid']"
keloid_binary,leave_accession_out_GSE181297,profibrotic_module_only,linear_svm,340,7,"{'non_keloid': 191, 'keloid': 149}","{'keloid': 4, 'non_keloid': 3}",0.8571428571428571,0.8507936507936508,0.8333333333333333,0.8444444444444444,1.0,"[[4, 0], [1, 2]]","['keloid', 'non_keloid']"
keloid_binary,leave_accession_out_GSE181297,profibrotic_module_only,random_forest,340,7,"{'non_keloid': 191, 'keloid': 149}","{'keloid': 4, 'non_keloid': 3}",0.5714285714285714,0.5714285714285714,0.5833333333333333,0.5714285714285714,0.8333333333333333,"[[2, 2], [1, 2]]","['keloid', 'non_keloid']"
keloid_binary,leave_accession_out_GSE181297,profibrotic_module_only,hist_gradient_boosting,340,7,"{'non_keloid': 191, 'keloid': 149}","{'keloid': 4, 'non_keloid': 3}",0.7142857142857143,0.7023809523809523,0.75,0.7083333333333333,0.8333333333333333,"[[2, 2], [0, 3]]","['keloid', 'non_keloid']"
keloid_binary,leave_accession_out_GSE181297,profibrotic_module_only,knn,340,7,"{'non_keloid': 191, 'keloid': 149}","{'keloid': 4, 'non_keloid': 3}",0.7142857142857143,0.7023809523809523,0.75,0.7083333333333333,0.8333333333333333,"[[2, 2], [0, 3]]","['keloid', 'non_keloid']"
keloid_binary,leave_accession_out_GSE181297,profibrotic_module_only,small_mlp,340,7,"{'non_keloid': 191, 'keloid': 149}","{'keloid': 4, 'non_keloid': 3}",0.8571428571428571,0.8507936507936508,0.8333333333333333,0.8444444444444444,1.0,"[[4, 0], [1, 2]]","['keloid', 'non_keloid']"
keloid_binary,leave_accession_out_GSE181297,shared_genes_plus_modules,majority,340,7,"{'non_keloid': 191, 'keloid': 149}","{'keloid': 4, 'non_keloid': 3}",0.42857142857142855,0.2571428571428571,0.5,0.3,0.5,"[[0, 4], [0, 3]]","['keloid', 'non_keloid']"
keloid_binary,leave_accession_out_GSE181297,shared_genes_plus_modules,stratified_random,340,7,"{'non_keloid': 191, 'keloid': 149}","{'keloid': 4, 'non_keloid': 3}",0.5714285714285714,0.5523809523809524,0.5416666666666666,0.5333333333333333,0.5416666666666666,"[[3, 1], [2, 1]]","['keloid', 'non_keloid']"
keloid_binary,leave_accession_out_GSE181297,shared_genes_plus_modules,elastic_net_logreg,340,7,"{'non_keloid': 191, 'keloid': 149}","{'keloid': 4, 'non_keloid': 3}",1.0,1.0,1.0,1.0,1.0,"[[4, 0], [0, 3]]","['keloid', 'non_keloid']"
keloid_binary,leave_accession_out_GSE181297,shared_genes_plus_modules,linear_svm,340,7,"{'non_keloid': 191, 'keloid': 149}","{'keloid': 4, 'non_keloid': 3}",1.0,1.0,1.0,1.0,1.0,"[[4, 0], [0, 3]]","['keloid', 'non_keloid']"
keloid_binary,leave_accession_out_GSE181297,shared_genes_plus_modules,random_forest,340,7,"{'non_keloid': 191, 'keloid': 149}","{'keloid': 4, 'non_keloid': 3}",1.0,1.0,1.0,1.0,1.0,"[[4, 0], [0, 3]]","['keloid', 'non_keloid']"
keloid_binary,leave_accession_out_GSE181297,shared_genes_plus_modules,hist_gradient_boosting,340,7,"{'non_keloid': 191, 'keloid': 149}","{'keloid': 4, 'non_keloid': 3}",0.8571428571428571,0.8507936507936508,0.8333333333333333,0.8444444444444444,0.75,"[[4, 0], [1, 2]]","['keloid', 'non_keloid']"
keloid_binary,leave_accession_out_GSE181297,shared_genes_plus_modules,knn,340,7,"{'non_keloid': 191, 'keloid': 149}","{'keloid': 4, 'non_keloid': 3}",0.8571428571428571,0.8507936507936508,0.8333333333333333,0.8444444444444444,0.8333333333333333,"[[4, 0], [1, 2]]","['keloid', 'non_keloid']"
keloid_binary,leave_accession_out_GSE181297,shared_genes_plus_modules,small_mlp,340,7,"{'non_keloid': 191, 'keloid': 149}","{'keloid': 4, 'non_keloid': 3}",0.8571428571428571,0.8507936507936508,0.8333333333333333,0.8444444444444444,1.0,"[[4, 0], [1, 2]]","['keloid', 'non_keloid']"
keloid_binary,leave_accession_out_GSE181297,published_markers_only,majority,340,7,"{'non_keloid': 191, 'keloid': 149}","{'keloid': 4, 'non_keloid': 3}",0.42857142857142855,0.2571428571428571,0.5,0.3,0.5,"[[0, 4], [0, 3]]","['keloid', 'non_keloid']"
keloid_binary,leave_accession_out_GSE181297,published_markers_only,stratified_random,340,7,"{'non_keloid': 191, 'keloid': 149}","{'keloid': 4, 'non_keloid': 3}",0.5714285714285714,0.5523809523809524,0.5416666666666666,0.5333333333333333,0.5416666666666666,"[[3, 1], [2, 1]]","['keloid', 'non_keloid']"
keloid_binary,leave_accession_out_GSE181297,published_markers_only,elastic_net_logreg,340,7,"{'non_keloid': 191, 'keloid': 149}","{'keloid': 4, 'non_keloid': 3}",1.0,1.0,1.0,1.0,1.0,"[[4, 0], [0, 3]]","['keloid', 'non_keloid']"
keloid_binary,leave_accession_out_GSE181297,published_markers_only,linear_svm,340,7,"{'non_keloid': 191, 'keloid': 149}","{'keloid': 4, 'non_keloid': 3}",1.0,1.0,1.0,1.0,1.0,"[[4, 0], [0, 3]]","['keloid', 'non_keloid']"
keloid_binary,leave_accession_out_GSE181297,published_markers_only,random_forest,340,7,"{'non_keloid': 191, 'keloid': 149}","{'keloid': 4, 'non_keloid': 3}",0.8571428571428571,0.8507936507936508,0.8333333333333333,0.8444444444444444,1.0,"[[4, 0], [1, 2]]","['keloid', 'non_keloid']"
keloid_binary,leave_accession_out_GSE181297,published_markers_only,hist_gradient_boosting,340,7,"{'non_keloid': 191, 'keloid': 149}","{'keloid': 4, 'non_keloid': 3}",0.8571428571428571,0.8507936507936508,0.8333333333333333,0.8444444444444444,1.0,"[[4, 0], [1, 2]]","['keloid', 'non_keloid']"
keloid_binary,leave_accession_out_GSE181297,published_markers_only,knn,340,7,"{'non_keloid': 191, 'keloid': 149}","{'keloid': 4, 'non_keloid': 3}",0.8571428571428571,0.8571428571428571,0.875,0.8571428571428571,0.9166666666666666,"[[3, 1], [0, 3]]","['keloid', 'non_keloid']"
keloid_binary,leave_accession_out_GSE181297,published_markers_only,small_mlp,340,7,"{'non_keloid': 191, 'keloid': 149}","{'keloid': 4, 'non_keloid': 3}",0.7142857142857143,0.6714285714285715,0.6666666666666666,0.65,0.9166666666666666,"[[4, 0], [2, 1]]","['keloid', 'non_keloid']"
keloid_binary,leave_accession_out_GSE181297,shared_genes,majority,340,7,"{'non_keloid': 191, 'keloid': 149}","{'keloid': 4, 'non_keloid': 3}",0.42857142857142855,0.2571428571428571,0.5,0.3,0.5,"[[0, 4], [0, 3]]","['keloid', 'non_keloid']"
keloid_binary,leave_accession_out_GSE181297,shared_genes,stratified_random,340,7,"{'non_keloid': 191, 'keloid': 149}","{'keloid': 4, 'non_keloid': 3}",0.5714285714285714,0.5523809523809524,0.5416666666666666,0.5333333333333333,0.5416666666666666,"[[3, 1], [2, 1]]","['keloid', 'non_keloid']"
keloid_binary,leave_accession_out_GSE181297,shared_genes,elastic_net_logreg,340,7,"{'non_keloid': 191, 'keloid': 149}","{'keloid': 4, 'non_keloid': 3}",1.0,1.0,1.0,1.0,1.0,"[[4, 0], [0, 3]]","['keloid', 'non_keloid']"
keloid_binary,leave_accession_out_GSE181297,shared_genes,linear_svm,340,7,"{'non_keloid': 191, 'keloid': 149}","{'keloid': 4, 'non_keloid': 3}",1.0,1.0,1.0,1.0,1.0,"[[4, 0], [0, 3]]","['keloid', 'non_keloid']"
keloid_binary,leave_accession_out_GSE181297,shared_genes,random_forest,340,7,"{'non_keloid': 191, 'keloid': 149}","{'keloid': 4, 'non_keloid': 3}",0.8571428571428571,0.8571428571428571,0.875,0.8571428571428571,1.0,"[[3, 1], [0, 3]]","['keloid', 'non_keloid']"
keloid_binary,leave_accession_out_GSE181297,shared_genes,hist_gradient_boosting,340,7,"{'non_keloid': 191, 'keloid': 149}","{'keloid': 4, 'non_keloid': 3}",0.8571428571428571,0.8507936507936508,0.8333333333333333,0.8444444444444444,0.75,"[[4, 0], [1, 2]]","['keloid', 'non_keloid']"
keloid_binary,leave_accession_out_GSE181297,shared_genes,knn,340,7,"{'non_keloid': 191, 'keloid': 149}","{'keloid': 4, 'non_keloid': 3}",0.8571428571428571,0.8507936507936508,0.8333333333333333,0.8444444444444444,0.8333333333333333,"[[4, 0], [1, 2]]","['keloid', 'non_keloid']"
keloid_binary,leave_accession_out_GSE181297,modules_only,majority,340,7,"{'non_keloid': 191, 'keloid': 149}","{'keloid': 4, 'non_keloid': 3}",0.42857142857142855,0.2571428571428571,0.5,0.3,0.5,"[[0, 4], [0, 3]]","['keloid', 'non_keloid']"
keloid_binary,leave_accession_out_GSE181297,modules_only,stratified_random,340,7,"{'non_keloid': 191, 'keloid': 149}","{'keloid': 4, 'non_keloid': 3}",0.5714285714285714,0.5523809523809524,0.5416666666666666,0.5333333333333333,0.5416666666666666,"[[3, 1], [2, 1]]","['keloid', 'non_keloid']"
keloid_binary,leave_accession_out_GSE181297,modules_only,elastic_net_logreg,340,7,"{'non_keloid': 191, 'keloid': 149}","{'keloid': 4, 'non_keloid': 3}",0.8571428571428571,0.8507936507936508,0.8333333333333333,0.8444444444444444,1.0,"[[4, 0], [1, 2]]","['keloid', 'non_keloid']"
keloid_binary,leave_accession_out_GSE181297,modules_only,linear_svm,340,7,"{'non_keloid': 191, 'keloid': 149}","{'keloid': 4, 'non_keloid': 3}",0.8571428571428571,0.8507936507936508,0.8333333333333333,0.8444444444444444,1.0,"[[4, 0], [1, 2]]","['keloid', 'non_keloid']"
keloid_binary,leave_accession_out_GSE181297,modules_only,random_forest,340,7,"{'non_keloid': 191, 'keloid': 149}","{'keloid': 4, 'non_keloid': 3}",1.0,1.0,1.0,1.0,1.0,"[[4, 0], [0, 3]]","['keloid', 'non_keloid']"
keloid_binary,leave_accession_out_GSE181297,modules_only,hist_gradient_boosting,340,7,"{'non_keloid': 191, 'keloid': 149}","{'keloid': 4, 'non_keloid': 3}",0.8571428571428571,0.8507936507936508,0.8333333333333333,0.8444444444444444,1.0,"[[4, 0], [1, 2]]","['keloid', 'non_keloid']"
keloid_binary,leave_accession_out_GSE181297,modules_only,knn,340,7,"{'non_keloid': 191, 'keloid': 149}","{'keloid': 4, 'non_keloid': 3}",0.8571428571428571,0.8507936507936508,0.8333333333333333,0.8444444444444444,0.9166666666666666,"[[4, 0], [1, 2]]","['keloid', 'non_keloid']"
keloid_binary,leave_accession_out_GSE181297,modules_only,small_mlp,340,7,"{'non_keloid': 191, 'keloid': 149}","{'keloid': 4, 'non_keloid': 3}",0.8571428571428571,0.8507936507936508,0.8333333333333333,0.8444444444444444,1.0,"[[4, 0], [1, 2]]","['keloid', 'non_keloid']"
keloid_binary,leave_accession_out_GSE181297,low_i2_core_only,majority,340,7,"{'non_keloid': 191, 'keloid': 149}","{'keloid': 4, 'non_keloid': 3}",0.42857142857142855,0.2571428571428571,0.5,0.3,0.5,"[[0, 4], [0, 3]]","['keloid', 'non_keloid']"
keloid_binary,leave_accession_out_GSE181297,low_i2_core_only,stratified_random,340,7,"{'non_keloid': 191, 'keloid': 149}","{'keloid': 4, 'non_keloid': 3}",0.5714285714285714,0.5523809523809524,0.5416666666666666,0.5333333333333333,0.5416666666666666,"[[3, 1], [2, 1]]","['keloid', 'non_keloid']"
keloid_binary,leave_accession_out_GSE181297,low_i2_core_only,elastic_net_logreg,340,7,"{'non_keloid': 191, 'keloid': 149}","{'keloid': 4, 'non_keloid': 3}",0.7142857142857143,0.7142857142857143,0.7083333333333333,0.7083333333333333,0.9166666666666666,"[[3, 1], [1, 2]]","['keloid', 'non_keloid']"
keloid_binary,leave_accession_out_GSE181297,low_i2_core_only,linear_svm,340,7,"{'non_keloid': 191, 'keloid': 149}","{'keloid': 4, 'non_keloid': 3}",0.7142857142857143,0.7142857142857143,0.7083333333333333,0.7083333333333333,0.8333333333333333,"[[3, 1], [1, 2]]","['keloid', 'non_keloid']"
keloid_binary,leave_accession_out_GSE181297,low_i2_core_only,random_forest,340,7,"{'non_keloid': 191, 'keloid': 149}","{'keloid': 4, 'non_keloid': 3}",0.7142857142857143,0.7023809523809523,0.75,0.7083333333333333,0.9166666666666666,"[[2, 2], [0, 3]]","['keloid', 'non_keloid']"
keloid_binary,leave_accession_out_GSE181297,low_i2_core_only,hist_gradient_boosting,340,7,"{'non_keloid': 191, 'keloid': 149}","{'keloid': 4, 'non_keloid': 3}",0.8571428571428571,0.8571428571428571,0.875,0.8571428571428571,0.8333333333333334,"[[3, 1], [0, 3]]","['keloid', 'non_keloid']"
keloid_binary,leave_accession_out_GSE181297,low_i2_core_only,knn,340,7,"{'non_keloid': 191, 'keloid': 149}","{'keloid': 4, 'non_keloid': 3}",1.0,1.0,1.0,1.0,1.0,"[[4, 0], [0, 3]]","['keloid', 'non_keloid']"
keloid_binary,leave_accession_out_GSE181297,low_i2_core_only,small_mlp,340,7,"{'non_keloid': 191, 'keloid': 149}","{'keloid': 4, 'non_keloid': 3}",0.7142857142857143,0.7023809523809523,0.75,0.7083333333333333,0.8333333333333333,"[[2, 2], [0, 3]]","['keloid', 'non_keloid']"
keloid_binary,leave_accession_out_GSE188952,profibrotic_module_only,majority,373,12,"{'non_keloid': 203, 'keloid': 170}","{'non_keloid': 8, 'keloid': 4}",0.6666666666666666,0.5333333333333333,0.5,0.4,0.5,"[[0, 4], [0, 8]]","['keloid', 'non_keloid']"
keloid_binary,leave_accession_out_GSE188952,profibrotic_module_only,stratified_random,373,12,"{'non_keloid': 203, 'keloid': 170}","{'non_keloid': 8, 'keloid': 4}",0.5,0.5,0.5625,0.5,0.5625,"[[3, 1], [5, 3]]","['keloid', 'non_keloid']"
keloid_binary,leave_accession_out_GSE188952,profibrotic_module_only,elastic_net_logreg,373,12,"{'non_keloid': 203, 'keloid': 170}","{'non_keloid': 8, 'keloid': 4}",0.4166666666666667,0.42890442890442887,0.4375,0.4125874125874126,0.28125,"[[2, 2], [5, 3]]","['keloid', 'non_keloid']"
keloid_binary,leave_accession_out_GSE188952,profibrotic_module_only,linear_svm,373,12,"{'non_keloid': 203, 'keloid': 170}","{'non_keloid': 8, 'keloid': 4}",0.4166666666666667,0.42890442890442887,0.4375,0.4125874125874126,0.28125,"[[2, 2], [5, 3]]","['keloid', 'non_keloid']"
keloid_binary,leave_accession_out_GSE188952,profibrotic_module_only,random_forest,373,12,"{'non_keloid': 203, 'keloid': 170}","{'non_keloid': 8, 'keloid': 4}",0.25,0.2657342657342658,0.25,0.24475524475524477,0.125,"[[1, 3], [6, 2]]","['keloid', 'non_keloid']"
keloid_binary,leave_accession_out_GSE188952,profibrotic_module_only,hist_gradient_boosting,373,12,"{'non_keloid': 203, 'keloid': 170}","{'non_keloid': 8, 'keloid': 4}",0.25,0.2657342657342658,0.25,0.24475524475524477,0.1875,"[[1, 3], [6, 2]]","['keloid', 'non_keloid']"
keloid_binary,leave_accession_out_GSE188952,profibrotic_module_only,knn,373,12,"{'non_keloid': 203, 'keloid': 170}","{'non_keloid': 8, 'keloid': 4}",0.25,0.2657342657342658,0.25,0.24475524475524477,0.234375,"[[1, 3], [6, 2]]","['keloid', 'non_keloid']"
keloid_binary,leave_accession_out_GSE188952,profibrotic_module_only,small_mlp,373,12,"{'non_keloid': 203, 'keloid': 170}","{'non_keloid': 8, 'keloid': 4}",0.3333333333333333,0.3333333333333333,0.375,0.3333333333333333,0.28125,"[[2, 2], [6, 2]]","['keloid', 'non_keloid']"
keloid_binary,leave_accession_out_GSE188952,shared_genes_plus_modules,majority,373,12,"{'non_keloid': 203, 'keloid': 170}","{'non_keloid': 8, 'keloid': 4}",0.6666666666666666,0.5333333333333333,0.5,0.4,0.5,"[[0, 4], [0, 8]]","['keloid', 'non_keloid']"
keloid_binary,leave_accession_out_GSE188952,shared_genes_plus_modules,stratified_random,373,12,"{'non_keloid': 203, 'keloid': 170}","{'non_keloid': 8, 'keloid': 4}",0.5,0.5,0.5625,0.5,0.5625,"[[3, 1], [5, 3]]","['keloid', 'non_keloid']"
keloid_binary,leave_accession_out_GSE188952,shared_genes_plus_modules,elastic_net_logreg,373,12,"{'non_keloid': 203, 'keloid': 170}","{'non_keloid': 8, 'keloid': 4}",0.4166666666666667,0.39627039627039623,0.5,0.4125874125874126,0.4375,"[[3, 1], [6, 2]]","['keloid', 'non_keloid']"
keloid_binary,leave_accession_out_GSE188952,shared_genes_plus_modules,linear_svm,373,12,"{'non_keloid': 203, 'keloid': 170}","{'non_keloid': 8, 'keloid': 4}",0.5833333333333334,0.5920745920745921,0.625,0.5804195804195804,0.59375,"[[3, 1], [4, 4]]","['keloid', 'non_keloid']"
keloid_binary,leave_accession_out_GSE188952,shared_genes_plus_modules,random_forest,373,12,"{'non_keloid': 203, 'keloid': 170}","{'non_keloid': 8, 'keloid': 4}",0.3333333333333333,0.16666666666666666,0.5,0.25,0.34375,"[[4, 0], [8, 0]]","['keloid', 'non_keloid']"
keloid_binary,leave_accession_out_GSE188952,shared_genes_plus_modules,hist_gradient_boosting,373,12,"{'non_keloid': 203, 'keloid': 170}","{'non_keloid': 8, 'keloid': 4}",0.5,0.5,0.5625,0.5,0.46875,"[[3, 1], [5, 3]]","['keloid', 'non_keloid']"
keloid_binary,leave_accession_out_GSE188952,shared_genes_plus_modules,knn,373,12,"{'non_keloid': 203, 'keloid': 170}","{'non_keloid': 8, 'keloid': 4}",0.3333333333333333,0.27619047619047615,0.4375,0.3142857142857143,0.4375,"[[3, 1], [7, 1]]","['keloid', 'non_keloid']"
keloid_binary,leave_accession_out_GSE188952,shared_genes_plus_modules,small_mlp,373,12,"{'non_keloid': 203, 'keloid': 170}","{'non_keloid': 8, 'keloid': 4}",0.3333333333333333,0.16666666666666666,0.5,0.25,0.21875,"[[4, 0], [8, 0]]","['keloid', 'non_keloid']"
keloid_binary,leave_accession_out_GSE188952,published_markers_only,majority,373,12,"{'non_keloid': 203, 'keloid': 170}","{'non_keloid': 8, 'keloid': 4}",0.6666666666666666,0.5333333333333333,0.5,0.4,0.5,"[[0, 4], [0, 8]]","['keloid', 'non_keloid']"
keloid_binary,leave_accession_out_GSE188952,published_markers_only,stratified_random,373,12,"{'non_keloid': 203, 'keloid': 170}","{'non_keloid': 8, 'keloid': 4}",0.5,0.5,0.5625,0.5,0.5625,"[[3, 1], [5, 3]]","['keloid', 'non_keloid']"
keloid_binary,leave_accession_out_GSE188952,published_markers_only,elastic_net_logreg,373,12,"{'non_keloid': 203, 'keloid': 170}","{'non_keloid': 8, 'keloid': 4}",0.5833333333333334,0.5920745920745921,0.625,0.5804195804195804,0.71875,"[[3, 1], [4, 4]]","['keloid', 'non_keloid']"
keloid_binary,leave_accession_out_GSE188952,published_markers_only,linear_svm,373,12,"{'non_keloid': 203, 'keloid': 170}","{'non_keloid': 8, 'keloid': 4}",0.6666666666666666,0.6761904761904761,0.6875,0.6571428571428571,0.71875,"[[3, 1], [3, 5]]","['keloid', 'non_keloid']"
keloid_binary,leave_accession_out_GSE188952,published_markers_only,random_forest,373,12,"{'non_keloid': 203, 'keloid': 170}","{'non_keloid': 8, 'keloid': 4}",0.3333333333333333,0.3333333333333333,0.25,0.25,0.4375,"[[0, 4], [4, 4]]","['keloid', 'non_keloid']"
keloid_binary,leave_accession_out_GSE188952,published_markers_only,hist_gradient_boosting,373,12,"{'non_keloid': 203, 'keloid': 170}","{'non_keloid': 8, 'keloid': 4}",0.5833333333333334,0.5925925925925926,0.5625,0.5555555555555556,0.53125,"[[2, 2], [3, 5]]","['keloid', 'non_keloid']"
keloid_binary,leave_accession_out_GSE188952,published_markers_only,knn,373,12,"{'non_keloid': 203, 'keloid': 170}","{'non_keloid': 8, 'keloid': 4}",0.3333333333333333,0.16666666666666666,0.5,0.25,0.625,"[[4, 0], [8, 0]]","['keloid', 'non_keloid']"
keloid_binary,leave_accession_out_GSE188952,published_markers_only,small_mlp,373,12,"{'non_keloid': 203, 'keloid': 170}","{'non_keloid': 8, 'keloid': 4}",0.25,0.22377622377622378,0.3125,0.24475524475524477,0.3125,"[[2, 2], [7, 1]]","['keloid', 'non_keloid']"
keloid_binary,leave_accession_out_GSE188952,shared_genes,majority,373,12,"{'non_keloid': 203, 'keloid': 170}","{'non_keloid': 8, 'keloid': 4}",0.6666666666666666,0.5333333333333333,0.5,0.4,0.5,"[[0, 4], [0, 8]]","['keloid', 'non_keloid']"
keloid_binary,leave_accession_out_GSE188952,shared_genes,stratified_random,373,12,"{'non_keloid': 203, 'keloid': 170}","{'non_keloid': 8, 'keloid': 4}",0.5,0.5,0.5625,0.5,0.5625,"[[3, 1], [5, 3]]","['keloid', 'non_keloid']"
keloid_binary,leave_accession_out_GSE188952,shared_genes,elastic_net_logreg,373,12,"{'non_keloid': 203, 'keloid': 170}","{'non_keloid': 8, 'keloid': 4}",0.5,0.5,0.5625,0.5,0.46875,"[[3, 1], [5, 3]]","['keloid', 'non_keloid']"
keloid_binary,leave_accession_out_GSE188952,shared_genes,linear_svm,373,12,"{'non_keloid': 203, 'keloid': 170}","{'non_keloid': 8, 'keloid': 4}",0.5833333333333334,0.5920745920745921,0.625,0.5804195804195804,0.59375,"[[3, 1], [4, 4]]","['keloid', 'non_keloid']"
keloid_binary,leave_accession_out_GSE188952,shared_genes,random_forest,373,12,"{'non_keloid': 203, 'keloid': 170}","{'non_keloid': 8, 'keloid': 4}",0.3333333333333333,0.16666666666666666,0.5,0.25,0.53125,"[[4, 0], [8, 0]]","['keloid', 'non_keloid']"
keloid_binary,leave_accession_out_GSE188952,shared_genes,hist_gradient_boosting,373,12,"{'non_keloid': 203, 'keloid': 170}","{'non_keloid': 8, 'keloid': 4}",0.6666666666666666,0.6666666666666666,0.75,0.6666666666666666,0.6875,"[[4, 0], [4, 4]]","['keloid', 'non_keloid']"
keloid_binary,leave_accession_out_GSE188952,shared_genes,knn,373,12,"{'non_keloid': 203, 'keloid': 170}","{'non_keloid': 8, 'keloid': 4}",0.3333333333333333,0.27619047619047615,0.4375,0.3142857142857143,0.4375,"[[3, 1], [7, 1]]","['keloid', 'non_keloid']"
keloid_binary,leave_accession_out_GSE188952,modules_only,majority,373,12,"{'non_keloid': 203, 'keloid': 170}","{'non_keloid': 8, 'keloid': 4}",0.6666666666666666,0.5333333333333333,0.5,0.4,0.5,"[[0, 4], [0, 8]]","['keloid', 'non_keloid']"
keloid_binary,leave_accession_out_GSE188952,modules_only,stratified_random,373,12,"{'non_keloid': 203, 'keloid': 170}","{'non_keloid': 8, 'keloid': 4}",0.5,0.5,0.5625,0.5,0.5625,"[[3, 1], [5, 3]]","['keloid', 'non_keloid']"
keloid_binary,leave_accession_out_GSE188952,modules_only,elastic_net_logreg,373,12,"{'non_keloid': 203, 'keloid': 170}","{'non_keloid': 8, 'keloid': 4}",0.5,0.5142857142857142,0.5,0.4857142857142857,0.34375,"[[2, 2], [4, 4]]","['keloid', 'non_keloid']"
keloid_binary,leave_accession_out_GSE188952,modules_only,linear_svm,373,12,"{'non_keloid': 203, 'keloid': 170}","{'non_keloid': 8, 'keloid': 4}",0.5,0.5142857142857142,0.5,0.4857142857142857,0.34375,"[[2, 2], [4, 4]]","['keloid', 'non_keloid']"
keloid_binary,leave_accession_out_GSE188952,modules_only,random_forest,373,12,"{'non_keloid': 203, 'keloid': 170}","{'non_keloid': 8, 'keloid': 4}",0.3333333333333333,0.3333333333333333,0.25,0.25,0.125,"[[0, 4], [4, 4]]","['keloid', 'non_keloid']"
keloid_binary,leave_accession_out_GSE188952,modules_only,hist_gradient_boosting,373,12,"{'non_keloid': 203, 'keloid': 170}","{'non_keloid': 8, 'keloid': 4}",0.5,0.5,0.4375,0.4375,0.3125,"[[1, 3], [3, 5]]","['keloid', 'non_keloid']"
keloid_binary,leave_accession_out_GSE188952,modules_only,knn,373,12,"{'non_keloid': 203, 'keloid': 170}","{'non_keloid': 8, 'keloid': 4}",0.16666666666666666,0.19047619047619047,0.125,0.14285714285714285,0.0625,"[[0, 4], [6, 2]]","['keloid', 'non_keloid']"
keloid_binary,leave_accession_out_GSE188952,modules_only,small_mlp,373,12,"{'non_keloid': 203, 'keloid': 170}","{'non_keloid': 8, 'keloid': 4}",0.4166666666666667,0.4296296296296296,0.375,0.37777777777777777,0.1875,"[[1, 3], [4, 4]]","['keloid', 'non_keloid']"
keloid_binary,leave_accession_out_GSE188952,low_i2_core_only,majority,373,12,"{'non_keloid': 203, 'keloid': 170}","{'non_keloid': 8, 'keloid': 4}",0.6666666666666666,0.5333333333333333,0.5,0.4,0.5,"[[0, 4], [0, 8]]","['keloid', 'non_keloid']"
keloid_binary,leave_accession_out_GSE188952,low_i2_core_only,stratified_random,373,12,"{'non_keloid': 203, 'keloid': 170}","{'non_keloid': 8, 'keloid': 4}",0.5,0.5,0.5625,0.5,0.5625,"[[3, 1], [5, 3]]","['keloid', 'non_keloid']"
keloid_binary,leave_accession_out_GSE188952,low_i2_core_only,elastic_net_logreg,373,12,"{'non_keloid': 203, 'keloid': 170}","{'non_keloid': 8, 'keloid': 4}",0.3333333333333333,0.16666666666666666,0.5,0.25,0.5,"[[4, 0], [8, 0]]","['keloid', 'non_keloid']"
keloid_binary,leave_accession_out_GSE188952,low_i2_core_only,linear_svm,373,12,"{'non_keloid': 203, 'keloid': 170}","{'non_keloid': 8, 'keloid': 4}",0.3333333333333333,0.16666666666666666,0.5,0.25,0.5,"[[4, 0], [8, 0]]","['keloid', 'non_keloid']"
keloid_binary,leave_accession_out_GSE188952,low_i2_core_only,random_forest,373,12,"{'non_keloid': 203, 'keloid': 170}","{'non_keloid': 8, 'keloid': 4}",0.3333333333333333,0.16666666666666666,0.5,0.25,0.5,"[[4, 0], [8, 0]]","['keloid', 'non_keloid']"
keloid_binary,leave_accession_out_GSE188952,low_i2_core_only,hist_gradient_boosting,373,12,"{'non_keloid': 203, 'keloid': 170}","{'non_keloid': 8, 'keloid': 4}",0.3333333333333333,0.16666666666666666,0.5,0.25,0.5,"[[4, 0], [8, 0]]","['keloid', 'non_keloid']"
keloid_binary,leave_accession_out_GSE188952,low_i2_core_only,knn,373,12,"{'non_keloid': 203, 'keloid': 170}","{'non_keloid': 8, 'keloid': 4}",0.3333333333333333,0.16666666666666666,0.5,0.25,0.5,"[[4, 0], [8, 0]]","['keloid', 'non_keloid']"
keloid_binary,leave_accession_out_GSE188952,low_i2_core_only,small_mlp,373,12,"{'non_keloid': 203, 'keloid': 170}","{'non_keloid': 8, 'keloid': 4}",0.3333333333333333,0.16666666666666666,0.5,0.25,0.5,"[[4, 0], [8, 0]]","['keloid', 'non_keloid']"
keloid_binary,leave_accession_out_GSE44270,profibrotic_module_only,majority,323,32,"{'non_keloid': 174, 'keloid': 149}","{'keloid': 18, 'non_keloid': 14}",0.4375,0.266304347826087,0.5,0.30434782608695654,0.5,"[[0, 18], [0, 14]]","['keloid', 'non_keloid']"
keloid_binary,leave_accession_out_GSE44270,profibrotic_module_only,stratified_random,323,32,"{'non_keloid': 174, 'keloid': 149}","{'keloid': 18, 'non_keloid': 14}",0.5625,0.5642156862745098,0.5634920634920635,0.5607843137254902,0.5634920634920635,"[[10, 8], [6, 8]]","['keloid', 'non_keloid']"
keloid_binary,leave_accession_out_GSE44270,profibrotic_module_only,elastic_net_logreg,323,32,"{'non_keloid': 174, 'keloid': 149}","{'keloid': 18, 'non_keloid': 14}",0.5625,0.40499999999999997,0.5,0.36,0.5,"[[18, 0], [14, 0]]","['keloid', 'non_keloid']"
keloid_binary,leave_accession_out_GSE44270,profibrotic_module_only,linear_svm,323,32,"{'non_keloid': 174, 'keloid': 149}","{'keloid': 18, 'non_keloid': 14}",0.5625,0.40499999999999997,0.5,0.36,0.5,"[[18, 0], [14, 0]]","['keloid', 'non_keloid']"
keloid_binary,leave_accession_out_GSE44270,profibrotic_module_only,random_forest,323,32,"{'non_keloid': 174, 'keloid': 149}","{'keloid': 18, 'non_keloid': 14}",0.5625,0.40499999999999997,0.5,0.36,0.5,"[[18, 0], [14, 0]]","['keloid', 'non_keloid']"
keloid_binary,leave_accession_out_GSE44270,profibrotic_module_only,hist_gradient_boosting,323,32,"{'non_keloid': 174, 'keloid': 149}","{'keloid': 18, 'non_keloid': 14}",0.5625,0.40499999999999997,0.5,0.36,0.5,"[[18, 0], [14, 0]]","['keloid', 'non_keloid']"
keloid_binary,leave_accession_out_GSE44270,profibrotic_module_only,knn,323,32,"{'non_keloid': 174, 'keloid': 149}","{'keloid': 18, 'non_keloid': 14}",0.5625,0.40499999999999997,0.5,0.36,0.5,"[[18, 0], [14, 0]]","['keloid', 'non_keloid']"
keloid_binary,leave_accession_out_GSE44270,profibrotic_module_only,small_mlp,323,32,"{'non_keloid': 174, 'keloid': 149}","{'keloid': 18, 'non_keloid': 14}",0.5625,0.40499999999999997,0.5,0.36,0.5,"[[18, 0], [14, 0]]","['keloid', 'non_keloid']"
keloid_binary,leave_accession_out_GSE44270,shared_genes_plus_modules,majority,323,32,"{'non_keloid': 174, 'keloid': 149}","{'keloid': 18, 'non_keloid': 14}",0.4375,0.266304347826087,0.5,0.30434782608695654,0.5,"[[0, 18], [0, 14]]","['keloid', 'non_keloid']"
keloid_binary,leave_accession_out_GSE44270,shared_genes_plus_modules,stratified_random,323,32,"{'non_keloid': 174, 'keloid': 149}","{'keloid': 18, 'non_keloid': 14}",0.5625,0.5642156862745098,0.5634920634920635,0.5607843137254902,0.5634920634920635,"[[10, 8], [6, 8]]","['keloid', 'non_keloid']"
keloid_binary,leave_accession_out_GSE44270,shared_genes_plus_modules,elastic_net_logreg,323,32,"{'non_keloid': 174, 'keloid': 149}","{'keloid': 18, 'non_keloid': 14}",0.5625,0.40499999999999997,0.5,0.36,0.5,"[[18, 0], [14, 0]]","['keloid', 'non_keloid']"
keloid_binary,leave_accession_out_GSE44270,shared_genes_plus_modules,linear_svm,323,32,"{'non_keloid': 174, 'keloid': 149}","{'keloid': 18, 'non_keloid': 14}",0.5625,0.40499999999999997,0.5,0.36,0.5,"[[18, 0], [14, 0]]","['keloid', 'non_keloid']"
keloid_binary,leave_accession_out_GSE44270,shared_genes_plus_modules,random_forest,323,32,"{'non_keloid': 174, 'keloid': 149}","{'keloid': 18, 'non_keloid': 14}",0.4375,0.266304347826087,0.5,0.30434782608695654,0.5,"[[0, 18], [0, 14]]","['keloid', 'non_keloid']"
keloid_binary,leave_accession_out_GSE44270,shared_genes_plus_modules,hist_gradient_boosting,323,32,"{'non_keloid': 174, 'keloid': 149}","{'keloid': 18, 'non_keloid': 14}",0.4375,0.266304347826087,0.5,0.30434782608695654,0.5,"[[0, 18], [0, 14]]","['keloid', 'non_keloid']"
keloid_binary,leave_accession_out_GSE44270,shared_genes_plus_modules,knn,323,32,"{'non_keloid': 174, 'keloid': 149}","{'keloid': 18, 'non_keloid': 14}",0.4375,0.266304347826087,0.5,0.30434782608695654,0.5,"[[0, 18], [0, 14]]","['keloid', 'non_keloid']"
keloid_binary,leave_accession_out_GSE44270,shared_genes_plus_modules,small_mlp,323,32,"{'non_keloid': 174, 'keloid': 149}","{'keloid': 18, 'non_keloid': 14}",0.5625,0.40499999999999997,0.5,0.36,0.5,"[[18, 0], [14, 0]]","['keloid', 'non_keloid']"
keloid_binary,leave_accession_out_GSE44270,published_markers_only,majority,323,32,"{'non_keloid': 174, 'keloid': 149}","{'keloid': 18, 'non_keloid': 14}",0.4375,0.266304347826087,0.5,0.30434782608695654,0.5,"[[0, 18], [0, 14]]","['keloid', 'non_keloid']"
keloid_binary,leave_accession_out_GSE44270,published_markers_only,stratified_random,323,32,"{'non_keloid': 174, 'keloid': 149}","{'keloid': 18, 'non_keloid': 14}",0.5625,0.5642156862745098,0.5634920634920635,0.5607843137254902,0.5634920634920635,"[[10, 8], [6, 8]]","['keloid', 'non_keloid']"
keloid_binary,leave_accession_out_GSE44270,published_markers_only,elastic_net_logreg,323,32,"{'non_keloid': 174, 'keloid': 149}","{'keloid': 18, 'non_keloid': 14}",0.5625,0.40499999999999997,0.5,0.36,0.5,"[[18, 0], [14, 0]]","['keloid', 'non_keloid']"
keloid_binary,leave_accession_out_GSE44270,published_markers_only,linear_svm,323,32,"{'non_keloid': 174, 'keloid': 149}","{'keloid': 18, 'non_keloid': 14}",0.5625,0.40499999999999997,0.5,0.36,0.5,"[[18, 0], [14, 0]]","['keloid', 'non_keloid']"
keloid_binary,leave_accession_out_GSE44270,published_markers_only,random_forest,323,32,"{'non_keloid': 174, 'keloid': 149}","{'keloid': 18, 'non_keloid': 14}",0.4375,0.266304347826087,0.5,0.30434782608695654,0.5,"[[0, 18], [0, 14]]","['keloid', 'non_keloid']"
keloid_binary,leave_accession_out_GSE44270,published_markers_only,hist_gradient_boosting,323,32,"{'non_keloid': 174, 'keloid': 149}","{'keloid': 18, 'non_keloid': 14}",0.4375,0.266304347826087,0.5,0.30434782608695654,0.5,"[[0, 18], [0, 14]]","['keloid', 'non_keloid']"
keloid_binary,leave_accession_out_GSE44270,published_markers_only,knn,323,32,"{'non_keloid': 174, 'keloid': 149}","{'keloid': 18, 'non_keloid': 14}",0.4375,0.266304347826087,0.5,0.30434782608695654,0.5,"[[0, 18], [0, 14]]","['keloid', 'non_keloid']"
keloid_binary,leave_accession_out_GSE44270,published_markers_only,small_mlp,323,32,"{'non_keloid': 174, 'keloid': 149}","{'keloid': 18, 'non_keloid': 14}",0.5625,0.40499999999999997,0.5,0.36,0.5,"[[18, 0], [14, 0]]","['keloid', 'non_keloid']"
keloid_binary,leave_accession_out_GSE44270,shared_genes,majority,323,32,"{'non_keloid': 174, 'keloid': 149}","{'keloid': 18, 'non_keloid': 14}",0.4375,0.266304347826087,0.5,0.30434782608695654,0.5,"[[0, 18], [0, 14]]","['keloid', 'non_keloid']"
keloid_binary,leave_accession_out_GSE44270,shared_genes,stratified_random,323,32,"{'non_keloid': 174, 'keloid': 149}","{'keloid': 18, 'non_keloid': 14}",0.5625,0.5642156862745098,0.5634920634920635,0.5607843137254902,0.5634920634920635,"[[10, 8], [6, 8]]","['keloid', 'non_keloid']"
keloid_binary,leave_accession_out_GSE44270,shared_genes,elastic_net_logreg,323,32,"{'non_keloid': 174, 'keloid': 149}","{'keloid': 18, 'non_keloid': 14}",0.5625,0.40499999999999997,0.5,0.36,0.5,"[[18, 0], [14, 0]]","['keloid', 'non_keloid']"
keloid_binary,leave_accession_out_GSE44270,shared_genes,linear_svm,323,32,"{'non_keloid': 174, 'keloid': 149}","{'keloid': 18, 'non_keloid': 14}",0.5625,0.40499999999999997,0.5,0.36,0.5,"[[18, 0], [14, 0]]","['keloid', 'non_keloid']"
keloid_binary,leave_accession_out_GSE44270,shared_genes,random_forest,323,32,"{'non_keloid': 174, 'keloid': 149}","{'keloid': 18, 'non_keloid': 14}",0.4375,0.266304347826087,0.5,0.30434782608695654,0.5,"[[0, 18], [0, 14]]","['keloid', 'non_keloid']"
keloid_binary,leave_accession_out_GSE44270,shared_genes,hist_gradient_boosting,323,32,"{'non_keloid': 174, 'keloid': 149}","{'keloid': 18, 'non_keloid': 14}",0.5625,0.40499999999999997,0.5,0.36,0.5,"[[18, 0], [14, 0]]","['keloid', 'non_keloid']"
keloid_binary,leave_accession_out_GSE44270,shared_genes,knn,323,32,"{'non_keloid': 174, 'keloid': 149}","{'keloid': 18, 'non_keloid': 14}",0.4375,0.266304347826087,0.5,0.30434782608695654,0.5,"[[0, 18], [0, 14]]","['keloid', 'non_keloid']"
keloid_binary,leave_accession_out_GSE44270,modules_only,majority,323,32,"{'non_keloid': 174, 'keloid': 149}","{'keloid': 18, 'non_keloid': 14}",0.4375,0.266304347826087,0.5,0.30434782608695654,0.5,"[[0, 18], [0, 14]]","['keloid', 'non_keloid']"
keloid_binary,leave_accession_out_GSE44270,modules_only,stratified_random,323,32,"{'non_keloid': 174, 'keloid': 149}","{'keloid': 18, 'non_keloid': 14}",0.5625,0.5642156862745098,0.5634920634920635,0.5607843137254902,0.5634920634920635,"[[10, 8], [6, 8]]","['keloid', 'non_keloid']"
keloid_binary,leave_accession_out_GSE44270,modules_only,elastic_net_logreg,323,32,"{'non_keloid': 174, 'keloid': 149}","{'keloid': 18, 'non_keloid': 14}",0.5625,0.40499999999999997,0.5,0.36,0.5,"[[18, 0], [14, 0]]","['keloid', 'non_keloid']"
keloid_binary,leave_accession_out_GSE44270,modules_only,linear_svm,323,32,"{'non_keloid': 174, 'keloid': 149}","{'keloid': 18, 'non_keloid': 14}",0.5625,0.40499999999999997,0.5,0.36,0.5,"[[18, 0], [14, 0]]","['keloid', 'non_keloid']"
keloid_binary,leave_accession_out_GSE44270,modules_only,random_forest,323,32,"{'non_keloid': 174, 'keloid': 149}","{'keloid': 18, 'non_keloid': 14}",0.4375,0.266304347826087,0.5,0.30434782608695654,0.5,"[[0, 18], [0, 14]]","['keloid', 'non_keloid']"
keloid_binary,leave_accession_out_GSE44270,modules_only,hist_gradient_boosting,323,32,"{'non_keloid': 174, 'keloid': 149}","{'keloid': 18, 'non_keloid': 14}",0.5625,0.40499999999999997,0.5,0.36,0.5,"[[18, 0], [14, 0]]","['keloid', 'non_keloid']"
keloid_binary,leave_accession_out_GSE44270,modules_only,knn,323,32,"{'non_keloid': 174, 'keloid': 149}","{'keloid': 18, 'non_keloid': 14}",0.4375,0.266304347826087,0.5,0.30434782608695654,0.5,"[[0, 18], [0, 14]]","['keloid', 'non_keloid']"
keloid_binary,leave_accession_out_GSE44270,modules_only,small_mlp,323,32,"{'non_keloid': 174, 'keloid': 149}","{'keloid': 18, 'non_keloid': 14}",0.5625,0.40499999999999997,0.5,0.36,0.5,"[[18, 0], [14, 0]]","['keloid', 'non_keloid']"
keloid_binary,leave_accession_out_GSE44270,low_i2_core_only,majority,323,32,"{'non_keloid': 174, 'keloid': 149}","{'keloid': 18, 'non_keloid': 14}",0.4375,0.266304347826087,0.5,0.30434782608695654,0.5,"[[0, 18], [0, 14]]","['keloid', 'non_keloid']"
keloid_binary,leave_accession_out_GSE44270,low_i2_core_only,stratified_random,323,32,"{'non_keloid': 174, 'keloid': 149}","{'keloid': 18, 'non_keloid': 14}",0.5625,0.5642156862745098,0.5634920634920635,0.5607843137254902,0.5634920634920635,"[[10, 8], [6, 8]]","['keloid', 'non_keloid']"
keloid_binary,leave_accession_out_GSE44270,low_i2_core_only,elastic_net_logreg,323,32,"{'non_keloid': 174, 'keloid': 149}","{'keloid': 18, 'non_keloid': 14}",0.5625,0.40499999999999997,0.5,0.36,0.5,"[[18, 0], [14, 0]]","['keloid', 'non_keloid']"
keloid_binary,leave_accession_out_GSE44270,low_i2_core_only,linear_svm,323,32,"{'non_keloid': 174, 'keloid': 149}","{'keloid': 18, 'non_keloid': 14}",0.5625,0.40499999999999997,0.5,0.36,0.5,"[[18, 0], [14, 0]]","['keloid', 'non_keloid']"
keloid_binary,leave_accession_out_GSE44270,low_i2_core_only,random_forest,323,32,"{'non_keloid': 174, 'keloid': 149}","{'keloid': 18, 'non_keloid': 14}",0.4375,0.266304347826087,0.5,0.30434782608695654,0.5,"[[0, 18], [0, 14]]","['keloid', 'non_keloid']"
keloid_binary,leave_accession_out_GSE44270,low_i2_core_only,hist_gradient_boosting,323,32,"{'non_keloid': 174, 'keloid': 149}","{'keloid': 18, 'non_keloid': 14}",0.4375,0.266304347826087,0.5,0.30434782608695654,0.5,"[[0, 18], [0, 14]]","['keloid', 'non_keloid']"
keloid_binary,leave_accession_out_GSE44270,low_i2_core_only,knn,323,32,"{'non_keloid': 174, 'keloid': 149}","{'keloid': 18, 'non_keloid': 14}",0.4375,0.266304347826087,0.5,0.30434782608695654,0.5,"[[0, 18], [0, 14]]","['keloid', 'non_keloid']"
keloid_binary,leave_accession_out_GSE44270,low_i2_core_only,small_mlp,323,32,"{'non_keloid': 174, 'keloid': 149}","{'keloid': 18, 'non_keloid': 14}",0.4375,0.266304347826087,0.5,0.30434782608695654,0.5,"[[0, 18], [0, 14]]","['keloid', 'non_keloid']"
keloid_binary,leave_accession_out_GSE7890,profibrotic_module_only,majority,365,19,"{'non_keloid': 212, 'keloid': 153}","{'keloid': 10, 'non_keloid': 9}",0.47368421052631576,0.3045112781954888,0.5,0.32142857142857145,0.5,"[[0, 10], [0, 9]]","['keloid', 'non_keloid']"
keloid_binary,leave_accession_out_GSE7890,profibrotic_module_only,stratified_random,365,19,"{'non_keloid': 212, 'keloid': 153}","{'keloid': 10, 'non_keloid': 9}",0.7894736842105263,0.7894736842105263,0.788888888888889,0.788888888888889,0.788888888888889,"[[8, 2], [2, 7]]","['keloid', 'non_keloid']"
keloid_binary,leave_accession_out_GSE7890,profibrotic_module_only,elastic_net_logreg,365,19,"{'non_keloid': 212, 'keloid': 153}","{'keloid': 10, 'non_keloid': 9}",0.8421052631578947,0.8421052631578947,0.8444444444444444,0.8421052631578947,0.7444444444444445,"[[8, 2], [1, 8]]","['keloid', 'non_keloid']"
keloid_binary,leave_accession_out_GSE7890,profibrotic_module_only,linear_svm,365,19,"{'non_keloid': 212, 'keloid': 153}","{'keloid': 10, 'non_keloid': 9}",0.8421052631578947,0.8421052631578947,0.8444444444444444,0.8421052631578947,0.7444444444444445,"[[8, 2], [1, 8]]","['keloid', 'non_keloid']"
keloid_binary,leave_accession_out_GSE7890,profibrotic_module_only,random_forest,365,19,"{'non_keloid': 212, 'keloid': 153}","{'keloid': 10, 'non_keloid': 9}",0.631578947368421,0.6253869969040248,0.6388888888888888,0.6274509803921569,0.7999999999999999,"[[5, 5], [2, 7]]","['keloid', 'non_keloid']"
keloid_binary,leave_accession_out_GSE7890,profibrotic_module_only,hist_gradient_boosting,365,19,"{'non_keloid': 212, 'keloid': 153}","{'keloid': 10, 'non_keloid': 9}",0.631578947368421,0.6253869969040248,0.6388888888888888,0.6274509803921569,0.7444444444444445,"[[5, 5], [2, 7]]","['keloid', 'non_keloid']"
keloid_binary,leave_accession_out_GSE7890,profibrotic_module_only,knn,365,19,"{'non_keloid': 212, 'keloid': 153}","{'keloid': 10, 'non_keloid': 9}",0.6842105263157895,0.6824561403508771,0.6888888888888889,0.6833333333333333,0.7777777777777778,"[[6, 4], [2, 7]]","['keloid', 'non_keloid']"
keloid_binary,leave_accession_out_GSE7890,profibrotic_module_only,small_mlp,365,19,"{'non_keloid': 212, 'keloid': 153}","{'keloid': 10, 'non_keloid': 9}",0.7894736842105263,0.7894736842105263,0.788888888888889,0.788888888888889,0.8111111111111111,"[[8, 2], [2, 7]]","['keloid', 'non_keloid']"
keloid_binary,leave_accession_out_GSE7890,shared_genes_plus_modules,majority,365,19,"{'non_keloid': 212, 'keloid': 153}","{'keloid': 10, 'non_keloid': 9}",0.47368421052631576,0.3045112781954888,0.5,0.32142857142857145,0.5,"[[0, 10], [0, 9]]","['keloid', 'non_keloid']"
keloid_binary,leave_accession_out_GSE7890,shared_genes_plus_modules,stratified_random,365,19,"{'non_keloid': 212, 'keloid': 153}","{'keloid': 10, 'non_keloid': 9}",0.7894736842105263,0.7894736842105263,0.788888888888889,0.788888888888889,0.788888888888889,"[[8, 2], [2, 7]]","['keloid', 'non_keloid']"
keloid_binary,leave_accession_out_GSE7890,shared_genes_plus_modules,elastic_net_logreg,365,19,"{'non_keloid': 212, 'keloid': 153}","{'keloid': 10, 'non_keloid': 9}",0.631578947368421,0.6295149638802889,0.6277777777777778,0.6274509803921569,0.7111111111111111,"[[7, 3], [4, 5]]","['keloid', 'non_keloid']"
keloid_binary,leave_accession_out_GSE7890,shared_genes_plus_modules,linear_svm,365,19,"{'non_keloid': 212, 'keloid': 153}","{'keloid': 10, 'non_keloid': 9}",0.5263157894736842,0.5236620964175144,0.5222222222222221,0.5210084033613445,0.5777777777777777,"[[6, 4], [5, 4]]","['keloid', 'non_keloid']"
keloid_binary,leave_accession_out_GSE7890,shared_genes_plus_modules,random_forest,365,19,"{'non_keloid': 212, 'keloid': 153}","{'keloid': 10, 'non_keloid': 9}",0.47368421052631576,0.3045112781954888,0.5,0.32142857142857145,0.5444444444444445,"[[0, 10], [0, 9]]","['keloid', 'non_keloid']"
keloid_binary,leave_accession_out_GSE7890,shared_genes_plus_modules,hist_gradient_boosting,365,19,"{'non_keloid': 212, 'keloid': 153}","{'keloid': 10, 'non_keloid': 9}",0.3684210526315789,0.31203007518796994,0.3833333333333333,0.3214285714285714,0.5,"[[1, 9], [3, 6]]","['keloid', 'non_keloid']"
keloid_binary,leave_accession_out_GSE7890,shared_genes_plus_modules,knn,365,19,"{'non_keloid': 212, 'keloid': 153}","{'keloid': 10, 'non_keloid': 9}",0.5263157894736842,0.3629764065335753,0.5,0.3448275862068966,0.5611111111111111,"[[10, 0], [9, 0]]","['keloid', 'non_keloid']"
keloid_binary,leave_accession_out_GSE7890,shared_genes_plus_modules,small_mlp,365,19,"{'non_keloid': 212, 'keloid': 153}","{'keloid': 10, 'non_keloid': 9}",0.5789473684210527,0.5717703349282296,0.5722222222222222,0.5681818181818181,0.5555555555555556,"[[7, 3], [5, 4]]","['keloid', 'non_keloid']"
keloid_binary,leave_accession_out_GSE7890,published_markers_only,majority,365,19,"{'non_keloid': 212, 'keloid': 153}","{'keloid': 10, 'non_keloid': 9}",0.47368421052631576,0.3045112781954888,0.5,0.32142857142857145,0.5,"[[0, 10], [0, 9]]","['keloid', 'non_keloid']"
keloid_binary,leave_accession_out_GSE7890,published_markers_only,stratified_random,365,19,"{'non_keloid': 212, 'keloid': 153}","{'keloid': 10, 'non_keloid': 9}",0.7894736842105263,0.7894736842105263,0.788888888888889,0.788888888888889,0.788888888888889,"[[8, 2], [2, 7]]","['keloid', 'non_keloid']"
keloid_binary,leave_accession_out_GSE7890,published_markers_only,elastic_net_logreg,365,19,"{'non_keloid': 212, 'keloid': 153}","{'keloid': 10, 'non_keloid': 9}",0.6842105263157895,0.6842105263157895,0.6833333333333333,0.6833333333333333,0.8111111111111111,"[[7, 3], [3, 6]]","['keloid', 'non_keloid']"
keloid_binary,leave_accession_out_GSE7890,published_markers_only,linear_svm,365,19,"{'non_keloid': 212, 'keloid': 153}","{'keloid': 10, 'non_keloid': 9}",0.7894736842105263,0.7894736842105263,0.788888888888889,0.788888888888889,0.8222222222222222,"[[8, 2], [2, 7]]","['keloid', 'non_keloid']"
keloid_binary,leave_accession_out_GSE7890,published_markers_only,random_forest,365,19,"{'non_keloid': 212, 'keloid': 153}","{'keloid': 10, 'non_keloid': 9}",0.5789473684210527,0.5413533834586466,0.5944444444444444,0.5476190476190476,0.7222222222222222,"[[3, 7], [1, 8]]","['keloid', 'non_keloid']"
keloid_binary,leave_accession_out_GSE7890,published_markers_only,hist_gradient_boosting,365,19,"{'non_keloid': 212, 'keloid': 153}","{'keloid': 10, 'non_keloid': 9}",0.7368421052631579,0.7324192835028749,0.7444444444444445,0.7338935574229692,0.8111111111111112,"[[6, 4], [1, 8]]","['keloid', 'non_keloid']"
keloid_binary,leave_accession_out_GSE7890,published_markers_only,knn,365,19,"{'non_keloid': 212, 'keloid': 153}","{'keloid': 10, 'non_keloid': 9}",0.3684210526315789,0.3684210526315789,0.3666666666666667,0.3666666666666667,0.4444444444444444,"[[4, 6], [6, 3]]","['keloid', 'non_keloid']"
keloid_binary,leave_accession_out_GSE7890,published_markers_only,small_mlp,365,19,"{'non_keloid': 212, 'keloid': 153}","{'keloid': 10, 'non_keloid': 9}",0.47368421052631576,0.45574162679425834,0.4833333333333333,0.4602272727272727,0.5,"[[3, 7], [3, 6]]","['keloid', 'non_keloid']"
keloid_binary,leave_accession_out_GSE7890,shared_genes,majority,365,19,"{'non_keloid': 212, 'keloid': 153}","{'keloid': 10, 'non_keloid': 9}",0.47368421052631576,0.3045112781954888,0.5,0.32142857142857145,0.5,"[[0, 10], [0, 9]]","['keloid', 'non_keloid']"
keloid_binary,leave_accession_out_GSE7890,shared_genes,stratified_random,365,19,"{'non_keloid': 212, 'keloid': 153}","{'keloid': 10, 'non_keloid': 9}",0.7894736842105263,0.7894736842105263,0.788888888888889,0.788888888888889,0.788888888888889,"[[8, 2], [2, 7]]","['keloid', 'non_keloid']"
keloid_binary,leave_accession_out_GSE7890,shared_genes,elastic_net_logreg,365,19,"{'non_keloid': 212, 'keloid': 153}","{'keloid': 10, 'non_keloid': 9}",0.5789473684210527,0.5717703349282296,0.5722222222222222,0.5681818181818181,0.6777777777777777,"[[7, 3], [5, 4]]","['keloid', 'non_keloid']"
keloid_binary,leave_accession_out_GSE7890,shared_genes,linear_svm,365,19,"{'non_keloid': 212, 'keloid': 153}","{'keloid': 10, 'non_keloid': 9}",0.5263157894736842,0.5236620964175144,0.5222222222222221,0.5210084033613445,0.5555555555555556,"[[6, 4], [5, 4]]","['keloid', 'non_keloid']"
keloid_binary,leave_accession_out_GSE7890,shared_genes,random_forest,365,19,"{'non_keloid': 212, 'keloid': 153}","{'keloid': 10, 'non_keloid': 9}",0.47368421052631576,0.3045112781954888,0.5,0.32142857142857145,0.5,"[[0, 10], [0, 9]]","['keloid', 'non_keloid']"
keloid_binary,leave_accession_out_GSE7890,shared_genes,hist_gradient_boosting,365,19,"{'non_keloid': 212, 'keloid': 153}","{'keloid': 10, 'non_keloid': 9}",0.3684210526315789,0.34688995215311,0.37777777777777777,0.3522727272727273,0.4777777777777777,"[[2, 8], [4, 5]]","['keloid', 'non_keloid']"
keloid_binary,leave_accession_out_GSE7890,shared_genes,knn,365,19,"{'non_keloid': 212, 'keloid': 153}","{'keloid': 10, 'non_keloid': 9}",0.5263157894736842,0.3629764065335753,0.5,0.3448275862068966,0.5611111111111111,"[[10, 0], [9, 0]]","['keloid', 'non_keloid']"
keloid_binary,leave_accession_out_GSE7890,modules_only,majority,365,19,"{'non_keloid': 212, 'keloid': 153}","{'keloid': 10, 'non_keloid': 9}",0.47368421052631576,0.3045112781954888,0.5,0.32142857142857145,0.5,"[[0, 10], [0, 9]]","['keloid', 'non_keloid']"
keloid_binary,leave_accession_out_GSE7890,modules_only,stratified_random,365,19,"{'non_keloid': 212, 'keloid': 153}","{'keloid': 10, 'non_keloid': 9}",0.7894736842105263,0.7894736842105263,0.788888888888889,0.788888888888889,0.788888888888889,"[[8, 2], [2, 7]]","['keloid', 'non_keloid']"
keloid_binary,leave_accession_out_GSE7890,modules_only,elastic_net_logreg,365,19,"{'non_keloid': 212, 'keloid': 153}","{'keloid': 10, 'non_keloid': 9}",0.7368421052631579,0.7353678313430635,0.7333333333333334,0.7338935574229692,0.7222222222222222,"[[8, 2], [3, 6]]","['keloid', 'non_keloid']"
keloid_binary,leave_accession_out_GSE7890,modules_only,linear_svm,365,19,"{'non_keloid': 212, 'keloid': 153}","{'keloid': 10, 'non_keloid': 9}",0.7368421052631579,0.7353678313430635,0.7333333333333334,0.7338935574229692,0.7777777777777778,"[[8, 2], [3, 6]]","['keloid', 'non_keloid']"
keloid_binary,leave_accession_out_GSE7890,modules_only,random_forest,365,19,"{'non_keloid': 212, 'keloid': 153}","{'keloid': 10, 'non_keloid': 9}",0.5789473684210527,0.5645933014354066,0.5888888888888889,0.5681818181818181,0.6777777777777778,"[[4, 6], [2, 7]]","['keloid', 'non_keloid']"
keloid_binary,leave_accession_out_GSE7890,modules_only,hist_gradient_boosting,365,19,"{'non_keloid': 212, 'keloid': 153}","{'keloid': 10, 'non_keloid': 9}",0.5789473684210527,0.5766081871345029,0.5833333333333333,0.5777777777777777,0.6666666666666667,"[[5, 5], [3, 6]]","['keloid', 'non_keloid']"
keloid_binary,leave_accession_out_GSE7890,modules_only,knn,365,19,"{'non_keloid': 212, 'keloid': 153}","{'keloid': 10, 'non_keloid': 9}",0.5789473684210527,0.5645933014354066,0.5888888888888889,0.5681818181818181,0.5777777777777777,"[[4, 6], [2, 7]]","['keloid', 'non_keloid']"
keloid_binary,leave_accession_out_GSE7890,modules_only,small_mlp,365,19,"{'non_keloid': 212, 'keloid': 153}","{'keloid': 10, 'non_keloid': 9}",0.5789473684210527,0.5766081871345029,0.5833333333333333,0.5777777777777777,0.6777777777777777,"[[5, 5], [3, 6]]","['keloid', 'non_keloid']"
keloid_binary,leave_accession_out_GSE7890,low_i2_core_only,majority,365,19,"{'non_keloid': 212, 'keloid': 153}","{'keloid': 10, 'non_keloid': 9}",0.47368421052631576,0.3045112781954888,0.5,0.32142857142857145,0.5,"[[0, 10], [0, 9]]","['keloid', 'non_keloid']"
keloid_binary,leave_accession_out_GSE7890,low_i2_core_only,stratified_random,365,19,"{'non_keloid': 212, 'keloid': 153}","{'keloid': 10, 'non_keloid': 9}",0.7894736842105263,0.7894736842105263,0.788888888888889,0.788888888888889,0.788888888888889,"[[8, 2], [2, 7]]","['keloid', 'non_keloid']"
keloid_binary,leave_accession_out_GSE7890,low_i2_core_only,elastic_net_logreg,365,19,"{'non_keloid': 212, 'keloid': 153}","{'keloid': 10, 'non_keloid': 9}",0.8947368421052632,0.8929425837320574,0.8888888888888888,0.8920454545454546,0.9111111111111111,"[[10, 0], [2, 7]]","['keloid', 'non_keloid']"
keloid_binary,leave_accession_out_GSE7890,low_i2_core_only,linear_svm,365,19,"{'non_keloid': 212, 'keloid': 153}","{'keloid': 10, 'non_keloid': 9}",0.8421052631578947,0.8412206988058382,0.8388888888888889,0.8403361344537814,0.8999999999999999,"[[9, 1], [2, 7]]","['keloid', 'non_keloid']"
keloid_binary,leave_accession_out_GSE7890,low_i2_core_only,random_forest,365,19,"{'non_keloid': 212, 'keloid': 153}","{'keloid': 10, 'non_keloid': 9}",0.7894736842105263,0.7822966507177034,0.8,0.7840909090909092,0.8999999999999999,"[[6, 4], [0, 9]]","['keloid', 'non_keloid']"
keloid_binary,leave_accession_out_GSE7890,low_i2_core_only,hist_gradient_boosting,365,19,"{'non_keloid': 212, 'keloid': 153}","{'keloid': 10, 'non_keloid': 9}",0.7894736842105263,0.7822966507177034,0.8,0.7840909090909092,0.9111111111111111,"[[6, 4], [0, 9]]","['keloid', 'non_keloid']"
keloid_binary,leave_accession_out_GSE7890,low_i2_core_only,knn,365,19,"{'non_keloid': 212, 'keloid': 153}","{'keloid': 10, 'non_keloid': 9}",0.7368421052631579,0.7276887871853547,0.7277777777777779,0.7246376811594203,0.8333333333333334,"[[9, 1], [4, 5]]","['keloid', 'non_keloid']"
keloid_binary,leave_accession_out_GSE7890,low_i2_core_only,small_mlp,365,19,"{'non_keloid': 212, 'keloid': 153}","{'keloid': 10, 'non_keloid': 9}",0.7894736842105263,0.7822966507177034,0.8,0.7840909090909092,0.9111111111111111,"[[6, 4], [0, 9]]","['keloid', 'non_keloid']"
keloid_binary,leave_accession_out_Sun_Burns,profibrotic_module_only,majority,318,25,"{'non_keloid': 163, 'keloid': 155}","{'keloid': 17, 'non_keloid': 8}",0.32,0.15515151515151515,0.5,0.24242424242424243,0.5,"[[0, 17], [0, 8]]","['keloid', 'non_keloid']"
keloid_binary,leave_accession_out_Sun_Burns,profibrotic_module_only,stratified_random,318,25,"{'non_keloid': 163, 'keloid': 155}","{'keloid': 17, 'non_keloid': 8}",0.32,0.3423316912972085,0.30147058823529416,0.30213464696223313,0.3014705882352941,"[[6, 11], [6, 2]]","['keloid', 'non_keloid']"
keloid_binary,leave_accession_out_Sun_Burns,profibrotic_module_only,elastic_net_logreg,318,25,"{'non_keloid': 163, 'keloid': 155}","{'keloid': 17, 'non_keloid': 8}",0.32,0.15515151515151515,0.5,0.24242424242424243,0.5,"[[0, 17], [0, 8]]","['keloid', 'non_keloid']"
keloid_binary,leave_accession_out_Sun_Burns,profibrotic_module_only,linear_svm,318,25,"{'non_keloid': 163, 'keloid': 155}","{'keloid': 17, 'non_keloid': 8}",0.32,0.15515151515151515,0.5,0.24242424242424243,0.5,"[[0, 17], [0, 8]]","['keloid', 'non_keloid']"
keloid_binary,leave_accession_out_Sun_Burns,profibrotic_module_only,random_forest,318,25,"{'non_keloid': 163, 'keloid': 155}","{'keloid': 17, 'non_keloid': 8}",0.68,0.5504761904761906,0.5,0.40476190476190477,0.5,"[[17, 0], [8, 0]]","['keloid', 'non_keloid']"
keloid_binary,leave_accession_out_Sun_Burns,profibrotic_module_only,hist_gradient_boosting,318,25,"{'non_keloid': 163, 'keloid': 155}","{'keloid': 17, 'non_keloid': 8}",0.68,0.5504761904761906,0.5,0.40476190476190477,0.5,"[[17, 0], [8, 0]]","['keloid', 'non_keloid']"
keloid_binary,leave_accession_out_Sun_Burns,profibrotic_module_only,knn,318,25,"{'non_keloid': 163, 'keloid': 155}","{'keloid': 17, 'non_keloid': 8}",0.68,0.5504761904761906,0.5,0.40476190476190477,0.5,"[[17, 0], [8, 0]]","['keloid', 'non_keloid']"
keloid_binary,leave_accession_out_Sun_Burns,profibrotic_module_only,small_mlp,318,25,"{'non_keloid': 163, 'keloid': 155}","{'keloid': 17, 'non_keloid': 8}",0.68,0.5504761904761906,0.5,0.40476190476190477,0.5,"[[17, 0], [8, 0]]","['keloid', 'non_keloid']"
keloid_binary,leave_accession_out_Sun_Burns,shared_genes_plus_modules,majority,318,25,"{'non_keloid': 163, 'keloid': 155}","{'keloid': 17, 'non_keloid': 8}",0.32,0.15515151515151515,0.5,0.24242424242424243,0.5,"[[0, 17], [0, 8]]","['keloid', 'non_keloid']"
keloid_binary,leave_accession_out_Sun_Burns,shared_genes_plus_modules,stratified_random,318,25,"{'non_keloid': 163, 'keloid': 155}","{'keloid': 17, 'non_keloid': 8}",0.32,0.3423316912972085,0.30147058823529416,0.30213464696223313,0.3014705882352941,"[[6, 11], [6, 2]]","['keloid', 'non_keloid']"
keloid_binary,leave_accession_out_Sun_Burns,shared_genes_plus_modules,elastic_net_logreg,318,25,"{'non_keloid': 163, 'keloid': 155}","{'keloid': 17, 'non_keloid': 8}",0.68,0.5504761904761906,0.5,0.40476190476190477,0.5294117647058824,"[[17, 0], [8, 0]]","['keloid', 'non_keloid']"
keloid_binary,leave_accession_out_Sun_Burns,shared_genes_plus_modules,linear_svm,318,25,"{'non_keloid': 163, 'keloid': 155}","{'keloid': 17, 'non_keloid': 8}",0.32,0.15515151515151515,0.5,0.24242424242424243,0.47058823529411764,"[[0, 17], [0, 8]]","['keloid', 'non_keloid']"
keloid_binary,leave_accession_out_Sun_Burns,shared_genes_plus_modules,random_forest,318,25,"{'non_keloid': 163, 'keloid': 155}","{'keloid': 17, 'non_keloid': 8}",0.32,0.15515151515151515,0.5,0.24242424242424243,0.5,"[[0, 17], [0, 8]]","['keloid', 'non_keloid']"
keloid_binary,leave_accession_out_Sun_Burns,shared_genes_plus_modules,hist_gradient_boosting,318,25,"{'non_keloid': 163, 'keloid': 155}","{'keloid': 17, 'non_keloid': 8}",0.32,0.15515151515151515,0.5,0.24242424242424243,0.5,"[[0, 17], [0, 8]]","['keloid', 'non_keloid']"
keloid_binary,leave_accession_out_Sun_Burns,shared_genes_plus_modules,knn,318,25,"{'non_keloid': 163, 'keloid': 155}","{'keloid': 17, 'non_keloid': 8}",0.32,0.15515151515151515,0.5,0.24242424242424243,0.5,"[[0, 17], [0, 8]]","['keloid', 'non_keloid']"
keloid_binary,leave_accession_out_Sun_Burns,shared_genes_plus_modules,small_mlp,318,25,"{'non_keloid': 163, 'keloid': 155}","{'keloid': 17, 'non_keloid': 8}",0.68,0.5504761904761906,0.5,0.40476190476190477,0.5,"[[17, 0], [8, 0]]","['keloid', 'non_keloid']"
keloid_binary,leave_accession_out_Sun_Burns,published_markers_only,majority,318,25,"{'non_keloid': 163, 'keloid': 155}","{'keloid': 17, 'non_keloid': 8}",0.32,0.15515151515151515,0.5,0.24242424242424243,0.5,"[[0, 17], [0, 8]]","['keloid', 'non_keloid']"
keloid_binary,leave_accession_out_Sun_Burns,published_markers_only,stratified_random,318,25,"{'non_keloid': 163, 'keloid': 155}","{'keloid': 17, 'non_keloid': 8}",0.32,0.3423316912972085,0.30147058823529416,0.30213464696223313,0.3014705882352941,"[[6, 11], [6, 2]]","['keloid', 'non_keloid']"
keloid_binary,leave_accession_out_Sun_Burns,published_markers_only,elastic_net_logreg,318,25,"{'non_keloid': 163, 'keloid': 155}","{'keloid': 17, 'non_keloid': 8}",0.68,0.5504761904761906,0.5,0.40476190476190477,0.5,"[[17, 0], [8, 0]]","['keloid', 'non_keloid']"
keloid_binary,leave_accession_out_Sun_Burns,published_markers_only,linear_svm,318,25,"{'non_keloid': 163, 'keloid': 155}","{'keloid': 17, 'non_keloid': 8}",0.68,0.5504761904761906,0.5,0.40476190476190477,0.5294117647058824,"[[17, 0], [8, 0]]","['keloid', 'non_keloid']"
keloid_binary,leave_accession_out_Sun_Burns,published_markers_only,random_forest,318,25,"{'non_keloid': 163, 'keloid': 155}","{'keloid': 17, 'non_keloid': 8}",0.68,0.5504761904761906,0.5,0.40476190476190477,0.5,"[[17, 0], [8, 0]]","['keloid', 'non_keloid']"
keloid_binary,leave_accession_out_Sun_Burns,published_markers_only,hist_gradient_boosting,318,25,"{'non_keloid': 163, 'keloid': 155}","{'keloid': 17, 'non_keloid': 8}",0.68,0.5504761904761906,0.5,0.40476190476190477,0.5,"[[17, 0], [8, 0]]","['keloid', 'non_keloid']"
keloid_binary,leave_accession_out_Sun_Burns,published_markers_only,knn,318,25,"{'non_keloid': 163, 'keloid': 155}","{'keloid': 17, 'non_keloid': 8}",0.32,0.15515151515151515,0.5,0.24242424242424243,0.5,"[[0, 17], [0, 8]]","['keloid', 'non_keloid']"
keloid_binary,leave_accession_out_Sun_Burns,published_markers_only,small_mlp,318,25,"{'non_keloid': 163, 'keloid': 155}","{'keloid': 17, 'non_keloid': 8}",0.68,0.5504761904761906,0.5,0.40476190476190477,0.5,"[[17, 0], [8, 0]]","['keloid', 'non_keloid']"
keloid_binary,leave_accession_out_Sun_Burns,shared_genes,majority,318,25,"{'non_keloid': 163, 'keloid': 155}","{'keloid': 17, 'non_keloid': 8}",0.32,0.15515151515151515,0.5,0.24242424242424243,0.5,"[[0, 17], [0, 8]]","['keloid', 'non_keloid']"
keloid_binary,leave_accession_out_Sun_Burns,shared_genes,stratified_random,318,25,"{'non_keloid': 163, 'keloid': 155}","{'keloid': 17, 'non_keloid': 8}",0.32,0.3423316912972085,0.30147058823529416,0.30213464696223313,0.3014705882352941,"[[6, 11], [6, 2]]","['keloid', 'non_keloid']"
keloid_binary,leave_accession_out_Sun_Burns,shared_genes,elastic_net_logreg,318,25,"{'non_keloid': 163, 'keloid': 155}","{'keloid': 17, 'non_keloid': 8}",0.68,0.5504761904761906,0.5,0.40476190476190477,0.47058823529411764,"[[17, 0], [8, 0]]","['keloid', 'non_keloid']"
keloid_binary,leave_accession_out_Sun_Burns,shared_genes,linear_svm,318,25,"{'non_keloid': 163, 'keloid': 155}","{'keloid': 17, 'non_keloid': 8}",0.32,0.15515151515151515,0.5,0.24242424242424243,0.47058823529411764,"[[0, 17], [0, 8]]","['keloid', 'non_keloid']"
keloid_binary,leave_accession_out_Sun_Burns,shared_genes,random_forest,318,25,"{'non_keloid': 163, 'keloid': 155}","{'keloid': 17, 'non_keloid': 8}",0.32,0.15515151515151515,0.5,0.24242424242424243,0.5,"[[0, 17], [0, 8]]","['keloid', 'non_keloid']"
keloid_binary,leave_accession_out_Sun_Burns,shared_genes,hist_gradient_boosting,318,25,"{'non_keloid': 163, 'keloid': 155}","{'keloid': 17, 'non_keloid': 8}",0.68,0.5504761904761906,0.5,0.40476190476190477,0.5,"[[17, 0], [8, 0]]","['keloid', 'non_keloid']"
keloid_binary,leave_accession_out_Sun_Burns,shared_genes,knn,318,25,"{'non_keloid': 163, 'keloid': 155}","{'keloid': 17, 'non_keloid': 8}",0.32,0.15515151515151515,0.5,0.24242424242424243,0.5,"[[0, 17], [0, 8]]","['keloid', 'non_keloid']"
keloid_binary,leave_accession_out_Sun_Burns,modules_only,majority,318,25,"{'non_keloid': 163, 'keloid': 155}","{'keloid': 17, 'non_keloid': 8}",0.32,0.15515151515151515,0.5,0.24242424242424243,0.5,"[[0, 17], [0, 8]]","['keloid', 'non_keloid']"
keloid_binary,leave_accession_out_Sun_Burns,modules_only,stratified_random,318,25,"{'non_keloid': 163, 'keloid': 155}","{'keloid': 17, 'non_keloid': 8}",0.32,0.3423316912972085,0.30147058823529416,0.30213464696223313,0.3014705882352941,"[[6, 11], [6, 2]]","['keloid', 'non_keloid']"
keloid_binary,leave_accession_out_Sun_Burns,modules_only,elastic_net_logreg,318,25,"{'non_keloid': 163, 'keloid': 155}","{'keloid': 17, 'non_keloid': 8}",0.68,0.5504761904761906,0.5,0.40476190476190477,0.5,"[[17, 0], [8, 0]]","['keloid', 'non_keloid']"
keloid_binary,leave_accession_out_Sun_Burns,modules_only,linear_svm,318,25,"{'non_keloid': 163, 'keloid': 155}","{'keloid': 17, 'non_keloid': 8}",0.68,0.5504761904761906,0.5,0.40476190476190477,0.5,"[[17, 0], [8, 0]]","['keloid', 'non_keloid']"
keloid_binary,leave_accession_out_Sun_Burns,modules_only,random_forest,318,25,"{'non_keloid': 163, 'keloid': 155}","{'keloid': 17, 'non_keloid': 8}",0.32,0.15515151515151515,0.5,0.24242424242424243,0.5,"[[0, 17], [0, 8]]","['keloid', 'non_keloid']"
keloid_binary,leave_accession_out_Sun_Burns,modules_only,hist_gradient_boosting,318,25,"{'non_keloid': 163, 'keloid': 155}","{'keloid': 17, 'non_keloid': 8}",0.68,0.5504761904761906,0.5,0.40476190476190477,0.5,"[[17, 0], [8, 0]]","['keloid', 'non_keloid']"
keloid_binary,leave_accession_out_Sun_Burns,modules_only,knn,318,25,"{'non_keloid': 163, 'keloid': 155}","{'keloid': 17, 'non_keloid': 8}",0.32,0.15515151515151515,0.5,0.24242424242424243,0.5,"[[0, 17], [0, 8]]","['keloid', 'non_keloid']"
keloid_binary,leave_accession_out_Sun_Burns,modules_only,small_mlp,318,25,"{'non_keloid': 163, 'keloid': 155}","{'keloid': 17, 'non_keloid': 8}",0.32,0.15515151515151515,0.5,0.24242424242424243,0.5,"[[0, 17], [0, 8]]","['keloid', 'non_keloid']"
keloid_binary,leave_accession_out_Sun_Burns,low_i2_core_only,majority,318,25,"{'non_keloid': 163, 'keloid': 155}","{'keloid': 17, 'non_keloid': 8}",0.32,0.15515151515151515,0.5,0.24242424242424243,0.5,"[[0, 17], [0, 8]]","['keloid', 'non_keloid']"
keloid_binary,leave_accession_out_Sun_Burns,low_i2_core_only,stratified_random,318,25,"{'non_keloid': 163, 'keloid': 155}","{'keloid': 17, 'non_keloid': 8}",0.32,0.3423316912972085,0.30147058823529416,0.30213464696223313,0.3014705882352941,"[[6, 11], [6, 2]]","['keloid', 'non_keloid']"
keloid_binary,leave_accession_out_Sun_Burns,low_i2_core_only,elastic_net_logreg,318,25,"{'non_keloid': 163, 'keloid': 155}","{'keloid': 17, 'non_keloid': 8}",0.68,0.5504761904761906,0.5,0.40476190476190477,0.5,"[[17, 0], [8, 0]]","['keloid', 'non_keloid']"
keloid_binary,leave_accession_out_Sun_Burns,low_i2_core_only,linear_svm,318,25,"{'non_keloid': 163, 'keloid': 155}","{'keloid': 17, 'non_keloid': 8}",0.68,0.5504761904761906,0.5,0.40476190476190477,0.5,"[[17, 0], [8, 0]]","['keloid', 'non_keloid']"
keloid_binary,leave_accession_out_Sun_Burns,low_i2_core_only,random_forest,318,25,"{'non_keloid': 163, 'keloid': 155}","{'keloid': 17, 'non_keloid': 8}",0.32,0.15515151515151515,0.5,0.24242424242424243,0.5,"[[0, 17], [0, 8]]","['keloid', 'non_keloid']"
keloid_binary,leave_accession_out_Sun_Burns,low_i2_core_only,hist_gradient_boosting,318,25,"{'non_keloid': 163, 'keloid': 155}","{'keloid': 17, 'non_keloid': 8}",0.32,0.15515151515151515,0.5,0.24242424242424243,0.5,"[[0, 17], [0, 8]]","['keloid', 'non_keloid']"
keloid_binary,leave_accession_out_Sun_Burns,low_i2_core_only,knn,318,25,"{'non_keloid': 163, 'keloid': 155}","{'keloid': 17, 'non_keloid': 8}",0.32,0.15515151515151515,0.5,0.24242424242424243,0.5,"[[0, 17], [0, 8]]","['keloid', 'non_keloid']"
keloid_binary,leave_accession_out_Sun_Burns,low_i2_core_only,small_mlp,318,25,"{'non_keloid': 163, 'keloid': 155}","{'keloid': 17, 'non_keloid': 8}",0.32,0.15515151515151515,0.5,0.24242424242424243,0.5,"[[0, 17], [0, 8]]","['keloid', 'non_keloid']"
