sample_id,accession,patient_id,platform_id,modality,processed_modality,cell_type,specimen_compartment,disease_label,keloid_vs_normal,scar_type,lesional_status,treatment,encoder_task,encoder_response,contrast_type,eval_grain,cohort_role,lockbox,allow_accession_level_grouping,split_group,keloid_binary,keloid_binary_all_profiles,keloid_vs_normal_scar,keloid_vs_pathologic_scar,keloid_vs_unaffected_skin,clean_keloid_binary,fibroblast_keloid_binary,is_tissue_for_primary_skin
GSM194104,GSE7890,33,GPL570,microarray,microarray,fibroblast,primary_fibroblast,keloid,keloid,unknown,unknown,hydrocortisone,keloid_vs_normal,keloid,sample,profile,existing,False,False,microarray|GSE7890|33,keloid,keloid,exclude,exclude,exclude,exclude,exclude,False
GSM194105,GSE7890,50,GPL570,microarray,microarray,fibroblast,primary_fibroblast,keloid,keloid,unknown,unknown,hydrocortisone,keloid_vs_normal,keloid,sample,profile,existing,False,False,microarray|GSE7890|50,keloid,keloid,exclude,exclude,exclude,exclude,exclude,False
GSM194106,GSE7890,145,GPL570,microarray,microarray,fibroblast,primary_fibroblast,keloid,keloid,unknown,unknown,hydrocortisone,keloid_vs_normal,keloid,sample,profile,existing,False,False,microarray|GSE7890|145,keloid,keloid,exclude,exclude,exclude,exclude,exclude,False
GSM194107,GSE7890,261,GPL570,microarray,microarray,fibroblast,primary_fibroblast,keloid,keloid,unknown,unknown,hydrocortisone,keloid_vs_normal,keloid,sample,profile,existing,False,False,microarray|GSE7890|261,keloid,keloid,exclude,exclude,exclude,exclude,exclude,False
GSM194108,GSE7890,124,GPL570,microarray,microarray,fibroblast,primary_fibroblast,keloid,keloid,unknown,unknown,hydrocortisone,keloid_vs_normal,keloid,sample,profile,existing,False,False,microarray|GSE7890|124,keloid,keloid,exclude,exclude,exclude,exclude,exclude,False
GSM194109,GSE7890,145,GPL570,microarray,microarray,fibroblast,primary_fibroblast,keloid,keloid,unknown,unknown,no_hydrocortisone,keloid_vs_normal,keloid,sample,profile,existing,False,False,microarray|GSE7890|145,keloid,keloid,exclude,exclude,exclude,keloid,keloid,False
GSM194110,GSE7890,261,GPL570,microarray,microarray,fibroblast,primary_fibroblast,keloid,keloid,unknown,unknown,no_hydrocortisone,keloid_vs_normal,keloid,sample,profile,existing,False,False,microarray|GSE7890|261,keloid,keloid,exclude,exclude,exclude,keloid,keloid,False
GSM194111,GSE7890,124,GPL570,microarray,microarray,fibroblast,primary_fibroblast,keloid,keloid,unknown,unknown,no_hydrocortisone,keloid_vs_normal,keloid,sample,profile,existing,False,False,microarray|GSE7890|124,keloid,keloid,exclude,exclude,exclude,keloid,keloid,False
GSM194112,GSE7890,33,GPL570,microarray,microarray,fibroblast,primary_fibroblast,keloid,keloid,unknown,unknown,no_hydrocortisone,keloid_vs_normal,keloid,sample,profile,existing,False,False,microarray|GSE7890|33,keloid,keloid,exclude,exclude,exclude,keloid,keloid,False
GSM194113,GSE7890,50,GPL570,microarray,microarray,fibroblast,primary_fibroblast,keloid,keloid,unknown,unknown,no_hydrocortisone,keloid_vs_normal,keloid,sample,profile,existing,False,False,microarray|GSE7890|50,keloid,keloid,exclude,exclude,exclude,keloid,keloid,False
GSM194114,GSE7890,116,GPL570,microarray,microarray,fibroblast,primary_fibroblast,normal_scar,normal,normal_scar,unknown,hydrocortisone,keloid_vs_normal,normal,sample,profile,existing,False,False,microarray|GSE7890|116,non_keloid,non_keloid,exclude,exclude,exclude,exclude,exclude,False
GSM194115,GSE7890,131,GPL570,microarray,microarray,fibroblast,primary_fibroblast,normal_scar,normal,normal_scar,unknown,hydrocortisone,keloid_vs_normal,normal,sample,profile,existing,False,False,microarray|GSE7890|131,non_keloid,non_keloid,exclude,exclude,exclude,exclude,exclude,False
GSM194116,GSE7890,170,GPL570,microarray,microarray,fibroblast,primary_fibroblast,normal_scar,normal,normal_scar,unknown,hydrocortisone,keloid_vs_normal,normal,sample,profile,existing,False,False,microarray|GSE7890|170,non_keloid,non_keloid,exclude,exclude,exclude,exclude,exclude,False
GSM194117,GSE7890,21,GPL570,microarray,microarray,fibroblast,primary_fibroblast,normal_scar,normal,normal_scar,unknown,hydrocortisone,keloid_vs_normal,normal,sample,profile,existing,False,False,microarray|GSE7890|21,non_keloid,non_keloid,exclude,exclude,exclude,exclude,exclude,False
GSM194118,GSE7890,21,GPL570,microarray,microarray,fibroblast,primary_fibroblast,normal_scar,normal,normal_scar,unknown,no_hydrocortisone,keloid_vs_normal,normal,sample,profile,existing,False,False,microarray|GSE7890|21,non_keloid,non_keloid,non_keloid,exclude,exclude,non_keloid,non_keloid,False
GSM194119,GSE7890,170,GPL570,microarray,microarray,fibroblast,primary_fibroblast,normal_scar,normal,normal_scar,unknown,no_hydrocortisone,keloid_vs_normal,normal,sample,profile,existing,False,False,microarray|GSE7890|170,non_keloid,non_keloid,non_keloid,exclude,exclude,non_keloid,non_keloid,False
GSM194120,GSE7890,58,GPL570,microarray,microarray,fibroblast,primary_fibroblast,normal_scar,normal,normal_scar,unknown,no_hydrocortisone,keloid_vs_normal,normal,sample,profile,existing,False,False,microarray|GSE7890|58,non_keloid,non_keloid,non_keloid,exclude,exclude,non_keloid,non_keloid,False
GSM194121,GSE7890,116,GPL570,microarray,microarray,fibroblast,primary_fibroblast,normal_scar,normal,normal_scar,unknown,no_hydrocortisone,keloid_vs_normal,normal,sample,profile,existing,False,False,microarray|GSE7890|116,non_keloid,non_keloid,non_keloid,exclude,exclude,non_keloid,non_keloid,False
GSM194122,GSE7890,131,GPL570,microarray,microarray,fibroblast,primary_fibroblast,normal_scar,normal,normal_scar,unknown,no_hydrocortisone,keloid_vs_normal,normal,sample,profile,existing,False,False,microarray|GSE7890|131,non_keloid,non_keloid,non_keloid,exclude,exclude,non_keloid,non_keloid,False
GSM2432365,GSE92566,JKR 782-001,GPL570,microarray,microarray,bulk_skin,bulk_tissue,keloid,keloid,unknown,non_lesional,none,lesional_status,non_lesional,sample,profile,existing,False,False,microarray|GSE92566|JKR 782-001,keloid,keloid,exclude,exclude,non_keloid,exclude,exclude,True
GSM2432366,GSE92566,JKR 782-001,GPL570,microarray,microarray,bulk_skin,bulk_tissue,keloid,keloid,unknown,lesional,none,lesional_status,lesional,sample,profile,existing,False,False,microarray|GSE92566|JKR 782-001,keloid,keloid,exclude,exclude,keloid,exclude,exclude,True
GSM2432367,GSE92566,JKR 782-003,GPL570,microarray,microarray,bulk_skin,bulk_tissue,keloid,keloid,unknown,non_lesional,none,lesional_status,non_lesional,sample,profile,existing,False,False,microarray|GSE92566|JKR 782-003,keloid,keloid,exclude,exclude,non_keloid,exclude,exclude,True
GSM2432368,GSE92566,JKR 782-003,GPL570,microarray,microarray,bulk_skin,bulk_tissue,keloid,keloid,unknown,lesional,none,lesional_status,lesional,sample,profile,existing,False,False,microarray|GSE92566|JKR 782-003,keloid,keloid,exclude,exclude,keloid,exclude,exclude,True
GSM2432369,GSE92566,JKR 782-003,GPL570,microarray,microarray,bulk_skin,bulk_tissue,keloid,keloid,unknown,new_keloid_formation,none,lesional_status,new_keloid_formation,sample,profile,existing,False,False,microarray|GSE92566|JKR 782-003,keloid,keloid,exclude,exclude,keloid,keloid,exclude,True
GSM2432370,GSE92566,JKR 782-004,GPL570,microarray,microarray,bulk_skin,bulk_tissue,keloid,keloid,unknown,non_lesional,none,lesional_status,non_lesional,sample,profile,existing,False,False,microarray|GSE92566|JKR 782-004,keloid,keloid,exclude,exclude,non_keloid,exclude,exclude,True
GSM2432371,GSE92566,JKR 782-004,GPL570,microarray,microarray,bulk_skin,bulk_tissue,keloid,keloid,unknown,lesional,none,lesional_status,lesional,sample,profile,existing,False,False,microarray|GSE92566|JKR 782-004,keloid,keloid,exclude,exclude,keloid,exclude,exclude,True
GSM2396556,GSE90051,patient_1,GPL6480,microarray,microarray,bulk_skin,bulk_tissue,keloid_over_normal,contrast,unknown,lesional,none,keloid_normal_contrast,keloid_over_normal,paired_keloid_over_normal_log_ratio,profile,existing,False,False,microarray|GSE90051|patient_1,exclude,exclude,exclude,exclude,exclude,exclude,exclude,True
GSM2396557,GSE90051,patient_2,GPL6480,microarray,microarray,bulk_skin,bulk_tissue,keloid_over_normal,contrast,unknown,lesional,none,keloid_normal_contrast,keloid_over_normal,paired_keloid_over_normal_log_ratio,profile,existing,False,False,microarray|GSE90051|patient_2,exclude,exclude,exclude,exclude,exclude,exclude,exclude,True
GSM2396558,GSE90051,patient_3,GPL6480,microarray,microarray,bulk_skin,bulk_tissue,keloid_over_normal,contrast,unknown,lesional,none,keloid_normal_contrast,keloid_over_normal,paired_keloid_over_normal_log_ratio,profile,existing,False,False,microarray|GSE90051|patient_3,exclude,exclude,exclude,exclude,exclude,exclude,exclude,True
GSM2396559,GSE90051,patient_4,GPL6480,microarray,microarray,bulk_skin,bulk_tissue,keloid_over_normal,contrast,unknown,lesional,none,keloid_normal_contrast,keloid_over_normal,paired_keloid_over_normal_log_ratio,profile,existing,False,False,microarray|GSE90051|patient_4,exclude,exclude,exclude,exclude,exclude,exclude,exclude,True
GSM2396560,GSE90051,patient_5,GPL6480,microarray,microarray,bulk_skin,bulk_tissue,keloid_over_normal,contrast,unknown,lesional,none,keloid_normal_contrast,keloid_over_normal,paired_keloid_over_normal_log_ratio,profile,existing,False,False,microarray|GSE90051|patient_5,exclude,exclude,exclude,exclude,exclude,exclude,exclude,True
GSM2396561,GSE90051,patient_6,GPL6480,microarray,microarray,bulk_skin,bulk_tissue,keloid_over_normal,contrast,unknown,lesional,none,keloid_normal_contrast,keloid_over_normal,paired_keloid_over_normal_log_ratio,profile,existing,False,False,microarray|GSE90051|patient_6,exclude,exclude,exclude,exclude,exclude,exclude,exclude,True
GSM2396562,GSE90051,patient_7,GPL6480,microarray,microarray,bulk_skin,bulk_tissue,keloid_over_normal,contrast,unknown,lesional,none,keloid_normal_contrast,keloid_over_normal,paired_keloid_over_normal_log_ratio,profile,existing,False,False,microarray|GSE90051|patient_7,exclude,exclude,exclude,exclude,exclude,exclude,exclude,True
GSM1081582,GSE44270,unknown,GPL6244,microarray,microarray,fibroblast,primary_fibroblast,keloid,keloid,unknown,lesional,none,lesional_status,lesional,sample,profile,existing,False,True,microarray|GSE44270|accession,keloid,keloid,exclude,exclude,exclude,exclude,keloid,False
GSM1081583,GSE44270,unknown,GPL6244,microarray,microarray,fibroblast,primary_fibroblast,keloid,keloid,unknown,lesional,none,lesional_status,lesional,sample,profile,existing,False,True,microarray|GSE44270|accession,keloid,keloid,exclude,exclude,exclude,exclude,keloid,False
GSM1081584,GSE44270,unknown,GPL6244,microarray,microarray,fibroblast,primary_fibroblast,keloid,keloid,unknown,lesional,none,lesional_status,lesional,sample,profile,existing,False,True,microarray|GSE44270|accession,keloid,keloid,exclude,exclude,exclude,exclude,keloid,False
GSM1081585,GSE44270,unknown,GPL6244,microarray,microarray,fibroblast,primary_fibroblast,keloid,keloid,unknown,lesional,none,lesional_status,lesional,sample,profile,existing,False,True,microarray|GSE44270|accession,keloid,keloid,exclude,exclude,exclude,exclude,keloid,False
GSM1081586,GSE44270,unknown,GPL6244,microarray,microarray,fibroblast,primary_fibroblast,keloid,keloid,unknown,lesional,none,lesional_status,lesional,sample,profile,existing,False,True,microarray|GSE44270|accession,keloid,keloid,exclude,exclude,exclude,exclude,keloid,False
GSM1081587,GSE44270,unknown,GPL6244,microarray,microarray,fibroblast,primary_fibroblast,keloid,keloid,unknown,lesional,none,lesional_status,lesional,sample,profile,existing,False,True,microarray|GSE44270|accession,keloid,keloid,exclude,exclude,exclude,exclude,keloid,False
GSM1081588,GSE44270,unknown,GPL6244,microarray,microarray,fibroblast,primary_fibroblast,keloid,keloid,unknown,lesional,none,lesional_status,lesional,sample,profile,existing,False,True,microarray|GSE44270|accession,keloid,keloid,exclude,exclude,exclude,exclude,keloid,False
GSM1081589,GSE44270,unknown,GPL6244,microarray,microarray,fibroblast,primary_fibroblast,keloid,keloid,unknown,lesional,none,lesional_status,lesional,sample,profile,existing,False,True,microarray|GSE44270|accession,keloid,keloid,exclude,exclude,exclude,exclude,keloid,False
GSM1081590,GSE44270,unknown,GPL6244,microarray,microarray,fibroblast,primary_fibroblast,keloid,keloid,unknown,lesional,none,lesional_status,lesional,sample,profile,existing,False,True,microarray|GSE44270|accession,keloid,keloid,exclude,exclude,exclude,exclude,keloid,False
GSM1081591,GSE44270,unknown,GPL6244,microarray,microarray,keratinocyte,keratinocyte,keloid,keloid,unknown,lesional,none,lesional_status,lesional,sample,profile,existing,False,True,microarray|GSE44270|accession,keloid,keloid,exclude,exclude,exclude,exclude,exclude,False
GSM1081592,GSE44270,unknown,GPL6244,microarray,microarray,keratinocyte,keratinocyte,keloid,keloid,unknown,lesional,none,lesional_status,lesional,sample,profile,existing,False,True,microarray|GSE44270|accession,keloid,keloid,exclude,exclude,exclude,exclude,exclude,False
GSM1081593,GSE44270,unknown,GPL6244,microarray,microarray,keratinocyte,keratinocyte,keloid,keloid,unknown,lesional,none,lesional_status,lesional,sample,profile,existing,False,True,microarray|GSE44270|accession,keloid,keloid,exclude,exclude,exclude,exclude,exclude,False
GSM1081594,GSE44270,unknown,GPL6244,microarray,microarray,keratinocyte,keratinocyte,keloid,keloid,unknown,lesional,none,lesional_status,lesional,sample,profile,existing,False,True,microarray|GSE44270|accession,keloid,keloid,exclude,exclude,exclude,exclude,exclude,False
GSM1081595,GSE44270,unknown,GPL6244,microarray,microarray,keratinocyte,keratinocyte,keloid,keloid,unknown,lesional,none,lesional_status,lesional,sample,profile,existing,False,True,microarray|GSE44270|accession,keloid,keloid,exclude,exclude,exclude,exclude,exclude,False
GSM1081596,GSE44270,unknown,GPL6244,microarray,microarray,keratinocyte,keratinocyte,keloid,keloid,unknown,lesional,none,lesional_status,lesional,sample,profile,existing,False,True,microarray|GSE44270|accession,keloid,keloid,exclude,exclude,exclude,exclude,exclude,False
GSM1081597,GSE44270,unknown,GPL6244,microarray,microarray,keratinocyte,keratinocyte,keloid,keloid,unknown,lesional,none,lesional_status,lesional,sample,profile,existing,False,True,microarray|GSE44270|accession,keloid,keloid,exclude,exclude,exclude,exclude,exclude,False
GSM1081598,GSE44270,unknown,GPL6244,microarray,microarray,keratinocyte,keratinocyte,keloid,keloid,unknown,lesional,none,lesional_status,lesional,sample,profile,existing,False,True,microarray|GSE44270|accession,keloid,keloid,exclude,exclude,exclude,exclude,exclude,False
GSM1081599,GSE44270,unknown,GPL6244,microarray,microarray,keratinocyte,keratinocyte,keloid,keloid,unknown,lesional,none,lesional_status,lesional,sample,profile,existing,False,True,microarray|GSE44270|accession,keloid,keloid,exclude,exclude,exclude,exclude,exclude,False
GSM1081600,GSE44270,unknown,GPL6244,microarray,microarray,fibroblast,primary_fibroblast,non_lesional,normal,unknown,non_lesional,none,lesional_status,non_lesional,sample,profile,existing,False,True,microarray|GSE44270|accession,non_keloid,non_keloid,exclude,exclude,exclude,exclude,non_keloid,False
GSM1081601,GSE44270,unknown,GPL6244,microarray,microarray,fibroblast,primary_fibroblast,non_lesional,normal,unknown,non_lesional,none,lesional_status,non_lesional,sample,profile,existing,False,True,microarray|GSE44270|accession,non_keloid,non_keloid,exclude,exclude,exclude,exclude,non_keloid,False
GSM1081602,GSE44270,unknown,GPL6244,microarray,microarray,fibroblast,primary_fibroblast,non_lesional,normal,unknown,non_lesional,none,lesional_status,non_lesional,sample,profile,existing,False,True,microarray|GSE44270|accession,non_keloid,non_keloid,exclude,exclude,exclude,exclude,non_keloid,False
GSM1081603,GSE44270,unknown,GPL6244,microarray,microarray,fibroblast,primary_fibroblast,non_lesional,normal,unknown,non_lesional,none,lesional_status,non_lesional,sample,profile,existing,False,True,microarray|GSE44270|accession,non_keloid,non_keloid,exclude,exclude,exclude,exclude,non_keloid,False
GSM1081604,GSE44270,unknown,GPL6244,microarray,microarray,keratinocyte,keratinocyte,non_lesional,normal,unknown,non_lesional,none,lesional_status,non_lesional,sample,profile,existing,False,True,microarray|GSE44270|accession,non_keloid,non_keloid,exclude,exclude,exclude,exclude,exclude,False
GSM1081605,GSE44270,unknown,GPL6244,microarray,microarray,keratinocyte,keratinocyte,non_lesional,normal,unknown,non_lesional,none,lesional_status,non_lesional,sample,profile,existing,False,True,microarray|GSE44270|accession,non_keloid,non_keloid,exclude,exclude,exclude,exclude,exclude,False
GSM1081606,GSE44270,unknown,GPL6244,microarray,microarray,keratinocyte,keratinocyte,non_lesional,normal,unknown,non_lesional,none,lesional_status,non_lesional,sample,profile,existing,False,True,microarray|GSE44270|accession,non_keloid,non_keloid,exclude,exclude,exclude,exclude,exclude,False
GSM1081607,GSE44270,unknown,GPL6244,microarray,microarray,keratinocyte,keratinocyte,non_lesional,normal,unknown,non_lesional,none,lesional_status,non_lesional,sample,profile,existing,False,True,microarray|GSE44270|accession,non_keloid,non_keloid,exclude,exclude,exclude,exclude,exclude,False
GSM1081608,GSE44270,unknown,GPL6244,microarray,microarray,fibroblast,primary_fibroblast,normal,normal,unknown,control,none,lesional_status,control,sample,profile,existing,False,True,microarray|GSE44270|accession,non_keloid,non_keloid,exclude,exclude,exclude,non_keloid,non_keloid,False
GSM1081609,GSE44270,unknown,GPL6244,microarray,microarray,fibroblast,primary_fibroblast,normal,normal,unknown,control,none,lesional_status,control,sample,profile,existing,False,True,microarray|GSE44270|accession,non_keloid,non_keloid,exclude,exclude,exclude,non_keloid,non_keloid,False
GSM1081610,GSE44270,unknown,GPL6244,microarray,microarray,fibroblast,primary_fibroblast,normal,normal,unknown,control,none,lesional_status,control,sample,profile,existing,False,True,microarray|GSE44270|accession,non_keloid,non_keloid,exclude,exclude,exclude,non_keloid,non_keloid,False
GSM1081611,GSE44270,unknown,GPL6244,microarray,microarray,keratinocyte,keratinocyte,normal,normal,unknown,control,none,lesional_status,control,sample,profile,existing,False,True,microarray|GSE44270|accession,non_keloid,non_keloid,exclude,exclude,exclude,non_keloid,exclude,False
GSM1081612,GSE44270,unknown,GPL6244,microarray,microarray,keratinocyte,keratinocyte,normal,normal,unknown,control,none,lesional_status,control,sample,profile,existing,False,True,microarray|GSE44270|accession,non_keloid,non_keloid,exclude,exclude,exclude,non_keloid,exclude,False
GSM1081613,GSE44270,unknown,GPL6244,microarray,microarray,keratinocyte,keratinocyte,normal,normal,unknown,control,none,lesional_status,control,sample,profile,existing,False,True,microarray|GSE44270|accession,non_keloid,non_keloid,exclude,exclude,exclude,non_keloid,exclude,False
GSM71671,GSE3189,unknown,GPL96,microarray,microarray,unknown,bulk_tissue,normal,unknown,unknown,unknown,none,out_of_domain_disease_state,normal,sample,profile,existing,False,True,microarray|GSE3189|accession,exclude,exclude,exclude,exclude,exclude,exclude,exclude,True
GSM71672,GSE3189,unknown,GPL96,microarray,microarray,unknown,bulk_tissue,normal,unknown,unknown,unknown,none,out_of_domain_disease_state,normal,sample,profile,existing,False,True,microarray|GSE3189|accession,exclude,exclude,exclude,exclude,exclude,exclude,exclude,True
GSM71673,GSE3189,unknown,GPL96,microarray,microarray,unknown,bulk_tissue,normal,unknown,unknown,unknown,none,out_of_domain_disease_state,normal,sample,profile,existing,False,True,microarray|GSE3189|accession,exclude,exclude,exclude,exclude,exclude,exclude,exclude,True
GSM71674,GSE3189,unknown,GPL96,microarray,microarray,unknown,bulk_tissue,normal,unknown,unknown,unknown,none,out_of_domain_disease_state,normal,sample,profile,existing,False,True,microarray|GSE3189|accession,exclude,exclude,exclude,exclude,exclude,exclude,exclude,True
GSM71675,GSE3189,unknown,GPL96,microarray,microarray,unknown,bulk_tissue,normal,unknown,unknown,unknown,none,out_of_domain_disease_state,normal,sample,profile,existing,False,True,microarray|GSE3189|accession,exclude,exclude,exclude,exclude,exclude,exclude,exclude,True
GSM71676,GSE3189,unknown,GPL96,microarray,microarray,unknown,bulk_tissue,normal,unknown,unknown,unknown,none,out_of_domain_disease_state,normal,sample,profile,existing,False,True,microarray|GSE3189|accession,exclude,exclude,exclude,exclude,exclude,exclude,exclude,True
GSM71677,GSE3189,unknown,GPL96,microarray,microarray,unknown,bulk_tissue,normal,unknown,unknown,unknown,none,out_of_domain_disease_state,normal,sample,profile,existing,False,True,microarray|GSE3189|accession,exclude,exclude,exclude,exclude,exclude,exclude,exclude,True
GSM71678,GSE3189,unknown,GPL96,microarray,microarray,unknown,bulk_tissue,nevus,unknown,unknown,unknown,none,out_of_domain_disease_state,nevus,sample,profile,existing,False,True,microarray|GSE3189|accession,exclude,exclude,exclude,exclude,exclude,exclude,exclude,True
GSM71679,GSE3189,unknown,GPL96,microarray,microarray,unknown,bulk_tissue,nevus,unknown,unknown,unknown,none,out_of_domain_disease_state,nevus,sample,profile,existing,False,True,microarray|GSE3189|accession,exclude,exclude,exclude,exclude,exclude,exclude,exclude,True
GSM71680,GSE3189,unknown,GPL96,microarray,microarray,unknown,bulk_tissue,nevus,unknown,unknown,unknown,none,out_of_domain_disease_state,nevus,sample,profile,existing,False,True,microarray|GSE3189|accession,exclude,exclude,exclude,exclude,exclude,exclude,exclude,True
GSM71681,GSE3189,unknown,GPL96,microarray,microarray,unknown,bulk_tissue,nevus,unknown,unknown,unknown,none,out_of_domain_disease_state,nevus,sample,profile,existing,False,True,microarray|GSE3189|accession,exclude,exclude,exclude,exclude,exclude,exclude,exclude,True
GSM71682,GSE3189,unknown,GPL96,microarray,microarray,unknown,bulk_tissue,nevus,unknown,unknown,unknown,none,out_of_domain_disease_state,nevus,sample,profile,existing,False,True,microarray|GSE3189|accession,exclude,exclude,exclude,exclude,exclude,exclude,exclude,True
GSM71683,GSE3189,unknown,GPL96,microarray,microarray,unknown,bulk_tissue,nevus,unknown,unknown,unknown,none,out_of_domain_disease_state,nevus,sample,profile,existing,False,True,microarray|GSE3189|accession,exclude,exclude,exclude,exclude,exclude,exclude,exclude,True
GSM71684,GSE3189,unknown,GPL96,microarray,microarray,unknown,bulk_tissue,nevus,unknown,unknown,unknown,none,out_of_domain_disease_state,nevus,sample,profile,existing,False,True,microarray|GSE3189|accession,exclude,exclude,exclude,exclude,exclude,exclude,exclude,True
GSM71685,GSE3189,unknown,GPL96,microarray,microarray,unknown,bulk_tissue,nevus,unknown,unknown,unknown,none,out_of_domain_disease_state,nevus,sample,profile,existing,False,True,microarray|GSE3189|accession,exclude,exclude,exclude,exclude,exclude,exclude,exclude,True
GSM71686,GSE3189,unknown,GPL96,microarray,microarray,unknown,bulk_tissue,nevus,unknown,unknown,unknown,none,out_of_domain_disease_state,nevus,sample,profile,existing,False,True,microarray|GSE3189|accession,exclude,exclude,exclude,exclude,exclude,exclude,exclude,True
GSM71687,GSE3189,unknown,GPL96,microarray,microarray,unknown,bulk_tissue,nevus,unknown,unknown,unknown,none,out_of_domain_disease_state,nevus,sample,profile,existing,False,True,microarray|GSE3189|accession,exclude,exclude,exclude,exclude,exclude,exclude,exclude,True
GSM71688,GSE3189,unknown,GPL96,microarray,microarray,unknown,bulk_tissue,nevus,unknown,unknown,unknown,none,out_of_domain_disease_state,nevus,sample,profile,existing,False,True,microarray|GSE3189|accession,exclude,exclude,exclude,exclude,exclude,exclude,exclude,True
GSM71689,GSE3189,unknown,GPL96,microarray,microarray,unknown,bulk_tissue,nevus,unknown,unknown,unknown,none,out_of_domain_disease_state,nevus,sample,profile,existing,False,True,microarray|GSE3189|accession,exclude,exclude,exclude,exclude,exclude,exclude,exclude,True
GSM71690,GSE3189,unknown,GPL96,microarray,microarray,unknown,bulk_tissue,nevus,unknown,unknown,unknown,none,out_of_domain_disease_state,nevus,sample,profile,existing,False,True,microarray|GSE3189|accession,exclude,exclude,exclude,exclude,exclude,exclude,exclude,True
GSM71691,GSE3189,unknown,GPL96,microarray,microarray,unknown,bulk_tissue,nevus,unknown,unknown,unknown,none,out_of_domain_disease_state,nevus,sample,profile,existing,False,True,microarray|GSE3189|accession,exclude,exclude,exclude,exclude,exclude,exclude,exclude,True
GSM71692,GSE3189,unknown,GPL96,microarray,microarray,unknown,bulk_tissue,nevus,unknown,unknown,unknown,none,out_of_domain_disease_state,nevus,sample,profile,existing,False,True,microarray|GSE3189|accession,exclude,exclude,exclude,exclude,exclude,exclude,exclude,True
GSM71693,GSE3189,unknown,GPL96,microarray,microarray,unknown,bulk_tissue,nevus,unknown,unknown,unknown,none,out_of_domain_disease_state,nevus,sample,profile,existing,False,True,microarray|GSE3189|accession,exclude,exclude,exclude,exclude,exclude,exclude,exclude,True
GSM71694,GSE3189,unknown,GPL96,microarray,microarray,unknown,bulk_tissue,nevus,unknown,unknown,unknown,none,out_of_domain_disease_state,nevus,sample,profile,existing,False,True,microarray|GSE3189|accession,exclude,exclude,exclude,exclude,exclude,exclude,exclude,True
GSM71695,GSE3189,unknown,GPL96,microarray,microarray,unknown,bulk_tissue,nevus,unknown,unknown,unknown,none,out_of_domain_disease_state,nevus,sample,profile,existing,False,True,microarray|GSE3189|accession,exclude,exclude,exclude,exclude,exclude,exclude,exclude,True
GSM71696,GSE3189,unknown,GPL96,microarray,microarray,unknown,bulk_tissue,melanoma,unknown,unknown,unknown,none,out_of_domain_disease_state,melanoma,sample,profile,existing,False,True,microarray|GSE3189|accession,exclude,exclude,exclude,exclude,exclude,exclude,exclude,True
GSM71697,GSE3189,unknown,GPL96,microarray,microarray,unknown,bulk_tissue,melanoma,unknown,unknown,unknown,none,out_of_domain_disease_state,melanoma,sample,profile,existing,False,True,microarray|GSE3189|accession,exclude,exclude,exclude,exclude,exclude,exclude,exclude,True
GSM71698,GSE3189,unknown,GPL96,microarray,microarray,unknown,bulk_tissue,melanoma,unknown,unknown,unknown,none,out_of_domain_disease_state,melanoma,sample,profile,existing,False,True,microarray|GSE3189|accession,exclude,exclude,exclude,exclude,exclude,exclude,exclude,True
GSM71699,GSE3189,unknown,GPL96,microarray,microarray,unknown,bulk_tissue,melanoma,unknown,unknown,unknown,none,out_of_domain_disease_state,melanoma,sample,profile,existing,False,True,microarray|GSE3189|accession,exclude,exclude,exclude,exclude,exclude,exclude,exclude,True
GSM71700,GSE3189,unknown,GPL96,microarray,microarray,unknown,bulk_tissue,melanoma,unknown,unknown,unknown,none,out_of_domain_disease_state,melanoma,sample,profile,existing,False,True,microarray|GSE3189|accession,exclude,exclude,exclude,exclude,exclude,exclude,exclude,True
GSM71701,GSE3189,unknown,GPL96,microarray,microarray,unknown,bulk_tissue,melanoma,unknown,unknown,unknown,none,out_of_domain_disease_state,melanoma,sample,profile,existing,False,True,microarray|GSE3189|accession,exclude,exclude,exclude,exclude,exclude,exclude,exclude,True
GSM71702,GSE3189,unknown,GPL96,microarray,microarray,unknown,bulk_tissue,melanoma,unknown,unknown,unknown,none,out_of_domain_disease_state,melanoma,sample,profile,existing,False,True,microarray|GSE3189|accession,exclude,exclude,exclude,exclude,exclude,exclude,exclude,True
GSM71703,GSE3189,unknown,GPL96,microarray,microarray,unknown,bulk_tissue,melanoma,unknown,unknown,unknown,none,out_of_domain_disease_state,melanoma,sample,profile,existing,False,True,microarray|GSE3189|accession,exclude,exclude,exclude,exclude,exclude,exclude,exclude,True
GSM71704,GSE3189,unknown,GPL96,microarray,microarray,unknown,bulk_tissue,melanoma,unknown,unknown,unknown,none,out_of_domain_disease_state,melanoma,sample,profile,existing,False,True,microarray|GSE3189|accession,exclude,exclude,exclude,exclude,exclude,exclude,exclude,True
GSM71705,GSE3189,unknown,GPL96,microarray,microarray,unknown,bulk_tissue,melanoma,unknown,unknown,unknown,none,out_of_domain_disease_state,melanoma,sample,profile,existing,False,True,microarray|GSE3189|accession,exclude,exclude,exclude,exclude,exclude,exclude,exclude,True
GSM71706,GSE3189,unknown,GPL96,microarray,microarray,unknown,bulk_tissue,melanoma,unknown,unknown,unknown,none,out_of_domain_disease_state,melanoma,sample,profile,existing,False,True,microarray|GSE3189|accession,exclude,exclude,exclude,exclude,exclude,exclude,exclude,True
GSM71707,GSE3189,unknown,GPL96,microarray,microarray,unknown,bulk_tissue,melanoma,unknown,unknown,unknown,none,out_of_domain_disease_state,melanoma,sample,profile,existing,False,True,microarray|GSE3189|accession,exclude,exclude,exclude,exclude,exclude,exclude,exclude,True
GSM71708,GSE3189,unknown,GPL96,microarray,microarray,unknown,bulk_tissue,melanoma,unknown,unknown,unknown,none,out_of_domain_disease_state,melanoma,sample,profile,existing,False,True,microarray|GSE3189|accession,exclude,exclude,exclude,exclude,exclude,exclude,exclude,True
GSM71709,GSE3189,unknown,GPL96,microarray,microarray,unknown,bulk_tissue,melanoma,unknown,unknown,unknown,none,out_of_domain_disease_state,melanoma,sample,profile,existing,False,True,microarray|GSE3189|accession,exclude,exclude,exclude,exclude,exclude,exclude,exclude,True
GSM71710,GSE3189,unknown,GPL96,microarray,microarray,unknown,bulk_tissue,melanoma,unknown,unknown,unknown,none,out_of_domain_disease_state,melanoma,sample,profile,existing,False,True,microarray|GSE3189|accession,exclude,exclude,exclude,exclude,exclude,exclude,exclude,True
GSM71711,GSE3189,unknown,GPL96,microarray,microarray,unknown,bulk_tissue,melanoma,unknown,unknown,unknown,none,out_of_domain_disease_state,melanoma,sample,profile,existing,False,True,microarray|GSE3189|accession,exclude,exclude,exclude,exclude,exclude,exclude,exclude,True
GSM71712,GSE3189,unknown,GPL96,microarray,microarray,unknown,bulk_tissue,melanoma,unknown,unknown,unknown,none,out_of_domain_disease_state,melanoma,sample,profile,existing,False,True,microarray|GSE3189|accession,exclude,exclude,exclude,exclude,exclude,exclude,exclude,True
GSM71713,GSE3189,unknown,GPL96,microarray,microarray,unknown,bulk_tissue,melanoma,unknown,unknown,unknown,none,out_of_domain_disease_state,melanoma,sample,profile,existing,False,True,microarray|GSE3189|accession,exclude,exclude,exclude,exclude,exclude,exclude,exclude,True
GSM71714,GSE3189,unknown,GPL96,microarray,microarray,unknown,bulk_tissue,melanoma,unknown,unknown,unknown,none,out_of_domain_disease_state,melanoma,sample,profile,existing,False,True,microarray|GSE3189|accession,exclude,exclude,exclude,exclude,exclude,exclude,exclude,True
GSM71715,GSE3189,unknown,GPL96,microarray,microarray,unknown,bulk_tissue,melanoma,unknown,unknown,unknown,none,out_of_domain_disease_state,melanoma,sample,profile,existing,False,True,microarray|GSE3189|accession,exclude,exclude,exclude,exclude,exclude,exclude,exclude,True
GSM71716,GSE3189,unknown,GPL96,microarray,microarray,unknown,bulk_tissue,melanoma,unknown,unknown,unknown,none,out_of_domain_disease_state,melanoma,sample,profile,existing,False,True,microarray|GSE3189|accession,exclude,exclude,exclude,exclude,exclude,exclude,exclude,True
GSM71717,GSE3189,unknown,GPL96,microarray,microarray,unknown,bulk_tissue,melanoma,unknown,unknown,unknown,none,out_of_domain_disease_state,melanoma,sample,profile,existing,False,True,microarray|GSE3189|accession,exclude,exclude,exclude,exclude,exclude,exclude,exclude,True
GSM71718,GSE3189,unknown,GPL96,microarray,microarray,unknown,bulk_tissue,melanoma,unknown,unknown,unknown,none,out_of_domain_disease_state,melanoma,sample,profile,existing,False,True,microarray|GSE3189|accession,exclude,exclude,exclude,exclude,exclude,exclude,exclude,True
GSM71719,GSE3189,unknown,GPL96,microarray,microarray,unknown,bulk_tissue,melanoma,unknown,unknown,unknown,none,out_of_domain_disease_state,melanoma,sample,profile,existing,False,True,microarray|GSE3189|accession,exclude,exclude,exclude,exclude,exclude,exclude,exclude,True
GSM71720,GSE3189,unknown,GPL96,microarray,microarray,unknown,bulk_tissue,melanoma,unknown,unknown,unknown,none,out_of_domain_disease_state,melanoma,sample,profile,existing,False,True,microarray|GSE3189|accession,exclude,exclude,exclude,exclude,exclude,exclude,exclude,True
GSM71721,GSE3189,unknown,GPL96,microarray,microarray,unknown,bulk_tissue,melanoma,unknown,unknown,unknown,none,out_of_domain_disease_state,melanoma,sample,profile,existing,False,True,microarray|GSE3189|accession,exclude,exclude,exclude,exclude,exclude,exclude,exclude,True
GSM71722,GSE3189,unknown,GPL96,microarray,microarray,unknown,bulk_tissue,melanoma,unknown,unknown,unknown,none,out_of_domain_disease_state,melanoma,sample,profile,existing,False,True,microarray|GSE3189|accession,exclude,exclude,exclude,exclude,exclude,exclude,exclude,True
GSM71723,GSE3189,unknown,GPL96,microarray,microarray,unknown,bulk_tissue,melanoma,unknown,unknown,unknown,none,out_of_domain_disease_state,melanoma,sample,profile,existing,False,True,microarray|GSE3189|accession,exclude,exclude,exclude,exclude,exclude,exclude,exclude,True
GSM71724,GSE3189,unknown,GPL96,microarray,microarray,unknown,bulk_tissue,melanoma,unknown,unknown,unknown,none,out_of_domain_disease_state,melanoma,sample,profile,existing,False,True,microarray|GSE3189|accession,exclude,exclude,exclude,exclude,exclude,exclude,exclude,True
GSM71725,GSE3189,unknown,GPL96,microarray,microarray,unknown,bulk_tissue,melanoma,unknown,unknown,unknown,none,out_of_domain_disease_state,melanoma,sample,profile,existing,False,True,microarray|GSE3189|accession,exclude,exclude,exclude,exclude,exclude,exclude,exclude,True
GSM71726,GSE3189,unknown,GPL96,microarray,microarray,unknown,bulk_tissue,melanoma,unknown,unknown,unknown,none,out_of_domain_disease_state,melanoma,sample,profile,existing,False,True,microarray|GSE3189|accession,exclude,exclude,exclude,exclude,exclude,exclude,exclude,True
GSM71727,GSE3189,unknown,GPL96,microarray,microarray,unknown,bulk_tissue,melanoma,unknown,unknown,unknown,none,out_of_domain_disease_state,melanoma,sample,profile,existing,False,True,microarray|GSE3189|accession,exclude,exclude,exclude,exclude,exclude,exclude,exclude,True
GSM71728,GSE3189,unknown,GPL96,microarray,microarray,unknown,bulk_tissue,melanoma,unknown,unknown,unknown,none,out_of_domain_disease_state,melanoma,sample,profile,existing,False,True,microarray|GSE3189|accession,exclude,exclude,exclude,exclude,exclude,exclude,exclude,True
GSM71729,GSE3189,unknown,GPL96,microarray,microarray,unknown,bulk_tissue,melanoma,unknown,unknown,unknown,none,out_of_domain_disease_state,melanoma,sample,profile,existing,False,True,microarray|GSE3189|accession,exclude,exclude,exclude,exclude,exclude,exclude,exclude,True
GSM71730,GSE3189,unknown,GPL96,microarray,microarray,unknown,bulk_tissue,melanoma,unknown,unknown,unknown,none,out_of_domain_disease_state,melanoma,sample,profile,existing,False,True,microarray|GSE3189|accession,exclude,exclude,exclude,exclude,exclude,exclude,exclude,True
GSM71731,GSE3189,unknown,GPL96,microarray,microarray,unknown,bulk_tissue,melanoma,unknown,unknown,unknown,none,out_of_domain_disease_state,melanoma,sample,profile,existing,False,True,microarray|GSE3189|accession,exclude,exclude,exclude,exclude,exclude,exclude,exclude,True
GSM71732,GSE3189,unknown,GPL96,microarray,microarray,unknown,bulk_tissue,melanoma,unknown,unknown,unknown,none,out_of_domain_disease_state,melanoma,sample,profile,existing,False,True,microarray|GSE3189|accession,exclude,exclude,exclude,exclude,exclude,exclude,exclude,True
GSM71733,GSE3189,unknown,GPL96,microarray,microarray,unknown,bulk_tissue,melanoma,unknown,unknown,unknown,none,out_of_domain_disease_state,melanoma,sample,profile,existing,False,True,microarray|GSE3189|accession,exclude,exclude,exclude,exclude,exclude,exclude,exclude,True
GSM71734,GSE3189,unknown,GPL96,microarray,microarray,unknown,bulk_tissue,melanoma,unknown,unknown,unknown,none,out_of_domain_disease_state,melanoma,sample,profile,existing,False,True,microarray|GSE3189|accession,exclude,exclude,exclude,exclude,exclude,exclude,exclude,True
GSM71735,GSE3189,unknown,GPL96,microarray,microarray,unknown,bulk_tissue,melanoma,unknown,unknown,unknown,none,out_of_domain_disease_state,melanoma,sample,profile,existing,False,True,microarray|GSE3189|accession,exclude,exclude,exclude,exclude,exclude,exclude,exclude,True
GSM71736,GSE3189,unknown,GPL96,microarray,microarray,unknown,bulk_tissue,melanoma,unknown,unknown,unknown,none,out_of_domain_disease_state,melanoma,sample,profile,existing,False,True,microarray|GSE3189|accession,exclude,exclude,exclude,exclude,exclude,exclude,exclude,True
GSM71737,GSE3189,unknown,GPL96,microarray,microarray,unknown,bulk_tissue,melanoma,unknown,unknown,unknown,none,out_of_domain_disease_state,melanoma,sample,profile,existing,False,True,microarray|GSE3189|accession,exclude,exclude,exclude,exclude,exclude,exclude,exclude,True
GSM71738,GSE3189,unknown,GPL96,microarray,microarray,unknown,bulk_tissue,melanoma,unknown,unknown,unknown,none,out_of_domain_disease_state,melanoma,sample,profile,existing,False,True,microarray|GSE3189|accession,exclude,exclude,exclude,exclude,exclude,exclude,exclude,True
GSM71739,GSE3189,unknown,GPL96,microarray,microarray,unknown,bulk_tissue,melanoma,unknown,unknown,unknown,none,out_of_domain_disease_state,melanoma,sample,profile,existing,False,True,microarray|GSE3189|accession,exclude,exclude,exclude,exclude,exclude,exclude,exclude,True
GSM71740,GSE3189,unknown,GPL96,microarray,microarray,unknown,bulk_tissue,melanoma,unknown,unknown,unknown,none,out_of_domain_disease_state,melanoma,sample,profile,existing,False,True,microarray|GSE3189|accession,exclude,exclude,exclude,exclude,exclude,exclude,exclude,True
GSM4331585,GSE145725,keloid_fibroblast_1,GPL16043,microarray,microarray,fibroblast,primary_fibroblast,keloid,keloid,unknown,unknown,none,keloid_vs_normal,keloid,sample,profile,existing,False,False,microarray|GSE145725|keloid_fibroblast_1,keloid,keloid,exclude,exclude,exclude,keloid,keloid,False
GSM4331586,GSE145725,keloid_fibroblast_1,GPL16043,microarray,microarray,fibroblast,primary_fibroblast,keloid,keloid,unknown,unknown,none,keloid_vs_normal,keloid,sample,profile,existing,False,False,microarray|GSE145725|keloid_fibroblast_1,keloid,keloid,exclude,exclude,exclude,keloid,keloid,False
GSM4331587,GSE145725,keloid_fibroblast_3,GPL16043,microarray,microarray,fibroblast,primary_fibroblast,keloid,keloid,unknown,unknown,none,keloid_vs_normal,keloid,sample,profile,existing,False,False,microarray|GSE145725|keloid_fibroblast_3,keloid,keloid,exclude,exclude,exclude,keloid,keloid,False
GSM4331588,GSE145725,keloid_fibroblast_4,GPL16043,microarray,microarray,fibroblast,primary_fibroblast,keloid,keloid,unknown,unknown,none,keloid_vs_normal,keloid,sample,profile,existing,False,False,microarray|GSE145725|keloid_fibroblast_4,keloid,keloid,exclude,exclude,exclude,keloid,keloid,False
GSM4331589,GSE145725,keloid_fibroblast_4,GPL16043,microarray,microarray,fibroblast,primary_fibroblast,keloid,keloid,unknown,unknown,none,keloid_vs_normal,keloid,sample,profile,existing,False,False,microarray|GSE145725|keloid_fibroblast_4,keloid,keloid,exclude,exclude,exclude,keloid,keloid,False
GSM4331590,GSE145725,keloid_fibroblast_5,GPL16043,microarray,microarray,fibroblast,primary_fibroblast,keloid,keloid,unknown,unknown,none,keloid_vs_normal,keloid,sample,profile,existing,False,False,microarray|GSE145725|keloid_fibroblast_5,keloid,keloid,exclude,exclude,exclude,keloid,keloid,False
GSM4331591,GSE145725,keloid_fibroblast_5,GPL16043,microarray,microarray,fibroblast,primary_fibroblast,keloid,keloid,unknown,unknown,none,keloid_vs_normal,keloid,sample,profile,existing,False,False,microarray|GSE145725|keloid_fibroblast_5,keloid,keloid,exclude,exclude,exclude,keloid,keloid,False
GSM4331592,GSE145725,keloid_fibroblast_6,GPL16043,microarray,microarray,fibroblast,primary_fibroblast,keloid,keloid,unknown,unknown,none,keloid_vs_normal,keloid,sample,profile,existing,False,False,microarray|GSE145725|keloid_fibroblast_6,keloid,keloid,exclude,exclude,exclude,keloid,keloid,False
GSM4331593,GSE145725,keloid_fibroblast_6,GPL16043,microarray,microarray,fibroblast,primary_fibroblast,keloid,keloid,unknown,unknown,none,keloid_vs_normal,keloid,sample,profile,existing,False,False,microarray|GSE145725|keloid_fibroblast_6,keloid,keloid,exclude,exclude,exclude,keloid,keloid,False
GSM4331594,GSE145725,normal_fibroblast_1,GPL16043,microarray,microarray,fibroblast,primary_fibroblast,normal,normal,unknown,unknown,none,keloid_vs_normal,normal,sample,profile,existing,False,False,microarray|GSE145725|normal_fibroblast_1,non_keloid,non_keloid,exclude,exclude,exclude,non_keloid,non_keloid,False
GSM4331595,GSE145725,normal_fibroblast_1,GPL16043,microarray,microarray,fibroblast,primary_fibroblast,normal,normal,unknown,unknown,none,keloid_vs_normal,normal,sample,profile,existing,False,False,microarray|GSE145725|normal_fibroblast_1,non_keloid,non_keloid,exclude,exclude,exclude,non_keloid,non_keloid,False
GSM4331596,GSE145725,normal_fibroblast_2,GPL16043,microarray,microarray,fibroblast,primary_fibroblast,normal,normal,unknown,unknown,none,keloid_vs_normal,normal,sample,profile,existing,False,False,microarray|GSE145725|normal_fibroblast_2,non_keloid,non_keloid,exclude,exclude,exclude,non_keloid,non_keloid,False
GSM4331597,GSE145725,normal_fibroblast_2,GPL16043,microarray,microarray,fibroblast,primary_fibroblast,normal,normal,unknown,unknown,none,keloid_vs_normal,normal,sample,profile,existing,False,False,microarray|GSE145725|normal_fibroblast_2,non_keloid,non_keloid,exclude,exclude,exclude,non_keloid,non_keloid,False
GSM4331598,GSE145725,normal_fibroblast_3,GPL16043,microarray,microarray,fibroblast,primary_fibroblast,normal,normal,unknown,unknown,none,keloid_vs_normal,normal,sample,profile,existing,False,False,microarray|GSE145725|normal_fibroblast_3,non_keloid,non_keloid,exclude,exclude,exclude,non_keloid,non_keloid,False
GSM4331599,GSE145725,normal_fibroblast_3,GPL16043,microarray,microarray,fibroblast,primary_fibroblast,normal,normal,unknown,unknown,none,keloid_vs_normal,normal,sample,profile,existing,False,False,microarray|GSE145725|normal_fibroblast_3,non_keloid,non_keloid,exclude,exclude,exclude,non_keloid,non_keloid,False
GSM4331600,GSE145725,normal_fibroblast_4,GPL16043,microarray,microarray,fibroblast,primary_fibroblast,normal,normal,unknown,unknown,none,keloid_vs_normal,normal,sample,profile,existing,False,False,microarray|GSE145725|normal_fibroblast_4,non_keloid,non_keloid,exclude,exclude,exclude,non_keloid,non_keloid,False
GSM4331601,GSE145725,normal_fibroblast_4,GPL16043,microarray,microarray,fibroblast,primary_fibroblast,normal,normal,unknown,unknown,none,keloid_vs_normal,normal,sample,profile,existing,False,False,microarray|GSE145725|normal_fibroblast_4,non_keloid,non_keloid,exclude,exclude,exclude,non_keloid,non_keloid,False
GSM4331602,GSE145725,normal_fibroblast_5,GPL16043,microarray,microarray,fibroblast,primary_fibroblast,normal,normal,unknown,unknown,none,keloid_vs_normal,normal,sample,profile,existing,False,False,microarray|GSE145725|normal_fibroblast_5,non_keloid,non_keloid,exclude,exclude,exclude,non_keloid,non_keloid,False
GSM4331603,GSE145725,normal_fibroblast_5,GPL16043,microarray,microarray,fibroblast,primary_fibroblast,normal,normal,unknown,unknown,none,keloid_vs_normal,normal,sample,profile,existing,False,False,microarray|GSE145725|normal_fibroblast_5,non_keloid,non_keloid,exclude,exclude,exclude,non_keloid,non_keloid,False
E-MTAB-2509_assay1,E-MTAB-2509,unknown,E-MTAB-2509,microarray,arrayexpress,fibroblast,primary_fibroblast,normal,normal,unknown,unknown,none,keloid_vs_normal,normal,sample,profile,existing,False,True,microarray|E-MTAB-2509|accession,non_keloid,non_keloid,exclude,exclude,exclude,non_keloid,non_keloid,False
E-MTAB-2509_assay2,E-MTAB-2509,unknown,E-MTAB-2509,microarray,arrayexpress,fibroblast,primary_fibroblast,normal,normal,unknown,unknown,none,keloid_vs_normal,normal,sample,profile,existing,False,True,microarray|E-MTAB-2509|accession,non_keloid,non_keloid,exclude,exclude,exclude,non_keloid,non_keloid,False
E-MTAB-2509_assay3,E-MTAB-2509,unknown,E-MTAB-2509,microarray,arrayexpress,fibroblast,primary_fibroblast,normal,normal,unknown,unknown,none,keloid_vs_normal,normal,sample,profile,existing,False,True,microarray|E-MTAB-2509|accession,non_keloid,non_keloid,exclude,exclude,exclude,non_keloid,non_keloid,False
E-MTAB-2509_assay4,E-MTAB-2509,unknown,E-MTAB-2509,microarray,arrayexpress,fibroblast,primary_fibroblast,normal,normal,unknown,unknown,rapamycin,keloid_vs_normal,normal,sample,profile,existing,False,True,microarray|E-MTAB-2509|accession,non_keloid,non_keloid,exclude,exclude,exclude,exclude,exclude,False
E-MTAB-2509_assay5,E-MTAB-2509,unknown,E-MTAB-2509,microarray,arrayexpress,fibroblast,primary_fibroblast,normal,normal,unknown,unknown,rapamycin,keloid_vs_normal,normal,sample,profile,existing,False,True,microarray|E-MTAB-2509|accession,non_keloid,non_keloid,exclude,exclude,exclude,exclude,exclude,False
E-MTAB-2509_assay6,E-MTAB-2509,unknown,E-MTAB-2509,microarray,arrayexpress,fibroblast,primary_fibroblast,normal,normal,unknown,unknown,rapamycin,keloid_vs_normal,normal,sample,profile,existing,False,True,microarray|E-MTAB-2509|accession,non_keloid,non_keloid,exclude,exclude,exclude,exclude,exclude,False
E-MTAB-2509_assay7,E-MTAB-2509,unknown,E-MTAB-2509,microarray,arrayexpress,fibroblast,primary_fibroblast,normal,normal,unknown,unknown,tacrolimus,keloid_vs_normal,normal,sample,profile,existing,False,True,microarray|E-MTAB-2509|accession,non_keloid,non_keloid,exclude,exclude,exclude,exclude,exclude,False
E-MTAB-2509_assay8,E-MTAB-2509,unknown,E-MTAB-2509,microarray,arrayexpress,fibroblast,primary_fibroblast,normal,normal,unknown,unknown,tacrolimus,keloid_vs_normal,normal,sample,profile,existing,False,True,microarray|E-MTAB-2509|accession,non_keloid,non_keloid,exclude,exclude,exclude,exclude,exclude,False
E-MTAB-2509_assay9,E-MTAB-2509,unknown,E-MTAB-2509,microarray,arrayexpress,fibroblast,primary_fibroblast,normal,normal,unknown,unknown,tacrolimus,keloid_vs_normal,normal,sample,profile,existing,False,True,microarray|E-MTAB-2509|accession,non_keloid,non_keloid,exclude,exclude,exclude,exclude,exclude,False
E-MTAB-2509_assay10,E-MTAB-2509,unknown,E-MTAB-2509,microarray,arrayexpress,fibroblast,primary_fibroblast,hypertrophic_scar,normal,hypertrophic_scar,unknown,none,keloid_vs_normal,normal,sample,profile,existing,False,True,microarray|E-MTAB-2509|accession,non_keloid,non_keloid,exclude,non_keloid,exclude,exclude,non_keloid,False
E-MTAB-2509_assay11,E-MTAB-2509,unknown,E-MTAB-2509,microarray,arrayexpress,fibroblast,primary_fibroblast,hypertrophic_scar,normal,hypertrophic_scar,unknown,none,keloid_vs_normal,normal,sample,profile,existing,False,True,microarray|E-MTAB-2509|accession,non_keloid,non_keloid,exclude,non_keloid,exclude,exclude,non_keloid,False
E-MTAB-2509_assay12,E-MTAB-2509,unknown,E-MTAB-2509,microarray,arrayexpress,fibroblast,primary_fibroblast,hypertrophic_scar,normal,hypertrophic_scar,unknown,none,keloid_vs_normal,normal,sample,profile,existing,False,True,microarray|E-MTAB-2509|accession,non_keloid,non_keloid,exclude,non_keloid,exclude,exclude,non_keloid,False
E-MTAB-2509_assay13,E-MTAB-2509,unknown,E-MTAB-2509,microarray,arrayexpress,fibroblast,primary_fibroblast,hypertrophic_scar,normal,hypertrophic_scar,unknown,rapamycin,keloid_vs_normal,normal,sample,profile,existing,False,True,microarray|E-MTAB-2509|accession,non_keloid,non_keloid,exclude,exclude,exclude,exclude,exclude,False
E-MTAB-2509_assay14,E-MTAB-2509,unknown,E-MTAB-2509,microarray,arrayexpress,fibroblast,primary_fibroblast,hypertrophic_scar,normal,hypertrophic_scar,unknown,rapamycin,keloid_vs_normal,normal,sample,profile,existing,False,True,microarray|E-MTAB-2509|accession,non_keloid,non_keloid,exclude,exclude,exclude,exclude,exclude,False
E-MTAB-2509_assay15,E-MTAB-2509,unknown,E-MTAB-2509,microarray,arrayexpress,fibroblast,primary_fibroblast,hypertrophic_scar,normal,hypertrophic_scar,unknown,rapamycin,keloid_vs_normal,normal,sample,profile,existing,False,True,microarray|E-MTAB-2509|accession,non_keloid,non_keloid,exclude,exclude,exclude,exclude,exclude,False
E-MTAB-2509_assay16,E-MTAB-2509,unknown,E-MTAB-2509,microarray,arrayexpress,fibroblast,primary_fibroblast,hypertrophic_scar,normal,hypertrophic_scar,unknown,tacrolimus,keloid_vs_normal,normal,sample,profile,existing,False,True,microarray|E-MTAB-2509|accession,non_keloid,non_keloid,exclude,exclude,exclude,exclude,exclude,False
E-MTAB-2509_assay17,E-MTAB-2509,unknown,E-MTAB-2509,microarray,arrayexpress,fibroblast,primary_fibroblast,hypertrophic_scar,normal,hypertrophic_scar,unknown,tacrolimus,keloid_vs_normal,normal,sample,profile,existing,False,True,microarray|E-MTAB-2509|accession,non_keloid,non_keloid,exclude,exclude,exclude,exclude,exclude,False
E-MTAB-2509_assay18,E-MTAB-2509,unknown,E-MTAB-2509,microarray,arrayexpress,fibroblast,primary_fibroblast,hypertrophic_scar,normal,hypertrophic_scar,unknown,tacrolimus,keloid_vs_normal,normal,sample,profile,existing,False,True,microarray|E-MTAB-2509|accession,non_keloid,non_keloid,exclude,exclude,exclude,exclude,exclude,False
E-MTAB-2509_assay19,E-MTAB-2509,unknown,E-MTAB-2509,microarray,arrayexpress,fibroblast,primary_fibroblast,keloid,keloid,unknown,unknown,none,keloid_vs_normal,keloid,sample,profile,existing,False,True,microarray|E-MTAB-2509|accession,keloid,keloid,exclude,exclude,exclude,keloid,keloid,False
E-MTAB-2509_assay20,E-MTAB-2509,unknown,E-MTAB-2509,microarray,arrayexpress,fibroblast,primary_fibroblast,keloid,keloid,unknown,unknown,none,keloid_vs_normal,keloid,sample,profile,existing,False,True,microarray|E-MTAB-2509|accession,keloid,keloid,exclude,exclude,exclude,keloid,keloid,False
E-MTAB-2509_assay21,E-MTAB-2509,unknown,E-MTAB-2509,microarray,arrayexpress,fibroblast,primary_fibroblast,keloid,keloid,unknown,unknown,none,keloid_vs_normal,keloid,sample,profile,existing,False,True,microarray|E-MTAB-2509|accession,keloid,keloid,exclude,exclude,exclude,keloid,keloid,False
E-MTAB-2509_assay22,E-MTAB-2509,unknown,E-MTAB-2509,microarray,arrayexpress,fibroblast,primary_fibroblast,keloid,keloid,unknown,unknown,rapamycin,keloid_vs_normal,keloid,sample,profile,existing,False,True,microarray|E-MTAB-2509|accession,keloid,keloid,exclude,exclude,exclude,exclude,exclude,False
E-MTAB-2509_assay23,E-MTAB-2509,unknown,E-MTAB-2509,microarray,arrayexpress,fibroblast,primary_fibroblast,keloid,keloid,unknown,unknown,rapamycin,keloid_vs_normal,keloid,sample,profile,existing,False,True,microarray|E-MTAB-2509|accession,keloid,keloid,exclude,exclude,exclude,exclude,exclude,False
E-MTAB-2509_assay24,E-MTAB-2509,unknown,E-MTAB-2509,microarray,arrayexpress,fibroblast,primary_fibroblast,keloid,keloid,unknown,unknown,rapamycin,keloid_vs_normal,keloid,sample,profile,existing,False,True,microarray|E-MTAB-2509|accession,keloid,keloid,exclude,exclude,exclude,exclude,exclude,False
E-MTAB-2509_assay25,E-MTAB-2509,unknown,E-MTAB-2509,microarray,arrayexpress,fibroblast,primary_fibroblast,keloid,keloid,unknown,unknown,tacrolimus,keloid_vs_normal,keloid,sample,profile,existing,False,True,microarray|E-MTAB-2509|accession,keloid,keloid,exclude,exclude,exclude,exclude,exclude,False
E-MTAB-2509_assay26,E-MTAB-2509,unknown,E-MTAB-2509,microarray,arrayexpress,fibroblast,primary_fibroblast,keloid,keloid,unknown,unknown,tacrolimus,keloid_vs_normal,keloid,sample,profile,existing,False,True,microarray|E-MTAB-2509|accession,keloid,keloid,exclude,exclude,exclude,exclude,exclude,False
E-MTAB-2509_assay27,E-MTAB-2509,unknown,E-MTAB-2509,microarray,arrayexpress,fibroblast,primary_fibroblast,keloid,keloid,unknown,unknown,tacrolimus,keloid_vs_normal,keloid,sample,profile,existing,False,True,microarray|E-MTAB-2509|accession,keloid,keloid,exclude,exclude,exclude,exclude,exclude,False
E-MTAB-4945_Sample_25,E-MTAB-4945,03ss0083,E-MTAB-4945,microarray,arrayexpress,fibroblast,primary_fibroblast,normal,normal,unknown,unknown,none,keloid_vs_normal,normal,sample,profile,existing,False,False,microarray|E-MTAB-4945|03ss0083,non_keloid,non_keloid,exclude,exclude,exclude,non_keloid,non_keloid,False
E-MTAB-4945_Sample_26,E-MTAB-4945,02ss0071,E-MTAB-4945,microarray,arrayexpress,fibroblast,primary_fibroblast,normal,normal,unknown,unknown,none,keloid_vs_normal,normal,sample,profile,existing,False,False,microarray|E-MTAB-4945|02ss0071,non_keloid,non_keloid,exclude,exclude,exclude,non_keloid,non_keloid,False
E-MTAB-4945_Sample_27,E-MTAB-4945,19KD0015,E-MTAB-4945,microarray,arrayexpress,fibroblast,primary_fibroblast,keloid,keloid,unknown,unknown,none,keloid_vs_normal,keloid,sample,profile,existing,False,False,microarray|E-MTAB-4945|19KD0015,keloid,keloid,exclude,exclude,exclude,keloid,keloid,False
E-MTAB-4945_Sample_28,E-MTAB-4945,19KD0023,E-MTAB-4945,microarray,arrayexpress,fibroblast,primary_fibroblast,keloid,keloid,unknown,unknown,none,keloid_vs_normal,keloid,sample,profile,existing,False,False,microarray|E-MTAB-4945|19KD0023,keloid,keloid,exclude,exclude,exclude,keloid,keloid,False
E-MTAB-4945_Sample_29,E-MTAB-4945,03ss0091,E-MTAB-4945,microarray,arrayexpress,whole_skin,bulk_tissue,normal,normal,unknown,unknown,none,keloid_vs_normal,normal,sample,profile,existing,False,False,microarray|E-MTAB-4945|03ss0091,non_keloid,non_keloid,exclude,exclude,non_keloid,non_keloid,exclude,True
E-MTAB-4945_Sample_30,E-MTAB-4945,19KD0014,E-MTAB-4945,microarray,arrayexpress,whole_skin,bulk_tissue,keloid,keloid,unknown,unknown,none,keloid_vs_normal,keloid,sample,profile,existing,False,False,microarray|E-MTAB-4945|19KD0014,keloid,keloid,exclude,exclude,keloid,keloid,exclude,True
E-MTAB-4945_Sample_31,E-MTAB-4945,19KD0023,E-MTAB-4945,microarray,arrayexpress,whole_skin,bulk_tissue,keloid,keloid,unknown,unknown,none,keloid_vs_normal,keloid,sample,profile,existing,False,False,microarray|E-MTAB-4945|19KD0023,keloid,keloid,exclude,exclude,keloid,keloid,exclude,True
E-MTAB-4945_Sample_32,E-MTAB-4945,19KD0015,E-MTAB-4945,microarray,arrayexpress,whole_skin,bulk_tissue,keloid,keloid,unknown,unknown,none,keloid_vs_normal,keloid,sample,profile,existing,False,False,microarray|E-MTAB-4945|19KD0015,keloid,keloid,exclude,exclude,keloid,keloid,exclude,True
E-MTAB-4945_Sample_1,E-MTAB-4945,02ss0075,E-MTAB-4945,microarray,arrayexpress,epidermis,bulk_tissue,normal,normal,unknown,unknown,none,keloid_vs_normal,normal,sample,profile,existing,False,False,microarray|E-MTAB-4945|02ss0075,non_keloid,non_keloid,exclude,exclude,non_keloid,non_keloid,exclude,True
E-MTAB-4945_Sample_2,E-MTAB-4945,03ss0082,E-MTAB-4945,microarray,arrayexpress,epidermis,bulk_tissue,normal,normal,unknown,unknown,none,keloid_vs_normal,normal,sample,profile,existing,False,False,microarray|E-MTAB-4945|03ss0082,non_keloid,non_keloid,exclude,exclude,non_keloid,non_keloid,exclude,True
E-MTAB-4945_Sample_3,E-MTAB-4945,20KD0026,E-MTAB-4945,microarray,arrayexpress,epidermis,bulk_tissue,keloid,keloid,keloid_centre,unknown,none,keloid_vs_normal,keloid,sample,profile,existing,False,False,microarray|E-MTAB-4945|20KD0026,keloid,keloid,exclude,exclude,keloid,keloid,exclude,True
E-MTAB-4945_Sample_4,E-MTAB-4945,20KD0026,E-MTAB-4945,microarray,arrayexpress,epidermis,bulk_tissue,keloid,keloid,keloid_margin,unknown,none,keloid_vs_normal,keloid,sample,profile,existing,False,False,microarray|E-MTAB-4945|20KD0026,keloid,keloid,exclude,exclude,keloid,keloid,exclude,True
E-MTAB-4945_Sample_5,E-MTAB-4945,02ss0075,E-MTAB-4945,microarray,arrayexpress,dermis,bulk_tissue,normal,normal,unknown,unknown,none,keloid_vs_normal,normal,sample,profile,existing,False,False,microarray|E-MTAB-4945|02ss0075,non_keloid,non_keloid,exclude,exclude,non_keloid,non_keloid,exclude,True
E-MTAB-4945_Sample_6,E-MTAB-4945,03ss0082,E-MTAB-4945,microarray,arrayexpress,dermis,bulk_tissue,normal,normal,unknown,unknown,none,keloid_vs_normal,normal,sample,profile,existing,False,False,microarray|E-MTAB-4945|03ss0082,non_keloid,non_keloid,exclude,exclude,non_keloid,non_keloid,exclude,True
E-MTAB-4945_Sample_7,E-MTAB-4945,20KD0026,E-MTAB-4945,microarray,arrayexpress,dermis,bulk_tissue,keloid,keloid,keloid_centre,unknown,none,keloid_vs_normal,keloid,sample,profile,existing,False,False,microarray|E-MTAB-4945|20KD0026,keloid,keloid,exclude,exclude,keloid,keloid,exclude,True
E-MTAB-4945_Sample_8,E-MTAB-4945,20KD0026,E-MTAB-4945,microarray,arrayexpress,dermis,bulk_tissue,keloid,keloid,keloid_margin,unknown,none,keloid_vs_normal,keloid,sample,profile,existing,False,False,microarray|E-MTAB-4945|20KD0026,keloid,keloid,exclude,exclude,keloid,keloid,exclude,True
E-MTAB-4945_Sample_9,E-MTAB-4945,20KD0027,E-MTAB-4945,microarray,arrayexpress,epidermis,bulk_tissue,keloid,keloid,keloid_centre,unknown,none,keloid_vs_normal,keloid,sample,profile,existing,False,False,microarray|E-MTAB-4945|20KD0027,keloid,keloid,exclude,exclude,keloid,keloid,exclude,True
E-MTAB-4945_Sample_10,E-MTAB-4945,20KD0027,E-MTAB-4945,microarray,arrayexpress,dermis,bulk_tissue,keloid,keloid,keloid_centre,unknown,none,keloid_vs_normal,keloid,sample,profile,existing,False,False,microarray|E-MTAB-4945|20KD0027,keloid,keloid,exclude,exclude,keloid,keloid,exclude,True
E-MTAB-4945_Sample_11,E-MTAB-4945,20KD0027,E-MTAB-4945,microarray,arrayexpress,epidermis,bulk_tissue,keloid,keloid,keloid_margin,unknown,none,keloid_vs_normal,keloid,sample,profile,existing,False,False,microarray|E-MTAB-4945|20KD0027,keloid,keloid,exclude,exclude,keloid,keloid,exclude,True
E-MTAB-4945_Sample_12,E-MTAB-4945,20KD0027,E-MTAB-4945,microarray,arrayexpress,dermis,bulk_tissue,keloid,keloid,keloid_margin,unknown,none,keloid_vs_normal,keloid,sample,profile,existing,False,False,microarray|E-MTAB-4945|20KD0027,keloid,keloid,exclude,exclude,keloid,keloid,exclude,True
E-MTAB-4945_Sample_13,E-MTAB-4945,20KD0031,E-MTAB-4945,microarray,arrayexpress,epidermis,bulk_tissue,keloid,keloid,keloid_centre,unknown,none,keloid_vs_normal,keloid,sample,profile,existing,False,False,microarray|E-MTAB-4945|20KD0031,keloid,keloid,exclude,exclude,keloid,keloid,exclude,True
E-MTAB-4945_Sample_14,E-MTAB-4945,20KD0031,E-MTAB-4945,microarray,arrayexpress,dermis,bulk_tissue,keloid,keloid,keloid_centre,unknown,none,keloid_vs_normal,keloid,sample,profile,existing,False,False,microarray|E-MTAB-4945|20KD0031,keloid,keloid,exclude,exclude,keloid,keloid,exclude,True
E-MTAB-4945_Sample_15,E-MTAB-4945,20KD0031,E-MTAB-4945,microarray,arrayexpress,epidermis,bulk_tissue,keloid,keloid,keloid_margin,unknown,none,keloid_vs_normal,keloid,sample,profile,existing,False,False,microarray|E-MTAB-4945|20KD0031,keloid,keloid,exclude,exclude,keloid,keloid,exclude,True
E-MTAB-4945_Sample_16,E-MTAB-4945,20KD0031,E-MTAB-4945,microarray,arrayexpress,dermis,bulk_tissue,keloid,keloid,keloid_margin,unknown,none,keloid_vs_normal,keloid,sample,profile,existing,False,False,microarray|E-MTAB-4945|20KD0031,keloid,keloid,exclude,exclude,keloid,keloid,exclude,True
E-MTAB-4945_Sample_17,E-MTAB-4945,05KD0011,E-MTAB-4945,microarray,arrayexpress,keratinocyte,keratinocyte,keloid,keloid,unknown,unknown,none,keloid_vs_normal,keloid,sample,profile,existing,False,False,microarray|E-MTAB-4945|05KD0011,keloid,keloid,exclude,exclude,exclude,keloid,exclude,False
E-MTAB-4945_Sample_18,E-MTAB-4945,03ss0091,E-MTAB-4945,microarray,arrayexpress,keratinocyte,keratinocyte,normal,normal,unknown,unknown,none,keloid_vs_normal,normal,sample,profile,existing,False,False,microarray|E-MTAB-4945|03ss0091,non_keloid,non_keloid,exclude,exclude,exclude,non_keloid,exclude,False
E-MTAB-4945_Sample_19,E-MTAB-4945,03ss0084,E-MTAB-4945,microarray,arrayexpress,keratinocyte,keratinocyte,normal,normal,unknown,unknown,none,keloid_vs_normal,normal,sample,profile,existing,False,False,microarray|E-MTAB-4945|03ss0084,non_keloid,non_keloid,exclude,exclude,exclude,non_keloid,exclude,False
E-MTAB-4945_Sample_20,E-MTAB-4945,02ss0088,E-MTAB-4945,microarray,arrayexpress,keratinocyte,keratinocyte,normal,normal,unknown,unknown,none,keloid_vs_normal,normal,sample,profile,existing,False,False,microarray|E-MTAB-4945|02ss0088,non_keloid,non_keloid,exclude,exclude,exclude,non_keloid,exclude,False
E-MTAB-4945_Sample_21,E-MTAB-4945,02ss0086,E-MTAB-4945,microarray,arrayexpress,epidermis,bulk_tissue,normal,normal,unknown,unknown,none,keloid_vs_normal,normal,sample,profile,existing,False,False,microarray|E-MTAB-4945|02ss0086,non_keloid,non_keloid,exclude,exclude,non_keloid,non_keloid,exclude,True
E-MTAB-4945_Sample_22,E-MTAB-4945,02ss0086,E-MTAB-4945,microarray,arrayexpress,dermis,bulk_tissue,normal,normal,unknown,unknown,none,keloid_vs_normal,normal,sample,profile,existing,False,False,microarray|E-MTAB-4945|02ss0086,non_keloid,non_keloid,exclude,exclude,non_keloid,non_keloid,exclude,True
E-MTAB-4945_Sample_23,E-MTAB-4945,03ss0091,E-MTAB-4945,microarray,arrayexpress,fibroblast,primary_fibroblast,normal,normal,unknown,unknown,none,keloid_vs_normal,normal,sample,profile,existing,False,False,microarray|E-MTAB-4945|03ss0091,non_keloid,non_keloid,exclude,exclude,exclude,non_keloid,non_keloid,False
E-MTAB-4945_Sample_24,E-MTAB-4945,19KD0014,E-MTAB-4945,microarray,arrayexpress,fibroblast,primary_fibroblast,keloid,keloid,unknown,unknown,none,keloid_vs_normal,keloid,sample,profile,existing,False,False,microarray|E-MTAB-4945|19KD0014,keloid,keloid,exclude,exclude,exclude,keloid,keloid,False
E-MTAB-4945_Sample_33,E-MTAB-4945,19KD0014,E-MTAB-4945,microarray,arrayexpress,epidermis,bulk_tissue,keloid,keloid,keloid_extralesional,unknown,none,keloid_vs_normal,keloid,sample,profile,existing,False,False,microarray|E-MTAB-4945|19KD0014,keloid,keloid,exclude,exclude,keloid,keloid,exclude,True
E-MTAB-4945_Sample_34,E-MTAB-4945,19KD0014,E-MTAB-4945,microarray,arrayexpress,dermis,bulk_tissue,keloid,keloid,keloid_extralesional,unknown,none,keloid_vs_normal,keloid,sample,profile,existing,False,False,microarray|E-MTAB-4945|19KD0014,keloid,keloid,exclude,exclude,keloid,keloid,exclude,True
E-MTAB-4945_Sample_35,E-MTAB-4945,19KD0015,E-MTAB-4945,microarray,arrayexpress,epidermis,bulk_tissue,keloid,keloid,keloid_extralesional,unknown,none,keloid_vs_normal,keloid,sample,profile,existing,False,False,microarray|E-MTAB-4945|19KD0015,keloid,keloid,exclude,exclude,keloid,keloid,exclude,True
E-MTAB-4945_Sample_36,E-MTAB-4945,19KD0015,E-MTAB-4945,microarray,arrayexpress,dermis,bulk_tissue,keloid,keloid,keloid_extralesional,unknown,none,keloid_vs_normal,keloid,sample,profile,existing,False,False,microarray|E-MTAB-4945|19KD0015,keloid,keloid,exclude,exclude,keloid,keloid,exclude,True
E-MTAB-4945_Sample_37,E-MTAB-4945,19KD0023,E-MTAB-4945,microarray,arrayexpress,epidermis,bulk_tissue,keloid,keloid,keloid_centre,unknown,none,keloid_vs_normal,keloid,sample,profile,existing,False,False,microarray|E-MTAB-4945|19KD0023,keloid,keloid,exclude,exclude,keloid,keloid,exclude,True
E-MTAB-4945_Sample_38,E-MTAB-4945,19KD0023,E-MTAB-4945,microarray,arrayexpress,dermis,bulk_tissue,keloid,keloid,keloid_centre,unknown,none,keloid_vs_normal,keloid,sample,profile,existing,False,False,microarray|E-MTAB-4945|19KD0023,keloid,keloid,exclude,exclude,keloid,keloid,exclude,True
E-MTAB-4945_Sample_39,E-MTAB-4945,19KD0023,E-MTAB-4945,microarray,arrayexpress,epidermis,bulk_tissue,keloid,keloid,keloid_extralesional,unknown,none,keloid_vs_normal,keloid,sample,profile,existing,False,False,microarray|E-MTAB-4945|19KD0023,keloid,keloid,exclude,exclude,keloid,keloid,exclude,True
E-MTAB-4945_Sample_40,E-MTAB-4945,19KD0023,E-MTAB-4945,microarray,arrayexpress,dermis,bulk_tissue,keloid,keloid,keloid_extralesional,unknown,none,keloid_vs_normal,keloid,sample,profile,existing,False,False,microarray|E-MTAB-4945|19KD0023,keloid,keloid,exclude,exclude,keloid,keloid,exclude,True
JKR491-163/BA_Normal_Normal_410,GSE158395,JKR491-163/BA,bulk_rnaseq,bulk_rnaseq,bulk_rnaseq,bulk_tissue,bulk_tissue,normal,normal,unknown,control,none,keloid_vs_normal,normal,sample,profile,unknown,False,False,bulk_rnaseq|GSE158395|JKR491-163/BA,non_keloid,non_keloid,exclude,exclude,non_keloid,non_keloid,exclude,True
JKR782-003_Keloid_LS_K5,GSE158395,JKR782-003,bulk_rnaseq,bulk_rnaseq,bulk_rnaseq,bulk_tissue,bulk_tissue,keloid,keloid,unknown,lesional,none,lesional_status,lesional,sample,profile,unknown,False,False,bulk_rnaseq|GSE158395|JKR782-003,keloid,keloid,exclude,exclude,keloid,exclude,exclude,True
JKR782-003_Keloid_LS_K4,GSE158395,JKR782-003,bulk_rnaseq,bulk_rnaseq,bulk_rnaseq,bulk_tissue,bulk_tissue,keloid,keloid,unknown,lesional,none,lesional_status,lesional,sample,profile,unknown,False,False,bulk_rnaseq|GSE158395|JKR782-003,keloid,keloid,exclude,exclude,keloid,exclude,exclude,True
JKR782-004_Keloid_NL_K6,GSE158395,JKR782-004,bulk_rnaseq,bulk_rnaseq,bulk_rnaseq,bulk_tissue,bulk_tissue,keloid,keloid,unknown,non_lesional,none,lesional_status,non_lesional,sample,profile,unknown,False,False,bulk_rnaseq|GSE158395|JKR782-004,keloid,keloid,exclude,exclude,non_keloid,exclude,exclude,True
JKR782-001_Keloid_LS_K2,GSE158395,JKR782-001,bulk_rnaseq,bulk_rnaseq,bulk_rnaseq,bulk_tissue,bulk_tissue,keloid,keloid,unknown,lesional,none,lesional_status,lesional,sample,profile,unknown,False,False,bulk_rnaseq|GSE158395|JKR782-001,keloid,keloid,exclude,exclude,keloid,exclude,exclude,True
N2_Normal_Normal_N2,GSE158395,N2,bulk_rnaseq,bulk_rnaseq,bulk_rnaseq,bulk_tissue,bulk_tissue,normal,normal,unknown,control,none,keloid_vs_normal,normal,sample,profile,unknown,False,False,bulk_rnaseq|GSE158395|N2,non_keloid,non_keloid,exclude,exclude,non_keloid,non_keloid,exclude,True
JKR782-003_Keloid_NL_K3,GSE158395,JKR782-003,bulk_rnaseq,bulk_rnaseq,bulk_rnaseq,bulk_tissue,bulk_tissue,keloid,keloid,unknown,non_lesional,none,lesional_status,non_lesional,sample,profile,unknown,False,False,bulk_rnaseq|GSE158395|JKR782-003,keloid,keloid,exclude,exclude,non_keloid,exclude,exclude,True
N20_Normal_Normal_N20,GSE158395,N20,bulk_rnaseq,bulk_rnaseq,bulk_rnaseq,bulk_tissue,bulk_tissue,normal,normal,unknown,control,none,keloid_vs_normal,normal,sample,profile,unknown,False,False,bulk_rnaseq|GSE158395|N20,non_keloid,non_keloid,exclude,exclude,non_keloid,non_keloid,exclude,True
N3_Normal_Normal_N3,GSE158395,N3,bulk_rnaseq,bulk_rnaseq,bulk_rnaseq,bulk_tissue,bulk_tissue,normal,normal,unknown,control,none,keloid_vs_normal,normal,sample,profile,unknown,False,False,bulk_rnaseq|GSE158395|N3,non_keloid,non_keloid,exclude,exclude,non_keloid,non_keloid,exclude,True
N19_Normal_Normal_N19,GSE158395,N19,bulk_rnaseq,bulk_rnaseq,bulk_rnaseq,bulk_tissue,bulk_tissue,normal,normal,unknown,control,none,keloid_vs_normal,normal,sample,profile,unknown,False,False,bulk_rnaseq|GSE158395|N19,non_keloid,non_keloid,exclude,exclude,non_keloid,non_keloid,exclude,True
N1_Normal_Normal_N1,GSE158395,N1,bulk_rnaseq,bulk_rnaseq,bulk_rnaseq,bulk_tissue,bulk_tissue,normal,normal,unknown,control,none,keloid_vs_normal,normal,sample,profile,unknown,False,False,bulk_rnaseq|GSE158395|N1,non_keloid,non_keloid,exclude,exclude,non_keloid,non_keloid,exclude,True
JKR782-004_Keloid_LS_K7,GSE158395,JKR782-004,bulk_rnaseq,bulk_rnaseq,bulk_rnaseq,bulk_tissue,bulk_tissue,keloid,keloid,unknown,lesional,none,lesional_status,lesional,sample,profile,unknown,False,False,bulk_rnaseq|GSE158395|JKR782-004,keloid,keloid,exclude,exclude,keloid,exclude,exclude,True
JKR782-001_Keloid_NL_K1,GSE158395,JKR782-001,bulk_rnaseq,bulk_rnaseq,bulk_rnaseq,bulk_tissue,bulk_tissue,keloid,keloid,unknown,non_lesional,none,lesional_status,non_lesional,sample,profile,unknown,False,False,bulk_rnaseq|GSE158395|JKR782-001,keloid,keloid,exclude,exclude,non_keloid,exclude,exclude,True
Keloid_01,GSE188952,unknown,bulk_rnaseq,bulk_rnaseq,bulk_rnaseq,bulk_tissue,bulk_tissue,keloid,keloid,keloid,unknown,none,scar_differential,keloid,sample,profile,unknown,False,True,bulk_rnaseq|GSE188952|accession,keloid,keloid,keloid,keloid,exclude,keloid,exclude,False
Keloid_02,GSE188952,unknown,bulk_rnaseq,bulk_rnaseq,bulk_rnaseq,bulk_tissue,bulk_tissue,keloid,keloid,keloid,unknown,none,scar_differential,keloid,sample,profile,unknown,False,True,bulk_rnaseq|GSE188952|accession,keloid,keloid,keloid,keloid,exclude,keloid,exclude,False
Keloid_03,GSE188952,unknown,bulk_rnaseq,bulk_rnaseq,bulk_rnaseq,bulk_tissue,bulk_tissue,keloid,keloid,keloid,unknown,none,scar_differential,keloid,sample,profile,unknown,False,True,bulk_rnaseq|GSE188952|accession,keloid,keloid,keloid,keloid,exclude,keloid,exclude,False
Keloid_04,GSE188952,unknown,bulk_rnaseq,bulk_rnaseq,bulk_rnaseq,bulk_tissue,bulk_tissue,keloid,keloid,keloid,unknown,none,scar_differential,keloid,sample,profile,unknown,False,True,bulk_rnaseq|GSE188952|accession,keloid,keloid,keloid,keloid,exclude,keloid,exclude,False
HypertrophicScar_01,GSE188952,unknown,bulk_rnaseq,bulk_rnaseq,bulk_rnaseq,bulk_tissue,bulk_tissue,hypertrophic_scar,unknown,hypertrophic_scar,unknown,none,scar_differential,hypertrophic_scar,sample,profile,unknown,False,True,bulk_rnaseq|GSE188952|accession,non_keloid,non_keloid,exclude,non_keloid,exclude,exclude,exclude,False
HypertrophicScar_02,GSE188952,unknown,bulk_rnaseq,bulk_rnaseq,bulk_rnaseq,bulk_tissue,bulk_tissue,hypertrophic_scar,unknown,hypertrophic_scar,unknown,none,scar_differential,hypertrophic_scar,sample,profile,unknown,False,True,bulk_rnaseq|GSE188952|accession,non_keloid,non_keloid,exclude,non_keloid,exclude,exclude,exclude,False
HypertrophicScar_03,GSE188952,unknown,bulk_rnaseq,bulk_rnaseq,bulk_rnaseq,bulk_tissue,bulk_tissue,hypertrophic_scar,unknown,hypertrophic_scar,unknown,none,scar_differential,hypertrophic_scar,sample,profile,unknown,False,True,bulk_rnaseq|GSE188952|accession,non_keloid,non_keloid,exclude,non_keloid,exclude,exclude,exclude,False
HypertrophicScar_04,GSE188952,unknown,bulk_rnaseq,bulk_rnaseq,bulk_rnaseq,bulk_tissue,bulk_tissue,hypertrophic_scar,unknown,hypertrophic_scar,unknown,none,scar_differential,hypertrophic_scar,sample,profile,unknown,False,True,bulk_rnaseq|GSE188952|accession,non_keloid,non_keloid,exclude,non_keloid,exclude,exclude,exclude,False
HypertrophicScar_05,GSE188952,unknown,bulk_rnaseq,bulk_rnaseq,bulk_rnaseq,bulk_tissue,bulk_tissue,hypertrophic_scar,unknown,hypertrophic_scar,unknown,none,scar_differential,hypertrophic_scar,sample,profile,unknown,False,True,bulk_rnaseq|GSE188952|accession,non_keloid,non_keloid,exclude,non_keloid,exclude,exclude,exclude,False
NormotrophicScar_01,GSE188952,unknown,bulk_rnaseq,bulk_rnaseq,bulk_rnaseq,bulk_tissue,bulk_tissue,normotrophic_scar,unknown,normotrophic_scar,unknown,none,scar_differential,normotrophic_scar,sample,profile,unknown,False,True,bulk_rnaseq|GSE188952|accession,non_keloid,non_keloid,non_keloid,exclude,exclude,exclude,exclude,False
NormotrophicScar_02,GSE188952,unknown,bulk_rnaseq,bulk_rnaseq,bulk_rnaseq,bulk_tissue,bulk_tissue,normotrophic_scar,unknown,normotrophic_scar,unknown,none,scar_differential,normotrophic_scar,sample,profile,unknown,False,True,bulk_rnaseq|GSE188952|accession,non_keloid,non_keloid,non_keloid,exclude,exclude,exclude,exclude,False
NormotrophicScar_03,GSE188952,unknown,bulk_rnaseq,bulk_rnaseq,bulk_rnaseq,bulk_tissue,bulk_tissue,normotrophic_scar,unknown,normotrophic_scar,unknown,none,scar_differential,normotrophic_scar,sample,profile,unknown,False,True,bulk_rnaseq|GSE188952|accession,non_keloid,non_keloid,non_keloid,exclude,exclude,exclude,exclude,False
Control_N_1,Sun_Burns,unknown,bulk_rnaseq,bulk_rnaseq,bulk_rnaseq,bulk_tissue,bulk_tissue,normal,normal,unknown,unknown,none,keloid_vs_normal,normal,sample,profile,unknown,False,True,bulk_rnaseq|Sun_Burns|accession,non_keloid,non_keloid,exclude,exclude,non_keloid,non_keloid,exclude,True
Control_N_2,Sun_Burns,unknown,bulk_rnaseq,bulk_rnaseq,bulk_rnaseq,bulk_tissue,bulk_tissue,normal,normal,unknown,unknown,none,keloid_vs_normal,normal,sample,profile,unknown,False,True,bulk_rnaseq|Sun_Burns|accession,non_keloid,non_keloid,exclude,exclude,non_keloid,non_keloid,exclude,True
Control_N_3,Sun_Burns,unknown,bulk_rnaseq,bulk_rnaseq,bulk_rnaseq,bulk_tissue,bulk_tissue,normal,normal,unknown,unknown,none,keloid_vs_normal,normal,sample,profile,unknown,False,True,bulk_rnaseq|Sun_Burns|accession,non_keloid,non_keloid,exclude,exclude,non_keloid,non_keloid,exclude,True
Control_N_4,Sun_Burns,unknown,bulk_rnaseq,bulk_rnaseq,bulk_rnaseq,bulk_tissue,bulk_tissue,normal,normal,unknown,unknown,none,keloid_vs_normal,normal,sample,profile,unknown,False,True,bulk_rnaseq|Sun_Burns|accession,non_keloid,non_keloid,exclude,exclude,non_keloid,non_keloid,exclude,True
Control_N_5,Sun_Burns,unknown,bulk_rnaseq,bulk_rnaseq,bulk_rnaseq,bulk_tissue,bulk_tissue,normal,normal,unknown,unknown,none,keloid_vs_normal,normal,sample,profile,unknown,False,True,bulk_rnaseq|Sun_Burns|accession,non_keloid,non_keloid,exclude,exclude,non_keloid,non_keloid,exclude,True
Control_N_6,Sun_Burns,unknown,bulk_rnaseq,bulk_rnaseq,bulk_rnaseq,bulk_tissue,bulk_tissue,normal,normal,unknown,unknown,none,keloid_vs_normal,normal,sample,profile,unknown,False,True,bulk_rnaseq|Sun_Burns|accession,non_keloid,non_keloid,exclude,exclude,non_keloid,non_keloid,exclude,True
Control_N_7,Sun_Burns,unknown,bulk_rnaseq,bulk_rnaseq,bulk_rnaseq,bulk_tissue,bulk_tissue,normal,normal,unknown,unknown,none,keloid_vs_normal,normal,sample,profile,unknown,False,True,bulk_rnaseq|Sun_Burns|accession,non_keloid,non_keloid,exclude,exclude,non_keloid,non_keloid,exclude,True
Control_N_8,Sun_Burns,unknown,bulk_rnaseq,bulk_rnaseq,bulk_rnaseq,bulk_tissue,bulk_tissue,normal,normal,unknown,unknown,none,keloid_vs_normal,normal,sample,profile,unknown,False,True,bulk_rnaseq|Sun_Burns|accession,non_keloid,non_keloid,exclude,exclude,non_keloid,non_keloid,exclude,True
Treat_K_1,Sun_Burns,unknown,bulk_rnaseq,bulk_rnaseq,bulk_rnaseq,bulk_tissue,bulk_tissue,keloid,keloid,unknown,unknown,none,keloid_vs_normal,keloid,sample,profile,unknown,False,True,bulk_rnaseq|Sun_Burns|accession,keloid,keloid,exclude,exclude,keloid,keloid,exclude,True
Treat_K_2,Sun_Burns,unknown,bulk_rnaseq,bulk_rnaseq,bulk_rnaseq,bulk_tissue,bulk_tissue,keloid,keloid,unknown,unknown,none,keloid_vs_normal,keloid,sample,profile,unknown,False,True,bulk_rnaseq|Sun_Burns|accession,keloid,keloid,exclude,exclude,keloid,keloid,exclude,True
Treat_K_3,Sun_Burns,unknown,bulk_rnaseq,bulk_rnaseq,bulk_rnaseq,bulk_tissue,bulk_tissue,keloid,keloid,unknown,unknown,none,keloid_vs_normal,keloid,sample,profile,unknown,False,True,bulk_rnaseq|Sun_Burns|accession,keloid,keloid,exclude,exclude,keloid,keloid,exclude,True
Treat_K_4,Sun_Burns,unknown,bulk_rnaseq,bulk_rnaseq,bulk_rnaseq,bulk_tissue,bulk_tissue,keloid,keloid,unknown,unknown,none,keloid_vs_normal,keloid,sample,profile,unknown,False,True,bulk_rnaseq|Sun_Burns|accession,keloid,keloid,exclude,exclude,keloid,keloid,exclude,True
Treat_K_5,Sun_Burns,unknown,bulk_rnaseq,bulk_rnaseq,bulk_rnaseq,bulk_tissue,bulk_tissue,keloid,keloid,unknown,unknown,none,keloid_vs_normal,keloid,sample,profile,unknown,False,True,bulk_rnaseq|Sun_Burns|accession,keloid,keloid,exclude,exclude,keloid,keloid,exclude,True
Treat_K_6,Sun_Burns,unknown,bulk_rnaseq,bulk_rnaseq,bulk_rnaseq,bulk_tissue,bulk_tissue,keloid,keloid,unknown,unknown,none,keloid_vs_normal,keloid,sample,profile,unknown,False,True,bulk_rnaseq|Sun_Burns|accession,keloid,keloid,exclude,exclude,keloid,keloid,exclude,True
Treat_K_7,Sun_Burns,unknown,bulk_rnaseq,bulk_rnaseq,bulk_rnaseq,bulk_tissue,bulk_tissue,keloid,keloid,unknown,unknown,none,keloid_vs_normal,keloid,sample,profile,unknown,False,True,bulk_rnaseq|Sun_Burns|accession,keloid,keloid,exclude,exclude,keloid,keloid,exclude,True
Treat_K_8,Sun_Burns,unknown,bulk_rnaseq,bulk_rnaseq,bulk_rnaseq,bulk_tissue,bulk_tissue,keloid,keloid,unknown,unknown,none,keloid_vs_normal,keloid,sample,profile,unknown,False,True,bulk_rnaseq|Sun_Burns|accession,keloid,keloid,exclude,exclude,keloid,keloid,exclude,True
Treat_K_9,Sun_Burns,unknown,bulk_rnaseq,bulk_rnaseq,bulk_rnaseq,bulk_tissue,bulk_tissue,keloid,keloid,unknown,unknown,none,keloid_vs_normal,keloid,sample,profile,unknown,False,True,bulk_rnaseq|Sun_Burns|accession,keloid,keloid,exclude,exclude,keloid,keloid,exclude,True
Treat_K_10,Sun_Burns,unknown,bulk_rnaseq,bulk_rnaseq,bulk_rnaseq,bulk_tissue,bulk_tissue,keloid,keloid,unknown,unknown,none,keloid_vs_normal,keloid,sample,profile,unknown,False,True,bulk_rnaseq|Sun_Burns|accession,keloid,keloid,exclude,exclude,keloid,keloid,exclude,True
Treat_K_11,Sun_Burns,unknown,bulk_rnaseq,bulk_rnaseq,bulk_rnaseq,bulk_tissue,bulk_tissue,keloid,keloid,unknown,unknown,none,keloid_vs_normal,keloid,sample,profile,unknown,False,True,bulk_rnaseq|Sun_Burns|accession,keloid,keloid,exclude,exclude,keloid,keloid,exclude,True
Treat_K_12,Sun_Burns,unknown,bulk_rnaseq,bulk_rnaseq,bulk_rnaseq,bulk_tissue,bulk_tissue,keloid,keloid,unknown,unknown,none,keloid_vs_normal,keloid,sample,profile,unknown,False,True,bulk_rnaseq|Sun_Burns|accession,keloid,keloid,exclude,exclude,keloid,keloid,exclude,True
Treat_K_13,Sun_Burns,unknown,bulk_rnaseq,bulk_rnaseq,bulk_rnaseq,bulk_tissue,bulk_tissue,keloid,keloid,unknown,unknown,none,keloid_vs_normal,keloid,sample,profile,unknown,False,True,bulk_rnaseq|Sun_Burns|accession,keloid,keloid,exclude,exclude,keloid,keloid,exclude,True
Treat_K_14,Sun_Burns,unknown,bulk_rnaseq,bulk_rnaseq,bulk_rnaseq,bulk_tissue,bulk_tissue,keloid,keloid,unknown,unknown,none,keloid_vs_normal,keloid,sample,profile,unknown,False,True,bulk_rnaseq|Sun_Burns|accession,keloid,keloid,exclude,exclude,keloid,keloid,exclude,True
Treat_K_15,Sun_Burns,unknown,bulk_rnaseq,bulk_rnaseq,bulk_rnaseq,bulk_tissue,bulk_tissue,keloid,keloid,unknown,unknown,none,keloid_vs_normal,keloid,sample,profile,unknown,False,True,bulk_rnaseq|Sun_Burns|accession,keloid,keloid,exclude,exclude,keloid,keloid,exclude,True
Treat_K_16,Sun_Burns,unknown,bulk_rnaseq,bulk_rnaseq,bulk_rnaseq,bulk_tissue,bulk_tissue,keloid,keloid,unknown,unknown,none,keloid_vs_normal,keloid,sample,profile,unknown,False,True,bulk_rnaseq|Sun_Burns|accession,keloid,keloid,exclude,exclude,keloid,keloid,exclude,True
Treat_K_17,Sun_Burns,unknown,bulk_rnaseq,bulk_rnaseq,bulk_rnaseq,bulk_tissue,bulk_tissue,keloid,keloid,unknown,unknown,none,keloid_vs_normal,keloid,sample,profile,unknown,False,True,bulk_rnaseq|Sun_Burns|accession,keloid,keloid,exclude,exclude,keloid,keloid,exclude,True
GSE175866_KF_other_keloid_fibroblasts,GSE175866,pooled,GPL24676,scrna_pseudobulk,scrna_spatial,other_keloid_fibroblast,primary_fibroblast,keloid,keloid,keloid,lesional,none,fibroblast_state,other_keloid_fibroblast,cell_state,,unknown,False,False,scrna_pseudobulk|GSE175866|pooled,keloid,keloid,keloid,keloid,exclude,keloid,keloid,False
GSE175866_KZ_CD266pos_CD9neg_fibroblasts,GSE175866,pooled,GPL24676,scrna_pseudobulk,scrna_spatial,CD266pos_CD9neg_fibroblast,primary_fibroblast,keloid,keloid,keloid,lesional,none,fibroblast_state,CD266pos_CD9neg_fibroblast,cell_state,,unknown,False,False,scrna_pseudobulk|GSE175866|pooled,keloid,keloid,keloid,keloid,exclude,keloid,keloid,False
GSE163973_KF1_Endothelial,GSE163973,KF1,GPL24676,scrna_pseudobulk,scrna_spatial,Endothelial,endothelial,keloid,keloid,keloid,lesional,none,cell_type,Endothelial,pseudobulk,celltype_pseudobulk,unknown,False,False,scrna_pseudobulk|GSE163973|KF1,exclude,keloid,keloid,keloid,exclude,keloid,exclude,False
GSE163973_KF1_Fibroblast,GSE163973,KF1,GPL24676,scrna_pseudobulk,scrna_spatial,Fibroblast,primary_fibroblast,keloid,keloid,keloid,lesional,none,cell_type,Fibroblast,pseudobulk,celltype_pseudobulk,unknown,False,False,scrna_pseudobulk|GSE163973|KF1,exclude,keloid,keloid,keloid,exclude,keloid,keloid,False
GSE163973_KF1_Keratinocyte,GSE163973,KF1,GPL24676,scrna_pseudobulk,scrna_spatial,Keratinocyte,keratinocyte,keloid,keloid,keloid,lesional,none,cell_type,Keratinocyte,pseudobulk,celltype_pseudobulk,unknown,False,False,scrna_pseudobulk|GSE163973|KF1,exclude,keloid,keloid,keloid,exclude,keloid,exclude,False
GSE163973_KF1_Unknown,GSE163973,KF1,GPL24676,scrna_pseudobulk,scrna_spatial,Unknown,bulk_tissue,keloid,keloid,keloid,lesional,none,cell_type,Unknown,pseudobulk,celltype_pseudobulk,unknown,False,False,scrna_pseudobulk|GSE163973|KF1,exclude,keloid,keloid,keloid,exclude,keloid,exclude,False
GSE163973_KF1_muscle_fiber,GSE163973,KF1,GPL24676,scrna_pseudobulk,scrna_spatial,muscle_fiber,scrna_pseudobulk,keloid,keloid,keloid,lesional,none,cell_type,muscle_fiber,pseudobulk,celltype_pseudobulk,unknown,False,False,scrna_pseudobulk|GSE163973|KF1,exclude,keloid,keloid,keloid,exclude,keloid,exclude,False
GSE163973_KF1_Lymphatic_endothelial,GSE163973,KF1,GPL24676,scrna_pseudobulk,scrna_spatial,Lymphatic_endothelial,endothelial,keloid,keloid,keloid,lesional,none,cell_type,Lymphatic_endothelial,pseudobulk,celltype_pseudobulk,unknown,False,False,scrna_pseudobulk|GSE163973|KF1,exclude,keloid,keloid,keloid,exclude,keloid,exclude,False
GSE163973_KF1_Immune_cell,GSE163973,KF1,GPL24676,scrna_pseudobulk,scrna_spatial,Immune_cell,scrna_pseudobulk,keloid,keloid,keloid,lesional,none,cell_type,Immune_cell,pseudobulk,celltype_pseudobulk,unknown,False,False,scrna_pseudobulk|GSE163973|KF1,exclude,keloid,keloid,keloid,exclude,keloid,exclude,False
GSE163973_KF1_Glandular,GSE163973,KF1,GPL24676,scrna_pseudobulk,scrna_spatial,Glandular,scrna_pseudobulk,keloid,keloid,keloid,lesional,none,cell_type,Glandular,pseudobulk,celltype_pseudobulk,unknown,False,False,scrna_pseudobulk|GSE163973|KF1,exclude,keloid,keloid,keloid,exclude,keloid,exclude,False
GSE163973_KF1_Neural_cell,GSE163973,KF1,GPL24676,scrna_pseudobulk,scrna_spatial,Neural_cell,scrna_pseudobulk,keloid,keloid,keloid,lesional,none,cell_type,Neural_cell,pseudobulk,celltype_pseudobulk,unknown,False,False,scrna_pseudobulk|GSE163973|KF1,exclude,keloid,keloid,keloid,exclude,keloid,exclude,False
GSE163973_KF1_Endothelial_cluster_0,GSE163973,KF1,GPL24676,scrna_pseudobulk,scrna_spatial,Endothelial,endothelial,keloid,keloid,keloid,lesional,none,celltype_subcluster,Endothelial_cluster_0,cell_state,celltype_pseudobulk,unknown,False,False,scrna_pseudobulk|GSE163973|KF1,exclude,keloid,keloid,keloid,exclude,keloid,exclude,False
GSE163973_KF1_Endothelial_cluster_5,GSE163973,KF1,GPL24676,scrna_pseudobulk,scrna_spatial,Endothelial,endothelial,keloid,keloid,keloid,lesional,none,celltype_subcluster,Endothelial_cluster_5,cell_state,celltype_pseudobulk,unknown,False,False,scrna_pseudobulk|GSE163973|KF1,exclude,keloid,keloid,keloid,exclude,keloid,exclude,False
GSE163973_KF1_Endothelial_cluster_6,GSE163973,KF1,GPL24676,scrna_pseudobulk,scrna_spatial,Endothelial,endothelial,keloid,keloid,keloid,lesional,none,celltype_subcluster,Endothelial_cluster_6,cell_state,celltype_pseudobulk,unknown,False,False,scrna_pseudobulk|GSE163973|KF1,exclude,keloid,keloid,keloid,exclude,keloid,exclude,False
GSE163973_KF1_Fibroblast_cluster_1,GSE163973,KF1,GPL24676,scrna_pseudobulk,scrna_spatial,Fibroblast,primary_fibroblast,keloid,keloid,keloid,lesional,none,celltype_subcluster,Fibroblast_cluster_1,cell_state,celltype_pseudobulk,unknown,False,False,scrna_pseudobulk|GSE163973|KF1,exclude,keloid,keloid,keloid,exclude,keloid,keloid,False
GSE163973_KF1_Fibroblast_cluster_3,GSE163973,KF1,GPL24676,scrna_pseudobulk,scrna_spatial,Fibroblast,primary_fibroblast,keloid,keloid,keloid,lesional,none,celltype_subcluster,Fibroblast_cluster_3,cell_state,celltype_pseudobulk,unknown,False,False,scrna_pseudobulk|GSE163973|KF1,exclude,keloid,keloid,keloid,exclude,keloid,keloid,False
GSE163973_KF1_Fibroblast_cluster_7,GSE163973,KF1,GPL24676,scrna_pseudobulk,scrna_spatial,Fibroblast,primary_fibroblast,keloid,keloid,keloid,lesional,none,celltype_subcluster,Fibroblast_cluster_7,cell_state,celltype_pseudobulk,unknown,False,False,scrna_pseudobulk|GSE163973|KF1,exclude,keloid,keloid,keloid,exclude,keloid,keloid,False
GSE163973_KF1_Fibroblast_cluster_13,GSE163973,KF1,GPL24676,scrna_pseudobulk,scrna_spatial,Fibroblast,primary_fibroblast,keloid,keloid,keloid,lesional,none,celltype_subcluster,Fibroblast_cluster_13,cell_state,celltype_pseudobulk,unknown,False,False,scrna_pseudobulk|GSE163973|KF1,exclude,keloid,keloid,keloid,exclude,keloid,keloid,False
GSE163973_KF1_Fibroblast_cluster_14,GSE163973,KF1,GPL24676,scrna_pseudobulk,scrna_spatial,Fibroblast,primary_fibroblast,keloid,keloid,keloid,lesional,none,celltype_subcluster,Fibroblast_cluster_14,cell_state,celltype_pseudobulk,unknown,False,False,scrna_pseudobulk|GSE163973|KF1,exclude,keloid,keloid,keloid,exclude,keloid,keloid,False
GSE163973_KF1_Glandular_cluster_15,GSE163973,KF1,GPL24676,scrna_pseudobulk,scrna_spatial,Glandular,scrna_pseudobulk,keloid,keloid,keloid,lesional,none,celltype_subcluster,Glandular_cluster_15,cell_state,celltype_pseudobulk,unknown,False,False,scrna_pseudobulk|GSE163973|KF1,exclude,keloid,keloid,keloid,exclude,keloid,exclude,False
GSE163973_KF1_Immune_cell_cluster_10,GSE163973,KF1,GPL24676,scrna_pseudobulk,scrna_spatial,Immune_cell,scrna_pseudobulk,keloid,keloid,keloid,lesional,none,celltype_subcluster,Immune_cell_cluster_10,cell_state,celltype_pseudobulk,unknown,False,False,scrna_pseudobulk|GSE163973|KF1,exclude,keloid,keloid,keloid,exclude,keloid,exclude,False
GSE163973_KF1_Keratinocyte_cluster_4,GSE163973,KF1,GPL24676,scrna_pseudobulk,scrna_spatial,Keratinocyte,keratinocyte,keloid,keloid,keloid,lesional,none,celltype_subcluster,Keratinocyte_cluster_4,cell_state,celltype_pseudobulk,unknown,False,False,scrna_pseudobulk|GSE163973|KF1,exclude,keloid,keloid,keloid,exclude,keloid,exclude,False
GSE163973_KF1_Keratinocyte_cluster_8,GSE163973,KF1,GPL24676,scrna_pseudobulk,scrna_spatial,Keratinocyte,keratinocyte,keloid,keloid,keloid,lesional,none,celltype_subcluster,Keratinocyte_cluster_8,cell_state,celltype_pseudobulk,unknown,False,False,scrna_pseudobulk|GSE163973|KF1,exclude,keloid,keloid,keloid,exclude,keloid,exclude,False
GSE163973_KF1_Keratinocyte_cluster_12,GSE163973,KF1,GPL24676,scrna_pseudobulk,scrna_spatial,Keratinocyte,keratinocyte,keloid,keloid,keloid,lesional,none,celltype_subcluster,Keratinocyte_cluster_12,cell_state,celltype_pseudobulk,unknown,False,False,scrna_pseudobulk|GSE163973|KF1,exclude,keloid,keloid,keloid,exclude,keloid,exclude,False
GSE163973_KF1_Keratinocyte_cluster_16,GSE163973,KF1,GPL24676,scrna_pseudobulk,scrna_spatial,Keratinocyte,keratinocyte,keloid,keloid,keloid,lesional,none,celltype_subcluster,Keratinocyte_cluster_16,cell_state,celltype_pseudobulk,unknown,False,False,scrna_pseudobulk|GSE163973|KF1,exclude,keloid,keloid,keloid,exclude,keloid,exclude,False
GSE163973_KF1_Lymphatic_endothelial_cluster_11,GSE163973,KF1,GPL24676,scrna_pseudobulk,scrna_spatial,Lymphatic_endothelial,endothelial,keloid,keloid,keloid,lesional,none,celltype_subcluster,Lymphatic_endothelial_cluster_11,cell_state,celltype_pseudobulk,unknown,False,False,scrna_pseudobulk|GSE163973|KF1,exclude,keloid,keloid,keloid,exclude,keloid,exclude,False
GSE163973_KF1_Neural_cell_cluster_18,GSE163973,KF1,GPL24676,scrna_pseudobulk,scrna_spatial,Neural_cell,scrna_pseudobulk,keloid,keloid,keloid,lesional,none,celltype_subcluster,Neural_cell_cluster_18,cell_state,celltype_pseudobulk,unknown,False,False,scrna_pseudobulk|GSE163973|KF1,exclude,keloid,keloid,keloid,exclude,keloid,exclude,False
GSE163973_KF1_muscle_fiber_cluster_2,GSE163973,KF1,GPL24676,scrna_pseudobulk,scrna_spatial,muscle_fiber,scrna_pseudobulk,keloid,keloid,keloid,lesional,none,celltype_subcluster,muscle_fiber_cluster_2,cell_state,celltype_pseudobulk,unknown,False,False,scrna_pseudobulk|GSE163973|KF1,exclude,keloid,keloid,keloid,exclude,keloid,exclude,False
GSE163973_KF1_muscle_fiber_cluster_9,GSE163973,KF1,GPL24676,scrna_pseudobulk,scrna_spatial,muscle_fiber,scrna_pseudobulk,keloid,keloid,keloid,lesional,none,celltype_subcluster,muscle_fiber_cluster_9,cell_state,celltype_pseudobulk,unknown,False,False,scrna_pseudobulk|GSE163973|KF1,exclude,keloid,keloid,keloid,exclude,keloid,exclude,False
GSE163973_KF1_fib_cluster_0,GSE163973,KF1,GPL24676,scrna_pseudobulk,scrna_spatial,fibroblast,primary_fibroblast,keloid,keloid,keloid,lesional,none,fibroblast_subcluster,fib_cluster_0,cell_state,celltype_pseudobulk,unknown,False,False,scrna_pseudobulk|GSE163973|KF1,exclude,keloid,keloid,keloid,exclude,keloid,keloid,False
GSE163973_KF1_fib_cluster_1,GSE163973,KF1,GPL24676,scrna_pseudobulk,scrna_spatial,fibroblast,primary_fibroblast,keloid,keloid,keloid,lesional,none,fibroblast_subcluster,fib_cluster_1,cell_state,celltype_pseudobulk,unknown,False,False,scrna_pseudobulk|GSE163973|KF1,exclude,keloid,keloid,keloid,exclude,keloid,keloid,False
GSE163973_KF1_fib_cluster_2,GSE163973,KF1,GPL24676,scrna_pseudobulk,scrna_spatial,fibroblast,primary_fibroblast,keloid,keloid,keloid,lesional,none,fibroblast_subcluster,fib_cluster_2,cell_state,celltype_pseudobulk,unknown,False,False,scrna_pseudobulk|GSE163973|KF1,exclude,keloid,keloid,keloid,exclude,keloid,keloid,False
GSE163973_KF1_fib_cluster_3,GSE163973,KF1,GPL24676,scrna_pseudobulk,scrna_spatial,fibroblast,primary_fibroblast,keloid,keloid,keloid,lesional,none,fibroblast_subcluster,fib_cluster_3,cell_state,celltype_pseudobulk,unknown,False,False,scrna_pseudobulk|GSE163973|KF1,exclude,keloid,keloid,keloid,exclude,keloid,keloid,False
GSE163973_KF1_fib_cluster_4,GSE163973,KF1,GPL24676,scrna_pseudobulk,scrna_spatial,fibroblast,primary_fibroblast,keloid,keloid,keloid,lesional,none,fibroblast_subcluster,fib_cluster_4,cell_state,celltype_pseudobulk,unknown,False,False,scrna_pseudobulk|GSE163973|KF1,exclude,keloid,keloid,keloid,exclude,keloid,keloid,False
GSE163973_KF1_fib_cluster_5,GSE163973,KF1,GPL24676,scrna_pseudobulk,scrna_spatial,fibroblast,primary_fibroblast,keloid,keloid,keloid,lesional,none,fibroblast_subcluster,fib_cluster_5,cell_state,celltype_pseudobulk,unknown,False,False,scrna_pseudobulk|GSE163973|KF1,exclude,keloid,keloid,keloid,exclude,keloid,keloid,False
GSE163973_KF1_fib_cluster_6,GSE163973,KF1,GPL24676,scrna_pseudobulk,scrna_spatial,fibroblast,primary_fibroblast,keloid,keloid,keloid,lesional,none,fibroblast_subcluster,fib_cluster_6,cell_state,celltype_pseudobulk,unknown,False,False,scrna_pseudobulk|GSE163973|KF1,exclude,keloid,keloid,keloid,exclude,keloid,keloid,False
GSE163973_KF1_fib_cluster_8,GSE163973,KF1,GPL24676,scrna_pseudobulk,scrna_spatial,fibroblast,primary_fibroblast,keloid,keloid,keloid,lesional,none,fibroblast_subcluster,fib_cluster_8,cell_state,celltype_pseudobulk,unknown,False,False,scrna_pseudobulk|GSE163973|KF1,exclude,keloid,keloid,keloid,exclude,keloid,keloid,False
GSE163973_KF1_fib_cluster_9,GSE163973,KF1,GPL24676,scrna_pseudobulk,scrna_spatial,fibroblast,primary_fibroblast,keloid,keloid,keloid,lesional,none,fibroblast_subcluster,fib_cluster_9,cell_state,celltype_pseudobulk,unknown,False,False,scrna_pseudobulk|GSE163973|KF1,exclude,keloid,keloid,keloid,exclude,keloid,keloid,False
GSE163973_KF1_fib_cluster_10,GSE163973,KF1,GPL24676,scrna_pseudobulk,scrna_spatial,fibroblast,primary_fibroblast,keloid,keloid,keloid,lesional,none,fibroblast_subcluster,fib_cluster_10,cell_state,celltype_pseudobulk,unknown,False,False,scrna_pseudobulk|GSE163973|KF1,exclude,keloid,keloid,keloid,exclude,keloid,keloid,False
GSE163973_KF1_fib_cluster_12,GSE163973,KF1,GPL24676,scrna_pseudobulk,scrna_spatial,fibroblast,primary_fibroblast,keloid,keloid,keloid,lesional,none,fibroblast_subcluster,fib_cluster_12,cell_state,celltype_pseudobulk,unknown,False,False,scrna_pseudobulk|GSE163973|KF1,exclude,keloid,keloid,keloid,exclude,keloid,keloid,False
GSE163973_KF1_all_cells,GSE163973,KF1,GPL24676,scrna_pseudobulk,scrna_spatial,all_cells,bulk_tissue,keloid,keloid,keloid,lesional,none,keloid_vs_normal,keloid,pseudobulk,donor_tissue,unknown,False,False,scrna_pseudobulk|GSE163973|KF1,keloid,keloid,keloid,keloid,exclude,keloid,exclude,False
GSE163973_KF2_Fibroblast,GSE163973,KF2,GPL24676,scrna_pseudobulk,scrna_spatial,Fibroblast,primary_fibroblast,keloid,keloid,keloid,lesional,none,cell_type,Fibroblast,pseudobulk,celltype_pseudobulk,unknown,False,False,scrna_pseudobulk|GSE163973|KF2,exclude,keloid,keloid,keloid,exclude,keloid,keloid,False
GSE163973_KF2_Endothelial,GSE163973,KF2,GPL24676,scrna_pseudobulk,scrna_spatial,Endothelial,endothelial,keloid,keloid,keloid,lesional,none,cell_type,Endothelial,pseudobulk,celltype_pseudobulk,unknown,False,False,scrna_pseudobulk|GSE163973|KF2,exclude,keloid,keloid,keloid,exclude,keloid,exclude,False
GSE163973_KF2_muscle_fiber,GSE163973,KF2,GPL24676,scrna_pseudobulk,scrna_spatial,muscle_fiber,scrna_pseudobulk,keloid,keloid,keloid,lesional,none,cell_type,muscle_fiber,pseudobulk,celltype_pseudobulk,unknown,False,False,scrna_pseudobulk|GSE163973|KF2,exclude,keloid,keloid,keloid,exclude,keloid,exclude,False
GSE163973_KF2_Keratinocyte,GSE163973,KF2,GPL24676,scrna_pseudobulk,scrna_spatial,Keratinocyte,keratinocyte,keloid,keloid,keloid,lesional,none,cell_type,Keratinocyte,pseudobulk,celltype_pseudobulk,unknown,False,False,scrna_pseudobulk|GSE163973|KF2,exclude,keloid,keloid,keloid,exclude,keloid,exclude,False
GSE163973_KF2_Immune_cell,GSE163973,KF2,GPL24676,scrna_pseudobulk,scrna_spatial,Immune_cell,scrna_pseudobulk,keloid,keloid,keloid,lesional,none,cell_type,Immune_cell,pseudobulk,celltype_pseudobulk,unknown,False,False,scrna_pseudobulk|GSE163973|KF2,exclude,keloid,keloid,keloid,exclude,keloid,exclude,False
GSE163973_KF2_Neural_cell,GSE163973,KF2,GPL24676,scrna_pseudobulk,scrna_spatial,Neural_cell,scrna_pseudobulk,keloid,keloid,keloid,lesional,none,cell_type,Neural_cell,pseudobulk,celltype_pseudobulk,unknown,False,False,scrna_pseudobulk|GSE163973|KF2,exclude,keloid,keloid,keloid,exclude,keloid,exclude,False
GSE163973_KF2_Glandular,GSE163973,KF2,GPL24676,scrna_pseudobulk,scrna_spatial,Glandular,scrna_pseudobulk,keloid,keloid,keloid,lesional,none,cell_type,Glandular,pseudobulk,celltype_pseudobulk,unknown,False,False,scrna_pseudobulk|GSE163973|KF2,exclude,keloid,keloid,keloid,exclude,keloid,exclude,False
GSE163973_KF2_Lymphatic_endothelial,GSE163973,KF2,GPL24676,scrna_pseudobulk,scrna_spatial,Lymphatic_endothelial,endothelial,keloid,keloid,keloid,lesional,none,cell_type,Lymphatic_endothelial,pseudobulk,celltype_pseudobulk,unknown,False,False,scrna_pseudobulk|GSE163973|KF2,exclude,keloid,keloid,keloid,exclude,keloid,exclude,False
GSE163973_KF2_Endothelial_cluster_0,GSE163973,KF2,GPL24676,scrna_pseudobulk,scrna_spatial,Endothelial,endothelial,keloid,keloid,keloid,lesional,none,celltype_subcluster,Endothelial_cluster_0,cell_state,celltype_pseudobulk,unknown,False,False,scrna_pseudobulk|GSE163973|KF2,exclude,keloid,keloid,keloid,exclude,keloid,exclude,False
GSE163973_KF2_Endothelial_cluster_5,GSE163973,KF2,GPL24676,scrna_pseudobulk,scrna_spatial,Endothelial,endothelial,keloid,keloid,keloid,lesional,none,celltype_subcluster,Endothelial_cluster_5,cell_state,celltype_pseudobulk,unknown,False,False,scrna_pseudobulk|GSE163973|KF2,exclude,keloid,keloid,keloid,exclude,keloid,exclude,False
GSE163973_KF2_Endothelial_cluster_6,GSE163973,KF2,GPL24676,scrna_pseudobulk,scrna_spatial,Endothelial,endothelial,keloid,keloid,keloid,lesional,none,celltype_subcluster,Endothelial_cluster_6,cell_state,celltype_pseudobulk,unknown,False,False,scrna_pseudobulk|GSE163973|KF2,exclude,keloid,keloid,keloid,exclude,keloid,exclude,False
GSE163973_KF2_Fibroblast_cluster_1,GSE163973,KF2,GPL24676,scrna_pseudobulk,scrna_spatial,Fibroblast,primary_fibroblast,keloid,keloid,keloid,lesional,none,celltype_subcluster,Fibroblast_cluster_1,cell_state,celltype_pseudobulk,unknown,False,False,scrna_pseudobulk|GSE163973|KF2,exclude,keloid,keloid,keloid,exclude,keloid,keloid,False
GSE163973_KF2_Fibroblast_cluster_3,GSE163973,KF2,GPL24676,scrna_pseudobulk,scrna_spatial,Fibroblast,primary_fibroblast,keloid,keloid,keloid,lesional,none,celltype_subcluster,Fibroblast_cluster_3,cell_state,celltype_pseudobulk,unknown,False,False,scrna_pseudobulk|GSE163973|KF2,exclude,keloid,keloid,keloid,exclude,keloid,keloid,False
GSE163973_KF2_Fibroblast_cluster_7,GSE163973,KF2,GPL24676,scrna_pseudobulk,scrna_spatial,Fibroblast,primary_fibroblast,keloid,keloid,keloid,lesional,none,celltype_subcluster,Fibroblast_cluster_7,cell_state,celltype_pseudobulk,unknown,False,False,scrna_pseudobulk|GSE163973|KF2,exclude,keloid,keloid,keloid,exclude,keloid,keloid,False
GSE163973_KF2_Fibroblast_cluster_13,GSE163973,KF2,GPL24676,scrna_pseudobulk,scrna_spatial,Fibroblast,primary_fibroblast,keloid,keloid,keloid,lesional,none,celltype_subcluster,Fibroblast_cluster_13,cell_state,celltype_pseudobulk,unknown,False,False,scrna_pseudobulk|GSE163973|KF2,exclude,keloid,keloid,keloid,exclude,keloid,keloid,False
GSE163973_KF2_Fibroblast_cluster_14,GSE163973,KF2,GPL24676,scrna_pseudobulk,scrna_spatial,Fibroblast,primary_fibroblast,keloid,keloid,keloid,lesional,none,celltype_subcluster,Fibroblast_cluster_14,cell_state,celltype_pseudobulk,unknown,False,False,scrna_pseudobulk|GSE163973|KF2,exclude,keloid,keloid,keloid,exclude,keloid,keloid,False
GSE163973_KF2_Glandular_cluster_15,GSE163973,KF2,GPL24676,scrna_pseudobulk,scrna_spatial,Glandular,scrna_pseudobulk,keloid,keloid,keloid,lesional,none,celltype_subcluster,Glandular_cluster_15,cell_state,celltype_pseudobulk,unknown,False,False,scrna_pseudobulk|GSE163973|KF2,exclude,keloid,keloid,keloid,exclude,keloid,exclude,False
GSE163973_KF2_Immune_cell_cluster_10,GSE163973,KF2,GPL24676,scrna_pseudobulk,scrna_spatial,Immune_cell,scrna_pseudobulk,keloid,keloid,keloid,lesional,none,celltype_subcluster,Immune_cell_cluster_10,cell_state,celltype_pseudobulk,unknown,False,False,scrna_pseudobulk|GSE163973|KF2,exclude,keloid,keloid,keloid,exclude,keloid,exclude,False
GSE163973_KF2_Keratinocyte_cluster_4,GSE163973,KF2,GPL24676,scrna_pseudobulk,scrna_spatial,Keratinocyte,keratinocyte,keloid,keloid,keloid,lesional,none,celltype_subcluster,Keratinocyte_cluster_4,cell_state,celltype_pseudobulk,unknown,False,False,scrna_pseudobulk|GSE163973|KF2,exclude,keloid,keloid,keloid,exclude,keloid,exclude,False
GSE163973_KF2_Keratinocyte_cluster_8,GSE163973,KF2,GPL24676,scrna_pseudobulk,scrna_spatial,Keratinocyte,keratinocyte,keloid,keloid,keloid,lesional,none,celltype_subcluster,Keratinocyte_cluster_8,cell_state,celltype_pseudobulk,unknown,False,False,scrna_pseudobulk|GSE163973|KF2,exclude,keloid,keloid,keloid,exclude,keloid,exclude,False
GSE163973_KF2_Keratinocyte_cluster_12,GSE163973,KF2,GPL24676,scrna_pseudobulk,scrna_spatial,Keratinocyte,keratinocyte,keloid,keloid,keloid,lesional,none,celltype_subcluster,Keratinocyte_cluster_12,cell_state,celltype_pseudobulk,unknown,False,False,scrna_pseudobulk|GSE163973|KF2,exclude,keloid,keloid,keloid,exclude,keloid,exclude,False
GSE163973_KF2_Keratinocyte_cluster_16,GSE163973,KF2,GPL24676,scrna_pseudobulk,scrna_spatial,Keratinocyte,keratinocyte,keloid,keloid,keloid,lesional,none,celltype_subcluster,Keratinocyte_cluster_16,cell_state,celltype_pseudobulk,unknown,False,False,scrna_pseudobulk|GSE163973|KF2,exclude,keloid,keloid,keloid,exclude,keloid,exclude,False
GSE163973_KF2_Lymphatic_endothelial_cluster_11,GSE163973,KF2,GPL24676,scrna_pseudobulk,scrna_spatial,Lymphatic_endothelial,endothelial,keloid,keloid,keloid,lesional,none,celltype_subcluster,Lymphatic_endothelial_cluster_11,cell_state,celltype_pseudobulk,unknown,False,False,scrna_pseudobulk|GSE163973|KF2,exclude,keloid,keloid,keloid,exclude,keloid,exclude,False
GSE163973_KF2_Neural_cell_cluster_18,GSE163973,KF2,GPL24676,scrna_pseudobulk,scrna_spatial,Neural_cell,scrna_pseudobulk,keloid,keloid,keloid,lesional,none,celltype_subcluster,Neural_cell_cluster_18,cell_state,celltype_pseudobulk,unknown,False,False,scrna_pseudobulk|GSE163973|KF2,exclude,keloid,keloid,keloid,exclude,keloid,exclude,False
GSE163973_KF2_muscle_fiber_cluster_2,GSE163973,KF2,GPL24676,scrna_pseudobulk,scrna_spatial,muscle_fiber,scrna_pseudobulk,keloid,keloid,keloid,lesional,none,celltype_subcluster,muscle_fiber_cluster_2,cell_state,celltype_pseudobulk,unknown,False,False,scrna_pseudobulk|GSE163973|KF2,exclude,keloid,keloid,keloid,exclude,keloid,exclude,False
GSE163973_KF2_muscle_fiber_cluster_9,GSE163973,KF2,GPL24676,scrna_pseudobulk,scrna_spatial,muscle_fiber,scrna_pseudobulk,keloid,keloid,keloid,lesional,none,celltype_subcluster,muscle_fiber_cluster_9,cell_state,celltype_pseudobulk,unknown,False,False,scrna_pseudobulk|GSE163973|KF2,exclude,keloid,keloid,keloid,exclude,keloid,exclude,False
GSE163973_KF2_fib_cluster_0,GSE163973,KF2,GPL24676,scrna_pseudobulk,scrna_spatial,fibroblast,primary_fibroblast,keloid,keloid,keloid,lesional,none,fibroblast_subcluster,fib_cluster_0,cell_state,celltype_pseudobulk,unknown,False,False,scrna_pseudobulk|GSE163973|KF2,exclude,keloid,keloid,keloid,exclude,keloid,keloid,False
GSE163973_KF2_fib_cluster_1,GSE163973,KF2,GPL24676,scrna_pseudobulk,scrna_spatial,fibroblast,primary_fibroblast,keloid,keloid,keloid,lesional,none,fibroblast_subcluster,fib_cluster_1,cell_state,celltype_pseudobulk,unknown,False,False,scrna_pseudobulk|GSE163973|KF2,exclude,keloid,keloid,keloid,exclude,keloid,keloid,False
GSE163973_KF2_fib_cluster_2,GSE163973,KF2,GPL24676,scrna_pseudobulk,scrna_spatial,fibroblast,primary_fibroblast,keloid,keloid,keloid,lesional,none,fibroblast_subcluster,fib_cluster_2,cell_state,celltype_pseudobulk,unknown,False,False,scrna_pseudobulk|GSE163973|KF2,exclude,keloid,keloid,keloid,exclude,keloid,keloid,False
GSE163973_KF2_fib_cluster_3,GSE163973,KF2,GPL24676,scrna_pseudobulk,scrna_spatial,fibroblast,primary_fibroblast,keloid,keloid,keloid,lesional,none,fibroblast_subcluster,fib_cluster_3,cell_state,celltype_pseudobulk,unknown,False,False,scrna_pseudobulk|GSE163973|KF2,exclude,keloid,keloid,keloid,exclude,keloid,keloid,False
GSE163973_KF2_fib_cluster_4,GSE163973,KF2,GPL24676,scrna_pseudobulk,scrna_spatial,fibroblast,primary_fibroblast,keloid,keloid,keloid,lesional,none,fibroblast_subcluster,fib_cluster_4,cell_state,celltype_pseudobulk,unknown,False,False,scrna_pseudobulk|GSE163973|KF2,exclude,keloid,keloid,keloid,exclude,keloid,keloid,False
GSE163973_KF2_fib_cluster_5,GSE163973,KF2,GPL24676,scrna_pseudobulk,scrna_spatial,fibroblast,primary_fibroblast,keloid,keloid,keloid,lesional,none,fibroblast_subcluster,fib_cluster_5,cell_state,celltype_pseudobulk,unknown,False,False,scrna_pseudobulk|GSE163973|KF2,exclude,keloid,keloid,keloid,exclude,keloid,keloid,False
GSE163973_KF2_fib_cluster_6,GSE163973,KF2,GPL24676,scrna_pseudobulk,scrna_spatial,fibroblast,primary_fibroblast,keloid,keloid,keloid,lesional,none,fibroblast_subcluster,fib_cluster_6,cell_state,celltype_pseudobulk,unknown,False,False,scrna_pseudobulk|GSE163973|KF2,exclude,keloid,keloid,keloid,exclude,keloid,keloid,False
GSE163973_KF2_fib_cluster_8,GSE163973,KF2,GPL24676,scrna_pseudobulk,scrna_spatial,fibroblast,primary_fibroblast,keloid,keloid,keloid,lesional,none,fibroblast_subcluster,fib_cluster_8,cell_state,celltype_pseudobulk,unknown,False,False,scrna_pseudobulk|GSE163973|KF2,exclude,keloid,keloid,keloid,exclude,keloid,keloid,False
GSE163973_KF2_fib_cluster_9,GSE163973,KF2,GPL24676,scrna_pseudobulk,scrna_spatial,fibroblast,primary_fibroblast,keloid,keloid,keloid,lesional,none,fibroblast_subcluster,fib_cluster_9,cell_state,celltype_pseudobulk,unknown,False,False,scrna_pseudobulk|GSE163973|KF2,exclude,keloid,keloid,keloid,exclude,keloid,keloid,False
GSE163973_KF2_fib_cluster_10,GSE163973,KF2,GPL24676,scrna_pseudobulk,scrna_spatial,fibroblast,primary_fibroblast,keloid,keloid,keloid,lesional,none,fibroblast_subcluster,fib_cluster_10,cell_state,celltype_pseudobulk,unknown,False,False,scrna_pseudobulk|GSE163973|KF2,exclude,keloid,keloid,keloid,exclude,keloid,keloid,False
GSE163973_KF2_all_cells,GSE163973,KF2,GPL24676,scrna_pseudobulk,scrna_spatial,all_cells,bulk_tissue,keloid,keloid,keloid,lesional,none,keloid_vs_normal,keloid,pseudobulk,donor_tissue,unknown,False,False,scrna_pseudobulk|GSE163973|KF2,keloid,keloid,keloid,keloid,exclude,keloid,exclude,False
GSE163973_KF3_muscle_fiber,GSE163973,KF3,GPL24676,scrna_pseudobulk,scrna_spatial,muscle_fiber,scrna_pseudobulk,keloid,keloid,keloid,lesional,none,cell_type,muscle_fiber,pseudobulk,celltype_pseudobulk,unknown,False,False,scrna_pseudobulk|GSE163973|KF3,exclude,keloid,keloid,keloid,exclude,keloid,exclude,False
GSE163973_KF3_Endothelial,GSE163973,KF3,GPL24676,scrna_pseudobulk,scrna_spatial,Endothelial,endothelial,keloid,keloid,keloid,lesional,none,cell_type,Endothelial,pseudobulk,celltype_pseudobulk,unknown,False,False,scrna_pseudobulk|GSE163973|KF3,exclude,keloid,keloid,keloid,exclude,keloid,exclude,False
GSE163973_KF3_Lymphatic_endothelial,GSE163973,KF3,GPL24676,scrna_pseudobulk,scrna_spatial,Lymphatic_endothelial,endothelial,keloid,keloid,keloid,lesional,none,cell_type,Lymphatic_endothelial,pseudobulk,celltype_pseudobulk,unknown,False,False,scrna_pseudobulk|GSE163973|KF3,exclude,keloid,keloid,keloid,exclude,keloid,exclude,False
GSE163973_KF3_Fibroblast,GSE163973,KF3,GPL24676,scrna_pseudobulk,scrna_spatial,Fibroblast,primary_fibroblast,keloid,keloid,keloid,lesional,none,cell_type,Fibroblast,pseudobulk,celltype_pseudobulk,unknown,False,False,scrna_pseudobulk|GSE163973|KF3,exclude,keloid,keloid,keloid,exclude,keloid,keloid,False
GSE163973_KF3_Glandular,GSE163973,KF3,GPL24676,scrna_pseudobulk,scrna_spatial,Glandular,scrna_pseudobulk,keloid,keloid,keloid,lesional,none,cell_type,Glandular,pseudobulk,celltype_pseudobulk,unknown,False,False,scrna_pseudobulk|GSE163973|KF3,exclude,keloid,keloid,keloid,exclude,keloid,exclude,False
GSE163973_KF3_Keratinocyte,GSE163973,KF3,GPL24676,scrna_pseudobulk,scrna_spatial,Keratinocyte,keratinocyte,keloid,keloid,keloid,lesional,none,cell_type,Keratinocyte,pseudobulk,celltype_pseudobulk,unknown,False,False,scrna_pseudobulk|GSE163973|KF3,exclude,keloid,keloid,keloid,exclude,keloid,exclude,False
GSE163973_KF3_Unknown,GSE163973,KF3,GPL24676,scrna_pseudobulk,scrna_spatial,Unknown,bulk_tissue,keloid,keloid,keloid,lesional,none,cell_type,Unknown,pseudobulk,celltype_pseudobulk,unknown,False,False,scrna_pseudobulk|GSE163973|KF3,exclude,keloid,keloid,keloid,exclude,keloid,exclude,False
GSE163973_KF3_Neural_cell,GSE163973,KF3,GPL24676,scrna_pseudobulk,scrna_spatial,Neural_cell,scrna_pseudobulk,keloid,keloid,keloid,lesional,none,cell_type,Neural_cell,pseudobulk,celltype_pseudobulk,unknown,False,False,scrna_pseudobulk|GSE163973|KF3,exclude,keloid,keloid,keloid,exclude,keloid,exclude,False
GSE163973_KF3_Immune_cell,GSE163973,KF3,GPL24676,scrna_pseudobulk,scrna_spatial,Immune_cell,scrna_pseudobulk,keloid,keloid,keloid,lesional,none,cell_type,Immune_cell,pseudobulk,celltype_pseudobulk,unknown,False,False,scrna_pseudobulk|GSE163973|KF3,exclude,keloid,keloid,keloid,exclude,keloid,exclude,False
GSE163973_KF3_Endothelial_cluster_0,GSE163973,KF3,GPL24676,scrna_pseudobulk,scrna_spatial,Endothelial,endothelial,keloid,keloid,keloid,lesional,none,celltype_subcluster,Endothelial_cluster_0,cell_state,celltype_pseudobulk,unknown,False,False,scrna_pseudobulk|GSE163973|KF3,exclude,keloid,keloid,keloid,exclude,keloid,exclude,False
GSE163973_KF3_Endothelial_cluster_5,GSE163973,KF3,GPL24676,scrna_pseudobulk,scrna_spatial,Endothelial,endothelial,keloid,keloid,keloid,lesional,none,celltype_subcluster,Endothelial_cluster_5,cell_state,celltype_pseudobulk,unknown,False,False,scrna_pseudobulk|GSE163973|KF3,exclude,keloid,keloid,keloid,exclude,keloid,exclude,False
GSE163973_KF3_Endothelial_cluster_6,GSE163973,KF3,GPL24676,scrna_pseudobulk,scrna_spatial,Endothelial,endothelial,keloid,keloid,keloid,lesional,none,celltype_subcluster,Endothelial_cluster_6,cell_state,celltype_pseudobulk,unknown,False,False,scrna_pseudobulk|GSE163973|KF3,exclude,keloid,keloid,keloid,exclude,keloid,exclude,False
GSE163973_KF3_Fibroblast_cluster_1,GSE163973,KF3,GPL24676,scrna_pseudobulk,scrna_spatial,Fibroblast,primary_fibroblast,keloid,keloid,keloid,lesional,none,celltype_subcluster,Fibroblast_cluster_1,cell_state,celltype_pseudobulk,unknown,False,False,scrna_pseudobulk|GSE163973|KF3,exclude,keloid,keloid,keloid,exclude,keloid,keloid,False
GSE163973_KF3_Fibroblast_cluster_3,GSE163973,KF3,GPL24676,scrna_pseudobulk,scrna_spatial,Fibroblast,primary_fibroblast,keloid,keloid,keloid,lesional,none,celltype_subcluster,Fibroblast_cluster_3,cell_state,celltype_pseudobulk,unknown,False,False,scrna_pseudobulk|GSE163973|KF3,exclude,keloid,keloid,keloid,exclude,keloid,keloid,False
GSE163973_KF3_Fibroblast_cluster_7,GSE163973,KF3,GPL24676,scrna_pseudobulk,scrna_spatial,Fibroblast,primary_fibroblast,keloid,keloid,keloid,lesional,none,celltype_subcluster,Fibroblast_cluster_7,cell_state,celltype_pseudobulk,unknown,False,False,scrna_pseudobulk|GSE163973|KF3,exclude,keloid,keloid,keloid,exclude,keloid,keloid,False
GSE163973_KF3_Fibroblast_cluster_13,GSE163973,KF3,GPL24676,scrna_pseudobulk,scrna_spatial,Fibroblast,primary_fibroblast,keloid,keloid,keloid,lesional,none,celltype_subcluster,Fibroblast_cluster_13,cell_state,celltype_pseudobulk,unknown,False,False,scrna_pseudobulk|GSE163973|KF3,exclude,keloid,keloid,keloid,exclude,keloid,keloid,False
GSE163973_KF3_Fibroblast_cluster_14,GSE163973,KF3,GPL24676,scrna_pseudobulk,scrna_spatial,Fibroblast,primary_fibroblast,keloid,keloid,keloid,lesional,none,celltype_subcluster,Fibroblast_cluster_14,cell_state,celltype_pseudobulk,unknown,False,False,scrna_pseudobulk|GSE163973|KF3,exclude,keloid,keloid,keloid,exclude,keloid,keloid,False
GSE163973_KF3_Glandular_cluster_15,GSE163973,KF3,GPL24676,scrna_pseudobulk,scrna_spatial,Glandular,scrna_pseudobulk,keloid,keloid,keloid,lesional,none,celltype_subcluster,Glandular_cluster_15,cell_state,celltype_pseudobulk,unknown,False,False,scrna_pseudobulk|GSE163973|KF3,exclude,keloid,keloid,keloid,exclude,keloid,exclude,False
GSE163973_KF3_Immune_cell_cluster_10,GSE163973,KF3,GPL24676,scrna_pseudobulk,scrna_spatial,Immune_cell,scrna_pseudobulk,keloid,keloid,keloid,lesional,none,celltype_subcluster,Immune_cell_cluster_10,cell_state,celltype_pseudobulk,unknown,False,False,scrna_pseudobulk|GSE163973|KF3,exclude,keloid,keloid,keloid,exclude,keloid,exclude,False
GSE163973_KF3_Keratinocyte_cluster_4,GSE163973,KF3,GPL24676,scrna_pseudobulk,scrna_spatial,Keratinocyte,keratinocyte,keloid,keloid,keloid,lesional,none,celltype_subcluster,Keratinocyte_cluster_4,cell_state,celltype_pseudobulk,unknown,False,False,scrna_pseudobulk|GSE163973|KF3,exclude,keloid,keloid,keloid,exclude,keloid,exclude,False
GSE163973_KF3_Keratinocyte_cluster_16,GSE163973,KF3,GPL24676,scrna_pseudobulk,scrna_spatial,Keratinocyte,keratinocyte,keloid,keloid,keloid,lesional,none,celltype_subcluster,Keratinocyte_cluster_16,cell_state,celltype_pseudobulk,unknown,False,False,scrna_pseudobulk|GSE163973|KF3,exclude,keloid,keloid,keloid,exclude,keloid,exclude,False
GSE163973_KF3_Lymphatic_endothelial_cluster_11,GSE163973,KF3,GPL24676,scrna_pseudobulk,scrna_spatial,Lymphatic_endothelial,endothelial,keloid,keloid,keloid,lesional,none,celltype_subcluster,Lymphatic_endothelial_cluster_11,cell_state,celltype_pseudobulk,unknown,False,False,scrna_pseudobulk|GSE163973|KF3,exclude,keloid,keloid,keloid,exclude,keloid,exclude,False
GSE163973_KF3_Neural_cell_cluster_18,GSE163973,KF3,GPL24676,scrna_pseudobulk,scrna_spatial,Neural_cell,scrna_pseudobulk,keloid,keloid,keloid,lesional,none,celltype_subcluster,Neural_cell_cluster_18,cell_state,celltype_pseudobulk,unknown,False,False,scrna_pseudobulk|GSE163973|KF3,exclude,keloid,keloid,keloid,exclude,keloid,exclude,False
GSE163973_KF3_muscle_fiber_cluster_2,GSE163973,KF3,GPL24676,scrna_pseudobulk,scrna_spatial,muscle_fiber,scrna_pseudobulk,keloid,keloid,keloid,lesional,none,celltype_subcluster,muscle_fiber_cluster_2,cell_state,celltype_pseudobulk,unknown,False,False,scrna_pseudobulk|GSE163973|KF3,exclude,keloid,keloid,keloid,exclude,keloid,exclude,False
GSE163973_KF3_muscle_fiber_cluster_9,GSE163973,KF3,GPL24676,scrna_pseudobulk,scrna_spatial,muscle_fiber,scrna_pseudobulk,keloid,keloid,keloid,lesional,none,celltype_subcluster,muscle_fiber_cluster_9,cell_state,celltype_pseudobulk,unknown,False,False,scrna_pseudobulk|GSE163973|KF3,exclude,keloid,keloid,keloid,exclude,keloid,exclude,False
GSE163973_KF3_fib_cluster_0,GSE163973,KF3,GPL24676,scrna_pseudobulk,scrna_spatial,fibroblast,primary_fibroblast,keloid,keloid,keloid,lesional,none,fibroblast_subcluster,fib_cluster_0,cell_state,celltype_pseudobulk,unknown,False,False,scrna_pseudobulk|GSE163973|KF3,exclude,keloid,keloid,keloid,exclude,keloid,keloid,False
GSE163973_KF3_fib_cluster_1,GSE163973,KF3,GPL24676,scrna_pseudobulk,scrna_spatial,fibroblast,primary_fibroblast,keloid,keloid,keloid,lesional,none,fibroblast_subcluster,fib_cluster_1,cell_state,celltype_pseudobulk,unknown,False,False,scrna_pseudobulk|GSE163973|KF3,exclude,keloid,keloid,keloid,exclude,keloid,keloid,False
GSE163973_KF3_fib_cluster_2,GSE163973,KF3,GPL24676,scrna_pseudobulk,scrna_spatial,fibroblast,primary_fibroblast,keloid,keloid,keloid,lesional,none,fibroblast_subcluster,fib_cluster_2,cell_state,celltype_pseudobulk,unknown,False,False,scrna_pseudobulk|GSE163973|KF3,exclude,keloid,keloid,keloid,exclude,keloid,keloid,False
GSE163973_KF3_fib_cluster_3,GSE163973,KF3,GPL24676,scrna_pseudobulk,scrna_spatial,fibroblast,primary_fibroblast,keloid,keloid,keloid,lesional,none,fibroblast_subcluster,fib_cluster_3,cell_state,celltype_pseudobulk,unknown,False,False,scrna_pseudobulk|GSE163973|KF3,exclude,keloid,keloid,keloid,exclude,keloid,keloid,False
GSE163973_KF3_fib_cluster_4,GSE163973,KF3,GPL24676,scrna_pseudobulk,scrna_spatial,fibroblast,primary_fibroblast,keloid,keloid,keloid,lesional,none,fibroblast_subcluster,fib_cluster_4,cell_state,celltype_pseudobulk,unknown,False,False,scrna_pseudobulk|GSE163973|KF3,exclude,keloid,keloid,keloid,exclude,keloid,keloid,False
GSE163973_KF3_fib_cluster_5,GSE163973,KF3,GPL24676,scrna_pseudobulk,scrna_spatial,fibroblast,primary_fibroblast,keloid,keloid,keloid,lesional,none,fibroblast_subcluster,fib_cluster_5,cell_state,celltype_pseudobulk,unknown,False,False,scrna_pseudobulk|GSE163973|KF3,exclude,keloid,keloid,keloid,exclude,keloid,keloid,False
GSE163973_KF3_fib_cluster_6,GSE163973,KF3,GPL24676,scrna_pseudobulk,scrna_spatial,fibroblast,primary_fibroblast,keloid,keloid,keloid,lesional,none,fibroblast_subcluster,fib_cluster_6,cell_state,celltype_pseudobulk,unknown,False,False,scrna_pseudobulk|GSE163973|KF3,exclude,keloid,keloid,keloid,exclude,keloid,keloid,False
GSE163973_KF3_fib_cluster_10,GSE163973,KF3,GPL24676,scrna_pseudobulk,scrna_spatial,fibroblast,primary_fibroblast,keloid,keloid,keloid,lesional,none,fibroblast_subcluster,fib_cluster_10,cell_state,celltype_pseudobulk,unknown,False,False,scrna_pseudobulk|GSE163973|KF3,exclude,keloid,keloid,keloid,exclude,keloid,keloid,False
GSE163973_KF3_all_cells,GSE163973,KF3,GPL24676,scrna_pseudobulk,scrna_spatial,all_cells,bulk_tissue,keloid,keloid,keloid,lesional,none,keloid_vs_normal,keloid,pseudobulk,donor_tissue,unknown,False,False,scrna_pseudobulk|GSE163973|KF3,keloid,keloid,keloid,keloid,exclude,keloid,exclude,False
GSE163973_NF1_Lymphatic_endothelial,GSE163973,NF1,GPL24676,scrna_pseudobulk,scrna_spatial,Lymphatic_endothelial,endothelial,normal_scar,normal,normal_scar,control,none,cell_type,Lymphatic_endothelial,pseudobulk,celltype_pseudobulk,unknown,False,False,scrna_pseudobulk|GSE163973|NF1,exclude,non_keloid,non_keloid,exclude,exclude,non_keloid,exclude,False
GSE163973_NF1_Endothelial,GSE163973,NF1,GPL24676,scrna_pseudobulk,scrna_spatial,Endothelial,endothelial,normal_scar,normal,normal_scar,control,none,cell_type,Endothelial,pseudobulk,celltype_pseudobulk,unknown,False,False,scrna_pseudobulk|GSE163973|NF1,exclude,non_keloid,non_keloid,exclude,exclude,non_keloid,exclude,False
GSE163973_NF1_Fibroblast,GSE163973,NF1,GPL24676,scrna_pseudobulk,scrna_spatial,Fibroblast,primary_fibroblast,normal_scar,normal,normal_scar,control,none,cell_type,Fibroblast,pseudobulk,celltype_pseudobulk,unknown,False,False,scrna_pseudobulk|GSE163973|NF1,exclude,non_keloid,non_keloid,exclude,exclude,non_keloid,non_keloid,False
GSE163973_NF1_Glandular,GSE163973,NF1,GPL24676,scrna_pseudobulk,scrna_spatial,Glandular,scrna_pseudobulk,normal_scar,normal,normal_scar,control,none,cell_type,Glandular,pseudobulk,celltype_pseudobulk,unknown,False,False,scrna_pseudobulk|GSE163973|NF1,exclude,non_keloid,non_keloid,exclude,exclude,non_keloid,exclude,False
GSE163973_NF1_muscle_fiber,GSE163973,NF1,GPL24676,scrna_pseudobulk,scrna_spatial,muscle_fiber,scrna_pseudobulk,normal_scar,normal,normal_scar,control,none,cell_type,muscle_fiber,pseudobulk,celltype_pseudobulk,unknown,False,False,scrna_pseudobulk|GSE163973|NF1,exclude,non_keloid,non_keloid,exclude,exclude,non_keloid,exclude,False
GSE163973_NF1_Immune_cell,GSE163973,NF1,GPL24676,scrna_pseudobulk,scrna_spatial,Immune_cell,scrna_pseudobulk,normal_scar,normal,normal_scar,control,none,cell_type,Immune_cell,pseudobulk,celltype_pseudobulk,unknown,False,False,scrna_pseudobulk|GSE163973|NF1,exclude,non_keloid,non_keloid,exclude,exclude,non_keloid,exclude,False
GSE163973_NF1_Keratinocyte,GSE163973,NF1,GPL24676,scrna_pseudobulk,scrna_spatial,Keratinocyte,keratinocyte,normal_scar,normal,normal_scar,control,none,cell_type,Keratinocyte,pseudobulk,celltype_pseudobulk,unknown,False,False,scrna_pseudobulk|GSE163973|NF1,exclude,non_keloid,non_keloid,exclude,exclude,non_keloid,exclude,False
GSE163973_NF1_Endothelial_cluster_0,GSE163973,NF1,GPL24676,scrna_pseudobulk,scrna_spatial,Endothelial,endothelial,normal_scar,normal,normal_scar,control,none,celltype_subcluster,Endothelial_cluster_0,cell_state,celltype_pseudobulk,unknown,False,False,scrna_pseudobulk|GSE163973|NF1,exclude,non_keloid,non_keloid,exclude,exclude,non_keloid,exclude,False
GSE163973_NF1_Endothelial_cluster_5,GSE163973,NF1,GPL24676,scrna_pseudobulk,scrna_spatial,Endothelial,endothelial,normal_scar,normal,normal_scar,control,none,celltype_subcluster,Endothelial_cluster_5,cell_state,celltype_pseudobulk,unknown,False,False,scrna_pseudobulk|GSE163973|NF1,exclude,non_keloid,non_keloid,exclude,exclude,non_keloid,exclude,False
GSE163973_NF1_Endothelial_cluster_6,GSE163973,NF1,GPL24676,scrna_pseudobulk,scrna_spatial,Endothelial,endothelial,normal_scar,normal,normal_scar,control,none,celltype_subcluster,Endothelial_cluster_6,cell_state,celltype_pseudobulk,unknown,False,False,scrna_pseudobulk|GSE163973|NF1,exclude,non_keloid,non_keloid,exclude,exclude,non_keloid,exclude,False
GSE163973_NF1_Fibroblast_cluster_1,GSE163973,NF1,GPL24676,scrna_pseudobulk,scrna_spatial,Fibroblast,primary_fibroblast,normal_scar,normal,normal_scar,control,none,celltype_subcluster,Fibroblast_cluster_1,cell_state,celltype_pseudobulk,unknown,False,False,scrna_pseudobulk|GSE163973|NF1,exclude,non_keloid,non_keloid,exclude,exclude,non_keloid,non_keloid,False
GSE163973_NF1_Fibroblast_cluster_3,GSE163973,NF1,GPL24676,scrna_pseudobulk,scrna_spatial,Fibroblast,primary_fibroblast,normal_scar,normal,normal_scar,control,none,celltype_subcluster,Fibroblast_cluster_3,cell_state,celltype_pseudobulk,unknown,False,False,scrna_pseudobulk|GSE163973|NF1,exclude,non_keloid,non_keloid,exclude,exclude,non_keloid,non_keloid,False
GSE163973_NF1_Fibroblast_cluster_7,GSE163973,NF1,GPL24676,scrna_pseudobulk,scrna_spatial,Fibroblast,primary_fibroblast,normal_scar,normal,normal_scar,control,none,celltype_subcluster,Fibroblast_cluster_7,cell_state,celltype_pseudobulk,unknown,False,False,scrna_pseudobulk|GSE163973|NF1,exclude,non_keloid,non_keloid,exclude,exclude,non_keloid,non_keloid,False
GSE163973_NF1_Fibroblast_cluster_13,GSE163973,NF1,GPL24676,scrna_pseudobulk,scrna_spatial,Fibroblast,primary_fibroblast,normal_scar,normal,normal_scar,control,none,celltype_subcluster,Fibroblast_cluster_13,cell_state,celltype_pseudobulk,unknown,False,False,scrna_pseudobulk|GSE163973|NF1,exclude,non_keloid,non_keloid,exclude,exclude,non_keloid,non_keloid,False
GSE163973_NF1_Fibroblast_cluster_14,GSE163973,NF1,GPL24676,scrna_pseudobulk,scrna_spatial,Fibroblast,primary_fibroblast,normal_scar,normal,normal_scar,control,none,celltype_subcluster,Fibroblast_cluster_14,cell_state,celltype_pseudobulk,unknown,False,False,scrna_pseudobulk|GSE163973|NF1,exclude,non_keloid,non_keloid,exclude,exclude,non_keloid,non_keloid,False
GSE163973_NF1_Glandular_cluster_15,GSE163973,NF1,GPL24676,scrna_pseudobulk,scrna_spatial,Glandular,scrna_pseudobulk,normal_scar,normal,normal_scar,control,none,celltype_subcluster,Glandular_cluster_15,cell_state,celltype_pseudobulk,unknown,False,False,scrna_pseudobulk|GSE163973|NF1,exclude,non_keloid,non_keloid,exclude,exclude,non_keloid,exclude,False
GSE163973_NF1_Immune_cell_cluster_10,GSE163973,NF1,GPL24676,scrna_pseudobulk,scrna_spatial,Immune_cell,scrna_pseudobulk,normal_scar,normal,normal_scar,control,none,celltype_subcluster,Immune_cell_cluster_10,cell_state,celltype_pseudobulk,unknown,False,False,scrna_pseudobulk|GSE163973|NF1,exclude,non_keloid,non_keloid,exclude,exclude,non_keloid,exclude,False
GSE163973_NF1_Keratinocyte_cluster_4,GSE163973,NF1,GPL24676,scrna_pseudobulk,scrna_spatial,Keratinocyte,keratinocyte,normal_scar,normal,normal_scar,control,none,celltype_subcluster,Keratinocyte_cluster_4,cell_state,celltype_pseudobulk,unknown,False,False,scrna_pseudobulk|GSE163973|NF1,exclude,non_keloid,non_keloid,exclude,exclude,non_keloid,exclude,False
GSE163973_NF1_Keratinocyte_cluster_8,GSE163973,NF1,GPL24676,scrna_pseudobulk,scrna_spatial,Keratinocyte,keratinocyte,normal_scar,normal,normal_scar,control,none,celltype_subcluster,Keratinocyte_cluster_8,cell_state,celltype_pseudobulk,unknown,False,False,scrna_pseudobulk|GSE163973|NF1,exclude,non_keloid,non_keloid,exclude,exclude,non_keloid,exclude,False
GSE163973_NF1_Lymphatic_endothelial_cluster_11,GSE163973,NF1,GPL24676,scrna_pseudobulk,scrna_spatial,Lymphatic_endothelial,endothelial,normal_scar,normal,normal_scar,control,none,celltype_subcluster,Lymphatic_endothelial_cluster_11,cell_state,celltype_pseudobulk,unknown,False,False,scrna_pseudobulk|GSE163973|NF1,exclude,non_keloid,non_keloid,exclude,exclude,non_keloid,exclude,False
GSE163973_NF1_muscle_fiber_cluster_2,GSE163973,NF1,GPL24676,scrna_pseudobulk,scrna_spatial,muscle_fiber,scrna_pseudobulk,normal_scar,normal,normal_scar,control,none,celltype_subcluster,muscle_fiber_cluster_2,cell_state,celltype_pseudobulk,unknown,False,False,scrna_pseudobulk|GSE163973|NF1,exclude,non_keloid,non_keloid,exclude,exclude,non_keloid,exclude,False
GSE163973_NF1_muscle_fiber_cluster_9,GSE163973,NF1,GPL24676,scrna_pseudobulk,scrna_spatial,muscle_fiber,scrna_pseudobulk,normal_scar,normal,normal_scar,control,none,celltype_subcluster,muscle_fiber_cluster_9,cell_state,celltype_pseudobulk,unknown,False,False,scrna_pseudobulk|GSE163973|NF1,exclude,non_keloid,non_keloid,exclude,exclude,non_keloid,exclude,False
GSE163973_NF1_fib_cluster_0,GSE163973,NF1,GPL24676,scrna_pseudobulk,scrna_spatial,fibroblast,primary_fibroblast,normal_scar,normal,normal_scar,control,none,fibroblast_subcluster,fib_cluster_0,cell_state,celltype_pseudobulk,unknown,False,False,scrna_pseudobulk|GSE163973|NF1,exclude,non_keloid,non_keloid,exclude,exclude,non_keloid,non_keloid,False
GSE163973_NF1_fib_cluster_1,GSE163973,NF1,GPL24676,scrna_pseudobulk,scrna_spatial,fibroblast,primary_fibroblast,normal_scar,normal,normal_scar,control,none,fibroblast_subcluster,fib_cluster_1,cell_state,celltype_pseudobulk,unknown,False,False,scrna_pseudobulk|GSE163973|NF1,exclude,non_keloid,non_keloid,exclude,exclude,non_keloid,non_keloid,False
GSE163973_NF1_fib_cluster_2,GSE163973,NF1,GPL24676,scrna_pseudobulk,scrna_spatial,fibroblast,primary_fibroblast,normal_scar,normal,normal_scar,control,none,fibroblast_subcluster,fib_cluster_2,cell_state,celltype_pseudobulk,unknown,False,False,scrna_pseudobulk|GSE163973|NF1,exclude,non_keloid,non_keloid,exclude,exclude,non_keloid,non_keloid,False
GSE163973_NF1_fib_cluster_4,GSE163973,NF1,GPL24676,scrna_pseudobulk,scrna_spatial,fibroblast,primary_fibroblast,normal_scar,normal,normal_scar,control,none,fibroblast_subcluster,fib_cluster_4,cell_state,celltype_pseudobulk,unknown,False,False,scrna_pseudobulk|GSE163973|NF1,exclude,non_keloid,non_keloid,exclude,exclude,non_keloid,non_keloid,False
GSE163973_NF1_fib_cluster_5,GSE163973,NF1,GPL24676,scrna_pseudobulk,scrna_spatial,fibroblast,primary_fibroblast,normal_scar,normal,normal_scar,control,none,fibroblast_subcluster,fib_cluster_5,cell_state,celltype_pseudobulk,unknown,False,False,scrna_pseudobulk|GSE163973|NF1,exclude,non_keloid,non_keloid,exclude,exclude,non_keloid,non_keloid,False
GSE163973_NF1_fib_cluster_6,GSE163973,NF1,GPL24676,scrna_pseudobulk,scrna_spatial,fibroblast,primary_fibroblast,normal_scar,normal,normal_scar,control,none,fibroblast_subcluster,fib_cluster_6,cell_state,celltype_pseudobulk,unknown,False,False,scrna_pseudobulk|GSE163973|NF1,exclude,non_keloid,non_keloid,exclude,exclude,non_keloid,non_keloid,False
GSE163973_NF1_fib_cluster_8,GSE163973,NF1,GPL24676,scrna_pseudobulk,scrna_spatial,fibroblast,primary_fibroblast,normal_scar,normal,normal_scar,control,none,fibroblast_subcluster,fib_cluster_8,cell_state,celltype_pseudobulk,unknown,False,False,scrna_pseudobulk|GSE163973|NF1,exclude,non_keloid,non_keloid,exclude,exclude,non_keloid,non_keloid,False
GSE163973_NF1_fib_cluster_9,GSE163973,NF1,GPL24676,scrna_pseudobulk,scrna_spatial,fibroblast,primary_fibroblast,normal_scar,normal,normal_scar,control,none,fibroblast_subcluster,fib_cluster_9,cell_state,celltype_pseudobulk,unknown,False,False,scrna_pseudobulk|GSE163973|NF1,exclude,non_keloid,non_keloid,exclude,exclude,non_keloid,non_keloid,False
GSE163973_NF1_fib_cluster_10,GSE163973,NF1,GPL24676,scrna_pseudobulk,scrna_spatial,fibroblast,primary_fibroblast,normal_scar,normal,normal_scar,control,none,fibroblast_subcluster,fib_cluster_10,cell_state,celltype_pseudobulk,unknown,False,False,scrna_pseudobulk|GSE163973|NF1,exclude,non_keloid,non_keloid,exclude,exclude,non_keloid,non_keloid,False
GSE163973_NF1_fib_cluster_11,GSE163973,NF1,GPL24676,scrna_pseudobulk,scrna_spatial,fibroblast,primary_fibroblast,normal_scar,normal,normal_scar,control,none,fibroblast_subcluster,fib_cluster_11,cell_state,celltype_pseudobulk,unknown,False,False,scrna_pseudobulk|GSE163973|NF1,exclude,non_keloid,non_keloid,exclude,exclude,non_keloid,non_keloid,False
GSE163973_NF1_all_cells,GSE163973,NF1,GPL24676,scrna_pseudobulk,scrna_spatial,all_cells,bulk_tissue,normal_scar,normal,normal_scar,control,none,keloid_vs_normal,normal_scar,pseudobulk,donor_tissue,unknown,False,False,scrna_pseudobulk|GSE163973|NF1,non_keloid,non_keloid,non_keloid,exclude,exclude,non_keloid,exclude,False
GSE163973_NF2_Fibroblast,GSE163973,NF2,GPL24676,scrna_pseudobulk,scrna_spatial,Fibroblast,primary_fibroblast,normal_scar,normal,normal_scar,control,none,cell_type,Fibroblast,pseudobulk,celltype_pseudobulk,unknown,False,False,scrna_pseudobulk|GSE163973|NF2,exclude,non_keloid,non_keloid,exclude,exclude,non_keloid,non_keloid,False
GSE163973_NF2_Keratinocyte,GSE163973,NF2,GPL24676,scrna_pseudobulk,scrna_spatial,Keratinocyte,keratinocyte,normal_scar,normal,normal_scar,control,none,cell_type,Keratinocyte,pseudobulk,celltype_pseudobulk,unknown,False,False,scrna_pseudobulk|GSE163973|NF2,exclude,non_keloid,non_keloid,exclude,exclude,non_keloid,exclude,False
GSE163973_NF2_Endothelial,GSE163973,NF2,GPL24676,scrna_pseudobulk,scrna_spatial,Endothelial,endothelial,normal_scar,normal,normal_scar,control,none,cell_type,Endothelial,pseudobulk,celltype_pseudobulk,unknown,False,False,scrna_pseudobulk|GSE163973|NF2,exclude,non_keloid,non_keloid,exclude,exclude,non_keloid,exclude,False
GSE163973_NF2_muscle_fiber,GSE163973,NF2,GPL24676,scrna_pseudobulk,scrna_spatial,muscle_fiber,scrna_pseudobulk,normal_scar,normal,normal_scar,control,none,cell_type,muscle_fiber,pseudobulk,celltype_pseudobulk,unknown,False,False,scrna_pseudobulk|GSE163973|NF2,exclude,non_keloid,non_keloid,exclude,exclude,non_keloid,exclude,False
GSE163973_NF2_Lymphatic_endothelial,GSE163973,NF2,GPL24676,scrna_pseudobulk,scrna_spatial,Lymphatic_endothelial,endothelial,normal_scar,normal,normal_scar,control,none,cell_type,Lymphatic_endothelial,pseudobulk,celltype_pseudobulk,unknown,False,False,scrna_pseudobulk|GSE163973|NF2,exclude,non_keloid,non_keloid,exclude,exclude,non_keloid,exclude,False
GSE163973_NF2_Glandular,GSE163973,NF2,GPL24676,scrna_pseudobulk,scrna_spatial,Glandular,scrna_pseudobulk,normal_scar,normal,normal_scar,control,none,cell_type,Glandular,pseudobulk,celltype_pseudobulk,unknown,False,False,scrna_pseudobulk|GSE163973|NF2,exclude,non_keloid,non_keloid,exclude,exclude,non_keloid,exclude,False
GSE163973_NF2_Melanocytes,GSE163973,NF2,GPL24676,scrna_pseudobulk,scrna_spatial,Melanocytes,scrna_pseudobulk,normal_scar,normal,normal_scar,control,none,cell_type,Melanocytes,pseudobulk,celltype_pseudobulk,unknown,False,False,scrna_pseudobulk|GSE163973|NF2,exclude,non_keloid,non_keloid,exclude,exclude,non_keloid,exclude,False
GSE163973_NF2_Immune_cell,GSE163973,NF2,GPL24676,scrna_pseudobulk,scrna_spatial,Immune_cell,scrna_pseudobulk,normal_scar,normal,normal_scar,control,none,cell_type,Immune_cell,pseudobulk,celltype_pseudobulk,unknown,False,False,scrna_pseudobulk|GSE163973|NF2,exclude,non_keloid,non_keloid,exclude,exclude,non_keloid,exclude,False
GSE163973_NF2_Endothelial_cluster_0,GSE163973,NF2,GPL24676,scrna_pseudobulk,scrna_spatial,Endothelial,endothelial,normal_scar,normal,normal_scar,control,none,celltype_subcluster,Endothelial_cluster_0,cell_state,celltype_pseudobulk,unknown,False,False,scrna_pseudobulk|GSE163973|NF2,exclude,non_keloid,non_keloid,exclude,exclude,non_keloid,exclude,False
GSE163973_NF2_Endothelial_cluster_5,GSE163973,NF2,GPL24676,scrna_pseudobulk,scrna_spatial,Endothelial,endothelial,normal_scar,normal,normal_scar,control,none,celltype_subcluster,Endothelial_cluster_5,cell_state,celltype_pseudobulk,unknown,False,False,scrna_pseudobulk|GSE163973|NF2,exclude,non_keloid,non_keloid,exclude,exclude,non_keloid,exclude,False
GSE163973_NF2_Endothelial_cluster_6,GSE163973,NF2,GPL24676,scrna_pseudobulk,scrna_spatial,Endothelial,endothelial,normal_scar,normal,normal_scar,control,none,celltype_subcluster,Endothelial_cluster_6,cell_state,celltype_pseudobulk,unknown,False,False,scrna_pseudobulk|GSE163973|NF2,exclude,non_keloid,non_keloid,exclude,exclude,non_keloid,exclude,False
GSE163973_NF2_Fibroblast_cluster_1,GSE163973,NF2,GPL24676,scrna_pseudobulk,scrna_spatial,Fibroblast,primary_fibroblast,normal_scar,normal,normal_scar,control,none,celltype_subcluster,Fibroblast_cluster_1,cell_state,celltype_pseudobulk,unknown,False,False,scrna_pseudobulk|GSE163973|NF2,exclude,non_keloid,non_keloid,exclude,exclude,non_keloid,non_keloid,False
GSE163973_NF2_Fibroblast_cluster_3,GSE163973,NF2,GPL24676,scrna_pseudobulk,scrna_spatial,Fibroblast,primary_fibroblast,normal_scar,normal,normal_scar,control,none,celltype_subcluster,Fibroblast_cluster_3,cell_state,celltype_pseudobulk,unknown,False,False,scrna_pseudobulk|GSE163973|NF2,exclude,non_keloid,non_keloid,exclude,exclude,non_keloid,non_keloid,False
GSE163973_NF2_Fibroblast_cluster_7,GSE163973,NF2,GPL24676,scrna_pseudobulk,scrna_spatial,Fibroblast,primary_fibroblast,normal_scar,normal,normal_scar,control,none,celltype_subcluster,Fibroblast_cluster_7,cell_state,celltype_pseudobulk,unknown,False,False,scrna_pseudobulk|GSE163973|NF2,exclude,non_keloid,non_keloid,exclude,exclude,non_keloid,non_keloid,False
GSE163973_NF2_Fibroblast_cluster_13,GSE163973,NF2,GPL24676,scrna_pseudobulk,scrna_spatial,Fibroblast,primary_fibroblast,normal_scar,normal,normal_scar,control,none,celltype_subcluster,Fibroblast_cluster_13,cell_state,celltype_pseudobulk,unknown,False,False,scrna_pseudobulk|GSE163973|NF2,exclude,non_keloid,non_keloid,exclude,exclude,non_keloid,non_keloid,False
GSE163973_NF2_Fibroblast_cluster_14,GSE163973,NF2,GPL24676,scrna_pseudobulk,scrna_spatial,Fibroblast,primary_fibroblast,normal_scar,normal,normal_scar,control,none,celltype_subcluster,Fibroblast_cluster_14,cell_state,celltype_pseudobulk,unknown,False,False,scrna_pseudobulk|GSE163973|NF2,exclude,non_keloid,non_keloid,exclude,exclude,non_keloid,non_keloid,False
GSE163973_NF2_Glandular_cluster_15,GSE163973,NF2,GPL24676,scrna_pseudobulk,scrna_spatial,Glandular,scrna_pseudobulk,normal_scar,normal,normal_scar,control,none,celltype_subcluster,Glandular_cluster_15,cell_state,celltype_pseudobulk,unknown,False,False,scrna_pseudobulk|GSE163973|NF2,exclude,non_keloid,non_keloid,exclude,exclude,non_keloid,exclude,False
GSE163973_NF2_Immune_cell_cluster_10,GSE163973,NF2,GPL24676,scrna_pseudobulk,scrna_spatial,Immune_cell,scrna_pseudobulk,normal_scar,normal,normal_scar,control,none,celltype_subcluster,Immune_cell_cluster_10,cell_state,celltype_pseudobulk,unknown,False,False,scrna_pseudobulk|GSE163973|NF2,exclude,non_keloid,non_keloid,exclude,exclude,non_keloid,exclude,False
GSE163973_NF2_Keratinocyte_cluster_4,GSE163973,NF2,GPL24676,scrna_pseudobulk,scrna_spatial,Keratinocyte,keratinocyte,normal_scar,normal,normal_scar,control,none,celltype_subcluster,Keratinocyte_cluster_4,cell_state,celltype_pseudobulk,unknown,False,False,scrna_pseudobulk|GSE163973|NF2,exclude,non_keloid,non_keloid,exclude,exclude,non_keloid,exclude,False
GSE163973_NF2_Keratinocyte_cluster_8,GSE163973,NF2,GPL24676,scrna_pseudobulk,scrna_spatial,Keratinocyte,keratinocyte,normal_scar,normal,normal_scar,control,none,celltype_subcluster,Keratinocyte_cluster_8,cell_state,celltype_pseudobulk,unknown,False,False,scrna_pseudobulk|GSE163973|NF2,exclude,non_keloid,non_keloid,exclude,exclude,non_keloid,exclude,False
GSE163973_NF2_Keratinocyte_cluster_12,GSE163973,NF2,GPL24676,scrna_pseudobulk,scrna_spatial,Keratinocyte,keratinocyte,normal_scar,normal,normal_scar,control,none,celltype_subcluster,Keratinocyte_cluster_12,cell_state,celltype_pseudobulk,unknown,False,False,scrna_pseudobulk|GSE163973|NF2,exclude,non_keloid,non_keloid,exclude,exclude,non_keloid,exclude,False
GSE163973_NF2_Keratinocyte_cluster_16,GSE163973,NF2,GPL24676,scrna_pseudobulk,scrna_spatial,Keratinocyte,keratinocyte,normal_scar,normal,normal_scar,control,none,celltype_subcluster,Keratinocyte_cluster_16,cell_state,celltype_pseudobulk,unknown,False,False,scrna_pseudobulk|GSE163973|NF2,exclude,non_keloid,non_keloid,exclude,exclude,non_keloid,exclude,False
GSE163973_NF2_Lymphatic_endothelial_cluster_11,GSE163973,NF2,GPL24676,scrna_pseudobulk,scrna_spatial,Lymphatic_endothelial,endothelial,normal_scar,normal,normal_scar,control,none,celltype_subcluster,Lymphatic_endothelial_cluster_11,cell_state,celltype_pseudobulk,unknown,False,False,scrna_pseudobulk|GSE163973|NF2,exclude,non_keloid,non_keloid,exclude,exclude,non_keloid,exclude,False
GSE163973_NF2_Melanocytes_cluster_19,GSE163973,NF2,GPL24676,scrna_pseudobulk,scrna_spatial,Melanocytes,scrna_pseudobulk,normal_scar,normal,normal_scar,control,none,celltype_subcluster,Melanocytes_cluster_19,cell_state,celltype_pseudobulk,unknown,False,False,scrna_pseudobulk|GSE163973|NF2,exclude,non_keloid,non_keloid,exclude,exclude,non_keloid,exclude,False
GSE163973_NF2_muscle_fiber_cluster_2,GSE163973,NF2,GPL24676,scrna_pseudobulk,scrna_spatial,muscle_fiber,scrna_pseudobulk,normal_scar,normal,normal_scar,control,none,celltype_subcluster,muscle_fiber_cluster_2,cell_state,celltype_pseudobulk,unknown,False,False,scrna_pseudobulk|GSE163973|NF2,exclude,non_keloid,non_keloid,exclude,exclude,non_keloid,exclude,False
GSE163973_NF2_muscle_fiber_cluster_9,GSE163973,NF2,GPL24676,scrna_pseudobulk,scrna_spatial,muscle_fiber,scrna_pseudobulk,normal_scar,normal,normal_scar,control,none,celltype_subcluster,muscle_fiber_cluster_9,cell_state,celltype_pseudobulk,unknown,False,False,scrna_pseudobulk|GSE163973|NF2,exclude,non_keloid,non_keloid,exclude,exclude,non_keloid,exclude,False
GSE163973_NF2_fib_cluster_0,GSE163973,NF2,GPL24676,scrna_pseudobulk,scrna_spatial,fibroblast,primary_fibroblast,normal_scar,normal,normal_scar,control,none,fibroblast_subcluster,fib_cluster_0,cell_state,celltype_pseudobulk,unknown,False,False,scrna_pseudobulk|GSE163973|NF2,exclude,non_keloid,non_keloid,exclude,exclude,non_keloid,non_keloid,False
GSE163973_NF2_fib_cluster_1,GSE163973,NF2,GPL24676,scrna_pseudobulk,scrna_spatial,fibroblast,primary_fibroblast,normal_scar,normal,normal_scar,control,none,fibroblast_subcluster,fib_cluster_1,cell_state,celltype_pseudobulk,unknown,False,False,scrna_pseudobulk|GSE163973|NF2,exclude,non_keloid,non_keloid,exclude,exclude,non_keloid,non_keloid,False
GSE163973_NF2_fib_cluster_2,GSE163973,NF2,GPL24676,scrna_pseudobulk,scrna_spatial,fibroblast,primary_fibroblast,normal_scar,normal,normal_scar,control,none,fibroblast_subcluster,fib_cluster_2,cell_state,celltype_pseudobulk,unknown,False,False,scrna_pseudobulk|GSE163973|NF2,exclude,non_keloid,non_keloid,exclude,exclude,non_keloid,non_keloid,False
GSE163973_NF2_fib_cluster_3,GSE163973,NF2,GPL24676,scrna_pseudobulk,scrna_spatial,fibroblast,primary_fibroblast,normal_scar,normal,normal_scar,control,none,fibroblast_subcluster,fib_cluster_3,cell_state,celltype_pseudobulk,unknown,False,False,scrna_pseudobulk|GSE163973|NF2,exclude,non_keloid,non_keloid,exclude,exclude,non_keloid,non_keloid,False
GSE163973_NF2_fib_cluster_4,GSE163973,NF2,GPL24676,scrna_pseudobulk,scrna_spatial,fibroblast,primary_fibroblast,normal_scar,normal,normal_scar,control,none,fibroblast_subcluster,fib_cluster_4,cell_state,celltype_pseudobulk,unknown,False,False,scrna_pseudobulk|GSE163973|NF2,exclude,non_keloid,non_keloid,exclude,exclude,non_keloid,non_keloid,False
GSE163973_NF2_fib_cluster_5,GSE163973,NF2,GPL24676,scrna_pseudobulk,scrna_spatial,fibroblast,primary_fibroblast,normal_scar,normal,normal_scar,control,none,fibroblast_subcluster,fib_cluster_5,cell_state,celltype_pseudobulk,unknown,False,False,scrna_pseudobulk|GSE163973|NF2,exclude,non_keloid,non_keloid,exclude,exclude,non_keloid,non_keloid,False
GSE163973_NF2_fib_cluster_6,GSE163973,NF2,GPL24676,scrna_pseudobulk,scrna_spatial,fibroblast,primary_fibroblast,normal_scar,normal,normal_scar,control,none,fibroblast_subcluster,fib_cluster_6,cell_state,celltype_pseudobulk,unknown,False,False,scrna_pseudobulk|GSE163973|NF2,exclude,non_keloid,non_keloid,exclude,exclude,non_keloid,non_keloid,False
GSE163973_NF2_fib_cluster_7,GSE163973,NF2,GPL24676,scrna_pseudobulk,scrna_spatial,fibroblast,primary_fibroblast,normal_scar,normal,normal_scar,control,none,fibroblast_subcluster,fib_cluster_7,cell_state,celltype_pseudobulk,unknown,False,False,scrna_pseudobulk|GSE163973|NF2,exclude,non_keloid,non_keloid,exclude,exclude,non_keloid,non_keloid,False
GSE163973_NF2_fib_cluster_8,GSE163973,NF2,GPL24676,scrna_pseudobulk,scrna_spatial,fibroblast,primary_fibroblast,normal_scar,normal,normal_scar,control,none,fibroblast_subcluster,fib_cluster_8,cell_state,celltype_pseudobulk,unknown,False,False,scrna_pseudobulk|GSE163973|NF2,exclude,non_keloid,non_keloid,exclude,exclude,non_keloid,non_keloid,False
GSE163973_NF2_fib_cluster_9,GSE163973,NF2,GPL24676,scrna_pseudobulk,scrna_spatial,fibroblast,primary_fibroblast,normal_scar,normal,normal_scar,control,none,fibroblast_subcluster,fib_cluster_9,cell_state,celltype_pseudobulk,unknown,False,False,scrna_pseudobulk|GSE163973|NF2,exclude,non_keloid,non_keloid,exclude,exclude,non_keloid,non_keloid,False
GSE163973_NF2_fib_cluster_11,GSE163973,NF2,GPL24676,scrna_pseudobulk,scrna_spatial,fibroblast,primary_fibroblast,normal_scar,normal,normal_scar,control,none,fibroblast_subcluster,fib_cluster_11,cell_state,celltype_pseudobulk,unknown,False,False,scrna_pseudobulk|GSE163973|NF2,exclude,non_keloid,non_keloid,exclude,exclude,non_keloid,non_keloid,False
GSE163973_NF2_all_cells,GSE163973,NF2,GPL24676,scrna_pseudobulk,scrna_spatial,all_cells,bulk_tissue,normal_scar,normal,normal_scar,control,none,keloid_vs_normal,normal_scar,pseudobulk,donor_tissue,unknown,False,False,scrna_pseudobulk|GSE163973|NF2,non_keloid,non_keloid,non_keloid,exclude,exclude,non_keloid,exclude,False
GSE163973_NF3_Fibroblast,GSE163973,NF3,GPL24676,scrna_pseudobulk,scrna_spatial,Fibroblast,primary_fibroblast,normal_scar,normal,normal_scar,control,none,cell_type,Fibroblast,pseudobulk,celltype_pseudobulk,unknown,False,False,scrna_pseudobulk|GSE163973|NF3,exclude,non_keloid,non_keloid,exclude,exclude,non_keloid,non_keloid,False
GSE163973_NF3_Endothelial,GSE163973,NF3,GPL24676,scrna_pseudobulk,scrna_spatial,Endothelial,endothelial,normal_scar,normal,normal_scar,control,none,cell_type,Endothelial,pseudobulk,celltype_pseudobulk,unknown,False,False,scrna_pseudobulk|GSE163973|NF3,exclude,non_keloid,non_keloid,exclude,exclude,non_keloid,exclude,False
GSE163973_NF3_Keratinocyte,GSE163973,NF3,GPL24676,scrna_pseudobulk,scrna_spatial,Keratinocyte,keratinocyte,normal_scar,normal,normal_scar,control,none,cell_type,Keratinocyte,pseudobulk,celltype_pseudobulk,unknown,False,False,scrna_pseudobulk|GSE163973|NF3,exclude,non_keloid,non_keloid,exclude,exclude,non_keloid,exclude,False
GSE163973_NF3_Lymphatic_endothelial,GSE163973,NF3,GPL24676,scrna_pseudobulk,scrna_spatial,Lymphatic_endothelial,endothelial,normal_scar,normal,normal_scar,control,none,cell_type,Lymphatic_endothelial,pseudobulk,celltype_pseudobulk,unknown,False,False,scrna_pseudobulk|GSE163973|NF3,exclude,non_keloid,non_keloid,exclude,exclude,non_keloid,exclude,False
GSE163973_NF3_muscle_fiber,GSE163973,NF3,GPL24676,scrna_pseudobulk,scrna_spatial,muscle_fiber,scrna_pseudobulk,normal_scar,normal,normal_scar,control,none,cell_type,muscle_fiber,pseudobulk,celltype_pseudobulk,unknown,False,False,scrna_pseudobulk|GSE163973|NF3,exclude,non_keloid,non_keloid,exclude,exclude,non_keloid,exclude,False
GSE163973_NF3_Melanocytes,GSE163973,NF3,GPL24676,scrna_pseudobulk,scrna_spatial,Melanocytes,scrna_pseudobulk,normal_scar,normal,normal_scar,control,none,cell_type,Melanocytes,pseudobulk,celltype_pseudobulk,unknown,False,False,scrna_pseudobulk|GSE163973|NF3,exclude,non_keloid,non_keloid,exclude,exclude,non_keloid,exclude,False
GSE163973_NF3_Glandular,GSE163973,NF3,GPL24676,scrna_pseudobulk,scrna_spatial,Glandular,scrna_pseudobulk,normal_scar,normal,normal_scar,control,none,cell_type,Glandular,pseudobulk,celltype_pseudobulk,unknown,False,False,scrna_pseudobulk|GSE163973|NF3,exclude,non_keloid,non_keloid,exclude,exclude,non_keloid,exclude,False
GSE163973_NF3_Immune_cell,GSE163973,NF3,GPL24676,scrna_pseudobulk,scrna_spatial,Immune_cell,scrna_pseudobulk,normal_scar,normal,normal_scar,control,none,cell_type,Immune_cell,pseudobulk,celltype_pseudobulk,unknown,False,False,scrna_pseudobulk|GSE163973|NF3,exclude,non_keloid,non_keloid,exclude,exclude,non_keloid,exclude,False
GSE163973_NF3_Endothelial_cluster_0,GSE163973,NF3,GPL24676,scrna_pseudobulk,scrna_spatial,Endothelial,endothelial,normal_scar,normal,normal_scar,control,none,celltype_subcluster,Endothelial_cluster_0,cell_state,celltype_pseudobulk,unknown,False,False,scrna_pseudobulk|GSE163973|NF3,exclude,non_keloid,non_keloid,exclude,exclude,non_keloid,exclude,False
GSE163973_NF3_Endothelial_cluster_5,GSE163973,NF3,GPL24676,scrna_pseudobulk,scrna_spatial,Endothelial,endothelial,normal_scar,normal,normal_scar,control,none,celltype_subcluster,Endothelial_cluster_5,cell_state,celltype_pseudobulk,unknown,False,False,scrna_pseudobulk|GSE163973|NF3,exclude,non_keloid,non_keloid,exclude,exclude,non_keloid,exclude,False
GSE163973_NF3_Endothelial_cluster_6,GSE163973,NF3,GPL24676,scrna_pseudobulk,scrna_spatial,Endothelial,endothelial,normal_scar,normal,normal_scar,control,none,celltype_subcluster,Endothelial_cluster_6,cell_state,celltype_pseudobulk,unknown,False,False,scrna_pseudobulk|GSE163973|NF3,exclude,non_keloid,non_keloid,exclude,exclude,non_keloid,exclude,False
GSE163973_NF3_Fibroblast_cluster_1,GSE163973,NF3,GPL24676,scrna_pseudobulk,scrna_spatial,Fibroblast,primary_fibroblast,normal_scar,normal,normal_scar,control,none,celltype_subcluster,Fibroblast_cluster_1,cell_state,celltype_pseudobulk,unknown,False,False,scrna_pseudobulk|GSE163973|NF3,exclude,non_keloid,non_keloid,exclude,exclude,non_keloid,non_keloid,False
GSE163973_NF3_Fibroblast_cluster_3,GSE163973,NF3,GPL24676,scrna_pseudobulk,scrna_spatial,Fibroblast,primary_fibroblast,normal_scar,normal,normal_scar,control,none,celltype_subcluster,Fibroblast_cluster_3,cell_state,celltype_pseudobulk,unknown,False,False,scrna_pseudobulk|GSE163973|NF3,exclude,non_keloid,non_keloid,exclude,exclude,non_keloid,non_keloid,False
GSE163973_NF3_Fibroblast_cluster_7,GSE163973,NF3,GPL24676,scrna_pseudobulk,scrna_spatial,Fibroblast,primary_fibroblast,normal_scar,normal,normal_scar,control,none,celltype_subcluster,Fibroblast_cluster_7,cell_state,celltype_pseudobulk,unknown,False,False,scrna_pseudobulk|GSE163973|NF3,exclude,non_keloid,non_keloid,exclude,exclude,non_keloid,non_keloid,False
GSE163973_NF3_Fibroblast_cluster_13,GSE163973,NF3,GPL24676,scrna_pseudobulk,scrna_spatial,Fibroblast,primary_fibroblast,normal_scar,normal,normal_scar,control,none,celltype_subcluster,Fibroblast_cluster_13,cell_state,celltype_pseudobulk,unknown,False,False,scrna_pseudobulk|GSE163973|NF3,exclude,non_keloid,non_keloid,exclude,exclude,non_keloid,non_keloid,False
GSE163973_NF3_Fibroblast_cluster_14,GSE163973,NF3,GPL24676,scrna_pseudobulk,scrna_spatial,Fibroblast,primary_fibroblast,normal_scar,normal,normal_scar,control,none,celltype_subcluster,Fibroblast_cluster_14,cell_state,celltype_pseudobulk,unknown,False,False,scrna_pseudobulk|GSE163973|NF3,exclude,non_keloid,non_keloid,exclude,exclude,non_keloid,non_keloid,False
GSE163973_NF3_Glandular_cluster_15,GSE163973,NF3,GPL24676,scrna_pseudobulk,scrna_spatial,Glandular,scrna_pseudobulk,normal_scar,normal,normal_scar,control,none,celltype_subcluster,Glandular_cluster_15,cell_state,celltype_pseudobulk,unknown,False,False,scrna_pseudobulk|GSE163973|NF3,exclude,non_keloid,non_keloid,exclude,exclude,non_keloid,exclude,False
GSE163973_NF3_Immune_cell_cluster_10,GSE163973,NF3,GPL24676,scrna_pseudobulk,scrna_spatial,Immune_cell,scrna_pseudobulk,normal_scar,normal,normal_scar,control,none,celltype_subcluster,Immune_cell_cluster_10,cell_state,celltype_pseudobulk,unknown,False,False,scrna_pseudobulk|GSE163973|NF3,exclude,non_keloid,non_keloid,exclude,exclude,non_keloid,exclude,False
GSE163973_NF3_Keratinocyte_cluster_4,GSE163973,NF3,GPL24676,scrna_pseudobulk,scrna_spatial,Keratinocyte,keratinocyte,normal_scar,normal,normal_scar,control,none,celltype_subcluster,Keratinocyte_cluster_4,cell_state,celltype_pseudobulk,unknown,False,False,scrna_pseudobulk|GSE163973|NF3,exclude,non_keloid,non_keloid,exclude,exclude,non_keloid,exclude,False
GSE163973_NF3_Keratinocyte_cluster_8,GSE163973,NF3,GPL24676,scrna_pseudobulk,scrna_spatial,Keratinocyte,keratinocyte,normal_scar,normal,normal_scar,control,none,celltype_subcluster,Keratinocyte_cluster_8,cell_state,celltype_pseudobulk,unknown,False,False,scrna_pseudobulk|GSE163973|NF3,exclude,non_keloid,non_keloid,exclude,exclude,non_keloid,exclude,False
GSE163973_NF3_Keratinocyte_cluster_12,GSE163973,NF3,GPL24676,scrna_pseudobulk,scrna_spatial,Keratinocyte,keratinocyte,normal_scar,normal,normal_scar,control,none,celltype_subcluster,Keratinocyte_cluster_12,cell_state,celltype_pseudobulk,unknown,False,False,scrna_pseudobulk|GSE163973|NF3,exclude,non_keloid,non_keloid,exclude,exclude,non_keloid,exclude,False
GSE163973_NF3_Keratinocyte_cluster_16,GSE163973,NF3,GPL24676,scrna_pseudobulk,scrna_spatial,Keratinocyte,keratinocyte,normal_scar,normal,normal_scar,control,none,celltype_subcluster,Keratinocyte_cluster_16,cell_state,celltype_pseudobulk,unknown,False,False,scrna_pseudobulk|GSE163973|NF3,exclude,non_keloid,non_keloid,exclude,exclude,non_keloid,exclude,False
GSE163973_NF3_Lymphatic_endothelial_cluster_11,GSE163973,NF3,GPL24676,scrna_pseudobulk,scrna_spatial,Lymphatic_endothelial,endothelial,normal_scar,normal,normal_scar,control,none,celltype_subcluster,Lymphatic_endothelial_cluster_11,cell_state,celltype_pseudobulk,unknown,False,False,scrna_pseudobulk|GSE163973|NF3,exclude,non_keloid,non_keloid,exclude,exclude,non_keloid,exclude,False
GSE163973_NF3_Melanocytes_cluster_19,GSE163973,NF3,GPL24676,scrna_pseudobulk,scrna_spatial,Melanocytes,scrna_pseudobulk,normal_scar,normal,normal_scar,control,none,celltype_subcluster,Melanocytes_cluster_19,cell_state,celltype_pseudobulk,unknown,False,False,scrna_pseudobulk|GSE163973|NF3,exclude,non_keloid,non_keloid,exclude,exclude,non_keloid,exclude,False
GSE163973_NF3_muscle_fiber_cluster_2,GSE163973,NF3,GPL24676,scrna_pseudobulk,scrna_spatial,muscle_fiber,scrna_pseudobulk,normal_scar,normal,normal_scar,control,none,celltype_subcluster,muscle_fiber_cluster_2,cell_state,celltype_pseudobulk,unknown,False,False,scrna_pseudobulk|GSE163973|NF3,exclude,non_keloid,non_keloid,exclude,exclude,non_keloid,exclude,False
GSE163973_NF3_muscle_fiber_cluster_9,GSE163973,NF3,GPL24676,scrna_pseudobulk,scrna_spatial,muscle_fiber,scrna_pseudobulk,normal_scar,normal,normal_scar,control,none,celltype_subcluster,muscle_fiber_cluster_9,cell_state,celltype_pseudobulk,unknown,False,False,scrna_pseudobulk|GSE163973|NF3,exclude,non_keloid,non_keloid,exclude,exclude,non_keloid,exclude,False
GSE163973_NF3_fib_cluster_0,GSE163973,NF3,GPL24676,scrna_pseudobulk,scrna_spatial,fibroblast,primary_fibroblast,normal_scar,normal,normal_scar,control,none,fibroblast_subcluster,fib_cluster_0,cell_state,celltype_pseudobulk,unknown,False,False,scrna_pseudobulk|GSE163973|NF3,exclude,non_keloid,non_keloid,exclude,exclude,non_keloid,non_keloid,False
GSE163973_NF3_fib_cluster_1,GSE163973,NF3,GPL24676,scrna_pseudobulk,scrna_spatial,fibroblast,primary_fibroblast,normal_scar,normal,normal_scar,control,none,fibroblast_subcluster,fib_cluster_1,cell_state,celltype_pseudobulk,unknown,False,False,scrna_pseudobulk|GSE163973|NF3,exclude,non_keloid,non_keloid,exclude,exclude,non_keloid,non_keloid,False
GSE163973_NF3_fib_cluster_2,GSE163973,NF3,GPL24676,scrna_pseudobulk,scrna_spatial,fibroblast,primary_fibroblast,normal_scar,normal,normal_scar,control,none,fibroblast_subcluster,fib_cluster_2,cell_state,celltype_pseudobulk,unknown,False,False,scrna_pseudobulk|GSE163973|NF3,exclude,non_keloid,non_keloid,exclude,exclude,non_keloid,non_keloid,False
GSE163973_NF3_fib_cluster_3,GSE163973,NF3,GPL24676,scrna_pseudobulk,scrna_spatial,fibroblast,primary_fibroblast,normal_scar,normal,normal_scar,control,none,fibroblast_subcluster,fib_cluster_3,cell_state,celltype_pseudobulk,unknown,False,False,scrna_pseudobulk|GSE163973|NF3,exclude,non_keloid,non_keloid,exclude,exclude,non_keloid,non_keloid,False
GSE163973_NF3_fib_cluster_4,GSE163973,NF3,GPL24676,scrna_pseudobulk,scrna_spatial,fibroblast,primary_fibroblast,normal_scar,normal,normal_scar,control,none,fibroblast_subcluster,fib_cluster_4,cell_state,celltype_pseudobulk,unknown,False,False,scrna_pseudobulk|GSE163973|NF3,exclude,non_keloid,non_keloid,exclude,exclude,non_keloid,non_keloid,False
GSE163973_NF3_fib_cluster_5,GSE163973,NF3,GPL24676,scrna_pseudobulk,scrna_spatial,fibroblast,primary_fibroblast,normal_scar,normal,normal_scar,control,none,fibroblast_subcluster,fib_cluster_5,cell_state,celltype_pseudobulk,unknown,False,False,scrna_pseudobulk|GSE163973|NF3,exclude,non_keloid,non_keloid,exclude,exclude,non_keloid,non_keloid,False
GSE163973_NF3_fib_cluster_6,GSE163973,NF3,GPL24676,scrna_pseudobulk,scrna_spatial,fibroblast,primary_fibroblast,normal_scar,normal,normal_scar,control,none,fibroblast_subcluster,fib_cluster_6,cell_state,celltype_pseudobulk,unknown,False,False,scrna_pseudobulk|GSE163973|NF3,exclude,non_keloid,non_keloid,exclude,exclude,non_keloid,non_keloid,False
GSE163973_NF3_fib_cluster_7,GSE163973,NF3,GPL24676,scrna_pseudobulk,scrna_spatial,fibroblast,primary_fibroblast,normal_scar,normal,normal_scar,control,none,fibroblast_subcluster,fib_cluster_7,cell_state,celltype_pseudobulk,unknown,False,False,scrna_pseudobulk|GSE163973|NF3,exclude,non_keloid,non_keloid,exclude,exclude,non_keloid,non_keloid,False
GSE163973_NF3_fib_cluster_8,GSE163973,NF3,GPL24676,scrna_pseudobulk,scrna_spatial,fibroblast,primary_fibroblast,normal_scar,normal,normal_scar,control,none,fibroblast_subcluster,fib_cluster_8,cell_state,celltype_pseudobulk,unknown,False,False,scrna_pseudobulk|GSE163973|NF3,exclude,non_keloid,non_keloid,exclude,exclude,non_keloid,non_keloid,False
GSE163973_NF3_fib_cluster_9,GSE163973,NF3,GPL24676,scrna_pseudobulk,scrna_spatial,fibroblast,primary_fibroblast,normal_scar,normal,normal_scar,control,none,fibroblast_subcluster,fib_cluster_9,cell_state,celltype_pseudobulk,unknown,False,False,scrna_pseudobulk|GSE163973|NF3,exclude,non_keloid,non_keloid,exclude,exclude,non_keloid,non_keloid,False
GSE163973_NF3_fib_cluster_11,GSE163973,NF3,GPL24676,scrna_pseudobulk,scrna_spatial,fibroblast,primary_fibroblast,normal_scar,normal,normal_scar,control,none,fibroblast_subcluster,fib_cluster_11,cell_state,celltype_pseudobulk,unknown,False,False,scrna_pseudobulk|GSE163973|NF3,exclude,non_keloid,non_keloid,exclude,exclude,non_keloid,non_keloid,False
GSE163973_NF3_fib_cluster_12,GSE163973,NF3,GPL24676,scrna_pseudobulk,scrna_spatial,fibroblast,primary_fibroblast,normal_scar,normal,normal_scar,control,none,fibroblast_subcluster,fib_cluster_12,cell_state,celltype_pseudobulk,unknown,False,False,scrna_pseudobulk|GSE163973|NF3,exclude,non_keloid,non_keloid,exclude,exclude,non_keloid,non_keloid,False
GSE163973_NF3_all_cells,GSE163973,NF3,GPL24676,scrna_pseudobulk,scrna_spatial,all_cells,bulk_tissue,normal_scar,normal,normal_scar,control,none,keloid_vs_normal,normal_scar,pseudobulk,donor_tissue,unknown,False,False,scrna_pseudobulk|GSE163973|NF3,non_keloid,non_keloid,non_keloid,exclude,exclude,non_keloid,exclude,False
GSE181297_Ke01_all_barcodes,GSE181297,Ke01,GPL24676,scrna_pseudobulk,scrna_spatial,all_barcodes,bulk_tissue,keloid,keloid,keloid,lesional,none,keloid_vs_normal,keloid,pseudobulk,celltype_pseudobulk,unknown,False,False,scrna_pseudobulk|GSE181297|Ke01,keloid,keloid,keloid,keloid,keloid,keloid,exclude,True
GSE181297_Ke02_all_barcodes,GSE181297,Ke02,GPL24676,scrna_pseudobulk,scrna_spatial,all_barcodes,bulk_tissue,keloid,keloid,keloid,lesional,none,keloid_vs_normal,keloid,pseudobulk,celltype_pseudobulk,unknown,False,False,scrna_pseudobulk|GSE181297|Ke02,keloid,keloid,keloid,keloid,keloid,keloid,exclude,True
GSE181297_Pt1_all_barcodes,GSE181297,Pt1,GPL24676,spatial_pseudobulk,scrna_spatial,all_barcodes,bulk_tissue,keloid,keloid,keloid,lesional,none,keloid_vs_normal,keloid,pseudobulk,celltype_pseudobulk,unknown,False,False,spatial_pseudobulk|GSE181297|Pt1,keloid,keloid,keloid,keloid,keloid,keloid,exclude,True
GSE181297_Pt2_all_barcodes,GSE181297,Pt2,GPL24676,spatial_pseudobulk,scrna_spatial,all_barcodes,bulk_tissue,keloid,keloid,keloid,lesional,none,keloid_vs_normal,keloid,pseudobulk,celltype_pseudobulk,unknown,False,False,spatial_pseudobulk|GSE181297|Pt2,keloid,keloid,keloid,keloid,keloid,keloid,exclude,True
GSE181297_NS02_all_barcodes,GSE181297,NS02,GPL24676,scrna_pseudobulk,scrna_spatial,all_barcodes,bulk_tissue,normal_scar,normal,normal_scar,control,none,keloid_vs_normal,normal_scar,pseudobulk,celltype_pseudobulk,unknown,False,False,scrna_pseudobulk|GSE181297|NS02,non_keloid,non_keloid,non_keloid,exclude,exclude,non_keloid,exclude,True
GSE181297_NSV1_all_barcodes,GSE181297,NSV1,GPL24676,spatial_pseudobulk,scrna_spatial,all_barcodes,bulk_tissue,adjacent_normal,normal,adjacent_normal,control,none,keloid_vs_normal,adjacent_normal,pseudobulk,celltype_pseudobulk,unknown,False,False,spatial_pseudobulk|GSE181297|NSV1,non_keloid,non_keloid,exclude,exclude,non_keloid,non_keloid,exclude,True
GSE181297_NSV2_all_barcodes,GSE181297,NSV2,GPL24676,spatial_pseudobulk,scrna_spatial,all_barcodes,bulk_tissue,adjacent_normal,normal,adjacent_normal,control,none,keloid_vs_normal,adjacent_normal,pseudobulk,celltype_pseudobulk,unknown,False,False,spatial_pseudobulk|GSE181297|NSV2,non_keloid,non_keloid,exclude,exclude,non_keloid,non_keloid,exclude,True
GSE160536_scleroderma_all_cells,GSE160536,pooled_unknown_barcode_mapping,GPL24676,scrna_pseudobulk,scrna_spatial,all_cells,bulk_tissue,scleroderma,unknown,out_of_domain_fibrotic_skin,control,none,out_of_domain_fibrotic_state,scleroderma,pseudobulk,celltype_pseudobulk,unknown,False,False,scrna_pseudobulk|GSE160536|pooled_unknown_barcode_mapping,exclude,exclude,exclude,exclude,exclude,exclude,exclude,True
GSE32537_GSM806204,GSE32537,unknown,GSE32537,external_fibrosis,external_fibrosis,lung,other,ipf,exclude,unknown,unknown,none,fibrosis_binary,fibrotic,sample,profile,existing,False,True,external_fibrosis|GSE32537|accession,exclude,exclude,exclude,exclude,exclude,exclude,exclude,False
GSE32537_GSM806205,GSE32537,unknown,GSE32537,external_fibrosis,external_fibrosis,lung,other,ipf,exclude,unknown,unknown,none,fibrosis_binary,fibrotic,sample,profile,existing,False,True,external_fibrosis|GSE32537|accession,exclude,exclude,exclude,exclude,exclude,exclude,exclude,False
GSE32537_GSM806207,GSE32537,unknown,GSE32537,external_fibrosis,external_fibrosis,lung,other,ipf,exclude,unknown,unknown,none,fibrosis_binary,fibrotic,sample,profile,existing,False,True,external_fibrosis|GSE32537|accession,exclude,exclude,exclude,exclude,exclude,exclude,exclude,False
GSE32537_GSM806208,GSE32537,unknown,GSE32537,external_fibrosis,external_fibrosis,lung,other,ipf,exclude,unknown,unknown,none,fibrosis_binary,fibrotic,sample,profile,existing,False,True,external_fibrosis|GSE32537|accession,exclude,exclude,exclude,exclude,exclude,exclude,exclude,False
GSE32537_GSM806209,GSE32537,unknown,GSE32537,external_fibrosis,external_fibrosis,lung,other,ipf,exclude,unknown,unknown,none,fibrosis_binary,fibrotic,sample,profile,existing,False,True,external_fibrosis|GSE32537|accession,exclude,exclude,exclude,exclude,exclude,exclude,exclude,False
GSE32537_GSM806210,GSE32537,unknown,GSE32537,external_fibrosis,external_fibrosis,lung,other,ipf,exclude,unknown,unknown,none,fibrosis_binary,fibrotic,sample,profile,existing,False,True,external_fibrosis|GSE32537|accession,exclude,exclude,exclude,exclude,exclude,exclude,exclude,False
GSE32537_GSM806212,GSE32537,unknown,GSE32537,external_fibrosis,external_fibrosis,lung,other,ipf,exclude,unknown,unknown,none,fibrosis_binary,fibrotic,sample,profile,existing,False,True,external_fibrosis|GSE32537|accession,exclude,exclude,exclude,exclude,exclude,exclude,exclude,False
GSE32537_GSM806214,GSE32537,unknown,GSE32537,external_fibrosis,external_fibrosis,lung,other,ipf,exclude,unknown,unknown,none,fibrosis_binary,fibrotic,sample,profile,existing,False,True,external_fibrosis|GSE32537|accession,exclude,exclude,exclude,exclude,exclude,exclude,exclude,False
GSE32537_GSM806216,GSE32537,unknown,GSE32537,external_fibrosis,external_fibrosis,lung,other,ipf,exclude,unknown,unknown,none,fibrosis_binary,fibrotic,sample,profile,existing,False,True,external_fibrosis|GSE32537|accession,exclude,exclude,exclude,exclude,exclude,exclude,exclude,False
GSE32537_GSM806219,GSE32537,unknown,GSE32537,external_fibrosis,external_fibrosis,lung,other,ipf,exclude,unknown,unknown,none,fibrosis_binary,fibrotic,sample,profile,existing,False,True,external_fibrosis|GSE32537|accession,exclude,exclude,exclude,exclude,exclude,exclude,exclude,False
GSE32537_GSM806220,GSE32537,unknown,GSE32537,external_fibrosis,external_fibrosis,lung,other,ipf,exclude,unknown,unknown,none,fibrosis_binary,fibrotic,sample,profile,existing,False,True,external_fibrosis|GSE32537|accession,exclude,exclude,exclude,exclude,exclude,exclude,exclude,False
GSE32537_GSM806221,GSE32537,unknown,GSE32537,external_fibrosis,external_fibrosis,lung,other,ipf,exclude,unknown,unknown,none,fibrosis_binary,fibrotic,sample,profile,existing,False,True,external_fibrosis|GSE32537|accession,exclude,exclude,exclude,exclude,exclude,exclude,exclude,False
GSE32537_GSM806222,GSE32537,unknown,GSE32537,external_fibrosis,external_fibrosis,lung,other,ipf,exclude,unknown,unknown,none,fibrosis_binary,fibrotic,sample,profile,existing,False,True,external_fibrosis|GSE32537|accession,exclude,exclude,exclude,exclude,exclude,exclude,exclude,False
GSE32537_GSM806223,GSE32537,unknown,GSE32537,external_fibrosis,external_fibrosis,lung,other,ipf,exclude,unknown,unknown,none,fibrosis_binary,fibrotic,sample,profile,existing,False,True,external_fibrosis|GSE32537|accession,exclude,exclude,exclude,exclude,exclude,exclude,exclude,False
GSE32537_GSM806225,GSE32537,unknown,GSE32537,external_fibrosis,external_fibrosis,lung,other,ipf,exclude,unknown,unknown,none,fibrosis_binary,fibrotic,sample,profile,existing,False,True,external_fibrosis|GSE32537|accession,exclude,exclude,exclude,exclude,exclude,exclude,exclude,False
GSE32537_GSM806226,GSE32537,unknown,GSE32537,external_fibrosis,external_fibrosis,lung,other,ipf,exclude,unknown,unknown,none,fibrosis_binary,fibrotic,sample,profile,existing,False,True,external_fibrosis|GSE32537|accession,exclude,exclude,exclude,exclude,exclude,exclude,exclude,False
GSE32537_GSM806227,GSE32537,unknown,GSE32537,external_fibrosis,external_fibrosis,lung,other,ipf,exclude,unknown,unknown,none,fibrosis_binary,fibrotic,sample,profile,existing,False,True,external_fibrosis|GSE32537|accession,exclude,exclude,exclude,exclude,exclude,exclude,exclude,False
GSE32537_GSM806228,GSE32537,unknown,GSE32537,external_fibrosis,external_fibrosis,lung,other,ipf,exclude,unknown,unknown,none,fibrosis_binary,fibrotic,sample,profile,existing,False,True,external_fibrosis|GSE32537|accession,exclude,exclude,exclude,exclude,exclude,exclude,exclude,False
GSE32537_GSM806229,GSE32537,unknown,GSE32537,external_fibrosis,external_fibrosis,lung,other,ipf,exclude,unknown,unknown,none,fibrosis_binary,fibrotic,sample,profile,existing,False,True,external_fibrosis|GSE32537|accession,exclude,exclude,exclude,exclude,exclude,exclude,exclude,False
GSE32537_GSM806230,GSE32537,unknown,GSE32537,external_fibrosis,external_fibrosis,lung,other,ipf,exclude,unknown,unknown,none,fibrosis_binary,fibrotic,sample,profile,existing,False,True,external_fibrosis|GSE32537|accession,exclude,exclude,exclude,exclude,exclude,exclude,exclude,False
GSE32537_GSM806231,GSE32537,unknown,GSE32537,external_fibrosis,external_fibrosis,lung,other,ipf,exclude,unknown,unknown,none,fibrosis_binary,fibrotic,sample,profile,existing,False,True,external_fibrosis|GSE32537|accession,exclude,exclude,exclude,exclude,exclude,exclude,exclude,False
GSE32537_GSM806232,GSE32537,unknown,GSE32537,external_fibrosis,external_fibrosis,lung,other,ipf,exclude,unknown,unknown,none,fibrosis_binary,fibrotic,sample,profile,existing,False,True,external_fibrosis|GSE32537|accession,exclude,exclude,exclude,exclude,exclude,exclude,exclude,False
GSE32537_GSM806234,GSE32537,unknown,GSE32537,external_fibrosis,external_fibrosis,lung,other,ipf,exclude,unknown,unknown,none,fibrosis_binary,fibrotic,sample,profile,existing,False,True,external_fibrosis|GSE32537|accession,exclude,exclude,exclude,exclude,exclude,exclude,exclude,False
GSE32537_GSM806235,GSE32537,unknown,GSE32537,external_fibrosis,external_fibrosis,lung,other,ipf,exclude,unknown,unknown,none,fibrosis_binary,fibrotic,sample,profile,existing,False,True,external_fibrosis|GSE32537|accession,exclude,exclude,exclude,exclude,exclude,exclude,exclude,False
GSE32537_GSM806236,GSE32537,unknown,GSE32537,external_fibrosis,external_fibrosis,lung,other,ipf,exclude,unknown,unknown,none,fibrosis_binary,fibrotic,sample,profile,existing,False,True,external_fibrosis|GSE32537|accession,exclude,exclude,exclude,exclude,exclude,exclude,exclude,False
GSE32537_GSM806237,GSE32537,unknown,GSE32537,external_fibrosis,external_fibrosis,lung,other,ipf,exclude,unknown,unknown,none,fibrosis_binary,fibrotic,sample,profile,existing,False,True,external_fibrosis|GSE32537|accession,exclude,exclude,exclude,exclude,exclude,exclude,exclude,False
GSE32537_GSM806238,GSE32537,unknown,GSE32537,external_fibrosis,external_fibrosis,lung,other,ipf,exclude,unknown,unknown,none,fibrosis_binary,fibrotic,sample,profile,existing,False,True,external_fibrosis|GSE32537|accession,exclude,exclude,exclude,exclude,exclude,exclude,exclude,False
GSE32537_GSM806239,GSE32537,unknown,GSE32537,external_fibrosis,external_fibrosis,lung,other,ipf,exclude,unknown,unknown,none,fibrosis_binary,fibrotic,sample,profile,existing,False,True,external_fibrosis|GSE32537|accession,exclude,exclude,exclude,exclude,exclude,exclude,exclude,False
GSE32537_GSM806240,GSE32537,unknown,GSE32537,external_fibrosis,external_fibrosis,lung,other,ipf,exclude,unknown,unknown,none,fibrosis_binary,fibrotic,sample,profile,existing,False,True,external_fibrosis|GSE32537|accession,exclude,exclude,exclude,exclude,exclude,exclude,exclude,False
GSE32537_GSM806241,GSE32537,unknown,GSE32537,external_fibrosis,external_fibrosis,lung,other,ipf,exclude,unknown,unknown,none,fibrosis_binary,fibrotic,sample,profile,existing,False,True,external_fibrosis|GSE32537|accession,exclude,exclude,exclude,exclude,exclude,exclude,exclude,False
GSE32537_GSM806242,GSE32537,unknown,GSE32537,external_fibrosis,external_fibrosis,lung,other,ipf,exclude,unknown,unknown,none,fibrosis_binary,fibrotic,sample,profile,existing,False,True,external_fibrosis|GSE32537|accession,exclude,exclude,exclude,exclude,exclude,exclude,exclude,False
GSE32537_GSM806243,GSE32537,unknown,GSE32537,external_fibrosis,external_fibrosis,lung,other,ipf,exclude,unknown,unknown,none,fibrosis_binary,fibrotic,sample,profile,existing,False,True,external_fibrosis|GSE32537|accession,exclude,exclude,exclude,exclude,exclude,exclude,exclude,False
GSE32537_GSM806247,GSE32537,unknown,GSE32537,external_fibrosis,external_fibrosis,lung,other,ipf,exclude,unknown,unknown,none,fibrosis_binary,fibrotic,sample,profile,existing,False,True,external_fibrosis|GSE32537|accession,exclude,exclude,exclude,exclude,exclude,exclude,exclude,False
GSE32537_GSM806250,GSE32537,unknown,GSE32537,external_fibrosis,external_fibrosis,lung,other,ipf,exclude,unknown,unknown,none,fibrosis_binary,fibrotic,sample,profile,existing,False,True,external_fibrosis|GSE32537|accession,exclude,exclude,exclude,exclude,exclude,exclude,exclude,False
GSE32537_GSM806251,GSE32537,unknown,GSE32537,external_fibrosis,external_fibrosis,lung,other,ipf,exclude,unknown,unknown,none,fibrosis_binary,fibrotic,sample,profile,existing,False,True,external_fibrosis|GSE32537|accession,exclude,exclude,exclude,exclude,exclude,exclude,exclude,False
GSE32537_GSM806252,GSE32537,unknown,GSE32537,external_fibrosis,external_fibrosis,lung,other,ipf,exclude,unknown,unknown,none,fibrosis_binary,fibrotic,sample,profile,existing,False,True,external_fibrosis|GSE32537|accession,exclude,exclude,exclude,exclude,exclude,exclude,exclude,False
GSE32537_GSM806253,GSE32537,unknown,GSE32537,external_fibrosis,external_fibrosis,lung,other,ipf,exclude,unknown,unknown,none,fibrosis_binary,fibrotic,sample,profile,existing,False,True,external_fibrosis|GSE32537|accession,exclude,exclude,exclude,exclude,exclude,exclude,exclude,False
GSE32537_GSM806254,GSE32537,unknown,GSE32537,external_fibrosis,external_fibrosis,lung,other,ipf,exclude,unknown,unknown,none,fibrosis_binary,fibrotic,sample,profile,existing,False,True,external_fibrosis|GSE32537|accession,exclude,exclude,exclude,exclude,exclude,exclude,exclude,False
GSE32537_GSM806255,GSE32537,unknown,GSE32537,external_fibrosis,external_fibrosis,lung,other,ipf,exclude,unknown,unknown,none,fibrosis_binary,fibrotic,sample,profile,existing,False,True,external_fibrosis|GSE32537|accession,exclude,exclude,exclude,exclude,exclude,exclude,exclude,False
GSE32537_GSM806257,GSE32537,unknown,GSE32537,external_fibrosis,external_fibrosis,lung,other,ipf,exclude,unknown,unknown,none,fibrosis_binary,fibrotic,sample,profile,existing,False,True,external_fibrosis|GSE32537|accession,exclude,exclude,exclude,exclude,exclude,exclude,exclude,False
GSE32537_GSM806258,GSE32537,unknown,GSE32537,external_fibrosis,external_fibrosis,lung,other,ipf,exclude,unknown,unknown,none,fibrosis_binary,fibrotic,sample,profile,existing,False,True,external_fibrosis|GSE32537|accession,exclude,exclude,exclude,exclude,exclude,exclude,exclude,False
GSE32537_GSM806259,GSE32537,unknown,GSE32537,external_fibrosis,external_fibrosis,lung,other,ipf,exclude,unknown,unknown,none,fibrosis_binary,fibrotic,sample,profile,existing,False,True,external_fibrosis|GSE32537|accession,exclude,exclude,exclude,exclude,exclude,exclude,exclude,False
GSE32537_GSM806260,GSE32537,unknown,GSE32537,external_fibrosis,external_fibrosis,lung,other,ipf,exclude,unknown,unknown,none,fibrosis_binary,fibrotic,sample,profile,existing,False,True,external_fibrosis|GSE32537|accession,exclude,exclude,exclude,exclude,exclude,exclude,exclude,False
GSE32537_GSM806261,GSE32537,unknown,GSE32537,external_fibrosis,external_fibrosis,lung,other,ipf,exclude,unknown,unknown,none,fibrosis_binary,fibrotic,sample,profile,existing,False,True,external_fibrosis|GSE32537|accession,exclude,exclude,exclude,exclude,exclude,exclude,exclude,False
GSE32537_GSM806262,GSE32537,unknown,GSE32537,external_fibrosis,external_fibrosis,lung,other,ipf,exclude,unknown,unknown,none,fibrosis_binary,fibrotic,sample,profile,existing,False,True,external_fibrosis|GSE32537|accession,exclude,exclude,exclude,exclude,exclude,exclude,exclude,False
GSE32537_GSM806263,GSE32537,unknown,GSE32537,external_fibrosis,external_fibrosis,lung,other,ipf,exclude,unknown,unknown,none,fibrosis_binary,fibrotic,sample,profile,existing,False,True,external_fibrosis|GSE32537|accession,exclude,exclude,exclude,exclude,exclude,exclude,exclude,False
GSE32537_GSM806264,GSE32537,unknown,GSE32537,external_fibrosis,external_fibrosis,lung,other,ipf,exclude,unknown,unknown,none,fibrosis_binary,fibrotic,sample,profile,existing,False,True,external_fibrosis|GSE32537|accession,exclude,exclude,exclude,exclude,exclude,exclude,exclude,False
GSE32537_GSM806267,GSE32537,unknown,GSE32537,external_fibrosis,external_fibrosis,lung,other,ipf,exclude,unknown,unknown,none,fibrosis_binary,fibrotic,sample,profile,existing,False,True,external_fibrosis|GSE32537|accession,exclude,exclude,exclude,exclude,exclude,exclude,exclude,False
GSE32537_GSM806268,GSE32537,unknown,GSE32537,external_fibrosis,external_fibrosis,lung,other,ipf,exclude,unknown,unknown,none,fibrosis_binary,fibrotic,sample,profile,existing,False,True,external_fibrosis|GSE32537|accession,exclude,exclude,exclude,exclude,exclude,exclude,exclude,False
GSE32537_GSM806269,GSE32537,unknown,GSE32537,external_fibrosis,external_fibrosis,lung,other,ipf,exclude,unknown,unknown,none,fibrosis_binary,fibrotic,sample,profile,existing,False,True,external_fibrosis|GSE32537|accession,exclude,exclude,exclude,exclude,exclude,exclude,exclude,False
GSE32537_GSM806273,GSE32537,unknown,GSE32537,external_fibrosis,external_fibrosis,lung,other,ipf,exclude,unknown,unknown,none,fibrosis_binary,fibrotic,sample,profile,existing,False,True,external_fibrosis|GSE32537|accession,exclude,exclude,exclude,exclude,exclude,exclude,exclude,False
GSE32537_GSM806274,GSE32537,unknown,GSE32537,external_fibrosis,external_fibrosis,lung,other,ipf,exclude,unknown,unknown,none,fibrosis_binary,fibrotic,sample,profile,existing,False,True,external_fibrosis|GSE32537|accession,exclude,exclude,exclude,exclude,exclude,exclude,exclude,False
GSE32537_GSM806275,GSE32537,unknown,GSE32537,external_fibrosis,external_fibrosis,lung,other,ipf,exclude,unknown,unknown,none,fibrosis_binary,fibrotic,sample,profile,existing,False,True,external_fibrosis|GSE32537|accession,exclude,exclude,exclude,exclude,exclude,exclude,exclude,False
GSE32537_GSM806276,GSE32537,unknown,GSE32537,external_fibrosis,external_fibrosis,lung,other,ipf,exclude,unknown,unknown,none,fibrosis_binary,fibrotic,sample,profile,existing,False,True,external_fibrosis|GSE32537|accession,exclude,exclude,exclude,exclude,exclude,exclude,exclude,False
GSE32537_GSM806277,GSE32537,unknown,GSE32537,external_fibrosis,external_fibrosis,lung,other,ipf,exclude,unknown,unknown,none,fibrosis_binary,fibrotic,sample,profile,existing,False,True,external_fibrosis|GSE32537|accession,exclude,exclude,exclude,exclude,exclude,exclude,exclude,False
GSE32537_GSM806278,GSE32537,unknown,GSE32537,external_fibrosis,external_fibrosis,lung,other,ipf,exclude,unknown,unknown,none,fibrosis_binary,fibrotic,sample,profile,existing,False,True,external_fibrosis|GSE32537|accession,exclude,exclude,exclude,exclude,exclude,exclude,exclude,False
GSE32537_GSM806279,GSE32537,unknown,GSE32537,external_fibrosis,external_fibrosis,lung,other,ipf,exclude,unknown,unknown,none,fibrosis_binary,fibrotic,sample,profile,existing,False,True,external_fibrosis|GSE32537|accession,exclude,exclude,exclude,exclude,exclude,exclude,exclude,False
GSE32537_GSM806281,GSE32537,unknown,GSE32537,external_fibrosis,external_fibrosis,lung,other,ipf,exclude,unknown,unknown,none,fibrosis_binary,fibrotic,sample,profile,existing,False,True,external_fibrosis|GSE32537|accession,exclude,exclude,exclude,exclude,exclude,exclude,exclude,False
GSE32537_GSM806284,GSE32537,unknown,GSE32537,external_fibrosis,external_fibrosis,lung,other,ipf,exclude,unknown,unknown,none,fibrosis_binary,fibrotic,sample,profile,existing,False,True,external_fibrosis|GSE32537|accession,exclude,exclude,exclude,exclude,exclude,exclude,exclude,False
GSE32537_GSM806285,GSE32537,unknown,GSE32537,external_fibrosis,external_fibrosis,lung,other,ipf,exclude,unknown,unknown,none,fibrosis_binary,fibrotic,sample,profile,existing,False,True,external_fibrosis|GSE32537|accession,exclude,exclude,exclude,exclude,exclude,exclude,exclude,False
GSE32537_GSM806286,GSE32537,unknown,GSE32537,external_fibrosis,external_fibrosis,lung,other,ipf,exclude,unknown,unknown,none,fibrosis_binary,fibrotic,sample,profile,existing,False,True,external_fibrosis|GSE32537|accession,exclude,exclude,exclude,exclude,exclude,exclude,exclude,False
GSE32537_GSM806287,GSE32537,unknown,GSE32537,external_fibrosis,external_fibrosis,lung,other,ipf,exclude,unknown,unknown,none,fibrosis_binary,fibrotic,sample,profile,existing,False,True,external_fibrosis|GSE32537|accession,exclude,exclude,exclude,exclude,exclude,exclude,exclude,False
GSE32537_GSM806290,GSE32537,unknown,GSE32537,external_fibrosis,external_fibrosis,lung,other,ipf,exclude,unknown,unknown,none,fibrosis_binary,fibrotic,sample,profile,existing,False,True,external_fibrosis|GSE32537|accession,exclude,exclude,exclude,exclude,exclude,exclude,exclude,False
GSE32537_GSM806291,GSE32537,unknown,GSE32537,external_fibrosis,external_fibrosis,lung,other,ipf,exclude,unknown,unknown,none,fibrosis_binary,fibrotic,sample,profile,existing,False,True,external_fibrosis|GSE32537|accession,exclude,exclude,exclude,exclude,exclude,exclude,exclude,False
GSE32537_GSM806292,GSE32537,unknown,GSE32537,external_fibrosis,external_fibrosis,lung,other,ipf,exclude,unknown,unknown,none,fibrosis_binary,fibrotic,sample,profile,existing,False,True,external_fibrosis|GSE32537|accession,exclude,exclude,exclude,exclude,exclude,exclude,exclude,False
GSE32537_GSM806293,GSE32537,unknown,GSE32537,external_fibrosis,external_fibrosis,lung,other,ipf,exclude,unknown,unknown,none,fibrosis_binary,fibrotic,sample,profile,existing,False,True,external_fibrosis|GSE32537|accession,exclude,exclude,exclude,exclude,exclude,exclude,exclude,False
GSE32537_GSM806294,GSE32537,unknown,GSE32537,external_fibrosis,external_fibrosis,lung,other,ipf,exclude,unknown,unknown,none,fibrosis_binary,fibrotic,sample,profile,existing,False,True,external_fibrosis|GSE32537|accession,exclude,exclude,exclude,exclude,exclude,exclude,exclude,False
GSE32537_GSM806297,GSE32537,unknown,GSE32537,external_fibrosis,external_fibrosis,lung,other,ipf,exclude,unknown,unknown,none,fibrosis_binary,fibrotic,sample,profile,existing,False,True,external_fibrosis|GSE32537|accession,exclude,exclude,exclude,exclude,exclude,exclude,exclude,False
GSE32537_GSM806298,GSE32537,unknown,GSE32537,external_fibrosis,external_fibrosis,lung,other,ipf,exclude,unknown,unknown,none,fibrosis_binary,fibrotic,sample,profile,existing,False,True,external_fibrosis|GSE32537|accession,exclude,exclude,exclude,exclude,exclude,exclude,exclude,False
GSE32537_GSM806299,GSE32537,unknown,GSE32537,external_fibrosis,external_fibrosis,lung,other,ipf,exclude,unknown,unknown,none,fibrosis_binary,fibrotic,sample,profile,existing,False,True,external_fibrosis|GSE32537|accession,exclude,exclude,exclude,exclude,exclude,exclude,exclude,False
GSE32537_GSM806300,GSE32537,unknown,GSE32537,external_fibrosis,external_fibrosis,lung,other,ipf,exclude,unknown,unknown,none,fibrosis_binary,fibrotic,sample,profile,existing,False,True,external_fibrosis|GSE32537|accession,exclude,exclude,exclude,exclude,exclude,exclude,exclude,False
GSE32537_GSM806301,GSE32537,unknown,GSE32537,external_fibrosis,external_fibrosis,lung,other,ipf,exclude,unknown,unknown,none,fibrosis_binary,fibrotic,sample,profile,existing,False,True,external_fibrosis|GSE32537|accession,exclude,exclude,exclude,exclude,exclude,exclude,exclude,False
GSE32537_GSM806302,GSE32537,unknown,GSE32537,external_fibrosis,external_fibrosis,lung,other,ipf,exclude,unknown,unknown,none,fibrosis_binary,fibrotic,sample,profile,existing,False,True,external_fibrosis|GSE32537|accession,exclude,exclude,exclude,exclude,exclude,exclude,exclude,False
GSE32537_GSM806305,GSE32537,unknown,GSE32537,external_fibrosis,external_fibrosis,lung,other,ipf,exclude,unknown,unknown,none,fibrosis_binary,fibrotic,sample,profile,existing,False,True,external_fibrosis|GSE32537|accession,exclude,exclude,exclude,exclude,exclude,exclude,exclude,False
GSE32537_GSM806306,GSE32537,unknown,GSE32537,external_fibrosis,external_fibrosis,lung,other,ipf,exclude,unknown,unknown,none,fibrosis_binary,fibrotic,sample,profile,existing,False,True,external_fibrosis|GSE32537|accession,exclude,exclude,exclude,exclude,exclude,exclude,exclude,False
GSE32537_GSM806307,GSE32537,unknown,GSE32537,external_fibrosis,external_fibrosis,lung,other,ipf,exclude,unknown,unknown,none,fibrosis_binary,fibrotic,sample,profile,existing,False,True,external_fibrosis|GSE32537|accession,exclude,exclude,exclude,exclude,exclude,exclude,exclude,False
GSE32537_GSM806308,GSE32537,unknown,GSE32537,external_fibrosis,external_fibrosis,lung,other,ipf,exclude,unknown,unknown,none,fibrosis_binary,fibrotic,sample,profile,existing,False,True,external_fibrosis|GSE32537|accession,exclude,exclude,exclude,exclude,exclude,exclude,exclude,False
GSE32537_GSM806309,GSE32537,unknown,GSE32537,external_fibrosis,external_fibrosis,lung,other,ipf,exclude,unknown,unknown,none,fibrosis_binary,fibrotic,sample,profile,existing,False,True,external_fibrosis|GSE32537|accession,exclude,exclude,exclude,exclude,exclude,exclude,exclude,False
GSE32537_GSM806310,GSE32537,unknown,GSE32537,external_fibrosis,external_fibrosis,lung,other,ipf,exclude,unknown,unknown,none,fibrosis_binary,fibrotic,sample,profile,existing,False,True,external_fibrosis|GSE32537|accession,exclude,exclude,exclude,exclude,exclude,exclude,exclude,False
GSE32537_GSM806313,GSE32537,unknown,GSE32537,external_fibrosis,external_fibrosis,lung,other,ipf,exclude,unknown,unknown,none,fibrosis_binary,fibrotic,sample,profile,existing,False,True,external_fibrosis|GSE32537|accession,exclude,exclude,exclude,exclude,exclude,exclude,exclude,False
GSE32537_GSM806314,GSE32537,unknown,GSE32537,external_fibrosis,external_fibrosis,lung,other,ipf,exclude,unknown,unknown,none,fibrosis_binary,fibrotic,sample,profile,existing,False,True,external_fibrosis|GSE32537|accession,exclude,exclude,exclude,exclude,exclude,exclude,exclude,False
GSE32537_GSM806315,GSE32537,unknown,GSE32537,external_fibrosis,external_fibrosis,lung,other,ipf,exclude,unknown,unknown,none,fibrosis_binary,fibrotic,sample,profile,existing,False,True,external_fibrosis|GSE32537|accession,exclude,exclude,exclude,exclude,exclude,exclude,exclude,False
GSE32537_GSM806316,GSE32537,unknown,GSE32537,external_fibrosis,external_fibrosis,lung,other,ipf,exclude,unknown,unknown,none,fibrosis_binary,fibrotic,sample,profile,existing,False,True,external_fibrosis|GSE32537|accession,exclude,exclude,exclude,exclude,exclude,exclude,exclude,False
GSE32537_GSM806318,GSE32537,unknown,GSE32537,external_fibrosis,external_fibrosis,lung,other,ipf,exclude,unknown,unknown,none,fibrosis_binary,fibrotic,sample,profile,existing,False,True,external_fibrosis|GSE32537|accession,exclude,exclude,exclude,exclude,exclude,exclude,exclude,False
GSE32537_GSM806320,GSE32537,unknown,GSE32537,external_fibrosis,external_fibrosis,lung,other,ipf,exclude,unknown,unknown,none,fibrosis_binary,fibrotic,sample,profile,existing,False,True,external_fibrosis|GSE32537|accession,exclude,exclude,exclude,exclude,exclude,exclude,exclude,False
GSE32537_GSM806321,GSE32537,unknown,GSE32537,external_fibrosis,external_fibrosis,lung,other,ipf,exclude,unknown,unknown,none,fibrosis_binary,fibrotic,sample,profile,existing,False,True,external_fibrosis|GSE32537|accession,exclude,exclude,exclude,exclude,exclude,exclude,exclude,False
GSE32537_GSM806322,GSE32537,unknown,GSE32537,external_fibrosis,external_fibrosis,lung,other,ipf,exclude,unknown,unknown,none,fibrosis_binary,fibrotic,sample,profile,existing,False,True,external_fibrosis|GSE32537|accession,exclude,exclude,exclude,exclude,exclude,exclude,exclude,False
GSE32537_GSM806324,GSE32537,unknown,GSE32537,external_fibrosis,external_fibrosis,lung,other,ipf,exclude,unknown,unknown,none,fibrosis_binary,fibrotic,sample,profile,existing,False,True,external_fibrosis|GSE32537|accession,exclude,exclude,exclude,exclude,exclude,exclude,exclude,False
GSE32537_GSM806327,GSE32537,unknown,GSE32537,external_fibrosis,external_fibrosis,lung,other,ipf,exclude,unknown,unknown,none,fibrosis_binary,fibrotic,sample,profile,existing,False,True,external_fibrosis|GSE32537|accession,exclude,exclude,exclude,exclude,exclude,exclude,exclude,False
GSE32537_GSM806329,GSE32537,unknown,GSE32537,external_fibrosis,external_fibrosis,lung,other,ipf,exclude,unknown,unknown,none,fibrosis_binary,fibrotic,sample,profile,existing,False,True,external_fibrosis|GSE32537|accession,exclude,exclude,exclude,exclude,exclude,exclude,exclude,False
GSE32537_GSM806330,GSE32537,unknown,GSE32537,external_fibrosis,external_fibrosis,lung,other,ipf,exclude,unknown,unknown,none,fibrosis_binary,fibrotic,sample,profile,existing,False,True,external_fibrosis|GSE32537|accession,exclude,exclude,exclude,exclude,exclude,exclude,exclude,False
GSE32537_GSM806332,GSE32537,unknown,GSE32537,external_fibrosis,external_fibrosis,lung,other,ipf,exclude,unknown,unknown,none,fibrosis_binary,fibrotic,sample,profile,existing,False,True,external_fibrosis|GSE32537|accession,exclude,exclude,exclude,exclude,exclude,exclude,exclude,False
GSE32537_GSM806333,GSE32537,unknown,GSE32537,external_fibrosis,external_fibrosis,lung,other,ipf,exclude,unknown,unknown,none,fibrosis_binary,fibrotic,sample,profile,existing,False,True,external_fibrosis|GSE32537|accession,exclude,exclude,exclude,exclude,exclude,exclude,exclude,False
GSE32537_GSM806335,GSE32537,unknown,GSE32537,external_fibrosis,external_fibrosis,lung,other,ipf,exclude,unknown,unknown,none,fibrosis_binary,fibrotic,sample,profile,existing,False,True,external_fibrosis|GSE32537|accession,exclude,exclude,exclude,exclude,exclude,exclude,exclude,False
GSE32537_GSM806336,GSE32537,unknown,GSE32537,external_fibrosis,external_fibrosis,lung,other,ipf,exclude,unknown,unknown,none,fibrosis_binary,fibrotic,sample,profile,existing,False,True,external_fibrosis|GSE32537|accession,exclude,exclude,exclude,exclude,exclude,exclude,exclude,False
GSE32537_GSM806338,GSE32537,unknown,GSE32537,external_fibrosis,external_fibrosis,lung,other,ipf,exclude,unknown,unknown,none,fibrosis_binary,fibrotic,sample,profile,existing,False,True,external_fibrosis|GSE32537|accession,exclude,exclude,exclude,exclude,exclude,exclude,exclude,False
GSE32537_GSM806339,GSE32537,unknown,GSE32537,external_fibrosis,external_fibrosis,lung,other,ipf,exclude,unknown,unknown,none,fibrosis_binary,fibrotic,sample,profile,existing,False,True,external_fibrosis|GSE32537|accession,exclude,exclude,exclude,exclude,exclude,exclude,exclude,False
GSE32537_GSM806340,GSE32537,unknown,GSE32537,external_fibrosis,external_fibrosis,lung,other,ipf,exclude,unknown,unknown,none,fibrosis_binary,fibrotic,sample,profile,existing,False,True,external_fibrosis|GSE32537|accession,exclude,exclude,exclude,exclude,exclude,exclude,exclude,False
GSE32537_GSM806342,GSE32537,unknown,GSE32537,external_fibrosis,external_fibrosis,lung,other,ipf,exclude,unknown,unknown,none,fibrosis_binary,fibrotic,sample,profile,existing,False,True,external_fibrosis|GSE32537|accession,exclude,exclude,exclude,exclude,exclude,exclude,exclude,False
GSE32537_GSM806344,GSE32537,unknown,GSE32537,external_fibrosis,external_fibrosis,lung,other,ipf,exclude,unknown,unknown,none,fibrosis_binary,fibrotic,sample,profile,existing,False,True,external_fibrosis|GSE32537|accession,exclude,exclude,exclude,exclude,exclude,exclude,exclude,False
GSE32537_GSM806346,GSE32537,unknown,GSE32537,external_fibrosis,external_fibrosis,lung,other,ipf,exclude,unknown,unknown,none,fibrosis_binary,fibrotic,sample,profile,existing,False,True,external_fibrosis|GSE32537|accession,exclude,exclude,exclude,exclude,exclude,exclude,exclude,False
GSE32537_GSM806349,GSE32537,unknown,GSE32537,external_fibrosis,external_fibrosis,lung,other,ipf,exclude,unknown,unknown,none,fibrosis_binary,fibrotic,sample,profile,existing,False,True,external_fibrosis|GSE32537|accession,exclude,exclude,exclude,exclude,exclude,exclude,exclude,False
GSE32537_GSM806351,GSE32537,unknown,GSE32537,external_fibrosis,external_fibrosis,lung,other,ipf,exclude,unknown,unknown,none,fibrosis_binary,fibrotic,sample,profile,existing,False,True,external_fibrosis|GSE32537|accession,exclude,exclude,exclude,exclude,exclude,exclude,exclude,False
GSE32537_GSM806352,GSE32537,unknown,GSE32537,external_fibrosis,external_fibrosis,lung,other,ipf,exclude,unknown,unknown,none,fibrosis_binary,fibrotic,sample,profile,existing,False,True,external_fibrosis|GSE32537|accession,exclude,exclude,exclude,exclude,exclude,exclude,exclude,False
GSE32537_GSM806354,GSE32537,unknown,GSE32537,external_fibrosis,external_fibrosis,lung,other,ipf,exclude,unknown,unknown,none,fibrosis_binary,fibrotic,sample,profile,existing,False,True,external_fibrosis|GSE32537|accession,exclude,exclude,exclude,exclude,exclude,exclude,exclude,False
GSE32537_GSM806355,GSE32537,unknown,GSE32537,external_fibrosis,external_fibrosis,lung,other,ipf,exclude,unknown,unknown,none,fibrosis_binary,fibrotic,sample,profile,existing,False,True,external_fibrosis|GSE32537|accession,exclude,exclude,exclude,exclude,exclude,exclude,exclude,False
GSE32537_GSM806356,GSE32537,unknown,GSE32537,external_fibrosis,external_fibrosis,lung,other,ipf,exclude,unknown,unknown,none,fibrosis_binary,fibrotic,sample,profile,existing,False,True,external_fibrosis|GSE32537|accession,exclude,exclude,exclude,exclude,exclude,exclude,exclude,False
GSE32537_GSM806357,GSE32537,unknown,GSE32537,external_fibrosis,external_fibrosis,lung,other,ipf,exclude,unknown,unknown,none,fibrosis_binary,fibrotic,sample,profile,existing,False,True,external_fibrosis|GSE32537|accession,exclude,exclude,exclude,exclude,exclude,exclude,exclude,False
GSE32537_GSM806358,GSE32537,unknown,GSE32537,external_fibrosis,external_fibrosis,lung,other,ipf,exclude,unknown,unknown,none,fibrosis_binary,fibrotic,sample,profile,existing,False,True,external_fibrosis|GSE32537|accession,exclude,exclude,exclude,exclude,exclude,exclude,exclude,False
GSE32537_GSM806359,GSE32537,unknown,GSE32537,external_fibrosis,external_fibrosis,lung,other,ipf,exclude,unknown,unknown,none,fibrosis_binary,fibrotic,sample,profile,existing,False,True,external_fibrosis|GSE32537|accession,exclude,exclude,exclude,exclude,exclude,exclude,exclude,False
GSE32537_GSM806361,GSE32537,unknown,GSE32537,external_fibrosis,external_fibrosis,lung,other,ipf,exclude,unknown,unknown,none,fibrosis_binary,fibrotic,sample,profile,existing,False,True,external_fibrosis|GSE32537|accession,exclude,exclude,exclude,exclude,exclude,exclude,exclude,False
GSE32537_GSM806362,GSE32537,unknown,GSE32537,external_fibrosis,external_fibrosis,lung,other,ipf,exclude,unknown,unknown,none,fibrosis_binary,fibrotic,sample,profile,existing,False,True,external_fibrosis|GSE32537|accession,exclude,exclude,exclude,exclude,exclude,exclude,exclude,False
GSE32537_GSM806363,GSE32537,unknown,GSE32537,external_fibrosis,external_fibrosis,lung,other,ipf,exclude,unknown,unknown,none,fibrosis_binary,fibrotic,sample,profile,existing,False,True,external_fibrosis|GSE32537|accession,exclude,exclude,exclude,exclude,exclude,exclude,exclude,False
GSE32537_GSM806364,GSE32537,unknown,GSE32537,external_fibrosis,external_fibrosis,lung,other,ipf,exclude,unknown,unknown,none,fibrosis_binary,fibrotic,sample,profile,existing,False,True,external_fibrosis|GSE32537|accession,exclude,exclude,exclude,exclude,exclude,exclude,exclude,False
GSE32537_GSM806365,GSE32537,unknown,GSE32537,external_fibrosis,external_fibrosis,lung,other,ipf,exclude,unknown,unknown,none,fibrosis_binary,fibrotic,sample,profile,existing,False,True,external_fibrosis|GSE32537|accession,exclude,exclude,exclude,exclude,exclude,exclude,exclude,False
GSE32537_GSM806366,GSE32537,unknown,GSE32537,external_fibrosis,external_fibrosis,lung,other,ipf,exclude,unknown,unknown,none,fibrosis_binary,fibrotic,sample,profile,existing,False,True,external_fibrosis|GSE32537|accession,exclude,exclude,exclude,exclude,exclude,exclude,exclude,False
GSE32537_GSM806368,GSE32537,unknown,GSE32537,external_fibrosis,external_fibrosis,lung,other,ipf,exclude,unknown,unknown,none,fibrosis_binary,fibrotic,sample,profile,existing,False,True,external_fibrosis|GSE32537|accession,exclude,exclude,exclude,exclude,exclude,exclude,exclude,False
GSE32537_GSM806369,GSE32537,unknown,GSE32537,external_fibrosis,external_fibrosis,lung,other,ipf,exclude,unknown,unknown,none,fibrosis_binary,fibrotic,sample,profile,existing,False,True,external_fibrosis|GSE32537|accession,exclude,exclude,exclude,exclude,exclude,exclude,exclude,False
GSE32537_GSM806370,GSE32537,unknown,GSE32537,external_fibrosis,external_fibrosis,lung,other,ipf,exclude,unknown,unknown,none,fibrosis_binary,fibrotic,sample,profile,existing,False,True,external_fibrosis|GSE32537|accession,exclude,exclude,exclude,exclude,exclude,exclude,exclude,False
GSE32537_GSM806371,GSE32537,unknown,GSE32537,external_fibrosis,external_fibrosis,lung,other,control,exclude,unknown,unknown,none,fibrosis_binary,non_fibrotic,sample,profile,existing,False,True,external_fibrosis|GSE32537|accession,exclude,exclude,exclude,exclude,exclude,exclude,exclude,False
GSE32537_GSM806372,GSE32537,unknown,GSE32537,external_fibrosis,external_fibrosis,lung,other,control,exclude,unknown,unknown,none,fibrosis_binary,non_fibrotic,sample,profile,existing,False,True,external_fibrosis|GSE32537|accession,exclude,exclude,exclude,exclude,exclude,exclude,exclude,False
GSE32537_GSM806373,GSE32537,unknown,GSE32537,external_fibrosis,external_fibrosis,lung,other,control,exclude,unknown,unknown,none,fibrosis_binary,non_fibrotic,sample,profile,existing,False,True,external_fibrosis|GSE32537|accession,exclude,exclude,exclude,exclude,exclude,exclude,exclude,False
GSE32537_GSM806374,GSE32537,unknown,GSE32537,external_fibrosis,external_fibrosis,lung,other,control,exclude,unknown,unknown,none,fibrosis_binary,non_fibrotic,sample,profile,existing,False,True,external_fibrosis|GSE32537|accession,exclude,exclude,exclude,exclude,exclude,exclude,exclude,False
GSE32537_GSM806375,GSE32537,unknown,GSE32537,external_fibrosis,external_fibrosis,lung,other,control,exclude,unknown,unknown,none,fibrosis_binary,non_fibrotic,sample,profile,existing,False,True,external_fibrosis|GSE32537|accession,exclude,exclude,exclude,exclude,exclude,exclude,exclude,False
GSE32537_GSM806376,GSE32537,unknown,GSE32537,external_fibrosis,external_fibrosis,lung,other,control,exclude,unknown,unknown,none,fibrosis_binary,non_fibrotic,sample,profile,existing,False,True,external_fibrosis|GSE32537|accession,exclude,exclude,exclude,exclude,exclude,exclude,exclude,False
GSE32537_GSM806377,GSE32537,unknown,GSE32537,external_fibrosis,external_fibrosis,lung,other,control,exclude,unknown,unknown,none,fibrosis_binary,non_fibrotic,sample,profile,existing,False,True,external_fibrosis|GSE32537|accession,exclude,exclude,exclude,exclude,exclude,exclude,exclude,False
GSE32537_GSM806378,GSE32537,unknown,GSE32537,external_fibrosis,external_fibrosis,lung,other,control,exclude,unknown,unknown,none,fibrosis_binary,non_fibrotic,sample,profile,existing,False,True,external_fibrosis|GSE32537|accession,exclude,exclude,exclude,exclude,exclude,exclude,exclude,False
GSE32537_GSM806379,GSE32537,unknown,GSE32537,external_fibrosis,external_fibrosis,lung,other,control,exclude,unknown,unknown,none,fibrosis_binary,non_fibrotic,sample,profile,existing,False,True,external_fibrosis|GSE32537|accession,exclude,exclude,exclude,exclude,exclude,exclude,exclude,False
GSE32537_GSM806380,GSE32537,unknown,GSE32537,external_fibrosis,external_fibrosis,lung,other,control,exclude,unknown,unknown,none,fibrosis_binary,non_fibrotic,sample,profile,existing,False,True,external_fibrosis|GSE32537|accession,exclude,exclude,exclude,exclude,exclude,exclude,exclude,False
GSE32537_GSM806381,GSE32537,unknown,GSE32537,external_fibrosis,external_fibrosis,lung,other,control,exclude,unknown,unknown,none,fibrosis_binary,non_fibrotic,sample,profile,existing,False,True,external_fibrosis|GSE32537|accession,exclude,exclude,exclude,exclude,exclude,exclude,exclude,False
GSE32537_GSM806382,GSE32537,unknown,GSE32537,external_fibrosis,external_fibrosis,lung,other,control,exclude,unknown,unknown,none,fibrosis_binary,non_fibrotic,sample,profile,existing,False,True,external_fibrosis|GSE32537|accession,exclude,exclude,exclude,exclude,exclude,exclude,exclude,False
GSE32537_GSM806383,GSE32537,unknown,GSE32537,external_fibrosis,external_fibrosis,lung,other,control,exclude,unknown,unknown,none,fibrosis_binary,non_fibrotic,sample,profile,existing,False,True,external_fibrosis|GSE32537|accession,exclude,exclude,exclude,exclude,exclude,exclude,exclude,False
GSE32537_GSM806384,GSE32537,unknown,GSE32537,external_fibrosis,external_fibrosis,lung,other,control,exclude,unknown,unknown,none,fibrosis_binary,non_fibrotic,sample,profile,existing,False,True,external_fibrosis|GSE32537|accession,exclude,exclude,exclude,exclude,exclude,exclude,exclude,False
GSE32537_GSM806385,GSE32537,unknown,GSE32537,external_fibrosis,external_fibrosis,lung,other,control,exclude,unknown,unknown,none,fibrosis_binary,non_fibrotic,sample,profile,existing,False,True,external_fibrosis|GSE32537|accession,exclude,exclude,exclude,exclude,exclude,exclude,exclude,False
GSE32537_GSM806386,GSE32537,unknown,GSE32537,external_fibrosis,external_fibrosis,lung,other,control,exclude,unknown,unknown,none,fibrosis_binary,non_fibrotic,sample,profile,existing,False,True,external_fibrosis|GSE32537|accession,exclude,exclude,exclude,exclude,exclude,exclude,exclude,False
GSE32537_GSM806387,GSE32537,unknown,GSE32537,external_fibrosis,external_fibrosis,lung,other,control,exclude,unknown,unknown,none,fibrosis_binary,non_fibrotic,sample,profile,existing,False,True,external_fibrosis|GSE32537|accession,exclude,exclude,exclude,exclude,exclude,exclude,exclude,False
GSE32537_GSM806388,GSE32537,unknown,GSE32537,external_fibrosis,external_fibrosis,lung,other,control,exclude,unknown,unknown,none,fibrosis_binary,non_fibrotic,sample,profile,existing,False,True,external_fibrosis|GSE32537|accession,exclude,exclude,exclude,exclude,exclude,exclude,exclude,False
GSE32537_GSM806389,GSE32537,unknown,GSE32537,external_fibrosis,external_fibrosis,lung,other,control,exclude,unknown,unknown,none,fibrosis_binary,non_fibrotic,sample,profile,existing,False,True,external_fibrosis|GSE32537|accession,exclude,exclude,exclude,exclude,exclude,exclude,exclude,False
GSE32537_GSM806390,GSE32537,unknown,GSE32537,external_fibrosis,external_fibrosis,lung,other,control,exclude,unknown,unknown,none,fibrosis_binary,non_fibrotic,sample,profile,existing,False,True,external_fibrosis|GSE32537|accession,exclude,exclude,exclude,exclude,exclude,exclude,exclude,False
GSE32537_GSM806391,GSE32537,unknown,GSE32537,external_fibrosis,external_fibrosis,lung,other,control,exclude,unknown,unknown,none,fibrosis_binary,non_fibrotic,sample,profile,existing,False,True,external_fibrosis|GSE32537|accession,exclude,exclude,exclude,exclude,exclude,exclude,exclude,False
GSE32537_GSM806392,GSE32537,unknown,GSE32537,external_fibrosis,external_fibrosis,lung,other,control,exclude,unknown,unknown,none,fibrosis_binary,non_fibrotic,sample,profile,existing,False,True,external_fibrosis|GSE32537|accession,exclude,exclude,exclude,exclude,exclude,exclude,exclude,False
GSE32537_GSM806393,GSE32537,unknown,GSE32537,external_fibrosis,external_fibrosis,lung,other,control,exclude,unknown,unknown,none,fibrosis_binary,non_fibrotic,sample,profile,existing,False,True,external_fibrosis|GSE32537|accession,exclude,exclude,exclude,exclude,exclude,exclude,exclude,False
GSE32537_GSM806394,GSE32537,unknown,GSE32537,external_fibrosis,external_fibrosis,lung,other,control,exclude,unknown,unknown,none,fibrosis_binary,non_fibrotic,sample,profile,existing,False,True,external_fibrosis|GSE32537|accession,exclude,exclude,exclude,exclude,exclude,exclude,exclude,False
GSE32537_GSM806395,GSE32537,unknown,GSE32537,external_fibrosis,external_fibrosis,lung,other,control,exclude,unknown,unknown,none,fibrosis_binary,non_fibrotic,sample,profile,existing,False,True,external_fibrosis|GSE32537|accession,exclude,exclude,exclude,exclude,exclude,exclude,exclude,False
GSE32537_GSM806396,GSE32537,unknown,GSE32537,external_fibrosis,external_fibrosis,lung,other,control,exclude,unknown,unknown,none,fibrosis_binary,non_fibrotic,sample,profile,existing,False,True,external_fibrosis|GSE32537|accession,exclude,exclude,exclude,exclude,exclude,exclude,exclude,False
GSE32537_GSM806397,GSE32537,unknown,GSE32537,external_fibrosis,external_fibrosis,lung,other,control,exclude,unknown,unknown,none,fibrosis_binary,non_fibrotic,sample,profile,existing,False,True,external_fibrosis|GSE32537|accession,exclude,exclude,exclude,exclude,exclude,exclude,exclude,False
GSE32537_GSM806398,GSE32537,unknown,GSE32537,external_fibrosis,external_fibrosis,lung,other,control,exclude,unknown,unknown,none,fibrosis_binary,non_fibrotic,sample,profile,existing,False,True,external_fibrosis|GSE32537|accession,exclude,exclude,exclude,exclude,exclude,exclude,exclude,False
GSE32537_GSM806399,GSE32537,unknown,GSE32537,external_fibrosis,external_fibrosis,lung,other,control,exclude,unknown,unknown,none,fibrosis_binary,non_fibrotic,sample,profile,existing,False,True,external_fibrosis|GSE32537|accession,exclude,exclude,exclude,exclude,exclude,exclude,exclude,False
GSE32537_GSM806400,GSE32537,unknown,GSE32537,external_fibrosis,external_fibrosis,lung,other,control,exclude,unknown,unknown,none,fibrosis_binary,non_fibrotic,sample,profile,existing,False,True,external_fibrosis|GSE32537|accession,exclude,exclude,exclude,exclude,exclude,exclude,exclude,False
GSE32537_GSM806401,GSE32537,unknown,GSE32537,external_fibrosis,external_fibrosis,lung,other,control,exclude,unknown,unknown,none,fibrosis_binary,non_fibrotic,sample,profile,existing,False,True,external_fibrosis|GSE32537|accession,exclude,exclude,exclude,exclude,exclude,exclude,exclude,False
GSE32537_GSM806402,GSE32537,unknown,GSE32537,external_fibrosis,external_fibrosis,lung,other,control,exclude,unknown,unknown,none,fibrosis_binary,non_fibrotic,sample,profile,existing,False,True,external_fibrosis|GSE32537|accession,exclude,exclude,exclude,exclude,exclude,exclude,exclude,False
GSE32537_GSM806403,GSE32537,unknown,GSE32537,external_fibrosis,external_fibrosis,lung,other,control,exclude,unknown,unknown,none,fibrosis_binary,non_fibrotic,sample,profile,existing,False,True,external_fibrosis|GSE32537|accession,exclude,exclude,exclude,exclude,exclude,exclude,exclude,False
GSE32537_GSM806404,GSE32537,unknown,GSE32537,external_fibrosis,external_fibrosis,lung,other,control,exclude,unknown,unknown,none,fibrosis_binary,non_fibrotic,sample,profile,existing,False,True,external_fibrosis|GSE32537|accession,exclude,exclude,exclude,exclude,exclude,exclude,exclude,False
GSE32537_GSM806405,GSE32537,unknown,GSE32537,external_fibrosis,external_fibrosis,lung,other,control,exclude,unknown,unknown,none,fibrosis_binary,non_fibrotic,sample,profile,existing,False,True,external_fibrosis|GSE32537|accession,exclude,exclude,exclude,exclude,exclude,exclude,exclude,False
GSE32537_GSM806406,GSE32537,unknown,GSE32537,external_fibrosis,external_fibrosis,lung,other,control,exclude,unknown,unknown,none,fibrosis_binary,non_fibrotic,sample,profile,existing,False,True,external_fibrosis|GSE32537|accession,exclude,exclude,exclude,exclude,exclude,exclude,exclude,False
GSE32537_GSM806407,GSE32537,unknown,GSE32537,external_fibrosis,external_fibrosis,lung,other,control,exclude,unknown,unknown,none,fibrosis_binary,non_fibrotic,sample,profile,existing,False,True,external_fibrosis|GSE32537|accession,exclude,exclude,exclude,exclude,exclude,exclude,exclude,False
GSE32537_GSM806408,GSE32537,unknown,GSE32537,external_fibrosis,external_fibrosis,lung,other,control,exclude,unknown,unknown,none,fibrosis_binary,non_fibrotic,sample,profile,existing,False,True,external_fibrosis|GSE32537|accession,exclude,exclude,exclude,exclude,exclude,exclude,exclude,False
GSE32537_GSM806409,GSE32537,unknown,GSE32537,external_fibrosis,external_fibrosis,lung,other,control,exclude,unknown,unknown,none,fibrosis_binary,non_fibrotic,sample,profile,existing,False,True,external_fibrosis|GSE32537|accession,exclude,exclude,exclude,exclude,exclude,exclude,exclude,False
GSE32537_GSM806410,GSE32537,unknown,GSE32537,external_fibrosis,external_fibrosis,lung,other,control,exclude,unknown,unknown,none,fibrosis_binary,non_fibrotic,sample,profile,existing,False,True,external_fibrosis|GSE32537|accession,exclude,exclude,exclude,exclude,exclude,exclude,exclude,False
GSE32537_GSM806411,GSE32537,unknown,GSE32537,external_fibrosis,external_fibrosis,lung,other,control,exclude,unknown,unknown,none,fibrosis_binary,non_fibrotic,sample,profile,existing,False,True,external_fibrosis|GSE32537|accession,exclude,exclude,exclude,exclude,exclude,exclude,exclude,False
GSE32537_GSM806412,GSE32537,unknown,GSE32537,external_fibrosis,external_fibrosis,lung,other,control,exclude,unknown,unknown,none,fibrosis_binary,non_fibrotic,sample,profile,existing,False,True,external_fibrosis|GSE32537|accession,exclude,exclude,exclude,exclude,exclude,exclude,exclude,False
GSE32537_GSM806413,GSE32537,unknown,GSE32537,external_fibrosis,external_fibrosis,lung,other,control,exclude,unknown,unknown,none,fibrosis_binary,non_fibrotic,sample,profile,existing,False,True,external_fibrosis|GSE32537|accession,exclude,exclude,exclude,exclude,exclude,exclude,exclude,False
GSE32537_GSM806414,GSE32537,unknown,GSE32537,external_fibrosis,external_fibrosis,lung,other,control,exclude,unknown,unknown,none,fibrosis_binary,non_fibrotic,sample,profile,existing,False,True,external_fibrosis|GSE32537|accession,exclude,exclude,exclude,exclude,exclude,exclude,exclude,False
GSE32537_GSM806415,GSE32537,unknown,GSE32537,external_fibrosis,external_fibrosis,lung,other,control,exclude,unknown,unknown,none,fibrosis_binary,non_fibrotic,sample,profile,existing,False,True,external_fibrosis|GSE32537|accession,exclude,exclude,exclude,exclude,exclude,exclude,exclude,False
GSE32537_GSM806416,GSE32537,unknown,GSE32537,external_fibrosis,external_fibrosis,lung,other,control,exclude,unknown,unknown,none,fibrosis_binary,non_fibrotic,sample,profile,existing,False,True,external_fibrosis|GSE32537|accession,exclude,exclude,exclude,exclude,exclude,exclude,exclude,False
GSE32537_GSM806417,GSE32537,unknown,GSE32537,external_fibrosis,external_fibrosis,lung,other,control,exclude,unknown,unknown,none,fibrosis_binary,non_fibrotic,sample,profile,existing,False,True,external_fibrosis|GSE32537|accession,exclude,exclude,exclude,exclude,exclude,exclude,exclude,False
GSE32537_GSM806418,GSE32537,unknown,GSE32537,external_fibrosis,external_fibrosis,lung,other,control,exclude,unknown,unknown,none,fibrosis_binary,non_fibrotic,sample,profile,existing,False,True,external_fibrosis|GSE32537|accession,exclude,exclude,exclude,exclude,exclude,exclude,exclude,False
GSE32537_GSM806419,GSE32537,unknown,GSE32537,external_fibrosis,external_fibrosis,lung,other,control,exclude,unknown,unknown,none,fibrosis_binary,non_fibrotic,sample,profile,existing,False,True,external_fibrosis|GSE32537|accession,exclude,exclude,exclude,exclude,exclude,exclude,exclude,False
GSE32537_GSM806420,GSE32537,unknown,GSE32537,external_fibrosis,external_fibrosis,lung,other,control,exclude,unknown,unknown,none,fibrosis_binary,non_fibrotic,sample,profile,existing,False,True,external_fibrosis|GSE32537|accession,exclude,exclude,exclude,exclude,exclude,exclude,exclude,False
GSE48149_GSM1169960,GSE48149,unknown,GSE48149,external_fibrosis,external_fibrosis,lung,other,ipf,exclude,unknown,unknown,none,fibrosis_binary,fibrotic,sample,profile,existing,False,True,external_fibrosis|GSE48149|accession,exclude,exclude,exclude,exclude,exclude,exclude,exclude,False
GSE48149_GSM1169961,GSE48149,unknown,GSE48149,external_fibrosis,external_fibrosis,lung,other,ipf,exclude,unknown,unknown,none,fibrosis_binary,fibrotic,sample,profile,existing,False,True,external_fibrosis|GSE48149|accession,exclude,exclude,exclude,exclude,exclude,exclude,exclude,False
GSE48149_GSM1169962,GSE48149,unknown,GSE48149,external_fibrosis,external_fibrosis,lung,other,ipf,exclude,unknown,unknown,none,fibrosis_binary,fibrotic,sample,profile,existing,False,True,external_fibrosis|GSE48149|accession,exclude,exclude,exclude,exclude,exclude,exclude,exclude,False
GSE48149_GSM1169963,GSE48149,unknown,GSE48149,external_fibrosis,external_fibrosis,lung,other,ipf,exclude,unknown,unknown,none,fibrosis_binary,fibrotic,sample,profile,existing,False,True,external_fibrosis|GSE48149|accession,exclude,exclude,exclude,exclude,exclude,exclude,exclude,False
GSE48149_GSM1169964,GSE48149,unknown,GSE48149,external_fibrosis,external_fibrosis,lung,other,ipf,exclude,unknown,unknown,none,fibrosis_binary,fibrotic,sample,profile,existing,False,True,external_fibrosis|GSE48149|accession,exclude,exclude,exclude,exclude,exclude,exclude,exclude,False
GSE48149_GSM1169965,GSE48149,unknown,GSE48149,external_fibrosis,external_fibrosis,lung,other,ipf,exclude,unknown,unknown,none,fibrosis_binary,fibrotic,sample,profile,existing,False,True,external_fibrosis|GSE48149|accession,exclude,exclude,exclude,exclude,exclude,exclude,exclude,False
GSE48149_GSM1169966,GSE48149,unknown,GSE48149,external_fibrosis,external_fibrosis,lung,other,ipf,exclude,unknown,unknown,none,fibrosis_binary,fibrotic,sample,profile,existing,False,True,external_fibrosis|GSE48149|accession,exclude,exclude,exclude,exclude,exclude,exclude,exclude,False
GSE48149_GSM1169967,GSE48149,unknown,GSE48149,external_fibrosis,external_fibrosis,lung,other,ipf,exclude,unknown,unknown,none,fibrosis_binary,fibrotic,sample,profile,existing,False,True,external_fibrosis|GSE48149|accession,exclude,exclude,exclude,exclude,exclude,exclude,exclude,False
GSE48149_GSM1169968,GSE48149,unknown,GSE48149,external_fibrosis,external_fibrosis,lung,other,ipf,exclude,unknown,unknown,none,fibrosis_binary,fibrotic,sample,profile,existing,False,True,external_fibrosis|GSE48149|accession,exclude,exclude,exclude,exclude,exclude,exclude,exclude,False
GSE48149_GSM1169969,GSE48149,unknown,GSE48149,external_fibrosis,external_fibrosis,lung,other,ipf,exclude,unknown,unknown,none,fibrosis_binary,fibrotic,sample,profile,existing,False,True,external_fibrosis|GSE48149|accession,exclude,exclude,exclude,exclude,exclude,exclude,exclude,False
GSE48149_GSM1169970,GSE48149,unknown,GSE48149,external_fibrosis,external_fibrosis,lung,other,ipf,exclude,unknown,unknown,none,fibrosis_binary,fibrotic,sample,profile,existing,False,True,external_fibrosis|GSE48149|accession,exclude,exclude,exclude,exclude,exclude,exclude,exclude,False
GSE48149_GSM1169971,GSE48149,unknown,GSE48149,external_fibrosis,external_fibrosis,lung,other,ipf,exclude,unknown,unknown,none,fibrosis_binary,fibrotic,sample,profile,existing,False,True,external_fibrosis|GSE48149|accession,exclude,exclude,exclude,exclude,exclude,exclude,exclude,False
GSE48149_GSM1169972,GSE48149,unknown,GSE48149,external_fibrosis,external_fibrosis,lung,other,ipf,exclude,unknown,unknown,none,fibrosis_binary,fibrotic,sample,profile,existing,False,True,external_fibrosis|GSE48149|accession,exclude,exclude,exclude,exclude,exclude,exclude,exclude,False
GSE48149_GSM1169973,GSE48149,unknown,GSE48149,external_fibrosis,external_fibrosis,lung,other,normal,exclude,unknown,unknown,none,fibrosis_binary,non_fibrotic,sample,profile,existing,False,True,external_fibrosis|GSE48149|accession,exclude,exclude,exclude,exclude,exclude,exclude,exclude,False
GSE48149_GSM1169974,GSE48149,unknown,GSE48149,external_fibrosis,external_fibrosis,lung,other,normal,exclude,unknown,unknown,none,fibrosis_binary,non_fibrotic,sample,profile,existing,False,True,external_fibrosis|GSE48149|accession,exclude,exclude,exclude,exclude,exclude,exclude,exclude,False
GSE48149_GSM1169975,GSE48149,unknown,GSE48149,external_fibrosis,external_fibrosis,lung,other,normal,exclude,unknown,unknown,none,fibrosis_binary,non_fibrotic,sample,profile,existing,False,True,external_fibrosis|GSE48149|accession,exclude,exclude,exclude,exclude,exclude,exclude,exclude,False
GSE48149_GSM1169976,GSE48149,unknown,GSE48149,external_fibrosis,external_fibrosis,lung,other,normal,exclude,unknown,unknown,none,fibrosis_binary,non_fibrotic,sample,profile,existing,False,True,external_fibrosis|GSE48149|accession,exclude,exclude,exclude,exclude,exclude,exclude,exclude,False
GSE48149_GSM1169977,GSE48149,unknown,GSE48149,external_fibrosis,external_fibrosis,lung,other,normal,exclude,unknown,unknown,none,fibrosis_binary,non_fibrotic,sample,profile,existing,False,True,external_fibrosis|GSE48149|accession,exclude,exclude,exclude,exclude,exclude,exclude,exclude,False
GSE48149_GSM1169978,GSE48149,unknown,GSE48149,external_fibrosis,external_fibrosis,lung,other,normal,exclude,unknown,unknown,none,fibrosis_binary,non_fibrotic,sample,profile,existing,False,True,external_fibrosis|GSE48149|accession,exclude,exclude,exclude,exclude,exclude,exclude,exclude,False
GSE48149_GSM1169979,GSE48149,unknown,GSE48149,external_fibrosis,external_fibrosis,lung,other,normal,exclude,unknown,unknown,none,fibrosis_binary,non_fibrotic,sample,profile,existing,False,True,external_fibrosis|GSE48149|accession,exclude,exclude,exclude,exclude,exclude,exclude,exclude,False
GSE48149_GSM1169980,GSE48149,unknown,GSE48149,external_fibrosis,external_fibrosis,lung,other,normal,exclude,unknown,unknown,none,fibrosis_binary,non_fibrotic,sample,profile,existing,False,True,external_fibrosis|GSE48149|accession,exclude,exclude,exclude,exclude,exclude,exclude,exclude,False
GSE48149_GSM1169981,GSE48149,unknown,GSE48149,external_fibrosis,external_fibrosis,lung,other,normal,exclude,unknown,unknown,none,fibrosis_binary,non_fibrotic,sample,profile,existing,False,True,external_fibrosis|GSE48149|accession,exclude,exclude,exclude,exclude,exclude,exclude,exclude,False
GSE58095_GSM1145868,GSE58095,PATIENT01,GSE58095,external_fibrosis,external_fibrosis,skin,bulk_tissue,scleroderma,exclude,unknown,unknown,none,fibrosis_binary,fibrotic,sample,profile,existing,False,False,external_fibrosis|GSE58095|PATIENT01,exclude,exclude,exclude,exclude,exclude,exclude,exclude,True
GSE58095_GSM1145869,GSE58095,PATIENT01,GSE58095,external_fibrosis,external_fibrosis,skin,bulk_tissue,scleroderma,exclude,unknown,unknown,none,fibrosis_binary,fibrotic,sample,profile,existing,False,False,external_fibrosis|GSE58095|PATIENT01,exclude,exclude,exclude,exclude,exclude,exclude,exclude,True
GSE58095_GSM1145870,GSE58095,PATIENT01,GSE58095,external_fibrosis,external_fibrosis,skin,bulk_tissue,scleroderma,exclude,unknown,unknown,none,fibrosis_binary,fibrotic,sample,profile,existing,False,False,external_fibrosis|GSE58095|PATIENT01,exclude,exclude,exclude,exclude,exclude,exclude,exclude,True
GSE58095_GSM1145871,GSE58095,PATIENT01,GSE58095,external_fibrosis,external_fibrosis,skin,bulk_tissue,scleroderma,exclude,unknown,unknown,none,fibrosis_binary,fibrotic,sample,profile,existing,False,False,external_fibrosis|GSE58095|PATIENT01,exclude,exclude,exclude,exclude,exclude,exclude,exclude,True
GSE58095_GSM1145872,GSE58095,PATIENT01,GSE58095,external_fibrosis,external_fibrosis,skin,bulk_tissue,scleroderma,exclude,unknown,unknown,none,fibrosis_binary,fibrotic,sample,profile,existing,False,False,external_fibrosis|GSE58095|PATIENT01,exclude,exclude,exclude,exclude,exclude,exclude,exclude,True
GSE58095_GSM1145873,GSE58095,PATIENT01,GSE58095,external_fibrosis,external_fibrosis,skin,bulk_tissue,scleroderma,exclude,unknown,unknown,none,fibrosis_binary,fibrotic,sample,profile,existing,False,False,external_fibrosis|GSE58095|PATIENT01,exclude,exclude,exclude,exclude,exclude,exclude,exclude,True
GSE58095_GSM1145874,GSE58095,PATIENT01,GSE58095,external_fibrosis,external_fibrosis,skin,bulk_tissue,scleroderma,exclude,unknown,unknown,none,fibrosis_binary,fibrotic,sample,profile,existing,False,False,external_fibrosis|GSE58095|PATIENT01,exclude,exclude,exclude,exclude,exclude,exclude,exclude,True
GSE58095_GSM1145875,GSE58095,PATIENT01,GSE58095,external_fibrosis,external_fibrosis,skin,bulk_tissue,scleroderma,exclude,unknown,unknown,none,fibrosis_binary,fibrotic,sample,profile,existing,False,False,external_fibrosis|GSE58095|PATIENT01,exclude,exclude,exclude,exclude,exclude,exclude,exclude,True
GSE58095_GSM1145876,GSE58095,PATIENT01,GSE58095,external_fibrosis,external_fibrosis,skin,bulk_tissue,scleroderma,exclude,unknown,unknown,none,fibrosis_binary,fibrotic,sample,profile,existing,False,False,external_fibrosis|GSE58095|PATIENT01,exclude,exclude,exclude,exclude,exclude,exclude,exclude,True
GSE58095_GSM1145877,GSE58095,PATIENT01,GSE58095,external_fibrosis,external_fibrosis,skin,bulk_tissue,scleroderma,exclude,unknown,unknown,none,fibrosis_binary,fibrotic,sample,profile,existing,False,False,external_fibrosis|GSE58095|PATIENT01,exclude,exclude,exclude,exclude,exclude,exclude,exclude,True
GSE58095_GSM1145878,GSE58095,PATIENT01,GSE58095,external_fibrosis,external_fibrosis,skin,bulk_tissue,scleroderma,exclude,unknown,unknown,none,fibrosis_binary,fibrotic,sample,profile,existing,False,False,external_fibrosis|GSE58095|PATIENT01,exclude,exclude,exclude,exclude,exclude,exclude,exclude,True
GSE58095_GSM1145879,GSE58095,PATIENT01,GSE58095,external_fibrosis,external_fibrosis,skin,bulk_tissue,scleroderma,exclude,unknown,unknown,none,fibrosis_binary,fibrotic,sample,profile,existing,False,False,external_fibrosis|GSE58095|PATIENT01,exclude,exclude,exclude,exclude,exclude,exclude,exclude,True
GSE58095_GSM1145880,GSE58095,PATIENT01,GSE58095,external_fibrosis,external_fibrosis,skin,bulk_tissue,scleroderma,exclude,unknown,unknown,none,fibrosis_binary,fibrotic,sample,profile,existing,False,False,external_fibrosis|GSE58095|PATIENT01,exclude,exclude,exclude,exclude,exclude,exclude,exclude,True
GSE58095_GSM1145881,GSE58095,PATIENT01,GSE58095,external_fibrosis,external_fibrosis,skin,bulk_tissue,scleroderma,exclude,unknown,unknown,none,fibrosis_binary,fibrotic,sample,profile,existing,False,False,external_fibrosis|GSE58095|PATIENT01,exclude,exclude,exclude,exclude,exclude,exclude,exclude,True
GSE58095_GSM1145882,GSE58095,PATIENT01,GSE58095,external_fibrosis,external_fibrosis,skin,bulk_tissue,scleroderma,exclude,unknown,unknown,none,fibrosis_binary,fibrotic,sample,profile,existing,False,False,external_fibrosis|GSE58095|PATIENT01,exclude,exclude,exclude,exclude,exclude,exclude,exclude,True
GSE58095_GSM1145883,GSE58095,PATIENT01,GSE58095,external_fibrosis,external_fibrosis,skin,bulk_tissue,scleroderma,exclude,unknown,unknown,none,fibrosis_binary,fibrotic,sample,profile,existing,False,False,external_fibrosis|GSE58095|PATIENT01,exclude,exclude,exclude,exclude,exclude,exclude,exclude,True
GSE58095_GSM1145884,GSE58095,PATIENT01,GSE58095,external_fibrosis,external_fibrosis,skin,bulk_tissue,scleroderma,exclude,unknown,unknown,none,fibrosis_binary,fibrotic,sample,profile,existing,False,False,external_fibrosis|GSE58095|PATIENT01,exclude,exclude,exclude,exclude,exclude,exclude,exclude,True
GSE58095_GSM1145885,GSE58095,PATIENT01,GSE58095,external_fibrosis,external_fibrosis,skin,bulk_tissue,scleroderma,exclude,unknown,unknown,none,fibrosis_binary,fibrotic,sample,profile,existing,False,False,external_fibrosis|GSE58095|PATIENT01,exclude,exclude,exclude,exclude,exclude,exclude,exclude,True
GSE58095_GSM1145886,GSE58095,PATIENT01,GSE58095,external_fibrosis,external_fibrosis,skin,bulk_tissue,scleroderma,exclude,unknown,unknown,none,fibrosis_binary,fibrotic,sample,profile,existing,False,False,external_fibrosis|GSE58095|PATIENT01,exclude,exclude,exclude,exclude,exclude,exclude,exclude,True
GSE58095_GSM1145887,GSE58095,PATIENT01,GSE58095,external_fibrosis,external_fibrosis,skin,bulk_tissue,scleroderma,exclude,unknown,unknown,none,fibrosis_binary,fibrotic,sample,profile,existing,False,False,external_fibrosis|GSE58095|PATIENT01,exclude,exclude,exclude,exclude,exclude,exclude,exclude,True
GSE58095_GSM1145888,GSE58095,PATIENT01,GSE58095,external_fibrosis,external_fibrosis,skin,bulk_tissue,scleroderma,exclude,unknown,unknown,none,fibrosis_binary,fibrotic,sample,profile,existing,False,False,external_fibrosis|GSE58095|PATIENT01,exclude,exclude,exclude,exclude,exclude,exclude,exclude,True
GSE58095_GSM1145889,GSE58095,PATIENT01,GSE58095,external_fibrosis,external_fibrosis,skin,bulk_tissue,scleroderma,exclude,unknown,unknown,none,fibrosis_binary,fibrotic,sample,profile,existing,False,False,external_fibrosis|GSE58095|PATIENT01,exclude,exclude,exclude,exclude,exclude,exclude,exclude,True
GSE58095_GSM1145890,GSE58095,PATIENT01,GSE58095,external_fibrosis,external_fibrosis,skin,bulk_tissue,scleroderma,exclude,unknown,unknown,none,fibrosis_binary,fibrotic,sample,profile,existing,False,False,external_fibrosis|GSE58095|PATIENT01,exclude,exclude,exclude,exclude,exclude,exclude,exclude,True
GSE58095_GSM1145891,GSE58095,PATIENT01,GSE58095,external_fibrosis,external_fibrosis,skin,bulk_tissue,scleroderma,exclude,unknown,unknown,none,fibrosis_binary,fibrotic,sample,profile,existing,False,False,external_fibrosis|GSE58095|PATIENT01,exclude,exclude,exclude,exclude,exclude,exclude,exclude,True
GSE58095_GSM1145892,GSE58095,PATIENT01,GSE58095,external_fibrosis,external_fibrosis,skin,bulk_tissue,scleroderma,exclude,unknown,unknown,none,fibrosis_binary,fibrotic,sample,profile,existing,False,False,external_fibrosis|GSE58095|PATIENT01,exclude,exclude,exclude,exclude,exclude,exclude,exclude,True
GSE58095_GSM1145893,GSE58095,PATIENT01,GSE58095,external_fibrosis,external_fibrosis,skin,bulk_tissue,scleroderma,exclude,unknown,unknown,none,fibrosis_binary,fibrotic,sample,profile,existing,False,False,external_fibrosis|GSE58095|PATIENT01,exclude,exclude,exclude,exclude,exclude,exclude,exclude,True
GSE58095_GSM1145894,GSE58095,PATIENT01,GSE58095,external_fibrosis,external_fibrosis,skin,bulk_tissue,scleroderma,exclude,unknown,unknown,none,fibrosis_binary,fibrotic,sample,profile,existing,False,False,external_fibrosis|GSE58095|PATIENT01,exclude,exclude,exclude,exclude,exclude,exclude,exclude,True
GSE58095_GSM1145895,GSE58095,PATIENT01,GSE58095,external_fibrosis,external_fibrosis,skin,bulk_tissue,scleroderma,exclude,unknown,unknown,none,fibrosis_binary,fibrotic,sample,profile,existing,False,False,external_fibrosis|GSE58095|PATIENT01,exclude,exclude,exclude,exclude,exclude,exclude,exclude,True
GSE58095_GSM1145896,GSE58095,PATIENT01,GSE58095,external_fibrosis,external_fibrosis,skin,bulk_tissue,scleroderma,exclude,unknown,unknown,none,fibrosis_binary,fibrotic,sample,profile,existing,False,False,external_fibrosis|GSE58095|PATIENT01,exclude,exclude,exclude,exclude,exclude,exclude,exclude,True
GSE58095_GSM1145897,GSE58095,PATIENT01,GSE58095,external_fibrosis,external_fibrosis,skin,bulk_tissue,scleroderma,exclude,unknown,unknown,none,fibrosis_binary,fibrotic,sample,profile,existing,False,False,external_fibrosis|GSE58095|PATIENT01,exclude,exclude,exclude,exclude,exclude,exclude,exclude,True
GSE58095_GSM1145898,GSE58095,PATIENT01,GSE58095,external_fibrosis,external_fibrosis,skin,bulk_tissue,scleroderma,exclude,unknown,unknown,none,fibrosis_binary,fibrotic,sample,profile,existing,False,False,external_fibrosis|GSE58095|PATIENT01,exclude,exclude,exclude,exclude,exclude,exclude,exclude,True
GSE58095_GSM1145899,GSE58095,PATIENT01,GSE58095,external_fibrosis,external_fibrosis,skin,bulk_tissue,scleroderma,exclude,unknown,unknown,none,fibrosis_binary,fibrotic,sample,profile,existing,False,False,external_fibrosis|GSE58095|PATIENT01,exclude,exclude,exclude,exclude,exclude,exclude,exclude,True
GSE58095_GSM1145900,GSE58095,PATIENT01,GSE58095,external_fibrosis,external_fibrosis,skin,bulk_tissue,scleroderma,exclude,unknown,unknown,none,fibrosis_binary,fibrotic,sample,profile,existing,False,False,external_fibrosis|GSE58095|PATIENT01,exclude,exclude,exclude,exclude,exclude,exclude,exclude,True
GSE58095_GSM1145901,GSE58095,PATIENT01,GSE58095,external_fibrosis,external_fibrosis,skin,bulk_tissue,scleroderma,exclude,unknown,unknown,none,fibrosis_binary,fibrotic,sample,profile,existing,False,False,external_fibrosis|GSE58095|PATIENT01,exclude,exclude,exclude,exclude,exclude,exclude,exclude,True
GSE58095_GSM1145902,GSE58095,PATIENT01,GSE58095,external_fibrosis,external_fibrosis,skin,bulk_tissue,scleroderma,exclude,unknown,unknown,none,fibrosis_binary,fibrotic,sample,profile,existing,False,False,external_fibrosis|GSE58095|PATIENT01,exclude,exclude,exclude,exclude,exclude,exclude,exclude,True
GSE58095_GSM1145903,GSE58095,PATIENT01,GSE58095,external_fibrosis,external_fibrosis,skin,bulk_tissue,scleroderma,exclude,unknown,unknown,none,fibrosis_binary,fibrotic,sample,profile,existing,False,False,external_fibrosis|GSE58095|PATIENT01,exclude,exclude,exclude,exclude,exclude,exclude,exclude,True
GSE58095_GSM1145904,GSE58095,PATIENT01,GSE58095,external_fibrosis,external_fibrosis,skin,bulk_tissue,scleroderma,exclude,unknown,unknown,none,fibrosis_binary,fibrotic,sample,profile,existing,False,False,external_fibrosis|GSE58095|PATIENT01,exclude,exclude,exclude,exclude,exclude,exclude,exclude,True
GSE58095_GSM1145905,GSE58095,PATIENT01,GSE58095,external_fibrosis,external_fibrosis,skin,bulk_tissue,scleroderma,exclude,unknown,unknown,none,fibrosis_binary,fibrotic,sample,profile,existing,False,False,external_fibrosis|GSE58095|PATIENT01,exclude,exclude,exclude,exclude,exclude,exclude,exclude,True
GSE58095_GSM1145906,GSE58095,PATIENT01,GSE58095,external_fibrosis,external_fibrosis,skin,bulk_tissue,scleroderma,exclude,unknown,unknown,none,fibrosis_binary,fibrotic,sample,profile,existing,False,False,external_fibrosis|GSE58095|PATIENT01,exclude,exclude,exclude,exclude,exclude,exclude,exclude,True
GSE58095_GSM1145907,GSE58095,PATIENT01,GSE58095,external_fibrosis,external_fibrosis,skin,bulk_tissue,scleroderma,exclude,unknown,unknown,none,fibrosis_binary,fibrotic,sample,profile,existing,False,False,external_fibrosis|GSE58095|PATIENT01,exclude,exclude,exclude,exclude,exclude,exclude,exclude,True
GSE58095_GSM1145908,GSE58095,PATIENT01,GSE58095,external_fibrosis,external_fibrosis,skin,bulk_tissue,scleroderma,exclude,unknown,unknown,none,fibrosis_binary,fibrotic,sample,profile,existing,False,False,external_fibrosis|GSE58095|PATIENT01,exclude,exclude,exclude,exclude,exclude,exclude,exclude,True
GSE58095_GSM1145909,GSE58095,PATIENT01,GSE58095,external_fibrosis,external_fibrosis,skin,bulk_tissue,scleroderma,exclude,unknown,unknown,none,fibrosis_binary,fibrotic,sample,profile,existing,False,False,external_fibrosis|GSE58095|PATIENT01,exclude,exclude,exclude,exclude,exclude,exclude,exclude,True
GSE58095_GSM1145910,GSE58095,PATIENT01,GSE58095,external_fibrosis,external_fibrosis,skin,bulk_tissue,scleroderma,exclude,unknown,unknown,none,fibrosis_binary,fibrotic,sample,profile,existing,False,False,external_fibrosis|GSE58095|PATIENT01,exclude,exclude,exclude,exclude,exclude,exclude,exclude,True
GSE58095_GSM1145911,GSE58095,PATIENT01,GSE58095,external_fibrosis,external_fibrosis,skin,bulk_tissue,scleroderma,exclude,unknown,unknown,none,fibrosis_binary,fibrotic,sample,profile,existing,False,False,external_fibrosis|GSE58095|PATIENT01,exclude,exclude,exclude,exclude,exclude,exclude,exclude,True
GSE58095_GSM1145912,GSE58095,PATIENT01,GSE58095,external_fibrosis,external_fibrosis,skin,bulk_tissue,scleroderma,exclude,unknown,unknown,none,fibrosis_binary,fibrotic,sample,profile,existing,False,False,external_fibrosis|GSE58095|PATIENT01,exclude,exclude,exclude,exclude,exclude,exclude,exclude,True
GSE58095_GSM1145913,GSE58095,PATIENT01,GSE58095,external_fibrosis,external_fibrosis,skin,bulk_tissue,scleroderma,exclude,unknown,unknown,none,fibrosis_binary,fibrotic,sample,profile,existing,False,False,external_fibrosis|GSE58095|PATIENT01,exclude,exclude,exclude,exclude,exclude,exclude,exclude,True
GSE58095_GSM1145914,GSE58095,PATIENT01,GSE58095,external_fibrosis,external_fibrosis,skin,bulk_tissue,scleroderma,exclude,unknown,unknown,none,fibrosis_binary,fibrotic,sample,profile,existing,False,False,external_fibrosis|GSE58095|PATIENT01,exclude,exclude,exclude,exclude,exclude,exclude,exclude,True
GSE58095_GSM1145915,GSE58095,PATIENT01,GSE58095,external_fibrosis,external_fibrosis,skin,bulk_tissue,scleroderma,exclude,unknown,unknown,none,fibrosis_binary,fibrotic,sample,profile,existing,False,False,external_fibrosis|GSE58095|PATIENT01,exclude,exclude,exclude,exclude,exclude,exclude,exclude,True
GSE58095_GSM1145916,GSE58095,PATIENT01,GSE58095,external_fibrosis,external_fibrosis,skin,bulk_tissue,scleroderma,exclude,unknown,unknown,none,fibrosis_binary,fibrotic,sample,profile,existing,False,False,external_fibrosis|GSE58095|PATIENT01,exclude,exclude,exclude,exclude,exclude,exclude,exclude,True
GSE58095_GSM1145917,GSE58095,PATIENT01,GSE58095,external_fibrosis,external_fibrosis,skin,bulk_tissue,scleroderma,exclude,unknown,unknown,none,fibrosis_binary,fibrotic,sample,profile,existing,False,False,external_fibrosis|GSE58095|PATIENT01,exclude,exclude,exclude,exclude,exclude,exclude,exclude,True
GSE58095_GSM1145918,GSE58095,PATIENT01,GSE58095,external_fibrosis,external_fibrosis,skin,bulk_tissue,scleroderma,exclude,unknown,unknown,none,fibrosis_binary,fibrotic,sample,profile,existing,False,False,external_fibrosis|GSE58095|PATIENT01,exclude,exclude,exclude,exclude,exclude,exclude,exclude,True
GSE58095_GSM1145919,GSE58095,PATIENT01,GSE58095,external_fibrosis,external_fibrosis,skin,bulk_tissue,scleroderma,exclude,unknown,unknown,none,fibrosis_binary,fibrotic,sample,profile,existing,False,False,external_fibrosis|GSE58095|PATIENT01,exclude,exclude,exclude,exclude,exclude,exclude,exclude,True
GSE58095_GSM1145920,GSE58095,PATIENT01,GSE58095,external_fibrosis,external_fibrosis,skin,bulk_tissue,scleroderma,exclude,unknown,unknown,none,fibrosis_binary,fibrotic,sample,profile,existing,False,False,external_fibrosis|GSE58095|PATIENT01,exclude,exclude,exclude,exclude,exclude,exclude,exclude,True
GSE58095_GSM1145921,GSE58095,PATIENT01,GSE58095,external_fibrosis,external_fibrosis,skin,bulk_tissue,scleroderma,exclude,unknown,unknown,none,fibrosis_binary,fibrotic,sample,profile,existing,False,False,external_fibrosis|GSE58095|PATIENT01,exclude,exclude,exclude,exclude,exclude,exclude,exclude,True
GSE58095_GSM1145922,GSE58095,PATIENT01,GSE58095,external_fibrosis,external_fibrosis,skin,bulk_tissue,scleroderma,exclude,unknown,unknown,none,fibrosis_binary,fibrotic,sample,profile,existing,False,False,external_fibrosis|GSE58095|PATIENT01,exclude,exclude,exclude,exclude,exclude,exclude,exclude,True
GSE58095_GSM1145923,GSE58095,PATIENT01,GSE58095,external_fibrosis,external_fibrosis,skin,bulk_tissue,scleroderma,exclude,unknown,unknown,none,fibrosis_binary,fibrotic,sample,profile,existing,False,False,external_fibrosis|GSE58095|PATIENT01,exclude,exclude,exclude,exclude,exclude,exclude,exclude,True
GSE58095_GSM1145924,GSE58095,PATIENT01,GSE58095,external_fibrosis,external_fibrosis,skin,bulk_tissue,scleroderma,exclude,unknown,unknown,none,fibrosis_binary,fibrotic,sample,profile,existing,False,False,external_fibrosis|GSE58095|PATIENT01,exclude,exclude,exclude,exclude,exclude,exclude,exclude,True
GSE58095_GSM1145925,GSE58095,PATIENT01,GSE58095,external_fibrosis,external_fibrosis,skin,bulk_tissue,scleroderma,exclude,unknown,unknown,none,fibrosis_binary,fibrotic,sample,profile,existing,False,False,external_fibrosis|GSE58095|PATIENT01,exclude,exclude,exclude,exclude,exclude,exclude,exclude,True
GSE58095_GSM1145926,GSE58095,PATIENT01,GSE58095,external_fibrosis,external_fibrosis,skin,bulk_tissue,scleroderma,exclude,unknown,unknown,none,fibrosis_binary,fibrotic,sample,profile,existing,False,False,external_fibrosis|GSE58095|PATIENT01,exclude,exclude,exclude,exclude,exclude,exclude,exclude,True
GSE58095_GSM1400698,GSE58095,PATIENT01,GSE58095,external_fibrosis,external_fibrosis,skin,bulk_tissue,control,exclude,unknown,unknown,none,fibrosis_binary,non_fibrotic,sample,profile,existing,False,False,external_fibrosis|GSE58095|PATIENT01,exclude,exclude,exclude,exclude,exclude,exclude,exclude,True
GSE58095_GSM1400699,GSE58095,PATIENT01,GSE58095,external_fibrosis,external_fibrosis,skin,bulk_tissue,scleroderma,exclude,unknown,unknown,none,fibrosis_binary,fibrotic,sample,profile,existing,False,False,external_fibrosis|GSE58095|PATIENT01,exclude,exclude,exclude,exclude,exclude,exclude,exclude,True
GSE58095_GSM1400700,GSE58095,PATIENT01,GSE58095,external_fibrosis,external_fibrosis,skin,bulk_tissue,control,exclude,unknown,unknown,none,fibrosis_binary,non_fibrotic,sample,profile,existing,False,False,external_fibrosis|GSE58095|PATIENT01,exclude,exclude,exclude,exclude,exclude,exclude,exclude,True
GSE58095_GSM1400701,GSE58095,PATIENT01,GSE58095,external_fibrosis,external_fibrosis,skin,bulk_tissue,control,exclude,unknown,unknown,none,fibrosis_binary,non_fibrotic,sample,profile,existing,False,False,external_fibrosis|GSE58095|PATIENT01,exclude,exclude,exclude,exclude,exclude,exclude,exclude,True
GSE58095_GSM1400702,GSE58095,PATIENT01,GSE58095,external_fibrosis,external_fibrosis,skin,bulk_tissue,control,exclude,unknown,unknown,none,fibrosis_binary,non_fibrotic,sample,profile,existing,False,False,external_fibrosis|GSE58095|PATIENT01,exclude,exclude,exclude,exclude,exclude,exclude,exclude,True
GSE58095_GSM1400703,GSE58095,PATIENT01,GSE58095,external_fibrosis,external_fibrosis,skin,bulk_tissue,control,exclude,unknown,unknown,none,fibrosis_binary,non_fibrotic,sample,profile,existing,False,False,external_fibrosis|GSE58095|PATIENT01,exclude,exclude,exclude,exclude,exclude,exclude,exclude,True
GSE58095_GSM1400704,GSE58095,PATIENT01,GSE58095,external_fibrosis,external_fibrosis,skin,bulk_tissue,control,exclude,unknown,unknown,none,fibrosis_binary,non_fibrotic,sample,profile,existing,False,False,external_fibrosis|GSE58095|PATIENT01,exclude,exclude,exclude,exclude,exclude,exclude,exclude,True
GSE58095_GSM1400705,GSE58095,PATIENT01,GSE58095,external_fibrosis,external_fibrosis,skin,bulk_tissue,control,exclude,unknown,unknown,none,fibrosis_binary,non_fibrotic,sample,profile,existing,False,False,external_fibrosis|GSE58095|PATIENT01,exclude,exclude,exclude,exclude,exclude,exclude,exclude,True
GSE58095_GSM1400706,GSE58095,PATIENT01,GSE58095,external_fibrosis,external_fibrosis,skin,bulk_tissue,control,exclude,unknown,unknown,none,fibrosis_binary,non_fibrotic,sample,profile,existing,False,False,external_fibrosis|GSE58095|PATIENT01,exclude,exclude,exclude,exclude,exclude,exclude,exclude,True
GSE58095_GSM1400707,GSE58095,PATIENT01,GSE58095,external_fibrosis,external_fibrosis,skin,bulk_tissue,control,exclude,unknown,unknown,none,fibrosis_binary,non_fibrotic,sample,profile,existing,False,False,external_fibrosis|GSE58095|PATIENT01,exclude,exclude,exclude,exclude,exclude,exclude,exclude,True
GSE58095_GSM1400708,GSE58095,PATIENT01,GSE58095,external_fibrosis,external_fibrosis,skin,bulk_tissue,scleroderma,exclude,unknown,unknown,none,fibrosis_binary,fibrotic,sample,profile,existing,False,False,external_fibrosis|GSE58095|PATIENT01,exclude,exclude,exclude,exclude,exclude,exclude,exclude,True
GSE58095_GSM1400709,GSE58095,PATIENT01,GSE58095,external_fibrosis,external_fibrosis,skin,bulk_tissue,control,exclude,unknown,unknown,none,fibrosis_binary,non_fibrotic,sample,profile,existing,False,False,external_fibrosis|GSE58095|PATIENT01,exclude,exclude,exclude,exclude,exclude,exclude,exclude,True
GSE58095_GSM1400710,GSE58095,PATIENT01,GSE58095,external_fibrosis,external_fibrosis,skin,bulk_tissue,control,exclude,unknown,unknown,none,fibrosis_binary,non_fibrotic,sample,profile,existing,False,False,external_fibrosis|GSE58095|PATIENT01,exclude,exclude,exclude,exclude,exclude,exclude,exclude,True
GSE58095_GSM1400711,GSE58095,PATIENT01,GSE58095,external_fibrosis,external_fibrosis,skin,bulk_tissue,control,exclude,unknown,unknown,none,fibrosis_binary,non_fibrotic,sample,profile,existing,False,False,external_fibrosis|GSE58095|PATIENT01,exclude,exclude,exclude,exclude,exclude,exclude,exclude,True
GSE58095_GSM1400712,GSE58095,PATIENT01,GSE58095,external_fibrosis,external_fibrosis,skin,bulk_tissue,control,exclude,unknown,unknown,none,fibrosis_binary,non_fibrotic,sample,profile,existing,False,False,external_fibrosis|GSE58095|PATIENT01,exclude,exclude,exclude,exclude,exclude,exclude,exclude,True
GSE58095_GSM1400713,GSE58095,PATIENT01,GSE58095,external_fibrosis,external_fibrosis,skin,bulk_tissue,control,exclude,unknown,unknown,none,fibrosis_binary,non_fibrotic,sample,profile,existing,False,False,external_fibrosis|GSE58095|PATIENT01,exclude,exclude,exclude,exclude,exclude,exclude,exclude,True
GSE58095_GSM1400714,GSE58095,PATIENT01,GSE58095,external_fibrosis,external_fibrosis,skin,bulk_tissue,control,exclude,unknown,unknown,none,fibrosis_binary,non_fibrotic,sample,profile,existing,False,False,external_fibrosis|GSE58095|PATIENT01,exclude,exclude,exclude,exclude,exclude,exclude,exclude,True
GSE58095_GSM1400715,GSE58095,PATIENT01,GSE58095,external_fibrosis,external_fibrosis,skin,bulk_tissue,control,exclude,unknown,unknown,none,fibrosis_binary,non_fibrotic,sample,profile,existing,False,False,external_fibrosis|GSE58095|PATIENT01,exclude,exclude,exclude,exclude,exclude,exclude,exclude,True
GSE58095_GSM1400716,GSE58095,PATIENT01,GSE58095,external_fibrosis,external_fibrosis,skin,bulk_tissue,control,exclude,unknown,unknown,none,fibrosis_binary,non_fibrotic,sample,profile,existing,False,False,external_fibrosis|GSE58095|PATIENT01,exclude,exclude,exclude,exclude,exclude,exclude,exclude,True
GSE58095_GSM1400717,GSE58095,PATIENT01,GSE58095,external_fibrosis,external_fibrosis,skin,bulk_tissue,control,exclude,unknown,unknown,none,fibrosis_binary,non_fibrotic,sample,profile,existing,False,False,external_fibrosis|GSE58095|PATIENT01,exclude,exclude,exclude,exclude,exclude,exclude,exclude,True
GSE58095_GSM1400718,GSE58095,PATIENT01,GSE58095,external_fibrosis,external_fibrosis,skin,bulk_tissue,control,exclude,unknown,unknown,none,fibrosis_binary,non_fibrotic,sample,profile,existing,False,False,external_fibrosis|GSE58095|PATIENT01,exclude,exclude,exclude,exclude,exclude,exclude,exclude,True
GSE58095_GSM1400719,GSE58095,PATIENT01,GSE58095,external_fibrosis,external_fibrosis,skin,bulk_tissue,control,exclude,unknown,unknown,none,fibrosis_binary,non_fibrotic,sample,profile,existing,False,False,external_fibrosis|GSE58095|PATIENT01,exclude,exclude,exclude,exclude,exclude,exclude,exclude,True
GSE58095_GSM1400720,GSE58095,PATIENT01,GSE58095,external_fibrosis,external_fibrosis,skin,bulk_tissue,scleroderma,exclude,unknown,unknown,none,fibrosis_binary,fibrotic,sample,profile,existing,False,False,external_fibrosis|GSE58095|PATIENT01,exclude,exclude,exclude,exclude,exclude,exclude,exclude,True
GSE58095_GSM1400721,GSE58095,PATIENT01,GSE58095,external_fibrosis,external_fibrosis,skin,bulk_tissue,control,exclude,unknown,unknown,none,fibrosis_binary,non_fibrotic,sample,profile,existing,False,False,external_fibrosis|GSE58095|PATIENT01,exclude,exclude,exclude,exclude,exclude,exclude,exclude,True
GSE58095_GSM1400722,GSE58095,PATIENT01,GSE58095,external_fibrosis,external_fibrosis,skin,bulk_tissue,scleroderma,exclude,unknown,unknown,none,fibrosis_binary,fibrotic,sample,profile,existing,False,False,external_fibrosis|GSE58095|PATIENT01,exclude,exclude,exclude,exclude,exclude,exclude,exclude,True
GSE58095_GSM1400723,GSE58095,PATIENT01,GSE58095,external_fibrosis,external_fibrosis,skin,bulk_tissue,control,exclude,unknown,unknown,none,fibrosis_binary,non_fibrotic,sample,profile,existing,False,False,external_fibrosis|GSE58095|PATIENT01,exclude,exclude,exclude,exclude,exclude,exclude,exclude,True
GSE58095_GSM1400724,GSE58095,PATIENT01,GSE58095,external_fibrosis,external_fibrosis,skin,bulk_tissue,scleroderma,exclude,unknown,unknown,none,fibrosis_binary,fibrotic,sample,profile,existing,False,False,external_fibrosis|GSE58095|PATIENT01,exclude,exclude,exclude,exclude,exclude,exclude,exclude,True
GSE58095_GSM1400725,GSE58095,PATIENT01,GSE58095,external_fibrosis,external_fibrosis,skin,bulk_tissue,control,exclude,unknown,unknown,none,fibrosis_binary,non_fibrotic,sample,profile,existing,False,False,external_fibrosis|GSE58095|PATIENT01,exclude,exclude,exclude,exclude,exclude,exclude,exclude,True
GSE58095_GSM1400726,GSE58095,PATIENT01,GSE58095,external_fibrosis,external_fibrosis,skin,bulk_tissue,scleroderma,exclude,unknown,unknown,none,fibrosis_binary,fibrotic,sample,profile,existing,False,False,external_fibrosis|GSE58095|PATIENT01,exclude,exclude,exclude,exclude,exclude,exclude,exclude,True
GSE58095_GSM1400727,GSE58095,PATIENT01,GSE58095,external_fibrosis,external_fibrosis,skin,bulk_tissue,control,exclude,unknown,unknown,none,fibrosis_binary,non_fibrotic,sample,profile,existing,False,False,external_fibrosis|GSE58095|PATIENT01,exclude,exclude,exclude,exclude,exclude,exclude,exclude,True
GSE58095_GSM1400728,GSE58095,PATIENT01,GSE58095,external_fibrosis,external_fibrosis,skin,bulk_tissue,control,exclude,unknown,unknown,none,fibrosis_binary,non_fibrotic,sample,profile,existing,False,False,external_fibrosis|GSE58095|PATIENT01,exclude,exclude,exclude,exclude,exclude,exclude,exclude,True
GSE58095_GSM1400729,GSE58095,PATIENT01,GSE58095,external_fibrosis,external_fibrosis,skin,bulk_tissue,control,exclude,unknown,unknown,none,fibrosis_binary,non_fibrotic,sample,profile,existing,False,False,external_fibrosis|GSE58095|PATIENT01,exclude,exclude,exclude,exclude,exclude,exclude,exclude,True
GSE58095_GSM1400730,GSE58095,PATIENT01,GSE58095,external_fibrosis,external_fibrosis,skin,bulk_tissue,control,exclude,unknown,unknown,none,fibrosis_binary,non_fibrotic,sample,profile,existing,False,False,external_fibrosis|GSE58095|PATIENT01,exclude,exclude,exclude,exclude,exclude,exclude,exclude,True
GSE58095_GSM1400731,GSE58095,PATIENT01,GSE58095,external_fibrosis,external_fibrosis,skin,bulk_tissue,scleroderma,exclude,unknown,unknown,none,fibrosis_binary,fibrotic,sample,profile,existing,False,False,external_fibrosis|GSE58095|PATIENT01,exclude,exclude,exclude,exclude,exclude,exclude,exclude,True
GSE58095_GSM1400732,GSE58095,PATIENT01,GSE58095,external_fibrosis,external_fibrosis,skin,bulk_tissue,control,exclude,unknown,unknown,none,fibrosis_binary,non_fibrotic,sample,profile,existing,False,False,external_fibrosis|GSE58095|PATIENT01,exclude,exclude,exclude,exclude,exclude,exclude,exclude,True
GSE58095_GSM1400733,GSE58095,PATIENT01,GSE58095,external_fibrosis,external_fibrosis,skin,bulk_tissue,control,exclude,unknown,unknown,none,fibrosis_binary,non_fibrotic,sample,profile,existing,False,False,external_fibrosis|GSE58095|PATIENT01,exclude,exclude,exclude,exclude,exclude,exclude,exclude,True
GSE58095_GSM1400734,GSE58095,PATIENT01,GSE58095,external_fibrosis,external_fibrosis,skin,bulk_tissue,control,exclude,unknown,unknown,none,fibrosis_binary,non_fibrotic,sample,profile,existing,False,False,external_fibrosis|GSE58095|PATIENT01,exclude,exclude,exclude,exclude,exclude,exclude,exclude,True
GSE58095_GSM1400735,GSE58095,PATIENT01,GSE58095,external_fibrosis,external_fibrosis,skin,bulk_tissue,control,exclude,unknown,unknown,none,fibrosis_binary,non_fibrotic,sample,profile,existing,False,False,external_fibrosis|GSE58095|PATIENT01,exclude,exclude,exclude,exclude,exclude,exclude,exclude,True
GSE58095_GSM1400736,GSE58095,PATIENT01,GSE58095,external_fibrosis,external_fibrosis,skin,bulk_tissue,control,exclude,unknown,unknown,none,fibrosis_binary,non_fibrotic,sample,profile,existing,False,False,external_fibrosis|GSE58095|PATIENT01,exclude,exclude,exclude,exclude,exclude,exclude,exclude,True
GSE58095_GSM1400737,GSE58095,PATIENT01,GSE58095,external_fibrosis,external_fibrosis,skin,bulk_tissue,control,exclude,unknown,unknown,none,fibrosis_binary,non_fibrotic,sample,profile,existing,False,False,external_fibrosis|GSE58095|PATIENT01,exclude,exclude,exclude,exclude,exclude,exclude,exclude,True
GSE58095_GSM1400738,GSE58095,PATIENT01,GSE58095,external_fibrosis,external_fibrosis,skin,bulk_tissue,control,exclude,unknown,unknown,none,fibrosis_binary,non_fibrotic,sample,profile,existing,False,False,external_fibrosis|GSE58095|PATIENT01,exclude,exclude,exclude,exclude,exclude,exclude,exclude,True
GSE58095_GSM1400739,GSE58095,PATIENT01,GSE58095,external_fibrosis,external_fibrosis,skin,bulk_tissue,control,exclude,unknown,unknown,none,fibrosis_binary,non_fibrotic,sample,profile,existing,False,False,external_fibrosis|GSE58095|PATIENT01,exclude,exclude,exclude,exclude,exclude,exclude,exclude,True
GSE58095_GSM1400740,GSE58095,PATIENT01,GSE58095,external_fibrosis,external_fibrosis,skin,bulk_tissue,control,exclude,unknown,unknown,none,fibrosis_binary,non_fibrotic,sample,profile,existing,False,False,external_fibrosis|GSE58095|PATIENT01,exclude,exclude,exclude,exclude,exclude,exclude,exclude,True
GSM3440194,GSE121618,0530K,GPL21185,microarray,public_keloid,endothelial,endothelial,keloid,keloid,keloid,unknown,none,keloid_vs_normal,keloid,sample,profile,development,False,False,microarray|GSE121618|0530K,keloid,keloid,keloid,keloid,exclude,keloid,exclude,False
GSM3440195,GSE121618,0615K,GPL21185,microarray,public_keloid,endothelial,endothelial,keloid,keloid,keloid,unknown,none,keloid_vs_normal,keloid,sample,profile,development,False,False,microarray|GSE121618|0615K,keloid,keloid,keloid,keloid,exclude,keloid,exclude,False
GSM3440196,GSE121618,0620K,GPL21185,microarray,public_keloid,endothelial,endothelial,keloid,keloid,keloid,unknown,none,keloid_vs_normal,keloid,sample,profile,development,False,False,microarray|GSE121618|0620K,keloid,keloid,keloid,keloid,exclude,keloid,exclude,False
GSM3440197,GSE121618,0720K,GPL21185,microarray,public_keloid,endothelial,endothelial,keloid,keloid,keloid,unknown,none,keloid_vs_normal,keloid,sample,profile,development,False,False,microarray|GSE121618|0720K,keloid,keloid,keloid,keloid,exclude,keloid,exclude,False
GSM3440198,GSE121618,0808N,GPL21185,microarray,public_keloid,endothelial,endothelial,normal,normal,normal,unknown,none,keloid_vs_normal,normal,sample,profile,development,False,False,microarray|GSE121618|0808N,non_keloid,non_keloid,exclude,exclude,exclude,non_keloid,exclude,False
GSM3440199,GSE121618,0905N,GPL21185,microarray,public_keloid,endothelial,endothelial,normal,normal,normal,unknown,none,keloid_vs_normal,normal,sample,profile,development,False,False,microarray|GSE121618|0905N,non_keloid,non_keloid,exclude,exclude,exclude,non_keloid,exclude,False
GSM3440200,GSE121618,0906N,GPL21185,microarray,public_keloid,endothelial,endothelial,normal,normal,normal,unknown,none,keloid_vs_normal,normal,sample,profile,development,False,False,microarray|GSE121618|0906N,non_keloid,non_keloid,exclude,exclude,exclude,non_keloid,exclude,False
GSM3440201,GSE121618,0912N,GPL21185,microarray,public_keloid,endothelial,endothelial,normal,normal,normal,unknown,none,keloid_vs_normal,normal,sample,profile,development,False,False,microarray|GSE121618|0912N,non_keloid,non_keloid,exclude,exclude,exclude,non_keloid,exclude,False
GSM3440202,GSE121618,1012K,GPL21185,microarray,public_keloid,endothelial,endothelial,keloid,keloid,keloid,unknown,none,keloid_vs_normal,keloid,sample,profile,development,False,False,microarray|GSE121618|1012K,keloid,keloid,keloid,keloid,exclude,keloid,exclude,False
GSM3440203,GSE121618,1017N,GPL21185,microarray,public_keloid,endothelial,endothelial,normal,normal,normal,unknown,none,keloid_vs_normal,normal,sample,profile,development,False,False,microarray|GSE121618|1017N,non_keloid,non_keloid,exclude,exclude,exclude,non_keloid,exclude,False
GSM3440204,GSE121618,1025N,GPL21185,microarray,public_keloid,endothelial,endothelial,normal,normal,normal,unknown,none,keloid_vs_normal,normal,sample,profile,development,False,False,microarray|GSE121618|1025N,non_keloid,non_keloid,exclude,exclude,exclude,non_keloid,exclude,False
KC1,GSE173900,KC1,GPL21697,bulk_rnaseq,public_keloid,bulk_tissue,bulk_tissue,normal,normal,normal,unknown,none,keloid_vs_normal,normal,sample,profile,development,False,False,bulk_rnaseq|GSE173900|KC1,non_keloid,non_keloid,exclude,exclude,non_keloid,non_keloid,exclude,True
KC2,GSE173900,KC2,GPL21697,bulk_rnaseq,public_keloid,bulk_tissue,bulk_tissue,normal,normal,normal,unknown,none,keloid_vs_normal,normal,sample,profile,development,False,False,bulk_rnaseq|GSE173900|KC2,non_keloid,non_keloid,exclude,exclude,non_keloid,non_keloid,exclude,True
KC3,GSE173900,KC3,GPL21697,bulk_rnaseq,public_keloid,bulk_tissue,bulk_tissue,normal,normal,normal,unknown,none,keloid_vs_normal,normal,sample,profile,development,False,False,bulk_rnaseq|GSE173900|KC3,non_keloid,non_keloid,exclude,exclude,non_keloid,non_keloid,exclude,True
KC4,GSE173900,KC4,GPL21697,bulk_rnaseq,public_keloid,bulk_tissue,bulk_tissue,normal,normal,normal,unknown,none,keloid_vs_normal,normal,sample,profile,development,False,False,bulk_rnaseq|GSE173900|KC4,non_keloid,non_keloid,exclude,exclude,non_keloid,non_keloid,exclude,True
KL3,GSE173900,KL3,GPL21697,bulk_rnaseq,public_keloid,bulk_tissue,bulk_tissue,keloid,keloid,keloid,unknown,none,keloid_vs_normal,keloid,sample,profile,development,False,False,bulk_rnaseq|GSE173900|KL3,keloid,keloid,keloid,keloid,keloid,keloid,exclude,True
KL5,GSE173900,KL5,GPL21697,bulk_rnaseq,public_keloid,bulk_tissue,bulk_tissue,keloid,keloid,keloid,unknown,none,keloid_vs_normal,keloid,sample,profile,development,False,False,bulk_rnaseq|GSE173900|KL5,keloid,keloid,keloid,keloid,keloid,keloid,exclude,True
KL6,GSE173900,KL6,GPL21697,bulk_rnaseq,public_keloid,bulk_tissue,bulk_tissue,keloid,keloid,keloid,unknown,none,keloid_vs_normal,keloid,sample,profile,development,False,False,bulk_rnaseq|GSE173900|KL6,keloid,keloid,keloid,keloid,keloid,keloid,exclude,True
KL7,GSE173900,KL7,GPL21697,bulk_rnaseq,public_keloid,bulk_tissue,bulk_tissue,keloid,keloid,keloid,unknown,none,keloid_vs_normal,keloid,sample,profile,development,False,False,bulk_rnaseq|GSE173900|KL7,keloid,keloid,keloid,keloid,keloid,keloid,exclude,True
KL9,GSE173900,KL9,GPL21697,bulk_rnaseq,public_keloid,bulk_tissue,bulk_tissue,keloid,keloid,keloid,unknown,none,keloid_vs_normal,keloid,sample,profile,development,False,False,bulk_rnaseq|GSE173900|KL9,keloid,keloid,keloid,keloid,keloid,keloid,exclude,True
Keloid1,GSE190626,Keloid1,GPL24676,bulk_rnaseq,public_keloid,bulk_tissue,bulk_tissue,keloid,keloid,keloid,unknown,none,keloid_vs_normal,keloid,sample,profile,development,False,False,bulk_rnaseq|GSE190626|Keloid1,keloid,keloid,keloid,keloid,keloid,keloid,exclude,True
Keloid2,GSE190626,Keloid2,GPL24676,bulk_rnaseq,public_keloid,bulk_tissue,bulk_tissue,keloid,keloid,keloid,unknown,none,keloid_vs_normal,keloid,sample,profile,development,False,False,bulk_rnaseq|GSE190626|Keloid2,keloid,keloid,keloid,keloid,keloid,keloid,exclude,True
Keloid3,GSE190626,Keloid3,GPL24676,bulk_rnaseq,public_keloid,bulk_tissue,bulk_tissue,keloid,keloid,keloid,unknown,none,keloid_vs_normal,keloid,sample,profile,development,False,False,bulk_rnaseq|GSE190626|Keloid3,keloid,keloid,keloid,keloid,keloid,keloid,exclude,True
Normal1,GSE190626,Normal1,GPL24676,bulk_rnaseq,public_keloid,bulk_tissue,bulk_tissue,normal,normal,normal,unknown,none,keloid_vs_normal,normal,sample,profile,development,False,False,bulk_rnaseq|GSE190626|Normal1,non_keloid,non_keloid,exclude,exclude,non_keloid,non_keloid,exclude,True
Normal2,GSE190626,Normal2,GPL24676,bulk_rnaseq,public_keloid,bulk_tissue,bulk_tissue,normal,normal,normal,unknown,none,keloid_vs_normal,normal,sample,profile,development,False,False,bulk_rnaseq|GSE190626|Normal2,non_keloid,non_keloid,exclude,exclude,non_keloid,non_keloid,exclude,True
Normal3,GSE190626,Normal3,GPL24676,bulk_rnaseq,public_keloid,bulk_tissue,bulk_tissue,normal,normal,normal,unknown,none,keloid_vs_normal,normal,sample,profile,development,False,False,bulk_rnaseq|GSE190626|Normal3,non_keloid,non_keloid,exclude,exclude,non_keloid,non_keloid,exclude,True
GSM7846598,GSE245660,s1,GPL24676,bulk_rnaseq,public_keloid,bulk_tissue,bulk_tissue,immature_scar,unknown,immature_scar,unknown,none,scar_differential,immature_scar,sample,profile,development,False,False,bulk_rnaseq|GSE245660|s1,non_keloid,non_keloid,exclude,non_keloid,exclude,exclude,exclude,False
GSM7846599,GSE245660,s2,GPL24676,bulk_rnaseq,public_keloid,bulk_tissue,bulk_tissue,immature_scar,unknown,immature_scar,unknown,none,scar_differential,immature_scar,sample,profile,development,False,False,bulk_rnaseq|GSE245660|s2,non_keloid,non_keloid,exclude,non_keloid,exclude,exclude,exclude,False
GSM7846600,GSE245660,k1,GPL24676,bulk_rnaseq,public_keloid,bulk_tissue,bulk_tissue,keloid,keloid,keloid,unknown,none,scar_differential,keloid,sample,profile,development,False,False,bulk_rnaseq|GSE245660|k1,keloid,keloid,keloid,keloid,exclude,keloid,exclude,False
GSM7846601,GSE245660,k2,GPL24676,bulk_rnaseq,public_keloid,bulk_tissue,bulk_tissue,keloid,keloid,keloid,unknown,none,scar_differential,keloid,sample,profile,development,False,False,bulk_rnaseq|GSE245660|k2,keloid,keloid,keloid,keloid,exclude,keloid,exclude,False
GSM7846602,GSE245660,k3,GPL24676,bulk_rnaseq,public_keloid,bulk_tissue,bulk_tissue,keloid,keloid,keloid,unknown,none,scar_differential,keloid,sample,profile,development,False,False,bulk_rnaseq|GSE245660|k3,keloid,keloid,keloid,keloid,exclude,keloid,exclude,False
K1-1st,GSE113619,K1,GPL16791,bulk_rnaseq,public_keloid,bulk_tissue,bulk_tissue,keloid_prone,unknown,unknown,unknown,none,wound_susceptibility,keloid_prone_day0,wound_timepoint,profile,development,False,False,bulk_rnaseq|GSE113619|K1,exclude,exclude,exclude,exclude,exclude,exclude,exclude,True
K2-1st,GSE113619,K2,GPL16791,bulk_rnaseq,public_keloid,bulk_tissue,bulk_tissue,keloid_prone,unknown,unknown,unknown,none,wound_susceptibility,keloid_prone_day0,wound_timepoint,profile,development,False,False,bulk_rnaseq|GSE113619|K2,exclude,exclude,exclude,exclude,exclude,exclude,exclude,True
K3-1st,GSE113619,K3,GPL16791,bulk_rnaseq,public_keloid,bulk_tissue,bulk_tissue,keloid_prone,unknown,unknown,unknown,none,wound_susceptibility,keloid_prone_day0,wound_timepoint,profile,development,False,False,bulk_rnaseq|GSE113619|K3,exclude,exclude,exclude,exclude,exclude,exclude,exclude,True
K4-1st,GSE113619,K4,GPL16791,bulk_rnaseq,public_keloid,bulk_tissue,bulk_tissue,keloid_prone,unknown,unknown,unknown,none,wound_susceptibility,keloid_prone_day0,wound_timepoint,profile,development,False,False,bulk_rnaseq|GSE113619|K4,exclude,exclude,exclude,exclude,exclude,exclude,exclude,True
K5-1st,GSE113619,K5,GPL16791,bulk_rnaseq,public_keloid,bulk_tissue,bulk_tissue,keloid_prone,unknown,unknown,unknown,none,wound_susceptibility,keloid_prone_day0,wound_timepoint,profile,development,False,False,bulk_rnaseq|GSE113619|K5,exclude,exclude,exclude,exclude,exclude,exclude,exclude,True
K6-1st,GSE113619,K6,GPL16791,bulk_rnaseq,public_keloid,bulk_tissue,bulk_tissue,keloid_prone,unknown,unknown,unknown,none,wound_susceptibility,keloid_prone_day0,wound_timepoint,profile,development,False,False,bulk_rnaseq|GSE113619|K6,exclude,exclude,exclude,exclude,exclude,exclude,exclude,True
K7-1st,GSE113619,K7,GPL16791,bulk_rnaseq,public_keloid,bulk_tissue,bulk_tissue,keloid_prone,unknown,unknown,unknown,none,wound_susceptibility,keloid_prone_day0,wound_timepoint,profile,development,False,False,bulk_rnaseq|GSE113619|K7,exclude,exclude,exclude,exclude,exclude,exclude,exclude,True
K8-1st,GSE113619,K8,GPL16791,bulk_rnaseq,public_keloid,bulk_tissue,bulk_tissue,keloid_prone,unknown,unknown,unknown,none,wound_susceptibility,keloid_prone_day0,wound_timepoint,profile,development,False,False,bulk_rnaseq|GSE113619|K8,exclude,exclude,exclude,exclude,exclude,exclude,exclude,True
N1-1st,GSE113619,N1,GPL16791,bulk_rnaseq,public_keloid,bulk_tissue,bulk_tissue,control,unknown,unknown,unknown,none,wound_susceptibility,control_day0,wound_timepoint,profile,development,False,False,bulk_rnaseq|GSE113619|N1,exclude,exclude,exclude,exclude,exclude,exclude,exclude,True
N2-1st,GSE113619,N2,GPL16791,bulk_rnaseq,public_keloid,bulk_tissue,bulk_tissue,control,unknown,unknown,unknown,none,wound_susceptibility,control_day0,wound_timepoint,profile,development,False,False,bulk_rnaseq|GSE113619|N2,exclude,exclude,exclude,exclude,exclude,exclude,exclude,True
N3-1st,GSE113619,N3,GPL16791,bulk_rnaseq,public_keloid,bulk_tissue,bulk_tissue,control,unknown,unknown,unknown,none,wound_susceptibility,control_day0,wound_timepoint,profile,development,False,False,bulk_rnaseq|GSE113619|N3,exclude,exclude,exclude,exclude,exclude,exclude,exclude,True
N4-1st,GSE113619,N4,GPL16791,bulk_rnaseq,public_keloid,bulk_tissue,bulk_tissue,control,unknown,unknown,unknown,none,wound_susceptibility,control_day0,wound_timepoint,profile,development,False,False,bulk_rnaseq|GSE113619|N4,exclude,exclude,exclude,exclude,exclude,exclude,exclude,True
N5-1st,GSE113619,N5,GPL16791,bulk_rnaseq,public_keloid,bulk_tissue,bulk_tissue,control,unknown,unknown,unknown,none,wound_susceptibility,control_day0,wound_timepoint,profile,development,False,False,bulk_rnaseq|GSE113619|N5,exclude,exclude,exclude,exclude,exclude,exclude,exclude,True
K1-2nd,GSE113619,K1,GPL16791,bulk_rnaseq,public_keloid,bulk_tissue,bulk_tissue,keloid_prone,unknown,unknown,unknown,none,wound_susceptibility,keloid_prone_day42,wound_timepoint,profile,development,False,False,bulk_rnaseq|GSE113619|K1,exclude,exclude,exclude,exclude,exclude,exclude,exclude,True
K2-2nd,GSE113619,K2,GPL16791,bulk_rnaseq,public_keloid,bulk_tissue,bulk_tissue,keloid_prone,unknown,unknown,unknown,none,wound_susceptibility,keloid_prone_day42,wound_timepoint,profile,development,False,False,bulk_rnaseq|GSE113619|K2,exclude,exclude,exclude,exclude,exclude,exclude,exclude,True
K3-2nd,GSE113619,K3,GPL16791,bulk_rnaseq,public_keloid,bulk_tissue,bulk_tissue,keloid_prone,unknown,unknown,unknown,none,wound_susceptibility,keloid_prone_day42,wound_timepoint,profile,development,False,False,bulk_rnaseq|GSE113619|K3,exclude,exclude,exclude,exclude,exclude,exclude,exclude,True
K4-2nd,GSE113619,K4,GPL16791,bulk_rnaseq,public_keloid,bulk_tissue,bulk_tissue,keloid_prone,unknown,unknown,unknown,none,wound_susceptibility,keloid_prone_day42,wound_timepoint,profile,development,False,False,bulk_rnaseq|GSE113619|K4,exclude,exclude,exclude,exclude,exclude,exclude,exclude,True
K5-2nd,GSE113619,K5,GPL16791,bulk_rnaseq,public_keloid,bulk_tissue,bulk_tissue,keloid_prone,unknown,unknown,unknown,none,wound_susceptibility,keloid_prone_day42,wound_timepoint,profile,development,False,False,bulk_rnaseq|GSE113619|K5,exclude,exclude,exclude,exclude,exclude,exclude,exclude,True
K6-2nd,GSE113619,K6,GPL16791,bulk_rnaseq,public_keloid,bulk_tissue,bulk_tissue,keloid_prone,unknown,unknown,unknown,none,wound_susceptibility,keloid_prone_day42,wound_timepoint,profile,development,False,False,bulk_rnaseq|GSE113619|K6,exclude,exclude,exclude,exclude,exclude,exclude,exclude,True
K7-2nd,GSE113619,K7,GPL16791,bulk_rnaseq,public_keloid,bulk_tissue,bulk_tissue,keloid_prone,unknown,unknown,unknown,none,wound_susceptibility,keloid_prone_day42,wound_timepoint,profile,development,False,False,bulk_rnaseq|GSE113619|K7,exclude,exclude,exclude,exclude,exclude,exclude,exclude,True
K8-2nd,GSE113619,K8,GPL16791,bulk_rnaseq,public_keloid,bulk_tissue,bulk_tissue,keloid_prone,unknown,unknown,unknown,none,wound_susceptibility,keloid_prone_day42,wound_timepoint,profile,development,False,False,bulk_rnaseq|GSE113619|K8,exclude,exclude,exclude,exclude,exclude,exclude,exclude,True
N1-2nd,GSE113619,N1,GPL16791,bulk_rnaseq,public_keloid,bulk_tissue,bulk_tissue,control,unknown,unknown,unknown,none,wound_susceptibility,control_day42,wound_timepoint,profile,development,False,False,bulk_rnaseq|GSE113619|N1,exclude,exclude,exclude,exclude,exclude,exclude,exclude,True
N2-2nd,GSE113619,N2,GPL16791,bulk_rnaseq,public_keloid,bulk_tissue,bulk_tissue,control,unknown,unknown,unknown,none,wound_susceptibility,control_day42,wound_timepoint,profile,development,False,False,bulk_rnaseq|GSE113619|N2,exclude,exclude,exclude,exclude,exclude,exclude,exclude,True
N4-2nd,GSE113619,N4,GPL16791,bulk_rnaseq,public_keloid,bulk_tissue,bulk_tissue,control,unknown,unknown,unknown,none,wound_susceptibility,control_day42,wound_timepoint,profile,development,False,False,bulk_rnaseq|GSE113619|N4,exclude,exclude,exclude,exclude,exclude,exclude,exclude,True
N5-2nd,GSE113619,N5,GPL16791,bulk_rnaseq,public_keloid,bulk_tissue,bulk_tissue,control,unknown,unknown,unknown,none,wound_susceptibility,control_day42,wound_timepoint,profile,development,False,False,bulk_rnaseq|GSE113619|N5,exclude,exclude,exclude,exclude,exclude,exclude,exclude,True
N6-2nd,GSE113619,N6,GPL16791,bulk_rnaseq,public_keloid,bulk_tissue,bulk_tissue,control,unknown,unknown,unknown,none,wound_susceptibility,control_day42,wound_timepoint,profile,development,False,False,bulk_rnaseq|GSE113619|N6,exclude,exclude,exclude,exclude,exclude,exclude,exclude,True
Ctrl1,GSE237752,Ctrl1,GPL24676,bulk_rnaseq,public_keloid,bulk_tissue,bulk_tissue,normal,normal,normal,unknown,none,keloid_vs_normal,normal,sample,profile,lockbox,True,True,bulk_rnaseq|GSE237752|Ctrl1,non_keloid,non_keloid,exclude,exclude,non_keloid,non_keloid,exclude,True
Ctrl2,GSE237752,Ctrl2,GPL24676,bulk_rnaseq,public_keloid,bulk_tissue,bulk_tissue,normal,normal,normal,unknown,none,keloid_vs_normal,normal,sample,profile,lockbox,True,True,bulk_rnaseq|GSE237752|Ctrl2,non_keloid,non_keloid,exclude,exclude,non_keloid,non_keloid,exclude,True
Ctrl3,GSE237752,Ctrl3,GPL24676,bulk_rnaseq,public_keloid,bulk_tissue,bulk_tissue,normal,normal,normal,unknown,none,keloid_vs_normal,normal,sample,profile,lockbox,True,True,bulk_rnaseq|GSE237752|Ctrl3,non_keloid,non_keloid,exclude,exclude,non_keloid,non_keloid,exclude,True
keloid1,GSE237752,keloid1,GPL24676,bulk_rnaseq,public_keloid,bulk_tissue,bulk_tissue,keloid,keloid,keloid,unknown,none,keloid_vs_normal,keloid,sample,profile,lockbox,True,True,bulk_rnaseq|GSE237752|keloid1,keloid,keloid,keloid,keloid,keloid,keloid,exclude,True
keloid2,GSE237752,keloid2,GPL24676,bulk_rnaseq,public_keloid,bulk_tissue,bulk_tissue,keloid,keloid,keloid,unknown,none,keloid_vs_normal,keloid,sample,profile,lockbox,True,True,bulk_rnaseq|GSE237752|keloid2,keloid,keloid,keloid,keloid,keloid,keloid,exclude,True
keloid3,GSE237752,keloid3,GPL24676,bulk_rnaseq,public_keloid,bulk_tissue,bulk_tissue,keloid,keloid,keloid,unknown,none,keloid_vs_normal,keloid,sample,profile,lockbox,True,True,bulk_rnaseq|GSE237752|keloid3,keloid,keloid,keloid,keloid,keloid,keloid,exclude,True
HK-NS1,GSE191067,HK_NS1,GPL24676,scrna_pseudobulk,public_keloid,all_cells_pseudobulk,bulk_tissue,adjacent_normal,adjacent_normal,adjacent_normal,unknown,none,keloid_vs_normal,adjacent_normal,sample,profile,lockbox,True,False,scrna_pseudobulk|GSE191067|HK_NS1,non_keloid,non_keloid,exclude,exclude,non_keloid,non_keloid,exclude,True
HK-NS2,GSE191067,HK_NS2,GPL24676,scrna_pseudobulk,public_keloid,all_cells_pseudobulk,bulk_tissue,adjacent_normal,adjacent_normal,adjacent_normal,unknown,none,keloid_vs_normal,adjacent_normal,sample,profile,lockbox,True,False,scrna_pseudobulk|GSE191067|HK_NS2,non_keloid,non_keloid,exclude,exclude,non_keloid,non_keloid,exclude,True
HK-NS3,GSE191067,HK_NS3,GPL24676,scrna_pseudobulk,public_keloid,all_cells_pseudobulk,bulk_tissue,adjacent_normal,adjacent_normal,adjacent_normal,unknown,none,keloid_vs_normal,adjacent_normal,sample,profile,lockbox,True,False,scrna_pseudobulk|GSE191067|HK_NS3,non_keloid,non_keloid,exclude,exclude,non_keloid,non_keloid,exclude,True
HK1,GSE191067,HK1,GPL24676,scrna_pseudobulk,public_keloid,all_cells_pseudobulk,bulk_tissue,keloid,keloid,keloid,unknown,none,keloid_vs_normal,keloid,sample,profile,lockbox,True,False,scrna_pseudobulk|GSE191067|HK1,keloid,keloid,keloid,keloid,keloid,keloid,exclude,True
HK2,GSE191067,HK2,GPL24676,scrna_pseudobulk,public_keloid,all_cells_pseudobulk,bulk_tissue,keloid,keloid,keloid,unknown,none,keloid_vs_normal,keloid,sample,profile,lockbox,True,False,scrna_pseudobulk|GSE191067|HK2,keloid,keloid,keloid,keloid,keloid,keloid,exclude,True
HK3,GSE191067,HK3,GPL24676,scrna_pseudobulk,public_keloid,all_cells_pseudobulk,bulk_tissue,keloid,keloid,keloid,unknown,none,keloid_vs_normal,keloid,sample,profile,lockbox,True,False,scrna_pseudobulk|GSE191067|HK3,keloid,keloid,keloid,keloid,keloid,keloid,exclude,True
HNS1,GSE191067,HNS1,GPL24676,scrna_pseudobulk,public_keloid,all_cells_pseudobulk,bulk_tissue,normal,normal,normal,unknown,none,keloid_vs_normal,normal,sample,profile,lockbox,True,False,scrna_pseudobulk|GSE191067|HNS1,non_keloid,non_keloid,exclude,exclude,non_keloid,non_keloid,exclude,True
HNS2,GSE191067,HNS2,GPL24676,scrna_pseudobulk,public_keloid,all_cells_pseudobulk,bulk_tissue,normal,normal,normal,unknown,none,keloid_vs_normal,normal,sample,profile,lockbox,True,False,scrna_pseudobulk|GSE191067|HNS2,non_keloid,non_keloid,exclude,exclude,non_keloid,non_keloid,exclude,True
HNS3,GSE191067,HNS3,GPL24676,scrna_pseudobulk,public_keloid,all_cells_pseudobulk,bulk_tissue,normal,normal,normal,unknown,none,keloid_vs_normal,normal,sample,profile,lockbox,True,False,scrna_pseudobulk|GSE191067|HNS3,non_keloid,non_keloid,exclude,exclude,non_keloid,non_keloid,exclude,True
HNSR1,GSE191067,HNSR1,GPL24676,scrna_pseudobulk,public_keloid,all_cells_pseudobulk,bulk_tissue,normal_scar,normal_scar,normal_scar,unknown,none,keloid_vs_normal,normal_scar,sample,profile,lockbox,True,False,scrna_pseudobulk|GSE191067|HNSR1,non_keloid,non_keloid,non_keloid,exclude,exclude,non_keloid,exclude,True
HNSR2,GSE191067,HNSR2,GPL24676,scrna_pseudobulk,public_keloid,all_cells_pseudobulk,bulk_tissue,normal_scar,normal_scar,normal_scar,unknown,none,keloid_vs_normal,normal_scar,sample,profile,lockbox,True,False,scrna_pseudobulk|GSE191067|HNSR2,non_keloid,non_keloid,non_keloid,exclude,exclude,non_keloid,exclude,True
HNSR3,GSE191067,HNSR3,GPL24676,scrna_pseudobulk,public_keloid,all_cells_pseudobulk,bulk_tissue,normal_scar,normal_scar,normal_scar,unknown,none,keloid_vs_normal,normal_scar,sample,profile,lockbox,True,False,scrna_pseudobulk|GSE191067|HNSR3,non_keloid,non_keloid,non_keloid,exclude,exclude,non_keloid,exclude,True
KK_1,GSE185309,KK_1,GPL24676,bulk_rnaseq,public_keloid,keratinocyte,keratinocyte,keloid,keloid,keloid,unknown,none,keloid_vs_normal,keloid,sample,,lockbox,True,False,bulk_rnaseq|GSE185309|KK_1,keloid,keloid,keloid,keloid,exclude,keloid,exclude,False
KK_2,GSE185309,KK_2,GPL24676,bulk_rnaseq,public_keloid,keratinocyte,keratinocyte,keloid,keloid,keloid,unknown,none,keloid_vs_normal,keloid,sample,,lockbox,True,False,bulk_rnaseq|GSE185309|KK_2,keloid,keloid,keloid,keloid,exclude,keloid,exclude,False
KK_3,GSE185309,KK_3,GPL24676,bulk_rnaseq,public_keloid,keratinocyte,keratinocyte,keloid,keloid,keloid,unknown,none,keloid_vs_normal,keloid,sample,,lockbox,True,False,bulk_rnaseq|GSE185309|KK_3,keloid,keloid,keloid,keloid,exclude,keloid,exclude,False
KK_4,GSE185309,KK_4,GPL24676,bulk_rnaseq,public_keloid,keratinocyte,keratinocyte,keloid,keloid,keloid,unknown,none,keloid_vs_normal,keloid,sample,,lockbox,True,False,bulk_rnaseq|GSE185309|KK_4,keloid,keloid,keloid,keloid,exclude,keloid,exclude,False
KK_5,GSE185309,KK_5,GPL24676,bulk_rnaseq,public_keloid,keratinocyte,keratinocyte,keloid,keloid,keloid,unknown,none,keloid_vs_normal,keloid,sample,,lockbox,True,False,bulk_rnaseq|GSE185309|KK_5,keloid,keloid,keloid,keloid,exclude,keloid,exclude,False
KK_6,GSE185309,KK_6,GPL24676,bulk_rnaseq,public_keloid,keratinocyte,keratinocyte,keloid,keloid,keloid,unknown,none,keloid_vs_normal,keloid,sample,,lockbox,True,False,bulk_rnaseq|GSE185309|KK_6,keloid,keloid,keloid,keloid,exclude,keloid,exclude,False
KK_7,GSE185309,KK_7,GPL24676,bulk_rnaseq,public_keloid,keratinocyte,keratinocyte,keloid,keloid,keloid,unknown,none,keloid_vs_normal,keloid,sample,,lockbox,True,False,bulk_rnaseq|GSE185309|KK_7,keloid,keloid,keloid,keloid,exclude,keloid,exclude,False
KK_8,GSE185309,KK_8,GPL24676,bulk_rnaseq,public_keloid,keratinocyte,keratinocyte,keloid,keloid,keloid,unknown,none,keloid_vs_normal,keloid,sample,,lockbox,True,False,bulk_rnaseq|GSE185309|KK_8,keloid,keloid,keloid,keloid,exclude,keloid,exclude,False
KK_9,GSE185309,KK_9,GPL24676,bulk_rnaseq,public_keloid,keratinocyte,keratinocyte,keloid,keloid,keloid,unknown,none,keloid_vs_normal,keloid,sample,,lockbox,True,False,bulk_rnaseq|GSE185309|KK_9,keloid,keloid,keloid,keloid,exclude,keloid,exclude,False
NK_1,GSE185309,NK_1,GPL24676,bulk_rnaseq,public_keloid,keratinocyte,keratinocyte,normal,normal,normal,unknown,none,keloid_vs_normal,normal,sample,,lockbox,True,False,bulk_rnaseq|GSE185309|NK_1,non_keloid,non_keloid,exclude,exclude,exclude,non_keloid,exclude,False
NK_2,GSE185309,NK_2,GPL24676,bulk_rnaseq,public_keloid,keratinocyte,keratinocyte,normal,normal,normal,unknown,none,keloid_vs_normal,normal,sample,,lockbox,True,False,bulk_rnaseq|GSE185309|NK_2,non_keloid,non_keloid,exclude,exclude,exclude,non_keloid,exclude,False
NK_3,GSE185309,NK_3,GPL24676,bulk_rnaseq,public_keloid,keratinocyte,keratinocyte,normal,normal,normal,unknown,none,keloid_vs_normal,normal,sample,,lockbox,True,False,bulk_rnaseq|GSE185309|NK_3,non_keloid,non_keloid,exclude,exclude,exclude,non_keloid,exclude,False
NK_4,GSE185309,NK_4,GPL24676,bulk_rnaseq,public_keloid,keratinocyte,keratinocyte,normal,normal,normal,unknown,none,keloid_vs_normal,normal,sample,,lockbox,True,False,bulk_rnaseq|GSE185309|NK_4,non_keloid,non_keloid,exclude,exclude,exclude,non_keloid,exclude,False
NK_5,GSE185309,NK_5,GPL24676,bulk_rnaseq,public_keloid,keratinocyte,keratinocyte,normal,normal,normal,unknown,none,keloid_vs_normal,normal,sample,,lockbox,True,False,bulk_rnaseq|GSE185309|NK_5,non_keloid,non_keloid,exclude,exclude,exclude,non_keloid,exclude,False
NK_6,GSE185309,NK_6,GPL24676,bulk_rnaseq,public_keloid,keratinocyte,keratinocyte,normal,normal,normal,unknown,none,keloid_vs_normal,normal,sample,,lockbox,True,False,bulk_rnaseq|GSE185309|NK_6,non_keloid,non_keloid,exclude,exclude,exclude,non_keloid,exclude,False
NK_7,GSE185309,NK_7,GPL24676,bulk_rnaseq,public_keloid,keratinocyte,keratinocyte,normal,normal,normal,unknown,none,keloid_vs_normal,normal,sample,,lockbox,True,False,bulk_rnaseq|GSE185309|NK_7,non_keloid,non_keloid,exclude,exclude,exclude,non_keloid,exclude,False
NK_8,GSE185309,NK_8,GPL24676,bulk_rnaseq,public_keloid,keratinocyte,keratinocyte,normal,normal,normal,unknown,none,keloid_vs_normal,normal,sample,,lockbox,True,False,bulk_rnaseq|GSE185309|NK_8,non_keloid,non_keloid,exclude,exclude,exclude,non_keloid,exclude,False
GSM6430213,GSE210434,N1,GPL24676,bulk_rnaseq,public_keloid,fibroblast,primary_fibroblast,normal_scar,unknown,normal_scar,unknown,none,scar_differential,normal_scar,sample,,development,False,False,bulk_rnaseq|GSE210434|N1,non_keloid,non_keloid,non_keloid,exclude,exclude,non_keloid,non_keloid,False
GSM6430214,GSE210434,H1,GPL24676,bulk_rnaseq,public_keloid,fibroblast,primary_fibroblast,hypertrophic_scar,unknown,hypertrophic_scar,unknown,none,scar_differential,hypertrophic_scar,sample,,development,False,False,bulk_rnaseq|GSE210434|H1,non_keloid,non_keloid,exclude,non_keloid,exclude,exclude,non_keloid,False
GSM6430215,GSE210434,K1,GPL24676,bulk_rnaseq,public_keloid,fibroblast,primary_fibroblast,keloid,keloid,keloid,unknown,none,scar_differential,keloid,sample,,development,False,False,bulk_rnaseq|GSE210434|K1,keloid,keloid,keloid,keloid,exclude,keloid,keloid,False
GSM6430216,GSE210434,N2,GPL24676,bulk_rnaseq,public_keloid,fibroblast,primary_fibroblast,normal_scar,unknown,normal_scar,unknown,none,scar_differential,normal_scar,sample,,development,False,False,bulk_rnaseq|GSE210434|N2,non_keloid,non_keloid,non_keloid,exclude,exclude,non_keloid,non_keloid,False
GSM6430217,GSE210434,H2,GPL24676,bulk_rnaseq,public_keloid,fibroblast,primary_fibroblast,hypertrophic_scar,unknown,hypertrophic_scar,unknown,none,scar_differential,hypertrophic_scar,sample,,development,False,False,bulk_rnaseq|GSE210434|H2,non_keloid,non_keloid,exclude,non_keloid,exclude,exclude,non_keloid,False
GSM6430218,GSE210434,K2,GPL24676,bulk_rnaseq,public_keloid,fibroblast,primary_fibroblast,keloid,keloid,keloid,unknown,none,scar_differential,keloid,sample,,development,False,False,bulk_rnaseq|GSE210434|K2,keloid,keloid,keloid,keloid,exclude,keloid,keloid,False
GSM6430219,GSE210434,N3,GPL24676,bulk_rnaseq,public_keloid,fibroblast,primary_fibroblast,normal_scar,unknown,normal_scar,unknown,none,scar_differential,normal_scar,sample,,development,False,False,bulk_rnaseq|GSE210434|N3,non_keloid,non_keloid,non_keloid,exclude,exclude,non_keloid,non_keloid,False
GSM6430220,GSE210434,H3,GPL24676,bulk_rnaseq,public_keloid,fibroblast,primary_fibroblast,hypertrophic_scar,unknown,hypertrophic_scar,unknown,none,scar_differential,hypertrophic_scar,sample,,development,False,False,bulk_rnaseq|GSE210434|H3,non_keloid,non_keloid,exclude,non_keloid,exclude,exclude,non_keloid,False
GSM6430221,GSE210434,K3,GPL24676,bulk_rnaseq,public_keloid,fibroblast,primary_fibroblast,keloid,keloid,keloid,unknown,none,scar_differential,keloid,sample,,development,False,False,bulk_rnaseq|GSE210434|K3,keloid,keloid,keloid,keloid,exclude,keloid,keloid,False
KDF_C_1,GSE303591,KDF_C,GPL24676,bulk_rnaseq,public_keloid,fibroblast,cell_line,keloid,keloid,keloid,unknown,none,keloid_vs_normal,keloid,sample,,development,False,False,bulk_rnaseq|GSE303591|KDF_C,keloid,keloid,keloid,keloid,exclude,keloid,exclude,False
KDF_C_2,GSE303591,KDF_C,GPL24676,bulk_rnaseq,public_keloid,fibroblast,cell_line,keloid,keloid,keloid,unknown,none,keloid_vs_normal,keloid,sample,,development,False,False,bulk_rnaseq|GSE303591|KDF_C,keloid,keloid,keloid,keloid,exclude,keloid,exclude,False
KDF_C_3,GSE303591,KDF_C,GPL24676,bulk_rnaseq,public_keloid,fibroblast,cell_line,keloid,keloid,keloid,unknown,none,keloid_vs_normal,keloid,sample,,development,False,False,bulk_rnaseq|GSE303591|KDF_C,keloid,keloid,keloid,keloid,exclude,keloid,exclude,False
KDF_C_4,GSE303591,KDF_C,GPL24676,bulk_rnaseq,public_keloid,fibroblast,cell_line,keloid,keloid,keloid,unknown,none,keloid_vs_normal,keloid,sample,,development,False,False,bulk_rnaseq|GSE303591|KDF_C,keloid,keloid,keloid,keloid,exclude,keloid,exclude,False
NDF_C_1,GSE303591,NDF_C,GPL24676,bulk_rnaseq,public_keloid,fibroblast,cell_line,normal,normal,normal,unknown,none,keloid_vs_normal,normal,sample,,development,False,False,bulk_rnaseq|GSE303591|NDF_C,non_keloid,non_keloid,exclude,exclude,exclude,non_keloid,exclude,False
NDF_C_2,GSE303591,NDF_C,GPL24676,bulk_rnaseq,public_keloid,fibroblast,cell_line,normal,normal,normal,unknown,none,keloid_vs_normal,normal,sample,,development,False,False,bulk_rnaseq|GSE303591|NDF_C,non_keloid,non_keloid,exclude,exclude,exclude,non_keloid,exclude,False
NDF_C_3,GSE303591,NDF_C,GPL24676,bulk_rnaseq,public_keloid,fibroblast,cell_line,normal,normal,normal,unknown,none,keloid_vs_normal,normal,sample,,development,False,False,bulk_rnaseq|GSE303591|NDF_C,non_keloid,non_keloid,exclude,exclude,exclude,non_keloid,exclude,False
NDF_C_4,GSE303591,NDF_C,GPL24676,bulk_rnaseq,public_keloid,fibroblast,cell_line,normal,normal,normal,unknown,none,keloid_vs_normal,normal,sample,,development,False,False,bulk_rnaseq|GSE303591|NDF_C,non_keloid,non_keloid,exclude,exclude,exclude,non_keloid,exclude,False
C-K20,GSE212954,C_K20,GPL20301,bulk_rnaseq,public_keloid,bulk_tissue,bulk_tissue,keloid,keloid,keloid,unknown,none,keloid_vs_normal,keloid,sample,,lockbox,True,False,bulk_rnaseq|GSE212954|C_K20,keloid,keloid,keloid,keloid,keloid,keloid,exclude,True
C-K23,GSE212954,C_K23,GPL20301,bulk_rnaseq,public_keloid,bulk_tissue,bulk_tissue,keloid,keloid,keloid,unknown,none,keloid_vs_normal,keloid,sample,,lockbox,True,False,bulk_rnaseq|GSE212954|C_K23,keloid,keloid,keloid,keloid,keloid,keloid,exclude,True
C-K24,GSE212954,C_K24,GPL20301,bulk_rnaseq,public_keloid,bulk_tissue,bulk_tissue,keloid,keloid,keloid,unknown,none,keloid_vs_normal,keloid,sample,,lockbox,True,False,bulk_rnaseq|GSE212954|C_K24,keloid,keloid,keloid,keloid,keloid,keloid,exclude,True
C-K27,GSE212954,C_K27,GPL20301,bulk_rnaseq,public_keloid,bulk_tissue,bulk_tissue,keloid,keloid,keloid,unknown,none,keloid_vs_normal,keloid,sample,,lockbox,True,False,bulk_rnaseq|GSE212954|C_K27,keloid,keloid,keloid,keloid,keloid,keloid,exclude,True
M-K20,GSE212954,M_K20,GPL20301,bulk_rnaseq,public_keloid,bulk_tissue,bulk_tissue,keloid,keloid,keloid,unknown,none,keloid_vs_normal,keloid,sample,,lockbox,True,False,bulk_rnaseq|GSE212954|M_K20,keloid,keloid,keloid,keloid,keloid,keloid,exclude,True
M-K23,GSE212954,M_K23,GPL20301,bulk_rnaseq,public_keloid,bulk_tissue,bulk_tissue,keloid,keloid,keloid,unknown,none,keloid_vs_normal,keloid,sample,,lockbox,True,False,bulk_rnaseq|GSE212954|M_K23,keloid,keloid,keloid,keloid,keloid,keloid,exclude,True
M-K24,GSE212954,M_K24,GPL20301,bulk_rnaseq,public_keloid,bulk_tissue,bulk_tissue,keloid,keloid,keloid,unknown,none,keloid_vs_normal,keloid,sample,,lockbox,True,False,bulk_rnaseq|GSE212954|M_K24,keloid,keloid,keloid,keloid,keloid,keloid,exclude,True
N-K20,GSE212954,N_K20,GPL20301,bulk_rnaseq,public_keloid,bulk_tissue,bulk_tissue,normal,normal,normal,unknown,none,keloid_vs_normal,normal,sample,,lockbox,True,False,bulk_rnaseq|GSE212954|N_K20,non_keloid,non_keloid,exclude,exclude,non_keloid,non_keloid,exclude,True
N-K23,GSE212954,N_K23,GPL20301,bulk_rnaseq,public_keloid,bulk_tissue,bulk_tissue,normal,normal,normal,unknown,none,keloid_vs_normal,normal,sample,,lockbox,True,False,bulk_rnaseq|GSE212954|N_K23,non_keloid,non_keloid,exclude,exclude,non_keloid,non_keloid,exclude,True
N-K24,GSE212954,N_K24,GPL20301,bulk_rnaseq,public_keloid,bulk_tissue,bulk_tissue,normal,normal,normal,unknown,none,keloid_vs_normal,normal,sample,,lockbox,True,False,bulk_rnaseq|GSE212954|N_K24,non_keloid,non_keloid,exclude,exclude,non_keloid,non_keloid,exclude,True
N-K27,GSE212954,N_K27,GPL20301,bulk_rnaseq,public_keloid,bulk_tissue,bulk_tissue,normal,normal,normal,unknown,none,keloid_vs_normal,normal,sample,,lockbox,True,False,bulk_rnaseq|GSE212954|N_K27,non_keloid,non_keloid,exclude,exclude,non_keloid,non_keloid,exclude,True
K1,GSE282479,K1,GPL24676,bulk_rnaseq,public_keloid,fibroblast,primary_fibroblast,keloid,keloid,keloid,unknown,none,keloid_vs_normal,keloid,sample,,development,False,False,bulk_rnaseq|GSE282479|K1,keloid,keloid,keloid,keloid,exclude,keloid,keloid,False
K3,GSE282479,K3,GPL24676,bulk_rnaseq,public_keloid,fibroblast,primary_fibroblast,keloid,keloid,keloid,unknown,none,keloid_vs_normal,keloid,sample,,development,False,False,bulk_rnaseq|GSE282479|K3,keloid,keloid,keloid,keloid,exclude,keloid,keloid,False
K5,GSE282479,K5,GPL24676,bulk_rnaseq,public_keloid,fibroblast,primary_fibroblast,keloid,keloid,keloid,unknown,none,keloid_vs_normal,keloid,sample,,development,False,False,bulk_rnaseq|GSE282479|K5,keloid,keloid,keloid,keloid,exclude,keloid,keloid,False
ST1,GSE282479,ST1,GPL24676,bulk_rnaseq,public_keloid,fibroblast,primary_fibroblast,normal,normal,normal,unknown,none,keloid_vs_normal,normal,sample,,development,False,False,bulk_rnaseq|GSE282479|ST1,non_keloid,non_keloid,exclude,exclude,exclude,non_keloid,non_keloid,False
ST3,GSE282479,ST3,GPL24676,bulk_rnaseq,public_keloid,fibroblast,primary_fibroblast,normal,normal,normal,unknown,none,keloid_vs_normal,normal,sample,,development,False,False,bulk_rnaseq|GSE282479|ST3,non_keloid,non_keloid,exclude,exclude,exclude,non_keloid,non_keloid,False
ST5,GSE282479,ST5,GPL24676,bulk_rnaseq,public_keloid,fibroblast,primary_fibroblast,normal,normal,normal,unknown,none,keloid_vs_normal,normal,sample,,development,False,False,bulk_rnaseq|GSE282479|ST5,non_keloid,non_keloid,exclude,exclude,exclude,non_keloid,non_keloid,False
ST7,GSE282479,ST7,GPL24676,bulk_rnaseq,public_keloid,fibroblast,primary_fibroblast,normal,normal,normal,unknown,none,keloid_vs_normal,normal,sample,,development,False,False,bulk_rnaseq|GSE282479|ST7,non_keloid,non_keloid,exclude,exclude,exclude,non_keloid,non_keloid,False
PCS-201-021 P5 DMSO 1,GSE232079,pcs_201_021,GPL24676,bulk_rnaseq,public_keloid,fibroblast,cell_line,normal,normal,normal,unknown,none,keloid_vs_normal,normal,sample,,development,False,False,bulk_rnaseq|GSE232079|pcs_201_021,non_keloid,non_keloid,exclude,exclude,exclude,non_keloid,exclude,False
PCS-201-021 P4 DMSO 2,GSE232079,pcs_201_021,GPL24676,bulk_rnaseq,public_keloid,fibroblast,cell_line,normal,normal,normal,unknown,none,keloid_vs_normal,normal,sample,,development,False,False,bulk_rnaseq|GSE232079|pcs_201_021,non_keloid,non_keloid,exclude,exclude,exclude,non_keloid,exclude,False
CRL-1762 P4 DMSO 1,GSE232079,crl_1762,GPL24676,bulk_rnaseq,public_keloid,fibroblast,cell_line,keloid,keloid,keloid,unknown,none,keloid_vs_normal,keloid,sample,,development,False,False,bulk_rnaseq|GSE232079|crl_1762,keloid,keloid,keloid,keloid,exclude,keloid,exclude,False
CRL-1762 P4 DMSO 2,GSE232079,crl_1762,GPL24676,bulk_rnaseq,public_keloid,fibroblast,cell_line,keloid,keloid,keloid,unknown,none,keloid_vs_normal,keloid,sample,,development,False,False,bulk_rnaseq|GSE232079|crl_1762,keloid,keloid,keloid,keloid,exclude,keloid,exclude,False
PK1 P7 DMSO 1,GSE232079,pk1,GPL24676,bulk_rnaseq,public_keloid,fibroblast,cell_line,keloid,keloid,keloid,unknown,none,keloid_vs_normal,keloid,sample,,development,False,False,bulk_rnaseq|GSE232079|pk1,keloid,keloid,keloid,keloid,exclude,keloid,exclude,False
PK1 P7 DMSO 2,GSE232079,pk1,GPL24676,bulk_rnaseq,public_keloid,fibroblast,cell_line,keloid,keloid,keloid,unknown,none,keloid_vs_normal,keloid,sample,,development,False,False,bulk_rnaseq|GSE232079|pk1,keloid,keloid,keloid,keloid,exclude,keloid,exclude,False
PK2 P8 DMSO 1,GSE232079,pk2,GPL24676,bulk_rnaseq,public_keloid,fibroblast,cell_line,keloid,keloid,keloid,unknown,none,keloid_vs_normal,keloid,sample,,development,False,False,bulk_rnaseq|GSE232079|pk2,keloid,keloid,keloid,keloid,exclude,keloid,exclude,False
PK2 P4 DMSO 2,GSE232079,pk2,GPL24676,bulk_rnaseq,public_keloid,fibroblast,cell_line,keloid,keloid,keloid,unknown,none,keloid_vs_normal,keloid,sample,,development,False,False,bulk_rnaseq|GSE232079|pk2,keloid,keloid,keloid,keloid,exclude,keloid,exclude,False
PK3 P3 DMSO 1,GSE232079,pk3,GPL24676,bulk_rnaseq,public_keloid,fibroblast,cell_line,keloid,keloid,keloid,unknown,none,keloid_vs_normal,keloid,sample,,development,False,False,bulk_rnaseq|GSE232079|pk3,keloid,keloid,keloid,keloid,exclude,keloid,exclude,False
PK3 P4 DMSO 2,GSE232079,pk3,GPL24676,bulk_rnaseq,public_keloid,fibroblast,cell_line,keloid,keloid,keloid,unknown,none,keloid_vs_normal,keloid,sample,,development,False,False,bulk_rnaseq|GSE232079|pk3,keloid,keloid,keloid,keloid,exclude,keloid,exclude,False
PK4 P2 DMSO 1,GSE232079,pk4,GPL24676,bulk_rnaseq,public_keloid,fibroblast,cell_line,keloid,keloid,keloid,unknown,none,keloid_vs_normal,keloid,sample,,development,False,False,bulk_rnaseq|GSE232079|pk4,keloid,keloid,keloid,keloid,exclude,keloid,exclude,False
PK4 P2 DMSO 2,GSE232079,pk4,GPL24676,bulk_rnaseq,public_keloid,fibroblast,cell_line,keloid,keloid,keloid,unknown,none,keloid_vs_normal,keloid,sample,,development,False,False,bulk_rnaseq|GSE232079|pk4,keloid,keloid,keloid,keloid,exclude,keloid,exclude,False
PNF4 P3 DMSO 1,GSE232079,pnf4,GPL24676,bulk_rnaseq,public_keloid,fibroblast,cell_line,normal,normal,normal,unknown,none,keloid_vs_normal,normal,sample,,development,False,False,bulk_rnaseq|GSE232079|pnf4,non_keloid,non_keloid,exclude,exclude,exclude,non_keloid,exclude,False
PNF4 P4 DMSO 2,GSE232079,pnf4,GPL24676,bulk_rnaseq,public_keloid,fibroblast,cell_line,normal,normal,normal,unknown,none,keloid_vs_normal,normal,sample,,development,False,False,bulk_rnaseq|GSE232079|pnf4,non_keloid,non_keloid,exclude,exclude,exclude,non_keloid,exclude,False
N3 214kPa,GSE246562,N3,GPL18573,bulk_rnaseq,public_keloid,fibroblast,fibroblast_perturbed,normal,normal,normal,unknown,214kPa,stiffness_response,214kPa,stiffness_pair,,development,False,False,bulk_rnaseq|GSE246562|N3,non_keloid,non_keloid,exclude,exclude,exclude,exclude,exclude,False
N1 214kPa,GSE246562,N1,GPL18573,bulk_rnaseq,public_keloid,fibroblast,fibroblast_perturbed,normal,normal,normal,unknown,214kPa,stiffness_response,214kPa,stiffness_pair,,development,False,False,bulk_rnaseq|GSE246562|N1,non_keloid,non_keloid,exclude,exclude,exclude,exclude,exclude,False
N3 8kPa,GSE246562,N3,GPL18573,bulk_rnaseq,public_keloid,fibroblast,fibroblast_perturbed,normal,normal,normal,unknown,8kPa,stiffness_response,8kPa,stiffness_pair,,development,False,False,bulk_rnaseq|GSE246562|N3,non_keloid,non_keloid,exclude,exclude,exclude,exclude,exclude,False
N1 8kPa,GSE246562,N1,GPL18573,bulk_rnaseq,public_keloid,fibroblast,fibroblast_perturbed,normal,normal,normal,unknown,8kPa,stiffness_response,8kPa,stiffness_pair,,development,False,False,bulk_rnaseq|GSE246562|N1,non_keloid,non_keloid,exclude,exclude,exclude,exclude,exclude,False
N2 8kPa,GSE246562,N2,GPL18573,bulk_rnaseq,public_keloid,fibroblast,fibroblast_perturbed,normal,normal,normal,unknown,8kPa,stiffness_response,8kPa,stiffness_pair,,development,False,False,bulk_rnaseq|GSE246562|N2,non_keloid,non_keloid,exclude,exclude,exclude,exclude,exclude,False
N2 214kPa,GSE246562,N2,GPL18573,bulk_rnaseq,public_keloid,fibroblast,fibroblast_perturbed,normal,normal,normal,unknown,214kPa,stiffness_response,214kPa,stiffness_pair,,development,False,False,bulk_rnaseq|GSE246562|N2,non_keloid,non_keloid,exclude,exclude,exclude,exclude,exclude,False
K2 8kPa,GSE246562,K2,GPL18573,bulk_rnaseq,public_keloid,fibroblast,fibroblast_perturbed,keloid,keloid,keloid,unknown,8kPa,stiffness_response,8kPa,stiffness_pair,,development,False,False,bulk_rnaseq|GSE246562|K2,keloid,keloid,exclude,exclude,exclude,exclude,exclude,False
K2 214kPa,GSE246562,K2,GPL18573,bulk_rnaseq,public_keloid,fibroblast,fibroblast_perturbed,keloid,keloid,keloid,unknown,214kPa,stiffness_response,214kPa,stiffness_pair,,development,False,False,bulk_rnaseq|GSE246562|K2,keloid,keloid,exclude,exclude,exclude,exclude,exclude,False
K1 8kPa,GSE246562,K1,GPL18573,bulk_rnaseq,public_keloid,fibroblast,fibroblast_perturbed,keloid,keloid,keloid,unknown,8kPa,stiffness_response,8kPa,stiffness_pair,,development,False,False,bulk_rnaseq|GSE246562|K1,keloid,keloid,exclude,exclude,exclude,exclude,exclude,False
K1 214kPa,GSE246562,K1,GPL18573,bulk_rnaseq,public_keloid,fibroblast,fibroblast_perturbed,keloid,keloid,keloid,unknown,214kPa,stiffness_response,214kPa,stiffness_pair,,development,False,False,bulk_rnaseq|GSE246562|K1,keloid,keloid,exclude,exclude,exclude,exclude,exclude,False
K3 8kPa,GSE246562,K3,GPL18573,bulk_rnaseq,public_keloid,fibroblast,fibroblast_perturbed,keloid,keloid,keloid,unknown,8kPa,stiffness_response,8kPa,stiffness_pair,,development,False,False,bulk_rnaseq|GSE246562|K3,keloid,keloid,exclude,exclude,exclude,exclude,exclude,False
K3 214kPa,GSE246562,K3,GPL18573,bulk_rnaseq,public_keloid,fibroblast,fibroblast_perturbed,keloid,keloid,keloid,unknown,214kPa,stiffness_response,214kPa,stiffness_pair,,development,False,False,bulk_rnaseq|GSE246562|K3,keloid,keloid,exclude,exclude,exclude,exclude,exclude,False
HTS.A,GSE178562,HTS,GPL16791,bulk_rnaseq,public_keloid,fibroblast,primary_fibroblast,hypertrophic_scar,unknown,hypertrophic_scar,unknown,none,scar_differential,hypertrophic_scar,sample,,development,False,True,bulk_rnaseq|GSE178562|HTS,non_keloid,non_keloid,exclude,non_keloid,exclude,exclude,non_keloid,False
HTS.B,GSE178562,HTS,GPL16791,bulk_rnaseq,public_keloid,fibroblast,primary_fibroblast,hypertrophic_scar,unknown,hypertrophic_scar,unknown,none,scar_differential,hypertrophic_scar,sample,,development,False,True,bulk_rnaseq|GSE178562|HTS,non_keloid,non_keloid,exclude,non_keloid,exclude,exclude,non_keloid,False
Kld.A,GSE178562,KLD,GPL16791,bulk_rnaseq,public_keloid,fibroblast,primary_fibroblast,keloid,keloid,keloid,unknown,none,scar_differential,keloid,sample,,development,False,True,bulk_rnaseq|GSE178562|KLD,keloid,keloid,keloid,keloid,exclude,keloid,keloid,False
Kld.B,GSE178562,KLD,GPL16791,bulk_rnaseq,public_keloid,fibroblast,primary_fibroblast,keloid,keloid,keloid,unknown,none,scar_differential,keloid,sample,,development,False,True,bulk_rnaseq|GSE178562|KLD,keloid,keloid,keloid,keloid,exclude,keloid,keloid,False
NS.A,GSE178562,NS,GPL16791,bulk_rnaseq,public_keloid,fibroblast,primary_fibroblast,normal,normal,normal,unknown,none,scar_differential,normal,sample,,development,False,True,bulk_rnaseq|GSE178562|NS,non_keloid,non_keloid,exclude,exclude,exclude,non_keloid,non_keloid,False
NS.B,GSE178562,NS,GPL16791,bulk_rnaseq,public_keloid,fibroblast,primary_fibroblast,normal,normal,normal,unknown,none,scar_differential,normal,sample,,development,False,True,bulk_rnaseq|GSE178562|NS,non_keloid,non_keloid,exclude,exclude,exclude,non_keloid,non_keloid,False
Scr.A,GSE178562,SCR,GPL16791,bulk_rnaseq,public_keloid,fibroblast,primary_fibroblast,normal_scar,unknown,normal_scar,unknown,none,scar_differential,normal_scar,sample,,development,False,True,bulk_rnaseq|GSE178562|SCR,non_keloid,non_keloid,non_keloid,exclude,exclude,non_keloid,non_keloid,False
Scr.B,GSE178562,SCR,GPL16791,bulk_rnaseq,public_keloid,fibroblast,primary_fibroblast,normal_scar,unknown,normal_scar,unknown,none,scar_differential,normal_scar,sample,,development,False,True,bulk_rnaseq|GSE178562|SCR,non_keloid,non_keloid,non_keloid,exclude,exclude,non_keloid,non_keloid,False
GSE181316_GSM5494683_skin_7,GSE181316,skin_7,GPL20301,scrna_pseudobulk,public_keloid,all_barcodes,bulk_tissue,normal,normal,normal,unknown,none,keloid_vs_normal,normal,sample,,development,False,False,scrna_pseudobulk|GSE181316|skin_7,non_keloid,non_keloid,exclude,exclude,non_keloid,non_keloid,exclude,True
GSE181316_GSM5494684_keloid_1,GSE181316,keloid_1,GPL20301,scrna_pseudobulk,public_keloid,all_barcodes,bulk_tissue,keloid,keloid,keloid,unknown,none,keloid_vs_normal,keloid,sample,,development,False,False,scrna_pseudobulk|GSE181316|keloid_1,keloid,keloid,keloid,keloid,keloid,keloid,exclude,True
GSE181316_GSM5494685_keloid_2,GSE181316,keloid_2,GPL20301,scrna_pseudobulk,public_keloid,all_barcodes,bulk_tissue,keloid,keloid,keloid,unknown,none,keloid_vs_normal,keloid,sample,,development,False,False,scrna_pseudobulk|GSE181316|keloid_2,keloid,keloid,keloid,keloid,keloid,keloid,exclude,True
GSE181316_GSM5494686_keloid_3L,GSE181316,keloid_3,GPL20301,scrna_pseudobulk,public_keloid,all_barcodes,bulk_tissue,keloid,keloid,keloid,unknown,none,keloid_vs_normal,keloid,sample,,development,False,False,scrna_pseudobulk|GSE181316|keloid_3,keloid,keloid,keloid,keloid,keloid,keloid,exclude,True
GSE181316_GSM5494687_keloid_3R,GSE181316,keloid_3,GPL20301,scrna_pseudobulk,public_keloid,all_barcodes,bulk_tissue,keloid,keloid,keloid,unknown,none,keloid_vs_normal,keloid,sample,,development,False,False,scrna_pseudobulk|GSE181316|keloid_3,keloid,keloid,keloid,keloid,keloid,keloid,exclude,True
GSE181316_GSM5494688_scar_1,GSE181316,scar_1,GPL20301,scrna_pseudobulk,public_keloid,all_barcodes,bulk_tissue,normal_scar,unknown,normal_scar,unknown,none,scar_differential,normal_scar,sample,,development,False,False,scrna_pseudobulk|GSE181316|scar_1,non_keloid,non_keloid,non_keloid,exclude,exclude,non_keloid,exclude,True
GSE181316_GSM5494689_scar_2,GSE181316,scar_2,GPL20301,scrna_pseudobulk,public_keloid,all_barcodes,bulk_tissue,normal_scar,unknown,normal_scar,unknown,none,scar_differential,normal_scar,sample,,development,False,False,scrna_pseudobulk|GSE181316|scar_2,non_keloid,non_keloid,non_keloid,exclude,exclude,non_keloid,exclude,True
GSE181316_GSM5494690_scar_3,GSE181316,scar_3,GPL20301,scrna_pseudobulk,public_keloid,all_barcodes,bulk_tissue,normal_scar,unknown,normal_scar,unknown,none,scar_differential,normal_scar,sample,,development,False,False,scrna_pseudobulk|GSE181316|scar_3,non_keloid,non_keloid,non_keloid,exclude,exclude,non_keloid,exclude,True
